cost_function,level,name,value
building_battery_health_capacity_fade_ratio,building,Building_1,0.0003374529409806681
building_battery_health_equivalent_full_cycles_count,building,Building_1,135.3312235054583
building_battery_total_charge_kwh,building,Building_1,988193.1123265773
building_battery_total_discharge_kwh,building,Building_1,837966.4176560772
building_battery_total_throughput_kwh,building,Building_1,1826159.5299826544
building_comfort_resilience_discomfort_cold_delta_average_c,building,Building_1,0.0
building_comfort_resilience_discomfort_cold_delta_max_c,building,Building_1,0.0
building_comfort_resilience_discomfort_cold_delta_min_c,building,Building_1,0.0
building_comfort_resilience_discomfort_cold_ratio,building,Building_1,nan
building_comfort_resilience_discomfort_hot_delta_average_c,building,Building_1,0.0
building_comfort_resilience_discomfort_hot_delta_max_c,building,Building_1,0.0
building_comfort_resilience_discomfort_hot_delta_min_c,building,Building_1,0.0
building_comfort_resilience_discomfort_hot_ratio,building,Building_1,nan
building_comfort_resilience_discomfort_overall_ratio,building,Building_1,nan
building_comfort_resilience_resilience_one_minus_thermal_ratio,building,Building_1,nan
building_comfort_resilience_resilience_unserved_energy_annual_normalized_ratio,building,Building_1,0.0
building_comfort_resilience_resilience_unserved_energy_outage_normalized_ratio,building,Building_1,nan
building_cost_daily_average_baseline_eur,building,Building_1,5642.173323471204
building_cost_daily_average_control_eur,building,Building_1,5829.333496691418
building_cost_daily_average_delta_eur,building,Building_1,187.16017322021418
building_cost_ratio_to_baseline_total_ratio,building,Building_1,1.033171645479524
building_cost_total_baseline_eur,building,Building_1,2059158.1725118447
building_cost_total_control_eur,building,Building_1,2127463.837396672
building_cost_total_delta_eur,building,Building_1,68305.66488482733
building_electrical_service_phase_imbalance_phase_average_ratio,building,Building_1,0.06877108156288307
building_electrical_service_phase_phase_peaks_export_peak_l1_kw,building,Building_1,1230.2779541015625
building_electrical_service_phase_phase_peaks_export_peak_l2_kw,building,Building_1,1228.37451171875
building_electrical_service_phase_phase_peaks_export_peak_l3_kw,building,Building_1,1230.6168212890625
building_electrical_service_phase_phase_peaks_import_peak_l1_kw,building,Building_1,760.5761108398438
building_electrical_service_phase_phase_peaks_import_peak_l2_kw,building,Building_1,763.0659790039062
building_electrical_service_phase_phase_peaks_import_peak_l3_kw,building,Building_1,762.7697143554688
building_electrical_service_phase_violations_energy_total_kwh,building,Building_1,0.0
building_electrical_service_phase_violations_event_count,building,Building_1,0.0
building_emissions_daily_average_baseline_kgco2,building,Building_1,7890.52002859829
building_emissions_daily_average_control_kgco2,building,Building_1,8408.121726238505
building_emissions_daily_average_delta_kgco2,building,Building_1,517.6016976402165
building_emissions_ratio_to_baseline_total_ratio,building,Building_1,1.0655979194988705
building_emissions_total_baseline_kgco2,building,Building_1,2879711.0387705173
building_emissions_total_control_kgco2,building,Building_1,3068614.0916717947
building_emissions_total_delta_kgco2,building,Building_1,188903.05290127732
building_energy_grid_daily_average_export_baseline_kwh,building,Building_1,4815.878703166367
building_energy_grid_daily_average_export_control_kwh,building,Building_1,5072.819572398756
building_energy_grid_daily_average_export_delta_kwh,building,Building_1,256.94086923238854
building_energy_grid_daily_average_import_baseline_kwh,building,Building_1,10241.949951610442
building_energy_grid_daily_average_import_control_kwh,building,Building_1,10908.519046816928
building_energy_grid_daily_average_import_delta_kwh,building,Building_1,666.5690952064866
building_energy_grid_daily_average_net_exchange_baseline_kwh,building,Building_1,5426.071248444075
building_energy_grid_daily_average_net_exchange_control_kwh,building,Building_1,5835.699474418173
building_energy_grid_daily_average_net_exchange_delta_kwh,building,Building_1,409.6282259740981
building_energy_grid_ratio_to_baseline_export_total_ratio,building,Building_1,1.0533528531487835
building_energy_grid_ratio_to_baseline_import_total_ratio,building,Building_1,1.0650822449197455
building_energy_grid_ratio_to_baseline_net_exchange_total_ratio,building,Building_1,1.0754925999343556
building_energy_grid_total_export_baseline_kwh,building,Building_1,1757595.0650430918
building_energy_grid_total_export_control_kwh,building,Building_1,1851367.7764433622
building_energy_grid_total_export_delta_kwh,building,Building_1,93772.71140027046
building_energy_grid_total_import_baseline_kwh,building,Building_1,3737884.9844231606
building_energy_grid_total_import_control_kwh,building,Building_1,3981154.930461228
building_energy_grid_total_import_delta_kwh,building,Building_1,243269.94603806734
building_energy_grid_total_net_exchange_baseline_kwh,building,Building_1,1980289.9193800688
building_energy_grid_total_net_exchange_control_kwh,building,Building_1,2129787.1540178657
building_energy_grid_total_net_exchange_delta_kwh,building,Building_1,149497.23463779688
building_equity_benefit_relative_percent,building,Building_1,-3.317164547952395
building_ev_events_departure_count,building,Building_1,924.0
building_ev_events_departure_met_count,building,Building_1,113.0
building_ev_events_departure_within_tolerance_count,building,Building_1,41.0
building_ev_performance_departure_soc_deficit_mean_ratio,building,Building_1,0.4628885243795601
building_ev_performance_departure_success_ratio,building,Building_1,0.12229437229437229
building_ev_performance_departure_within_tolerance_ratio,building,Building_1,0.044372294372294376
building_ev_total_charge_kwh,building,Building_1,3333.2874842938036
building_ev_total_v2g_export_kwh,building,Building_1,4062.746806772542
building_solar_self_consumption_daily_average_export_kwh,building,Building_1,4825.666863129384
building_solar_self_consumption_daily_average_generation_kwh,building,Building_1,9449.55587890279
building_solar_self_consumption_ratio_self_consumption_ratio,building,Building_1,0.4893234216537905
building_solar_self_consumption_total_export_kwh,building,Building_1,1761167.335589595
building_solar_self_consumption_total_generation_kwh,building,Building_1,3448694.1643045633
building_battery_health_capacity_fade_ratio,building,Building_10,0.00045057280212518896
building_battery_health_equivalent_full_cycles_count,building,Building_10,172.19368040211768
building_battery_total_charge_kwh,building,Building_10,436845.2778312415
building_battery_total_discharge_kwh,building,Building_10,373498.1821411243
building_battery_total_throughput_kwh,building,Building_10,810343.4599723658
building_comfort_resilience_discomfort_cold_delta_average_c,building,Building_10,0.0
building_comfort_resilience_discomfort_cold_delta_max_c,building,Building_10,0.0
building_comfort_resilience_discomfort_cold_delta_min_c,building,Building_10,0.0
building_comfort_resilience_discomfort_cold_ratio,building,Building_10,nan
building_comfort_resilience_discomfort_hot_delta_average_c,building,Building_10,0.0
building_comfort_resilience_discomfort_hot_delta_max_c,building,Building_10,0.0
building_comfort_resilience_discomfort_hot_delta_min_c,building,Building_10,0.0
building_comfort_resilience_discomfort_hot_ratio,building,Building_10,nan
building_comfort_resilience_discomfort_overall_ratio,building,Building_10,nan
building_comfort_resilience_resilience_one_minus_thermal_ratio,building,Building_10,nan
building_comfort_resilience_resilience_unserved_energy_annual_normalized_ratio,building,Building_10,0.0
building_comfort_resilience_resilience_unserved_energy_outage_normalized_ratio,building,Building_10,nan
building_cost_daily_average_baseline_eur,building,Building_10,917.3967508757278
building_cost_daily_average_control_eur,building,Building_10,984.7354446418103
building_cost_daily_average_delta_eur,building,Building_10,67.33869376608256
building_cost_ratio_to_baseline_total_ratio,building,Building_10,1.0734019318269903
building_cost_total_baseline_eur,building,Building_10,334811.5892050208
building_cost_total_control_eur,building,Building_10,359387.406650734
building_cost_total_delta_eur,building,Building_10,24575.81744571321
building_electrical_service_phase_imbalance_phase_average_ratio,building,Building_10,0.1709907062699644
building_electrical_service_phase_phase_peaks_export_peak_l1_kw,building,Building_10,1162.42724609375
building_electrical_service_phase_phase_peaks_export_peak_l2_kw,building,Building_10,1161.948486328125
building_electrical_service_phase_phase_peaks_export_peak_l3_kw,building,Building_10,1168.2623291015625
building_electrical_service_phase_phase_peaks_import_peak_l1_kw,building,Building_10,311.6947937011719
building_electrical_service_phase_phase_peaks_import_peak_l2_kw,building,Building_10,310.78021240234375
building_electrical_service_phase_phase_peaks_import_peak_l3_kw,building,Building_10,311.2884826660156
building_electrical_service_phase_violations_energy_total_kwh,building,Building_10,0.0
building_electrical_service_phase_violations_event_count,building,Building_10,0.0
building_emissions_daily_average_baseline_kgco2,building,Building_10,1235.0293161667207
building_emissions_daily_average_control_kgco2,building,Building_10,1677.7412276550106
building_emissions_daily_average_delta_kgco2,building,Building_10,442.71191148828996
building_emissions_ratio_to_baseline_total_ratio,building,Building_10,1.3584626742807835
building_emissions_total_baseline_kgco2,building,Building_10,450734.2408460127
building_emissions_total_control_kgco2,building,Building_10,612305.6422095932
building_emissions_total_delta_kgco2,building,Building_10,161571.4013635805
building_energy_grid_daily_average_export_baseline_kwh,building,Building_10,8096.275814811149
building_energy_grid_daily_average_export_control_kwh,building,Building_10,8469.673436594385
building_energy_grid_daily_average_export_delta_kwh,building,Building_10,373.39762178323684
building_energy_grid_daily_average_import_baseline_kwh,building,Building_10,1640.778343031594
building_energy_grid_daily_average_import_control_kwh,building,Building_10,2205.8232480111305
building_energy_grid_daily_average_import_delta_kwh,building,Building_10,565.0449049795365
building_energy_grid_daily_average_net_exchange_baseline_kwh,building,Building_10,-6455.497471779555
building_energy_grid_daily_average_net_exchange_control_kwh,building,Building_10,-6263.850188583255
building_energy_grid_daily_average_net_exchange_delta_kwh,building,Building_10,191.64728319629958
building_energy_grid_ratio_to_baseline_export_total_ratio,building,Building_10,1.0461196765431522
building_energy_grid_ratio_to_baseline_import_total_ratio,building,Building_10,1.344376135496479
building_energy_grid_ratio_to_baseline_net_exchange_total_ratio,building,Building_10,0.9703125461617648
building_energy_grid_total_export_baseline_kwh,building,Building_10,2954803.327580452
building_energy_grid_total_export_control_kwh,building,Building_10,3091077.9012970924
building_energy_grid_total_export_delta_kwh,building,Building_10,136274.57371664047
building_energy_grid_total_import_baseline_kwh,building,Building_10,598815.7294422388
building_energy_grid_total_import_control_kwh,building,Building_10,805033.5762220621
building_energy_grid_total_import_delta_kwh,building,Building_10,206217.8467798233
building_energy_grid_total_net_exchange_baseline_kwh,building,Building_10,-2355987.598138213
building_energy_grid_total_net_exchange_control_kwh,building,Building_10,-2286044.3250750303
building_energy_grid_total_net_exchange_delta_kwh,building,Building_10,69943.27306318283
building_equity_benefit_relative_percent,building,Building_10,-7.340193182699028
building_ev_events_departure_count,building,Building_10,1298.0
building_ev_events_departure_met_count,building,Building_10,244.0
building_ev_events_departure_within_tolerance_count,building,Building_10,50.0
building_ev_performance_departure_soc_deficit_mean_ratio,building,Building_10,0.35428593017555404
building_ev_performance_departure_success_ratio,building,Building_10,0.18798151001540833
building_ev_performance_departure_within_tolerance_ratio,building,Building_10,0.03852080123266564
building_ev_total_charge_kwh,building,Building_10,11388.509143862873
building_ev_total_v2g_export_kwh,building,Building_10,4792.331977876136
building_solar_self_consumption_daily_average_export_kwh,building,Building_10,7966.550477674068
building_solar_self_consumption_daily_average_generation_kwh,building,Building_10,9646.279287943597
building_solar_self_consumption_ratio_self_consumption_ratio,building,Building_10,0.17413230118362202
building_solar_self_consumption_total_export_kwh,building,Building_10,2907458.984747798
building_solar_self_consumption_total_generation_kwh,building,Building_10,3520490.0117957485
building_battery_health_capacity_fade_ratio,building,Building_11,0.0005094949580429728
building_battery_health_equivalent_full_cycles_count,building,Building_11,198.02007533748176
building_battery_total_charge_kwh,building,Building_11,409101.48693704605
building_battery_total_discharge_kwh,building,Building_11,343770.83949605963
building_battery_total_throughput_kwh,building,Building_11,752872.3264331056
building_comfort_resilience_discomfort_cold_delta_average_c,building,Building_11,0.0
building_comfort_resilience_discomfort_cold_delta_max_c,building,Building_11,0.0
building_comfort_resilience_discomfort_cold_delta_min_c,building,Building_11,0.0
building_comfort_resilience_discomfort_cold_ratio,building,Building_11,nan
building_comfort_resilience_discomfort_hot_delta_average_c,building,Building_11,0.0
building_comfort_resilience_discomfort_hot_delta_max_c,building,Building_11,0.0
building_comfort_resilience_discomfort_hot_delta_min_c,building,Building_11,0.0
building_comfort_resilience_discomfort_hot_ratio,building,Building_11,nan
building_comfort_resilience_discomfort_overall_ratio,building,Building_11,nan
building_comfort_resilience_resilience_one_minus_thermal_ratio,building,Building_11,nan
building_comfort_resilience_resilience_unserved_energy_annual_normalized_ratio,building,Building_11,0.0
building_comfort_resilience_resilience_unserved_energy_outage_normalized_ratio,building,Building_11,nan
building_cost_daily_average_baseline_eur,building,Building_11,351.779082807282
building_cost_daily_average_control_eur,building,Building_11,367.01442384053803
building_cost_daily_average_delta_eur,building,Building_11,15.235341033255983
building_cost_ratio_to_baseline_total_ratio,building,Building_11,1.0433094000691407
building_cost_total_baseline_eur,building,Building_11,128384.7077628743
building_cost_total_control_eur,building,Building_11,133944.97243413635
building_cost_total_delta_eur,building,Building_11,5560.264671262048
building_electrical_service_phase_imbalance_phase_average_ratio,building,Building_11,0.12201945957452434
building_electrical_service_phase_phase_peaks_export_peak_l1_kw,building,Building_11,4307.3994140625
building_electrical_service_phase_phase_peaks_export_peak_l2_kw,building,Building_11,4304.82470703125
building_electrical_service_phase_phase_peaks_export_peak_l3_kw,building,Building_11,4306.22314453125
building_electrical_service_phase_phase_peaks_import_peak_l1_kw,building,Building_11,185.83619689941406
building_electrical_service_phase_phase_peaks_import_peak_l2_kw,building,Building_11,185.73193359375
building_electrical_service_phase_phase_peaks_import_peak_l3_kw,building,Building_11,188.36509704589844
building_electrical_service_phase_violations_energy_total_kwh,building,Building_11,0.0
building_electrical_service_phase_violations_event_count,building,Building_11,0.0
building_emissions_daily_average_baseline_kgco2,building,Building_11,1026.7783954533752
building_emissions_daily_average_control_kgco2,building,Building_11,1352.7958495602215
building_emissions_daily_average_delta_kgco2,building,Building_11,326.01745410684623
building_emissions_ratio_to_baseline_total_ratio,building,Building_11,1.3175149141727829
building_emissions_total_baseline_kgco2,building,Building_11,374731.33190733806
building_emissions_total_control_kgco2,building,Building_11,493714.11859574914
building_emissions_total_delta_kgco2,building,Building_11,118982.78668841108
building_energy_grid_daily_average_export_baseline_kwh,building,Building_11,28106.836204252257
building_energy_grid_daily_average_export_control_kwh,building,Building_11,28339.10541875815
building_energy_grid_daily_average_export_delta_kwh,building,Building_11,232.2692145058956
building_energy_grid_daily_average_import_baseline_kwh,building,Building_11,1329.9344114357375
building_energy_grid_daily_average_import_control_kwh,building,Building_11,1748.2101987167396
building_energy_grid_daily_average_import_delta_kwh,building,Building_11,418.275787281002
building_energy_grid_daily_average_net_exchange_baseline_kwh,building,Building_11,-26776.90179281652
building_energy_grid_daily_average_net_exchange_control_kwh,building,Building_11,-26590.895220041413
building_energy_grid_daily_average_net_exchange_delta_kwh,building,Building_11,186.00657277510638
building_energy_grid_ratio_to_baseline_export_total_ratio,building,Building_11,1.0082637979179867
building_energy_grid_ratio_to_baseline_import_total_ratio,building,Building_11,1.3145085830431669
building_energy_grid_ratio_to_baseline_net_exchange_total_ratio,building,Building_11,0.9930534692096079
building_energy_grid_total_export_baseline_kwh,building,Building_11,10257824.096376896
building_energy_grid_total_export_control_kwh,building,Building_11,10342592.68178761
building_energy_grid_total_export_delta_kwh,building,Building_11,84768.58541071415
building_energy_grid_total_import_baseline_kwh,building,Building_11,485370.6462402344
building_energy_grid_total_import_control_kwh,building,Building_11,638023.8804399967
building_energy_grid_total_import_delta_kwh,building,Building_11,152653.23419976234
building_energy_grid_total_net_exchange_baseline_kwh,building,Building_11,-9772453.450136662
building_energy_grid_total_net_exchange_control_kwh,building,Building_11,-9704568.801347613
building_energy_grid_total_net_exchange_delta_kwh,building,Building_11,67884.6487890482
building_equity_benefit_relative_percent,building,Building_11,-4.330940006914079
building_ev_events_departure_count,building,Building_11,983.0
building_ev_events_departure_met_count,building,Building_11,140.0
building_ev_events_departure_within_tolerance_count,building,Building_11,59.0
building_ev_performance_departure_soc_deficit_mean_ratio,building,Building_11,0.37384407272274567
building_ev_performance_departure_success_ratio,building,Building_11,0.14242115971515767
building_ev_performance_departure_within_tolerance_ratio,building,Building_11,0.06002034587995931
building_ev_total_charge_kwh,building,Building_11,4771.719155751169
building_ev_total_v2g_export_kwh,building,Building_11,2217.7204691793304
building_solar_self_consumption_daily_average_export_kwh,building,Building_11,27976.96324493655
building_solar_self_consumption_daily_average_generation_kwh,building,Building_11,28848.054152112843
building_solar_self_consumption_ratio_self_consumption_ratio,building,Building_11,0.03019582889657382
building_solar_self_consumption_total_export_kwh,building,Building_11,10210425.877599968
building_solar_self_consumption_total_generation_kwh,building,Building_11,10528337.76326485
building_battery_health_capacity_fade_ratio,building,Building_12,0.0005167886962650041
building_battery_health_equivalent_full_cycles_count,building,Building_12,201.47910201619135
building_battery_total_charge_kwh,building,Building_12,945058.5376746431
building_battery_total_discharge_kwh,building,Building_12,806197.8170500922
building_battery_total_throughput_kwh,building,Building_12,1751256.3547247353
building_comfort_resilience_discomfort_cold_delta_average_c,building,Building_12,0.0
building_comfort_resilience_discomfort_cold_delta_max_c,building,Building_12,0.0
building_comfort_resilience_discomfort_cold_delta_min_c,building,Building_12,0.0
building_comfort_resilience_discomfort_cold_ratio,building,Building_12,nan
building_comfort_resilience_discomfort_hot_delta_average_c,building,Building_12,0.0
building_comfort_resilience_discomfort_hot_delta_max_c,building,Building_12,0.0
building_comfort_resilience_discomfort_hot_delta_min_c,building,Building_12,0.0
building_comfort_resilience_discomfort_hot_ratio,building,Building_12,nan
building_comfort_resilience_discomfort_overall_ratio,building,Building_12,nan
building_comfort_resilience_resilience_one_minus_thermal_ratio,building,Building_12,nan
building_comfort_resilience_resilience_unserved_energy_annual_normalized_ratio,building,Building_12,0.0
building_comfort_resilience_resilience_unserved_energy_outage_normalized_ratio,building,Building_12,nan
building_cost_daily_average_baseline_eur,building,Building_12,1942.645730360804
building_cost_daily_average_control_eur,building,Building_12,2087.720503175501
building_cost_daily_average_delta_eur,building,Building_12,145.07477281469704
building_cost_ratio_to_baseline_total_ratio,building,Building_12,1.074678965159413
building_cost_total_baseline_eur,building,Building_12,708984.7480095951
building_cost_total_control_eur,building,Building_12,761930.9953047589
building_cost_total_delta_eur,building,Building_12,52946.247295163805
building_electrical_service_phase_imbalance_phase_average_ratio,building,Building_12,0.06849187473099407
building_electrical_service_phase_phase_peaks_export_peak_l1_kw,building,Building_12,1311.8785400390625
building_electrical_service_phase_phase_peaks_export_peak_l2_kw,building,Building_12,1312.279541015625
building_electrical_service_phase_phase_peaks_export_peak_l3_kw,building,Building_12,1315.8619384765625
building_electrical_service_phase_phase_peaks_import_peak_l1_kw,building,Building_12,429.58599853515625
building_electrical_service_phase_phase_peaks_import_peak_l2_kw,building,Building_12,430.6218566894531
building_electrical_service_phase_phase_peaks_import_peak_l3_kw,building,Building_12,428.7695007324219
building_electrical_service_phase_violations_energy_total_kwh,building,Building_12,0.0
building_electrical_service_phase_violations_event_count,building,Building_12,0.0
building_emissions_daily_average_baseline_kgco2,building,Building_12,2838.213180243802
building_emissions_daily_average_control_kgco2,building,Building_12,3473.064076794461
building_emissions_daily_average_delta_kgco2,building,Building_12,634.8508965506591
building_emissions_ratio_to_baseline_total_ratio,building,Building_12,1.2236797788727503
building_emissions_total_baseline_kgco2,building,Building_12,1035829.5519064775
building_emissions_total_control_kgco2,building,Building_12,1267523.6770267785
building_emissions_total_delta_kgco2,building,Building_12,231694.12512030092
building_energy_grid_daily_average_export_baseline_kwh,building,Building_12,10238.853847285469
building_energy_grid_daily_average_export_control_kwh,building,Building_12,10674.559656740937
building_energy_grid_daily_average_export_delta_kwh,building,Building_12,435.70580945546834
building_energy_grid_daily_average_import_baseline_kwh,building,Building_12,3681.320624992474
building_energy_grid_daily_average_import_control_kwh,building,Building_12,4501.307324434636
building_energy_grid_daily_average_import_delta_kwh,building,Building_12,819.9866994421618
building_energy_grid_daily_average_net_exchange_baseline_kwh,building,Building_12,-6557.533222292994
building_energy_grid_daily_average_net_exchange_control_kwh,building,Building_12,-6173.252332306301
building_energy_grid_daily_average_net_exchange_delta_kwh,building,Building_12,384.28088998669347
building_energy_grid_ratio_to_baseline_export_total_ratio,building,Building_12,1.042554158498022
building_energy_grid_ratio_to_baseline_import_total_ratio,building,Building_12,1.2227425380650832
building_energy_grid_ratio_to_baseline_net_exchange_total_ratio,building,Building_12,0.9413985599523473
building_energy_grid_total_export_baseline_kwh,building,Building_12,3736755.035348892
building_energy_grid_total_export_control_kwh,building,Building_12,3895769.501391411
building_energy_grid_total_export_delta_kwh,building,Building_12,159014.46604251862
building_energy_grid_total_import_baseline_kwh,building,Building_12,1343528.6397628784
building_energy_grid_total_import_control_kwh,building,Building_12,1642789.6189467907
building_energy_grid_total_import_delta_kwh,building,Building_12,299260.9791839123
building_energy_grid_total_net_exchange_baseline_kwh,building,Building_12,-2393226.395586014
building_energy_grid_total_net_exchange_control_kwh,building,Building_12,-2252979.88244462
building_energy_grid_total_net_exchange_delta_kwh,building,Building_12,140246.51314139366
building_equity_benefit_relative_percent,building,Building_12,-7.467896515941307
building_ev_events_departure_count,building,Building_12,960.0
building_ev_events_departure_met_count,building,Building_12,269.0
building_ev_events_departure_within_tolerance_count,building,Building_12,68.0
building_ev_performance_departure_soc_deficit_mean_ratio,building,Building_12,0.32121266326168707
building_ev_performance_departure_success_ratio,building,Building_12,0.28020833333333334
building_ev_performance_departure_within_tolerance_ratio,building,Building_12,0.07083333333333333
building_ev_total_charge_kwh,building,Building_12,4073.4267596993595
building_ev_total_v2g_export_kwh,building,Building_12,2687.6342067634796
building_solar_self_consumption_daily_average_export_kwh,building,Building_12,9950.49731867585
building_solar_self_consumption_daily_average_generation_kwh,building,Building_12,12146.926126218608
building_solar_self_consumption_ratio_self_consumption_ratio,building,Building_12,0.18082178031871468
building_solar_self_consumption_total_export_kwh,building,Building_12,3631516.9172617407
building_solar_self_consumption_total_generation_kwh,building,Building_12,4433121.914147866
building_battery_health_capacity_fade_ratio,building,Building_13,0.00028500317144875
building_battery_health_equivalent_full_cycles_count,building,Building_13,113.43335831998827
building_battery_total_charge_kwh,building,Building_13,33217.26043666899
building_battery_total_discharge_kwh,building,Building_13,28490.486489404626
building_battery_total_throughput_kwh,building,Building_13,61707.74692607362
building_comfort_resilience_discomfort_cold_delta_average_c,building,Building_13,0.0
building_comfort_resilience_discomfort_cold_delta_max_c,building,Building_13,0.0
building_comfort_resilience_discomfort_cold_delta_min_c,building,Building_13,0.0
building_comfort_resilience_discomfort_cold_ratio,building,Building_13,nan
building_comfort_resilience_discomfort_hot_delta_average_c,building,Building_13,0.0
building_comfort_resilience_discomfort_hot_delta_max_c,building,Building_13,0.0
building_comfort_resilience_discomfort_hot_delta_min_c,building,Building_13,0.0
building_comfort_resilience_discomfort_hot_ratio,building,Building_13,nan
building_comfort_resilience_discomfort_overall_ratio,building,Building_13,nan
building_comfort_resilience_resilience_one_minus_thermal_ratio,building,Building_13,nan
building_comfort_resilience_resilience_unserved_energy_annual_normalized_ratio,building,Building_13,0.0
building_comfort_resilience_resilience_unserved_energy_outage_normalized_ratio,building,Building_13,nan
building_cost_daily_average_baseline_eur,building,Building_13,25.016566433970763
building_cost_daily_average_control_eur,building,Building_13,26.128617717563337
building_cost_daily_average_delta_eur,building,Building_13,1.1120512835925733
building_cost_ratio_to_baseline_total_ratio,building,Building_13,1.0444525945048353
building_cost_total_baseline_eur,building,Building_13,9130.00439146458
building_cost_total_control_eur,building,Building_13,9535.856774505719
building_cost_total_delta_eur,building,Building_13,405.85238304113955
building_electrical_service_phase_imbalance_phase_average_ratio,building,Building_13,0.49088163424483294
building_electrical_service_phase_phase_peaks_export_peak_l1_kw,building,Building_13,323.19927978515625
building_electrical_service_phase_phase_peaks_export_peak_l2_kw,building,Building_13,325.23663330078125
building_electrical_service_phase_phase_peaks_export_peak_l3_kw,building,Building_13,323.53875732421875
building_electrical_service_phase_phase_peaks_import_peak_l1_kw,building,Building_13,30.99749183654785
building_electrical_service_phase_phase_peaks_import_peak_l2_kw,building,Building_13,32.32218551635742
building_electrical_service_phase_phase_peaks_import_peak_l3_kw,building,Building_13,28.73028564453125
building_electrical_service_phase_violations_energy_total_kwh,building,Building_13,0.0
building_electrical_service_phase_violations_event_count,building,Building_13,0.0
building_emissions_daily_average_baseline_kgco2,building,Building_13,57.15656483020302
building_emissions_daily_average_control_kgco2,building,Building_13,98.40953152858816
building_emissions_daily_average_delta_kgco2,building,Building_13,41.25296669838514
building_emissions_ratio_to_baseline_total_ratio,building,Building_13,1.7217537796565758
building_emissions_total_baseline_kgco2,building,Building_13,20859.76463948951
building_emissions_total_control_kgco2,building,Building_13,35915.37861078765
building_emissions_total_delta_kgco2,building,Building_13,15055.613971298142
building_energy_grid_daily_average_export_baseline_kwh,building,Building_13,1760.6406725778852
building_energy_grid_daily_average_export_control_kwh,building,Building_13,1795.8818968695136
building_energy_grid_daily_average_export_delta_kwh,building,Building_13,35.24122429162839
building_energy_grid_daily_average_import_baseline_kwh,building,Building_13,75.95814972724295
building_energy_grid_daily_average_import_control_kwh,building,Building_13,129.09598576335762
building_energy_grid_daily_average_import_delta_kwh,building,Building_13,53.13783603611466
building_energy_grid_daily_average_net_exchange_baseline_kwh,building,Building_13,-1684.6825228506423
building_energy_grid_daily_average_net_exchange_control_kwh,building,Building_13,-1666.785911106156
building_energy_grid_daily_average_net_exchange_delta_kwh,building,Building_13,17.896611744486275
building_energy_grid_ratio_to_baseline_export_total_ratio,building,Building_13,1.0200161366487286
building_energy_grid_ratio_to_baseline_import_total_ratio,building,Building_13,1.699567277861909
building_energy_grid_ratio_to_baseline_net_exchange_total_ratio,building,Building_13,0.9893768638887501
building_energy_grid_total_export_baseline_kwh,building,Building_13,642560.485462904
building_energy_grid_total_export_control_kwh,building,Building_13,655422.0639450029
building_energy_grid_total_export_delta_kwh,building,Building_13,12861.578482098877
building_energy_grid_total_import_baseline_kwh,building,Building_13,27721.559727538377
building_energy_grid_total_import_control_kwh,building,Building_13,47114.655804218724
building_energy_grid_total_import_delta_kwh,building,Building_13,19393.096076680347
building_energy_grid_total_net_exchange_baseline_kwh,building,Building_13,-614838.9257353656
building_energy_grid_total_net_exchange_control_kwh,building,Building_13,-608307.4081407841
building_energy_grid_total_net_exchange_delta_kwh,building,Building_13,6531.51759458147
building_equity_benefit_relative_percent,building,Building_13,-4.445259450483519
building_ev_events_departure_count,building,Building_13,2018.0
building_ev_events_departure_met_count,building,Building_13,362.0
building_ev_events_departure_within_tolerance_count,building,Building_13,117.0
building_ev_performance_departure_soc_deficit_mean_ratio,building,Building_13,0.35701436013117865
building_ev_performance_departure_success_ratio,building,Building_13,0.17938553022794845
building_ev_performance_departure_within_tolerance_ratio,building,Building_13,0.05797819623389495
building_ev_total_charge_kwh,building,Building_13,3230.8131303712726
building_ev_total_v2g_export_kwh,building,Building_13,1426.0699365722248
building_solar_self_consumption_daily_average_export_kwh,building,Building_13,1745.5700294634958
building_solar_self_consumption_daily_average_generation_kwh,building,Building_13,1837.2319980816062
building_solar_self_consumption_ratio_self_consumption_ratio,building,Building_13,0.049891341275256254
building_solar_self_consumption_total_export_kwh,building,Building_13,637060.328669615
building_solar_self_consumption_total_generation_kwh,building,Building_13,670513.1279665328
building_battery_health_capacity_fade_ratio,building,Building_14,0.0002977254851568698
building_battery_health_equivalent_full_cycles_count,building,Building_14,128.44140018230672
building_battery_total_charge_kwh,building,Building_14,31879.88919007778
building_battery_total_discharge_kwh,building,Building_14,26946.2720934187
building_battery_total_throughput_kwh,building,Building_14,58826.161283496476
building_comfort_resilience_discomfort_cold_delta_average_c,building,Building_14,0.0
building_comfort_resilience_discomfort_cold_delta_max_c,building,Building_14,0.0
building_comfort_resilience_discomfort_cold_delta_min_c,building,Building_14,0.0
building_comfort_resilience_discomfort_cold_ratio,building,Building_14,nan
building_comfort_resilience_discomfort_hot_delta_average_c,building,Building_14,0.0
building_comfort_resilience_discomfort_hot_delta_max_c,building,Building_14,0.0
building_comfort_resilience_discomfort_hot_delta_min_c,building,Building_14,0.0
building_comfort_resilience_discomfort_hot_ratio,building,Building_14,nan
building_comfort_resilience_discomfort_overall_ratio,building,Building_14,nan
building_comfort_resilience_resilience_one_minus_thermal_ratio,building,Building_14,nan
building_comfort_resilience_resilience_unserved_energy_annual_normalized_ratio,building,Building_14,0.0
building_comfort_resilience_resilience_unserved_energy_outage_normalized_ratio,building,Building_14,nan
building_cost_daily_average_baseline_eur,building,Building_14,-143.0043144476092
building_cost_daily_average_control_eur,building,Building_14,-167.54655228478418
building_cost_daily_average_delta_eur,building,Building_14,-24.542237837174977
building_cost_ratio_to_baseline_total_ratio,building,Building_14,1.171618862913162
building_cost_total_baseline_eur,building,Building_14,-52190.616260275376
building_cost_total_control_eur,building,Building_14,-61147.51047760103
building_cost_total_delta_eur,building,Building_14,-8956.894217325651
building_electrical_service_phase_imbalance_phase_average_ratio,building,Building_14,0.6466419442536198
building_electrical_service_phase_phase_peaks_export_peak_l1_kw,building,Building_14,1085.82763671875
building_electrical_service_phase_phase_peaks_export_peak_l2_kw,building,Building_14,1081.189697265625
building_electrical_service_phase_phase_peaks_export_peak_l3_kw,building,Building_14,1083.4312744140625
building_electrical_service_phase_phase_peaks_import_peak_l1_kw,building,Building_14,19.306049346923828
building_electrical_service_phase_phase_peaks_import_peak_l2_kw,building,Building_14,17.718017578125
building_electrical_service_phase_phase_peaks_import_peak_l3_kw,building,Building_14,20.44257164001465
building_electrical_service_phase_violations_energy_total_kwh,building,Building_14,0.0
building_electrical_service_phase_violations_event_count,building,Building_14,0.0
building_emissions_daily_average_baseline_kgco2,building,Building_14,49.43051684979766
building_emissions_daily_average_control_kgco2,building,Building_14,88.44444474857461
building_emissions_daily_average_delta_kgco2,building,Building_14,39.01392789877694
building_emissions_ratio_to_baseline_total_ratio,building,Building_14,1.7892680551434825
building_emissions_total_baseline_kgco2,building,Building_14,18040.079045307404
building_emissions_total_control_kgco2,building,Building_14,32278.53714803187
building_emissions_total_delta_kgco2,building,Building_14,14238.458102724468
building_energy_grid_daily_average_export_baseline_kwh,building,Building_14,11845.437079988722
building_energy_grid_daily_average_export_control_kwh,building,Building_14,11881.631556947423
building_energy_grid_daily_average_export_delta_kwh,building,Building_14,36.19447695870067
building_energy_grid_daily_average_import_baseline_kwh,building,Building_14,64.36027269927399
building_energy_grid_daily_average_import_control_kwh,building,Building_14,114.33847144894274
building_energy_grid_daily_average_import_delta_kwh,building,Building_14,49.978198749668756
building_energy_grid_daily_average_net_exchange_baseline_kwh,building,Building_14,-11781.076807289448
building_energy_grid_daily_average_net_exchange_control_kwh,building,Building_14,-11767.29308549848
building_energy_grid_daily_average_net_exchange_delta_kwh,building,Building_14,13.783721790968086
building_energy_grid_ratio_to_baseline_export_total_ratio,building,Building_14,1.0030555628056854
building_energy_grid_ratio_to_baseline_import_total_ratio,building,Building_14,1.776538020328067
building_energy_grid_ratio_to_baseline_net_exchange_total_ratio,building,Building_14,0.998830011719944
building_energy_grid_total_export_baseline_kwh,building,Building_14,4323090.974317551
building_energy_grid_total_export_control_kwh,building,Building_14,4336300.45030427
building_energy_grid_total_export_delta_kwh,building,Building_14,13209.475986719131
building_energy_grid_total_import_baseline_kwh,building,Building_14,23488.817857205868
building_energy_grid_total_import_control_kwh,building,Building_14,41728.77797588706
building_energy_grid_total_import_delta_kwh,building,Building_14,18239.960118681192
building_energy_grid_total_net_exchange_baseline_kwh,building,Building_14,-4299602.156460345
building_energy_grid_total_net_exchange_control_kwh,building,Building_14,-4294571.672328383
building_energy_grid_total_net_exchange_delta_kwh,building,Building_14,5030.484131962061
building_equity_benefit_relative_percent,building,Building_14,nan
building_ev_events_departure_count,building,Building_14,1192.0
building_ev_events_departure_met_count,building,Building_14,81.0
building_ev_events_departure_within_tolerance_count,building,Building_14,49.0
building_ev_performance_departure_soc_deficit_mean_ratio,building,Building_14,0.45794707909834853
building_ev_performance_departure_success_ratio,building,Building_14,0.06795302013422819
building_ev_performance_departure_within_tolerance_ratio,building,Building_14,0.041107382550335574
building_ev_total_charge_kwh,building,Building_14,5240.454999586567
building_ev_total_v2g_export_kwh,building,Building_14,5143.585714590736
building_solar_self_consumption_daily_average_export_kwh,building,Building_14,11829.172200616873
building_solar_self_consumption_daily_average_generation_kwh,building,Building_14,11876.495206871134
building_solar_self_consumption_ratio_self_consumption_ratio,building,Building_14,0.0039845935547451064
building_solar_self_consumption_total_export_kwh,building,Building_14,4317154.971050133
building_solar_self_consumption_total_generation_kwh,building,Building_14,4334425.896541011
building_battery_health_capacity_fade_ratio,building,Building_15,0.0004065583285348566
building_battery_health_equivalent_full_cycles_count,building,Building_15,176.30908966884024
building_battery_total_charge_kwh,building,Building_15,96205.28011602184
building_battery_total_discharge_kwh,building,Building_15,80103.80955281842
building_battery_total_throughput_kwh,building,Building_15,176309.08966884026
building_comfort_resilience_discomfort_cold_delta_average_c,building,Building_15,0.0
building_comfort_resilience_discomfort_cold_delta_max_c,building,Building_15,0.0
building_comfort_resilience_discomfort_cold_delta_min_c,building,Building_15,0.0
building_comfort_resilience_discomfort_cold_ratio,building,Building_15,nan
building_comfort_resilience_discomfort_hot_delta_average_c,building,Building_15,0.0
building_comfort_resilience_discomfort_hot_delta_max_c,building,Building_15,0.0
building_comfort_resilience_discomfort_hot_delta_min_c,building,Building_15,0.0
building_comfort_resilience_discomfort_hot_ratio,building,Building_15,nan
building_comfort_resilience_discomfort_overall_ratio,building,Building_15,nan
building_comfort_resilience_resilience_one_minus_thermal_ratio,building,Building_15,nan
building_comfort_resilience_resilience_unserved_energy_annual_normalized_ratio,building,Building_15,0.0
building_comfort_resilience_resilience_unserved_energy_outage_normalized_ratio,building,Building_15,nan
building_cost_daily_average_baseline_eur,building,Building_15,51.26324521887176
building_cost_daily_average_control_eur,building,Building_15,50.605042729539626
building_cost_daily_average_delta_eur,building,Building_15,-0.6582024893321344
building_cost_ratio_to_baseline_total_ratio,building,Building_15,0.9871603429216801
building_cost_total_baseline_eur,building,Building_15,18708.948536337404
building_cost_total_control_eur,building,Building_15,18468.732052834897
building_cost_total_delta_eur,building,Building_15,-240.2164835025069
building_electrical_service_phase_imbalance_phase_average_ratio,building,Building_15,0.33259254903846475
building_electrical_service_phase_phase_peaks_export_peak_l1_kw,building,Building_15,1066.76611328125
building_electrical_service_phase_phase_peaks_export_peak_l2_kw,building,Building_15,1068.8753662109375
building_electrical_service_phase_phase_peaks_export_peak_l3_kw,building,Building_15,1066.43701171875
building_electrical_service_phase_phase_peaks_import_peak_l1_kw,building,Building_15,50.74221420288086
building_electrical_service_phase_phase_peaks_import_peak_l2_kw,building,Building_15,53.00764846801758
building_electrical_service_phase_phase_peaks_import_peak_l3_kw,building,Building_15,50.238197326660156
building_electrical_service_phase_violations_energy_total_kwh,building,Building_15,0.0
building_electrical_service_phase_violations_event_count,building,Building_15,0.0
building_emissions_daily_average_baseline_kgco2,building,Building_15,188.6769787628925
building_emissions_daily_average_control_kgco2,building,Building_15,281.2628725480647
building_emissions_daily_average_delta_kgco2,building,Building_15,92.58589378517219
building_emissions_ratio_to_baseline_total_ratio,building,Building_15,1.4907111317566912
building_emissions_total_baseline_kgco2,building,Building_15,68859.23570767397
building_emissions_total_control_kgco2,building,Building_15,102649.22919368744
building_emissions_total_delta_kgco2,building,Building_15,33789.99348601347
building_energy_grid_daily_average_export_baseline_kwh,building,Building_15,6535.880073995947
building_energy_grid_daily_average_export_control_kwh,building,Building_15,6601.350273204647
building_energy_grid_daily_average_export_delta_kwh,building,Building_15,65.47019920870109
building_energy_grid_daily_average_import_baseline_kwh,building,Building_15,246.20373335386782
building_energy_grid_daily_average_import_control_kwh,building,Building_15,364.6149322589457
building_energy_grid_daily_average_import_delta_kwh,building,Building_15,118.41119890507787
building_energy_grid_daily_average_net_exchange_baseline_kwh,building,Building_15,-6289.676340642079
building_energy_grid_daily_average_net_exchange_control_kwh,building,Building_15,-6236.735340945702
building_energy_grid_daily_average_net_exchange_delta_kwh,building,Building_15,52.94099969637678
building_energy_grid_ratio_to_baseline_export_total_ratio,building,Building_15,1.010017044142102
building_energy_grid_ratio_to_baseline_import_total_ratio,building,Building_15,1.4809480233790193
building_energy_grid_ratio_to_baseline_net_exchange_total_ratio,building,Building_15,0.9915828737713756
building_energy_grid_total_export_baseline_kwh,building,Building_15,2385323.898672104
building_energy_grid_total_export_control_kwh,building,Building_15,2409217.7934583127
building_energy_grid_total_export_delta_kwh,building,Building_15,23893.894786208868
building_energy_grid_total_import_baseline_kwh,building,Building_15,89854.10418527201
building_energy_grid_total_import_control_kwh,building,Building_15,133069.25798567105
building_energy_grid_total_import_delta_kwh,building,Building_15,43215.15380039904
building_energy_grid_total_net_exchange_baseline_kwh,building,Building_15,-2295469.794486832
building_energy_grid_total_net_exchange_control_kwh,building,Building_15,-2276148.5354726417
building_energy_grid_total_net_exchange_delta_kwh,building,Building_15,19321.259014190175
building_equity_benefit_relative_percent,building,Building_15,1.283965707831988
building_ev_events_departure_count,building,Building_15,1535.0
building_ev_events_departure_met_count,building,Building_15,556.0
building_ev_events_departure_within_tolerance_count,building,Building_15,150.0
building_ev_performance_departure_soc_deficit_mean_ratio,building,Building_15,0.23851267645944826
building_ev_performance_departure_success_ratio,building,Building_15,0.36221498371335503
building_ev_performance_departure_within_tolerance_ratio,building,Building_15,0.09771986970684039
building_ev_total_charge_kwh,building,Building_15,4386.826677808538
building_ev_total_v2g_export_kwh,building,Building_15,1167.0377372263465
building_solar_self_consumption_daily_average_export_kwh,building,Building_15,6496.047788917232
building_solar_self_consumption_daily_average_generation_kwh,building,Building_15,6693.004380648951
building_solar_self_consumption_ratio_self_consumption_ratio,building,Building_15,0.029427231857365385
building_solar_self_consumption_total_export_kwh,building,Building_15,2370786.774296918
building_solar_self_consumption_total_generation_kwh,building,Building_15,2442667.72375434
building_battery_health_capacity_fade_ratio,building,Building_16,0.000342320842128763
building_battery_health_equivalent_full_cycles_count,building,Building_16,153.11432800577714
building_battery_total_charge_kwh,building,Building_16,271986.30249515537
building_battery_total_discharge_kwh,building,Building_16,224716.57755558565
building_battery_total_throughput_kwh,building,Building_16,496702.880050741
building_comfort_resilience_discomfort_cold_delta_average_c,building,Building_16,0.0
building_comfort_resilience_discomfort_cold_delta_max_c,building,Building_16,0.0
building_comfort_resilience_discomfort_cold_delta_min_c,building,Building_16,0.0
building_comfort_resilience_discomfort_cold_ratio,building,Building_16,nan
building_comfort_resilience_discomfort_hot_delta_average_c,building,Building_16,0.0
building_comfort_resilience_discomfort_hot_delta_max_c,building,Building_16,0.0
building_comfort_resilience_discomfort_hot_delta_min_c,building,Building_16,0.0
building_comfort_resilience_discomfort_hot_ratio,building,Building_16,nan
building_comfort_resilience_discomfort_overall_ratio,building,Building_16,nan
building_comfort_resilience_resilience_one_minus_thermal_ratio,building,Building_16,nan
building_comfort_resilience_resilience_unserved_energy_annual_normalized_ratio,building,Building_16,0.0
building_comfort_resilience_resilience_unserved_energy_outage_normalized_ratio,building,Building_16,nan
building_cost_daily_average_baseline_eur,building,Building_16,429.5703208505995
building_cost_daily_average_control_eur,building,Building_16,481.9620860879628
building_cost_daily_average_delta_eur,building,Building_16,52.39176523736328
building_cost_ratio_to_baseline_total_ratio,building,Building_16,1.1219631866876218
building_cost_total_baseline_eur,building,Building_16,156775.26834710003
building_cost_total_control_eur,building,Building_16,175896.0796685194
building_cost_total_delta_eur,building,Building_16,19120.811321419373
building_electrical_service_phase_imbalance_phase_average_ratio,building,Building_16,0.14804554318184135
building_electrical_service_phase_phase_peaks_export_peak_l1_kw,building,Building_16,1092.3094482421875
building_electrical_service_phase_phase_peaks_export_peak_l2_kw,building,Building_16,1094.694580078125
building_electrical_service_phase_phase_peaks_export_peak_l3_kw,building,Building_16,1090.7786865234375
building_electrical_service_phase_phase_peaks_import_peak_l1_kw,building,Building_16,154.86453247070312
building_electrical_service_phase_phase_peaks_import_peak_l2_kw,building,Building_16,158.0621795654297
building_electrical_service_phase_phase_peaks_import_peak_l3_kw,building,Building_16,154.83636474609375
building_electrical_service_phase_violations_energy_total_kwh,building,Building_16,0.0
building_electrical_service_phase_violations_event_count,building,Building_16,0.0
building_emissions_daily_average_baseline_kgco2,building,Building_16,684.9932326177963
building_emissions_daily_average_control_kgco2,building,Building_16,926.0949713983606
building_emissions_daily_average_delta_kgco2,building,Building_16,241.10173878056432
building_emissions_ratio_to_baseline_total_ratio,building,Building_16,1.3519768186017849
building_emissions_total_baseline_kgco2,building,Building_16,249993.98852080322
building_emissions_total_control_kgco2,building,Building_16,337986.07726992667
building_emissions_total_delta_kgco2,building,Building_16,87992.08874912345
building_energy_grid_daily_average_export_baseline_kwh,building,Building_16,6475.250056100308
building_energy_grid_daily_average_export_control_kwh,building,Building_16,6645.858746106092
building_energy_grid_daily_average_export_delta_kwh,building,Building_16,170.60869000578379
building_energy_grid_daily_average_import_baseline_kwh,building,Building_16,889.5260054737156
building_energy_grid_daily_average_import_control_kwh,building,Building_16,1200.5754189648467
building_energy_grid_daily_average_import_delta_kwh,building,Building_16,311.0494134911311
building_energy_grid_daily_average_net_exchange_baseline_kwh,building,Building_16,-5585.7240506265925
building_energy_grid_daily_average_net_exchange_control_kwh,building,Building_16,-5445.2833271412455
building_energy_grid_daily_average_net_exchange_delta_kwh,building,Building_16,140.4407234853473
building_energy_grid_ratio_to_baseline_export_total_ratio,building,Building_16,1.0263478149148935
building_energy_grid_ratio_to_baseline_import_total_ratio,building,Building_16,1.3496799549165313
building_energy_grid_ratio_to_baseline_net_exchange_total_ratio,building,Building_16,0.9748572034328131
building_energy_grid_total_export_baseline_kwh,building,Building_16,2363196.4683909416
building_energy_grid_total_export_control_kwh,building,Building_16,2425461.531547636
building_energy_grid_total_export_delta_kwh,building,Building_16,62265.063156694174
building_energy_grid_total_import_baseline_kwh,building,Building_16,324639.9284143448
building_energy_grid_total_import_control_kwh,building,Building_16,438160.0039463788
building_energy_grid_total_import_delta_kwh,building,Building_16,113520.07553203404
building_energy_grid_total_net_exchange_baseline_kwh,building,Building_16,-2038556.5399765968
building_energy_grid_total_net_exchange_control_kwh,building,Building_16,-1987301.527601257
building_energy_grid_total_net_exchange_delta_kwh,building,Building_16,51255.012375339866
building_equity_benefit_relative_percent,building,Building_16,-12.196318668762185
building_ev_events_departure_count,building,Building_16,2133.0
building_ev_events_departure_met_count,building,Building_16,918.0
building_ev_events_departure_within_tolerance_count,building,Building_16,179.0
building_ev_performance_departure_soc_deficit_mean_ratio,building,Building_16,0.2218306902601337
building_ev_performance_departure_success_ratio,building,Building_16,0.43037974683544306
building_ev_performance_departure_within_tolerance_ratio,building,Building_16,0.08391936240037506
building_ev_total_charge_kwh,building,Building_16,5517.551251674071
building_ev_total_v2g_export_kwh,building,Building_16,1532.2638048917288
building_solar_self_consumption_daily_average_export_kwh,building,Building_16,6406.120000571492
building_solar_self_consumption_daily_average_generation_kwh,building,Building_16,6959.542168342368
building_solar_self_consumption_ratio_self_consumption_ratio,building,Building_16,0.07951991012976227
building_solar_self_consumption_total_export_kwh,building,Building_16,2337966.878541904
building_solar_self_consumption_total_generation_kwh,building,Building_16,2539942.9105212833
building_battery_health_capacity_fade_ratio,building,Building_17,0.0005002952497113541
building_battery_health_equivalent_full_cycles_count,building,Building_17,197.70842501901333
building_battery_total_charge_kwh,building,Building_17,156742.87436839705
building_battery_total_discharge_kwh,building,Building_17,134679.34410962858
building_battery_total_throughput_kwh,building,Building_17,291422.21847802564
building_comfort_resilience_discomfort_cold_delta_average_c,building,Building_17,0.0
building_comfort_resilience_discomfort_cold_delta_max_c,building,Building_17,0.0
building_comfort_resilience_discomfort_cold_delta_min_c,building,Building_17,0.0
building_comfort_resilience_discomfort_cold_ratio,building,Building_17,nan
building_comfort_resilience_discomfort_hot_delta_average_c,building,Building_17,0.0
building_comfort_resilience_discomfort_hot_delta_max_c,building,Building_17,0.0
building_comfort_resilience_discomfort_hot_delta_min_c,building,Building_17,0.0
building_comfort_resilience_discomfort_hot_ratio,building,Building_17,nan
building_comfort_resilience_discomfort_overall_ratio,building,Building_17,nan
building_comfort_resilience_resilience_one_minus_thermal_ratio,building,Building_17,nan
building_comfort_resilience_resilience_unserved_energy_annual_normalized_ratio,building,Building_17,0.0
building_comfort_resilience_resilience_unserved_energy_outage_normalized_ratio,building,Building_17,nan
building_cost_daily_average_baseline_eur,building,Building_17,280.51631457631504
building_cost_daily_average_control_eur,building,Building_17,308.8800251859716
building_cost_daily_average_delta_eur,building,Building_17,28.363710609656543
building_cost_ratio_to_baseline_total_ratio,building,Building_17,1.101112516940401
building_cost_total_baseline_eur,building,Building_17,102376.76664058097
building_cost_total_control_eur,building,Building_17,112728.33919183021
building_cost_total_delta_eur,building,Building_17,10351.572551249235
building_electrical_service_phase_imbalance_phase_average_ratio,building,Building_17,0.3670374104194888
building_electrical_service_phase_phase_peaks_export_peak_l1_kw,building,Building_17,208.91934204101562
building_electrical_service_phase_phase_peaks_export_peak_l2_kw,building,Building_17,208.2037811279297
building_electrical_service_phase_phase_peaks_export_peak_l3_kw,building,Building_17,209.98638916015625
building_electrical_service_phase_phase_peaks_import_peak_l1_kw,building,Building_17,72.05916595458984
building_electrical_service_phase_phase_peaks_import_peak_l2_kw,building,Building_17,72.85643005371094
building_electrical_service_phase_phase_peaks_import_peak_l3_kw,building,Building_17,68.12765502929688
building_electrical_service_phase_violations_energy_total_kwh,building,Building_17,0.0
building_electrical_service_phase_violations_event_count,building,Building_17,0.0
building_emissions_daily_average_baseline_kgco2,building,Building_17,397.87678007754414
building_emissions_daily_average_control_kgco2,building,Building_17,543.952652869654
building_emissions_daily_average_delta_kgco2,building,Building_17,146.0758727921099
building_emissions_ratio_to_baseline_total_ratio,building,Building_17,1.367138471271534
building_emissions_total_baseline_kgco2,building,Building_17,145208.4465291337
building_emissions_total_control_kgco2,building,Building_17,198520.05360355414
building_emissions_total_delta_kgco2,building,Building_17,53311.60707442043
building_energy_grid_daily_average_export_baseline_kwh,building,Building_17,815.7222786058587
building_energy_grid_daily_average_export_control_kwh,building,Building_17,928.4840644111393
building_energy_grid_daily_average_export_delta_kwh,building,Building_17,112.76178580528067
building_energy_grid_daily_average_import_baseline_kwh,building,Building_17,517.0763438549579
building_energy_grid_daily_average_import_control_kwh,building,Building_17,705.4383465699075
building_energy_grid_daily_average_import_delta_kwh,building,Building_17,188.36200271494954
building_energy_grid_daily_average_net_exchange_baseline_kwh,building,Building_17,-298.6459347509007
building_energy_grid_daily_average_net_exchange_control_kwh,building,Building_17,-223.04571784123183
building_energy_grid_daily_average_net_exchange_delta_kwh,building,Building_17,75.60021690966887
building_energy_grid_ratio_to_baseline_export_total_ratio,building,Building_17,1.138235510740249
building_energy_grid_ratio_to_baseline_import_total_ratio,building,Building_17,1.3642827697563087
building_energy_grid_ratio_to_baseline_net_exchange_total_ratio,building,Building_17,0.7468567018240958
building_energy_grid_total_export_baseline_kwh,building,Building_17,297704.64326286316
building_energy_grid_total_export_control_kwh,building,Building_17,338857.9966740487
building_energy_grid_total_export_delta_kwh,building,Building_17,41153.353411185555
building_energy_grid_total_import_baseline_kwh,building,Building_17,188711.32065939903
building_energy_grid_total_import_control_kwh,building,Building_17,257455.60323357582
building_energy_grid_total_import_delta_kwh,building,Building_17,68744.28257417679
building_energy_grid_total_net_exchange_baseline_kwh,building,Building_17,-108993.32260346413
building_energy_grid_total_net_exchange_control_kwh,building,Building_17,-81402.3934404729
building_energy_grid_total_net_exchange_delta_kwh,building,Building_17,27590.929162991233
building_equity_benefit_relative_percent,building,Building_17,-10.111251694040112
building_ev_events_departure_count,building,Building_17,2112.0
building_ev_events_departure_met_count,building,Building_17,679.0
building_ev_events_departure_within_tolerance_count,building,Building_17,174.0
building_ev_performance_departure_soc_deficit_mean_ratio,building,Building_17,0.2686233924355763
building_ev_performance_departure_success_ratio,building,Building_17,0.3214962121212121
building_ev_performance_departure_within_tolerance_ratio,building,Building_17,0.08238636363636363
building_ev_total_charge_kwh,building,Building_17,6371.459862969816
building_ev_total_v2g_export_kwh,building,Building_17,844.0607776734978
building_solar_self_consumption_daily_average_export_kwh,building,Building_17,789.4595429734272
building_solar_self_consumption_daily_average_generation_kwh,building,Building_17,1088.8507072733
building_solar_self_consumption_ratio_self_consumption_ratio,building,Building_17,0.274960710683293
building_solar_self_consumption_total_export_kwh,building,Building_17,288119.83903767704
building_solar_self_consumption_total_generation_kwh,building,Building_17,397385.1393752848
building_battery_health_capacity_fade_ratio,building,Building_2,0.0002733701170049026
building_battery_health_equivalent_full_cycles_count,building,Building_2,119.60722035292486
building_battery_total_charge_kwh,building,Building_2,31560.729175686836
building_battery_total_discharge_kwh,building,Building_2,26807.594356540496
building_battery_total_throughput_kwh,building,Building_2,58368.32353222733
building_comfort_resilience_discomfort_cold_delta_average_c,building,Building_2,0.0
building_comfort_resilience_discomfort_cold_delta_max_c,building,Building_2,0.0
building_comfort_resilience_discomfort_cold_delta_min_c,building,Building_2,0.0
building_comfort_resilience_discomfort_cold_ratio,building,Building_2,nan
building_comfort_resilience_discomfort_hot_delta_average_c,building,Building_2,0.0
building_comfort_resilience_discomfort_hot_delta_max_c,building,Building_2,0.0
building_comfort_resilience_discomfort_hot_delta_min_c,building,Building_2,0.0
building_comfort_resilience_discomfort_hot_ratio,building,Building_2,nan
building_comfort_resilience_discomfort_overall_ratio,building,Building_2,nan
building_comfort_resilience_resilience_one_minus_thermal_ratio,building,Building_2,nan
building_comfort_resilience_resilience_unserved_energy_annual_normalized_ratio,building,Building_2,0.0
building_comfort_resilience_resilience_unserved_energy_outage_normalized_ratio,building,Building_2,nan
building_cost_daily_average_baseline_eur,building,Building_2,-4.868546307645447
building_cost_daily_average_control_eur,building,Building_2,-16.792285320597564
building_cost_daily_average_delta_eur,building,Building_2,-11.923739012952115
building_cost_ratio_to_baseline_total_ratio,building,Building_2,3.449137434356404
building_cost_total_baseline_eur,building,Building_2,-1776.8165461944363
building_cost_total_control_eur,building,Building_2,-6128.484463463085
building_cost_total_delta_eur,building,Building_2,-4351.667917268649
building_electrical_service_phase_imbalance_phase_average_ratio,building,Building_2,0.5597330713826465
building_electrical_service_phase_phase_peaks_export_peak_l1_kw,building,Building_2,924.66455078125
building_electrical_service_phase_phase_peaks_export_peak_l2_kw,building,Building_2,924.66455078125
building_electrical_service_phase_phase_peaks_export_peak_l3_kw,building,Building_2,924.4869384765625
building_electrical_service_phase_phase_peaks_import_peak_l1_kw,building,Building_2,24.966333389282227
building_electrical_service_phase_phase_peaks_import_peak_l2_kw,building,Building_2,23.608936309814453
building_electrical_service_phase_phase_peaks_import_peak_l3_kw,building,Building_2,25.969654083251953
building_electrical_service_phase_violations_energy_total_kwh,building,Building_2,0.0
building_electrical_service_phase_violations_event_count,building,Building_2,0.0
building_emissions_daily_average_baseline_kgco2,building,Building_2,96.18606253955234
building_emissions_daily_average_control_kgco2,building,Building_2,128.38977160891244
building_emissions_daily_average_delta_kgco2,building,Building_2,32.20370906936011
building_emissions_ratio_to_baseline_total_ratio,building,Building_2,1.334806397300209
building_emissions_total_baseline_kgco2,building,Building_2,35103.90507433079
building_emissions_total_control_kgco2,building,Building_2,46856.917063436005
building_emissions_total_delta_kgco2,building,Building_2,11753.011989105216
building_energy_grid_daily_average_export_baseline_kwh,building,Building_2,5349.9490804939
building_energy_grid_daily_average_export_control_kwh,building,Building_2,5377.906655240584
building_energy_grid_daily_average_export_delta_kwh,building,Building_2,27.957574746683658
building_energy_grid_daily_average_import_baseline_kwh,building,Building_2,125.51354355138179
building_energy_grid_daily_average_import_control_kwh,building,Building_2,166.8660538731425
building_energy_grid_daily_average_import_delta_kwh,building,Building_2,41.35251032176073
building_energy_grid_daily_average_net_exchange_baseline_kwh,building,Building_2,-5224.435536942518
building_energy_grid_daily_average_net_exchange_control_kwh,building,Building_2,-5211.040601367441
building_energy_grid_daily_average_net_exchange_delta_kwh,building,Building_2,13.394935575077076
building_energy_grid_ratio_to_baseline_export_total_ratio,building,Building_2,1.0052257646429978
building_energy_grid_ratio_to_baseline_import_total_ratio,building,Building_2,1.32946651932293
building_energy_grid_ratio_to_baseline_net_exchange_total_ratio,building,Building_2,0.9974360989851707
building_energy_grid_total_export_baseline_kwh,building,Building_2,1952508.4998352528
building_energy_grid_total_export_control_kwh,building,Building_2,1962711.8497188445
building_energy_grid_total_export_delta_kwh,building,Building_2,10203.349883591756
building_energy_grid_total_import_baseline_kwh,building,Building_2,45807.21366527304
building_energy_grid_total_import_control_kwh,building,Building_2,60899.1569114523
building_energy_grid_total_import_delta_kwh,building,Building_2,15091.94324617926
building_energy_grid_total_net_exchange_baseline_kwh,building,Building_2,-1906701.2861699797
building_energy_grid_total_net_exchange_control_kwh,building,Building_2,-1901812.6928073922
building_energy_grid_total_net_exchange_delta_kwh,building,Building_2,4888.593362587504
building_equity_benefit_relative_percent,building,Building_2,nan
building_ev_events_departure_count,building,Building_2,542.0
building_ev_events_departure_met_count,building,Building_2,26.0
building_ev_events_departure_within_tolerance_count,building,Building_2,16.0
building_ev_performance_departure_soc_deficit_mean_ratio,building,Building_2,0.468668557796467
building_ev_performance_departure_success_ratio,building,Building_2,0.04797047970479705
building_ev_performance_departure_within_tolerance_ratio,building,Building_2,0.02952029520295203
building_ev_total_charge_kwh,building,Building_2,363.21875262260437
building_ev_total_v2g_export_kwh,building,Building_2,227.76066764630377
building_solar_self_consumption_daily_average_export_kwh,building,Building_2,5335.693402105376
building_solar_self_consumption_daily_average_generation_kwh,building,Building_2,5424.796181722015
building_solar_self_consumption_ratio_self_consumption_ratio,building,Building_2,0.01642509259921257
building_solar_self_consumption_total_export_kwh,building,Building_2,1947305.771210041
building_solar_self_consumption_total_generation_kwh,building,Building_2,1979824.5731542967
building_battery_health_capacity_fade_ratio,building,Building_3,0.0003787800539484964
building_battery_health_equivalent_full_cycles_count,building,Building_3,155.1475887820918
building_battery_total_charge_kwh,building,Building_3,396732.9988244921
building_battery_total_discharge_kwh,building,Building_3,336494.5057596737
building_battery_total_throughput_kwh,building,Building_3,733227.5045841658
building_comfort_resilience_discomfort_cold_delta_average_c,building,Building_3,0.0
building_comfort_resilience_discomfort_cold_delta_max_c,building,Building_3,0.0
building_comfort_resilience_discomfort_cold_delta_min_c,building,Building_3,0.0
building_comfort_resilience_discomfort_cold_ratio,building,Building_3,nan
building_comfort_resilience_discomfort_hot_delta_average_c,building,Building_3,0.0
building_comfort_resilience_discomfort_hot_delta_max_c,building,Building_3,0.0
building_comfort_resilience_discomfort_hot_delta_min_c,building,Building_3,0.0
building_comfort_resilience_discomfort_hot_ratio,building,Building_3,nan
building_comfort_resilience_discomfort_overall_ratio,building,Building_3,nan
building_comfort_resilience_resilience_one_minus_thermal_ratio,building,Building_3,nan
building_comfort_resilience_resilience_unserved_energy_annual_normalized_ratio,building,Building_3,0.0
building_comfort_resilience_resilience_unserved_energy_outage_normalized_ratio,building,Building_3,nan
building_cost_daily_average_baseline_eur,building,Building_3,481.6603556157251
building_cost_daily_average_control_eur,building,Building_3,573.5855263396608
building_cost_daily_average_delta_eur,building,Building_3,91.92517072393565
building_cost_ratio_to_baseline_total_ratio,building,Building_3,1.1908506059345991
building_cost_total_baseline_eur,building,Building_3,175785.96061825566
building_cost_total_control_eur,building,Building_3,209334.81771704534
building_cost_total_delta_eur,building,Building_3,33548.85709878968
building_electrical_service_phase_imbalance_phase_average_ratio,building,Building_3,0.17302037912932447
building_electrical_service_phase_phase_peaks_export_peak_l1_kw,building,Building_3,781.2625732421875
building_electrical_service_phase_phase_peaks_export_peak_l2_kw,building,Building_3,777.997802734375
building_electrical_service_phase_phase_peaks_export_peak_l3_kw,building,Building_3,779.8833618164062
building_electrical_service_phase_phase_peaks_import_peak_l1_kw,building,Building_3,188.77293395996094
building_electrical_service_phase_phase_peaks_import_peak_l2_kw,building,Building_3,192.83213806152344
building_electrical_service_phase_phase_peaks_import_peak_l3_kw,building,Building_3,189.85841369628906
building_electrical_service_phase_violations_energy_total_kwh,building,Building_3,0.0
building_electrical_service_phase_violations_event_count,building,Building_3,0.0
building_emissions_daily_average_baseline_kgco2,building,Building_3,723.7681988625438
building_emissions_daily_average_control_kgco2,building,Building_3,1138.9578895688276
building_emissions_daily_average_delta_kgco2,building,Building_3,415.18969070628367
building_emissions_ratio_to_baseline_total_ratio,building,Building_3,1.573650087636878
building_emissions_total_baseline_kgco2,building,Building_3,264145.23557654256
building_emissions_total_control_kgco2,building,Building_3,415672.17311389
building_emissions_total_delta_kgco2,building,Building_3,151526.93753734743
building_energy_grid_daily_average_export_baseline_kwh,building,Building_3,3546.604877462778
building_energy_grid_daily_average_export_control_kwh,building,Building_3,3911.4319142971644
building_energy_grid_daily_average_export_delta_kwh,building,Building_3,364.8270368343865
building_energy_grid_daily_average_import_baseline_kwh,building,Building_3,938.1465656127216
building_energy_grid_daily_average_import_control_kwh,building,Building_3,1475.842592555239
building_energy_grid_daily_average_import_delta_kwh,building,Building_3,537.6960269425174
building_energy_grid_daily_average_net_exchange_baseline_kwh,building,Building_3,-2608.4583118500564
building_energy_grid_daily_average_net_exchange_control_kwh,building,Building_3,-2435.5893217419257
building_energy_grid_daily_average_net_exchange_delta_kwh,building,Building_3,172.8689901081309
building_energy_grid_ratio_to_baseline_export_total_ratio,building,Building_3,1.1028665581420454
building_energy_grid_ratio_to_baseline_import_total_ratio,building,Building_3,1.5731471463537658
building_energy_grid_ratio_to_baseline_net_exchange_total_ratio,building,Building_3,0.933727524291725
building_energy_grid_total_export_baseline_kwh,building,Building_3,1294363.0050706863
building_energy_grid_total_export_control_kwh,building,Building_3,1427509.6723887026
building_energy_grid_total_export_delta_kwh,building,Building_3,133146.6673180163
building_energy_grid_total_import_baseline_kwh,building,Building_3,342384.4070084095
building_energy_grid_total_import_control_kwh,building,Building_3,538621.0528413057
building_energy_grid_total_import_delta_kwh,building,Building_3,196236.64583289623
building_energy_grid_total_net_exchange_baseline_kwh,building,Building_3,-951978.5980622768
building_energy_grid_total_net_exchange_control_kwh,building,Building_3,-888888.6195473969
building_energy_grid_total_net_exchange_delta_kwh,building,Building_3,63089.97851487994
building_equity_benefit_relative_percent,building,Building_3,-19.085060593459918
building_ev_events_departure_count,building,Building_3,2505.0
building_ev_events_departure_met_count,building,Building_3,365.0
building_ev_events_departure_within_tolerance_count,building,Building_3,123.0
building_ev_performance_departure_soc_deficit_mean_ratio,building,Building_3,0.36967081780116046
building_ev_performance_departure_success_ratio,building,Building_3,0.14570858283433133
building_ev_performance_departure_within_tolerance_ratio,building,Building_3,0.04910179640718563
building_ev_total_charge_kwh,building,Building_3,6900.828455012292
building_ev_total_v2g_export_kwh,building,Building_3,4049.343346178124
building_solar_self_consumption_daily_average_export_kwh,building,Building_3,3379.6252891597587
building_solar_self_consumption_daily_average_generation_kwh,building,Building_3,4032.638971789137
building_solar_self_consumption_ratio_self_consumption_ratio,building,Building_3,0.16193209637600164
building_solar_self_consumption_total_export_kwh,building,Building_3,1233422.4128229301
building_solar_self_consumption_total_generation_kwh,building,Building_3,1471745.1980792105
building_battery_health_capacity_fade_ratio,building,Building_4,0.0036305582766616197
building_battery_health_equivalent_full_cycles_count,building,Building_4,713.1834035559057
building_battery_total_charge_kwh,building,Building_4,352178.7632585493
building_battery_total_discharge_kwh,building,Building_4,295391.76717021305
building_battery_total_throughput_kwh,building,Building_4,647570.5304287623
building_comfort_resilience_discomfort_cold_delta_average_c,building,Building_4,0.0
building_comfort_resilience_discomfort_cold_delta_max_c,building,Building_4,0.0
building_comfort_resilience_discomfort_cold_delta_min_c,building,Building_4,0.0
building_comfort_resilience_discomfort_cold_ratio,building,Building_4,nan
building_comfort_resilience_discomfort_hot_delta_average_c,building,Building_4,0.0
building_comfort_resilience_discomfort_hot_delta_max_c,building,Building_4,0.0
building_comfort_resilience_discomfort_hot_delta_min_c,building,Building_4,0.0
building_comfort_resilience_discomfort_hot_ratio,building,Building_4,nan
building_comfort_resilience_discomfort_overall_ratio,building,Building_4,nan
building_comfort_resilience_resilience_one_minus_thermal_ratio,building,Building_4,nan
building_comfort_resilience_resilience_unserved_energy_annual_normalized_ratio,building,Building_4,0.0
building_comfort_resilience_resilience_unserved_energy_outage_normalized_ratio,building,Building_4,nan
building_cost_daily_average_baseline_eur,building,Building_4,856.2921098369375
building_cost_daily_average_control_eur,building,Building_4,984.4119308609194
building_cost_daily_average_delta_eur,building,Building_4,128.1198210239819
building_cost_ratio_to_baseline_total_ratio,building,Building_4,1.149621629759475
building_cost_total_baseline_eur,building,Building_4,312510.9412525723
building_cost_total_control_eur,building,Building_4,359269.3376004497
building_cost_total_delta_eur,building,Building_4,46758.396347877395
building_electrical_service_phase_imbalance_phase_average_ratio,building,Building_4,0.1722816358330926
building_electrical_service_phase_phase_peaks_export_peak_l1_kw,building,Building_4,307.048828125
building_electrical_service_phase_phase_peaks_export_peak_l2_kw,building,Building_4,307.048828125
building_electrical_service_phase_phase_peaks_export_peak_l3_kw,building,Building_4,306.7308654785156
building_electrical_service_phase_phase_peaks_import_peak_l1_kw,building,Building_4,210.91268920898438
building_electrical_service_phase_phase_peaks_import_peak_l2_kw,building,Building_4,210.6200408935547
building_electrical_service_phase_phase_peaks_import_peak_l3_kw,building,Building_4,211.22702026367188
building_electrical_service_phase_violations_energy_total_kwh,building,Building_4,0.0
building_electrical_service_phase_violations_event_count,building,Building_4,0.0
building_emissions_daily_average_baseline_kgco2,building,Building_4,1161.318577775922
building_emissions_daily_average_control_kgco2,building,Building_4,1567.8613119544825
building_emissions_daily_average_delta_kgco2,building,Building_4,406.5427341785605
building_emissions_ratio_to_baseline_total_ratio,building,Building_4,1.3500699480388434
building_emissions_total_baseline_kgco2,building,Building_4,423832.8926141375
building_emissions_total_control_kgco2,building,Building_4,572204.0513087213
building_emissions_total_delta_kgco2,building,Building_4,148371.1586945838
building_energy_grid_daily_average_export_baseline_kwh,building,Building_4,299.3262855115309
building_energy_grid_daily_average_export_control_kwh,building,Building_4,666.7760545893856
building_energy_grid_daily_average_export_delta_kwh,building,Building_4,367.4497690778547
building_energy_grid_daily_average_import_baseline_kwh,building,Building_4,1538.387851719756
building_energy_grid_daily_average_import_control_kwh,building,Building_4,2067.701825677648
building_energy_grid_daily_average_import_delta_kwh,building,Building_4,529.3139739578916
building_energy_grid_daily_average_net_exchange_baseline_kwh,building,Building_4,1239.0615662082253
building_energy_grid_daily_average_net_exchange_control_kwh,building,Building_4,1400.925771088262
building_energy_grid_daily_average_net_exchange_delta_kwh,building,Building_4,161.86420488003688
building_energy_grid_ratio_to_baseline_export_total_ratio,building,Building_4,2.2275893794288892
building_energy_grid_ratio_to_baseline_import_total_ratio,building,Building_4,1.3440705628077954
building_energy_grid_ratio_to_baseline_net_exchange_total_ratio,building,Building_4,1.130634513485374
building_energy_grid_total_export_baseline_kwh,building,Building_4,109241.62228314579
building_energy_grid_total_export_control_kwh,building,Building_4,243345.47758951783
building_energy_grid_total_export_delta_kwh,building,Building_4,134103.85530637205
building_energy_grid_total_import_baseline_kwh,building,Building_4,561447.4663838893
building_energy_grid_total_import_control_kwh,building,Building_4,754625.0121296048
building_energy_grid_total_import_delta_kwh,building,Building_4,193177.5457457155
building_energy_grid_total_net_exchange_baseline_kwh,building,Building_4,452205.84410074353
building_energy_grid_total_net_exchange_control_kwh,building,Building_4,511279.534540087
building_energy_grid_total_net_exchange_delta_kwh,building,Building_4,59073.69043934345
building_equity_benefit_relative_percent,building,Building_4,-14.962162975947493
building_ev_events_departure_count,building,Building_4,1426.0
building_ev_events_departure_met_count,building,Building_4,93.0
building_ev_events_departure_within_tolerance_count,building,Building_4,53.0
building_ev_performance_departure_soc_deficit_mean_ratio,building,Building_4,0.41155702344986955
building_ev_performance_departure_success_ratio,building,Building_4,0.06521739130434782
building_ev_performance_departure_within_tolerance_ratio,building,Building_4,0.03716690042075736
building_ev_total_charge_kwh,building,Building_4,2758.151829533279
building_ev_total_v2g_export_kwh,building,Building_4,471.45789354736917
building_solar_self_consumption_daily_average_export_kwh,building,Building_4,361.57176239744956
building_solar_self_consumption_daily_average_generation_kwh,building,Building_4,1695.2977538090224
building_solar_self_consumption_ratio_self_consumption_ratio,building,Building_4,0.7867207919168983
building_solar_self_consumption_total_export_kwh,building,Building_4,131958.6277849692
building_solar_self_consumption_total_generation_kwh,building,Building_4,618713.0427338844
building_battery_health_capacity_fade_ratio,building,Building_5,0.0008279469873037877
building_battery_health_equivalent_full_cycles_count,building,Building_5,247.8021192844041
building_battery_total_charge_kwh,building,Building_5,63468.367883733015
building_battery_total_discharge_kwh,building,Building_5,52503.023941368105
building_battery_total_throughput_kwh,building,Building_5,115971.39182510112
building_comfort_resilience_discomfort_cold_delta_average_c,building,Building_5,0.0
building_comfort_resilience_discomfort_cold_delta_max_c,building,Building_5,0.0
building_comfort_resilience_discomfort_cold_delta_min_c,building,Building_5,0.0
building_comfort_resilience_discomfort_cold_ratio,building,Building_5,nan
building_comfort_resilience_discomfort_hot_delta_average_c,building,Building_5,0.0
building_comfort_resilience_discomfort_hot_delta_max_c,building,Building_5,0.0
building_comfort_resilience_discomfort_hot_delta_min_c,building,Building_5,0.0
building_comfort_resilience_discomfort_hot_ratio,building,Building_5,nan
building_comfort_resilience_discomfort_overall_ratio,building,Building_5,nan
building_comfort_resilience_resilience_one_minus_thermal_ratio,building,Building_5,nan
building_comfort_resilience_resilience_unserved_energy_annual_normalized_ratio,building,Building_5,0.0
building_comfort_resilience_resilience_unserved_energy_outage_normalized_ratio,building,Building_5,nan
building_cost_daily_average_baseline_eur,building,Building_5,596.8829996677953
building_cost_daily_average_control_eur,building,Building_5,581.3588882585445
building_cost_daily_average_delta_eur,building,Building_5,-15.524111409250734
building_cost_ratio_to_baseline_total_ratio,building,Building_5,0.9739913661171604
building_cost_total_baseline_eur,building,Building_5,217837.4247537591
building_cost_total_control_eur,building,Building_5,212171.77092735798
building_cost_total_delta_eur,building,Building_5,-5665.653826401132
building_electrical_service_phase_imbalance_phase_average_ratio,building,Building_5,0.20116134166362323
building_electrical_service_phase_phase_peaks_export_peak_l1_kw,building,Building_5,89.11675262451172
building_electrical_service_phase_phase_peaks_export_peak_l2_kw,building,Building_5,89.11675262451172
building_electrical_service_phase_phase_peaks_export_peak_l3_kw,building,Building_5,94.13080596923828
building_electrical_service_phase_phase_peaks_import_peak_l1_kw,building,Building_5,73.81126403808594
building_electrical_service_phase_phase_peaks_import_peak_l2_kw,building,Building_5,72.49513244628906
building_electrical_service_phase_phase_peaks_import_peak_l3_kw,building,Building_5,75.75775909423828
building_electrical_service_phase_violations_energy_total_kwh,building,Building_5,0.0
building_electrical_service_phase_violations_event_count,building,Building_5,0.0
building_emissions_daily_average_baseline_kgco2,building,Building_5,835.677728021102
building_emissions_daily_average_control_kgco2,building,Building_5,864.508541559296
building_emissions_daily_average_delta_kgco2,building,Building_5,28.8308135381939
building_emissions_ratio_to_baseline_total_ratio,building,Building_5,1.0344999185349426
building_emissions_total_baseline_kgco2,building,Building_5,304987.550822368
building_emissions_total_control_kgco2,building,Building_5,315509.59647991136
building_emissions_total_delta_kgco2,building,Building_5,10522.045657543349
building_energy_grid_daily_average_export_baseline_kwh,building,Building_5,252.10166923700913
building_energy_grid_daily_average_export_control_kwh,building,Building_5,258.81225786094683
building_energy_grid_daily_average_export_delta_kwh,building,Building_5,6.710588623937685
building_energy_grid_daily_average_import_baseline_kwh,building,Building_5,1086.1675114757613
building_energy_grid_daily_average_import_control_kwh,building,Building_5,1123.4010538360885
building_energy_grid_daily_average_import_delta_kwh,building,Building_5,37.233542360327114
building_energy_grid_daily_average_net_exchange_baseline_kwh,building,Building_5,834.0658422387522
building_energy_grid_daily_average_net_exchange_control_kwh,building,Building_5,864.5887959751416
building_energy_grid_daily_average_net_exchange_delta_kwh,building,Building_5,30.52295373638943
building_energy_grid_ratio_to_baseline_export_total_ratio,building,Building_5,1.026618580687099
building_energy_grid_ratio_to_baseline_import_total_ratio,building,Building_5,1.0342797422745027
building_energy_grid_ratio_to_baseline_net_exchange_total_ratio,building,Building_5,1.0365953767564218
building_energy_grid_total_export_baseline_kwh,building,Building_5,92006.60503529012
building_energy_grid_total_export_control_kwh,building,Building_5,94455.69027516805
building_energy_grid_total_export_delta_kwh,building,Building_5,2449.0852398779243
building_energy_grid_total_import_baseline_kwh,building,Building_5,396405.88470900804
building_energy_grid_total_import_control_kwh,building,Building_5,409994.5762729291
building_energy_grid_total_import_delta_kwh,building,Building_5,13588.69156392105
building_energy_grid_total_net_exchange_baseline_kwh,building,Building_5,304399.2796737179
building_energy_grid_total_net_exchange_control_kwh,building,Building_5,315538.88599776104
building_energy_grid_total_net_exchange_delta_kwh,building,Building_5,11139.606324043125
building_equity_benefit_relative_percent,building,Building_5,2.600863388283956
building_ev_events_departure_count,building,Building_5,746.0
building_ev_events_departure_met_count,building,Building_5,86.0
building_ev_events_departure_within_tolerance_count,building,Building_5,21.0
building_ev_performance_departure_soc_deficit_mean_ratio,building,Building_5,0.4147751865378369
building_ev_performance_departure_success_ratio,building,Building_5,0.11528150134048257
building_ev_performance_departure_within_tolerance_ratio,building,Building_5,0.028150134048257374
building_ev_total_charge_kwh,building,Building_5,1357.1522247567773
building_ev_total_v2g_export_kwh,building,Building_5,1182.88981763646
building_solar_self_consumption_daily_average_export_kwh,building,Building_5,256.1443675104213
building_solar_self_consumption_daily_average_generation_kwh,building,Building_5,735.1028961442805
building_solar_self_consumption_ratio_self_consumption_ratio,building,Building_5,0.6515530426367043
building_solar_self_consumption_total_export_kwh,building,Building_5,93482.02145932417
building_solar_self_consumption_total_generation_kwh,building,Building_5,268281.92780532304
building_battery_health_capacity_fade_ratio,building,Building_6,0.0010667102042467376
building_battery_health_equivalent_full_cycles_count,building,Building_6,330.6601787711455
building_battery_total_charge_kwh,building,Building_6,906606.9374233371
building_battery_total_discharge_kwh,building,Building_6,773808.0910916243
building_battery_total_throughput_kwh,building,Building_6,1680415.0285149615
building_comfort_resilience_discomfort_cold_delta_average_c,building,Building_6,0.0
building_comfort_resilience_discomfort_cold_delta_max_c,building,Building_6,0.0
building_comfort_resilience_discomfort_cold_delta_min_c,building,Building_6,0.0
building_comfort_resilience_discomfort_cold_ratio,building,Building_6,nan
building_comfort_resilience_discomfort_hot_delta_average_c,building,Building_6,0.0
building_comfort_resilience_discomfort_hot_delta_max_c,building,Building_6,0.0
building_comfort_resilience_discomfort_hot_delta_min_c,building,Building_6,0.0
building_comfort_resilience_discomfort_hot_ratio,building,Building_6,nan
building_comfort_resilience_discomfort_overall_ratio,building,Building_6,nan
building_comfort_resilience_resilience_one_minus_thermal_ratio,building,Building_6,nan
building_comfort_resilience_resilience_unserved_energy_annual_normalized_ratio,building,Building_6,0.0
building_comfort_resilience_resilience_unserved_energy_outage_normalized_ratio,building,Building_6,nan
building_cost_daily_average_baseline_eur,building,Building_6,8173.869409903915
building_cost_daily_average_control_eur,building,Building_6,8347.245121158934
building_cost_daily_average_delta_eur,building,Building_6,173.3757112550201
building_cost_ratio_to_baseline_total_ratio,building,Building_6,1.0212109715191864
building_cost_total_baseline_eur,building,Building_6,2983121.7567228493
building_cost_total_control_eur,building,Building_6,3046396.6673429627
building_cost_total_delta_eur,building,Building_6,63274.91062011337
building_electrical_service_phase_imbalance_phase_average_ratio,building,Building_6,0.11687100654441825
building_electrical_service_phase_phase_peaks_export_peak_l1_kw,building,Building_6,651.86279296875
building_electrical_service_phase_phase_peaks_export_peak_l2_kw,building,Building_6,649.4214477539062
building_electrical_service_phase_phase_peaks_export_peak_l3_kw,building,Building_6,641.2413940429688
building_electrical_service_phase_phase_peaks_import_peak_l1_kw,building,Building_6,1013.9739379882812
building_electrical_service_phase_phase_peaks_import_peak_l2_kw,building,Building_6,1015.6790161132812
building_electrical_service_phase_phase_peaks_import_peak_l3_kw,building,Building_6,1009.9523315429688
building_electrical_service_phase_violations_energy_total_kwh,building,Building_6,0.0
building_electrical_service_phase_violations_event_count,building,Building_6,0.0
building_emissions_daily_average_baseline_kgco2,building,Building_6,11189.78390308027
building_emissions_daily_average_control_kgco2,building,Building_6,11640.229805408519
building_emissions_daily_average_delta_kgco2,building,Building_6,450.445902328248
building_emissions_ratio_to_baseline_total_ratio,building,Building_6,1.0402551028893643
building_emissions_total_baseline_kgco2,building,Building_6,4083804.8836283367
building_emissions_total_control_kgco2,building,Building_6,4248198.869398884
building_emissions_total_delta_kgco2,building,Building_6,164393.98577054683
building_energy_grid_daily_average_export_baseline_kwh,building,Building_6,1865.846484390156
building_energy_grid_daily_average_export_control_kwh,building,Building_6,2085.8908559383494
building_energy_grid_daily_average_export_delta_kwh,building,Building_6,220.0443715481933
building_energy_grid_daily_average_import_baseline_kwh,building,Building_6,14735.69854995374
building_energy_grid_daily_average_import_control_kwh,building,Building_6,15337.3263919282
building_energy_grid_daily_average_import_delta_kwh,building,Building_6,601.6278419744609
building_energy_grid_daily_average_net_exchange_baseline_kwh,building,Building_6,12869.852065563584
building_energy_grid_daily_average_net_exchange_control_kwh,building,Building_6,13251.43553598985
building_energy_grid_daily_average_net_exchange_delta_kwh,building,Building_6,381.58347042626764
building_energy_grid_ratio_to_baseline_export_total_ratio,building,Building_6,1.117932731009279
building_energy_grid_ratio_to_baseline_import_total_ratio,building,Building_6,1.0408279146003805
building_energy_grid_ratio_to_baseline_net_exchange_total_ratio,building,Building_6,1.029649406106795
building_energy_grid_total_export_baseline_kwh,building,Building_6,680956.2231988907
building_energy_grid_total_export_control_kwh,building,Building_6,761263.2502985001
building_energy_grid_total_export_delta_kwh,building,Building_6,80307.02709960938
building_energy_grid_total_import_baseline_kwh,building,Building_6,5377915.983293533
building_energy_grid_total_import_control_kwh,building,Building_6,5597485.077787463
building_energy_grid_total_import_delta_kwh,building,Building_6,219569.0944939293
building_energy_grid_total_net_exchange_baseline_kwh,building,Building_6,4696959.760094643
building_energy_grid_total_net_exchange_control_kwh,building,Building_6,4836221.827488963
building_energy_grid_total_net_exchange_delta_kwh,building,Building_6,139262.06739431992
building_equity_benefit_relative_percent,building,Building_6,-2.1210971519186304
building_ev_events_departure_count,building,Building_6,7949.0
building_ev_events_departure_met_count,building,Building_6,658.0
building_ev_events_departure_within_tolerance_count,building,Building_6,379.0
building_ev_performance_departure_soc_deficit_mean_ratio,building,Building_6,0.42663727206956664
building_ev_performance_departure_success_ratio,building,Building_6,0.08277770788778463
building_ev_performance_departure_within_tolerance_ratio,building,Building_6,0.047678953327462574
building_ev_total_charge_kwh,building,Building_6,12157.926816064864
building_ev_total_v2g_export_kwh,building,Building_6,5694.707914503873
building_solar_self_consumption_daily_average_export_kwh,building,Building_6,1774.163639165724
building_solar_self_consumption_daily_average_generation_kwh,building,Building_6,13493.169579215619
building_solar_self_consumption_ratio_self_consumption_ratio,building,Building_6,0.8685139448704047
building_solar_self_consumption_total_export_kwh,building,Building_6,647495.804810524
building_solar_self_consumption_total_generation_kwh,building,Building_6,4924444.681014567
building_battery_health_capacity_fade_ratio,building,Building_7,0.0003053498799207139
building_battery_health_equivalent_full_cycles_count,building,Building_7,119.59222011892794
building_battery_total_charge_kwh,building,Building_7,126465.8238492608
building_battery_total_discharge_kwh,building,Building_7,108891.6653447894
building_battery_total_throughput_kwh,building,Building_7,235357.4891940502
building_comfort_resilience_discomfort_cold_delta_average_c,building,Building_7,0.0
building_comfort_resilience_discomfort_cold_delta_max_c,building,Building_7,0.0
building_comfort_resilience_discomfort_cold_delta_min_c,building,Building_7,0.0
building_comfort_resilience_discomfort_cold_ratio,building,Building_7,nan
building_comfort_resilience_discomfort_hot_delta_average_c,building,Building_7,0.0
building_comfort_resilience_discomfort_hot_delta_max_c,building,Building_7,0.0
building_comfort_resilience_discomfort_hot_delta_min_c,building,Building_7,0.0
building_comfort_resilience_discomfort_hot_ratio,building,Building_7,nan
building_comfort_resilience_discomfort_overall_ratio,building,Building_7,nan
building_comfort_resilience_resilience_one_minus_thermal_ratio,building,Building_7,nan
building_comfort_resilience_resilience_unserved_energy_annual_normalized_ratio,building,Building_7,0.0
building_comfort_resilience_resilience_unserved_energy_outage_normalized_ratio,building,Building_7,nan
building_cost_daily_average_baseline_eur,building,Building_7,98.64545875025495
building_cost_daily_average_control_eur,building,Building_7,139.52986505599125
building_cost_daily_average_delta_eur,building,Building_7,40.88440630573631
building_cost_ratio_to_baseline_total_ratio,building,Building_7,1.41445806855889
building_cost_total_baseline_eur,building,Building_7,36001.482216395125
building_cost_total_control_eur,building,Building_7,50922.58700105947
building_cost_total_delta_eur,building,Building_7,14921.104784664349
building_electrical_service_phase_imbalance_phase_average_ratio,building,Building_7,0.3451767223515147
building_electrical_service_phase_phase_peaks_export_peak_l1_kw,building,Building_7,982.9849243164062
building_electrical_service_phase_phase_peaks_export_peak_l2_kw,building,Building_7,985.5167846679688
building_electrical_service_phase_phase_peaks_export_peak_l3_kw,building,Building_7,982.7467041015625
building_electrical_service_phase_phase_peaks_import_peak_l1_kw,building,Building_7,104.94873046875
building_electrical_service_phase_phase_peaks_import_peak_l2_kw,building,Building_7,99.07674407958984
building_electrical_service_phase_phase_peaks_import_peak_l3_kw,building,Building_7,99.94412231445312
building_electrical_service_phase_violations_energy_total_kwh,building,Building_7,0.0
building_electrical_service_phase_violations_event_count,building,Building_7,0.0
building_emissions_daily_average_baseline_kgco2,building,Building_7,205.15433532755222
building_emissions_daily_average_control_kgco2,building,Building_7,351.9731692435193
building_emissions_daily_average_delta_kgco2,building,Building_7,146.81883391596708
building_emissions_ratio_to_baseline_total_ratio,building,Building_7,1.7156506523810677
building_emissions_total_baseline_kgco2,building,Building_7,74872.78429725124
building_emissions_total_control_kgco2,building,Building_7,128455.54122516606
building_emissions_total_delta_kgco2,building,Building_7,53582.756927914816
building_energy_grid_daily_average_export_baseline_kwh,building,Building_7,5239.07078425271
building_energy_grid_daily_average_export_control_kwh,building,Building_7,5349.950307335058
building_energy_grid_daily_average_export_delta_kwh,building,Building_7,110.87952308234783
building_energy_grid_daily_average_import_baseline_kwh,building,Building_7,271.16960898122363
building_energy_grid_daily_average_import_control_kwh,building,Building_7,463.38603588261964
building_energy_grid_daily_average_import_delta_kwh,building,Building_7,192.21642690139598
building_energy_grid_daily_average_net_exchange_baseline_kwh,building,Building_7,-4967.901175271487
building_energy_grid_daily_average_net_exchange_control_kwh,building,Building_7,-4886.564271452438
building_energy_grid_daily_average_net_exchange_delta_kwh,building,Building_7,81.33690381904813
building_energy_grid_ratio_to_baseline_export_total_ratio,building,Building_7,1.0211639673614685
building_energy_grid_ratio_to_baseline_import_total_ratio,building,Building_7,1.7088420698158155
building_energy_grid_ratio_to_baseline_net_exchange_total_ratio,building,Building_7,0.983627511709791
building_energy_grid_total_export_baseline_kwh,building,Building_7,1912042.5416362286
building_energy_grid_total_export_control_kwh,building,Building_7,1952508.947581157
building_energy_grid_total_export_delta_kwh,building,Building_7,40466.40594492853
building_energy_grid_total_import_baseline_kwh,building,Building_7,98965.60854443908
building_energy_grid_total_import_control_kwh,building,Building_7,169116.59534566104
building_energy_grid_total_import_delta_kwh,building,Building_7,70150.98680122197
building_energy_grid_total_net_exchange_baseline_kwh,building,Building_7,-1813076.9330917895
building_energy_grid_total_net_exchange_control_kwh,building,Building_7,-1783392.352235496
building_energy_grid_total_net_exchange_delta_kwh,building,Building_7,29684.58085629344
building_equity_benefit_relative_percent,building,Building_7,-41.445806855888996
building_ev_events_departure_count,building,Building_7,7786.0
building_ev_events_departure_met_count,building,Building_7,2082.0
building_ev_events_departure_within_tolerance_count,building,Building_7,662.0
building_ev_performance_departure_soc_deficit_mean_ratio,building,Building_7,0.2872709823705367
building_ev_performance_departure_success_ratio,building,Building_7,0.2674030310814282
building_ev_performance_departure_within_tolerance_ratio,building,Building_7,0.08502440277421013
building_ev_total_charge_kwh,building,Building_7,15997.920244075358
building_ev_total_v2g_export_kwh,building,Building_7,3887.496770147234
building_solar_self_consumption_daily_average_export_kwh,building,Building_7,5171.3566226616995
building_solar_self_consumption_daily_average_generation_kwh,building,Building_7,5476.471463666728
building_solar_self_consumption_ratio_self_consumption_ratio,building,Building_7,0.055713764424646664
building_solar_self_consumption_total_export_kwh,building,Building_7,1887329.6940789092
building_solar_self_consumption_total_generation_kwh,building,Building_7,1998683.8979273692
building_battery_health_capacity_fade_ratio,building,Building_8,0.000251176823942497
building_battery_health_equivalent_full_cycles_count,building,Building_8,108.25340028211419
building_battery_total_charge_kwh,building,Building_8,70254.34913398325
building_battery_total_discharge_kwh,building,Building_8,59866.23800511799
building_battery_total_throughput_kwh,building,Building_8,130120.58713910125
building_comfort_resilience_discomfort_cold_delta_average_c,building,Building_8,0.0
building_comfort_resilience_discomfort_cold_delta_max_c,building,Building_8,0.0
building_comfort_resilience_discomfort_cold_delta_min_c,building,Building_8,0.0
building_comfort_resilience_discomfort_cold_ratio,building,Building_8,nan
building_comfort_resilience_discomfort_hot_delta_average_c,building,Building_8,0.0
building_comfort_resilience_discomfort_hot_delta_max_c,building,Building_8,0.0
building_comfort_resilience_discomfort_hot_delta_min_c,building,Building_8,0.0
building_comfort_resilience_discomfort_hot_ratio,building,Building_8,nan
building_comfort_resilience_discomfort_overall_ratio,building,Building_8,nan
building_comfort_resilience_resilience_one_minus_thermal_ratio,building,Building_8,nan
building_comfort_resilience_resilience_unserved_energy_annual_normalized_ratio,building,Building_8,0.0
building_comfort_resilience_resilience_unserved_energy_outage_normalized_ratio,building,Building_8,nan
building_cost_daily_average_baseline_eur,building,Building_8,-109.77724284635251
building_cost_daily_average_control_eur,building,Building_8,-124.16008439726237
building_cost_daily_average_delta_eur,building,Building_8,-14.382841550909864
building_cost_ratio_to_baseline_total_ratio,building,Building_8,1.131018425841142
building_cost_total_baseline_eur,building,Building_8,-40064.1195871334
building_cost_total_control_eur,building,Building_8,-45313.25746815088
building_cost_total_delta_eur,building,Building_8,-5249.137881017479
building_electrical_service_phase_imbalance_phase_average_ratio,building,Building_8,0.4842071629233514
building_electrical_service_phase_phase_peaks_export_peak_l1_kw,building,Building_8,1109.30517578125
building_electrical_service_phase_phase_peaks_export_peak_l2_kw,building,Building_8,1111.9927978515625
building_electrical_service_phase_phase_peaks_export_peak_l3_kw,building,Building_8,1106.6180419921875
building_electrical_service_phase_phase_peaks_import_peak_l1_kw,building,Building_8,54.261253356933594
building_electrical_service_phase_phase_peaks_import_peak_l2_kw,building,Building_8,50.71268844604492
building_electrical_service_phase_phase_peaks_import_peak_l3_kw,building,Building_8,54.135765075683594
building_electrical_service_phase_violations_energy_total_kwh,building,Building_8,0.0
building_electrical_service_phase_violations_event_count,building,Building_8,0.0
building_emissions_daily_average_baseline_kgco2,building,Building_8,121.40049972005876
building_emissions_daily_average_control_kgco2,building,Building_8,211.7006582343664
building_emissions_daily_average_delta_kgco2,building,Building_8,90.30015851430764
building_emissions_ratio_to_baseline_total_ratio,building,Building_8,1.7438203197065383
building_emissions_total_baseline_kgco2,building,Building_8,44306.124043666445
building_emissions_total_control_kgco2,building,Building_8,77261.91939478397
building_emissions_total_delta_kgco2,building,Building_8,32955.79535111752
building_energy_grid_daily_average_export_baseline_kwh,building,Building_8,13577.528020642967
building_energy_grid_daily_average_export_control_kwh,building,Building_8,13645.61128983037
building_energy_grid_daily_average_export_delta_kwh,building,Building_8,68.08326918740417
building_energy_grid_daily_average_import_baseline_kwh,building,Building_8,160.48441188808908
building_energy_grid_daily_average_import_control_kwh,building,Building_8,276.5590137581996
building_energy_grid_daily_average_import_delta_kwh,building,Building_8,116.07460187011056
building_energy_grid_daily_average_net_exchange_baseline_kwh,building,Building_8,-13417.043608754877
building_energy_grid_daily_average_net_exchange_control_kwh,building,Building_8,-13369.05227607217
building_energy_grid_daily_average_net_exchange_delta_kwh,building,Building_8,47.991332682706386
building_energy_grid_ratio_to_baseline_export_total_ratio,building,Building_8,1.005014408299058
building_energy_grid_ratio_to_baseline_import_total_ratio,building,Building_8,1.7232764883797753
building_energy_grid_ratio_to_baseline_net_exchange_total_ratio,building,Building_8,0.9964231067527133
building_energy_grid_total_export_baseline_kwh,building,Building_8,4955231.997200489
building_energy_grid_total_export_control_kwh,building,Building_8,4980079.553651009
building_energy_grid_total_export_delta_kwh,building,Building_8,24847.55645051971
building_energy_grid_total_import_baseline_kwh,building,Building_8,58570.12348865718
building_energy_grid_total_import_control_kwh,building,Building_8,100932.51672950294
building_energy_grid_total_import_delta_kwh,building,Building_8,42362.39324084576
building_energy_grid_total_net_exchange_baseline_kwh,building,Building_8,-4896661.873711832
building_energy_grid_total_net_exchange_control_kwh,building,Building_8,-4879147.036921506
building_energy_grid_total_net_exchange_delta_kwh,building,Building_8,17514.83679032605
building_equity_benefit_relative_percent,building,Building_8,nan
building_ev_events_departure_count,building,Building_8,3726.0
building_ev_events_departure_met_count,building,Building_8,1008.0
building_ev_events_departure_within_tolerance_count,building,Building_8,253.0
building_ev_performance_departure_soc_deficit_mean_ratio,building,Building_8,0.30906407903006655
building_ev_performance_departure_success_ratio,building,Building_8,0.27053140096618356
building_ev_performance_departure_within_tolerance_ratio,building,Building_8,0.06790123456790123
building_ev_total_charge_kwh,building,Building_8,14175.270035708323
building_ev_total_v2g_export_kwh,building,Building_8,7048.5452017700445
building_solar_self_consumption_daily_average_export_kwh,building,Building_8,13531.195482011604
building_solar_self_consumption_daily_average_generation_kwh,building,Building_8,13685.128376618246
building_solar_self_consumption_ratio_self_consumption_ratio,building,Building_8,0.011248187840871383
building_solar_self_consumption_total_export_kwh,building,Building_8,4938322.551122485
building_solar_self_consumption_total_generation_kwh,building,Building_8,4994501.6437833
building_battery_health_capacity_fade_ratio,building,Building_9,0.00020939403419207713
building_battery_health_equivalent_full_cycles_count,building,Building_9,92.2375702760758
building_battery_total_charge_kwh,building,Building_9,13729.482716292143
building_battery_total_discharge_kwh,building,Building_9,11728.08667990478
building_battery_total_throughput_kwh,building,Building_9,25457.569396196923
building_comfort_resilience_discomfort_cold_delta_average_c,building,Building_9,0.0
building_comfort_resilience_discomfort_cold_delta_max_c,building,Building_9,0.0
building_comfort_resilience_discomfort_cold_delta_min_c,building,Building_9,0.0
building_comfort_resilience_discomfort_cold_ratio,building,Building_9,nan
building_comfort_resilience_discomfort_hot_delta_average_c,building,Building_9,0.0
building_comfort_resilience_discomfort_hot_delta_max_c,building,Building_9,0.0
building_comfort_resilience_discomfort_hot_delta_min_c,building,Building_9,0.0
building_comfort_resilience_discomfort_hot_ratio,building,Building_9,nan
building_comfort_resilience_discomfort_overall_ratio,building,Building_9,nan
building_comfort_resilience_resilience_one_minus_thermal_ratio,building,Building_9,nan
building_comfort_resilience_resilience_unserved_energy_annual_normalized_ratio,building,Building_9,0.0
building_comfort_resilience_resilience_unserved_energy_outage_normalized_ratio,building,Building_9,nan
building_cost_daily_average_baseline_eur,building,Building_9,-0.37391687379224436
building_cost_daily_average_control_eur,building,Building_9,-9.73166734251707
building_cost_daily_average_delta_eur,building,Building_9,-9.357750468724825
building_cost_ratio_to_baseline_total_ratio,building,Building_9,26.0262855854004
building_cost_total_baseline_eur,building,Building_9,-136.46407906442784
building_cost_total_control_eur,building,Building_9,-3551.653093879459
building_cost_total_delta_eur,building,Building_9,-3415.189014815031
building_electrical_service_phase_imbalance_phase_average_ratio,building,Building_9,0.7556862634998605
building_electrical_service_phase_phase_peaks_export_peak_l1_kw,building,Building_9,523.539306640625
building_electrical_service_phase_phase_peaks_export_peak_l2_kw,building,Building_9,523.49072265625
building_electrical_service_phase_phase_peaks_export_peak_l3_kw,building,Building_9,518.69775390625
building_electrical_service_phase_phase_peaks_import_peak_l1_kw,building,Building_9,17.967618942260742
building_electrical_service_phase_phase_peaks_import_peak_l2_kw,building,Building_9,14.200736999511719
building_electrical_service_phase_phase_peaks_import_peak_l3_kw,building,Building_9,13.066374778747559
building_electrical_service_phase_violations_energy_total_kwh,building,Building_9,0.0
building_electrical_service_phase_violations_event_count,building,Building_9,0.0
building_emissions_daily_average_baseline_kgco2,building,Building_9,56.62217189655186
building_emissions_daily_average_control_kgco2,building,Building_9,68.28052879007495
building_emissions_daily_average_delta_kgco2,building,Building_9,11.658356893523084
building_emissions_ratio_to_baseline_total_ratio,building,Building_9,1.2058973808850495
building_emissions_total_baseline_kgco2,building,Building_9,20664.733485079072
building_emissions_total_control_kgco2,building,Building_9,24919.547986344434
building_emissions_total_delta_kgco2,building,Building_9,4254.814501265362
building_energy_grid_daily_average_export_baseline_kwh,building,Building_9,2964.426684804371
building_energy_grid_daily_average_export_control_kwh,building,Building_9,2970.9958010776254
building_energy_grid_daily_average_export_delta_kwh,building,Building_9,6.569116273254602
building_energy_grid_daily_average_import_baseline_kwh,building,Building_9,73.53598507681806
building_energy_grid_daily_average_import_control_kwh,building,Building_9,88.52056314731819
building_energy_grid_daily_average_import_delta_kwh,building,Building_9,14.98457807050011
building_energy_grid_daily_average_net_exchange_baseline_kwh,building,Building_9,-2890.8906997275526
building_energy_grid_daily_average_net_exchange_control_kwh,building,Building_9,-2882.4752379303072
building_energy_grid_daily_average_net_exchange_delta_kwh,building,Building_9,8.415461797245507
building_energy_grid_ratio_to_baseline_export_total_ratio,building,Building_9,1.0022159820335337
building_energy_grid_ratio_to_baseline_import_total_ratio,building,Building_9,1.2037720451401683
building_energy_grid_ratio_to_baseline_net_exchange_total_ratio,building,Building_9,0.9970889726830424
building_energy_grid_total_export_baseline_kwh,building,Building_9,1081892.2221750617
building_energy_grid_total_export_control_kwh,building,Building_9,1084289.6759016216
building_energy_grid_total_export_delta_kwh,building,Building_9,2397.4537265598774
building_energy_grid_total_import_baseline_kwh,building,Building_9,26837.570553660393
building_energy_grid_total_import_control_kwh,building,Building_9,32306.31719197333
building_energy_grid_total_import_delta_kwh,building,Building_9,5468.746638312936
building_energy_grid_total_net_exchange_baseline_kwh,building,Building_9,-1055054.6516214013
building_energy_grid_total_net_exchange_control_kwh,building,Building_9,-1051983.3587096483
building_energy_grid_total_net_exchange_delta_kwh,building,Building_9,3071.2929117530584
building_equity_benefit_relative_percent,building,Building_9,nan
building_ev_events_departure_count,building,Building_9,1847.0
building_ev_events_departure_met_count,building,Building_9,212.0
building_ev_events_departure_within_tolerance_count,building,Building_9,103.0
building_ev_performance_departure_soc_deficit_mean_ratio,building,Building_9,0.4008463444073992
building_ev_performance_departure_success_ratio,building,Building_9,0.11478072550081213
building_ev_performance_departure_within_tolerance_ratio,building,Building_9,0.05576610720086627
building_ev_total_charge_kwh,building,Building_9,1908.8711323924363
building_ev_total_v2g_export_kwh,building,Building_9,838.9749225834385
building_solar_self_consumption_daily_average_export_kwh,building,Building_9,2958.2639750576777
building_solar_self_consumption_daily_average_generation_kwh,building,Building_9,3007.0943336895593
building_solar_self_consumption_ratio_self_consumption_ratio,building,Building_9,0.016238386034258256
building_solar_self_consumption_total_export_kwh,building,Building_9,1079643.0898970915
building_solar_self_consumption_total_generation_kwh,building,Building_9,1097464.136199452
