cost_function,level,name,value
building_battery_health_capacity_fade_ratio,building,Building_1,3.359824654442564e-05
building_battery_health_equivalent_full_cycles_count,building,Building_1,9.215719293414407
building_battery_total_charge_kwh,building,Building_1,67713.65050990321
building_battery_total_discharge_kwh,building,Building_1,56643.26563543081
building_battery_total_throughput_kwh,building,Building_1,124356.91614533402
building_comfort_resilience_discomfort_cold_delta_average_c,building,Building_1,0.0
building_comfort_resilience_discomfort_cold_delta_max_c,building,Building_1,0.0
building_comfort_resilience_discomfort_cold_delta_min_c,building,Building_1,0.0
building_comfort_resilience_discomfort_cold_ratio,building,Building_1,nan
building_comfort_resilience_discomfort_hot_delta_average_c,building,Building_1,0.0
building_comfort_resilience_discomfort_hot_delta_max_c,building,Building_1,0.0
building_comfort_resilience_discomfort_hot_delta_min_c,building,Building_1,0.0
building_comfort_resilience_discomfort_hot_ratio,building,Building_1,nan
building_comfort_resilience_discomfort_overall_ratio,building,Building_1,nan
building_comfort_resilience_resilience_one_minus_thermal_ratio,building,Building_1,nan
building_comfort_resilience_resilience_unserved_energy_annual_normalized_ratio,building,Building_1,0.0
building_comfort_resilience_resilience_unserved_energy_outage_normalized_ratio,building,Building_1,nan
building_cost_daily_average_baseline_eur,building,Building_1,5410.367136920225
building_cost_daily_average_control_eur,building,Building_1,5430.262018572674
building_cost_daily_average_delta_eur,building,Building_1,19.894881652448873
building_cost_ratio_to_baseline_total_ratio,building,Building_1,1.0036771777494888
building_cost_total_baseline_eur,building,Building_1,1974558.5730118435
building_cost_total_control_eur,building,Building_1,1981819.3758615851
building_cost_total_delta_eur,building,Building_1,7260.802849741653
building_electrical_service_phase_imbalance_phase_average_ratio,building,Building_1,0.0032321264619775934
building_electrical_service_phase_phase_peaks_export_peak_l1_kw,building,Building_1,1154.2685546875
building_electrical_service_phase_phase_peaks_export_peak_l2_kw,building,Building_1,1154.2685546875
building_electrical_service_phase_phase_peaks_export_peak_l3_kw,building,Building_1,1154.2685546875
building_electrical_service_phase_phase_peaks_import_peak_l1_kw,building,Building_1,811.5475463867188
building_electrical_service_phase_phase_peaks_import_peak_l2_kw,building,Building_1,811.5475463867188
building_electrical_service_phase_phase_peaks_import_peak_l3_kw,building,Building_1,811.5475463867188
building_electrical_service_phase_violations_energy_total_kwh,building,Building_1,0.0
building_electrical_service_phase_violations_event_count,building,Building_1,0.0
building_emissions_daily_average_baseline_kgco2,building,Building_1,7887.083867691571
building_emissions_daily_average_control_kgco2,building,Building_1,7951.843592104731
building_emissions_daily_average_delta_kgco2,building,Building_1,64.75972441315969
building_emissions_ratio_to_baseline_total_ratio,building,Building_1,1.0082108578404294
building_emissions_total_baseline_kgco2,building,Building_1,2878456.983212936
building_emissions_total_control_kgco2,building,Building_1,2902091.584301889
building_emissions_total_delta_kgco2,building,Building_1,23634.60108895274
building_energy_grid_daily_average_export_baseline_kwh,building,Building_1,4815.623223916978
building_energy_grid_daily_average_export_control_kwh,building,Building_1,4867.394544624523
building_energy_grid_daily_average_export_delta_kwh,building,Building_1,51.77132070754568
building_energy_grid_daily_average_import_baseline_kwh,building,Building_1,10237.533781734255
building_energy_grid_daily_average_import_control_kwh,building,Building_1,10320.51058394828
building_energy_grid_daily_average_import_delta_kwh,building,Building_1,82.97680221402574
building_energy_grid_daily_average_net_exchange_baseline_kwh,building,Building_1,5421.910557817278
building_energy_grid_daily_average_net_exchange_control_kwh,building,Building_1,5453.116039323758
building_energy_grid_daily_average_net_exchange_delta_kwh,building,Building_1,31.205481506480055
building_energy_grid_ratio_to_baseline_export_total_ratio,building,Building_1,1.0107507000237106
building_energy_grid_ratio_to_baseline_import_total_ratio,building,Building_1,1.0081051554000313
building_energy_grid_ratio_to_baseline_net_exchange_total_ratio,building,Building_1,1.0057554401116942
building_energy_grid_total_export_baseline_kwh,building,Building_1,1757501.8257620335
building_energy_grid_total_export_control_kwh,building,Building_1,1776396.2006819248
building_energy_grid_total_export_delta_kwh,building,Building_1,18894.374919891357
building_energy_grid_total_import_baseline_kwh,building,Building_1,3736273.266425431
building_energy_grid_total_import_control_kwh,building,Building_1,3766556.3418667912
building_energy_grid_total_import_delta_kwh,building,Building_1,30283.075441360474
building_energy_grid_total_net_exchange_baseline_kwh,building,Building_1,1978771.4406633973
building_energy_grid_total_net_exchange_control_kwh,building,Building_1,1990160.1411848664
building_energy_grid_total_net_exchange_delta_kwh,building,Building_1,11388.700521469116
building_equity_benefit_relative_percent,building,Building_1,-0.36771777494888735
building_ev_events_departure_count,building,Building_1,924.0
building_ev_events_departure_met_count,building,Building_1,39.0
building_ev_events_departure_within_tolerance_count,building,Building_1,15.0
building_ev_performance_departure_soc_deficit_mean_ratio,building,Building_1,0.49348899152498127
building_ev_performance_departure_success_ratio,building,Building_1,0.04220779220779221
building_ev_performance_departure_within_tolerance_ratio,building,Building_1,0.016233766233766232
building_ev_total_charge_kwh,building,Building_1,584.6912280917168
building_ev_total_v2g_export_kwh,building,Building_1,266.37635450065136
building_solar_self_consumption_daily_average_export_kwh,building,Building_1,4815.681146387152
building_solar_self_consumption_daily_average_generation_kwh,building,Building_1,9449.55587890279
building_solar_self_consumption_ratio_self_consumption_ratio,building,Building_1,0.4903801609196566
building_solar_self_consumption_total_export_kwh,building,Building_1,1757522.965050211
building_solar_self_consumption_total_generation_kwh,building,Building_1,3448694.1643045633
building_battery_health_capacity_fade_ratio,building,Building_10,4.575637953765075e-05
building_battery_health_equivalent_full_cycles_count,building,Building_10,11.562588485672546
building_battery_total_charge_kwh,building,Building_10,29306.859312552435
building_battery_total_discharge_kwh,building,Building_10,25106.682101022565
building_battery_total_throughput_kwh,building,Building_10,54413.541413575
building_comfort_resilience_discomfort_cold_delta_average_c,building,Building_10,0.0
building_comfort_resilience_discomfort_cold_delta_max_c,building,Building_10,0.0
building_comfort_resilience_discomfort_cold_delta_min_c,building,Building_10,0.0
building_comfort_resilience_discomfort_cold_ratio,building,Building_10,nan
building_comfort_resilience_discomfort_hot_delta_average_c,building,Building_10,0.0
building_comfort_resilience_discomfort_hot_delta_max_c,building,Building_10,0.0
building_comfort_resilience_discomfort_hot_delta_min_c,building,Building_10,0.0
building_comfort_resilience_discomfort_hot_ratio,building,Building_10,nan
building_comfort_resilience_discomfort_overall_ratio,building,Building_10,nan
building_comfort_resilience_resilience_one_minus_thermal_ratio,building,Building_10,nan
building_comfort_resilience_resilience_unserved_energy_annual_normalized_ratio,building,Building_10,0.0
building_comfort_resilience_resilience_unserved_energy_outage_normalized_ratio,building,Building_10,nan
building_cost_daily_average_baseline_eur,building,Building_10,786.6765404012402
building_cost_daily_average_control_eur,building,Building_10,795.1644399074918
building_cost_daily_average_delta_eur,building,Building_10,8.487899506251521
building_cost_ratio_to_baseline_total_ratio,building,Building_10,1.010789567338467
building_cost_total_baseline_eur,building,Building_10,287104.1590572693
building_cost_total_control_eur,building,Building_10,290201.88871457166
building_cost_total_delta_eur,building,Building_10,3097.7296573023777
building_electrical_service_phase_imbalance_phase_average_ratio,building,Building_10,0.03898562569132546
building_electrical_service_phase_phase_peaks_export_peak_l1_kw,building,Building_10,1225.7025146484375
building_electrical_service_phase_phase_peaks_export_peak_l2_kw,building,Building_10,1225.7025146484375
building_electrical_service_phase_phase_peaks_export_peak_l3_kw,building,Building_10,1225.7025146484375
building_electrical_service_phase_phase_peaks_import_peak_l1_kw,building,Building_10,342.59796142578125
building_electrical_service_phase_phase_peaks_import_peak_l2_kw,building,Building_10,342.59796142578125
building_electrical_service_phase_phase_peaks_import_peak_l3_kw,building,Building_10,342.59796142578125
building_electrical_service_phase_violations_energy_total_kwh,building,Building_10,0.0
building_electrical_service_phase_violations_event_count,building,Building_10,0.0
building_emissions_daily_average_baseline_kgco2,building,Building_10,1228.295685967007
building_emissions_daily_average_control_kgco2,building,Building_10,1269.7605690339315
building_emissions_daily_average_delta_kgco2,building,Building_10,41.46488306692429
building_emissions_ratio_to_baseline_total_ratio,building,Building_10,1.03375806293277
building_emissions_total_baseline_kgco2,building,Building_10,448276.7463910423
building_emissions_total_control_kgco2,building,Building_10,463409.70100700855
building_emissions_total_delta_kgco2,building,Building_10,15132.954615966242
building_energy_grid_daily_average_export_baseline_kwh,building,Building_10,8096.348811370732
building_energy_grid_daily_average_export_control_kwh,building,Building_10,8137.516877213247
building_energy_grid_daily_average_export_delta_kwh,building,Building_10,41.16806584251623
building_energy_grid_daily_average_import_baseline_kwh,building,Building_10,1631.8730005598977
building_energy_grid_daily_average_import_control_kwh,building,Building_10,1685.2417285647864
building_energy_grid_daily_average_import_delta_kwh,building,Building_10,53.368728004888474
building_energy_grid_daily_average_net_exchange_baseline_kwh,building,Building_10,-6464.4758108108335
building_energy_grid_daily_average_net_exchange_control_kwh,building,Building_10,-6452.275148648461
building_energy_grid_daily_average_net_exchange_delta_kwh,building,Building_10,12.200662162372247
building_energy_grid_ratio_to_baseline_export_total_ratio,building,Building_10,1.0050847692955989
building_energy_grid_ratio_to_baseline_import_total_ratio,building,Building_10,1.0327039714405335
building_energy_grid_ratio_to_baseline_net_exchange_total_ratio,building,Building_10,0.9981126602497347
building_energy_grid_total_export_baseline_kwh,building,Building_10,2954829.9682831764
building_energy_grid_total_export_control_kwh,building,Building_10,2969854.596979618
building_energy_grid_total_export_delta_kwh,building,Building_10,15024.62869644165
building_energy_grid_total_import_baseline_kwh,building,Building_10,595565.650496006
building_energy_grid_total_import_control_kwh,building,Building_10,615043.0125207901
building_energy_grid_total_import_delta_kwh,building,Building_10,19477.362024784088
building_energy_grid_total_net_exchange_baseline_kwh,building,Building_10,-2359264.3177871704
building_energy_grid_total_net_exchange_control_kwh,building,Building_10,-2354811.584458828
building_energy_grid_total_net_exchange_delta_kwh,building,Building_10,4452.733328342438
building_equity_benefit_relative_percent,building,Building_10,-1.0789567338467108
building_ev_events_departure_count,building,Building_10,1298.0
building_ev_events_departure_met_count,building,Building_10,19.0
building_ev_events_departure_within_tolerance_count,building,Building_10,5.0
building_ev_performance_departure_soc_deficit_mean_ratio,building,Building_10,0.5069190270775737
building_ev_performance_departure_success_ratio,building,Building_10,0.014637904468412942
building_ev_performance_departure_within_tolerance_ratio,building,Building_10,0.003852080123266564
building_ev_total_charge_kwh,building,Building_10,794.2589787244797
building_ev_total_v2g_export_kwh,building,Building_10,541.7022498995066
building_solar_self_consumption_daily_average_export_kwh,building,Building_10,8091.082950111227
building_solar_self_consumption_daily_average_generation_kwh,building,Building_10,9646.279287943597
building_solar_self_consumption_ratio_self_consumption_ratio,building,Building_10,0.16122240414251043
building_solar_self_consumption_total_export_kwh,building,Building_10,2952908.148334343
building_solar_self_consumption_total_generation_kwh,building,Building_10,3520490.0117957485
building_battery_health_capacity_fade_ratio,building,Building_11,5.525492349946679e-05
building_battery_health_equivalent_full_cycles_count,building,Building_11,14.03722512055082
building_battery_total_charge_kwh,building,Building_11,28619.46181640029
building_battery_total_discharge_kwh,building,Building_11,24750.06809193393
building_battery_total_throughput_kwh,building,Building_11,53369.52990833422
building_comfort_resilience_discomfort_cold_delta_average_c,building,Building_11,0.0
building_comfort_resilience_discomfort_cold_delta_max_c,building,Building_11,0.0
building_comfort_resilience_discomfort_cold_delta_min_c,building,Building_11,0.0
building_comfort_resilience_discomfort_cold_ratio,building,Building_11,nan
building_comfort_resilience_discomfort_hot_delta_average_c,building,Building_11,0.0
building_comfort_resilience_discomfort_hot_delta_max_c,building,Building_11,0.0
building_comfort_resilience_discomfort_hot_delta_min_c,building,Building_11,0.0
building_comfort_resilience_discomfort_hot_ratio,building,Building_11,nan
building_comfort_resilience_discomfort_overall_ratio,building,Building_11,nan
building_comfort_resilience_resilience_one_minus_thermal_ratio,building,Building_11,nan
building_comfort_resilience_resilience_unserved_energy_annual_normalized_ratio,building,Building_11,0.0
building_comfort_resilience_resilience_unserved_energy_outage_normalized_ratio,building,Building_11,nan
building_cost_daily_average_baseline_eur,building,Building_11,321.6490962635416
building_cost_daily_average_control_eur,building,Building_11,323.298589655657
building_cost_daily_average_delta_eur,building,Building_11,1.6494933921154207
building_cost_ratio_to_baseline_total_ratio,building,Building_11,1.0051282388518323
building_cost_total_baseline_eur,building,Building_11,117388.51809051502
building_cost_total_control_eur,building,Building_11,117990.51444974581
building_cost_total_delta_eur,building,Building_11,601.9963592307904
building_electrical_service_phase_imbalance_phase_average_ratio,building,Building_11,0.0068249604253069265
building_electrical_service_phase_phase_peaks_export_peak_l1_kw,building,Building_11,4242.4853515625
building_electrical_service_phase_phase_peaks_export_peak_l2_kw,building,Building_11,4242.4853515625
building_electrical_service_phase_phase_peaks_export_peak_l3_kw,building,Building_11,4242.4853515625
building_electrical_service_phase_phase_peaks_import_peak_l1_kw,building,Building_11,183.37022399902344
building_electrical_service_phase_phase_peaks_import_peak_l2_kw,building,Building_11,183.37022399902344
building_electrical_service_phase_phase_peaks_import_peak_l3_kw,building,Building_11,183.37022399902344
building_electrical_service_phase_violations_energy_total_kwh,building,Building_11,0.0
building_electrical_service_phase_violations_event_count,building,Building_11,0.0
building_emissions_daily_average_baseline_kgco2,building,Building_11,1007.2996701355196
building_emissions_daily_average_control_kgco2,building,Building_11,1043.0852328580406
building_emissions_daily_average_delta_kgco2,building,Building_11,35.785562722520915
building_emissions_ratio_to_baseline_total_ratio,building,Building_11,1.0355262329408947
building_emissions_total_baseline_kgco2,building,Building_11,367622.40877987567
building_emissions_total_control_kgco2,building,Building_11,380682.64810848236
building_emissions_total_delta_kgco2,building,Building_11,13060.239328606694
building_energy_grid_daily_average_export_baseline_kwh,building,Building_11,28105.236003538208
building_energy_grid_daily_average_export_control_kwh,building,Building_11,28139.69267441669
building_energy_grid_daily_average_export_delta_kwh,building,Building_11,34.45667087848035
building_energy_grid_daily_average_import_baseline_kwh,building,Building_11,1305.2915971261452
building_energy_grid_daily_average_import_control_kwh,building,Building_11,1351.2311189583768
building_energy_grid_daily_average_import_delta_kwh,building,Building_11,45.93952183223149
building_energy_grid_daily_average_net_exchange_baseline_kwh,building,Building_11,-26799.94440641206
building_energy_grid_daily_average_net_exchange_control_kwh,building,Building_11,-26788.46155545831
building_energy_grid_daily_average_net_exchange_delta_kwh,building,Building_11,11.482850953751143
building_energy_grid_ratio_to_baseline_export_total_ratio,building,Building_11,1.0012259876015324
building_energy_grid_ratio_to_baseline_import_total_ratio,building,Building_11,1.0351948345744173
building_energy_grid_ratio_to_baseline_net_exchange_total_ratio,building,Building_11,0.99957153452337
building_energy_grid_total_export_baseline_kwh,building,Building_11,10257240.089791298
building_energy_grid_total_export_control_kwh,building,Building_11,10269815.338967323
building_energy_grid_total_export_delta_kwh,building,Building_11,12575.24917602539
building_energy_grid_total_import_baseline_kwh,building,Building_11,476377.0458011627
building_energy_grid_total_import_control_kwh,building,Building_11,493143.0571231842
building_energy_grid_total_import_delta_kwh,building,Building_11,16766.011322021484
building_energy_grid_total_net_exchange_baseline_kwh,building,Building_11,-9780863.043990135
building_energy_grid_total_net_exchange_control_kwh,building,Building_11,-9776672.28184414
building_energy_grid_total_net_exchange_delta_kwh,building,Building_11,4190.762145996094
building_equity_benefit_relative_percent,building,Building_11,-0.5128238851832236
building_ev_events_departure_count,building,Building_11,983.0
building_ev_events_departure_met_count,building,Building_11,59.0
building_ev_events_departure_within_tolerance_count,building,Building_11,14.0
building_ev_performance_departure_soc_deficit_mean_ratio,building,Building_11,0.4907011403596018
building_ev_performance_departure_success_ratio,building,Building_11,0.06002034587995931
building_ev_performance_departure_within_tolerance_ratio,building,Building_11,0.014242115971515769
building_ev_total_charge_kwh,building,Building_11,493.38030640780926
building_ev_total_v2g_export_kwh,building,Building_11,172.0094441473484
building_solar_self_consumption_daily_average_export_kwh,building,Building_11,28091.55233224586
building_solar_self_consumption_daily_average_generation_kwh,building,Building_11,28848.054152112843
building_solar_self_consumption_ratio_self_consumption_ratio,building,Building_11,0.026223668878255276
building_solar_self_consumption_total_export_kwh,building,Building_11,10252246.119922562
building_solar_self_consumption_total_generation_kwh,building,Building_11,10528337.76326485
building_battery_health_capacity_fade_ratio,building,Building_12,2.9051302087562244e-05
building_battery_health_equivalent_full_cycles_count,building,Building_12,8.344607779720318
building_battery_total_charge_kwh,building,Building_12,39067.264870161496
building_battery_total_discharge_kwh,building,Building_12,33464.065951167504
building_battery_total_throughput_kwh,building,Building_12,72531.330821329
building_comfort_resilience_discomfort_cold_delta_average_c,building,Building_12,0.0
building_comfort_resilience_discomfort_cold_delta_max_c,building,Building_12,0.0
building_comfort_resilience_discomfort_cold_delta_min_c,building,Building_12,0.0
building_comfort_resilience_discomfort_cold_ratio,building,Building_12,nan
building_comfort_resilience_discomfort_hot_delta_average_c,building,Building_12,0.0
building_comfort_resilience_discomfort_hot_delta_max_c,building,Building_12,0.0
building_comfort_resilience_discomfort_hot_delta_min_c,building,Building_12,0.0
building_comfort_resilience_discomfort_hot_ratio,building,Building_12,nan
building_comfort_resilience_discomfort_overall_ratio,building,Building_12,nan
building_comfort_resilience_resilience_one_minus_thermal_ratio,building,Building_12,nan
building_comfort_resilience_resilience_unserved_energy_annual_normalized_ratio,building,Building_12,0.0
building_comfort_resilience_resilience_unserved_energy_outage_normalized_ratio,building,Building_12,nan
building_cost_daily_average_baseline_eur,building,Building_12,1853.5880724628023
building_cost_daily_average_control_eur,building,Building_12,1862.7175345468838
building_cost_daily_average_delta_eur,building,Building_12,9.129462084081588
building_cost_ratio_to_baseline_total_ratio,building,Building_12,1.0049252917731346
building_cost_total_baseline_eur,building,Building_12,676482.4136125701
building_cost_total_control_eur,building,Building_12,679814.2868790064
building_cost_total_delta_eur,building,Building_12,3331.873266436276
building_electrical_service_phase_imbalance_phase_average_ratio,building,Building_12,0.0029479856655801463
building_electrical_service_phase_phase_peaks_export_peak_l1_kw,building,Building_12,1286.16552734375
building_electrical_service_phase_phase_peaks_export_peak_l2_kw,building,Building_12,1286.16552734375
building_electrical_service_phase_phase_peaks_export_peak_l3_kw,building,Building_12,1286.16552734375
building_electrical_service_phase_phase_peaks_import_peak_l1_kw,building,Building_12,428.6877746582031
building_electrical_service_phase_phase_peaks_import_peak_l2_kw,building,Building_12,428.6877746582031
building_electrical_service_phase_phase_peaks_import_peak_l3_kw,building,Building_12,428.6877746582031
building_electrical_service_phase_violations_energy_total_kwh,building,Building_12,0.0
building_electrical_service_phase_violations_event_count,building,Building_12,0.0
building_emissions_daily_average_baseline_kgco2,building,Building_12,2829.0879434467806
building_emissions_daily_average_control_kgco2,building,Building_12,2871.360977327896
building_emissions_daily_average_delta_kgco2,building,Building_12,42.273033881115204
building_emissions_ratio_to_baseline_total_ratio,building,Building_12,1.0149422834235449
building_emissions_total_baseline_kgco2,building,Building_12,1032499.2206937646
building_emissions_total_control_kgco2,building,Building_12,1047927.11668396
building_emissions_total_delta_kgco2,building,Building_12,15427.895990195335
building_energy_grid_daily_average_export_baseline_kwh,building,Building_12,10238.135404189845
building_energy_grid_daily_average_export_control_kwh,building,Building_12,10276.622092291787
building_energy_grid_daily_average_export_delta_kwh,building,Building_12,38.48668810194085
building_energy_grid_daily_average_import_baseline_kwh,building,Building_12,3669.8256156051225
building_energy_grid_daily_average_import_control_kwh,building,Building_12,3724.572921008195
building_energy_grid_daily_average_import_delta_kwh,building,Building_12,54.74730540307258
building_energy_grid_daily_average_net_exchange_baseline_kwh,building,Building_12,-6568.309788584723
building_energy_grid_daily_average_net_exchange_control_kwh,building,Building_12,-6552.049171283591
building_energy_grid_daily_average_net_exchange_delta_kwh,building,Building_12,16.260617301131727
building_energy_grid_ratio_to_baseline_export_total_ratio,building,Building_12,1.003759150136478
building_energy_grid_ratio_to_baseline_import_total_ratio,building,Building_12,1.0149182307655906
building_energy_grid_ratio_to_baseline_net_exchange_total_ratio,building,Building_12,0.997524383315569
building_energy_grid_total_export_baseline_kwh,building,Building_12,3736492.833554119
building_energy_grid_total_export_control_kwh,building,Building_12,3750538.871099323
building_energy_grid_total_export_delta_kwh,building,Building_12,14046.037545204163
building_energy_grid_total_import_baseline_kwh,building,Building_12,1339333.4402952194
building_energy_grid_total_import_control_kwh,building,Building_12,1359313.9256296158
building_energy_grid_total_import_delta_kwh,building,Building_12,19980.485334396362
building_energy_grid_total_net_exchange_baseline_kwh,building,Building_12,-2397159.3932588995
building_energy_grid_total_net_exchange_control_kwh,building,Building_12,-2391224.9454697073
building_energy_grid_total_net_exchange_delta_kwh,building,Building_12,5934.4477891922
building_equity_benefit_relative_percent,building,Building_12,-0.4925291773134669
building_ev_events_departure_count,building,Building_12,960.0
building_ev_events_departure_met_count,building,Building_12,49.0
building_ev_events_departure_within_tolerance_count,building,Building_12,19.0
building_ev_performance_departure_soc_deficit_mean_ratio,building,Building_12,0.4890529464965067
building_ev_performance_departure_success_ratio,building,Building_12,0.051041666666666666
building_ev_performance_departure_within_tolerance_ratio,building,Building_12,0.019791666666666666
building_ev_total_charge_kwh,building,Building_12,484.6437773704529
building_ev_total_v2g_export_kwh,building,Building_12,153.39474046323448
building_solar_self_consumption_daily_average_export_kwh,building,Building_12,10232.251909811372
building_solar_self_consumption_daily_average_generation_kwh,building,Building_12,12146.926126218608
building_solar_self_consumption_ratio_self_consumption_ratio,building,Building_12,0.15762623370817214
building_solar_self_consumption_total_export_kwh,building,Building_12,3734345.603251575
building_solar_self_consumption_total_generation_kwh,building,Building_12,4433121.914147866
building_battery_health_capacity_fade_ratio,building,Building_13,4.5045045581141895e-05
building_battery_health_equivalent_full_cycles_count,building,Building_13,10.897997520474664
building_battery_total_charge_kwh,building,Building_13,3220.4350812350167
building_battery_total_discharge_kwh,building,Building_13,2708.0755699032006
building_battery_total_throughput_kwh,building,Building_13,5928.510651138217
building_comfort_resilience_discomfort_cold_delta_average_c,building,Building_13,0.0
building_comfort_resilience_discomfort_cold_delta_max_c,building,Building_13,0.0
building_comfort_resilience_discomfort_cold_delta_min_c,building,Building_13,0.0
building_comfort_resilience_discomfort_cold_ratio,building,Building_13,nan
building_comfort_resilience_discomfort_hot_delta_average_c,building,Building_13,0.0
building_comfort_resilience_discomfort_hot_delta_max_c,building,Building_13,0.0
building_comfort_resilience_discomfort_hot_delta_min_c,building,Building_13,0.0
building_comfort_resilience_discomfort_hot_ratio,building,Building_13,nan
building_comfort_resilience_discomfort_overall_ratio,building,Building_13,nan
building_comfort_resilience_resilience_one_minus_thermal_ratio,building,Building_13,nan
building_comfort_resilience_resilience_unserved_energy_annual_normalized_ratio,building,Building_13,0.0
building_comfort_resilience_resilience_unserved_energy_outage_normalized_ratio,building,Building_13,nan
building_cost_daily_average_baseline_eur,building,Building_13,15.326209058957518
building_cost_daily_average_control_eur,building,Building_13,15.950775756933735
building_cost_daily_average_delta_eur,building,Building_13,0.624566697976217
building_cost_ratio_to_baseline_total_ratio,building,Building_13,1.0407515449889537
building_cost_total_baseline_eur,building,Building_13,5593.4277144753705
building_cost_total_control_eur,building,Building_13,5821.368535624274
building_cost_total_delta_eur,building,Building_13,227.94082114890352
building_electrical_service_phase_imbalance_phase_average_ratio,building,Building_13,0.17328820935908845
building_electrical_service_phase_phase_peaks_export_peak_l1_kw,building,Building_13,311.69573974609375
building_electrical_service_phase_phase_peaks_export_peak_l2_kw,building,Building_13,311.69573974609375
building_electrical_service_phase_phase_peaks_export_peak_l3_kw,building,Building_13,311.69573974609375
building_electrical_service_phase_phase_peaks_import_peak_l1_kw,building,Building_13,29.891515731811523
building_electrical_service_phase_phase_peaks_import_peak_l2_kw,building,Building_13,29.891515731811523
building_electrical_service_phase_phase_peaks_import_peak_l3_kw,building,Building_13,29.891515731811523
building_electrical_service_phase_violations_energy_total_kwh,building,Building_13,0.0
building_electrical_service_phase_violations_event_count,building,Building_13,0.0
building_emissions_daily_average_baseline_kgco2,building,Building_13,52.780848814082
building_emissions_daily_average_control_kgco2,building,Building_13,57.60904160353239
building_emissions_daily_average_delta_kgco2,building,Building_13,4.828192789450391
building_emissions_ratio_to_baseline_total_ratio,building,Building_13,1.0914762247658705
building_emissions_total_baseline_kgco2,building,Building_13,19262.81061510601
building_emissions_total_control_kgco2,building,Building_13,21024.89980855584
building_emissions_total_delta_kgco2,building,Building_13,1762.0891934498322
building_energy_grid_daily_average_export_baseline_kwh,building,Building_13,1760.4216866138074
building_energy_grid_daily_average_export_control_kwh,building,Building_13,1763.7581391295134
building_energy_grid_daily_average_export_delta_kwh,building,Building_13,3.336452515705874
building_energy_grid_daily_average_import_baseline_kwh,building,Building_13,70.19157353863554
building_energy_grid_daily_average_import_control_kwh,building,Building_13,76.50718815683067
building_energy_grid_daily_average_import_delta_kwh,building,Building_13,6.315614618195125
building_energy_grid_daily_average_net_exchange_baseline_kwh,building,Building_13,-1690.230113075172
building_energy_grid_daily_average_net_exchange_control_kwh,building,Building_13,-1687.2509509726826
building_energy_grid_daily_average_net_exchange_delta_kwh,building,Building_13,2.979162102489252
building_energy_grid_ratio_to_baseline_export_total_ratio,building,Building_13,1.0018952575630464
building_energy_grid_ratio_to_baseline_import_total_ratio,building,Building_13,1.0899768205754616
building_energy_grid_ratio_to_baseline_net_exchange_total_ratio,building,Building_13,0.9982374221832617
building_energy_grid_total_export_baseline_kwh,building,Building_13,642480.5647104308
building_energy_grid_total_export_control_kwh,building,Building_13,643698.2308598086
building_energy_grid_total_export_delta_kwh,building,Building_13,1217.6661493778229
building_energy_grid_total_import_baseline_kwh,building,Building_13,25616.99969270453
building_energy_grid_total_import_control_kwh,building,Building_13,27921.935877736658
building_energy_grid_total_import_delta_kwh,building,Building_13,2304.9361850321293
building_energy_grid_total_net_exchange_baseline_kwh,building,Building_13,-616863.5650177263
building_energy_grid_total_net_exchange_control_kwh,building,Building_13,-615776.294982072
building_energy_grid_total_net_exchange_delta_kwh,building,Building_13,1087.2700356543064
building_equity_benefit_relative_percent,building,Building_13,-4.07515449889537
building_ev_events_departure_count,building,Building_13,2018.0
building_ev_events_departure_met_count,building,Building_13,106.0
building_ev_events_departure_within_tolerance_count,building,Building_13,39.0
building_ev_performance_departure_soc_deficit_mean_ratio,building,Building_13,0.4929667472504914
building_ev_performance_departure_success_ratio,building,Building_13,0.05252725470763132
building_ev_performance_departure_within_tolerance_ratio,building,Building_13,0.019326065411298315
building_ev_total_charge_kwh,building,Building_13,613.5159951746464
building_ev_total_v2g_export_kwh,building,Building_13,38.60542964935303
building_solar_self_consumption_daily_average_export_kwh,building,Building_13,1757.526513990089
building_solar_self_consumption_daily_average_generation_kwh,building,Building_13,1837.2319980816062
building_solar_self_consumption_ratio_self_consumption_ratio,building,Building_13,0.043383461737409264
building_solar_self_consumption_total_export_kwh,building,Building_13,641423.9473349662
building_solar_self_consumption_total_generation_kwh,building,Building_13,670513.1279665328
building_battery_health_capacity_fade_ratio,building,Building_14,4.907804142805029e-05
building_battery_health_equivalent_full_cycles_count,building,Building_14,12.786959644721394
building_battery_total_charge_kwh,building,Building_14,3090.6167459487915
building_battery_total_discharge_kwh,building,Building_14,2765.8107713336067
building_battery_total_throughput_kwh,building,Building_14,5856.427517282398
building_comfort_resilience_discomfort_cold_delta_average_c,building,Building_14,0.0
building_comfort_resilience_discomfort_cold_delta_max_c,building,Building_14,0.0
building_comfort_resilience_discomfort_cold_delta_min_c,building,Building_14,0.0
building_comfort_resilience_discomfort_cold_ratio,building,Building_14,nan
building_comfort_resilience_discomfort_hot_delta_average_c,building,Building_14,0.0
building_comfort_resilience_discomfort_hot_delta_max_c,building,Building_14,0.0
building_comfort_resilience_discomfort_hot_delta_min_c,building,Building_14,0.0
building_comfort_resilience_discomfort_hot_ratio,building,Building_14,nan
building_comfort_resilience_discomfort_overall_ratio,building,Building_14,nan
building_comfort_resilience_resilience_one_minus_thermal_ratio,building,Building_14,nan
building_comfort_resilience_resilience_unserved_energy_annual_normalized_ratio,building,Building_14,0.0
building_comfort_resilience_resilience_unserved_energy_outage_normalized_ratio,building,Building_14,nan
building_cost_daily_average_baseline_eur,building,Building_14,-148.35751796885467
building_cost_daily_average_control_eur,building,Building_14,-150.28062936520783
building_cost_daily_average_delta_eur,building,Building_14,-1.9231113963531765
building_cost_ratio_to_baseline_total_ratio,building,Building_14,1.0129626824624884
building_cost_total_baseline_eur,building,Building_14,-54144.312495383245
building_cost_total_control_eur,building,Building_14,-54846.16802541064
building_cost_total_delta_eur,building,Building_14,-701.8555300273947
building_electrical_service_phase_imbalance_phase_average_ratio,building,Building_14,0.09642753495244323
building_electrical_service_phase_phase_peaks_export_peak_l1_kw,building,Building_14,1081.7071533203125
building_electrical_service_phase_phase_peaks_export_peak_l2_kw,building,Building_14,1081.7071533203125
building_electrical_service_phase_phase_peaks_export_peak_l3_kw,building,Building_14,1081.7071533203125
building_electrical_service_phase_phase_peaks_import_peak_l1_kw,building,Building_14,17.839515686035156
building_electrical_service_phase_phase_peaks_import_peak_l2_kw,building,Building_14,17.839515686035156
building_electrical_service_phase_phase_peaks_import_peak_l3_kw,building,Building_14,17.839515686035156
building_electrical_service_phase_violations_energy_total_kwh,building,Building_14,0.0
building_electrical_service_phase_violations_event_count,building,Building_14,0.0
building_emissions_daily_average_baseline_kgco2,building,Building_14,37.440098692796916
building_emissions_daily_average_control_kgco2,building,Building_14,41.576415579923825
building_emissions_daily_average_delta_kgco2,building,Building_14,4.136316887126909
building_emissions_ratio_to_baseline_total_ratio,building,Building_14,1.1104782581121426
building_emissions_total_baseline_kgco2,building,Building_14,13664.076018758675
building_emissions_total_control_kgco2,building,Building_14,15173.659336023033
building_emissions_total_delta_kgco2,building,Building_14,1509.583317264358
building_energy_grid_daily_average_export_baseline_kwh,building,Building_14,11846.261287756279
building_energy_grid_daily_average_export_control_kwh,building,Building_14,11850.700049282741
building_energy_grid_daily_average_export_delta_kwh,building,Building_14,4.438761526461211
building_energy_grid_daily_average_import_baseline_kwh,building,Building_14,48.64889061621083
building_energy_grid_daily_average_import_control_kwh,building,Building_14,54.00410331331278
building_energy_grid_daily_average_import_delta_kwh,building,Building_14,5.355212697101955
building_energy_grid_daily_average_net_exchange_baseline_kwh,building,Building_14,-11797.612397140068
building_energy_grid_daily_average_net_exchange_control_kwh,building,Building_14,-11796.695945969428
building_energy_grid_daily_average_net_exchange_delta_kwh,building,Building_14,0.9164511706407437
building_energy_grid_ratio_to_baseline_export_total_ratio,building,Building_14,1.0003746972499288
building_energy_grid_ratio_to_baseline_import_total_ratio,building,Building_14,1.1100788245994964
building_energy_grid_ratio_to_baseline_net_exchange_total_ratio,building,Building_14,0.999922318928628
building_energy_grid_total_export_baseline_kwh,building,Building_14,4323391.775810719
building_energy_grid_total_export_control_kwh,building,Building_14,4325011.73881948
building_energy_grid_total_export_delta_kwh,building,Building_14,1619.963008761406
building_energy_grid_total_import_baseline_kwh,building,Building_14,17754.81803780794
building_energy_grid_total_import_control_kwh,building,Building_14,19709.247538387775
building_energy_grid_total_import_delta_kwh,building,Building_14,1954.429500579834
building_energy_grid_total_net_exchange_baseline_kwh,building,Building_14,-4305636.957772911
building_energy_grid_total_net_exchange_control_kwh,building,Building_14,-4305302.491281092
building_energy_grid_total_net_exchange_delta_kwh,building,Building_14,334.46649181842804
building_equity_benefit_relative_percent,building,Building_14,nan
building_ev_events_departure_count,building,Building_14,1192.0
building_ev_events_departure_met_count,building,Building_14,13.0
building_ev_events_departure_within_tolerance_count,building,Building_14,2.0
building_ev_performance_departure_soc_deficit_mean_ratio,building,Building_14,0.5062909833702985
building_ev_performance_departure_success_ratio,building,Building_14,0.010906040268456376
building_ev_performance_departure_within_tolerance_ratio,building,Building_14,0.0016778523489932886
building_ev_total_charge_kwh,building,Building_14,438.5593731403351
building_ev_total_v2g_export_kwh,building,Building_14,428.89816468954086
building_solar_self_consumption_daily_average_export_kwh,building,Building_14,11843.49030857212
building_solar_self_consumption_daily_average_generation_kwh,building,Building_14,11876.495206871134
building_solar_self_consumption_ratio_self_consumption_ratio,building,Building_14,0.0027790099456209564
building_solar_self_consumption_total_export_kwh,building,Building_14,4322380.483865966
building_solar_self_consumption_total_generation_kwh,building,Building_14,4334425.896541011
building_battery_health_capacity_fade_ratio,building,Building_15,2.8355892523563854e-05
building_battery_health_equivalent_full_cycles_count,building,Building_15,7.31652908147002
building_battery_total_charge_kwh,building,Building_15,3919.1352310180664
building_battery_total_discharge_kwh,building,Building_15,3397.3938504519538
building_battery_total_throughput_kwh,building,Building_15,7316.52908147002
building_comfort_resilience_discomfort_cold_delta_average_c,building,Building_15,0.0
building_comfort_resilience_discomfort_cold_delta_max_c,building,Building_15,0.0
building_comfort_resilience_discomfort_cold_delta_min_c,building,Building_15,0.0
building_comfort_resilience_discomfort_cold_ratio,building,Building_15,nan
building_comfort_resilience_discomfort_hot_delta_average_c,building,Building_15,0.0
building_comfort_resilience_discomfort_hot_delta_max_c,building,Building_15,0.0
building_comfort_resilience_discomfort_hot_delta_min_c,building,Building_15,0.0
building_comfort_resilience_discomfort_hot_ratio,building,Building_15,nan
building_comfort_resilience_discomfort_overall_ratio,building,Building_15,nan
building_comfort_resilience_resilience_one_minus_thermal_ratio,building,Building_15,nan
building_comfort_resilience_resilience_unserved_energy_annual_normalized_ratio,building,Building_15,0.0
building_comfort_resilience_resilience_unserved_energy_outage_normalized_ratio,building,Building_15,nan
building_cost_daily_average_baseline_eur,building,Building_15,40.42515252536126
building_cost_daily_average_control_eur,building,Building_15,39.81621170052064
building_cost_daily_average_delta_eur,building,Building_15,-0.6089408248406251
building_cost_ratio_to_baseline_total_ratio,building,Building_15,0.9849365855958466
building_cost_total_baseline_eur,building,Building_15,14753.496290401637
building_cost_total_control_eur,building,Building_15,14531.258261869178
building_cost_total_delta_eur,building,Building_15,-222.2380285324598
building_electrical_service_phase_imbalance_phase_average_ratio,building,Building_15,0.07698229784652451
building_electrical_service_phase_phase_peaks_export_peak_l1_kw,building,Building_15,1064.177734375
building_electrical_service_phase_phase_peaks_export_peak_l2_kw,building,Building_15,1064.177734375
building_electrical_service_phase_phase_peaks_export_peak_l3_kw,building,Building_15,1064.177734375
building_electrical_service_phase_phase_peaks_import_peak_l1_kw,building,Building_15,48.41945266723633
building_electrical_service_phase_phase_peaks_import_peak_l2_kw,building,Building_15,48.41945266723633
building_electrical_service_phase_phase_peaks_import_peak_l3_kw,building,Building_15,48.41945266723633
building_electrical_service_phase_violations_energy_total_kwh,building,Building_15,0.0
building_electrical_service_phase_violations_event_count,building,Building_15,0.0
building_emissions_daily_average_baseline_kgco2,building,Building_15,183.88365007237593
building_emissions_daily_average_control_kgco2,building,Building_15,189.69267335332074
building_emissions_daily_average_delta_kgco2,building,Building_15,5.809023280944829
building_emissions_ratio_to_baseline_total_ratio,building,Building_15,1.0315907546900358
building_emissions_total_baseline_kgco2,building,Building_15,67109.87045766419
building_emissions_total_control_kgco2,building,Building_15,69229.92191257235
building_emissions_total_delta_kgco2,building,Building_15,2120.0514549081563
building_energy_grid_daily_average_export_baseline_kwh,building,Building_15,6537.410590599847
building_energy_grid_daily_average_export_control_kwh,building,Building_15,6542.441587393055
building_energy_grid_daily_average_export_delta_kwh,building,Building_15,5.030996793208431
building_energy_grid_daily_average_import_baseline_kwh,building,Building_15,239.79976903440058
building_energy_grid_daily_average_import_control_kwh,building,Building_15,247.3319481165442
building_energy_grid_daily_average_import_delta_kwh,building,Building_15,7.532179082143605
building_energy_grid_daily_average_net_exchange_baseline_kwh,building,Building_15,-6297.610821565446
building_energy_grid_daily_average_net_exchange_control_kwh,building,Building_15,-6295.10963927651
building_energy_grid_daily_average_net_exchange_delta_kwh,building,Building_15,2.501182288935174
building_energy_grid_ratio_to_baseline_export_total_ratio,building,Building_15,1.000769570263866
building_energy_grid_ratio_to_baseline_import_total_ratio,building,Building_15,1.0314102849743074
building_energy_grid_ratio_to_baseline_net_exchange_total_ratio,building,Building_15,0.9996028363200263
building_energy_grid_total_export_baseline_kwh,building,Building_15,2385882.473461002
building_energy_grid_total_export_control_kwh,building,Building_15,2387718.577665657
building_energy_grid_total_export_delta_kwh,building,Building_15,1836.1042046546936
building_energy_grid_total_import_baseline_kwh,building,Building_15,87516.92404051311
building_energy_grid_total_import_control_kwh,building,Building_15,90265.85556470044
building_energy_grid_total_import_delta_kwh,building,Building_15,2748.9315241873264
building_energy_grid_total_net_exchange_baseline_kwh,building,Building_15,-2298365.549420489
building_energy_grid_total_net_exchange_control_kwh,building,Building_15,-2297452.7221009564
building_energy_grid_total_net_exchange_delta_kwh,building,Building_15,912.8273195326328
building_equity_benefit_relative_percent,building,Building_15,1.5063414404153401
building_ev_events_departure_count,building,Building_15,1535.0
building_ev_events_departure_met_count,building,Building_15,85.0
building_ev_events_departure_within_tolerance_count,building,Building_15,27.0
building_ev_performance_departure_soc_deficit_mean_ratio,building,Building_15,0.4937074737317751
building_ev_performance_departure_success_ratio,building,Building_15,0.05537459283387622
building_ev_performance_departure_within_tolerance_ratio,building,Building_15,0.01758957654723127
building_ev_total_charge_kwh,building,Building_15,457.3426399976015
building_ev_total_v2g_export_kwh,building,Building_15,66.25712063908577
building_solar_self_consumption_daily_average_export_kwh,building,Building_15,6535.0971615674825
building_solar_self_consumption_daily_average_generation_kwh,building,Building_15,6693.004380648951
building_solar_self_consumption_ratio_self_consumption_ratio,building,Building_15,0.023592875501174837
building_solar_self_consumption_total_export_kwh,building,Building_15,2385038.1682570656
building_solar_self_consumption_total_generation_kwh,building,Building_15,2442667.72375434
building_battery_health_capacity_fade_ratio,building,Building_16,3.653762923713253e-05
building_battery_health_equivalent_full_cycles_count,building,Building_16,10.156265999190222
building_battery_total_charge_kwh,building,Building_16,17428.35658961814
building_battery_total_discharge_kwh,building,Building_16,15518.570311754942
building_battery_total_throughput_kwh,building,Building_16,32946.92690137308
building_comfort_resilience_discomfort_cold_delta_average_c,building,Building_16,0.0
building_comfort_resilience_discomfort_cold_delta_max_c,building,Building_16,0.0
building_comfort_resilience_discomfort_cold_delta_min_c,building,Building_16,0.0
building_comfort_resilience_discomfort_cold_ratio,building,Building_16,nan
building_comfort_resilience_discomfort_hot_delta_average_c,building,Building_16,0.0
building_comfort_resilience_discomfort_hot_delta_max_c,building,Building_16,0.0
building_comfort_resilience_discomfort_hot_delta_min_c,building,Building_16,0.0
building_comfort_resilience_discomfort_hot_ratio,building,Building_16,nan
building_comfort_resilience_discomfort_overall_ratio,building,Building_16,nan
building_comfort_resilience_resilience_one_minus_thermal_ratio,building,Building_16,nan
building_comfort_resilience_resilience_unserved_energy_annual_normalized_ratio,building,Building_16,0.0
building_comfort_resilience_resilience_unserved_energy_outage_normalized_ratio,building,Building_16,nan
building_cost_daily_average_baseline_eur,building,Building_16,390.2872543491642
building_cost_daily_average_control_eur,building,Building_16,391.3984322521279
building_cost_daily_average_delta_eur,building,Building_16,1.1111779029637467
building_cost_ratio_to_baseline_total_ratio,building,Building_16,1.0028470770966291
building_cost_total_baseline_eur,building,Building_16,142438.5858685137
building_cost_total_control_eur,building,Building_16,142844.11950401618
building_cost_total_delta_eur,building,Building_16,405.5336355024774
building_electrical_service_phase_imbalance_phase_average_ratio,building,Building_16,0.02850635893659877
building_electrical_service_phase_phase_peaks_export_peak_l1_kw,building,Building_16,1058.4517822265625
building_electrical_service_phase_phase_peaks_export_peak_l2_kw,building,Building_16,1058.4517822265625
building_electrical_service_phase_phase_peaks_export_peak_l3_kw,building,Building_16,1058.4517822265625
building_electrical_service_phase_phase_peaks_import_peak_l1_kw,building,Building_16,155.88336181640625
building_electrical_service_phase_phase_peaks_import_peak_l2_kw,building,Building_16,155.88336181640625
building_electrical_service_phase_phase_peaks_import_peak_l3_kw,building,Building_16,155.88336181640625
building_electrical_service_phase_violations_energy_total_kwh,building,Building_16,0.0
building_electrical_service_phase_violations_event_count,building,Building_16,0.0
building_emissions_daily_average_baseline_kgco2,building,Building_16,672.8658914912271
building_emissions_daily_average_control_kgco2,building,Building_16,694.5135395541313
building_emissions_daily_average_delta_kgco2,building,Building_16,21.647648062904167
building_emissions_ratio_to_baseline_total_ratio,building,Building_16,1.032172307047587
building_emissions_total_baseline_kgco2,building,Building_16,245568.01431548575
building_emissions_total_control_kgco2,building,Building_16,253468.50387310982
building_emissions_total_delta_kgco2,building,Building_16,7900.489557624067
building_energy_grid_daily_average_export_baseline_kwh,building,Building_16,6474.618259584337
building_energy_grid_daily_average_export_control_kwh,building,Building_16,6496.019631689699
building_energy_grid_daily_average_export_delta_kwh,building,Building_16,21.401372105362945
building_energy_grid_daily_average_import_baseline_kwh,building,Building_16,873.8574107564575
building_energy_grid_daily_average_import_control_kwh,building,Building_16,901.7518478515065
building_energy_grid_daily_average_import_delta_kwh,building,Building_16,27.894437095048918
building_energy_grid_daily_average_net_exchange_baseline_kwh,building,Building_16,-5600.760848827879
building_energy_grid_daily_average_net_exchange_control_kwh,building,Building_16,-5594.267783838193
building_energy_grid_daily_average_net_exchange_delta_kwh,building,Building_16,6.493064989685972
building_energy_grid_ratio_to_baseline_export_total_ratio,building,Building_16,1.003305426088045
building_energy_grid_ratio_to_baseline_import_total_ratio,building,Building_16,1.0319210396933087
building_energy_grid_ratio_to_baseline_net_exchange_total_ratio,building,Building_16,0.9988406816207757
building_energy_grid_total_export_baseline_kwh,building,Building_16,2362965.8889874667
building_energy_grid_total_export_control_kwh,building,Building_16,2370776.4980820864
building_energy_grid_total_export_delta_kwh,building,Building_16,7810.609094619751
building_energy_grid_total_import_baseline_kwh,building,Building_16,318921.5442006588
building_energy_grid_total_import_control_kwh,building,Building_16,329101.85147213936
building_energy_grid_total_import_delta_kwh,building,Building_16,10180.30727148056
building_energy_grid_total_net_exchange_baseline_kwh,building,Building_16,-2044044.344786808
building_energy_grid_total_net_exchange_control_kwh,building,Building_16,-2041674.646609947
building_energy_grid_total_net_exchange_delta_kwh,building,Building_16,2369.6981768608093
building_equity_benefit_relative_percent,building,Building_16,-0.28470770966290626
building_ev_events_departure_count,building,Building_16,2133.0
building_ev_events_departure_met_count,building,Building_16,109.0
building_ev_events_departure_within_tolerance_count,building,Building_16,37.0
building_ev_performance_departure_soc_deficit_mean_ratio,building,Building_16,0.49407754211205407
building_ev_performance_departure_success_ratio,building,Building_16,0.05110173464603844
building_ev_performance_departure_within_tolerance_ratio,building,Building_16,0.017346460384435068
building_ev_total_charge_kwh,building,Building_16,553.1733643338084
building_ev_total_v2g_export_kwh,building,Building_16,93.26190900802612
building_solar_self_consumption_daily_average_export_kwh,building,Building_16,6466.709387347184
building_solar_self_consumption_daily_average_generation_kwh,building,Building_16,6959.542168342368
building_solar_self_consumption_ratio_self_consumption_ratio,building,Building_16,0.07081396578599478
building_solar_self_consumption_total_export_kwh,building,Building_16,2360079.480157249
building_solar_self_consumption_total_generation_kwh,building,Building_16,2539942.9105212833
building_battery_health_capacity_fade_ratio,building,Building_17,5.230221096552961e-05
building_battery_health_equivalent_full_cycles_count,building,Building_17,13.248599477742157
building_battery_total_charge_kwh,building,Building_17,10534.291907886354
building_battery_total_discharge_kwh,building,Building_17,8994.143722305584
building_battery_total_throughput_kwh,building,Building_17,19528.43563019194
building_comfort_resilience_discomfort_cold_delta_average_c,building,Building_17,0.0
building_comfort_resilience_discomfort_cold_delta_max_c,building,Building_17,0.0
building_comfort_resilience_discomfort_cold_delta_min_c,building,Building_17,0.0
building_comfort_resilience_discomfort_cold_ratio,building,Building_17,nan
building_comfort_resilience_discomfort_hot_delta_average_c,building,Building_17,0.0
building_comfort_resilience_discomfort_hot_delta_max_c,building,Building_17,0.0
building_comfort_resilience_discomfort_hot_delta_min_c,building,Building_17,0.0
building_comfort_resilience_discomfort_hot_ratio,building,Building_17,nan
building_comfort_resilience_discomfort_overall_ratio,building,Building_17,nan
building_comfort_resilience_resilience_one_minus_thermal_ratio,building,Building_17,nan
building_comfort_resilience_resilience_unserved_energy_annual_normalized_ratio,building,Building_17,0.0
building_comfort_resilience_resilience_unserved_energy_outage_normalized_ratio,building,Building_17,nan
building_cost_daily_average_baseline_eur,building,Building_17,263.219045077953
building_cost_daily_average_control_eur,building,Building_17,266.18607778274026
building_cost_daily_average_delta_eur,building,Building_17,2.967032704787222
building_cost_ratio_to_baseline_total_ratio,building,Building_17,1.0112721049645497
building_cost_total_baseline_eur,building,Building_17,96063.98399324127
building_cost_total_control_eur,building,Building_17,97146.82730412591
building_cost_total_delta_eur,building,Building_17,1082.8433108846366
building_electrical_service_phase_imbalance_phase_average_ratio,building,Building_17,0.051563051731644605
building_electrical_service_phase_phase_peaks_export_peak_l1_kw,building,Building_17,174.0281982421875
building_electrical_service_phase_phase_peaks_export_peak_l2_kw,building,Building_17,174.0281982421875
building_electrical_service_phase_phase_peaks_export_peak_l3_kw,building,Building_17,174.0281982421875
building_electrical_service_phase_phase_peaks_import_peak_l1_kw,building,Building_17,68.11885070800781
building_electrical_service_phase_phase_peaks_import_peak_l2_kw,building,Building_17,68.11885070800781
building_electrical_service_phase_phase_peaks_import_peak_l3_kw,building,Building_17,68.11885070800781
building_electrical_service_phase_violations_energy_total_kwh,building,Building_17,0.0
building_electrical_service_phase_violations_event_count,building,Building_17,0.0
building_emissions_daily_average_baseline_kgco2,building,Building_17,390.84013317397125
building_emissions_daily_average_control_kgco2,building,Building_17,407.10356041320534
building_emissions_daily_average_delta_kgco2,building,Building_17,16.263427239234094
building_emissions_ratio_to_baseline_total_ratio,building,Building_17,1.0416114566003254
building_emissions_total_baseline_kgco2,building,Building_17,142640.3636029506
building_emissions_total_control_kgco2,building,Building_17,148575.8369024694
building_emissions_total_delta_kgco2,building,Building_17,5935.47329951881
building_energy_grid_daily_average_export_baseline_kwh,building,Building_17,815.0765742131437
building_energy_grid_daily_average_export_control_kwh,building,Building_17,830.2705554051382
building_energy_grid_daily_average_export_delta_kwh,building,Building_17,15.193981191994652
building_energy_grid_daily_average_import_baseline_kwh,building,Building_17,508.2154530548508
building_energy_grid_daily_average_import_control_kwh,building,Building_17,529.214609293813
building_energy_grid_daily_average_import_delta_kwh,building,Building_17,20.999156238962247
building_energy_grid_daily_average_net_exchange_baseline_kwh,building,Building_17,-306.8611211582928
building_energy_grid_daily_average_net_exchange_control_kwh,building,Building_17,-301.0559461113252
building_energy_grid_daily_average_net_exchange_delta_kwh,building,Building_17,5.8051750469675945
building_energy_grid_ratio_to_baseline_export_total_ratio,building,Building_17,1.0186411702565032
building_energy_grid_ratio_to_baseline_import_total_ratio,building,Building_17,1.041319397339726
building_energy_grid_ratio_to_baseline_net_exchange_total_ratio,building,Building_17,0.9810820770482259
building_energy_grid_total_export_baseline_kwh,building,Building_17,297468.98806387186
building_energy_grid_total_export_control_kwh,building,Building_17,303014.15811640024
building_energy_grid_total_export_delta_kwh,building,Building_17,5545.170052528381
building_energy_grid_total_import_baseline_kwh,building,Building_17,185477.46472114325
building_energy_grid_total_import_control_kwh,building,Building_17,193141.28178352118
building_energy_grid_total_import_delta_kwh,building,Building_17,7663.81706237793
building_energy_grid_total_net_exchange_baseline_kwh,building,Building_17,-111991.52334272861
building_energy_grid_total_net_exchange_control_kwh,building,Building_17,-109872.87633287907
building_energy_grid_total_net_exchange_delta_kwh,building,Building_17,2118.6470098495483
building_equity_benefit_relative_percent,building,Building_17,-1.1272104964549687
building_ev_events_departure_count,building,Building_17,2112.0
building_ev_events_departure_met_count,building,Building_17,133.0
building_ev_events_departure_within_tolerance_count,building,Building_17,54.0
building_ev_performance_departure_soc_deficit_mean_ratio,building,Building_17,0.49158482449227586
building_ev_performance_departure_success_ratio,building,Building_17,0.06297348484848485
building_ev_performance_departure_within_tolerance_ratio,building,Building_17,0.02556818181818182
building_ev_total_charge_kwh,building,Building_17,700.5233999043703
building_ev_total_v2g_export_kwh,building,Building_17,122.02445340156555
building_solar_self_consumption_daily_average_export_kwh,building,Building_17,813.0763071113489
building_solar_self_consumption_daily_average_generation_kwh,building,Building_17,1088.8507072733
building_solar_self_consumption_ratio_self_consumption_ratio,building,Building_17,0.25327108511739443
building_solar_self_consumption_total_export_kwh,building,Building_17,296738.9739161794
building_solar_self_consumption_total_generation_kwh,building,Building_17,397385.1393752848
building_battery_health_capacity_fade_ratio,building,Building_2,2.1203776968757697e-05
building_battery_health_equivalent_full_cycles_count,building,Building_2,6.598521218443045
building_battery_total_charge_kwh,building,Building_2,1775.6020591290144
building_battery_total_discharge_kwh,building,Building_2,1444.4762954711914
building_battery_total_throughput_kwh,building,Building_2,3220.078354600206
building_comfort_resilience_discomfort_cold_delta_average_c,building,Building_2,0.0
building_comfort_resilience_discomfort_cold_delta_max_c,building,Building_2,0.0
building_comfort_resilience_discomfort_cold_delta_min_c,building,Building_2,0.0
building_comfort_resilience_discomfort_cold_ratio,building,Building_2,nan
building_comfort_resilience_discomfort_hot_delta_average_c,building,Building_2,0.0
building_comfort_resilience_discomfort_hot_delta_max_c,building,Building_2,0.0
building_comfort_resilience_discomfort_hot_delta_min_c,building,Building_2,0.0
building_comfort_resilience_discomfort_hot_ratio,building,Building_2,nan
building_comfort_resilience_discomfort_overall_ratio,building,Building_2,nan
building_comfort_resilience_resilience_one_minus_thermal_ratio,building,Building_2,nan
building_comfort_resilience_resilience_unserved_energy_annual_normalized_ratio,building,Building_2,0.0
building_comfort_resilience_resilience_unserved_energy_outage_normalized_ratio,building,Building_2,nan
building_cost_daily_average_baseline_eur,building,Building_2,-15.969299662057336
building_cost_daily_average_control_eur,building,Building_2,-17.0645327720795
building_cost_daily_average_delta_eur,building,Building_2,-1.0952331100221624
building_cost_ratio_to_baseline_total_ratio,building,Building_2,1.0685836657335956
building_cost_total_baseline_eur,building,Building_2,-5828.1289891650085
building_cost_total_control_eur,building,Building_2,-6227.84343961018
building_cost_total_delta_eur,building,Building_2,-399.7144504451717
building_electrical_service_phase_imbalance_phase_average_ratio,building,Building_2,0.1043552590093776
building_electrical_service_phase_phase_peaks_export_peak_l1_kw,building,Building_2,923.2301635742188
building_electrical_service_phase_phase_peaks_export_peak_l2_kw,building,Building_2,923.2301635742188
building_electrical_service_phase_phase_peaks_export_peak_l3_kw,building,Building_2,923.2301635742188
building_electrical_service_phase_phase_peaks_import_peak_l1_kw,building,Building_2,28.493206024169922
building_electrical_service_phase_phase_peaks_import_peak_l2_kw,building,Building_2,28.493206024169922
building_electrical_service_phase_phase_peaks_import_peak_l3_kw,building,Building_2,28.493206024169922
building_electrical_service_phase_violations_energy_total_kwh,building,Building_2,0.0
building_electrical_service_phase_violations_event_count,building,Building_2,0.0
building_emissions_daily_average_baseline_kgco2,building,Building_2,85.11332232579298
building_emissions_daily_average_control_kgco2,building,Building_2,87.07171992572091
building_emissions_daily_average_delta_kgco2,building,Building_2,1.9583975999279302
building_emissions_ratio_to_baseline_total_ratio,building,Building_2,1.0230092956826624
building_emissions_total_baseline_kgco2,building,Building_2,31062.816260484196
building_emissions_total_control_kgco2,building,Building_2,31777.549784557894
building_emissions_total_delta_kgco2,building,Building_2,714.7335240736975
building_energy_grid_daily_average_export_baseline_kwh,building,Building_2,5349.363805620403
building_energy_grid_daily_average_export_control_kwh,building,Building_2,5350.858621872755
building_energy_grid_daily_average_export_delta_kwh,building,Building_2,1.494816252352073
building_energy_grid_daily_average_import_baseline_kwh,building,Building_2,110.99879040244642
building_energy_grid_daily_average_import_control_kwh,building,Building_2,113.50212539680484
building_energy_grid_daily_average_import_delta_kwh,building,Building_2,2.503334994358428
building_energy_grid_daily_average_net_exchange_baseline_kwh,building,Building_2,-5238.365015217956
building_energy_grid_daily_average_net_exchange_control_kwh,building,Building_2,-5237.35649647595
building_energy_grid_daily_average_net_exchange_delta_kwh,building,Building_2,1.008518742006355
building_energy_grid_ratio_to_baseline_export_total_ratio,building,Building_2,1.0002794381363223
building_energy_grid_ratio_to_baseline_import_total_ratio,building,Building_2,1.0225528132809567
building_energy_grid_ratio_to_baseline_net_exchange_total_ratio,building,Building_2,0.9998074745194204
building_energy_grid_total_export_baseline_kwh,building,Building_2,1952294.8988928795
building_energy_grid_total_export_control_kwh,building,Building_2,1952840.4445409775
building_energy_grid_total_export_delta_kwh,building,Building_2,545.545648097992
building_energy_grid_total_import_baseline_kwh,building,Building_2,40509.933547292836
building_energy_grid_total_import_control_kwh,building,Building_2,41423.5465146089
building_energy_grid_total_import_delta_kwh,building,Building_2,913.6129673160613
building_energy_grid_total_net_exchange_baseline_kwh,building,Building_2,-1911784.9653455867
building_energy_grid_total_net_exchange_control_kwh,building,Building_2,-1911416.8980263686
building_energy_grid_total_net_exchange_delta_kwh,building,Building_2,368.0673192180693
building_equity_benefit_relative_percent,building,Building_2,nan
building_ev_events_departure_count,building,Building_2,542.0
building_ev_events_departure_met_count,building,Building_2,9.0
building_ev_events_departure_within_tolerance_count,building,Building_2,7.0
building_ev_performance_departure_soc_deficit_mean_ratio,building,Building_2,0.5199086252542725
building_ev_performance_departure_success_ratio,building,Building_2,0.016605166051660517
building_ev_performance_departure_within_tolerance_ratio,building,Building_2,0.012915129151291513
building_ev_total_charge_kwh,building,Building_2,59.778337717056274
building_ev_total_v2g_export_kwh,building,Building_2,22.836620569229126
building_solar_self_consumption_daily_average_export_kwh,building,Building_2,5348.269083397085
building_solar_self_consumption_daily_average_generation_kwh,building,Building_2,5424.796181722015
building_solar_self_consumption_ratio_self_consumption_ratio,building,Building_2,0.014106907570606118
building_solar_self_consumption_total_export_kwh,building,Building_2,1951895.3708947944
building_solar_self_consumption_total_generation_kwh,building,Building_2,1979824.5731542967
building_battery_health_capacity_fade_ratio,building,Building_3,4.40465445731189e-05
building_battery_health_equivalent_full_cycles_count,building,Building_3,11.455107148412996
building_battery_total_charge_kwh,building,Building_3,28752.198505090084
building_battery_total_discharge_kwh,building,Building_3,25384.637878309728
building_battery_total_throughput_kwh,building,Building_3,54136.836383399816
building_comfort_resilience_discomfort_cold_delta_average_c,building,Building_3,0.0
building_comfort_resilience_discomfort_cold_delta_max_c,building,Building_3,0.0
building_comfort_resilience_discomfort_cold_delta_min_c,building,Building_3,0.0
building_comfort_resilience_discomfort_cold_ratio,building,Building_3,nan
building_comfort_resilience_discomfort_hot_delta_average_c,building,Building_3,0.0
building_comfort_resilience_discomfort_hot_delta_max_c,building,Building_3,0.0
building_comfort_resilience_discomfort_hot_delta_min_c,building,Building_3,0.0
building_comfort_resilience_discomfort_hot_ratio,building,Building_3,nan
building_comfort_resilience_discomfort_overall_ratio,building,Building_3,nan
building_comfort_resilience_resilience_one_minus_thermal_ratio,building,Building_3,nan
building_comfort_resilience_resilience_unserved_energy_annual_normalized_ratio,building,Building_3,0.0
building_comfort_resilience_resilience_unserved_energy_outage_normalized_ratio,building,Building_3,nan
building_cost_daily_average_baseline_eur,building,Building_3,444.5804833830277
building_cost_daily_average_control_eur,building,Building_3,449.518329753732
building_cost_daily_average_delta_eur,building,Building_3,4.937846370704296
building_cost_ratio_to_baseline_total_ratio,building,Building_3,1.0111067546940653
building_cost_total_baseline_eur,building,Building_3,162253.35224799748
building_cost_total_control_eur,building,Building_3,164055.46042970577
building_cost_total_delta_eur,building,Building_3,1802.1081817082886
building_electrical_service_phase_imbalance_phase_average_ratio,building,Building_3,0.03033457327217418
building_electrical_service_phase_phase_peaks_export_peak_l1_kw,building,Building_3,676.5736083984375
building_electrical_service_phase_phase_peaks_export_peak_l2_kw,building,Building_3,676.5736083984375
building_electrical_service_phase_phase_peaks_export_peak_l3_kw,building,Building_3,676.5736083984375
building_electrical_service_phase_phase_peaks_import_peak_l1_kw,building,Building_3,215.98007202148438
building_electrical_service_phase_phase_peaks_import_peak_l2_kw,building,Building_3,215.98007202148438
building_electrical_service_phase_phase_peaks_import_peak_l3_kw,building,Building_3,215.98007202148438
building_electrical_service_phase_violations_energy_total_kwh,building,Building_3,0.0
building_electrical_service_phase_violations_event_count,building,Building_3,0.0
building_emissions_daily_average_baseline_kgco2,building,Building_3,697.7621521968787
building_emissions_daily_average_control_kgco2,building,Building_3,737.8650092811451
building_emissions_daily_average_delta_kgco2,building,Building_3,40.102857084266454
building_emissions_ratio_to_baseline_total_ratio,building,Building_3,1.0574735344386395
building_emissions_total_baseline_kgco2,building,Building_3,254654.1121288525
building_emissions_total_control_kgco2,building,Building_3,269289.98401223123
building_emissions_total_delta_kgco2,building,Building_3,14635.871883378742
building_energy_grid_daily_average_export_baseline_kwh,building,Building_3,3544.4183312571886
building_energy_grid_daily_average_export_control_kwh,building,Building_3,3585.8076500262773
building_energy_grid_daily_average_export_delta_kwh,building,Building_3,41.38931876908891
building_energy_grid_daily_average_import_baseline_kwh,building,Building_3,905.3483009556546
building_energy_grid_daily_average_import_control_kwh,building,Building_3,956.8447866626411
building_energy_grid_daily_average_import_delta_kwh,building,Building_3,51.49648570698655
building_energy_grid_daily_average_net_exchange_baseline_kwh,building,Building_3,-2639.0700303015337
building_energy_grid_daily_average_net_exchange_control_kwh,building,Building_3,-2628.962863363636
building_energy_grid_daily_average_net_exchange_delta_kwh,building,Building_3,10.107166937897638
building_energy_grid_ratio_to_baseline_export_total_ratio,building,Building_3,1.0116773233012843
building_energy_grid_ratio_to_baseline_import_total_ratio,building,Building_3,1.0568803030310308
building_energy_grid_ratio_to_baseline_net_exchange_total_ratio,building,Building_3,0.9961701785773593
building_energy_grid_total_export_baseline_kwh,building,Building_3,1293565.006811738
building_energy_grid_total_export_control_kwh,building,Building_3,1308670.3836075068
building_energy_grid_total_export_delta_kwh,building,Building_3,15105.376795768738
building_energy_grid_total_import_baseline_kwh,building,Building_3,330414.4070029408
building_energy_grid_total_import_control_kwh,building,Building_3,349208.4785990864
building_energy_grid_total_import_delta_kwh,building,Building_3,18794.07159614563
building_energy_grid_total_net_exchange_baseline_kwh,building,Building_3,-963150.5998087972
building_energy_grid_total_net_exchange_control_kwh,building,Building_3,-959461.9050084203
building_energy_grid_total_net_exchange_delta_kwh,building,Building_3,3688.694800376892
building_equity_benefit_relative_percent,building,Building_3,-1.1106754694065375
building_ev_events_departure_count,building,Building_3,2505.0
building_ev_events_departure_met_count,building,Building_3,54.0
building_ev_events_departure_within_tolerance_count,building,Building_3,16.0
building_ev_performance_departure_soc_deficit_mean_ratio,building,Building_3,0.4801102936607621
building_ev_performance_departure_success_ratio,building,Building_3,0.02155688622754491
building_ev_performance_departure_within_tolerance_ratio,building,Building_3,0.006387225548902195
building_ev_total_charge_kwh,building,Building_3,610.9675801545382
building_ev_total_v2g_export_kwh,building,Building_3,289.8337551355362
building_solar_self_consumption_daily_average_export_kwh,building,Building_3,3529.2917418383486
building_solar_self_consumption_daily_average_generation_kwh,building,Building_3,4032.638971789137
building_solar_self_consumption_ratio_self_consumption_ratio,building,Building_3,0.12481832206453916
building_solar_self_consumption_total_export_kwh,building,Building_3,1288044.4319484206
building_solar_self_consumption_total_generation_kwh,building,Building_3,1471745.1980792105
building_battery_health_capacity_fade_ratio,building,Building_4,0.00016740037237319896
building_battery_health_equivalent_full_cycles_count,building,Building_4,24.515408961849253
building_battery_total_charge_kwh,building,Building_4,12064.277325780131
building_battery_total_discharge_kwh,building,Building_4,10195.714011578992
building_battery_total_throughput_kwh,building,Building_4,22259.991337359123
building_comfort_resilience_discomfort_cold_delta_average_c,building,Building_4,0.0
building_comfort_resilience_discomfort_cold_delta_max_c,building,Building_4,0.0
building_comfort_resilience_discomfort_cold_delta_min_c,building,Building_4,0.0
building_comfort_resilience_discomfort_cold_ratio,building,Building_4,nan
building_comfort_resilience_discomfort_hot_delta_average_c,building,Building_4,0.0
building_comfort_resilience_discomfort_hot_delta_max_c,building,Building_4,0.0
building_comfort_resilience_discomfort_hot_delta_min_c,building,Building_4,0.0
building_comfort_resilience_discomfort_hot_ratio,building,Building_4,nan
building_comfort_resilience_discomfort_overall_ratio,building,Building_4,nan
building_comfort_resilience_resilience_one_minus_thermal_ratio,building,Building_4,nan
building_comfort_resilience_resilience_unserved_energy_annual_normalized_ratio,building,Building_4,0.0
building_comfort_resilience_resilience_unserved_energy_outage_normalized_ratio,building,Building_4,nan
building_cost_daily_average_baseline_eur,building,Building_4,781.1212305637486
building_cost_daily_average_control_eur,building,Building_4,786.5782505776547
building_cost_daily_average_delta_eur,building,Building_4,5.457020013906059
building_cost_ratio_to_baseline_total_ratio,building,Building_4,1.006986137106999
building_cost_total_baseline_eur,building,Building_4,285076.70243782806
building_cost_total_control_eur,building,Building_4,287068.28736706986
building_cost_total_delta_eur,building,Building_4,1991.5849292417988
building_electrical_service_phase_imbalance_phase_average_ratio,building,Building_4,0.027872002667444717
building_electrical_service_phase_phase_peaks_export_peak_l1_kw,building,Building_4,242.67604064941406
building_electrical_service_phase_phase_peaks_export_peak_l2_kw,building,Building_4,242.67604064941406
building_electrical_service_phase_phase_peaks_export_peak_l3_kw,building,Building_4,242.67604064941406
building_electrical_service_phase_phase_peaks_import_peak_l1_kw,building,Building_4,225.83058166503906
building_electrical_service_phase_phase_peaks_import_peak_l2_kw,building,Building_4,225.83058166503906
building_electrical_service_phase_phase_peaks_import_peak_l3_kw,building,Building_4,225.83058166503906
building_electrical_service_phase_violations_energy_total_kwh,building,Building_4,0.0
building_electrical_service_phase_violations_event_count,building,Building_4,0.0
building_emissions_daily_average_baseline_kgco2,building,Building_4,1158.3614612513215
building_emissions_daily_average_control_kgco2,building,Building_4,1175.9290253922186
building_emissions_daily_average_delta_kgco2,building,Building_4,17.56756414089709
building_emissions_ratio_to_baseline_total_ratio,building,Building_4,1.0151658741494385
building_emissions_total_baseline_kgco2,building,Building_4,422753.66829584684
building_emissions_total_control_kgco2,building,Building_4,429165.0972254351
building_emissions_total_delta_kgco2,building,Building_4,6411.428929588234
building_energy_grid_daily_average_export_baseline_kwh,building,Building_4,300.2414585316218
building_energy_grid_daily_average_export_control_kwh,building,Building_4,317.22205425237655
building_energy_grid_daily_average_export_delta_kwh,building,Building_4,16.980595720754746
building_energy_grid_daily_average_import_baseline_kwh,building,Building_4,1534.2846457247376
building_energy_grid_daily_average_import_control_kwh,building,Building_4,1556.7886218783356
building_energy_grid_daily_average_import_delta_kwh,building,Building_4,22.5039761535979
building_energy_grid_daily_average_net_exchange_baseline_kwh,building,Building_4,1234.0431871931157
building_energy_grid_daily_average_net_exchange_control_kwh,building,Building_4,1239.566567625959
building_energy_grid_daily_average_net_exchange_delta_kwh,building,Building_4,5.5233804328431555
building_energy_grid_ratio_to_baseline_export_total_ratio,building,Building_4,1.0565564655987252
building_energy_grid_ratio_to_baseline_import_total_ratio,building,Building_4,1.0146674062184646
building_energy_grid_ratio_to_baseline_net_exchange_total_ratio,building,Building_4,1.0044758404650378
building_energy_grid_total_export_baseline_kwh,building,Building_4,109575.6223032698
building_energy_grid_total_export_control_kwh,building,Building_4,115772.83221652359
building_energy_grid_total_export_delta_kwh,building,Building_4,6197.209913253784
building_energy_grid_total_import_baseline_kwh,building,Building_4,559949.967162624
building_energy_grid_total_import_control_kwh,building,Building_4,568162.9807930142
building_energy_grid_total_import_delta_kwh,building,Building_4,8213.013630390167
building_energy_grid_total_net_exchange_baseline_kwh,building,Building_4,450374.3448593542
building_energy_grid_total_net_exchange_control_kwh,building,Building_4,452390.1485764906
building_energy_grid_total_net_exchange_delta_kwh,building,Building_4,2015.803717136383
building_equity_benefit_relative_percent,building,Building_4,-0.6986137106998915
building_ev_events_departure_count,building,Building_4,1426.0
building_ev_events_departure_met_count,building,Building_4,33.0
building_ev_events_departure_within_tolerance_count,building,Building_4,11.0
building_ev_performance_departure_soc_deficit_mean_ratio,building,Building_4,0.5123699000540205
building_ev_performance_departure_success_ratio,building,Building_4,0.02314165497896213
building_ev_performance_departure_within_tolerance_ratio,building,Building_4,0.007713884992987377
building_ev_total_charge_kwh,building,Building_4,219.30346320569515
building_ev_total_v2g_export_kwh,building,Building_4,72.06302678585052
building_solar_self_consumption_daily_average_export_kwh,building,Building_4,308.19528022538805
building_solar_self_consumption_daily_average_generation_kwh,building,Building_4,1695.2977538090224
building_solar_self_consumption_ratio_self_consumption_ratio,building,Building_4,0.8182058110246829
building_solar_self_consumption_total_export_kwh,building,Building_4,112478.43581225723
building_solar_self_consumption_total_generation_kwh,building,Building_4,618713.0427338844
building_battery_health_capacity_fade_ratio,building,Building_5,7.934066975387383e-05
building_battery_health_equivalent_full_cycles_count,building,Building_5,15.546267018851033
building_battery_total_charge_kwh,building,Building_5,3926.2083761759905
building_battery_total_discharge_kwh,building,Building_5,3349.4445886462927
building_battery_total_throughput_kwh,building,Building_5,7275.652964822283
building_comfort_resilience_discomfort_cold_delta_average_c,building,Building_5,0.0
building_comfort_resilience_discomfort_cold_delta_max_c,building,Building_5,0.0
building_comfort_resilience_discomfort_cold_delta_min_c,building,Building_5,0.0
building_comfort_resilience_discomfort_cold_ratio,building,Building_5,nan
building_comfort_resilience_discomfort_hot_delta_average_c,building,Building_5,0.0
building_comfort_resilience_discomfort_hot_delta_max_c,building,Building_5,0.0
building_comfort_resilience_discomfort_hot_delta_min_c,building,Building_5,0.0
building_comfort_resilience_discomfort_hot_ratio,building,Building_5,nan
building_comfort_resilience_discomfort_overall_ratio,building,Building_5,nan
building_comfort_resilience_resilience_one_minus_thermal_ratio,building,Building_5,nan
building_comfort_resilience_resilience_unserved_energy_annual_normalized_ratio,building,Building_5,0.0
building_comfort_resilience_resilience_unserved_energy_outage_normalized_ratio,building,Building_5,nan
building_cost_daily_average_baseline_eur,building,Building_5,550.8511065902634
building_cost_daily_average_control_eur,building,Building_5,549.2189173962956
building_cost_daily_average_delta_eur,building,Building_5,-1.6321891939677888
building_cost_ratio_to_baseline_total_ratio,building,Building_5,0.9970369684757993
building_cost_total_baseline_eur,building,Building_5,201037.70177600486
building_cost_total_control_eur,building,Building_5,200442.0207280897
building_cost_total_delta_eur,building,Building_5,-595.6810479151609
building_electrical_service_phase_imbalance_phase_average_ratio,building,Building_5,0.017983300971344256
building_electrical_service_phase_phase_peaks_export_peak_l1_kw,building,Building_5,133.65415954589844
building_electrical_service_phase_phase_peaks_export_peak_l2_kw,building,Building_5,133.65415954589844
building_electrical_service_phase_phase_peaks_export_peak_l3_kw,building,Building_5,133.65415954589844
building_electrical_service_phase_phase_peaks_import_peak_l1_kw,building,Building_5,73.95787048339844
building_electrical_service_phase_phase_peaks_import_peak_l2_kw,building,Building_5,73.95787048339844
building_electrical_service_phase_phase_peaks_import_peak_l3_kw,building,Building_5,73.95787048339844
building_electrical_service_phase_violations_energy_total_kwh,building,Building_5,0.0
building_electrical_service_phase_violations_event_count,building,Building_5,0.0
building_emissions_daily_average_baseline_kgco2,building,Building_5,806.8665783884312
building_emissions_daily_average_control_kgco2,building,Building_5,809.7047353135946
building_emissions_daily_average_delta_kgco2,building,Building_5,2.8381569251634065
building_emissions_ratio_to_baseline_total_ratio,building,Building_5,1.0035175046298634
building_emissions_total_baseline_kgco2,building,Building_5,294472.6816710112
building_emissions_total_control_kgco2,building,Building_5,295508.4906921573
building_emissions_total_delta_kgco2,building,Building_5,1035.809021146095
building_energy_grid_daily_average_export_baseline_kwh,building,Building_5,251.10185846179564
building_energy_grid_daily_average_export_control_kwh,building,Building_5,252.95693571689313
building_energy_grid_daily_average_export_delta_kwh,building,Building_5,1.8550772550974635
building_energy_grid_daily_average_import_baseline_kwh,building,Building_5,1049.8898369586145
building_energy_grid_daily_average_import_control_kwh,building,Building_5,1053.569972231734
building_energy_grid_daily_average_import_delta_kwh,building,Building_5,3.6801352731195376
building_energy_grid_daily_average_net_exchange_baseline_kwh,building,Building_5,798.7879784968189
building_energy_grid_daily_average_net_exchange_control_kwh,building,Building_5,800.613036514841
building_energy_grid_daily_average_net_exchange_delta_kwh,building,Building_5,1.8250580180220741
building_energy_grid_ratio_to_baseline_export_total_ratio,building,Building_5,1.0073877480097573
building_energy_grid_ratio_to_baseline_import_total_ratio,building,Building_5,1.003505258498149
building_energy_grid_ratio_to_baseline_net_exchange_total_ratio,building,Building_5,1.0022847840317484
building_energy_grid_total_export_baseline_kwh,building,Building_5,91641.7157611195
building_energy_grid_total_export_control_kwh,building,Building_5,92318.74166434444
building_energy_grid_total_export_delta_kwh,building,Building_5,677.0259032249451
building_energy_grid_total_import_baseline_kwh,building,Building_5,383166.045080021
building_energy_grid_total_import_control_kwh,building,Building_5,384509.14111573994
building_energy_grid_total_import_delta_kwh,building,Building_5,1343.0960357189178
building_energy_grid_total_net_exchange_baseline_kwh,building,Building_5,291524.3293189015
building_energy_grid_total_net_exchange_control_kwh,building,Building_5,292190.3994513955
building_energy_grid_total_net_exchange_delta_kwh,building,Building_5,666.0701324939728
building_equity_benefit_relative_percent,building,Building_5,0.2963031524200697
building_ev_events_departure_count,building,Building_5,746.0
building_ev_events_departure_met_count,building,Building_5,29.0
building_ev_events_departure_within_tolerance_count,building,Building_5,13.0
building_ev_performance_departure_soc_deficit_mean_ratio,building,Building_5,0.48871867192893065
building_ev_performance_departure_success_ratio,building,Building_5,0.0388739946380697
building_ev_performance_departure_within_tolerance_ratio,building,Building_5,0.01742627345844504
building_ev_total_charge_kwh,building,Building_5,177.98002815246582
building_ev_total_v2g_export_kwh,building,Building_5,88.67366760969162
building_solar_self_consumption_daily_average_export_kwh,building,Building_5,251.96680760835076
building_solar_self_consumption_daily_average_generation_kwh,building,Building_5,735.1028961442805
building_solar_self_consumption_ratio_self_consumption_ratio,building,Building_5,0.6572360020210061
building_solar_self_consumption_total_export_kwh,building,Building_5,91957.38616006434
building_solar_self_consumption_total_generation_kwh,building,Building_5,268281.92780532304
building_battery_health_capacity_fade_ratio,building,Building_6,9.914405207229323e-05
building_battery_health_equivalent_full_cycles_count,building,Building_6,19.913601544638087
building_battery_total_charge_kwh,building,Building_6,53456.332531146705
building_battery_total_discharge_kwh,building,Building_6,47744.59051870406
building_battery_total_throughput_kwh,building,Building_6,101200.92304985077
building_comfort_resilience_discomfort_cold_delta_average_c,building,Building_6,0.0
building_comfort_resilience_discomfort_cold_delta_max_c,building,Building_6,0.0
building_comfort_resilience_discomfort_cold_delta_min_c,building,Building_6,0.0
building_comfort_resilience_discomfort_cold_ratio,building,Building_6,nan
building_comfort_resilience_discomfort_hot_delta_average_c,building,Building_6,0.0
building_comfort_resilience_discomfort_hot_delta_max_c,building,Building_6,0.0
building_comfort_resilience_discomfort_hot_delta_min_c,building,Building_6,0.0
building_comfort_resilience_discomfort_hot_ratio,building,Building_6,nan
building_comfort_resilience_discomfort_overall_ratio,building,Building_6,nan
building_comfort_resilience_resilience_one_minus_thermal_ratio,building,Building_6,nan
building_comfort_resilience_resilience_unserved_energy_annual_normalized_ratio,building,Building_6,0.0
building_comfort_resilience_resilience_unserved_energy_outage_normalized_ratio,building,Building_6,nan
building_cost_daily_average_baseline_eur,building,Building_6,7569.791443223861
building_cost_daily_average_control_eur,building,Building_6,7586.924292920921
building_cost_daily_average_delta_eur,building,Building_6,17.132849697059783
building_cost_ratio_to_baseline_total_ratio,building,Building_6,1.002263318590157
building_cost_total_baseline_eur,building,Building_6,2762658.468799908
building_cost_total_control_eur,building,Building_6,2768911.2450705976
building_cost_total_delta_eur,building,Building_6,6252.776270689443
building_electrical_service_phase_imbalance_phase_average_ratio,building,Building_6,0.017869050454754853
building_electrical_service_phase_phase_peaks_export_peak_l1_kw,building,Building_6,626.4000244140625
building_electrical_service_phase_phase_peaks_export_peak_l2_kw,building,Building_6,626.4000244140625
building_electrical_service_phase_phase_peaks_export_peak_l3_kw,building,Building_6,626.4000244140625
building_electrical_service_phase_phase_peaks_import_peak_l1_kw,building,Building_6,995.69970703125
building_electrical_service_phase_phase_peaks_import_peak_l2_kw,building,Building_6,995.69970703125
building_electrical_service_phase_phase_peaks_import_peak_l3_kw,building,Building_6,995.69970703125
building_electrical_service_phase_violations_energy_total_kwh,building,Building_6,0.0
building_electrical_service_phase_violations_event_count,building,Building_6,0.0
building_emissions_daily_average_baseline_kgco2,building,Building_6,11162.7477803244
building_emissions_daily_average_control_kgco2,building,Building_6,11213.178825585888
building_emissions_daily_average_delta_kgco2,building,Building_6,50.43104526148825
building_emissions_ratio_to_baseline_total_ratio,building,Building_6,1.0045177985074947
building_emissions_total_baseline_kgco2,building,Building_6,4073937.825327559
building_emissions_total_control_kgco2,building,Building_6,4092343.0555544496
building_emissions_total_delta_kgco2,building,Building_6,18405.23022689065
building_energy_grid_daily_average_export_baseline_kwh,building,Building_6,1868.2329790738365
building_energy_grid_daily_average_export_control_kwh,building,Building_6,1914.3995737811179
building_energy_grid_daily_average_export_delta_kwh,building,Building_6,46.16659470728128
building_energy_grid_daily_average_import_baseline_kwh,building,Building_6,14698.29967140403
building_energy_grid_daily_average_import_control_kwh,building,Building_6,14762.039645501613
building_energy_grid_daily_average_import_delta_kwh,building,Building_6,63.73997409758278
building_energy_grid_daily_average_net_exchange_baseline_kwh,building,Building_6,12830.066692330192
building_energy_grid_daily_average_net_exchange_control_kwh,building,Building_6,12847.640071720494
building_energy_grid_daily_average_net_exchange_delta_kwh,building,Building_6,17.573379390301504
building_energy_grid_ratio_to_baseline_export_total_ratio,building,Building_6,1.0247113690981775
building_energy_grid_ratio_to_baseline_import_total_ratio,building,Building_6,1.004336554262912
building_energy_grid_ratio_to_baseline_net_exchange_total_ratio,building,Building_6,1.0013697028871102
building_energy_grid_total_export_baseline_kwh,building,Building_6,681827.1943211555
building_energy_grid_total_export_control_kwh,building,Building_6,698676.0777812004
building_energy_grid_total_export_delta_kwh,building,Building_6,16848.88346004486
building_energy_grid_total_import_baseline_kwh,building,Building_6,5364266.950909495
building_energy_grid_total_import_control_kwh,building,Building_6,5387529.385622859
building_energy_grid_total_import_delta_kwh,building,Building_6,23262.434713363647
building_energy_grid_total_net_exchange_baseline_kwh,building,Building_6,4682439.75658834
building_energy_grid_total_net_exchange_control_kwh,building,Building_6,4688853.307841659
building_energy_grid_total_net_exchange_delta_kwh,building,Building_6,6413.551253318787
building_equity_benefit_relative_percent,building,Building_6,-0.22633185901569777
building_ev_events_departure_count,building,Building_6,7949.0
building_ev_events_departure_met_count,building,Building_6,175.0
building_ev_events_departure_within_tolerance_count,building,Building_6,43.0
building_ev_performance_departure_soc_deficit_mean_ratio,building,Building_6,0.5180554432708172
building_ev_performance_departure_success_ratio,building,Building_6,0.02201534784249591
building_ev_performance_departure_within_tolerance_ratio,building,Building_6,0.005409485469870424
building_ev_total_charge_kwh,building,Building_6,1136.7062156945467
building_ev_total_v2g_export_kwh,building,Building_6,434.897685945034
building_solar_self_consumption_daily_average_export_kwh,building,Building_6,1885.7112665617353
building_solar_self_consumption_daily_average_generation_kwh,building,Building_6,13493.169579215619
building_solar_self_consumption_ratio_self_consumption_ratio,building,Building_6,0.8602469749237854
building_solar_self_consumption_total_export_kwh,building,Building_6,688206.04099226
building_solar_self_consumption_total_generation_kwh,building,Building_6,4924444.681014567
building_battery_health_capacity_fade_ratio,building,Building_7,4.056194953585322e-05
building_battery_health_equivalent_full_cycles_count,building,Building_7,10.193585252340924
building_battery_total_charge_kwh,building,Building_7,10805.969852110164
building_battery_total_discharge_kwh,building,Building_7,9255.005924496776
building_battery_total_throughput_kwh,building,Building_7,20060.975776606938
building_comfort_resilience_discomfort_cold_delta_average_c,building,Building_7,0.0
building_comfort_resilience_discomfort_cold_delta_max_c,building,Building_7,0.0
building_comfort_resilience_discomfort_cold_delta_min_c,building,Building_7,0.0
building_comfort_resilience_discomfort_cold_ratio,building,Building_7,nan
building_comfort_resilience_discomfort_hot_delta_average_c,building,Building_7,0.0
building_comfort_resilience_discomfort_hot_delta_max_c,building,Building_7,0.0
building_comfort_resilience_discomfort_hot_delta_min_c,building,Building_7,0.0
building_comfort_resilience_discomfort_hot_ratio,building,Building_7,nan
building_comfort_resilience_discomfort_overall_ratio,building,Building_7,nan
building_comfort_resilience_resilience_one_minus_thermal_ratio,building,Building_7,nan
building_comfort_resilience_resilience_unserved_energy_annual_normalized_ratio,building,Building_7,0.0
building_comfort_resilience_resilience_unserved_energy_outage_normalized_ratio,building,Building_7,nan
building_cost_daily_average_baseline_eur,building,Building_7,70.89993457643754
building_cost_daily_average_control_eur,building,Building_7,76.18861264730991
building_cost_daily_average_delta_eur,building,Building_7,5.288678070872358
building_cost_ratio_to_baseline_total_ratio,building,Building_7,1.0745935536114015
building_cost_total_baseline_eur,building,Building_7,25875.52195645902
building_cost_total_control_eur,building,Building_7,27805.669090741143
building_cost_total_delta_eur,building,Building_7,1930.1471342821242
building_electrical_service_phase_imbalance_phase_average_ratio,building,Building_7,0.3683646342836014
building_electrical_service_phase_phase_peaks_export_peak_l1_kw,building,Building_7,939.6363525390625
building_electrical_service_phase_phase_peaks_export_peak_l2_kw,building,Building_7,938.8976440429688
building_electrical_service_phase_phase_peaks_export_peak_l3_kw,building,Building_7,939.383056640625
building_electrical_service_phase_phase_peaks_import_peak_l1_kw,building,Building_7,101.99317169189453
building_electrical_service_phase_phase_peaks_import_peak_l2_kw,building,Building_7,101.99317169189453
building_electrical_service_phase_phase_peaks_import_peak_l3_kw,building,Building_7,101.99317169189453
building_electrical_service_phase_violations_energy_total_kwh,building,Building_7,0.0
building_electrical_service_phase_violations_event_count,building,Building_7,0.0
building_emissions_daily_average_baseline_kgco2,building,Building_7,194.01725552030598
building_emissions_daily_average_control_kgco2,building,Building_7,212.63915720945053
building_emissions_daily_average_delta_kgco2,building,Building_7,18.62190168914455
building_emissions_ratio_to_baseline_total_ratio,building,Building_7,1.0959806468718736
building_emissions_total_baseline_kgco2,building,Building_7,70808.21421259834
building_emissions_total_control_kgco2,building,Building_7,77604.43241656572
building_emissions_total_delta_kgco2,building,Building_7,6796.218203967379
building_energy_grid_daily_average_export_baseline_kwh,building,Building_7,5238.689475954784
building_energy_grid_daily_average_export_control_kwh,building,Building_7,5253.680766413712
building_energy_grid_daily_average_export_delta_kwh,building,Building_7,14.991290458928969
building_energy_grid_daily_average_import_baseline_kwh,building,Building_7,256.28801371762984
building_energy_grid_daily_average_import_control_kwh,building,Building_7,280.4295856193778
building_energy_grid_daily_average_import_delta_kwh,building,Building_7,24.141571901748
building_energy_grid_daily_average_net_exchange_baseline_kwh,building,Building_7,-4982.401462237154
building_energy_grid_daily_average_net_exchange_control_kwh,building,Building_7,-4973.251180794335
building_energy_grid_daily_average_net_exchange_delta_kwh,building,Building_7,9.150281442819033
building_energy_grid_ratio_to_baseline_export_total_ratio,building,Building_7,1.0028616489921263
building_energy_grid_ratio_to_baseline_import_total_ratio,building,Building_7,1.0941970385253617
building_energy_grid_ratio_to_baseline_net_exchange_total_ratio,building,Building_7,0.9981634796970554
building_energy_grid_total_export_baseline_kwh,building,Building_7,1911903.3799953312
building_energy_grid_total_export_control_kwh,building,Building_7,1917374.5763757378
building_energy_grid_total_export_delta_kwh,building,Building_7,5471.196380406618
building_energy_grid_total_import_baseline_kwh,building,Building_7,93534.44633969665
building_energy_grid_total_import_control_kwh,building,Building_7,102345.11418500543
building_energy_grid_total_import_delta_kwh,building,Building_7,8810.66784530878
building_energy_grid_total_net_exchange_baseline_kwh,building,Building_7,-1818368.9336556345
building_energy_grid_total_net_exchange_control_kwh,building,Building_7,-1815029.4621907324
building_energy_grid_total_net_exchange_delta_kwh,building,Building_7,3339.4714649021626
building_equity_benefit_relative_percent,building,Building_7,-7.459355361140156
building_ev_events_departure_count,building,Building_7,7786.0
building_ev_events_departure_met_count,building,Building_7,445.0
building_ev_events_departure_within_tolerance_count,building,Building_7,140.0
building_ev_performance_departure_soc_deficit_mean_ratio,building,Building_7,0.49728645688613216
building_ev_performance_departure_success_ratio,building,Building_7,0.0571538659131775
building_ev_performance_departure_within_tolerance_ratio,building,Building_7,0.017980991523246854
building_ev_total_charge_kwh,building,Building_7,2057.907931178808
building_ev_total_v2g_export_kwh,building,Building_7,269.4010773897171
building_solar_self_consumption_daily_average_export_kwh,building,Building_7,5232.946319515941
building_solar_self_consumption_daily_average_generation_kwh,building,Building_7,5476.471463666728
building_solar_self_consumption_ratio_self_consumption_ratio,building,Building_7,0.044467527269417405
building_solar_self_consumption_total_export_kwh,building,Building_7,1909807.3671933385
building_solar_self_consumption_total_generation_kwh,building,Building_7,1998683.8979273692
building_battery_health_capacity_fade_ratio,building,Building_8,5.5263523903100674e-05
building_battery_health_equivalent_full_cycles_count,building,Building_8,13.967701686591194
building_battery_total_charge_kwh,building,Building_8,9085.015435621142
building_battery_total_discharge_kwh,building,Building_8,7704.161991661473
building_battery_total_throughput_kwh,building,Building_8,16789.177427282615
building_comfort_resilience_discomfort_cold_delta_average_c,building,Building_8,0.0
building_comfort_resilience_discomfort_cold_delta_max_c,building,Building_8,0.0
building_comfort_resilience_discomfort_cold_delta_min_c,building,Building_8,0.0
building_comfort_resilience_discomfort_cold_ratio,building,Building_8,nan
building_comfort_resilience_discomfort_hot_delta_average_c,building,Building_8,0.0
building_comfort_resilience_discomfort_hot_delta_max_c,building,Building_8,0.0
building_comfort_resilience_discomfort_hot_delta_min_c,building,Building_8,0.0
building_comfort_resilience_discomfort_hot_ratio,building,Building_8,nan
building_comfort_resilience_discomfort_overall_ratio,building,Building_8,nan
building_comfort_resilience_resilience_one_minus_thermal_ratio,building,Building_8,nan
building_comfort_resilience_resilience_unserved_energy_annual_normalized_ratio,building,Building_8,0.0
building_comfort_resilience_resilience_unserved_energy_outage_normalized_ratio,building,Building_8,nan
building_cost_daily_average_baseline_eur,building,Building_8,-133.40511287731977
building_cost_daily_average_control_eur,building,Building_8,-131.77560844293734
building_cost_daily_average_delta_eur,building,Building_8,1.629504434382417
building_cost_ratio_to_baseline_total_ratio,building,Building_8,0.9877852924881453
building_cost_total_baseline_eur,building,Building_8,-48687.30765385182
building_cost_total_control_eur,building,Building_8,-48092.60643132034
building_cost_total_delta_eur,building,Building_8,594.7012225314829
building_electrical_service_phase_imbalance_phase_average_ratio,building,Building_8,0.2732789361357707
building_electrical_service_phase_phase_peaks_export_peak_l1_kw,building,Building_8,1101.720947265625
building_electrical_service_phase_phase_peaks_export_peak_l2_kw,building,Building_8,1101.720947265625
building_electrical_service_phase_phase_peaks_export_peak_l3_kw,building,Building_8,1101.720947265625
building_electrical_service_phase_phase_peaks_import_peak_l1_kw,building,Building_8,53.5366325378418
building_electrical_service_phase_phase_peaks_import_peak_l2_kw,building,Building_8,53.5366325378418
building_electrical_service_phase_phase_peaks_import_peak_l3_kw,building,Building_8,53.5366325378418
building_electrical_service_phase_violations_energy_total_kwh,building,Building_8,0.0
building_electrical_service_phase_violations_event_count,building,Building_8,0.0
building_emissions_daily_average_baseline_kgco2,building,Building_8,97.37957670323546
building_emissions_daily_average_control_kgco2,building,Building_8,112.85587163234645
building_emissions_daily_average_delta_kgco2,building,Building_8,15.476294929110997
building_emissions_ratio_to_baseline_total_ratio,building,Building_8,1.158927523132238
building_emissions_total_baseline_kgco2,building,Building_8,35539.4880143183
building_emissions_total_control_kgco2,building,Building_8,41187.69081782177
building_emissions_total_delta_kgco2,building,Building_8,5648.202803503467
building_energy_grid_daily_average_export_baseline_kwh,building,Building_8,13580.520984918809
building_energy_grid_daily_average_export_control_kwh,building,Building_8,13594.549033258669
building_energy_grid_daily_average_export_delta_kwh,building,Building_8,14.028048339860735
building_energy_grid_daily_average_import_baseline_kwh,building,Building_8,128.45990623220868
building_energy_grid_daily_average_import_control_kwh,building,Building_8,148.40120585036343
building_energy_grid_daily_average_import_delta_kwh,building,Building_8,19.941299618154726
building_energy_grid_daily_average_net_exchange_baseline_kwh,building,Building_8,-13452.0610786866
building_energy_grid_daily_average_net_exchange_control_kwh,building,Building_8,-13446.147827408306
building_energy_grid_daily_average_net_exchange_delta_kwh,building,Building_8,5.913251278293992
building_energy_grid_ratio_to_baseline_export_total_ratio,building,Building_8,1.0010329536219884
building_energy_grid_ratio_to_baseline_import_total_ratio,building,Building_8,1.1552336460693668
building_energy_grid_ratio_to_baseline_net_exchange_total_ratio,building,Building_8,0.9995604204260072
building_energy_grid_total_export_baseline_kwh,building,Building_8,4956324.304454327
building_energy_grid_total_export_control_kwh,building,Building_8,4961443.957596362
building_energy_grid_total_export_delta_kwh,building,Building_8,5119.6531420350075
building_energy_grid_total_import_baseline_kwh,building,Building_8,46882.51327866316
building_energy_grid_total_import_control_kwh,building,Building_8,54160.256751805544
building_energy_grid_total_import_delta_kwh,building,Building_8,7277.7434731423855
building_energy_grid_total_net_exchange_baseline_kwh,building,Building_8,-4909441.7911756635
building_energy_grid_total_net_exchange_control_kwh,building,Building_8,-4907283.700844556
building_energy_grid_total_net_exchange_delta_kwh,building,Building_8,2158.090331107378
building_equity_benefit_relative_percent,building,Building_8,nan
building_ev_events_departure_count,building,Building_8,3726.0
building_ev_events_departure_met_count,building,Building_8,218.0
building_ev_events_departure_within_tolerance_count,building,Building_8,69.0
building_ev_performance_departure_soc_deficit_mean_ratio,building,Building_8,0.49419461787122
building_ev_performance_departure_success_ratio,building,Building_8,0.05850778314546431
building_ev_performance_departure_within_tolerance_ratio,building,Building_8,0.018518518518518517
building_ev_total_charge_kwh,building,Building_8,1377.5827544033527
building_ev_total_v2g_export_kwh,building,Building_8,600.3459883034229
building_solar_self_consumption_daily_average_export_kwh,building,Building_8,13575.469517861393
building_solar_self_consumption_daily_average_generation_kwh,building,Building_8,13685.128376618246
building_solar_self_consumption_ratio_self_consumption_ratio,building,Building_8,0.008012994525079519
building_solar_self_consumption_total_export_kwh,building,Building_8,4954480.729456164
building_solar_self_consumption_total_generation_kwh,building,Building_8,4994501.6437833
building_battery_health_capacity_fade_ratio,building,Building_9,4.012822589926224e-05
building_battery_health_equivalent_full_cycles_count,building,Building_9,10.584268098383673
building_battery_total_charge_kwh,building,Building_9,1575.8712298900937
building_battery_total_discharge_kwh,building,Building_9,1345.3867652638
building_battery_total_throughput_kwh,building,Building_9,2921.2579951538937
building_comfort_resilience_discomfort_cold_delta_average_c,building,Building_9,0.0
building_comfort_resilience_discomfort_cold_delta_max_c,building,Building_9,0.0
building_comfort_resilience_discomfort_cold_delta_min_c,building,Building_9,0.0
building_comfort_resilience_discomfort_cold_ratio,building,Building_9,nan
building_comfort_resilience_discomfort_hot_delta_average_c,building,Building_9,0.0
building_comfort_resilience_discomfort_hot_delta_max_c,building,Building_9,0.0
building_comfort_resilience_discomfort_hot_delta_min_c,building,Building_9,0.0
building_comfort_resilience_discomfort_hot_ratio,building,Building_9,nan
building_comfort_resilience_discomfort_overall_ratio,building,Building_9,nan
building_comfort_resilience_resilience_one_minus_thermal_ratio,building,Building_9,nan
building_comfort_resilience_resilience_unserved_energy_annual_normalized_ratio,building,Building_9,0.0
building_comfort_resilience_resilience_unserved_energy_outage_normalized_ratio,building,Building_9,nan
building_cost_daily_average_baseline_eur,building,Building_9,-3.3340853540000985
building_cost_daily_average_control_eur,building,Building_9,-3.8339776843913804
building_cost_daily_average_delta_eur,building,Building_9,-0.49989233039128167
building_cost_ratio_to_baseline_total_ratio,building,Building_9,1.1499338731060174
building_cost_total_baseline_eur,building,Building_9,-1216.8022339869526
building_cost_total_control_eur,building,Building_9,-1399.2421057326708
building_cost_total_delta_eur,building,Building_9,-182.43987174571816
building_electrical_service_phase_imbalance_phase_average_ratio,building,Building_9,0.12587938752653724
building_electrical_service_phase_phase_peaks_export_peak_l1_kw,building,Building_9,515.5694580078125
building_electrical_service_phase_phase_peaks_export_peak_l2_kw,building,Building_9,515.5694580078125
building_electrical_service_phase_phase_peaks_export_peak_l3_kw,building,Building_9,515.5694580078125
building_electrical_service_phase_phase_peaks_import_peak_l1_kw,building,Building_9,12.492049217224121
building_electrical_service_phase_phase_peaks_import_peak_l2_kw,building,Building_9,12.492049217224121
building_electrical_service_phase_phase_peaks_import_peak_l3_kw,building,Building_9,12.492049217224121
building_electrical_service_phase_violations_energy_total_kwh,building,Building_9,0.0
building_electrical_service_phase_violations_event_count,building,Building_9,0.0
building_emissions_daily_average_baseline_kgco2,building,Building_9,53.43752613302367
building_emissions_daily_average_control_kgco2,building,Building_9,55.60592863649276
building_emissions_daily_average_delta_kgco2,building,Building_9,2.1684025034690992
building_emissions_ratio_to_baseline_total_ratio,building,Building_9,1.0405782726182202
building_emissions_total_baseline_kgco2,building,Building_9,19502.47047496476
building_emissions_total_control_kgco2,building,Building_9,20293.84703862667
building_emissions_total_delta_kgco2,building,Building_9,791.37656366191
building_energy_grid_daily_average_export_baseline_kwh,building,Building_9,2964.2808003228156
building_energy_grid_daily_average_export_control_kwh,building,Building_9,2966.0330473169106
building_energy_grid_daily_average_export_delta_kwh,building,Building_9,1.752246994095206
building_energy_grid_daily_average_import_baseline_kwh,building,Building_9,69.50440147252698
building_energy_grid_daily_average_import_control_kwh,building,Building_9,72.30197624943003
building_energy_grid_daily_average_import_delta_kwh,building,Building_9,2.7975747769030552
building_energy_grid_daily_average_net_exchange_baseline_kwh,building,Building_9,-2894.7763988502884
building_energy_grid_daily_average_net_exchange_control_kwh,building,Building_9,-2893.7310710674806
building_energy_grid_daily_average_net_exchange_delta_kwh,building,Building_9,1.0453277828078493
building_energy_grid_ratio_to_baseline_export_total_ratio,building,Building_9,1.000591120447801
building_energy_grid_ratio_to_baseline_import_total_ratio,building,Building_9,1.040250325412972
building_energy_grid_ratio_to_baseline_net_exchange_total_ratio,building,Building_9,0.9996388917005047
building_energy_grid_total_export_baseline_kwh,building,Building_9,1081838.980417814
building_energy_grid_total_export_control_kwh,building,Building_9,1082478.4775603674
building_energy_grid_total_export_delta_kwh,building,Building_9,639.4971425533295
building_energy_grid_total_import_baseline_kwh,building,Building_9,25366.210520744324
building_energy_grid_total_import_control_kwh,building,Building_9,26387.208748698235
building_energy_grid_total_import_delta_kwh,building,Building_9,1020.9982279539108
building_energy_grid_total_net_exchange_baseline_kwh,building,Building_9,-1056472.7698970698
building_energy_grid_total_net_exchange_control_kwh,building,Building_9,-1056091.2688116692
building_energy_grid_total_net_exchange_delta_kwh,building,Building_9,381.50108540058136
building_equity_benefit_relative_percent,building,Building_9,nan
building_ev_events_departure_count,building,Building_9,1847.0
building_ev_events_departure_met_count,building,Building_9,45.0
building_ev_events_departure_within_tolerance_count,building,Building_9,11.0
building_ev_performance_departure_soc_deficit_mean_ratio,building,Building_9,0.5135361512118872
building_ev_performance_departure_success_ratio,building,Building_9,0.024363833243096916
building_ev_performance_departure_within_tolerance_ratio,building,Building_9,0.005955603681645912
building_ev_total_charge_kwh,building,Building_9,207.2546579837799
building_ev_total_v2g_export_kwh,building,Building_9,56.23810577392578
building_solar_self_consumption_daily_average_export_kwh,building,Building_9,2963.2612948744536
building_solar_self_consumption_daily_average_generation_kwh,building,Building_9,3007.0943336895593
building_solar_self_consumption_ratio_self_consumption_ratio,building,Building_9,0.014576542652496194
building_solar_self_consumption_total_export_kwh,building,Building_9,1081466.9034085558
building_solar_self_consumption_total_generation_kwh,building,Building_9,1097464.136199452
