action_dim,action_l2,action_max,action_mean,action_min,agent,agent_index,algorithm,carbon_intensity,done,electrical_storage_electricity_consumption_kwh,electrical_storage_energy_balance_kwh,electrical_storage_soc,electricity_price,episode,episode_step,ev_charge_kwh,ev_electricity_consumption_kwh,ev_v2g_export_kwh,global_step,grid_export_kwh,grid_import_kwh,individual_reward,net_electricity_consumption_cost,net_electricity_consumption_emission,net_electricity_consumption_kwh,net_electricity_consumption_without_storage_kwh,observation_dim,observation_l2,observation_max,observation_mean,observation_min,pv_export_kwh,pv_generation_kwh,reward,reward_function,reward_profile,scenario,solar_generation_raw_kwh,state_dim,state_l2,state_max,state_mean,state_min,time_step
6,0.0,0.0,0.0,0.0,Building_1,0,MASAC,0.7900000214576721,False,0.0,0.0,0.0,0.5324955582618713,0,0,0.0,0.0,-0.0,0,-0.0,0.0,-0.6431117057800293,0.0,0.0,0.0,0.0,64,3.4084758943296922,1.0,0.23575288383290172,0.0,0.0,0.0,-0.5193212628364563,CityLearnV3MADRLRewardFunction,masac_unified_comparable_v4,E2,-0.0,1907,14.552997806376073,1.0,0.13851724676377622,0.0,1
8,0.0,0.0,0.0,0.0,Building_2,1,MASAC,0.7900000214576721,False,0.0,0.0,0.0,0.5324955582618713,0,0,0.0,0.0,-0.0,0,-0.0,0.0,-0.3915947377681732,0.0,0.0,0.0,0.0,78,3.5391858068532662,1.0,0.1970755893450517,0.0,0.0,0.0,-0.5193212628364563,CityLearnV3MADRLRewardFunction,masac_unified_comparable_v4,E2,-0.0,1907,14.552997806376073,1.0,0.13851724676377622,0.0,1
10,0.0,0.0,0.0,0.0,Building_3,2,MASAC,0.7900000214576721,False,0.0,0.0,0.0,0.5324955582618713,0,0,0.0,0.0,-0.0,0,-0.0,0.0,-0.596118152141571,0.0,0.0,0.0,0.0,92,3.6032511935247538,1.0,0.17525063916716888,0.0,0.0,0.0,-0.5193212628364563,CityLearnV3MADRLRewardFunction,masac_unified_comparable_v4,E2,-0.0,1907,14.552997806376073,1.0,0.13851724676377622,0.0,1
8,0.0,0.0,0.0,0.0,Building_4,3,MASAC,0.7900000214576721,False,0.0,0.0,0.0,0.5324955582618713,0,0,0.0,0.0,-0.0,0,-0.0,0.0,-0.5696827173233032,0.0,0.0,0.0,0.0,78,3.4682909177335155,1.0,0.19324687276131067,0.0,0.0,0.0,-0.5193212628364563,CityLearnV3MADRLRewardFunction,masac_unified_comparable_v4,E2,-0.0,1907,14.552997806376073,1.0,0.13851724676377622,0.0,1
5,0.0,0.0,0.0,0.0,Building_5,4,MASAC,0.7900000214576721,False,0.0,0.0,0.0,0.5324955582618713,0,0,0.0,0.0,-0.0,0,-0.0,0.0,-0.6332944631576538,0.0,0.0,0.0,0.0,57,3.5455589984164826,1.0,0.27769984448688073,0.0,0.0,0.0,-0.5193212628364563,CityLearnV3MADRLRewardFunction,masac_unified_comparable_v4,E2,-0.0,1907,14.552997806376073,1.0,0.13851724676377622,0.0,1
34,1.0,1.0,0.029411764705882353,0.0,Building_6,5,MASAC,0.7900000214576721,False,0.0,0.0,0.0,0.5324955582618713,0,0,0.0,0.0,-0.0,0,-0.0,0.0,-0.642471194267273,0.0,0.0,0.0,0.0,260,3.455121904685256,1.0,0.05809566129285556,0.0,0.0,0.0,-0.5193212628364563,CityLearnV3MADRLRewardFunction,masac_unified_comparable_v4,E2,-0.0,1907,14.552997806376073,1.0,0.13851724676377622,0.0,1
44,0.0,0.0,0.0,0.0,Building_7,6,MASAC,0.7900000214576721,False,0.0,0.0,0.0,0.5324955582618713,0,0,0.0,0.0,-0.0,0,-0.0,0.0,-0.41109952330589294,0.0,0.0,0.0,0.0,330,3.5193643385838613,1.0,0.046388583743211,0.0,0.0,0.0,-0.5193212628364563,CityLearnV3MADRLRewardFunction,masac_unified_comparable_v4,E2,-0.0,1907,14.552997806376073,1.0,0.13851724676377622,0.0,1
19,0.0,0.0,0.0,0.0,Building_8,7,MASAC,0.7900000214576721,False,0.0,0.0,0.0,0.5324955582618713,0,0,0.0,0.0,-0.0,0,-0.0,0.0,-0.3964252471923828,0.0,0.0,0.0,0.0,155,3.538013100213517,1.0,0.09923229217529297,0.0,0.0,0.0,-0.5193212628364563,CityLearnV3MADRLRewardFunction,masac_unified_comparable_v4,E2,-0.0,1907,14.552997806376073,1.0,0.13851724676377622,0.0,1
12,0.0,0.0,0.0,0.0,Building_9,8,MASAC,0.7900000214576721,False,0.0,0.0,0.0,0.5324955582618713,0,0,0.0,0.0,-0.0,0,-0.0,0.0,-0.41996389627456665,0.0,0.0,0.0,0.0,106,3.648578886640267,1.0,0.15386552947028628,0.0,0.0,0.0,-0.5193212628364563,CityLearnV3MADRLRewardFunction,masac_unified_comparable_v4,E2,-0.0,1907,14.552997806376073,1.0,0.13851724676377622,0.0,1
8,0.0,0.0,0.0,0.0,Building_10,9,MASAC,0.7900000214576721,False,0.0,0.0,0.0,0.5324955582618713,0,0,0.0,0.0,-0.0,0,-0.0,0.0,-0.6060099005699158,0.0,0.0,0.0,0.0,78,3.496215451128489,1.0,0.19549087731119913,0.0,0.0,0.0,-0.5193212628364563,CityLearnV3MADRLRewardFunction,masac_unified_comparable_v4,E2,-0.0,1907,14.552997806376073,1.0,0.13851724676377622,0.0,1
5,0.0,0.0,0.0,0.0,Building_11,10,MASAC,0.7900000214576721,False,0.0,0.0,0.0,0.5324955582618713,0,0,0.0,0.0,-0.0,0,-0.0,0.0,-0.6393047571182251,0.0,0.0,0.0,0.0,57,3.627016482497293,1.0,0.2845742824046235,0.0,0.0,0.0,-0.5193212628364563,CityLearnV3MADRLRewardFunction,masac_unified_comparable_v4,E2,-0.0,1907,14.552997806376073,1.0,0.13851724676377622,0.0,1
5,0.0,0.0,0.0,0.0,Building_12,11,MASAC,0.7900000214576721,False,0.0,0.0,0.0,0.5324955582618713,0,0,0.0,0.0,-0.0,0,-0.0,0.0,-0.6422426700592041,0.0,0.0,0.0,0.0,57,3.5853156671144046,1.0,0.2815085415515983,0.0,0.0,0.0,-0.5193212628364563,CityLearnV3MADRLRewardFunction,masac_unified_comparable_v4,E2,-0.0,1907,14.552997806376073,1.0,0.13851724676377622,0.0,1
13,0.0,0.0,0.0,0.0,Building_13,12,MASAC,0.7900000214576721,False,0.0,0.0,0.0,0.5324955582618713,0,0,0.0,0.0,-0.0,0,-0.0,0.0,-0.3983916640281677,0.0,0.0,0.0,0.0,113,3.5260583957963973,1.0,0.13573364715660569,0.0,0.0,0.0,-0.5193212628364563,CityLearnV3MADRLRewardFunction,masac_unified_comparable_v4,E2,-0.0,1907,14.552997806376073,1.0,0.13851724676377622,0.0,1
6,0.0,0.0,0.0,0.0,Building_14,13,MASAC,0.7900000214576721,False,0.0,0.0,0.0,0.5324955582618713,0,0,0.0,0.0,-0.0,0,-0.0,0.0,-0.40725210309028625,0.0,0.0,0.0,0.0,64,3.502813336128571,1.0,0.2381519740447402,0.0,0.0,0.0,-0.5193212628364563,CityLearnV3MADRLRewardFunction,masac_unified_comparable_v4,E2,-0.0,1907,14.552997806376073,1.0,0.13851724676377622,0.0,1
10,1.0,1.0,0.1,0.0,Building_15,14,MASAC,0.7900000214576721,False,0.0,0.0,0.0,0.5324955582618713,0,0,0.0,0.0,-0.0,0,-0.0,0.0,-0.4188021719455719,0.0,0.0,0.0,0.0,92,3.5416362400020085,1.0,0.16798208483859248,0.0,0.0,0.0,-0.5193212628364563,CityLearnV3MADRLRewardFunction,masac_unified_comparable_v4,E2,-0.0,1907,14.552997806376073,1.0,0.13851724676377622,0.0,1
13,0.0,0.0,0.0,0.0,Building_16,15,MASAC,0.7900000214576721,False,0.0,0.0,0.0,0.5324955582618713,0,0,0.0,0.0,-0.0,0,-0.0,0.0,-0.6364224553108215,0.0,0.0,0.0,0.0,113,3.432429264126495,1.0,0.13223498347586235,0.0,0.0,0.0,-0.5193212628364563,CityLearnV3MADRLRewardFunction,masac_unified_comparable_v4,E2,-0.0,1907,14.552997806376073,1.0,0.13851724676377622,0.0,1
13,1.0,0.0,-0.07692307692307693,-1.0,Building_17,16,MASAC,0.7900000214576721,False,0.0,0.0,0.0,0.5324955582618713,0,0,0.0,0.0,-0.0,0,-0.0,0.0,-0.37627512216567993,0.0,0.0,0.0,0.0,113,3.5564712301139623,1.0,0.14222747120445808,0.0,0.0,0.0,-0.5193212628364563,CityLearnV3MADRLRewardFunction,masac_unified_comparable_v4,E2,-0.0,1907,14.552997806376073,1.0,0.13851724676377622,0.0,1
6,0.0,0.0,0.0,0.0,Building_1,0,MASAC,0.7900000214576721,True,0.0,0.0,0.0,0.5324955582618713,0,8758,0.0,0.0,-0.0,8758,0.0,433.45458984375,-0.8175287842750549,230.81263732910156,342.42913818359375,433.45458984375,433.45458984375,64,3.2788089930437527,1.0,0.22087414073757827,0.0,0.0,0.0,-0.7459795475006104,CityLearnV3MADRLRewardFunction,masac_unified_comparable_v4,E2,-0.0,1907,13.914851499624827,1.0,0.12997841670343435,0.0,8759
8,0.0,0.0,0.0,0.0,Building_2,1,MASAC,0.7900000214576721,True,0.0,0.0,0.0,0.5324955582618713,0,8758,0.0,0.0,-0.0,8758,0.0,15.16435432434082,-0.716098427772522,8.074951171875,11.979840278625488,15.16435432434082,15.16435432434082,78,3.449088638736723,1.0,0.19108943927746552,0.0,0.0,0.0,-0.7459795475006104,CityLearnV3MADRLRewardFunction,masac_unified_comparable_v4,E2,-0.0,1907,13.914851499624827,1.0,0.12997841670343435,0.0,8759
10,0.0,0.0,0.0,0.0,Building_3,2,MASAC,0.7900000214576721,True,0.0,0.0,0.0,0.5324955582618713,0,8758,0.0,0.0,-0.0,8758,0.0,94.53981018066406,-0.8142565488815308,50.3420295715332,74.68645477294922,94.53981018066406,94.53981018066406,92,3.2084716084820757,1.0,0.1465904059941354,0.0,0.0,0.0,-0.7459795475006104,CityLearnV3MADRLRewardFunction,masac_unified_comparable_v4,E2,-0.0,1907,13.914851499624827,1.0,0.12997841670343435,0.0,8759
8,0.0,0.0,0.0,0.0,Building_4,3,MASAC,0.7900000214576721,True,0.0,0.0,0.0,0.5324955582618713,0,8758,0.0,0.0,-0.0,8758,0.0,31.04317283630371,-0.7888643741607666,16.530351638793945,24.524106979370117,31.04317283630371,31.04317283630371,78,3.2787890496574637,1.0,0.1789352800219487,0.0,0.0,0.0,-0.7459795475006104,CityLearnV3MADRLRewardFunction,masac_unified_comparable_v4,E2,-0.0,1907,13.914851499624827,1.0,0.12997841670343435,0.0,8759
5,0.0,0.0,0.0,0.0,Building_5,4,MASAC,0.7900000214576721,True,0.0,0.0,0.0,0.5324955582618713,0,8758,0.0,0.0,-0.0,8758,0.0,38.538970947265625,-0.8386024832725525,20.521831512451172,30.44578742980957,38.538970947265625,38.538970947265625,57,3.5415876449671804,1.0,0.28947082632466364,0.0,0.0,0.0,-0.7459795475006104,CityLearnV3MADRLRewardFunction,masac_unified_comparable_v4,E2,-0.0,1907,13.914851499624827,1.0,0.12997841670343435,0.0,8759
34,0.0,0.0,0.0,0.0,Building_6,5,MASAC,0.7900000214576721,True,0.0,0.0,0.0,0.5324955582618713,0,8758,0.0,0.0,-0.0,8758,0.0,362.8901062011719,-0.8175279498100281,193.23736572265625,286.6831970214844,362.8901062011719,362.8901062011719,260,3.3046868763280615,1.0,0.05403438640328554,0.0,0.0,0.0,-0.7459795475006104,CityLearnV3MADRLRewardFunction,masac_unified_comparable_v4,E2,-0.0,1907,13.914851499624827,1.0,0.12997841670343435,0.0,8759
44,0.0,0.0,0.0,0.0,Building_7,6,MASAC,0.7900000214576721,True,0.0,0.0,0.0,0.5324955582618713,0,8758,0.0,0.0,-0.0,8758,0.0,12.664111137390137,-0.6957820057868958,6.743582725524902,10.004648208618164,12.664111137390137,12.664111137390137,330,3.388359199172703,1.0,0.04397753718675989,0.0,0.0,0.0,-0.7459795475006104,CityLearnV3MADRLRewardFunction,masac_unified_comparable_v4,E2,-0.0,1907,13.914851499624827,1.0,0.12997841670343435,0.0,8759
19,0.0,0.0,0.0,0.0,Building_8,7,MASAC,0.7900000214576721,True,0.0,0.0,0.0,0.5324955582618713,0,8758,0.0,0.0,-0.0,8758,0.0,12.065996170043945,-0.6905415058135986,6.425089359283447,9.532136917114258,12.065996170043945,12.065996170043945,155,3.4497301456507325,1.0,0.09675184613273989,0.0,0.0,0.0,-0.7459795475006104,CityLearnV3MADRLRewardFunction,masac_unified_comparable_v4,E2,-0.0,1907,13.914851499624827,1.0,0.12997841670343435,0.0,8759
12,0.0,0.0,0.0,0.0,Building_9,8,MASAC,0.7900000214576721,True,0.0,0.0,0.0,0.5324955582618713,0,8758,0.0,0.0,-0.0,8758,0.0,2.290161371231079,-0.5683231949806213,1.2195007801055908,1.8092275857925415,2.290161371231079,2.290161371231079,106,3.569678639893872,1.0,0.15400823093247865,0.0,0.0,0.0,-0.7459795475006104,CityLearnV3MADRLRewardFunction,masac_unified_comparable_v4,E2,-0.0,1907,13.914851499624827,1.0,0.12997841670343435,0.0,8759
8,1.0,1.0,0.125,0.0,Building_10,9,MASAC,0.7900000214576721,True,0.0,0.0,0.0,0.5324955582618713,0,8758,0.0,0.0,-0.0,8758,0.0,51.649574279785156,-0.811789870262146,27.5031681060791,40.803165435791016,51.649574279785156,51.649574279785156,78,3.385992036245731,1.0,0.18630943867640617,0.0,0.0,0.0,-0.7459795475006104,CityLearnV3MADRLRewardFunction,masac_unified_comparable_v4,E2,-0.0,1907,13.914851499624827,1.0,0.12997841670343435,0.0,8759
5,0.0,0.0,0.0,0.0,Building_11,10,MASAC,0.7900000214576721,True,0.0,0.0,0.0,0.5324955582618713,0,8758,0.0,0.0,-0.0,8758,0.0,71.54803466796875,-0.8155130743980408,38.0990104675293,56.52294921875,71.54803466796875,71.54803466796875,57,3.376381358727222,1.0,0.2524177662766816,0.0,0.0,0.0,-0.7459795475006104,CityLearnV3MADRLRewardFunction,masac_unified_comparable_v4,E2,-0.0,1907,13.914851499624827,1.0,0.12997841670343435,0.0,8759
5,0.0,0.0,0.0,0.0,Building_12,11,MASAC,0.7900000214576721,True,0.0,0.0,0.0,0.5324955582618713,0,8758,0.0,0.0,-0.0,8758,0.0,215.11593627929688,-0.8171813488006592,114.54827880859375,169.94158935546875,215.11593627929688,215.11593627929688,57,3.2687267184790416,1.0,0.2477165201776906,0.0,0.0,0.0,-0.7459795475006104,CityLearnV3MADRLRewardFunction,masac_unified_comparable_v4,E2,-0.0,1907,13.914851499624827,1.0,0.12997841670343435,0.0,8759
13,0.0,0.0,0.0,0.0,Building_13,12,MASAC,0.7900000214576721,True,0.0,0.0,0.0,0.5324955582618713,0,8758,0.0,0.0,-0.0,8758,0.0,2.033022403717041,-0.5826377272605896,1.0825754404067993,1.6060876846313477,2.033022403717041,2.033022403717041,113,3.3458189331529278,1.0,0.12587507332848236,0.0,0.0,0.0,-0.7459795475006104,CityLearnV3MADRLRewardFunction,masac_unified_comparable_v4,E2,-0.0,1907,13.914851499624827,1.0,0.12997841670343435,0.0,8759
6,0.0,0.0,0.0,0.0,Building_14,13,MASAC,0.7900000214576721,True,0.0,0.0,0.0,0.5324955582618713,0,8758,0.0,0.0,-0.0,8758,0.0,2.6149511337280273,-0.5896554589271545,1.3924498558044434,2.0658113956451416,2.6149511337280273,2.6149511337280273,64,3.390443271586155,1.0,0.22468411619774997,0.0,0.0,0.0,-0.7459795475006104,CityLearnV3MADRLRewardFunction,masac_unified_comparable_v4,E2,-0.0,1907,13.914851499624827,1.0,0.12997841670343435,0.0,8759
10,0.0,0.0,0.0,0.0,Building_15,14,MASAC,0.7900000214576721,True,0.0,0.0,0.0,0.5324955582618713,0,8758,0.0,0.0,-0.0,8758,0.0,19.521480560302734,-0.7449500560760498,10.395101547241211,15.42197036743164,19.521480560302734,19.521480560302734,92,3.476073400226599,1.0,0.16418267252004665,0.0,0.0,0.0,-0.7459795475006104,CityLearnV3MADRLRewardFunction,masac_unified_comparable_v4,E2,-0.0,1907,13.914851499624827,1.0,0.12997841670343435,0.0,8759
13,0.0,0.0,0.0,0.0,Building_16,15,MASAC,0.7900000214576721,True,0.0,0.0,0.0,0.5324955582618713,0,8758,0.0,0.0,-0.0,8758,0.0,54.89390563964844,-0.8123021721839905,29.23076057434082,43.366188049316406,54.89390563964844,54.89390563964844,113,3.296076062509575,1.0,0.12429044896786191,0.0,0.0,0.0,-0.7459795475006104,CityLearnV3MADRLRewardFunction,masac_unified_comparable_v4,E2,-0.0,1907,13.914851499624827,1.0,0.12997841670343435,0.0,8759
13,0.0,0.0,0.0,0.0,Building_17,16,MASAC,0.7900000214576721,True,0.0,0.0,0.0,0.5324955582618713,0,8758,0.0,0.0,-0.0,8758,0.0,22.46647071838379,-0.7600974440574646,11.963295936584473,17.748512268066406,22.46647071838379,22.46647071838379,113,3.3402458692605874,1.0,0.12574152964933782,0.0,0.0,0.0,-0.7459795475006104,CityLearnV3MADRLRewardFunction,masac_unified_comparable_v4,E2,-0.0,1907,13.914851499624827,1.0,0.12997841670343435,0.0,8759
6,0.0,0.0,0.0,0.0,Building_1,0,MASAC,0.7900000214576721,False,0.0,0.0,0.0,0.5324955582618713,1,0,0.0,0.0,-0.0,8760,-0.0,0.0,-0.7426722049713135,0.0,0.0,0.0,0.0,64,3.317127895266193,1.0,0.22163199237547815,0.0,0.0,0.0,-0.6390145421028137,CityLearnV3MADRLRewardFunction,masac_unified_comparable_v4,E2,-0.0,1907,14.18572265814959,1.0,0.13045727720608183,0.0,2
8,0.0,0.0,0.0,0.0,Building_2,1,MASAC,0.7900000214576721,False,0.0,0.0,0.0,0.5324955582618713,1,0,0.0,0.0,-0.0,8760,-0.0,0.0,-0.4987586736679077,0.0,0.0,0.0,0.0,78,3.44103018722944,1.0,0.18456308792034784,0.0,0.0,0.0,-0.6390145421028137,CityLearnV3MADRLRewardFunction,masac_unified_comparable_v4,E2,-0.0,1907,14.18572265814959,1.0,0.13045727720608183,0.0,2
10,0.0,0.0,0.0,0.0,Building_3,2,MASAC,0.7900000214576721,False,0.0,0.0,0.0,0.5324955582618713,1,0,0.0,0.0,-0.0,8760,-0.0,0.0,-0.7394809126853943,0.0,0.0,0.0,0.0,92,3.514344337873799,1.0,0.1649373202058284,0.0,0.0,0.0,-0.6390145421028137,CityLearnV3MADRLRewardFunction,masac_unified_comparable_v4,E2,-0.0,1907,14.18572265814959,1.0,0.13045727720608183,0.0,2
8,0.0,0.0,0.0,0.0,Building_4,3,MASAC,0.7900000214576721,False,0.0,0.0,0.0,0.5324955582618713,1,0,0.0,0.0,-0.0,8760,-0.0,0.0,-0.6320435404777527,0.0,0.0,0.0,0.0,78,3.3694371771529643,1.0,0.1808577495125624,0.0,0.0,0.0,-0.6390145421028137,CityLearnV3MADRLRewardFunction,masac_unified_comparable_v4,E2,-0.0,1907,14.18572265814959,1.0,0.13045727720608183,0.0,2
5,0.0,0.0,0.0,0.0,Building_5,4,MASAC,0.7900000214576721,False,0.0,0.0,0.0,0.5324955582618713,1,0,0.0,0.0,-0.0,8760,-0.0,0.0,-0.7245855331420898,0.0,0.0,0.0,0.0,57,3.452184078502731,1.0,0.26070732806335417,0.0,0.0,0.0,-0.6390145421028137,CityLearnV3MADRLRewardFunction,masac_unified_comparable_v4,E2,-0.0,1907,14.18572265814959,1.0,0.13045727720608183,0.0,2
34,0.0,0.0,0.0,0.0,Building_6,5,MASAC,0.7900000214576721,False,0.0,0.0,0.0,0.5324955582618713,1,0,0.0,0.0,-0.0,8760,-0.0,0.0,-0.7416356801986694,0.0,0.0,0.0,0.0,260,3.35486710549047,1.0,0.05432815368358906,0.0,0.0,0.0,-0.6390145421028137,CityLearnV3MADRLRewardFunction,masac_unified_comparable_v4,E2,-0.0,1907,14.18572265814959,1.0,0.13045727720608183,0.0,2
44,1.0,1.0,0.022727272727272728,0.0,Building_7,6,MASAC,0.7900000214576721,False,0.0,0.0,0.0,0.5324955582618713,1,0,0.0,0.0,-0.0,8760,-0.0,0.0,-0.5621849298477173,0.0,0.0,0.0,0.0,330,3.4223887894043474,1.0,0.04360731140230641,0.0,0.0,0.0,-0.6390145421028137,CityLearnV3MADRLRewardFunction,masac_unified_comparable_v4,E2,-0.0,1907,14.18572265814959,1.0,0.13045727720608183,0.0,2
19,0.0,0.0,0.0,0.0,Building_8,7,MASAC,0.7900000214576721,False,0.0,0.0,0.0,0.5324955582618713,1,0,0.0,0.0,-0.0,8760,-0.0,0.0,-0.5004746913909912,0.0,0.0,0.0,0.0,155,3.4410760799984605,1.0,0.09296145525670821,0.0,0.0,0.0,-0.6390145421028137,CityLearnV3MADRLRewardFunction,masac_unified_comparable_v4,E2,-0.0,1907,14.18572265814959,1.0,0.13045727720608183,0.0,2
12,0.0,0.0,0.0,0.0,Building_9,8,MASAC,0.7900000214576721,False,0.0,0.0,0.0,0.5324955582618713,1,0,0.0,0.0,-0.0,8760,-0.0,0.0,-0.5202688574790955,0.0,0.0,0.0,0.0,106,3.566230095698967,1.0,0.1469455359257617,0.0,0.0,0.0,-0.6390145421028137,CityLearnV3MADRLRewardFunction,masac_unified_comparable_v4,E2,-0.0,1907,14.18572265814959,1.0,0.13045727720608183,0.0,2
8,0.0,0.0,0.0,0.0,Building_10,9,MASAC,0.7900000214576721,False,0.0,0.0,0.0,0.5324955582618713,1,0,0.0,0.0,-0.0,8760,-0.0,0.0,-0.7276698350906372,0.0,0.0,0.0,0.0,78,3.3975796107929837,1.0,0.183917105388947,0.0,0.0,0.0,-0.6390145421028137,CityLearnV3MADRLRewardFunction,masac_unified_comparable_v4,E2,-0.0,1907,14.18572265814959,1.0,0.13045727720608183,0.0,2
5,0.0,0.0,0.0,0.0,Building_11,10,MASAC,0.7900000214576721,False,0.0,0.0,0.0,0.5324955582618713,1,0,0.0,0.0,-0.0,8760,-0.0,0.0,-0.7395617365837097,0.0,0.0,0.0,0.0,57,3.538460703674568,1.0,0.2680264040827751,0.0,0.0,0.0,-0.6390145421028137,CityLearnV3MADRLRewardFunction,masac_unified_comparable_v4,E2,-0.0,1907,14.18572265814959,1.0,0.13045727720608183,0.0,2
5,1.0,1.0,0.2,0.0,Building_12,11,MASAC,0.7900000214576721,False,0.0,0.0,0.0,0.5324955582618713,1,0,0.0,0.0,-0.0,8760,-0.0,0.0,-0.7422345280647278,0.0,0.0,0.0,0.0,57,3.5415480766182474,1.0,0.2735484345701703,0.0,0.0,0.0,-0.6390145421028137,CityLearnV3MADRLRewardFunction,masac_unified_comparable_v4,E2,-0.0,1907,14.18572265814959,1.0,0.13045727720608183,0.0,2
13,0.0,0.0,0.0,0.0,Building_13,12,MASAC,0.7900000214576721,False,0.0,0.0,0.0,0.5324955582618713,1,0,0.0,0.0,-0.0,8760,-0.0,0.0,-0.4983995258808136,0.0,0.0,0.0,0.0,113,3.4270749030721834,1.0,0.12706806293103548,0.0,0.0,0.0,-0.6390145421028137,CityLearnV3MADRLRewardFunction,masac_unified_comparable_v4,E2,-0.0,1907,14.18572265814959,1.0,0.13045727720608183,0.0,2
6,0.0,0.0,0.0,0.0,Building_14,13,MASAC,0.7900000214576721,False,0.0,0.0,0.0,0.5324955582618713,1,0,0.0,0.0,-0.0,8760,-0.0,0.0,-0.5090596079826355,0.0,0.0,0.0,0.0,64,3.4112925712268583,1.0,0.22342824772931635,0.0,0.0,0.0,-0.6390145421028137,CityLearnV3MADRLRewardFunction,masac_unified_comparable_v4,E2,-0.0,1907,14.18572265814959,1.0,0.13045727720608183,0.0,2
10,0.0,0.0,0.0,0.0,Building_15,14,MASAC,0.7900000214576721,False,0.0,0.0,0.0,0.5324955582618713,1,0,0.0,0.0,-0.0,8760,-0.0,0.0,-0.5646897554397583,0.0,0.0,0.0,0.0,92,3.446986008301583,1.0,0.15854998435015263,0.0,0.0,0.0,-0.6390145421028137,CityLearnV3MADRLRewardFunction,masac_unified_comparable_v4,E2,-0.0,1907,14.18572265814959,1.0,0.13045727720608183,0.0,2
13,1.0,1.0,0.07692307692307693,0.0,Building_16,15,MASAC,0.7900000214576721,False,0.0,0.0,0.0,0.5324955582618713,1,0,0.0,0.0,-0.0,8760,-0.0,0.0,-0.727125346660614,0.0,0.0,0.0,0.0,113,3.3326042470380246,1.0,0.1236044536385916,0.0,0.0,0.0,-0.6390145421028137,CityLearnV3MADRLRewardFunction,masac_unified_comparable_v4,E2,-0.0,1907,14.18572265814959,1.0,0.13045727720608183,0.0,2
13,0.0,0.0,0.0,0.0,Building_17,16,MASAC,0.7900000214576721,False,0.0,0.0,0.0,0.5324955582618713,1,0,0.0,0.0,-0.0,8760,-0.0,0.0,-0.6924023628234863,0.0,0.0,0.0,0.0,113,3.502282973906715,1.0,0.13391077643738383,0.0,0.0,0.0,-0.6390145421028137,CityLearnV3MADRLRewardFunction,masac_unified_comparable_v4,E2,-0.0,1907,14.18572265814959,1.0,0.13045727720608183,0.0,2
6,0.0,0.0,0.0,0.0,Building_1,0,MASAC,0.7900000214576721,True,0.0,0.0,0.0,0.5324955582618713,1,8757,0.0,0.0,-0.0,17517,0.0,446.8856201171875,-0.8159213662147522,237.96461486816406,353.0396423339844,446.8856201171875,446.8856201171875,64,3.4860623012533254,1.0,0.24611383909359574,0.0,0.0,0.0,-0.7438432574272156,CityLearnV3MADRLRewardFunction,masac_unified_comparable_v4,E2,-0.0,1907,14.47244703583166,1.0,0.14144854494099474,0.0,8759
8,0.0,0.0,0.0,0.0,Building_2,1,MASAC,0.7900000214576721,True,0.0,0.0,0.0,0.5324955582618713,1,8757,0.0,0.0,-0.0,17517,0.0,5.618855953216553,-0.6230074167251587,2.992015838623047,4.438896179199219,5.618855953216553,5.618855953216553,78,3.4955213428510428,1.0,0.19921887494050539,0.0,0.0,0.0,-0.7438432574272156,CityLearnV3MADRLRewardFunction,masac_unified_comparable_v4,E2,-0.0,1907,14.47244703583166,1.0,0.14144854494099474,0.0,8759
10,1.0,1.0,0.1,0.0,Building_3,2,MASAC,0.7900000214576721,True,0.0,0.0,0.0,0.5324955582618713,1,8757,0.0,0.0,-0.0,17517,0.0,98.17061614990234,-0.8143634796142578,52.27541732788086,77.5547866821289,98.17061614990234,98.17061614990234,92,3.4384053110970796,1.0,0.16697025849767352,0.0,0.0,0.0,-0.7438432574272156,CityLearnV3MADRLRewardFunction,masac_unified_comparable_v4,E2,-0.0,1907,14.47244703583166,1.0,0.14144854494099474,0.0,8759
8,0.0,0.0,0.0,0.0,Building_4,3,MASAC,0.7900000214576721,True,0.0,0.0,0.0,0.5324955582618713,1,8757,0.0,0.0,-0.0,17517,0.0,28.84416961669922,-0.7813277244567871,15.359392166137695,22.786893844604492,28.84416961669922,28.84416961669922,78,3.410839084168187,1.0,0.19507411198738295,0.0,0.0,0.0,-0.7438432574272156,CityLearnV3MADRLRewardFunction,masac_unified_comparable_v4,E2,-0.0,1907,14.47244703583166,1.0,0.14144854494099474,0.0,8759
5,0.0,0.0,0.0,0.0,Building_5,4,MASAC,0.7900000214576721,True,0.0,0.0,0.0,0.5324955582618713,1,8757,0.0,0.0,-0.0,17517,0.0,37.89287567138672,-0.8349248766899109,20.17778778076172,29.935373306274414,37.89287567138672,37.89287567138672,57,3.608630046743311,1.0,0.3041728086638869,0.0,0.0,0.0,-0.7438432574272156,CityLearnV3MADRLRewardFunction,masac_unified_comparable_v4,E2,-0.0,1907,14.47244703583166,1.0,0.14144854494099474,0.0,8759
34,1.0,0.0,-0.029411764705882353,-1.0,Building_6,5,MASAC,0.7900000214576721,True,0.0,0.0,0.0,0.5324955582618713,1,8757,0.0,0.0,-0.0,17517,0.0,350.8894348144531,-0.8159138560295105,186.84706115722656,277.2026672363281,350.8894348144531,350.8894348144531,260,3.450236359380899,1.0,0.05927122487471654,0.0,0.0,0.0,-0.7438432574272156,CityLearnV3MADRLRewardFunction,masac_unified_comparable_v4,E2,-0.0,1907,14.47244703583166,1.0,0.14144854494099474,0.0,8759
44,0.0,0.0,0.0,0.0,Building_7,6,MASAC,0.7900000214576721,True,0.0,0.0,0.0,0.5324955582618713,1,8757,0.0,0.0,-0.0,17517,0.0,18.66022491455078,-0.7376879453659058,9.936487197875977,14.741578102111816,18.66022491455078,18.66022491455078,330,3.4689061213748102,1.0,0.047213619857123405,0.0,0.0,0.0,-0.7438432574272156,CityLearnV3MADRLRewardFunction,masac_unified_comparable_v4,E2,-0.0,1907,14.47244703583166,1.0,0.14144854494099474,0.0,8759
19,0.0,0.0,0.0,0.0,Building_8,7,MASAC,0.7900000214576721,True,0.0,0.0,0.0,0.5324955582618713,1,8757,0.0,0.0,-0.0,17517,0.0,19.251495361328125,-0.7409359216690063,10.251336097717285,15.2086820602417,19.251495361328125,19.251495361328125,155,3.5885490829185547,1.0,0.10431991632907621,0.0,0.0,0.0,-0.7438432574272156,CityLearnV3MADRLRewardFunction,masac_unified_comparable_v4,E2,-0.0,1907,14.47244703583166,1.0,0.14144854494099474,0.0,8759
12,0.0,0.0,0.0,0.0,Building_9,8,MASAC,0.7900000214576721,True,0.0,0.0,0.0,0.5324955582618713,1,8757,0.0,0.0,-0.0,17517,0.0,2.4506425857543945,-0.5686062574386597,1.304956316947937,1.9360077381134033,2.4506425857543945,2.4506425857543945,106,3.707780159198192,1.0,0.16799909888573414,0.0,0.0,0.0,-0.7438432574272156,CityLearnV3MADRLRewardFunction,masac_unified_comparable_v4,E2,-0.0,1907,14.47244703583166,1.0,0.14144854494099474,0.0,8759
8,0.0,0.0,0.0,0.0,Building_10,9,MASAC,0.7900000214576721,True,0.0,0.0,0.0,0.5324955582618713,1,8757,0.0,0.0,-0.0,17517,0.0,34.33414077758789,-0.7934889793395996,18.282777786254883,27.123971939086914,34.33414077758789,34.33414077758789,78,3.4473528347529174,1.0,0.1976292879344561,0.0,0.0,0.0,-0.7438432574272156,CityLearnV3MADRLRewardFunction,masac_unified_comparable_v4,E2,-0.0,1907,14.47244703583166,1.0,0.14144854494099474,0.0,8759
5,0.0,0.0,0.0,0.0,Building_11,10,MASAC,0.7900000214576721,True,0.0,0.0,0.0,0.5324955582618713,1,8757,0.0,0.0,-0.0,17517,0.0,57.917564392089844,-0.8118331432342529,30.840845108032227,45.754878997802734,57.917564392089844,57.917564392089844,57,3.5288684006996793,1.0,0.2763471127602092,0.0,0.0,0.0,-0.7438432574272156,CityLearnV3MADRLRewardFunction,masac_unified_comparable_v4,E2,-0.0,1907,14.47244703583166,1.0,0.14144854494099474,0.0,8759
5,0.0,0.0,0.0,0.0,Building_12,11,MASAC,0.7900000214576721,True,0.0,0.0,0.0,0.5324955582618713,1,8757,0.0,0.0,-0.0,17517,0.0,182.6020965576172,-0.8144180178642273,97.23480224609375,144.2556610107422,182.6020965576172,182.6020965576172,57,3.3945883916105775,1.0,0.2641784261193192,0.0,0.0,0.0,-0.7438432574272156,CityLearnV3MADRLRewardFunction,masac_unified_comparable_v4,E2,-0.0,1907,14.47244703583166,1.0,0.14144854494099474,0.0,8759
13,0.0,0.0,0.0,0.0,Building_13,12,MASAC,0.7900000214576721,True,0.0,0.0,0.0,0.5324955582618713,1,8757,0.0,0.0,-0.0,17517,0.0,2.789367437362671,-0.5900087952613831,1.485325813293457,2.2036004066467285,2.789367437362671,2.789367437362671,113,3.4443725711004,1.0,0.13419854205794038,0.0,0.0,0.0,-0.7438432574272156,CityLearnV3MADRLRewardFunction,masac_unified_comparable_v4,E2,-0.0,1907,14.47244703583166,1.0,0.14144854494099474,0.0,8759
6,0.0,0.0,0.0,0.0,Building_14,13,MASAC,0.7900000214576721,True,0.0,0.0,0.0,0.5324955582618713,1,8757,0.0,0.0,-0.0,17517,0.0,2.485826015472412,-0.5864990949630737,1.3236913681030273,1.9638025760650635,2.485826015472412,2.485826015472412,64,3.5552400496807754,1.0,0.2475340450182557,0.0,0.0,0.0,-0.7438432574272156,CityLearnV3MADRLRewardFunction,masac_unified_comparable_v4,E2,-0.0,1907,14.47244703583166,1.0,0.14144854494099474,0.0,8759
10,1.0,1.0,0.1,0.0,Building_15,14,MASAC,0.7900000214576721,True,0.0,0.0,0.0,0.5324955582618713,1,8757,0.0,0.0,-0.0,17517,0.0,20.5941162109375,-0.7490583658218384,10.966275215148926,16.269351959228516,20.5941162109375,20.5941162109375,92,3.5992766829685,1.0,0.17842332273721695,0.0,0.0,0.0,-0.7438432574272156,CityLearnV3MADRLRewardFunction,masac_unified_comparable_v4,E2,-0.0,1907,14.47244703583166,1.0,0.14144854494099474,0.0,8759
13,0.0,0.0,0.0,0.0,Building_16,15,MASAC,0.7900000214576721,True,0.0,0.0,0.0,0.5324955582618713,1,8757,0.0,0.0,-0.0,17517,0.0,103.13050842285156,-0.8152472376823425,54.91653823852539,81.47310638427734,103.13050842285156,103.13050842285156,113,3.5536261644331875,1.0,0.14270331479806816,0.0,0.0,0.0,-0.7438432574272156,CityLearnV3MADRLRewardFunction,masac_unified_comparable_v4,E2,-0.0,1907,14.47244703583166,1.0,0.14144854494099474,0.0,8759
13,0.0,0.0,0.0,0.0,Building_17,16,MASAC,0.7900000214576721,True,0.0,0.0,0.0,0.5324955582618713,1,8757,0.0,0.0,-0.0,17517,0.0,21.1981143951416,-0.7520934343338013,11.287901878356934,16.746511459350586,21.1981143951416,21.1981143951416,113,3.477373936897153,1.0,0.1397924206953133,0.0,0.0,0.0,-0.7438432574272156,CityLearnV3MADRLRewardFunction,masac_unified_comparable_v4,E2,-0.0,1907,14.47244703583166,1.0,0.14144854494099474,0.0,8759
6,0.0,0.0,0.0,0.0,Building_1,0,MASAC,0.7900000214576721,False,0.0,0.0,0.0,0.5324955582618713,2,0,0.0,0.0,-0.0,17520,-0.0,0.0,-0.6243892908096313,0.0,0.0,0.0,0.0,64,3.2930911166585046,1.0,0.22851821756921709,0.0,0.0,0.0,-0.49138692021369934,CityLearnV3MADRLRewardFunction,masac_unified_comparable_v4,E2,-0.0,1907,13.905603865967324,1.0,0.13268794814358145,0.0,3
8,0.0,0.0,0.0,0.0,Building_2,1,MASAC,0.7900000214576721,False,0.0,0.0,0.0,0.5324955582618713,2,0,0.0,0.0,-0.0,17520,-0.0,0.0,-0.3650340139865875,0.0,0.0,0.0,0.0,78,3.371037541205747,1.0,0.18798974710397232,0.0,0.0,0.0,-0.49138692021369934,CityLearnV3MADRLRewardFunction,masac_unified_comparable_v4,E2,-0.0,1907,13.905603865967324,1.0,0.13268794814358145,0.0,3
10,0.0,0.0,0.0,0.0,Building_3,2,MASAC,0.7900000214576721,False,0.0,0.0,0.0,0.5324955582618713,2,0,0.0,0.0,-0.0,17520,-0.0,0.0,-0.6186843514442444,0.0,0.0,0.0,0.0,92,3.434469679987914,1.0,0.16759331483879816,0.0,0.0,0.0,-0.49138692021369934,CityLearnV3MADRLRewardFunction,masac_unified_comparable_v4,E2,-0.0,1907,13.905603865967324,1.0,0.13268794814358145,0.0,3
8,0.0,0.0,0.0,0.0,Building_4,3,MASAC,0.7900000214576721,False,0.0,0.0,0.0,0.5324955582618713,2,0,0.0,0.0,-0.0,17520,-0.0,0.0,-0.5096250176429749,0.0,0.0,0.0,0.0,78,3.2958998137045543,1.0,0.18434909387276724,0.0,0.0,0.0,-0.49138692021369934,CityLearnV3MADRLRewardFunction,masac_unified_comparable_v4,E2,-0.0,1907,13.905603865967324,1.0,0.13268794814358145,0.0,3
5,0.0,0.0,0.0,0.0,Building_5,4,MASAC,0.7900000214576721,False,0.0,0.0,0.0,0.5324955582618713,2,0,0.0,0.0,-0.0,17520,-0.0,0.0,-0.6088606715202332,0.0,0.0,0.0,0.0,57,3.365377139093831,1.0,0.26643169736653044,0.0,0.0,0.0,-0.49138692021369934,CityLearnV3MADRLRewardFunction,masac_unified_comparable_v4,E2,-0.0,1907,13.905603865967324,1.0,0.13268794814358145,0.0,3
34,0.0,0.0,0.0,0.0,Building_6,5,MASAC,0.7900000214576721,False,0.0,0.0,0.0,0.5324955582618713,2,0,0.0,0.0,-0.0,17520,-0.0,0.0,-0.6221620440483093,0.0,0.0,0.0,0.0,260,3.2774009585958335,1.0,0.05490091448793044,0.0,0.0,0.0,-0.49138692021369934,CityLearnV3MADRLRewardFunction,masac_unified_comparable_v4,E2,-0.0,1907,13.905603865967324,1.0,0.13268794814358145,0.0,3
44,0.0,0.0,0.0,0.0,Building_7,6,MASAC,0.7900000214576721,False,0.0,0.0,0.0,0.5324955582618713,2,0,0.0,0.0,-0.0,17520,-0.0,0.0,-0.36561039090156555,0.0,0.0,0.0,0.0,330,3.353837919026103,1.0,0.04427878734740344,0.0,0.0,0.0,-0.49138692021369934,CityLearnV3MADRLRewardFunction,masac_unified_comparable_v4,E2,-0.0,1907,13.905603865967324,1.0,0.13268794814358145,0.0,3
19,1.0,0.0,-0.05263157894736842,-1.0,Building_8,7,MASAC,0.7900000214576721,False,0.0,0.0,0.0,0.5324955582618713,2,0,0.0,0.0,-0.0,17520,-0.0,0.0,-0.38755273818969727,0.0,0.0,0.0,0.0,155,3.3334500960301368,1.0,0.09299948609644366,0.0,0.0,0.0,-0.49138692021369934,CityLearnV3MADRLRewardFunction,masac_unified_comparable_v4,E2,-0.0,1907,13.905603865967324,1.0,0.13268794814358145,0.0,3
12,0.0,0.0,0.0,0.0,Building_9,8,MASAC,0.7900000214576721,False,0.0,0.0,0.0,0.5324955582618713,2,0,0.0,0.0,-0.0,17520,-0.0,0.0,-0.38959866762161255,0.0,0.0,0.0,0.0,106,3.484810704672655,1.0,0.14875163369864788,0.0,0.0,0.0,-0.49138692021369934,CityLearnV3MADRLRewardFunction,masac_unified_comparable_v4,E2,-0.0,1907,13.905603865967324,1.0,0.13268794814358145,0.0,3
8,0.0,0.0,0.0,0.0,Building_10,9,MASAC,0.7900000214576721,False,0.0,0.0,0.0,0.5324955582618713,2,0,0.0,0.0,-0.0,17520,-0.0,0.0,-0.43137454986572266,0.0,0.0,0.0,0.0,78,3.3250384172686656,1.0,0.1859010235310938,0.0,0.0,0.0,-0.49138692021369934,CityLearnV3MADRLRewardFunction,masac_unified_comparable_v4,E2,-0.0,1907,13.905603865967324,1.0,0.13268794814358145,0.0,3
5,0.0,0.0,0.0,0.0,Building_11,10,MASAC,0.7900000214576721,False,0.0,0.0,0.0,0.5324955582618713,2,0,0.0,0.0,-0.0,17520,-0.0,0.0,-0.6116082072257996,0.0,0.0,0.0,0.0,57,3.4791692147148017,1.0,0.27352401705687507,0.0,0.0,0.0,-0.49138692021369934,CityLearnV3MADRLRewardFunction,masac_unified_comparable_v4,E2,-0.0,1907,13.905603865967324,1.0,0.13268794814358145,0.0,3
5,0.0,0.0,0.0,0.0,Building_12,11,MASAC,0.7900000214576721,False,0.0,0.0,0.0,0.5324955582618713,2,0,0.0,0.0,-0.0,17520,-0.0,0.0,-0.623181164264679,0.0,0.0,0.0,0.0,57,3.441123700581301,1.0,0.2737723289613138,0.0,0.0,0.0,-0.49138692021369934,CityLearnV3MADRLRewardFunction,masac_unified_comparable_v4,E2,-0.0,1907,13.905603865967324,1.0,0.13268794814358145,0.0,3
13,1.0,1.0,0.07692307692307693,0.0,Building_13,12,MASAC,0.7900000214576721,False,0.0,0.0,0.0,0.5324955582618713,2,0,0.0,0.0,-0.0,17520,-0.0,0.0,-0.3653462827205658,0.0,0.0,0.0,0.0,113,3.3601015402824164,1.0,0.129532590508461,0.0,0.0,0.0,-0.49138692021369934,CityLearnV3MADRLRewardFunction,masac_unified_comparable_v4,E2,-0.0,1907,13.905603865967324,1.0,0.13268794814358145,0.0,3
6,0.0,0.0,0.0,0.0,Building_14,13,MASAC,0.7900000214576721,False,0.0,0.0,0.0,0.5324955582618713,2,0,0.0,0.0,-0.0,17520,-0.0,0.0,-0.3760073781013489,0.0,0.0,0.0,0.0,64,3.3770338547907257,1.0,0.22974335798062384,0.0,0.0,0.0,-0.49138692021369934,CityLearnV3MADRLRewardFunction,masac_unified_comparable_v4,E2,-0.0,1907,13.905603865967324,1.0,0.13268794814358145,0.0,3
10,0.0,0.0,0.0,0.0,Building_15,14,MASAC,0.7900000214576721,False,0.0,0.0,0.0,0.5324955582618713,2,0,0.0,0.0,-0.0,17520,-0.0,0.0,-0.37901201844215393,0.0,0.0,0.0,0.0,92,3.3706370167343525,1.0,0.1598552401461031,0.0,0.0,0.0,-0.49138692021369934,CityLearnV3MADRLRewardFunction,masac_unified_comparable_v4,E2,-0.0,1907,13.905603865967324,1.0,0.13268794814358145,0.0,3
13,0.0,0.0,0.0,0.0,Building_16,15,MASAC,0.7900000214576721,False,0.0,0.0,0.0,0.5324955582618713,2,0,0.0,0.0,-0.0,17520,-0.0,0.0,-0.5274915099143982,0.0,0.0,0.0,0.0,113,3.321229490738226,1.0,0.12844606324107247,0.0,0.0,0.0,-0.49138692021369934,CityLearnV3MADRLRewardFunction,masac_unified_comparable_v4,E2,-0.0,1907,13.905603865967324,1.0,0.13268794814358145,0.0,3
13,1.0,1.0,0.07692307692307693,0.0,Building_17,16,MASAC,0.7900000214576721,False,0.0,0.0,0.0,0.5324955582618713,2,0,0.0,0.0,-0.0,17520,-0.0,0.0,-0.5480390191078186,0.0,0.0,0.0,0.0,113,3.4408666534612267,1.0,0.13660426840054252,0.0,0.0,0.0,-0.49138692021369934,CityLearnV3MADRLRewardFunction,masac_unified_comparable_v4,E2,-0.0,1907,13.905603865967324,1.0,0.13268794814358145,0.0,3
6,0.0,0.0,0.0,0.0,Building_1,0,MASAC,0.7900000214576721,True,0.0,0.0,0.0,0.5324955582618713,2,8756,0.0,0.0,-0.0,26276,0.0,391.586669921875,-0.7621915340423584,208.51815795898438,309.3534851074219,391.586669921875,391.586669921875,64,3.435193077627106,1.0,0.2330613760277629,0.0,0.0,0.0,-0.6675618290901184,CityLearnV3MADRLRewardFunction,masac_unified_comparable_v4,E2,-0.0,1907,14.255896795201881,1.0,0.13444608960966822,0.0,8759
8,0.0,0.0,0.0,0.0,Building_2,1,MASAC,0.7900000214576721,True,0.0,0.0,0.0,0.5324955582618713,2,8756,0.0,0.0,-0.0,26276,0.0,0.1848604530096054,-0.5049391388893127,0.0984373688697815,0.14603976905345917,0.1848604530096054,0.1848604530096054,78,3.520479720549284,1.0,0.19390765940531707,0.0,0.0,0.0,-0.6675618290901184,CityLearnV3MADRLRewardFunction,masac_unified_comparable_v4,E2,-0.0,1907,14.255896795201881,1.0,0.13444608960966822,0.0,8759
10,0.0,0.0,0.0,0.0,Building_3,2,MASAC,0.7900000214576721,True,0.0,0.0,0.0,0.5324955582618713,2,8756,0.0,0.0,-0.0,26276,0.0,39.0087890625,-0.7474299073219299,20.77200698852539,30.816944122314453,39.0087890625,39.0087890625,92,3.408080896253105,1.0,0.15940568239792532,0.0,0.0,0.0,-0.6675618290901184,CityLearnV3MADRLRewardFunction,masac_unified_comparable_v4,E2,-0.0,1907,14.255896795201881,1.0,0.13444608960966822,0.0,8759
8,0.0,0.0,0.0,0.0,Building_4,3,MASAC,0.7900000214576721,True,0.0,0.0,0.0,0.5324955582618713,2,8756,0.0,0.0,-0.0,26276,0.0,36.67196273803711,-0.7428499460220337,19.52765655517578,28.97085189819336,36.67196273803711,36.67196273803711,78,3.2654307680528327,1.0,0.17775599639385176,0.0,0.0,0.0,-0.6675618290901184,CityLearnV3MADRLRewardFunction,masac_unified_comparable_v4,E2,-0.0,1907,14.255896795201881,1.0,0.13444608960966822,0.0,8759
5,0.0,0.0,0.0,0.0,Building_5,4,MASAC,0.7900000214576721,True,0.0,0.0,0.0,0.5324955582618713,2,8756,0.0,0.0,-0.0,26276,0.0,54.225337982177734,-0.7880336046218872,28.874752044677734,42.838016510009766,54.225337982177734,54.225337982177734,57,3.608127559270847,1.0,0.29867133158340786,0.0,0.0,0.0,-0.6675618290901184,CityLearnV3MADRLRewardFunction,masac_unified_comparable_v4,E2,-0.0,1907,14.255896795201881,1.0,0.13444608960966822,0.0,8759
34,1.0,1.0,0.029411764705882353,0.0,Building_6,5,MASAC,0.7900000214576721,True,0.0,0.0,0.0,0.5324955582618713,2,8756,0.0,0.0,-0.0,26276,0.0,348.8946838378906,-0.7621861100196838,185.7848663330078,275.6268005371094,348.8946838378906,348.8946838378906,260,3.3560431830102604,1.0,0.05558529198169708,0.0,0.0,0.0,-0.6675618290901184,CityLearnV3MADRLRewardFunction,masac_unified_comparable_v4,E2,-0.0,1907,14.255896795201881,1.0,0.13444608960966822,0.0,8759
44,1.0,1.0,0.022727272727272728,0.0,Building_7,6,MASAC,0.7900000214576721,True,0.0,0.0,0.0,0.5324955582618713,2,8756,0.0,0.0,-0.0,26276,0.0,2.9800853729248047,-0.5386480689048767,1.58688223361969,2.3542675971984863,2.9800853729248047,2.9800853729248047,330,3.4545822806724975,1.0,0.045185576130946474,0.0,0.0,0.0,-0.6675618290901184,CityLearnV3MADRLRewardFunction,masac_unified_comparable_v4,E2,-0.0,1907,14.255896795201881,1.0,0.13444608960966822,0.0,8759
19,1.0,1.0,0.05263157894736842,0.0,Building_8,7,MASAC,0.7900000214576721,True,35.73883056640625,0.0,0.0,0.5324955582618713,2,8756,0.0,0.0,-0.0,26276,0.0,41.938201904296875,-0.7745003700256348,22.331905364990234,33.13117980957031,41.938201904296875,6.199371337890625,155,3.5159108294155,1.0,0.09939820901040108,0.0,0.0,0.0,-0.6675618290901184,CityLearnV3MADRLRewardFunction,masac_unified_comparable_v4,E2,-0.0,1907,14.255896795201881,1.0,0.13444608960966822,0.0,8759
12,0.0,0.0,0.0,0.0,Building_9,8,MASAC,0.7900000214576721,True,0.0,0.0,0.0,0.5324955582618713,2,8756,0.0,0.0,-0.0,26276,0.0,2.1350696086883545,-0.5111006498336792,1.1369150876998901,1.6867049932479858,2.1350696086883545,2.1350696086883545,106,3.5990887306909287,1.0,0.15633041088311178,0.0,0.0,0.0,-0.6675618290901184,CityLearnV3MADRLRewardFunction,masac_unified_comparable_v4,E2,-0.0,1907,14.255896795201881,1.0,0.13444608960966822,0.0,8759
8,0.0,0.0,0.0,0.0,Building_10,9,MASAC,0.7900000214576721,True,0.0,0.0,0.0,0.5324955582618713,2,8756,0.0,0.0,-0.0,26276,0.0,16.451881408691406,-0.6701242923736572,8.760553359985352,12.996986389160156,16.451881408691406,16.451881408691406,78,3.4734368898652312,1.0,0.19226246795211083,0.0,0.0,0.0,-0.6675618290901184,CityLearnV3MADRLRewardFunction,masac_unified_comparable_v4,E2,-0.0,1907,14.255896795201881,1.0,0.13444608960966822,0.0,8759
5,0.0,0.0,0.0,0.0,Building_11,10,MASAC,0.7900000214576721,True,0.0,0.0,0.0,0.5324955582618713,2,8756,0.0,0.0,-0.0,26276,0.0,66.45198059082031,-0.7598232626914978,35.38538360595703,52.497066497802734,66.45198059082031,66.45198059082031,57,3.4779185040348253,1.0,0.2622781589365842,0.0,0.0,0.0,-0.6675618290901184,CityLearnV3MADRLRewardFunction,masac_unified_comparable_v4,E2,-0.0,1907,14.255896795201881,1.0,0.13444608960966822,0.0,8759
5,0.0,0.0,0.0,0.0,Building_12,11,MASAC,0.7900000214576721,True,0.0,0.0,0.0,0.5324955582618713,2,8756,0.0,0.0,-0.0,26276,0.0,155.388671875,-0.7620105147361755,82.7437744140625,122.7570571899414,155.388671875,155.388671875,57,3.441043135283763,1.0,0.262813498837906,0.0,0.0,0.0,-0.6675618290901184,CityLearnV3MADRLRewardFunction,masac_unified_comparable_v4,E2,-0.0,1907,14.255896795201881,1.0,0.13444608960966822,0.0,8759
13,0.0,0.0,0.0,0.0,Building_13,12,MASAC,0.7900000214576721,True,0.0,0.0,0.0,0.5324955582618713,2,8756,0.0,0.0,-0.0,26276,0.0,0.1047736182808876,-0.5039623975753784,0.05579148605465889,0.08277115970849991,0.1047736182808876,0.1047736182808876,113,3.3869622274017526,1.0,0.1282842528503553,0.0,0.0,0.0,-0.6675618290901184,CityLearnV3MADRLRewardFunction,masac_unified_comparable_v4,E2,-0.0,1907,14.255896795201881,1.0,0.13444608960966822,0.0,8759
6,1.0,1.0,0.16666666666666666,0.0,Building_14,13,MASAC,0.7900000214576721,True,0.0,0.0,0.0,0.5324955582618713,2,8756,0.0,0.0,-0.0,26276,0.0,1.3521205186843872,-0.5191015601158142,0.7199981808662415,1.068175196647644,1.3521205186843872,1.3521205186843872,64,3.4877539338542247,1.0,0.23434067470952868,0.0,0.0,0.0,-0.6675618290901184,CityLearnV3MADRLRewardFunction,masac_unified_comparable_v4,E2,-0.0,1907,14.255896795201881,1.0,0.13444608960966822,0.0,8759
10,0.0,0.0,0.0,0.0,Building_15,14,MASAC,0.7900000214576721,True,0.0,0.0,0.0,0.5324955582618713,2,8756,0.0,0.0,-0.0,26276,0.0,15.147623062133789,-0.6606360077857971,8.066041946411133,11.966622352600098,15.147623062133789,15.147623062133789,92,3.54394700281098,1.0,0.1689699499503426,0.0,0.0,0.0,-0.6675618290901184,CityLearnV3MADRLRewardFunction,masac_unified_comparable_v4,E2,-0.0,1907,14.255896795201881,1.0,0.13444608960966822,0.0,8759
13,0.0,0.0,0.0,0.0,Building_16,15,MASAC,0.7900000214576721,True,0.0,0.0,0.0,0.5324955582618713,2,8756,0.0,0.0,-0.0,26276,0.0,11.957420349121094,-0.6341617703437805,6.367273330688477,9.446362495422363,11.957420349121094,11.957420349121094,113,3.424535111833791,1.0,0.13047934607066938,0.0,0.0,0.0,-0.6675618290901184,CityLearnV3MADRLRewardFunction,masac_unified_comparable_v4,E2,-0.0,1907,14.255896795201881,1.0,0.13444608960966822,0.0,8759
13,0.0,0.0,0.0,0.0,Building_17,16,MASAC,0.7900000214576721,True,0.0,0.0,0.0,0.5324955582618713,2,8756,0.0,0.0,-0.0,26276,0.0,23.087642669677734,-0.7068516612052917,12.2940673828125,18.239238739013672,23.087642669677734,23.087642669677734,113,3.3619923778097873,1.0,0.1304621836252972,0.0,0.0,0.0,-0.6675618290901184,CityLearnV3MADRLRewardFunction,masac_unified_comparable_v4,E2,-0.0,1907,14.255896795201881,1.0,0.13444608960966822,0.0,8759
6,0.0,0.0,0.0,0.0,Building_1,0,MASAC,0.7900000214576721,False,0.0,0.0,0.0,0.5324955582618713,3,0,0.0,0.0,-0.0,26280,-0.0,0.0,-0.6626908779144287,0.0,0.0,0.0,0.0,64,3.4018264809268013,1.0,0.24622601550072432,0.0,0.0,0.0,-0.5467576384544373,CityLearnV3MADRLRewardFunction,masac_unified_comparable_v4,E2,-0.0,1907,14.57444543069141,1.0,0.1454914617926023,0.0,4
8,0.0,0.0,0.0,0.0,Building_2,1,MASAC,0.7900000214576721,False,0.0,0.0,0.0,0.5324955582618713,3,0,0.0,0.0,-0.0,26280,-0.0,0.0,-0.409723699092865,0.0,0.0,0.0,0.0,78,3.531702699274271,1.0,0.205563845542761,0.0,0.0,0.0,-0.5467576384544373,CityLearnV3MADRLRewardFunction,masac_unified_comparable_v4,E2,-0.0,1907,14.57444543069141,1.0,0.1454914617926023,0.0,4
10,0.0,0.0,0.0,0.0,Building_3,2,MASAC,0.7900000214576721,False,0.0,0.0,0.0,0.5324955582618713,3,0,0.0,0.0,-0.0,26280,-0.0,0.0,-0.6014719009399414,0.0,0.0,0.0,0.0,92,3.7402959697454206,1.0,0.19595314035920994,0.0,0.0,0.0,-0.5467576384544373,CityLearnV3MADRLRewardFunction,masac_unified_comparable_v4,E2,-0.0,1907,14.57444543069141,1.0,0.1454914617926023,0.0,4
8,0.0,0.0,0.0,0.0,Building_4,3,MASAC,0.7900000214576721,False,0.0,0.0,0.0,0.5324955582618713,3,0,0.0,0.0,-0.0,26280,-0.0,0.0,-0.5541504621505737,0.0,0.0,0.0,0.0,78,3.461867124690307,1.0,0.2018539886444043,0.0,0.0,0.0,-0.5467576384544373,CityLearnV3MADRLRewardFunction,masac_unified_comparable_v4,E2,-0.0,1907,14.57444543069141,1.0,0.1454914617926023,0.0,4
5,0.0,0.0,0.0,0.0,Building_5,4,MASAC,0.7900000214576721,False,0.0,0.0,0.0,0.5324955582618713,3,0,0.0,0.0,-0.0,26280,-0.0,0.0,-0.6433576941490173,0.0,0.0,0.0,0.0,57,3.567358596244645,1.0,0.2966691445101771,0.0,0.0,0.0,-0.5467576384544373,CityLearnV3MADRLRewardFunction,masac_unified_comparable_v4,E2,-0.0,1907,14.57444543069141,1.0,0.1454914617926023,0.0,4
34,1.0,1.0,0.029411764705882353,0.0,Building_6,5,MASAC,0.7900000214576721,False,0.0,0.0,0.0,0.5324955582618713,3,0,0.0,0.0,-0.0,26280,-0.0,0.0,-0.6616913676261902,0.0,0.0,0.0,0.0,260,3.4477557057338934,1.0,0.060652696083371455,0.0,0.0,0.0,-0.5467576384544373,CityLearnV3MADRLRewardFunction,masac_unified_comparable_v4,E2,-0.0,1907,14.57444543069141,1.0,0.1454914617926023,0.0,4
44,0.0,0.0,0.0,0.0,Building_7,6,MASAC,0.7900000214576721,False,0.0,0.0,0.0,0.5324955582618713,3,0,0.0,0.0,-0.0,26280,-0.0,0.0,-0.4252525866031647,0.0,0.0,0.0,0.0,330,3.512988983280617,1.0,0.048420624570413066,0.0,0.0,0.0,-0.5467576384544373,CityLearnV3MADRLRewardFunction,masac_unified_comparable_v4,E2,-0.0,1907,14.57444543069141,1.0,0.1454914617926023,0.0,4
19,1.0,0.0,-0.05263157894736842,-1.0,Building_8,7,MASAC,0.7900000214576721,False,0.0,0.0,0.0,0.5324955582618713,3,0,0.0,0.0,-0.0,26280,-0.0,0.0,-0.4258458912372589,0.0,0.0,0.0,0.0,155,3.4963544154653943,1.0,0.10184601276151596,0.0,0.0,0.0,-0.5467576384544373,CityLearnV3MADRLRewardFunction,masac_unified_comparable_v4,E2,-0.0,1907,14.57444543069141,1.0,0.1454914617926023,0.0,4
12,0.0,0.0,0.0,0.0,Building_9,8,MASAC,0.7900000214576721,False,0.0,0.0,0.0,0.5324955582618713,3,0,0.0,0.0,-0.0,26280,-0.0,0.0,-0.4338396489620209,0.0,0.0,0.0,0.0,106,3.6453178913802824,1.0,0.16144251774223345,0.0,0.0,0.0,-0.5467576384544373,CityLearnV3MADRLRewardFunction,masac_unified_comparable_v4,E2,-0.0,1907,14.57444543069141,1.0,0.1454914617926023,0.0,4
8,0.0,0.0,0.0,0.0,Building_10,9,MASAC,0.7900000214576721,False,0.0,0.0,0.0,0.5324955582618713,3,0,0.0,0.0,-0.0,26280,-0.0,0.0,-0.6159887313842773,0.0,0.0,0.0,0.0,78,3.4866875190045796,1.0,0.20379960890381765,0.0,0.0,0.0,-0.5467576384544373,CityLearnV3MADRLRewardFunction,masac_unified_comparable_v4,E2,-0.0,1907,14.57444543069141,1.0,0.1454914617926023,0.0,4
5,0.0,0.0,0.0,0.0,Building_11,10,MASAC,0.7900000214576721,False,0.0,0.0,0.0,0.5324955582618713,3,0,0.0,0.0,-0.0,26280,-0.0,0.0,-0.6574148535728455,0.0,0.0,0.0,0.0,57,3.59995862027185,1.0,0.29420233609383567,0.0,0.0,0.0,-0.5467576384544373,CityLearnV3MADRLRewardFunction,masac_unified_comparable_v4,E2,-0.0,1907,14.57444543069141,1.0,0.1454914617926023,0.0,4
5,0.0,0.0,0.0,0.0,Building_12,11,MASAC,0.7900000214576721,False,0.0,0.0,0.0,0.5324955582618713,3,0,0.0,0.0,-0.0,26280,-0.0,0.0,-0.6617267727851868,0.0,0.0,0.0,0.0,57,3.6278005089150427,1.0,0.3037439868376966,0.0,0.0,0.0,-0.5467576384544373,CityLearnV3MADRLRewardFunction,masac_unified_comparable_v4,E2,-0.0,1907,14.57444543069141,1.0,0.1454914617926023,0.0,4
13,0.0,0.0,0.0,0.0,Building_13,12,MASAC,0.7900000214576721,False,0.0,0.0,0.0,0.5324955582618713,3,0,0.0,0.0,-0.0,26280,-0.0,0.0,-0.4147280752658844,0.0,0.0,0.0,0.0,113,3.5179681231706463,1.0,0.14156058457045428,0.0,0.0,0.0,-0.5467576384544373,CityLearnV3MADRLRewardFunction,masac_unified_comparable_v4,E2,-0.0,1907,14.57444543069141,1.0,0.1454914617926023,0.0,4
6,1.0,1.0,0.16666666666666666,0.0,Building_14,13,MASAC,0.7900000214576721,False,0.0,0.0,0.0,0.5324955582618713,3,0,0.0,0.0,-0.0,26280,-0.0,0.0,-0.4237751066684723,0.0,0.0,0.0,0.0,64,3.496015835896579,1.0,0.24858597433194518,0.0,0.0,0.0,-0.5467576384544373,CityLearnV3MADRLRewardFunction,masac_unified_comparable_v4,E2,-0.0,1907,14.57444543069141,1.0,0.1454914617926023,0.0,4
10,1.0,1.0,0.1,0.0,Building_15,14,MASAC,0.7900000214576721,False,0.0,0.0,0.0,0.5324955582618713,3,0,0.0,0.0,-0.0,26280,-0.0,0.0,-0.4383438527584076,0.0,0.0,0.0,0.0,92,3.529556622967236,1.0,0.1748181156328191,0.0,0.0,0.0,-0.5467576384544373,CityLearnV3MADRLRewardFunction,masac_unified_comparable_v4,E2,-0.0,1907,14.57444543069141,1.0,0.1454914617926023,0.0,4
13,0.0,0.0,0.0,0.0,Building_16,15,MASAC,0.7900000214576721,False,0.0,0.0,0.0,0.5324955582618713,3,0,0.0,0.0,-0.0,26280,-0.0,0.0,-0.6523132920265198,0.0,0.0,0.0,0.0,113,3.424845920658173,1.0,0.13811553263031276,0.0,0.0,0.0,-0.5467576384544373,CityLearnV3MADRLRewardFunction,masac_unified_comparable_v4,E2,-0.0,1907,14.57444543069141,1.0,0.1454914617926023,0.0,4
13,0.0,0.0,0.0,0.0,Building_17,16,MASAC,0.7900000214576721,False,0.0,0.0,0.0,0.5324955582618713,3,0,0.0,0.0,-0.0,26280,-0.0,0.0,-0.6125652194023132,0.0,0.0,0.0,0.0,113,3.5867234077449055,1.0,0.14826818885265197,0.0,0.0,0.0,-0.5467576384544373,CityLearnV3MADRLRewardFunction,masac_unified_comparable_v4,E2,-0.0,1907,14.57444543069141,1.0,0.1454914617926023,0.0,4
6,0.0,0.0,0.0,0.0,Building_1,0,MASAC,0.7900000214576721,True,0.0,0.0,0.0,0.5324955582618713,3,8755,0.0,0.0,-0.0,35035,0.0,433.45458984375,-0.81758713722229,230.81263732910156,342.42913818359375,433.45458984375,433.45458984375,64,3.331741503161612,1.0,0.22393868560902774,0.0,0.0,0.0,-0.7459700703620911,CityLearnV3MADRLRewardFunction,masac_unified_comparable_v4,E2,-0.0,1907,13.8697085429403,1.0,0.12934291073842455,0.0,8759
8,0.0,0.0,0.0,0.0,Building_2,1,MASAC,0.7900000214576721,True,0.0,0.0,0.0,0.5324955582618713,3,8755,0.0,0.0,-0.0,35035,0.0,15.16435432434082,-0.7156842947006226,8.074951171875,11.979840278625488,15.16435432434082,15.16435432434082,78,3.330483938055391,1.0,0.18387319778020567,0.0,0.0,0.0,-0.7459700703620911,CityLearnV3MADRLRewardFunction,masac_unified_comparable_v4,E2,-0.0,1907,13.8697085429403,1.0,0.12934291073842455,0.0,8759
10,0.0,0.0,0.0,0.0,Building_3,2,MASAC,0.7900000214576721,True,0.0,0.0,0.0,0.5324955582618713,3,8755,0.0,0.0,-0.0,35035,0.0,94.53981018066406,-0.8164425492286682,50.3420295715332,74.68645477294922,94.53981018066406,94.53981018066406,92,3.3079939438212977,1.0,0.15303978696465492,0.0,0.0,0.0,-0.7459700703620911,CityLearnV3MADRLRewardFunction,masac_unified_comparable_v4,E2,-0.0,1907,13.8697085429403,1.0,0.12934291073842455,0.0,8759
8,0.0,0.0,0.0,0.0,Building_4,3,MASAC,0.7900000214576721,True,0.0,0.0,0.0,0.5324955582618713,3,8755,0.0,0.0,-0.0,35035,0.0,31.04317283630371,-0.7891924381256104,16.530351638793945,24.524106979370117,31.04317283630371,31.04317283630371,78,3.3240785109050437,1.0,0.18115793493313667,0.0,0.0,0.0,-0.7459700703620911,CityLearnV3MADRLRewardFunction,masac_unified_comparable_v4,E2,-0.0,1907,13.8697085429403,1.0,0.12934291073842455,0.0,8759
5,0.0,0.0,0.0,0.0,Building_5,4,MASAC,0.7900000214576721,True,0.0,0.0,0.0,0.5324955582618713,3,8755,0.0,0.0,-0.0,35035,0.0,38.538970947265625,-0.8388893604278564,20.521831512451172,30.44578742980957,38.538970947265625,38.538970947265625,57,3.5862179879869673,1.0,0.2930089601299219,0.0,0.0,0.0,-0.7459700703620911,CityLearnV3MADRLRewardFunction,masac_unified_comparable_v4,E2,-0.0,1907,13.8697085429403,1.0,0.12934291073842455,0.0,8759
34,0.0,0.0,0.0,0.0,Building_6,5,MASAC,0.7900000214576721,True,0.0,0.0,0.0,0.5324955582618713,3,8755,0.0,0.0,-0.0,35035,0.0,362.8901062011719,-0.8175863027572632,193.23736572265625,286.6831970214844,362.8901062011719,362.8901062011719,260,3.331929881525572,1.0,0.05439964114473416,0.0,0.0,0.0,-0.7459700703620911,CityLearnV3MADRLRewardFunction,masac_unified_comparable_v4,E2,-0.0,1907,13.8697085429403,1.0,0.12934291073842455,0.0,8759
44,1.0,1.0,0.022727272727272728,0.0,Building_7,6,MASAC,0.7900000214576721,True,0.0,0.0,0.0,0.5324955582618713,3,8755,0.0,0.0,-0.0,35035,0.0,12.664111137390137,-0.6953337788581848,6.743582725524902,10.004648208618164,12.664111137390137,12.664111137390137,330,3.268486711461979,1.0,0.04180963610609372,0.0,0.0,0.0,-0.7459700703620911,CityLearnV3MADRLRewardFunction,masac_unified_comparable_v4,E2,-0.0,1907,13.8697085429403,1.0,0.12934291073842455,0.0,8759
19,0.0,0.0,0.0,0.0,Building_8,7,MASAC,0.7900000214576721,True,0.0,0.0,0.0,0.5324955582618713,3,8755,0.0,0.0,-0.0,35035,0.0,12.065996170043945,-0.6906397342681885,6.425089359283447,9.532136917114258,12.065996170043945,12.065996170043945,155,3.469839967772928,1.0,0.09721792753665678,0.0,0.0,0.0,-0.7459700703620911,CityLearnV3MADRLRewardFunction,masac_unified_comparable_v4,E2,-0.0,1907,13.8697085429403,1.0,0.12934291073842455,0.0,8759
12,0.0,0.0,0.0,0.0,Building_9,8,MASAC,0.7900000214576721,True,0.0,0.0,0.0,0.5324955582618713,3,8755,0.0,0.0,-0.0,35035,0.0,2.290161371231079,-0.5684311389923096,1.2195007801055908,1.8092275857925415,2.290161371231079,2.290161371231079,106,3.6570783562289746,1.0,0.1577465409096682,0.0,0.0,0.0,-0.7459700703620911,CityLearnV3MADRLRewardFunction,masac_unified_comparable_v4,E2,-0.0,1907,13.8697085429403,1.0,0.12934291073842455,0.0,8759
8,0.0,0.0,0.0,0.0,Building_10,9,MASAC,0.7900000214576721,True,0.0,0.0,0.0,0.5324955582618713,3,8755,0.0,0.0,-0.0,35035,0.0,51.649574279785156,-0.8110896348953247,27.5031681060791,40.803165435791016,51.649574279785156,51.649574279785156,78,3.302970802673107,1.0,0.1819466904569895,0.0,0.0,0.0,-0.7459700703620911,CityLearnV3MADRLRewardFunction,masac_unified_comparable_v4,E2,-0.0,1907,13.8697085429403,1.0,0.12934291073842455,0.0,8759
5,1.0,1.0,0.2,0.0,Building_11,10,MASAC,0.7900000214576721,True,0.0,0.0,0.0,0.5324955582618713,3,8755,0.0,0.0,-0.0,35035,0.0,71.54803466796875,-0.8150800466537476,38.0990104675293,56.52294921875,71.54803466796875,71.54803466796875,57,3.3268614586088954,1.0,0.24889144360234863,0.0,0.0,0.0,-0.7459700703620911,CityLearnV3MADRLRewardFunction,masac_unified_comparable_v4,E2,-0.0,1907,13.8697085429403,1.0,0.12934291073842455,0.0,8759
5,0.0,0.0,0.0,0.0,Building_12,11,MASAC,0.7900000214576721,True,0.0,0.0,0.0,0.5324955582618713,3,8755,0.0,0.0,-0.0,35035,0.0,215.11593627929688,-0.8171941637992859,114.54827880859375,169.94158935546875,215.11593627929688,215.11593627929688,57,3.2645939906965293,1.0,0.24731191339200004,0.0,0.0,0.0,-0.7459700703620911,CityLearnV3MADRLRewardFunction,masac_unified_comparable_v4,E2,-0.0,1907,13.8697085429403,1.0,0.12934291073842455,0.0,8759
13,0.0,0.0,0.0,0.0,Building_13,12,MASAC,0.7900000214576721,True,0.0,0.0,0.0,0.5324955582618713,3,8755,0.0,0.0,-0.0,35035,0.0,2.033022403717041,-0.5826544165611267,1.0825754404067993,1.6060876846313477,2.033022403717041,2.033022403717041,113,3.285750359685018,1.0,0.12276133116895119,0.0,0.0,0.0,-0.7459700703620911,CityLearnV3MADRLRewardFunction,masac_unified_comparable_v4,E2,-0.0,1907,13.8697085429403,1.0,0.12934291073842455,0.0,8759
6,0.0,0.0,0.0,0.0,Building_14,13,MASAC,0.7900000214576721,True,0.0,0.0,0.0,0.5324955582618713,3,8755,0.0,0.0,-0.0,35035,0.0,2.6149511337280273,-0.5897116661071777,1.3924498558044434,2.0658113956451416,2.6149511337280273,2.6149511337280273,64,3.389146054462862,1.0,0.22461520391516387,0.0,0.0,0.0,-0.7459700703620911,CityLearnV3MADRLRewardFunction,masac_unified_comparable_v4,E2,-0.0,1907,13.8697085429403,1.0,0.12934291073842455,0.0,8759
10,0.0,0.0,0.0,0.0,Building_15,14,MASAC,0.7900000214576721,True,0.0,0.0,0.0,0.5324955582618713,3,8755,0.0,0.0,-0.0,35035,0.0,19.521480560302734,-0.7446383833885193,10.395101547241211,15.42197036743164,19.521480560302734,19.521480560302734,92,3.3921057972237043,1.0,0.16038231276299642,0.0,0.0,0.0,-0.7459700703620911,CityLearnV3MADRLRewardFunction,masac_unified_comparable_v4,E2,-0.0,1907,13.8697085429403,1.0,0.12934291073842455,0.0,8759
13,0.0,0.0,0.0,0.0,Building_16,15,MASAC,0.7900000214576721,True,0.0,0.0,0.0,0.5324955582618713,3,8755,0.0,0.0,-0.0,35035,0.0,54.89390563964844,-0.8111063241958618,29.23076057434082,43.366188049316406,54.89390563964844,54.89390563964844,113,3.2277718850894757,1.0,0.12025806578123464,0.0,0.0,0.0,-0.7459700703620911,CityLearnV3MADRLRewardFunction,masac_unified_comparable_v4,E2,-0.0,1907,13.8697085429403,1.0,0.12934291073842455,0.0,8759
13,0.0,0.0,0.0,0.0,Building_17,16,MASAC,0.7900000214576721,True,0.0,0.0,0.0,0.5324955582618713,3,8755,0.0,0.0,-0.0,35035,0.0,22.46647071838379,-0.7602298855781555,11.963295936584473,17.748512268066406,22.46647071838379,22.46647071838379,113,3.358806142317899,1.0,0.1263104939618997,0.0,0.0,0.0,-0.7459700703620911,CityLearnV3MADRLRewardFunction,masac_unified_comparable_v4,E2,-0.0,1907,13.8697085429403,1.0,0.12934291073842455,0.0,8759
6,0.0,0.0,0.0,0.0,Building_1,0,MASAC,0.7900000214576721,False,0.0,0.0,0.0,0.5324955582618713,4,0,0.0,0.0,-0.0,35040,-0.0,0.0,-0.7024708986282349,0.0,0.0,0.0,0.0,64,3.230302027394432,1.0,0.2269857495848555,0.0,0.0,0.0,-0.5974960923194885,CityLearnV3MADRLRewardFunction,masac_unified_comparable_v4,E2,-0.0,1907,14.027782568527693,1.0,0.13709663618971335,0.0,5
8,0.0,0.0,0.0,0.0,Building_2,1,MASAC,0.7900000214576721,False,0.0,0.0,0.0,0.5324955582618713,4,0,0.0,0.0,-0.0,35040,-0.0,0.0,-0.4577944874763489,0.0,0.0,0.0,0.0,78,3.368712775797938,1.0,0.1897770321378723,0.0,0.0,0.0,-0.5974960923194885,CityLearnV3MADRLRewardFunction,masac_unified_comparable_v4,E2,-0.0,1907,14.027782568527693,1.0,0.13709663618971335,0.0,5
10,1.0,1.0,0.1,0.0,Building_3,2,MASAC,0.7900000214576721,False,0.0,0.0,0.0,0.5324955582618713,4,0,0.0,0.0,-0.0,35040,-0.0,0.0,-0.698327898979187,0.0,0.0,0.0,0.0,92,3.7003030610600756,1.0,0.19788526397441392,0.0,0.0,0.0,-0.5974960923194885,CityLearnV3MADRLRewardFunction,masac_unified_comparable_v4,E2,-0.0,1907,14.027782568527693,1.0,0.13709663618971335,0.0,5
8,0.0,0.0,0.0,0.0,Building_4,3,MASAC,0.7900000214576721,False,0.0,0.0,0.0,0.5324955582618713,4,0,0.0,0.0,-0.0,35040,-0.0,0.0,-0.5845934152603149,0.0,0.0,0.0,0.0,78,3.2947954664264385,1.0,0.18601345769965497,0.0,0.0,0.0,-0.5974960923194885,CityLearnV3MADRLRewardFunction,masac_unified_comparable_v4,E2,-0.0,1907,14.027782568527693,1.0,0.13709663618971335,0.0,5
5,0.0,0.0,0.0,0.0,Building_5,4,MASAC,0.7900000214576721,False,0.0,0.0,0.0,0.5324955582618713,4,0,0.0,0.0,-0.0,35040,-0.0,0.0,-0.6817097067832947,0.0,0.0,0.0,0.0,57,3.412405327795951,1.0,0.276821827058468,0.0,0.0,0.0,-0.5974960923194885,CityLearnV3MADRLRewardFunction,masac_unified_comparable_v4,E2,-0.0,1907,14.027782568527693,1.0,0.13709663618971335,0.0,5
34,1.0,1.0,0.029411764705882353,0.0,Building_6,5,MASAC,0.7900000214576721,False,0.0,0.0,0.0,0.5324955582618713,4,0,0.0,0.0,-0.0,35040,-0.0,0.0,-0.7013994455337524,0.0,0.0,0.0,0.0,260,3.2796292386580315,1.0,0.05586776745577271,0.0,0.0,0.0,-0.5974960923194885,CityLearnV3MADRLRewardFunction,masac_unified_comparable_v4,E2,-0.0,1907,14.027782568527693,1.0,0.13709663618971335,0.0,5
44,1.0,1.0,0.022727272727272728,0.0,Building_7,6,MASAC,0.7900000214576721,False,0.0,0.0,0.0,0.5324955582618713,4,0,0.0,0.0,-0.0,35040,-0.0,0.0,-0.519853413105011,0.0,0.0,0.0,0.0,330,3.347978683010938,1.0,0.0448055207334233,0.0,0.0,0.0,-0.5974960923194885,CityLearnV3MADRLRewardFunction,masac_unified_comparable_v4,E2,-0.0,1907,14.027782568527693,1.0,0.13709663618971335,0.0,5
19,0.0,0.0,0.0,0.0,Building_8,7,MASAC,0.7900000214576721,False,0.0,0.0,0.0,0.5324955582618713,4,0,0.0,0.0,-0.0,35040,-0.0,0.0,-0.4594804346561432,0.0,0.0,0.0,0.0,155,3.3653249169026114,1.0,0.09547849596748428,0.0,0.0,0.0,-0.5974960923194885,CityLearnV3MADRLRewardFunction,masac_unified_comparable_v4,E2,-0.0,1907,14.027782568527693,1.0,0.13709663618971335,0.0,5
12,0.0,0.0,0.0,0.0,Building_9,8,MASAC,0.7900000214576721,False,0.0,0.0,0.0,0.5324955582618713,4,0,0.0,0.0,-0.0,35040,-0.0,0.0,-0.4786154627799988,0.0,0.0,0.0,0.0,106,3.4479149642748346,1.0,0.1472144888292225,0.0,0.0,0.0,-0.5974960923194885,CityLearnV3MADRLRewardFunction,masac_unified_comparable_v4,E2,-0.0,1907,14.027782568527693,1.0,0.13709663618971335,0.0,5
8,0.0,0.0,0.0,0.0,Building_10,9,MASAC,0.7900000214576721,False,0.0,0.0,0.0,0.5324955582618713,4,0,0.0,0.0,-0.0,35040,-0.0,0.0,-0.6870959401130676,0.0,0.0,0.0,0.0,78,3.2967026049363852,1.0,0.18596204506376615,0.0,0.0,0.0,-0.5974960923194885,CityLearnV3MADRLRewardFunction,masac_unified_comparable_v4,E2,-0.0,1907,14.027782568527693,1.0,0.13709663618971335,0.0,5
5,0.0,0.0,0.0,0.0,Building_11,10,MASAC,0.7900000214576721,False,0.0,0.0,0.0,0.5324955582618713,4,0,0.0,0.0,-0.0,35040,-0.0,0.0,-0.699179470539093,0.0,0.0,0.0,0.0,57,3.6138441140798885,1.0,0.2972041754411501,0.0,0.0,0.0,-0.5974960923194885,CityLearnV3MADRLRewardFunction,masac_unified_comparable_v4,E2,-0.0,1907,14.027782568527693,1.0,0.13709663618971335,0.0,5
5,0.0,0.0,0.0,0.0,Building_12,11,MASAC,0.7900000214576721,False,0.0,0.0,0.0,0.5324955582618713,4,0,0.0,0.0,-0.0,35040,-0.0,0.0,-0.7014404535293579,0.0,0.0,0.0,0.0,57,3.5696188484825657,1.0,0.29386481528350133,0.0,0.0,0.0,-0.5974960923194885,CityLearnV3MADRLRewardFunction,masac_unified_comparable_v4,E2,-0.0,1907,14.027782568527693,1.0,0.13709663618971335,0.0,5
13,0.0,0.0,0.0,0.0,Building_13,12,MASAC,0.7900000214576721,False,0.0,0.0,0.0,0.5324955582618713,4,0,0.0,0.0,-0.0,35040,-0.0,0.0,-0.4575754404067993,0.0,0.0,0.0,0.0,113,3.3535956111508862,1.0,0.13061708675087552,0.0,0.0,0.0,-0.5974960923194885,CityLearnV3MADRLRewardFunction,masac_unified_comparable_v4,E2,-0.0,1907,14.027782568527693,1.0,0.13709663618971335,0.0,5
6,1.0,1.0,0.16666666666666666,0.0,Building_14,13,MASAC,0.7900000214576721,False,0.0,0.0,0.0,0.5324955582618713,4,0,0.0,0.0,-0.0,35040,-0.0,0.0,-0.4686465561389923,0.0,0.0,0.0,0.0,64,3.455035993448212,1.0,0.24675126586225815,0.0,0.0,0.0,-0.5974960923194885,CityLearnV3MADRLRewardFunction,masac_unified_comparable_v4,E2,-0.0,1907,14.027782568527693,1.0,0.13709663618971335,0.0,5
10,0.0,0.0,0.0,0.0,Building_15,14,MASAC,0.7900000214576721,False,0.0,0.0,0.0,0.5324955582618713,4,0,0.0,0.0,-0.0,35040,-0.0,0.0,-0.524198055267334,0.0,0.0,0.0,0.0,92,3.3734807256670916,1.0,0.16294836627481424,0.0,0.0,0.0,-0.5974960923194885,CityLearnV3MADRLRewardFunction,masac_unified_comparable_v4,E2,-0.0,1907,14.027782568527693,1.0,0.13709663618971335,0.0,5
13,0.0,0.0,0.0,0.0,Building_16,15,MASAC,0.7900000214576721,False,0.0,0.0,0.0,0.5324955582618713,4,0,0.0,0.0,-0.0,35040,-0.0,0.0,-0.685204029083252,0.0,0.0,0.0,0.0,113,3.2487414972185613,1.0,0.12678493719251283,0.0,0.0,0.0,-0.5974960923194885,CityLearnV3MADRLRewardFunction,masac_unified_comparable_v4,E2,-0.0,1907,14.027782568527693,1.0,0.13709663618971335,0.0,5
13,0.0,0.0,0.0,0.0,Building_17,16,MASAC,0.7900000214576721,False,0.0,0.0,0.0,0.5324955582618713,4,0,0.0,0.0,-0.0,35040,-0.0,0.0,-0.6498476266860962,0.0,0.0,0.0,0.0,113,3.440327218771892,1.0,0.14016969140981678,0.0,0.0,0.0,-0.5974960923194885,CityLearnV3MADRLRewardFunction,masac_unified_comparable_v4,E2,-0.0,1907,14.027782568527693,1.0,0.13709663618971335,0.0,5
6,1.0,1.0,0.16666666666666666,0.0,Building_1,0,MASAC,0.7900000214576721,True,0.0,0.0,0.0,0.5324955582618713,4,8754,0.0,0.0,-0.0,43794,0.0,446.8856201171875,-0.7833293080329895,234.99246215820312,353.0396423339844,446.8856201171875,446.8856201171875,64,3.5031890174116604,1.0,0.24707894446328282,0.0,0.0,0.0,-0.6971869468688965,CityLearnV3MADRLRewardFunction,masac_unified_comparable_v4,E2,-0.0,1907,14.528386506754734,1.0,0.14177473428975118,0.0,8759
8,0.0,0.0,0.0,0.0,Building_2,1,MASAC,0.7900000214576721,True,0.0,0.0,0.0,0.5324955582618713,4,8754,0.0,0.0,-0.0,43794,0.0,5.618855953216553,-0.5903427004814148,2.3936126232147217,4.438896179199219,5.618855953216553,5.618855953216553,78,3.4680662675478064,1.0,0.19627226545260504,0.0,0.0,0.0,-0.6971869468688965,CityLearnV3MADRLRewardFunction,masac_unified_comparable_v4,E2,-0.0,1907,14.528386506754734,1.0,0.14177473428975118,0.0,8759
10,0.0,0.0,0.0,0.0,Building_3,2,MASAC,0.7900000214576721,True,0.0,0.0,0.0,0.5324955582618713,4,8754,0.0,0.0,-0.0,43794,0.0,98.17061614990234,-0.7798662185668945,49.30326843261719,77.5547866821289,98.17061614990234,98.17061614990234,92,3.3819604085746287,1.0,0.16205856009669925,0.0,0.0,0.0,-0.6971869468688965,CityLearnV3MADRLRewardFunction,masac_unified_comparable_v4,E2,-0.0,1907,14.528386506754734,1.0,0.14177473428975118,0.0,8759
8,0.0,0.0,0.0,0.0,Building_4,3,MASAC,0.7900000214576721,True,0.0,0.0,0.0,0.5324955582618713,4,8754,0.0,0.0,-0.0,43794,0.0,28.84416961669922,-0.74935382604599,12.387245178222656,22.786893844604492,28.84416961669922,28.84416961669922,78,3.50569245772239,1.0,0.20037714028969789,0.0,0.0,0.0,-0.6971869468688965,CityLearnV3MADRLRewardFunction,masac_unified_comparable_v4,E2,-0.0,1907,14.528386506754734,1.0,0.14177473428975118,0.0,8759
5,0.0,0.0,0.0,0.0,Building_5,4,MASAC,0.7900000214576721,True,0.0,0.0,0.0,0.5324955582618713,4,8754,0.0,0.0,-0.0,43794,0.0,37.89287567138672,-0.8022914528846741,17.20564079284668,29.935373306274414,37.89287567138672,37.89287567138672,57,3.5885170374133724,1.0,0.30035031887522917,0.0,0.0,0.0,-0.6971869468688965,CityLearnV3MADRLRewardFunction,masac_unified_comparable_v4,E2,-0.0,1907,14.528386506754734,1.0,0.14177473428975118,0.0,8759
34,0.0,0.0,0.0,0.0,Building_6,5,MASAC,0.7900000214576721,True,0.0,0.0,0.0,0.5324955582618713,4,8754,0.0,0.0,-0.0,43794,0.0,350.8894348144531,-0.7820024490356445,183.8749237060547,277.2026672363281,350.8894348144531,350.8894348144531,260,3.3611260558978415,1.0,0.056946945362366164,0.0,0.0,0.0,-0.6971869468688965,CityLearnV3MADRLRewardFunction,masac_unified_comparable_v4,E2,-0.0,1907,14.528386506754734,1.0,0.14177473428975118,0.0,8759
44,0.0,0.0,0.0,0.0,Building_7,6,MASAC,0.7900000214576721,True,0.0,0.0,0.0,0.5324955582618713,4,8754,0.0,0.0,-0.0,43794,0.0,18.66022491455078,-0.7054302096366882,7.94918966293335,14.741578102111816,18.66022491455078,18.66022491455078,330,3.5243594341897198,1.0,0.04819822031440157,0.0,0.0,0.0,-0.6971869468688965,CityLearnV3MADRLRewardFunction,masac_unified_comparable_v4,E2,-0.0,1907,14.528386506754734,1.0,0.14177473428975118,0.0,8759
19,0.0,0.0,0.0,0.0,Building_8,7,MASAC,0.7900000214576721,True,0.0,0.0,0.0,0.5324955582618713,4,8754,0.0,0.0,-0.0,43794,0.0,19.251495361328125,-0.7085517644882202,8.201068878173828,15.2086820602417,19.251495361328125,19.251495361328125,155,3.6044724719674055,1.0,0.10556580212808424,0.0,0.0,0.0,-0.6971869468688965,CityLearnV3MADRLRewardFunction,masac_unified_comparable_v4,E2,-0.0,1907,14.528386506754734,1.0,0.14177473428975118,0.0,8759
12,0.0,0.0,0.0,0.0,Building_9,8,MASAC,0.7900000214576721,True,0.0,0.0,0.0,0.5324955582618713,4,8754,0.0,0.0,-0.0,43794,0.0,2.4506425857543945,-0.5360860228538513,1.0439649820327759,1.9360077381134033,2.4506425857543945,2.4506425857543945,106,3.7962372651314937,1.0,0.17292487002768606,0.0,0.0,0.0,-0.6971869468688965,CityLearnV3MADRLRewardFunction,masac_unified_comparable_v4,E2,-0.0,1907,14.528386506754734,1.0,0.14177473428975118,0.0,8759
8,0.0,0.0,0.0,0.0,Building_10,9,MASAC,0.7900000214576721,True,0.0,0.0,0.0,0.5324955582618713,4,8754,0.0,0.0,-0.0,43794,0.0,34.33414077758789,-0.761746883392334,15.310630798339844,27.123971939086914,34.33414077758789,34.33414077758789,78,3.552874495267762,1.0,0.20390170554702097,0.0,0.0,0.0,-0.6971869468688965,CityLearnV3MADRLRewardFunction,masac_unified_comparable_v4,E2,-0.0,1907,14.528386506754734,1.0,0.14177473428975118,0.0,8759
5,0.0,0.0,0.0,0.0,Building_11,10,MASAC,0.7900000214576721,True,0.0,0.0,0.0,0.5324955582618713,4,8754,0.0,0.0,-0.0,43794,0.0,57.917564392089844,-0.7776826620101929,27.868698120117188,45.754878997802734,57.917564392089844,57.917564392089844,57,3.4262341869529633,1.0,0.26583139153949004,0.0,0.0,0.0,-0.6971869468688965,CityLearnV3MADRLRewardFunction,masac_unified_comparable_v4,E2,-0.0,1907,14.528386506754734,1.0,0.14177473428975118,0.0,8759
5,1.0,0.0,-0.2,-1.0,Building_12,11,MASAC,0.7900000214576721,True,-498.9124450683594,0.0,0.0,0.5324955582618713,4,8754,0.0,0.0,-0.0,43794,316.31036376953125,0.0,-0.5460491180419922,-134.74708557128906,0.0,-316.31036376953125,182.60208129882812,57,3.4998603875606404,1.0,0.2741754389645761,0.0,0.0,0.0,-0.6971869468688965,CityLearnV3MADRLRewardFunction,masac_unified_comparable_v4,E2,-0.0,1907,14.528386506754734,1.0,0.14177473428975118,0.0,8759
13,1.0,1.0,0.07692307692307693,0.0,Building_13,12,MASAC,0.7900000214576721,True,0.0,0.0,0.0,0.5324955582618713,4,8754,0.0,0.0,-0.0,43794,0.0,2.789367437362671,-0.5575203895568848,1.1882606744766235,2.2036004066467285,2.789367437362671,2.789367437362671,113,3.5469190174801843,1.0,0.14005337299498838,0.0,0.0,0.0,-0.6971869468688965,CityLearnV3MADRLRewardFunction,masac_unified_comparable_v4,E2,-0.0,1907,14.528386506754734,1.0,0.14177473428975118,0.0,8759
6,0.0,0.0,0.0,0.0,Building_14,13,MASAC,0.7900000214576721,True,-2.845640437953989e-06,0.0,0.0,0.5324955582618713,4,8754,0.0,0.0,-0.0,43794,0.0,2.485823154449463,-0.5539076328277588,1.0589518547058105,1.963800311088562,2.485823154449463,2.485826015472412,64,3.556605750295506,1.0,0.24761011172086,0.0,0.0,0.0,-0.6971869468688965,CityLearnV3MADRLRewardFunction,masac_unified_comparable_v4,E2,-0.0,1907,14.528386506754734,1.0,0.14177473428975118,0.0,8759
10,0.0,0.0,0.0,0.0,Building_15,14,MASAC,0.7900000214576721,True,0.0,0.0,0.0,0.5324955582618713,4,8754,0.0,0.0,-0.0,43794,0.0,20.5941162109375,-0.7164788246154785,8.77302074432373,16.269351959228516,20.5941162109375,20.5941162109375,92,3.6018712794625096,1.0,0.17854673026696496,0.0,0.0,0.0,-0.6971869468688965,CityLearnV3MADRLRewardFunction,masac_unified_comparable_v4,E2,-0.0,1907,14.528386506754734,1.0,0.14177473428975118,0.0,8759
13,0.0,0.0,0.0,0.0,Building_16,15,MASAC,0.7900000214576721,True,0.0,0.0,0.0,0.5324955582618713,4,8754,0.0,0.0,-0.0,43794,0.0,103.13050842285156,-0.7826585173606873,51.94438934326172,81.47310638427734,103.13050842285156,103.13050842285156,113,3.554245859886399,1.0,0.142722917341553,0.0,0.0,0.0,-0.6971869468688965,CityLearnV3MADRLRewardFunction,masac_unified_comparable_v4,E2,-0.0,1907,14.528386506754734,1.0,0.14177473428975118,0.0,8759
13,0.0,0.0,0.0,0.0,Building_17,16,MASAC,0.7900000214576721,True,0.0,0.0,0.0,0.5324955582618713,4,8754,0.0,0.0,-0.0,43794,0.0,21.1981143951416,-0.7188805937767029,9.03032112121582,16.746511459350586,21.1981143951416,21.1981143951416,113,3.4058846604181117,1.0,0.13510807900302177,0.0,0.0,0.0,-0.6971869468688965,CityLearnV3MADRLRewardFunction,masac_unified_comparable_v4,E2,-0.0,1907,14.528386506754734,1.0,0.14177473428975118,0.0,8759
6,0.0,0.0,0.0,0.0,Building_1,0,MASAC,0.786109983921051,False,0.0,0.0,0.0,0.5324955582618713,5,0,0.0,0.0,-0.0,43800,-0.0,0.0,-0.6480006575584412,0.0,0.0,0.0,0.0,64,3.1651688358473042,1.0,0.23322499128698837,0.0,0.0,0.0,-0.5198083519935608,CityLearnV3MADRLRewardFunction,masac_unified_comparable_v4,E2,-0.0,1907,13.947961497015864,1.0,0.1458626781308493,0.0,6
8,0.0,0.0,0.0,0.0,Building_2,1,MASAC,0.786109983921051,False,0.0,0.0,0.0,0.5324955582618713,5,0,0.0,0.0,-0.0,43800,-0.0,0.0,-0.3886909484863281,0.0,0.0,0.0,0.0,78,3.26324284078737,1.0,0.19295458499198923,0.0,0.0,0.0,-0.5198083519935608,CityLearnV3MADRLRewardFunction,masac_unified_comparable_v4,E2,-0.0,1907,13.947961497015864,1.0,0.1458626781308493,0.0,6
10,0.0,0.0,0.0,0.0,Building_3,2,MASAC,0.786109983921051,False,0.0,0.0,0.0,0.5324955582618713,5,0,0.0,0.0,-0.0,43800,-0.0,0.0,-0.6501490473747253,0.0,0.0,0.0,0.0,92,3.5801144807309995,1.0,0.19926722326477908,0.0,0.0,0.0,-0.5198083519935608,CityLearnV3MADRLRewardFunction,masac_unified_comparable_v4,E2,-0.0,1907,13.947961497015864,1.0,0.1458626781308493,0.0,6
8,0.0,0.0,0.0,0.0,Building_4,3,MASAC,0.786109983921051,False,0.0,0.0,0.0,0.5324955582618713,5,0,0.0,0.0,-0.0,43800,-0.0,0.0,-0.5721431970596313,0.0,0.0,0.0,0.0,78,3.1402929833935134,1.0,0.18496121412429672,0.0,0.0,0.0,-0.5198083519935608,CityLearnV3MADRLRewardFunction,masac_unified_comparable_v4,E2,-0.0,1907,13.947961497015864,1.0,0.1458626781308493,0.0,6
5,0.0,0.0,0.0,0.0,Building_5,4,MASAC,0.786109983921051,False,0.0,0.0,0.0,0.5324955582618713,5,0,0.0,0.0,-0.0,43800,-0.0,0.0,-0.6415141820907593,0.0,0.0,0.0,0.0,57,3.3769308484050367,1.0,0.2903074958574092,0.0,0.0,0.0,-0.5198083519935608,CityLearnV3MADRLRewardFunction,masac_unified_comparable_v4,E2,-0.0,1907,13.947961497015864,1.0,0.1458626781308493,0.0,6
34,1.0,0.0,-0.029411764705882353,-1.0,Building_6,5,MASAC,0.786109983921051,False,0.0,0.0,0.0,0.5324955582618713,5,0,0.0,0.0,-0.0,43800,-0.0,0.0,-0.6464059352874756,0.0,0.0,0.0,0.0,260,3.155616671649087,1.0,0.056231498843632065,0.0,0.0,0.0,-0.5198083519935608,CityLearnV3MADRLRewardFunction,masac_unified_comparable_v4,E2,-0.0,1907,13.947961497015864,1.0,0.1458626781308493,0.0,6
44,1.0,1.0,0.022727272727272728,0.0,Building_7,6,MASAC,0.786109983921051,False,0.0,0.0,0.0,0.5324955582618713,5,0,0.0,0.0,-0.0,43800,-0.0,0.0,-0.38941246271133423,0.0,0.0,0.0,0.0,330,3.2431335550086637,1.0,0.04540951686318625,0.0,0.0,0.0,-0.5198083519935608,CityLearnV3MADRLRewardFunction,masac_unified_comparable_v4,E2,-0.0,1907,13.947961497015864,1.0,0.1458626781308493,0.0,6
19,0.0,0.0,0.0,0.0,Building_8,7,MASAC,0.786109983921051,False,0.0,0.0,0.0,0.5324955582618713,5,0,0.0,0.0,-0.0,43800,-0.0,0.0,-0.388960063457489,0.0,0.0,0.0,0.0,155,3.2580245438838484,1.0,0.09699534410310369,0.0,0.0,0.0,-0.5198083519935608,CityLearnV3MADRLRewardFunction,masac_unified_comparable_v4,E2,-0.0,1907,13.947961497015864,1.0,0.1458626781308493,0.0,6
12,0.0,0.0,0.0,0.0,Building_9,8,MASAC,0.786109983921051,False,0.0,0.0,0.0,0.5324955582618713,5,0,0.0,0.0,-0.0,43800,-0.0,0.0,-0.42200228571891785,0.0,0.0,0.0,0.0,106,3.299744302820312,1.0,0.147960174433395,0.0,0.0,0.0,-0.5198083519935608,CityLearnV3MADRLRewardFunction,masac_unified_comparable_v4,E2,-0.0,1907,13.947961497015864,1.0,0.1458626781308493,0.0,6
8,0.0,0.0,0.0,0.0,Building_10,9,MASAC,0.786109983921051,False,0.0,0.0,0.0,0.5324955582618713,5,0,0.0,0.0,-0.0,43800,-0.0,0.0,-0.45651331543922424,0.0,0.0,0.0,0.0,78,3.214406666694656,1.0,0.1907461668866185,0.0,0.0,0.0,-0.5198083519935608,CityLearnV3MADRLRewardFunction,masac_unified_comparable_v4,E2,-0.0,1907,13.947961497015864,1.0,0.1458626781308493,0.0,6
5,0.0,0.0,0.0,0.0,Building_11,10,MASAC,0.786109983921051,False,0.0,0.0,0.0,0.5324955582618713,5,0,0.0,0.0,-0.0,43800,-0.0,0.0,-0.6374463438987732,0.0,0.0,0.0,0.0,57,3.787347230864605,1.0,0.35418858776163115,0.0,0.0,0.0,-0.5198083519935608,CityLearnV3MADRLRewardFunction,masac_unified_comparable_v4,E2,-0.0,1907,13.947961497015864,1.0,0.1458626781308493,0.0,6
5,0.0,0.0,0.0,0.0,Building_12,11,MASAC,0.786109983921051,False,0.0,0.0,0.0,0.5324955582618713,5,0,0.0,0.0,-0.0,43800,-0.0,0.0,-0.6469489932060242,0.0,0.0,0.0,0.0,57,3.8734034256187075,1.0,0.36615842781764896,0.0,0.0,0.0,-0.5198083519935608,CityLearnV3MADRLRewardFunction,masac_unified_comparable_v4,E2,-0.0,1907,13.947961497015864,1.0,0.1458626781308493,0.0,6
13,0.0,0.0,0.0,0.0,Building_13,12,MASAC,0.786109983921051,False,0.0,0.0,0.0,0.5324955582618713,5,0,0.0,0.0,-0.0,43800,-0.0,0.0,-0.3890508711338043,0.0,0.0,0.0,0.0,113,3.250300834049272,1.0,0.13287733299904955,0.0,0.0,0.0,-0.5198083519935608,CityLearnV3MADRLRewardFunction,masac_unified_comparable_v4,E2,-0.0,1907,13.947961497015864,1.0,0.1458626781308493,0.0,6
6,0.0,0.0,0.0,0.0,Building_14,13,MASAC,0.786109983921051,False,0.0,0.0,0.0,0.5324955582618713,5,0,0.0,0.0,-0.0,43800,-0.0,0.0,-0.40670523047447205,0.0,0.0,0.0,0.0,64,3.951843187688459,1.0,0.33916932536521927,0.0,0.0,0.0,-0.5198083519935608,CityLearnV3MADRLRewardFunction,masac_unified_comparable_v4,E2,-0.0,1907,13.947961497015864,1.0,0.1458626781308493,0.0,6
10,0.0,0.0,0.0,0.0,Building_15,14,MASAC,0.786109983921051,False,0.0,0.0,0.0,0.5324955582618713,5,0,0.0,0.0,-0.0,43800,-0.0,0.0,-0.4027560353279114,0.0,0.0,0.0,0.0,92,3.2926399370910953,1.0,0.16580403234769145,0.0,0.0,0.0,-0.5198083519935608,CityLearnV3MADRLRewardFunction,masac_unified_comparable_v4,E2,-0.0,1907,13.947961497015864,1.0,0.1458626781308493,0.0,6
13,1.0,1.0,0.07692307692307693,0.0,Building_16,15,MASAC,0.786109983921051,False,0.0,0.0,0.0,0.5324955582618713,5,0,0.0,0.0,-0.0,43800,-0.0,0.0,-0.5698592066764832,0.0,0.0,0.0,0.0,113,3.196790665455424,1.0,0.1323858485268676,0.0,0.0,0.0,-0.5198083519935608,CityLearnV3MADRLRewardFunction,masac_unified_comparable_v4,E2,-0.0,1907,13.947961497015864,1.0,0.1458626781308493,0.0,6
13,0.0,0.0,0.0,0.0,Building_17,16,MASAC,0.786109983921051,False,0.0,0.0,0.0,0.5324955582618713,5,0,0.0,0.0,-0.0,43800,-0.0,0.0,-0.5801829099655151,0.0,0.0,0.0,0.0,113,3.300796973022704,1.0,0.13875458682104286,0.0,0.0,0.0,-0.5198083519935608,CityLearnV3MADRLRewardFunction,masac_unified_comparable_v4,E2,-0.0,1907,13.947961497015864,1.0,0.1458626781308493,0.0,6
6,0.0,0.0,0.0,0.0,Building_1,0,MASAC,0.7900000214576721,True,0.0,0.0,0.0,0.5324955582618713,5,8753,0.0,0.0,-0.0,52553,0.0,391.586669921875,-0.7357146739959717,208.51815795898438,309.3534851074219,391.586669921875,391.586669921875,64,3.436334230243494,1.0,0.23312281351536512,0.0,0.0,0.0,-0.6295896768569946,CityLearnV3MADRLRewardFunction,masac_unified_comparable_v4,E2,-0.0,1907,14.191513483553043,1.0,0.1337265112932027,0.0,8759
8,0.0,0.0,0.0,0.0,Building_2,1,MASAC,0.7900000214576721,True,0.0,0.0,0.0,0.5324955582618713,5,8753,0.0,0.0,-0.0,52553,0.0,0.1848604530096054,-0.4784541428089142,0.0984373688697815,0.14603976905345917,0.1848604530096054,0.1848604530096054,78,3.382875839079784,1.0,0.18393732435428178,0.0,0.0,0.0,-0.6295896768569946,CityLearnV3MADRLRewardFunction,masac_unified_comparable_v4,E2,-0.0,1907,14.191513483553043,1.0,0.1337265112932027,0.0,8759
10,0.0,0.0,0.0,0.0,Building_3,2,MASAC,0.7900000214576721,True,0.0,0.0,0.0,0.5324955582618713,5,8753,0.0,0.0,-0.0,52553,0.0,39.0087890625,-0.7193572521209717,20.77200698852539,30.816944122314453,39.0087890625,39.0087890625,92,3.2643811926461153,1.0,0.15072198876220247,0.0,0.0,0.0,-0.6295896768569946,CityLearnV3MADRLRewardFunction,masac_unified_comparable_v4,E2,-0.0,1907,14.191513483553043,1.0,0.1337265112932027,0.0,8759
8,0.0,0.0,0.0,0.0,Building_4,3,MASAC,0.7900000214576721,True,0.0,0.0,0.0,0.5324955582618713,5,8753,0.0,0.0,-0.0,52553,0.0,36.67196273803711,-0.7171202898025513,19.52765655517578,28.97085189819336,36.67196273803711,36.67196273803711,78,3.3097252948686537,1.0,0.1825596999663573,0.0,0.0,0.0,-0.6295896768569946,CityLearnV3MADRLRewardFunction,masac_unified_comparable_v4,E2,-0.0,1907,14.191513483553043,1.0,0.1337265112932027,0.0,8759
5,0.0,0.0,0.0,0.0,Building_5,4,MASAC,0.7900000214576721,True,0.0,0.0,0.0,0.5324955582618713,5,8753,0.0,0.0,-0.0,52553,0.0,54.225337982177734,-0.7668949961662292,28.874752044677734,42.838016510009766,54.225337982177734,54.225337982177734,57,3.549486450872739,1.0,0.2930529094056079,0.0,0.0,0.0,-0.6295896768569946,CityLearnV3MADRLRewardFunction,masac_unified_comparable_v4,E2,-0.0,1907,14.191513483553043,1.0,0.1337265112932027,0.0,8759
34,1.0,1.0,0.029411764705882353,0.0,Building_6,5,MASAC,0.7900000214576721,True,0.0,0.0,0.0,0.5324955582618713,5,8753,0.0,0.0,-0.0,52553,0.0,348.8946838378906,-0.7356932163238525,185.7848663330078,275.6268005371094,348.8946838378906,348.8946838378906,260,3.321881460934342,1.0,0.05501116330807026,0.0,0.0,0.0,-0.6295896768569946,CityLearnV3MADRLRewardFunction,masac_unified_comparable_v4,E2,-0.0,1907,14.191513483553043,1.0,0.1337265112932027,0.0,8759
44,1.0,1.0,0.022727272727272728,0.0,Building_7,6,MASAC,0.7900000214576721,True,0.0,0.0,0.0,0.5324955582618713,5,8753,0.0,0.0,-0.0,52553,0.0,2.9800853729248047,-0.5121761560440063,1.58688223361969,2.3542675971984863,2.9800853729248047,2.9800853729248047,330,3.461737384096442,1.0,0.045275619061607306,0.0,0.0,0.0,-0.6295896768569946,CityLearnV3MADRLRewardFunction,masac_unified_comparable_v4,E2,-0.0,1907,14.191513483553043,1.0,0.1337265112932027,0.0,8759
19,1.0,1.0,0.05263157894736842,0.0,Building_8,7,MASAC,0.7900000214576721,True,0.0,0.0,0.0,0.5324955582618713,5,8753,0.0,0.0,-0.0,52553,0.0,6.19936990737915,-0.549480140209198,3.3011369705200195,4.897502422332764,6.19936990737915,6.19936990737915,155,3.5347283035173356,1.0,0.09984098576730298,0.0,0.0,0.0,-0.6295896768569946,CityLearnV3MADRLRewardFunction,masac_unified_comparable_v4,E2,-0.0,1907,14.191513483553043,1.0,0.1337265112932027,0.0,8759
12,0.0,0.0,0.0,0.0,Building_9,8,MASAC,0.7900000214576721,True,0.0,0.0,0.0,0.5324955582618713,5,8753,0.0,0.0,-0.0,52553,0.0,2.1350696086883545,-0.48464062809944153,1.1369150876998901,1.6867049932479858,2.1350696086883545,2.1350696086883545,106,3.617685374113916,1.0,0.15765535212912649,0.0,0.0,0.0,-0.6295896768569946,CityLearnV3MADRLRewardFunction,masac_unified_comparable_v4,E2,-0.0,1907,14.191513483553043,1.0,0.1337265112932027,0.0,8759
8,0.0,0.0,0.0,0.0,Building_10,9,MASAC,0.7900000214576721,True,0.0,0.0,0.0,0.5324955582618713,5,8753,0.0,0.0,-0.0,52553,0.0,16.451881408691406,-0.6436482667922974,8.760553359985352,12.996986389160156,16.451881408691406,16.451881408691406,78,3.473724295952144,1.0,0.19227527607327852,0.0,0.0,0.0,-0.6295896768569946,CityLearnV3MADRLRewardFunction,masac_unified_comparable_v4,E2,-0.0,1907,14.191513483553043,1.0,0.1337265112932027,0.0,8759
5,0.0,0.0,0.0,0.0,Building_11,10,MASAC,0.7900000214576721,True,0.0,0.0,0.0,0.5324955582618713,5,8753,0.0,0.0,-0.0,52553,0.0,66.45198059082031,-0.7333464622497559,35.38538360595703,52.497066497802734,66.45198059082031,66.45198059082031,57,3.477928220679545,1.0,0.2622787518459454,0.0,0.0,0.0,-0.6295896768569946,CityLearnV3MADRLRewardFunction,masac_unified_comparable_v4,E2,-0.0,1907,14.191513483553043,1.0,0.1337265112932027,0.0,8759
5,0.0,0.0,0.0,0.0,Building_12,11,MASAC,0.7900000214576721,True,0.0,0.0,0.0,0.5324955582618713,5,8753,0.0,0.0,-0.0,52553,0.0,155.388671875,-0.7340854406356812,82.7437744140625,122.7570571899414,155.388671875,155.388671875,57,3.315422311321694,1.0,0.2520881287361446,0.0,0.0,0.0,-0.6295896768569946,CityLearnV3MADRLRewardFunction,masac_unified_comparable_v4,E2,-0.0,1907,14.191513483553043,1.0,0.1337265112932027,0.0,8759
13,0.0,0.0,0.0,0.0,Building_13,12,MASAC,0.7900000214576721,True,0.0,0.0,0.0,0.5324955582618713,5,8753,0.0,0.0,-0.0,52553,0.0,0.1047736182808876,-0.47748875617980957,0.05579148605465889,0.08277115970849991,0.1047736182808876,0.1047736182808876,113,3.5034715241182717,1.0,0.13320470673848042,0.0,0.0,0.0,-0.6295896768569946,CityLearnV3MADRLRewardFunction,masac_unified_comparable_v4,E2,-0.0,1907,14.191513483553043,1.0,0.1337265112932027,0.0,8759
6,0.0,0.0,0.0,0.0,Building_14,13,MASAC,0.7900000214576721,True,0.0,0.0,0.0,0.5324955582618713,5,8753,0.0,0.0,-0.0,52553,0.0,1.3521205186843872,-0.4926246702671051,0.7199981808662415,1.068175196647644,1.3521205186843872,1.3521205186843872,64,3.4877467678394853,1.0,0.23434026213362813,0.0,0.0,0.0,-0.6295896768569946,CityLearnV3MADRLRewardFunction,masac_unified_comparable_v4,E2,-0.0,1907,14.191513483553043,1.0,0.1337265112932027,0.0,8759
10,0.0,0.0,0.0,0.0,Building_15,14,MASAC,0.7900000214576721,True,0.0,0.0,0.0,0.5324955582618713,5,8753,0.0,0.0,-0.0,52553,0.0,15.147623062133789,-0.6340747475624084,8.066041946411133,11.966622352600098,15.147623062133789,15.147623062133789,92,3.5165034913077693,1.0,0.16785848788593127,0.0,0.0,0.0,-0.6295896768569946,CityLearnV3MADRLRewardFunction,masac_unified_comparable_v4,E2,-0.0,1907,14.191513483553043,1.0,0.1337265112932027,0.0,8759
13,1.0,1.0,0.07692307692307693,0.0,Building_16,15,MASAC,0.7900000214576721,True,0.0,0.0,0.0,0.5324955582618713,5,8753,0.0,0.0,-0.0,52553,0.0,11.957420349121094,-0.6077998280525208,6.367273330688477,9.446362495422363,11.957420349121094,11.957420349121094,113,3.470641334525637,1.0,0.13202024271002913,0.0,0.0,0.0,-0.6295896768569946,CityLearnV3MADRLRewardFunction,masac_unified_comparable_v4,E2,-0.0,1907,14.191513483553043,1.0,0.1337265112932027,0.0,8759
13,0.0,0.0,0.0,0.0,Building_17,16,MASAC,0.7900000214576721,True,0.0,0.0,0.0,0.5324955582618713,5,8753,0.0,0.0,-0.0,52553,0.0,23.087642669677734,-0.680424690246582,12.2940673828125,18.239238739013672,23.087642669677734,23.087642669677734,113,3.366364581292288,1.0,0.13080666128513033,0.0,0.0,0.0,-0.6295896768569946,CityLearnV3MADRLRewardFunction,masac_unified_comparable_v4,E2,-0.0,1907,14.191513483553043,1.0,0.1337265112932027,0.0,8759
6,0.0,0.0,0.0,0.0,Building_1,0,MASAC,0.7617499828338623,False,0.0,0.0,0.0,0.5324955582618713,6,0,0.0,0.0,-0.0,52560,-0.0,0.0,-0.7288686037063599,0.0,0.0,0.0,0.0,64,3.3687602419494107,0.9829629063606262,0.2747317033354193,0.0,0.0,0.0,-0.6319127082824707,CityLearnV3MADRLRewardFunction,masac_unified_comparable_v4,E2,-0.0,1907,14.929634545212945,1.0,0.17298737658758165,0.0,7
8,0.0,0.0,0.0,0.0,Building_2,1,MASAC,0.7617499828338623,False,0.0,0.0,0.0,0.5324955582618713,6,0,0.0,0.0,-0.0,52560,-0.0,0.0,-0.48559319972991943,0.0,0.0,0.0,0.0,78,3.412179307763559,0.9829629063606262,0.22277975044189355,0.0,0.0,0.0,-0.6319127082824707,CityLearnV3MADRLRewardFunction,masac_unified_comparable_v4,E2,-0.0,1907,14.929634545212945,1.0,0.17298737658758165,0.0,7
10,1.0,1.0,0.1,0.0,Building_3,2,MASAC,0.7617499828338623,False,0.0,0.0,0.0,0.5324955582618713,6,0,0.0,0.0,-0.0,52560,-0.0,0.0,-0.7159729599952698,0.0,0.0,0.0,0.0,92,4.045231258312023,1.0,0.2539761609033398,0.0,0.0,0.0,-0.6319127082824707,CityLearnV3MADRLRewardFunction,masac_unified_comparable_v4,E2,-0.0,1907,14.929634545212945,1.0,0.17298737658758165,0.0,7
8,0.0,0.0,0.0,0.0,Building_4,3,MASAC,0.7617499828338623,False,0.0,0.0,0.0,0.5324955582618713,6,0,0.0,0.0,-0.0,52560,-0.0,0.0,-0.675775408744812,0.0,0.0,0.0,0.0,78,3.482341569563229,0.9956119656562805,0.2252793917671228,0.0,0.0,0.0,-0.6319127082824707,CityLearnV3MADRLRewardFunction,masac_unified_comparable_v4,E2,-0.0,1907,14.929634545212945,1.0,0.17298737658758165,0.0,7
5,0.0,0.0,0.0,0.0,Building_5,4,MASAC,0.7617499828338623,False,0.0,0.0,0.0,0.5324955582618713,6,0,0.0,0.0,-0.0,52560,-0.0,0.0,-0.7249035239219666,0.0,0.0,0.0,0.0,57,3.7162561735146236,1.0,0.3607160144469194,0.0,0.0,0.0,-0.6319127082824707,CityLearnV3MADRLRewardFunction,masac_unified_comparable_v4,E2,-0.0,1907,14.929634545212945,1.0,0.17298737658758165,0.0,7
34,1.0,1.0,0.029411764705882353,0.0,Building_6,5,MASAC,0.7617499828338623,False,0.0,0.0,0.0,0.5324955582618713,6,0,0.0,0.0,-0.0,52560,-0.0,0.0,-0.7287866473197937,0.0,0.0,0.0,0.0,260,3.4217434983957866,0.9829629063606262,0.06734428589160625,0.0,0.0,0.0,-0.6319127082824707,CityLearnV3MADRLRewardFunction,masac_unified_comparable_v4,E2,-0.0,1907,14.929634545212945,1.0,0.17298737658758165,0.0,7
44,0.0,0.0,0.0,0.0,Building_7,6,MASAC,0.7617499828338623,False,0.0,0.0,0.0,0.5324955582618713,6,0,0.0,0.0,-0.0,52560,-0.0,0.0,-0.529508113861084,0.0,0.0,0.0,0.0,330,3.3709681776960245,0.9829629063606262,0.051623685657978056,0.0,0.0,0.0,-0.6319127082824707,CityLearnV3MADRLRewardFunction,masac_unified_comparable_v4,E2,-0.0,1907,14.929634545212945,1.0,0.17298737658758165,0.0,7
19,1.0,1.0,0.05263157894736842,0.0,Building_8,7,MASAC,0.7617499828338623,False,0.0,0.0,0.0,0.5324955582618713,6,0,0.0,0.0,-0.0,52560,-0.0,0.0,-0.514901340007782,0.0,0.0,0.0,0.0,155,3.4386420026154565,0.9829629063606262,0.11416065471787606,0.0,0.0,0.0,-0.6319127082824707,CityLearnV3MADRLRewardFunction,masac_unified_comparable_v4,E2,-0.0,1907,14.929634545212945,1.0,0.17298737658758165,0.0,7
12,0.0,0.0,0.0,0.0,Building_9,8,MASAC,0.7617499828338623,False,0.0,0.0,0.0,0.5324955582618713,6,0,0.0,0.0,-0.0,52560,-0.0,0.0,-0.5213807821273804,0.0,0.0,0.0,0.0,106,3.46727889393287,0.9829629063606262,0.16753543326455467,0.0,0.0,0.0,-0.6319127082824707,CityLearnV3MADRLRewardFunction,masac_unified_comparable_v4,E2,-0.0,1907,14.929634545212945,1.0,0.17298737658758165,0.0,7
8,0.0,0.0,0.0,0.0,Building_10,9,MASAC,0.7617499828338623,False,0.0,0.0,0.0,0.5324955582618713,6,0,0.0,0.0,-0.0,52560,-0.0,0.0,-0.7178305387496948,0.0,0.0,0.0,0.0,78,3.361127747033117,0.9829629063606262,0.2187995369820736,0.0,0.0,0.0,-0.6319127082824707,CityLearnV3MADRLRewardFunction,masac_unified_comparable_v4,E2,-0.0,1907,14.929634545212945,1.0,0.17298737658758165,0.0,7
5,0.0,0.0,0.0,0.0,Building_11,10,MASAC,0.7617499828338623,False,0.0,0.0,0.0,0.5324955582618713,6,0,0.0,0.0,-0.0,52560,-0.0,0.0,-0.7214034795761108,0.0,0.0,0.0,0.0,57,4.048320201614463,1.0,0.4142021314616789,0.0,0.0,0.0,-0.6319127082824707,CityLearnV3MADRLRewardFunction,masac_unified_comparable_v4,E2,-0.0,1907,14.929634545212945,1.0,0.17298737658758165,0.0,7
5,0.0,0.0,0.0,0.0,Building_12,11,MASAC,0.7617499828338623,False,0.0,0.0,0.0,0.5324955582618713,6,0,0.0,0.0,-0.0,52560,-0.0,0.0,-0.7187587022781372,0.0,0.0,0.0,0.0,57,4.272977530462704,1.0,0.4641441519845996,0.0,0.0,0.0,-0.6319127082824707,CityLearnV3MADRLRewardFunction,masac_unified_comparable_v4,E2,-0.0,1907,14.929634545212945,1.0,0.17298737658758165,0.0,7
13,0.0,0.0,0.0,0.0,Building_13,12,MASAC,0.7617499828338623,False,0.0,0.0,0.0,0.5324955582618713,6,0,0.0,0.0,-0.0,52560,-0.0,0.0,-0.5016712546348572,0.0,0.0,0.0,0.0,113,3.3767486447217783,0.9829629063606262,0.15094506780130673,0.0,0.0,0.0,-0.6319127082824707,CityLearnV3MADRLRewardFunction,masac_unified_comparable_v4,E2,-0.0,1907,14.929634545212945,1.0,0.17298737658758165,0.0,7
6,0.0,0.0,0.0,0.0,Building_14,13,MASAC,0.7617499828338623,False,0.0,0.0,0.0,0.5324955582618713,6,0,0.0,0.0,-0.0,52560,-0.0,0.0,-0.5083661079406738,0.0,0.0,0.0,0.0,64,4.301349522479426,1.0,0.4186890273122117,0.0,0.0,0.0,-0.6319127082824707,CityLearnV3MADRLRewardFunction,masac_unified_comparable_v4,E2,-0.0,1907,14.929634545212945,1.0,0.17298737658758165,0.0,7
10,0.0,0.0,0.0,0.0,Building_15,14,MASAC,0.7617499828338623,False,0.0,0.0,0.0,0.5324955582618713,6,0,0.0,0.0,-0.0,52560,-0.0,0.0,-0.532204270362854,0.0,0.0,0.0,0.0,92,3.3963388370500254,0.9829629063606262,0.18961002078393233,0.0,0.0,0.0,-0.6319127082824707,CityLearnV3MADRLRewardFunction,masac_unified_comparable_v4,E2,-0.0,1907,14.929634545212945,1.0,0.17298737658758165,0.0,7
13,0.0,0.0,0.0,0.0,Building_16,15,MASAC,0.7617499828338623,False,0.0,0.0,0.0,0.5324955582618713,6,0,0.0,0.0,-0.0,52560,-0.0,0.0,-0.7248995304107666,0.0,0.0,0.0,0.0,113,3.336309654210944,0.9829629063606262,0.14880487467862863,0.0,0.0,0.0,-0.6319127082824707,CityLearnV3MADRLRewardFunction,masac_unified_comparable_v4,E2,-0.0,1907,14.929634545212945,1.0,0.17298737658758165,0.0,7
13,1.0,1.0,0.07692307692307693,0.0,Building_17,16,MASAC,0.7617499828338623,False,0.0,0.0,0.0,0.5324955582618713,6,0,0.0,0.0,-0.0,52560,-0.0,0.0,-0.6916911602020264,0.0,0.0,0.0,0.0,113,3.4883731314464144,0.9829629063606262,0.1609363912612991,0.0,0.0,0.0,-0.6319127082824707,CityLearnV3MADRLRewardFunction,masac_unified_comparable_v4,E2,-0.0,1907,14.929634545212945,1.0,0.17298737658758165,0.0,7
6,0.0,0.0,0.0,0.0,Building_1,0,MASAC,0.7900000214576721,True,0.0,0.0,0.0,0.5324955582618713,6,8752,0.0,0.0,-0.0,61312,0.0,433.45458984375,-0.8116374015808105,230.81263732910156,342.42913818359375,433.45458984375,433.45458984375,64,3.187508119042491,1.0,0.21159386611543596,0.0,0.0,0.0,-0.741013765335083,CityLearnV3MADRLRewardFunction,masac_unified_comparable_v4,E2,-0.0,1907,13.92146037427915,1.0,0.1297972004003061,0.0,8759
8,0.0,0.0,0.0,0.0,Building_2,1,MASAC,0.7900000214576721,True,0.0,0.0,0.0,0.5324955582618713,6,8752,0.0,0.0,-0.0,61312,0.0,15.16435432434082,-0.7106729745864868,8.074951171875,11.979840278625488,15.16435432434082,15.16435432434082,78,3.332726661405463,1.0,0.18409026223115432,0.0,0.0,0.0,-0.741013765335083,CityLearnV3MADRLRewardFunction,masac_unified_comparable_v4,E2,-0.0,1907,13.92146037427915,1.0,0.1297972004003061,0.0,8759
10,0.0,0.0,0.0,0.0,Building_3,2,MASAC,0.7900000214576721,True,0.0,0.0,0.0,0.5324955582618713,6,8752,0.0,0.0,-0.0,61312,0.0,94.53981018066406,-0.811621367931366,50.3420295715332,74.68645477294922,94.53981018066406,94.53981018066406,92,3.3347886872082397,1.0,0.15412303011702455,0.0,0.0,0.0,-0.741013765335083,CityLearnV3MADRLRewardFunction,masac_unified_comparable_v4,E2,-0.0,1907,13.92146037427915,1.0,0.1297972004003061,0.0,8759
8,0.0,0.0,0.0,0.0,Building_4,3,MASAC,0.7900000214576721,True,0.0,0.0,0.0,0.5324955582618713,6,8752,0.0,0.0,-0.0,61312,0.0,31.04317283630371,-0.7842238545417786,16.530351638793945,24.524106979370117,31.04317283630371,31.04317283630371,78,3.334992961934496,1.0,0.1816392821761278,0.0,0.0,0.0,-0.741013765335083,CityLearnV3MADRLRewardFunction,masac_unified_comparable_v4,E2,-0.0,1907,13.92146037427915,1.0,0.1297972004003061,0.0,8759
5,0.0,0.0,0.0,0.0,Building_5,4,MASAC,0.7900000214576721,True,0.0,0.0,0.0,0.5324955582618713,6,8752,0.0,0.0,-0.0,61312,0.0,38.538970947265625,-0.8338980078697205,20.521831512451172,30.44578742980957,38.538970947265625,38.538970947265625,57,3.579991602367355,1.0,0.29206416899697824,0.0,0.0,0.0,-0.741013765335083,CityLearnV3MADRLRewardFunction,masac_unified_comparable_v4,E2,-0.0,1907,13.92146037427915,1.0,0.1297972004003061,0.0,8759
34,0.0,0.0,0.0,0.0,Building_6,5,MASAC,0.7900000214576721,True,0.0,0.0,0.0,0.5324955582618713,6,8752,0.0,0.0,-0.0,61312,0.0,362.8901062011719,-0.812555730342865,193.23736572265625,286.6831970214844,362.8901062011719,362.8901062011719,260,3.271254650943431,1.0,0.05349114279334362,0.0,0.0,0.0,-0.741013765335083,CityLearnV3MADRLRewardFunction,masac_unified_comparable_v4,E2,-0.0,1907,13.92146037427915,1.0,0.1297972004003061,0.0,8759
44,1.0,1.0,0.022727272727272728,0.0,Building_7,6,MASAC,0.7900000214576721,True,0.0,0.0,0.0,0.5324955582618713,6,8752,0.0,0.0,-0.0,61312,0.0,12.664111137390137,-0.6908203363418579,6.743582725524902,10.004648208618164,12.664111137390137,12.664111137390137,330,3.3911047008740995,1.0,0.044008175599755665,0.0,0.0,0.0,-0.741013765335083,CityLearnV3MADRLRewardFunction,masac_unified_comparable_v4,E2,-0.0,1907,13.92146037427915,1.0,0.1297972004003061,0.0,8759
19,1.0,1.0,0.05263157894736842,0.0,Building_8,7,MASAC,0.7900000214576721,True,0.0,0.0,0.0,0.5324955582618713,6,8752,0.0,0.0,-0.0,61312,0.0,12.065996170043945,-0.6856170296669006,6.425089359283447,9.532136917114258,12.065996170043945,12.065996170043945,155,3.4683462789475956,1.0,0.09718162138615885,0.0,0.0,0.0,-0.741013765335083,CityLearnV3MADRLRewardFunction,masac_unified_comparable_v4,E2,-0.0,1907,13.92146037427915,1.0,0.1297972004003061,0.0,8759
12,0.0,0.0,0.0,0.0,Building_9,8,MASAC,0.7900000214576721,True,0.0,0.0,0.0,0.5324955582618713,6,8752,0.0,0.0,-0.0,61312,0.0,2.290161371231079,-0.5633285045623779,1.2195007801055908,1.8092275857925415,2.290161371231079,2.290161371231079,106,3.5414698084131526,1.0,0.1521088679162961,0.0,0.0,0.0,-0.741013765335083,CityLearnV3MADRLRewardFunction,masac_unified_comparable_v4,E2,-0.0,1907,13.92146037427915,1.0,0.1297972004003061,0.0,8759
8,0.0,0.0,0.0,0.0,Building_10,9,MASAC,0.7900000214576721,True,0.0,0.0,0.0,0.5324955582618713,6,8752,0.0,0.0,-0.0,61312,0.0,51.649574279785156,-0.8068233132362366,27.5031681060791,40.803165435791016,51.649574279785156,51.649574279785156,78,3.3863126909311356,1.0,0.18632354740148935,0.0,0.0,0.0,-0.741013765335083,CityLearnV3MADRLRewardFunction,masac_unified_comparable_v4,E2,-0.0,1907,13.92146037427915,1.0,0.1297972004003061,0.0,8759
5,0.0,0.0,0.0,0.0,Building_11,10,MASAC,0.7900000214576721,True,0.0,0.0,0.0,0.5324955582618713,6,8752,0.0,0.0,-0.0,61312,0.0,71.54803466796875,-0.8083335161209106,38.0990104675293,56.52294921875,71.54803466796875,71.54803466796875,57,3.253838405218885,1.0,0.2399068488494346,0.0,0.0,0.0,-0.741013765335083,CityLearnV3MADRLRewardFunction,masac_unified_comparable_v4,E2,-0.0,1907,13.92146037427915,1.0,0.1297972004003061,0.0,8759
5,0.0,0.0,0.0,0.0,Building_12,11,MASAC,0.7900000214576721,True,0.0,0.0,0.0,0.5324955582618713,6,8752,0.0,0.0,-0.0,61312,0.0,215.11593627929688,-0.8125202059745789,114.54827880859375,169.94158935546875,215.11593627929688,215.11593627929688,57,3.365644152277382,1.0,0.25478206522632063,0.0,0.0,0.0,-0.741013765335083,CityLearnV3MADRLRewardFunction,masac_unified_comparable_v4,E2,-0.0,1907,13.92146037427915,1.0,0.1297972004003061,0.0,8759
13,0.0,0.0,0.0,0.0,Building_13,12,MASAC,0.7900000214576721,True,0.0,0.0,0.0,0.5324955582618713,6,8752,0.0,0.0,-0.0,61312,0.0,2.033022403717041,-0.577695369720459,1.0825754404067993,1.6060876846313477,2.033022403717041,2.033022403717041,113,3.4045756688363196,1.0,0.1279214416193751,0.0,0.0,0.0,-0.741013765335083,CityLearnV3MADRLRewardFunction,masac_unified_comparable_v4,E2,-0.0,1907,13.92146037427915,1.0,0.1297972004003061,0.0,8759
6,1.0,1.0,0.16666666666666666,0.0,Building_14,13,MASAC,0.7900000214576721,True,7.69474445405649e-06,0.0,0.0,0.5324955582618713,6,8752,0.0,0.0,-0.0,61312,0.0,2.6149587631225586,-0.5846868753433228,1.392453908920288,2.0658175945281982,2.6149587631225586,2.6149511337280273,64,3.390660153859011,1.0,0.22469561058096588,0.0,0.0,0.0,-0.741013765335083,CityLearnV3MADRLRewardFunction,masac_unified_comparable_v4,E2,-0.0,1907,13.92146037427915,1.0,0.1297972004003061,0.0,8759
10,0.0,0.0,0.0,0.0,Building_15,14,MASAC,0.7900000214576721,True,0.0,0.0,0.0,0.5324955582618713,6,8752,0.0,0.0,-0.0,61312,0.0,19.521480560302734,-0.7399770617485046,10.395101547241211,15.42197036743164,19.521480560302734,19.521480560302734,92,3.474902838263622,1.0,0.16413834156549495,0.0,0.0,0.0,-0.741013765335083,CityLearnV3MADRLRewardFunction,masac_unified_comparable_v4,E2,-0.0,1907,13.92146037427915,1.0,0.1297972004003061,0.0,8759
13,0.0,0.0,0.0,0.0,Building_16,15,MASAC,0.7900000214576721,True,0.0,0.0,0.0,0.5324955582618713,6,8752,0.0,0.0,-0.0,61312,0.0,54.89390563964844,-0.8078673481941223,29.23076057434082,43.366188049316406,54.89390563964844,54.89390563964844,113,3.3553998396632347,1.0,0.12638157243486,0.0,0.0,0.0,-0.741013765335083,CityLearnV3MADRLRewardFunction,masac_unified_comparable_v4,E2,-0.0,1907,13.92146037427915,1.0,0.1297972004003061,0.0,8759
13,1.0,1.0,0.07692307692307693,0.0,Building_17,16,MASAC,0.7900000214576721,True,0.0,0.0,0.0,0.5324955582618713,6,8752,0.0,0.0,-0.0,61312,0.0,22.46647071838379,-0.7549539804458618,11.963295936584473,17.748512268066406,22.46647071838379,22.46647071838379,113,3.3022431584200183,1.0,0.12444508484507029,0.0,0.0,0.0,-0.741013765335083,CityLearnV3MADRLRewardFunction,masac_unified_comparable_v4,E2,-0.0,1907,13.92146037427915,1.0,0.1297972004003061,0.0,8759
6,0.0,0.0,0.0,0.0,Building_1,0,MASAC,0.7615389823913574,False,0.0,0.0,0.0,0.5324955582618713,7,0,0.0,0.0,-0.0,61320,-0.0,0.0,-0.8560347557067871,0.0,0.0,0.0,0.0,64,3.1661363163977883,1.0,0.23749964451417327,0.0,0.0,0.0,-0.8022751212120056,CityLearnV3MADRLRewardFunction,masac_unified_comparable_v4,E2,-0.0,1907,14.236784205226952,1.0,0.15586748540325274,0.0,8
8,1.0,1.0,0.125,0.0,Building_2,1,MASAC,0.7615389823913574,False,0.0,0.0,0.0,0.5324955582618713,7,0,0.0,0.0,-0.0,61320,-0.0,0.0,-0.7084575891494751,0.0,0.0,0.0,0.0,78,3.1829985935525893,1.0,0.19099749588909057,0.0,0.0,0.0,-0.8022751212120056,CityLearnV3MADRLRewardFunction,masac_unified_comparable_v4,E2,-0.0,1907,14.236784205226952,1.0,0.15586748540325274,0.0,8
10,1.0,1.0,0.1,0.0,Building_3,2,MASAC,0.7615389823913574,False,0.0,0.0,0.0,0.5324955582618713,7,0,0.0,0.0,-0.0,61320,-0.0,0.0,-0.8869003057479858,0.0,0.0,0.0,0.0,92,4.267073918154127,1.0,0.2801855479610031,0.0,0.0,0.0,-0.8022751212120056,CityLearnV3MADRLRewardFunction,masac_unified_comparable_v4,E2,-0.0,1907,14.236784205226952,1.0,0.15586748540325274,0.0,8
8,1.0,1.0,0.125,0.0,Building_4,3,MASAC,0.7615389823913574,False,0.0,0.0,0.0,0.5324955582618713,7,0,0.0,0.0,-0.0,61320,-0.0,0.0,-0.8394366502761841,0.0,0.0,0.0,0.0,78,3.1599436779412,1.0,0.1916814626266177,0.0,0.0,0.0,-0.8022751212120056,CityLearnV3MADRLRewardFunction,masac_unified_comparable_v4,E2,-0.0,1907,14.236784205226952,1.0,0.15586748540325274,0.0,8
5,0.0,0.0,0.0,0.0,Building_5,4,MASAC,0.7615389823913574,False,0.0,0.0,0.0,0.5324955582618713,7,0,0.0,0.0,-0.0,61320,-0.0,0.0,-0.8482542634010315,0.0,0.0,0.0,0.0,57,3.530904738023685,1.0,0.3221018912041919,0.0,0.0,0.0,-0.8022751212120056,CityLearnV3MADRLRewardFunction,masac_unified_comparable_v4,E2,-0.0,1907,14.236784205226952,1.0,0.15586748540325274,0.0,8
34,0.0,0.0,0.0,0.0,Building_6,5,MASAC,0.7615389823913574,False,0.0,0.0,0.0,0.5324955582618713,7,0,0.0,0.0,-0.0,61320,-0.0,0.0,-0.8559702038764954,0.0,0.0,0.0,0.0,260,3.155000795757639,1.0,0.05810592908842059,0.0,0.0,0.0,-0.8022751212120056,CityLearnV3MADRLRewardFunction,masac_unified_comparable_v4,E2,-0.0,1907,14.236784205226952,1.0,0.15586748540325274,0.0,8
44,1.0,0.0,-0.022727272727272728,-1.0,Building_7,6,MASAC,0.7615389823913574,False,0.0,0.0,0.0,0.5324955582618713,7,0,0.0,0.0,-0.0,61320,-0.0,0.0,-0.8404035568237305,0.0,0.0,0.0,0.0,330,3.1735113047977617,1.0,0.04584812075464111,0.0,0.0,0.0,-0.8022751212120056,CityLearnV3MADRLRewardFunction,masac_unified_comparable_v4,E2,-0.0,1907,14.236784205226952,1.0,0.15586748540325274,0.0,8
19,0.0,0.0,0.0,0.0,Building_8,7,MASAC,0.7615389823913574,False,0.0,0.0,0.0,0.5324955582618713,7,0,0.0,0.0,-0.0,61320,-0.0,0.0,-0.7752454876899719,0.0,0.0,0.0,0.0,155,3.1787441776301,1.0,0.09646387957036495,0.0,0.0,0.0,-0.8022751212120056,CityLearnV3MADRLRewardFunction,masac_unified_comparable_v4,E2,-0.0,1907,14.236784205226952,1.0,0.15586748540325274,0.0,8
12,0.0,0.0,0.0,0.0,Building_9,8,MASAC,0.7615389823913574,False,0.0,0.0,0.0,0.5324955582618713,7,0,0.0,0.0,-0.0,61320,-0.0,0.0,-0.6676992774009705,0.0,0.0,0.0,0.0,106,3.3220764382287737,1.0,0.152074426922174,0.0,0.0,0.0,-0.8022751212120056,CityLearnV3MADRLRewardFunction,masac_unified_comparable_v4,E2,-0.0,1907,14.236784205226952,1.0,0.15586748540325274,0.0,8
8,0.0,0.0,0.0,0.0,Building_10,9,MASAC,0.7615389823913574,False,0.0,0.0,0.0,0.5324955582618713,7,0,0.0,0.0,-0.0,61320,-0.0,0.0,-0.8531643748283386,0.0,0.0,0.0,0.0,78,3.1836851701762225,1.0,0.19481796885912234,0.0,0.0,0.0,-0.8022751212120056,CityLearnV3MADRLRewardFunction,masac_unified_comparable_v4,E2,-0.0,1907,14.236784205226952,1.0,0.15586748540325274,0.0,8
5,0.0,0.0,0.0,0.0,Building_11,10,MASAC,0.7615389823913574,False,0.0,0.0,0.0,0.5324955582618713,7,0,0.0,0.0,-0.0,61320,-0.0,0.0,-0.8423992991447449,0.0,0.0,0.0,0.0,57,3.8962366448866512,1.0,0.3833716987844622,0.0,0.0,0.0,-0.8022751212120056,CityLearnV3MADRLRewardFunction,masac_unified_comparable_v4,E2,-0.0,1907,14.236784205226952,1.0,0.15586748540325274,0.0,8
5,1.0,0.0,-0.2,-1.0,Building_12,11,MASAC,0.7615389823913574,False,0.0,0.0,0.0,0.5324955582618713,7,0,0.0,0.0,-0.0,61320,-0.0,0.0,-0.8079600930213928,0.0,0.0,0.0,0.0,57,4.0915659877452875,1.0,0.4204783647794995,0.0,0.0,0.0,-0.8022751212120056,CityLearnV3MADRLRewardFunction,masac_unified_comparable_v4,E2,-0.0,1907,14.236784205226952,1.0,0.15586748540325274,0.0,8
13,0.0,0.0,0.0,0.0,Building_13,12,MASAC,0.7615389823913574,False,0.0,0.0,0.0,0.5324955582618713,7,0,0.0,0.0,-0.0,61320,-0.0,0.0,-0.7106299996376038,0.0,0.0,0.0,0.0,113,3.169145433632666,1.0,0.13130441388791114,0.0,0.0,0.0,-0.8022751212120056,CityLearnV3MADRLRewardFunction,masac_unified_comparable_v4,E2,-0.0,1907,14.236784205226952,1.0,0.15586748540325274,0.0,8
6,0.0,0.0,0.0,0.0,Building_14,13,MASAC,0.7615389823913574,False,0.0,0.0,0.0,0.5324955582618713,7,0,0.0,0.0,-0.0,61320,-0.0,0.0,-0.6359575390815735,0.0,0.0,0.0,0.0,64,4.171981005639714,1.0,0.38466199769754894,0.0,0.0,0.0,-0.8022751212120056,CityLearnV3MADRLRewardFunction,masac_unified_comparable_v4,E2,-0.0,1907,14.236784205226952,1.0,0.15586748540325274,0.0,8
10,0.0,0.0,0.0,0.0,Building_15,14,MASAC,0.7615389823913574,False,0.0,0.0,0.0,0.5324955582618713,7,0,0.0,0.0,-0.0,61320,-0.0,0.0,-0.8287902474403381,0.0,0.0,0.0,0.0,92,3.234538524018539,1.0,0.16820515494834146,0.0,0.0,0.0,-0.8022751212120056,CityLearnV3MADRLRewardFunction,masac_unified_comparable_v4,E2,-0.0,1907,14.236784205226952,1.0,0.15586748540325274,0.0,8
13,0.0,0.0,0.0,0.0,Building_16,15,MASAC,0.7615389823913574,False,0.0,0.0,0.0,0.5324955582618713,7,0,0.0,0.0,-0.0,61320,-0.0,0.0,-0.8518316149711609,0.0,0.0,0.0,0.0,113,3.1507692295616248,1.0,0.13060456067653356,0.0,0.0,0.0,-0.8022751212120056,CityLearnV3MADRLRewardFunction,masac_unified_comparable_v4,E2,-0.0,1907,14.236784205226952,1.0,0.15586748540325274,0.0,8
13,0.0,0.0,0.0,0.0,Building_17,16,MASAC,0.7615389823913574,False,0.0,0.0,0.0,0.5324955582618713,7,0,0.0,0.0,-0.0,61320,-0.0,0.0,-0.8295409083366394,0.0,0.0,0.0,0.0,113,3.287543875697941,1.0,0.14194740719302038,0.0,0.0,0.0,-0.8022751212120056,CityLearnV3MADRLRewardFunction,masac_unified_comparable_v4,E2,-0.0,1907,14.236784205226952,1.0,0.15586748540325274,0.0,8
6,0.0,0.0,0.0,0.0,Building_1,0,MASAC,0.7900000214576721,True,0.0,0.0,0.0,0.5324955582618713,7,8751,0.0,0.0,-0.0,70071,0.0,446.8856201171875,-0.8162641525268555,237.96461486816406,353.0396423339844,446.8856201171875,446.8856201171875,64,3.416088760722047,1.0,0.24130186950787902,0.0,0.0,0.0,-0.7443439364433289,CityLearnV3MADRLRewardFunction,masac_unified_comparable_v4,E2,-0.0,1907,14.606875117801078,1.0,0.14309942693018327,0.0,8759
8,0.0,0.0,0.0,0.0,Building_2,1,MASAC,0.7900000214576721,True,0.0,0.0,0.0,0.5324955582618713,7,8751,0.0,0.0,-0.0,70071,0.0,5.618855953216553,-0.6234884858131409,2.992015838623047,4.438896179199219,5.618855953216553,5.618855953216553,78,3.581979730993563,1.0,0.20453321895538232,0.0,0.0,0.0,-0.7443439364433289,CityLearnV3MADRLRewardFunction,masac_unified_comparable_v4,E2,-0.0,1907,14.606875117801078,1.0,0.14309942693018327,0.0,8759
10,1.0,1.0,0.1,0.0,Building_3,2,MASAC,0.7900000214576721,True,0.0,0.0,0.0,0.5324955582618713,7,8751,0.0,0.0,-0.0,70071,0.0,98.17061614990234,-0.8144930601119995,52.27541732788086,77.5547866821289,98.17061614990234,98.17061614990234,92,3.4262054674097318,1.0,0.1662338159006575,0.0,0.0,0.0,-0.7443439364433289,CityLearnV3MADRLRewardFunction,masac_unified_comparable_v4,E2,-0.0,1907,14.606875117801078,1.0,0.14309942693018327,0.0,8759
8,0.0,0.0,0.0,0.0,Building_4,3,MASAC,0.7900000214576721,True,0.0,0.0,0.0,0.5324955582618713,7,8751,0.0,0.0,-0.0,70071,0.0,28.84416961669922,-0.7822769284248352,15.359392166137695,22.786893844604492,28.84416961669922,28.84416961669922,78,3.501837011348578,1.0,0.20020274168405777,0.0,0.0,0.0,-0.7443439364433289,CityLearnV3MADRLRewardFunction,masac_unified_comparable_v4,E2,-0.0,1907,14.606875117801078,1.0,0.14309942693018327,0.0,8759
5,0.0,0.0,0.0,0.0,Building_5,4,MASAC,0.7900000214576721,True,0.0,0.0,0.0,0.5324955582618713,7,8751,0.0,0.0,-0.0,70071,0.0,37.89287567138672,-0.8352909684181213,20.17778778076172,29.935373306274414,37.89287567138672,37.89287567138672,57,3.609092590067681,1.0,0.30430312376273305,0.0,0.0,0.0,-0.7443439364433289,CityLearnV3MADRLRewardFunction,masac_unified_comparable_v4,E2,-0.0,1907,14.606875117801078,1.0,0.14309942693018327,0.0,8759
34,0.0,0.0,0.0,0.0,Building_6,5,MASAC,0.7900000214576721,True,0.0,0.0,0.0,0.5324955582618713,7,8751,0.0,0.0,-0.0,70071,0.0,350.8894348144531,-0.816270649433136,186.84706115722656,277.2026672363281,350.8894348144531,350.8894348144531,260,3.5009158405425476,1.0,0.06002230185728807,0.0,0.0,0.0,-0.7443439364433289,CityLearnV3MADRLRewardFunction,masac_unified_comparable_v4,E2,-0.0,1907,14.606875117801078,1.0,0.14309942693018327,0.0,8759
44,1.0,0.0,-0.022727272727272728,-1.0,Building_7,6,MASAC,0.7900000214576721,True,0.0,0.0,0.0,0.5324955582618713,7,8751,0.0,0.0,-0.0,70071,0.0,18.66022491455078,-0.7385591268539429,9.936487197875977,14.741578102111816,18.66022491455078,18.66022491455078,330,3.5686980604149494,1.0,0.0487577966668389,0.0,0.0,0.0,-0.7443439364433289,CityLearnV3MADRLRewardFunction,masac_unified_comparable_v4,E2,-0.0,1907,14.606875117801078,1.0,0.14309942693018327,0.0,8759
19,0.0,0.0,0.0,0.0,Building_8,7,MASAC,0.7900000214576721,True,0.0,0.0,0.0,0.5324955582618713,7,8751,0.0,0.0,-0.0,70071,0.0,19.251495361328125,-0.7419182658195496,10.251336097717285,15.2086820602417,19.251495361328125,19.251495361328125,155,3.669655974380682,1.0,0.10814507776691068,0.0,0.0,0.0,-0.7443439364433289,CityLearnV3MADRLRewardFunction,masac_unified_comparable_v4,E2,-0.0,1907,14.606875117801078,1.0,0.14309942693018327,0.0,8759
12,0.0,0.0,0.0,0.0,Building_9,8,MASAC,0.7900000214576721,True,0.0,0.0,0.0,0.5324955582618713,7,8751,0.0,0.0,-0.0,70071,0.0,2.4506425857543945,-0.5690133571624756,1.304956316947937,1.9360077381134033,2.4506425857543945,2.4506425857543945,106,3.7716742933559173,1.0,0.17188285544233503,0.0,0.0,0.0,-0.7443439364433289,CityLearnV3MADRLRewardFunction,masac_unified_comparable_v4,E2,-0.0,1907,14.606875117801078,1.0,0.14309942693018327,0.0,8759
8,0.0,0.0,0.0,0.0,Building_10,9,MASAC,0.7900000214576721,True,0.0,0.0,0.0,0.5324955582618713,7,8751,0.0,0.0,-0.0,70071,0.0,34.33414077758789,-0.7945711016654968,18.282777786254883,27.123971939086914,34.33414077758789,34.33414077758789,78,3.533193278461324,1.0,0.2029736948510011,0.0,0.0,0.0,-0.7443439364433289,CityLearnV3MADRLRewardFunction,masac_unified_comparable_v4,E2,-0.0,1907,14.606875117801078,1.0,0.14309942693018327,0.0,8759
5,0.0,0.0,0.0,0.0,Building_11,10,MASAC,0.7900000214576721,True,0.0,0.0,0.0,0.5324955582618713,7,8751,0.0,0.0,-0.0,70071,0.0,57.917564392089844,-0.8112033009529114,30.840845108032227,45.754878997802734,57.917564392089844,57.917564392089844,57,3.455406286536153,1.0,0.2696855465571086,0.0,0.0,0.0,-0.7443439364433289,CityLearnV3MADRLRewardFunction,masac_unified_comparable_v4,E2,-0.0,1907,14.606875117801078,1.0,0.14309942693018327,0.0,8759
5,0.0,0.0,0.0,0.0,Building_12,11,MASAC,0.7900000214576721,True,0.0,0.0,0.0,0.5324955582618713,7,8751,0.0,0.0,-0.0,70071,0.0,182.6020965576172,-0.8161773681640625,97.23480224609375,144.2556610107422,182.6020965576172,182.6020965576172,57,3.519989935324209,1.0,0.2754684791230319,0.0,0.0,0.0,-0.7443439364433289,CityLearnV3MADRLRewardFunction,masac_unified_comparable_v4,E2,-0.0,1907,14.606875117801078,1.0,0.14309942693018327,0.0,8759
13,0.0,0.0,0.0,0.0,Building_13,12,MASAC,0.7900000214576721,True,0.0,0.0,0.0,0.5324955582618713,7,8751,0.0,0.0,-0.0,70071,0.0,2.789367437362671,-0.5904356837272644,1.485325813293457,2.2036004066467285,2.789367437362671,2.789367437362671,113,3.5081216153547943,1.0,0.1385115094944439,0.0,0.0,0.0,-0.7443439364433289,CityLearnV3MADRLRewardFunction,masac_unified_comparable_v4,E2,-0.0,1907,14.606875117801078,1.0,0.14309942693018327,0.0,8759
6,0.0,0.0,0.0,0.0,Building_14,13,MASAC,0.7900000214576721,True,0.0,0.0,0.0,0.5324955582618713,7,8751,0.0,0.0,-0.0,70071,0.0,2.485826015472412,-0.58684241771698,1.3236913681030273,1.9638025760650635,2.485826015472412,2.485826015472412,64,3.5412924639660055,1.0,0.2467365162447095,0.0,0.0,0.0,-0.7443439364433289,CityLearnV3MADRLRewardFunction,masac_unified_comparable_v4,E2,-0.0,1907,14.606875117801078,1.0,0.14309942693018327,0.0,8759
10,0.0,0.0,0.0,0.0,Building_15,14,MASAC,0.7900000214576721,True,0.0,0.0,0.0,0.5324955582618713,7,8751,0.0,0.0,-0.0,70071,0.0,20.5941162109375,-0.7492836117744446,10.966275215148926,16.269351959228516,20.5941162109375,20.5941162109375,92,3.5754625247132963,1.0,0.1772031469837479,0.0,0.0,0.0,-0.7443439364433289,CityLearnV3MADRLRewardFunction,masac_unified_comparable_v4,E2,-0.0,1907,14.606875117801078,1.0,0.14309942693018327,0.0,8759
13,0.0,0.0,0.0,0.0,Building_16,15,MASAC,0.7900000214576721,True,0.0,0.0,0.0,0.5324955582618713,7,8751,0.0,0.0,-0.0,70071,0.0,103.13050842285156,-0.8150125741958618,54.91653823852539,81.47310638427734,103.13050842285156,103.13050842285156,113,3.4860771197887455,1.0,0.1402392993986079,0.0,0.0,0.0,-0.7443439364433289,CityLearnV3MADRLRewardFunction,masac_unified_comparable_v4,E2,-0.0,1907,14.606875117801078,1.0,0.14309942693018327,0.0,8759
13,0.0,0.0,0.0,0.0,Building_17,16,MASAC,0.7900000214576721,True,0.0,0.0,0.0,0.5324955582618713,7,8751,0.0,0.0,-0.0,70071,0.0,21.1981143951416,-0.7527451515197754,11.287901878356934,16.746511459350586,21.1981143951416,21.1981143951416,113,3.5427944152303597,1.0,0.14214828953278802,0.0,0.0,0.0,-0.7443439364433289,CityLearnV3MADRLRewardFunction,masac_unified_comparable_v4,E2,-0.0,1907,14.606875117801078,1.0,0.14309942693018327,0.0,8759
6,0.0,0.0,0.0,0.0,Building_1,0,MASAC,0.754755973815918,False,0.0,0.0,0.0,0.5324955582618713,8,0,0.0,0.0,-0.0,70080,-0.0,0.0,-0.6990706920623779,0.0,0.0,0.0,0.0,64,3.012361675720924,1.0,0.23606847498740535,0.0,0.0,0.0,-0.5830621719360352,CityLearnV3MADRLRewardFunction,masac_unified_comparable_v4,E2,-0.0,1907,14.050245607233865,1.0,0.16063659794591503,0.0,9
8,0.0,0.0,0.0,0.0,Building_2,1,MASAC,0.754755973815918,False,0.0,0.0,0.0,0.5324955582618713,8,0,0.0,0.0,-0.0,70080,-0.0,0.0,-0.441433846950531,0.0,0.0,0.0,0.0,78,3.1087689853504146,1.0,0.19401161500419944,0.0,0.0,0.0,-0.5830621719360352,CityLearnV3MADRLRewardFunction,masac_unified_comparable_v4,E2,-0.0,1907,14.050245607233865,1.0,0.16063659794591503,0.0,9
10,1.0,0.0,-0.1,-1.0,Building_3,2,MASAC,0.754755973815918,False,0.0,0.0,0.0,0.5324955582618713,8,0,0.0,0.0,-0.0,70080,-0.0,0.0,-0.6668611764907837,0.0,0.0,0.0,0.0,92,4.408305997345423,1.0,0.3054626329255331,0.0,0.0,0.0,-0.5830621719360352,CityLearnV3MADRLRewardFunction,masac_unified_comparable_v4,E2,-0.0,1907,14.050245607233865,1.0,0.16063659794591503,0.0,9
8,0.0,0.0,0.0,0.0,Building_4,3,MASAC,0.754755973815918,False,0.0,0.0,0.0,0.5324955582618713,8,0,0.0,0.0,-0.0,70080,-0.0,0.0,-0.6948223114013672,0.0,0.0,0.0,0.0,78,3.09455029488937,1.0,0.20299980458684075,0.0,0.0,0.0,-0.5830621719360352,CityLearnV3MADRLRewardFunction,masac_unified_comparable_v4,E2,-0.0,1907,14.050245607233865,1.0,0.16063659794591503,0.0,9
5,0.0,0.0,0.0,0.0,Building_5,4,MASAC,0.754755973815918,False,0.0,0.0,0.0,0.5324955582618713,8,0,0.0,0.0,-0.0,70080,-0.0,0.0,-0.6945175528526306,0.0,0.0,0.0,0.0,57,3.389854552072005,1.0,0.32046071327242415,0.0,0.0,0.0,-0.5830621719360352,CityLearnV3MADRLRewardFunction,masac_unified_comparable_v4,E2,-0.0,1907,14.050245607233865,1.0,0.16063659794591503,0.0,9
34,1.0,1.0,0.029411764705882353,0.0,Building_6,5,MASAC,0.754755973815918,False,0.0,0.0,0.0,0.5324955582618713,8,0,0.0,0.0,-0.0,70080,-0.0,0.0,-0.6990223526954651,0.0,0.0,0.0,0.0,260,3.9323689842580363,1.0,0.08862544445392605,0.0,0.0,0.0,-0.5830621719360352,CityLearnV3MADRLRewardFunction,masac_unified_comparable_v4,E2,-0.0,1907,14.050245607233865,1.0,0.16063659794591503,0.0,9
44,0.0,0.0,0.0,0.0,Building_7,6,MASAC,0.754755973815918,False,0.0,0.0,0.0,0.5324955582618713,8,0,0.0,0.0,-0.0,70080,-0.0,0.0,-0.44789913296699524,0.0,0.0,0.0,0.0,330,3.086464587210206,1.0,0.045641536274078215,0.0,0.0,0.0,-0.5830621719360352,CityLearnV3MADRLRewardFunction,masac_unified_comparable_v4,E2,-0.0,1907,14.050245607233865,1.0,0.16063659794591503,0.0,9
19,0.0,0.0,0.0,0.0,Building_8,7,MASAC,0.754755973815918,False,0.0,0.0,0.0,0.5324955582618713,8,0,0.0,0.0,-0.0,70080,-0.0,0.0,-0.4447241425514221,0.0,0.0,0.0,0.0,155,3.0799728066796246,1.0,0.09628148027845929,0.0,0.0,0.0,-0.5830621719360352,CityLearnV3MADRLRewardFunction,masac_unified_comparable_v4,E2,-0.0,1907,14.050245607233865,1.0,0.16063659794591503,0.0,9
12,0.0,0.0,0.0,0.0,Building_9,8,MASAC,0.754755973815918,False,0.0,0.0,0.0,0.5324955582618713,8,0,0.0,0.0,-0.0,70080,-0.0,0.0,-0.48751068115234375,0.0,0.0,0.0,0.0,106,3.1511608886356393,1.0,0.1475307487636664,0.0,0.0,0.0,-0.5830621719360352,CityLearnV3MADRLRewardFunction,masac_unified_comparable_v4,E2,-0.0,1907,14.050245607233865,1.0,0.16063659794591503,0.0,9
8,0.0,0.0,0.0,0.0,Building_10,9,MASAC,0.754755973815918,False,0.0,0.0,0.0,0.5324955582618713,8,0,0.0,0.0,-0.0,70080,-0.0,0.0,-0.598675549030304,0.0,0.0,0.0,0.0,78,3.0571900452087357,1.0,0.19211879433490908,0.0,0.0,0.0,-0.5830621719360352,CityLearnV3MADRLRewardFunction,masac_unified_comparable_v4,E2,-0.0,1907,14.050245607233865,1.0,0.16063659794591503,0.0,9
5,0.0,0.0,0.0,0.0,Building_11,10,MASAC,0.754755973815918,False,0.0,0.0,0.0,0.5324955582618713,8,0,0.0,0.0,-0.0,70080,-0.0,0.0,-0.6842566132545471,0.0,0.0,0.0,0.0,57,3.6971094797653548,1.0,0.3659360724288905,0.0,0.0,0.0,-0.5830621719360352,CityLearnV3MADRLRewardFunction,masac_unified_comparable_v4,E2,-0.0,1907,14.050245607233865,1.0,0.16063659794591503,0.0,9
5,1.0,1.0,0.2,0.0,Building_12,11,MASAC,0.754755973815918,False,0.0,0.0,0.0,0.5324955582618713,8,0,0.0,0.0,-0.0,70080,-0.0,0.0,-0.6952401399612427,0.0,0.0,0.0,0.0,57,3.9948253830105296,1.0,0.4226597023866417,0.0,0.0,0.0,-0.5830621719360352,CityLearnV3MADRLRewardFunction,masac_unified_comparable_v4,E2,-0.0,1907,14.050245607233865,1.0,0.16063659794591503,0.0,9
13,0.0,0.0,0.0,0.0,Building_13,12,MASAC,0.754755973815918,False,0.0,0.0,0.0,0.5324955582618713,8,0,0.0,0.0,-0.0,70080,-0.0,0.0,-0.4446100890636444,0.0,0.0,0.0,0.0,113,3.093532271942049,1.0,0.1335256881270129,0.0,0.0,0.0,-0.5830621719360352,CityLearnV3MADRLRewardFunction,masac_unified_comparable_v4,E2,-0.0,1907,14.050245607233865,1.0,0.16063659794591503,0.0,9
6,0.0,0.0,0.0,0.0,Building_14,13,MASAC,0.754755973815918,False,0.0,0.0,0.0,0.5324955582618713,8,0,0.0,0.0,-0.0,70080,-0.0,0.0,-0.43429702520370483,0.0,0.0,0.0,0.0,64,4.047492899554752,1.0,0.38061656620993745,0.0,0.0,0.0,-0.5830621719360352,CityLearnV3MADRLRewardFunction,masac_unified_comparable_v4,E2,-0.0,1907,14.050245607233865,1.0,0.16063659794591503,0.0,9
10,0.0,0.0,0.0,0.0,Building_15,14,MASAC,0.754755973815918,False,0.0,0.0,0.0,0.5324955582618713,8,0,0.0,0.0,-0.0,70080,-0.0,0.0,-0.4618038833141327,0.0,0.0,0.0,0.0,92,3.110821194883786,1.0,0.1651869589847553,0.0,0.0,0.0,-0.5830621719360352,CityLearnV3MADRLRewardFunction,masac_unified_comparable_v4,E2,-0.0,1907,14.050245607233865,1.0,0.16063659794591503,0.0,9
13,0.0,0.0,0.0,0.0,Building_16,15,MASAC,0.754755973815918,False,0.0,0.0,0.0,0.5324955582618713,8,0,0.0,0.0,-0.0,70080,-0.0,0.0,-0.6592292785644531,0.0,0.0,0.0,0.0,113,3.071619598000911,1.0,0.1332266584813463,0.0,0.0,0.0,-0.5830621719360352,CityLearnV3MADRLRewardFunction,masac_unified_comparable_v4,E2,-0.0,1907,14.050245607233865,1.0,0.16063659794591503,0.0,9
13,0.0,0.0,0.0,0.0,Building_17,16,MASAC,0.754755973815918,False,0.0,0.0,0.0,0.5324955582618713,8,0,0.0,0.0,-0.0,70080,-0.0,0.0,-0.6580820083618164,0.0,0.0,0.0,0.0,113,3.118721628171829,1.0,0.13795384226482263,0.0,0.0,0.0,-0.5830621719360352,CityLearnV3MADRLRewardFunction,masac_unified_comparable_v4,E2,-0.0,1907,14.050245607233865,1.0,0.16063659794591503,0.0,9
6,0.0,0.0,0.0,0.0,Building_1,0,MASAC,0.7900000214576721,True,0.0,0.0,0.0,0.5324955582618713,8,8750,0.0,0.0,-0.0,78830,0.0,391.586669921875,-0.7356966733932495,208.51815795898438,309.3534851074219,391.586669921875,391.586669921875,64,3.419332218583414,1.0,0.23218308296054602,0.0,0.0,0.0,-0.629564642906189,CityLearnV3MADRLRewardFunction,masac_unified_comparable_v4,E2,-0.0,1907,14.181234807725396,1.0,0.13353657252856055,0.0,8759
8,0.0,0.0,0.0,0.0,Building_2,1,MASAC,0.7900000214576721,True,0.0,0.0,0.0,0.5324955582618713,8,8750,0.0,0.0,-0.0,78830,0.0,0.1848604530096054,-0.47844401001930237,0.0984373688697815,0.14603976905345917,0.1848604530096054,0.1848604530096054,78,3.5030591121878456,1.0,0.1930973946284025,0.0,0.0,0.0,-0.629564642906189,CityLearnV3MADRLRewardFunction,masac_unified_comparable_v4,E2,-0.0,1907,14.181234807725396,1.0,0.13353657252856055,0.0,8759
10,0.0,0.0,0.0,0.0,Building_3,2,MASAC,0.7900000214576721,True,0.0,0.0,0.0,0.5324955582618713,8,8750,0.0,0.0,-0.0,78830,0.0,39.0087890625,-0.7206220030784607,20.77200698852539,30.816944122314453,39.0087890625,39.0087890625,92,3.361375405329982,1.0,0.1575235549522483,0.0,0.0,0.0,-0.629564642906189,CityLearnV3MADRLRewardFunction,masac_unified_comparable_v4,E2,-0.0,1907,14.181234807725396,1.0,0.13353657252856055,0.0,8759
8,0.0,0.0,0.0,0.0,Building_4,3,MASAC,0.7900000214576721,True,0.0,0.0,0.0,0.5324955582618713,8,8750,0.0,0.0,-0.0,78830,0.0,36.67196273803711,-0.7163571715354919,19.52765655517578,28.97085189819336,36.67196273803711,36.67196273803711,78,3.2654813190924847,1.0,0.1777664881486159,0.0,0.0,0.0,-0.629564642906189,CityLearnV3MADRLRewardFunction,masac_unified_comparable_v4,E2,-0.0,1907,14.181234807725396,1.0,0.13353657252856055,0.0,8759
5,0.0,0.0,0.0,0.0,Building_5,4,MASAC,0.7900000214576721,True,0.0,0.0,0.0,0.5324955582618713,8,8750,0.0,0.0,-0.0,78830,0.0,54.225337982177734,-0.7672944068908691,28.874752044677734,42.838016510009766,54.225337982177734,54.225337982177734,57,3.5887851868256293,1.0,0.2961943878939277,0.0,0.0,0.0,-0.629564642906189,CityLearnV3MADRLRewardFunction,masac_unified_comparable_v4,E2,-0.0,1907,14.181234807725396,1.0,0.13353657252856055,0.0,8759
34,0.0,0.0,0.0,0.0,Building_6,5,MASAC,0.7900000214576721,True,0.0,0.0,0.0,0.5324955582618713,8,8750,0.0,0.0,-0.0,78830,0.0,348.8946838378906,-0.7356961369514465,185.7848663330078,275.6268005371094,348.8946838378906,348.8946838378906,260,3.3994639381683807,1.0,0.05619937296097095,0.0,0.0,0.0,-0.629564642906189,CityLearnV3MADRLRewardFunction,masac_unified_comparable_v4,E2,-0.0,1907,14.181234807725396,1.0,0.13353657252856055,0.0,8759
44,0.0,0.0,0.0,0.0,Building_7,6,MASAC,0.7900000214576721,True,0.0,0.0,0.0,0.5324955582618713,8,8750,0.0,0.0,-0.0,78830,0.0,2.9800853729248047,-0.5121060013771057,1.58688223361969,2.3542675971984863,2.9800853729248047,2.9800853729248047,330,3.3985213024489296,1.0,0.044324109116286946,0.0,0.0,0.0,-0.629564642906189,CityLearnV3MADRLRewardFunction,masac_unified_comparable_v4,E2,-0.0,1907,14.181234807725396,1.0,0.13353657252856055,0.0,8759
19,0.0,0.0,0.0,0.0,Building_8,7,MASAC,0.7900000214576721,True,0.0,0.0,0.0,0.5324955582618713,8,8750,0.0,0.0,-0.0,78830,0.0,6.19936990737915,-0.5494607090950012,3.3011369705200195,4.897502422332764,6.19936990737915,6.19936990737915,155,3.5332183608740477,1.0,0.09980646544887174,0.0,0.0,0.0,-0.629564642906189,CityLearnV3MADRLRewardFunction,masac_unified_comparable_v4,E2,-0.0,1907,14.181234807725396,1.0,0.13353657252856055,0.0,8759
12,0.0,0.0,0.0,0.0,Building_9,8,MASAC,0.7900000214576721,True,0.0,0.0,0.0,0.5324955582618713,8,8750,0.0,0.0,-0.0,78830,0.0,2.1350696086883545,-0.48462846875190735,1.1369150876998901,1.6867049932479858,2.1350696086883545,2.1350696086883545,106,3.624764790114762,1.0,0.15807928735355162,0.0,0.0,0.0,-0.629564642906189,CityLearnV3MADRLRewardFunction,masac_unified_comparable_v4,E2,-0.0,1907,14.181234807725396,1.0,0.13353657252856055,0.0,8759
8,0.0,0.0,0.0,0.0,Building_10,9,MASAC,0.7900000214576721,True,0.0,0.0,0.0,0.5324955582618713,8,8750,0.0,0.0,-0.0,78830,0.0,16.451881408691406,-0.642913818359375,8.760553359985352,12.996986389160156,16.451881408691406,16.451881408691406,78,3.333443120034383,1.0,0.18216705370025757,0.0,0.0,0.0,-0.629564642906189,CityLearnV3MADRLRewardFunction,masac_unified_comparable_v4,E2,-0.0,1907,14.181234807725396,1.0,0.13353657252856055,0.0,8759
5,0.0,0.0,0.0,0.0,Building_11,10,MASAC,0.7900000214576721,True,0.0,0.0,0.0,0.5324955582618713,8,8750,0.0,0.0,-0.0,78830,0.0,66.45198059082031,-0.731020987033844,35.38538360595703,52.497066497802734,66.45198059082031,66.45198059082031,57,3.337324819243696,1.0,0.24831662496976686,0.0,0.0,0.0,-0.629564642906189,CityLearnV3MADRLRewardFunction,masac_unified_comparable_v4,E2,-0.0,1907,14.181234807725396,1.0,0.13353657252856055,0.0,8759
5,0.0,0.0,0.0,0.0,Building_12,11,MASAC,0.7900000214576721,True,0.0,0.0,0.0,0.5324955582618713,8,8750,0.0,0.0,-0.0,78830,0.0,155.388671875,-0.7353488802909851,82.7437744140625,122.7570571899414,155.388671875,155.388671875,57,3.3947915563805946,1.0,0.2597767938124506,0.0,0.0,0.0,-0.629564642906189,CityLearnV3MADRLRewardFunction,masac_unified_comparable_v4,E2,-0.0,1907,14.181234807725396,1.0,0.13353657252856055,0.0,8759
13,0.0,0.0,0.0,0.0,Building_13,12,MASAC,0.7900000214576721,True,0.0,0.0,0.0,0.5324955582618713,8,8750,0.0,0.0,-0.0,78830,0.0,0.1047736182808876,-0.47746649384498596,0.05579148605465889,0.08277115970849991,0.1047736182808876,0.1047736182808876,113,3.363727439058747,1.0,0.12613041870361935,0.0,0.0,0.0,-0.629564642906189,CityLearnV3MADRLRewardFunction,masac_unified_comparable_v4,E2,-0.0,1907,14.181234807725396,1.0,0.13353657252856055,0.0,8759
6,0.0,0.0,0.0,0.0,Building_14,13,MASAC,0.7900000214576721,True,0.0,0.0,0.0,0.5324955582618713,8,8750,0.0,0.0,-0.0,78830,0.0,1.3521205186843872,-0.4926023483276367,0.7199981808662415,1.068175196647644,1.3521205186843872,1.3521205186843872,64,3.4712183350481984,1.0,0.23335829796269536,0.0,0.0,0.0,-0.629564642906189,CityLearnV3MADRLRewardFunction,masac_unified_comparable_v4,E2,-0.0,1907,14.181234807725396,1.0,0.13353657252856055,0.0,8759
10,1.0,1.0,0.1,0.0,Building_15,14,MASAC,0.7900000214576721,True,0.0,0.0,0.0,0.5324955582618713,8,8750,0.0,0.0,-0.0,78830,0.0,15.147623062133789,-0.6340752243995667,8.066041946411133,11.966622352600098,15.147623062133789,15.147623062133789,92,3.52213198634777,1.0,0.16809580960999365,0.0,0.0,0.0,-0.629564642906189,CityLearnV3MADRLRewardFunction,masac_unified_comparable_v4,E2,-0.0,1907,14.181234807725396,1.0,0.13353657252856055,0.0,8759
13,0.0,0.0,0.0,0.0,Building_16,15,MASAC,0.7900000214576721,True,0.0,0.0,0.0,0.5324955582618713,8,8750,0.0,0.0,-0.0,78830,0.0,11.957420349121094,-0.6077297329902649,6.367273330688477,9.446362495422363,11.957420349121094,11.957420349121094,113,3.44851274777684,1.0,0.13131459861730052,0.0,0.0,0.0,-0.629564642906189,CityLearnV3MADRLRewardFunction,masac_unified_comparable_v4,E2,-0.0,1907,14.181234807725396,1.0,0.13353657252856055,0.0,8759
13,1.0,1.0,0.07692307692307693,0.0,Building_17,16,MASAC,0.7900000214576721,True,0.0,0.0,0.0,0.5324955582618713,8,8750,0.0,0.0,-0.0,78830,0.0,23.087642669677734,-0.6811349987983704,12.2940673828125,18.239238739013672,23.087642669677734,23.087642669677734,113,3.483942628726403,1.0,0.13597618874195402,0.0,0.0,0.0,-0.629564642906189,CityLearnV3MADRLRewardFunction,masac_unified_comparable_v4,E2,-0.0,1907,14.181234807725396,1.0,0.13353657252856055,0.0,8759
6,0.0,0.0,0.0,0.0,Building_1,0,MASAC,0.7126550078392029,False,0.0,0.0,0.0,0.5324955582618713,9,0,0.0,0.0,-0.0,78840,-0.0,0.0,-0.8598125576972961,0.0,0.0,0.0,0.0,64,3.1221682695995145,0.9330127239227295,0.24228971474803984,0.0,0.0,0.0,-0.8080949187278748,CityLearnV3MADRLRewardFunction,masac_unified_comparable_v4,E2,-0.0,1907,14.647822100866374,1.0,0.16945194165570554,0.0,10
8,0.0,0.0,0.0,0.0,Building_2,1,MASAC,0.7126550078392029,False,0.0,0.0,0.0,0.5324955582618713,9,0,0.0,0.0,-0.0,78840,-0.0,0.0,-0.7023928165435791,0.0,0.0,0.0,0.0,78,3.1411189568885254,0.9693514108657837,0.19583089802509698,0.0,0.0,0.0,-0.8080949187278748,CityLearnV3MADRLRewardFunction,masac_unified_comparable_v4,E2,-0.0,1907,14.647822100866374,1.0,0.16945194165570554,0.0,10
10,0.0,0.0,0.0,0.0,Building_3,2,MASAC,0.7126550078392029,False,0.0,0.0,0.0,0.5324955582618713,9,0,0.0,0.0,-0.0,78840,-0.0,0.0,-0.9235323667526245,0.0,0.0,0.0,0.0,92,4.391738215668753,1.0,0.3002435696999664,0.0,0.0,0.0,-0.8080949187278748,CityLearnV3MADRLRewardFunction,masac_unified_comparable_v4,E2,-0.0,1907,14.647822100866374,1.0,0.16945194165570554,0.0,10
8,0.0,0.0,0.0,0.0,Building_4,3,MASAC,0.7126550078392029,False,0.0,0.0,0.0,0.5324955582618713,9,0,0.0,0.0,-0.0,78840,-0.0,0.0,-0.858248233795166,0.0,0.0,0.0,0.0,78,3.5646826156490814,1.0,0.24620896405898607,0.0,0.0,0.0,-0.8080949187278748,CityLearnV3MADRLRewardFunction,masac_unified_comparable_v4,E2,-0.0,1907,14.647822100866374,1.0,0.16945194165570554,0.0,10
5,0.0,0.0,0.0,0.0,Building_5,4,MASAC,0.7126550078392029,False,0.0,0.0,0.0,0.5324955582618713,9,0,0.0,0.0,-0.0,78840,-0.0,0.0,-0.8584946990013123,0.0,0.0,0.0,0.0,57,3.494256339747643,1.0,0.3273534906799333,0.0,0.0,0.0,-0.8080949187278748,CityLearnV3MADRLRewardFunction,masac_unified_comparable_v4,E2,-0.0,1907,14.647822100866374,1.0,0.16945194165570554,0.0,10
34,1.0,1.0,0.029411764705882353,0.0,Building_6,5,MASAC,0.7126550078392029,False,0.0,0.0,0.0,0.5324955582618713,9,0,0.0,0.0,-0.0,78840,-0.0,0.0,-0.8598132133483887,0.0,0.0,0.0,0.0,260,4.806521898431428,1.0,0.12642973801837518,0.0,0.0,0.0,-0.8080949187278748,CityLearnV3MADRLRewardFunction,masac_unified_comparable_v4,E2,-0.0,1907,14.647822100866374,1.0,0.16945194165570554,0.0,10
44,0.0,0.0,0.0,0.0,Building_7,6,MASAC,0.7126550078392029,False,0.0,0.0,0.0,0.5324955582618713,9,0,0.0,0.0,-0.0,78840,-0.0,0.0,-0.8065135478973389,0.0,0.0,0.0,0.0,330,3.1234478705432966,0.9330127239227295,0.045974361049858005,0.0,0.0,0.0,-0.8080949187278748,CityLearnV3MADRLRewardFunction,masac_unified_comparable_v4,E2,-0.0,1907,14.647822100866374,1.0,0.16945194165570554,0.0,10
19,0.0,0.0,0.0,0.0,Building_8,7,MASAC,0.7126550078392029,False,0.0,0.0,0.0,0.5324955582618713,9,0,0.0,0.0,-0.0,78840,-0.0,0.0,-0.8008759021759033,0.0,0.0,0.0,0.0,155,3.1390765498917776,0.9522910714149475,0.09813445950708082,0.0,0.0,0.0,-0.8080949187278748,CityLearnV3MADRLRewardFunction,masac_unified_comparable_v4,E2,-0.0,1907,14.647822100866374,1.0,0.16945194165570554,0.0,10
12,0.0,0.0,0.0,0.0,Building_9,8,MASAC,0.7126550078392029,False,0.0,0.0,0.0,0.5324955582618713,9,0,0.0,0.0,-0.0,78840,-0.0,0.0,-0.6598039865493774,0.0,0.0,0.0,0.0,106,3.2576347360602362,0.9783581495285034,0.15201882149953888,0.0,0.0,0.0,-0.8080949187278748,CityLearnV3MADRLRewardFunction,masac_unified_comparable_v4,E2,-0.0,1907,14.647822100866374,1.0,0.16945194165570554,0.0,10
8,0.0,0.0,0.0,0.0,Building_10,9,MASAC,0.7126550078392029,False,0.0,0.0,0.0,0.5324955582618713,9,0,0.0,0.0,-0.0,78840,-0.0,0.0,-0.8595695495605469,0.0,0.0,0.0,0.0,78,3.1168094483516375,0.9330127239227295,0.19707694597757205,0.0,0.0,0.0,-0.8080949187278748,CityLearnV3MADRLRewardFunction,masac_unified_comparable_v4,E2,-0.0,1907,14.647822100866374,1.0,0.16945194165570554,0.0,10
5,0.0,0.0,0.0,0.0,Building_11,10,MASAC,0.7126550078392029,False,0.0,0.0,0.0,0.5324955582618713,9,0,0.0,0.0,-0.0,78840,-0.0,0.0,-0.8480346202850342,0.0,0.0,0.0,0.0,57,3.8052355405676286,1.0,0.3763344342771329,0.0,0.0,0.0,-0.8080949187278748,CityLearnV3MADRLRewardFunction,masac_unified_comparable_v4,E2,-0.0,1907,14.647822100866374,1.0,0.16945194165570554,0.0,10
5,0.0,0.0,0.0,0.0,Building_12,11,MASAC,0.7126550078392029,False,0.0,0.0,0.0,0.5324955582618713,9,0,0.0,0.0,-0.0,78840,-0.0,0.0,-0.8389463424682617,0.0,0.0,0.0,0.0,57,4.050018604562151,1.0,0.4228322139630715,0.0,0.0,0.0,-0.8080949187278748,CityLearnV3MADRLRewardFunction,masac_unified_comparable_v4,E2,-0.0,1907,14.647822100866374,1.0,0.16945194165570554,0.0,10
13,0.0,0.0,0.0,0.0,Building_13,12,MASAC,0.7126550078392029,False,0.0,0.0,0.0,0.5324955582618713,9,0,0.0,0.0,-0.0,78840,-0.0,0.0,-0.736964762210846,0.0,0.0,0.0,0.0,113,3.097912155612744,0.9330127239227295,0.13191917894688326,0.0,0.0,0.0,-0.8080949187278748,CityLearnV3MADRLRewardFunction,masac_unified_comparable_v4,E2,-0.0,1907,14.647822100866374,1.0,0.16945194165570554,0.0,10
6,0.0,0.0,0.0,0.0,Building_14,13,MASAC,0.7126550078392029,False,0.0,0.0,0.0,0.5324955582618713,9,0,0.0,0.0,-0.0,78840,-0.0,0.0,-0.6080674529075623,0.0,0.0,0.0,0.0,64,4.135580020919717,1.0,0.3914875634945929,0.0,0.0,0.0,-0.8080949187278748,CityLearnV3MADRLRewardFunction,masac_unified_comparable_v4,E2,-0.0,1907,14.647822100866374,1.0,0.16945194165570554,0.0,10
10,0.0,0.0,0.0,0.0,Building_15,14,MASAC,0.7126550078392029,False,0.0,0.0,0.0,0.5324955582618713,9,0,0.0,0.0,-0.0,78840,-0.0,0.0,-0.8148298263549805,0.0,0.0,0.0,0.0,92,3.1209022807520856,0.9605019092559814,0.16525342704161353,0.0,0.0,0.0,-0.8080949187278748,CityLearnV3MADRLRewardFunction,masac_unified_comparable_v4,E2,-0.0,1907,14.647822100866374,1.0,0.16945194165570554,0.0,10
13,0.0,0.0,0.0,0.0,Building_16,15,MASAC,0.7126550078392029,False,0.0,0.0,0.0,0.5324955582618713,9,0,0.0,0.0,-0.0,78840,-0.0,0.0,-0.857316792011261,0.0,0.0,0.0,0.0,113,3.1132668063933635,0.9330127239227295,0.13376186445223548,0.0,0.0,0.0,-0.8080949187278748,CityLearnV3MADRLRewardFunction,masac_unified_comparable_v4,E2,-0.0,1907,14.647822100866374,1.0,0.16945194165570554,0.0,10
13,0.0,0.0,0.0,0.0,Building_17,16,MASAC,0.7126550078392029,False,0.0,0.0,0.0,0.5324955582618713,9,0,0.0,0.0,-0.0,78840,-0.0,0.0,-0.8443969488143921,0.0,0.0,0.0,0.0,113,3.2689291457216902,0.9330127239227295,0.14428813313752148,0.0,0.0,0.0,-0.8080949187278748,CityLearnV3MADRLRewardFunction,masac_unified_comparable_v4,E2,-0.0,1907,14.647822100866374,1.0,0.16945194165570554,0.0,10
6,0.0,0.0,0.0,0.0,Building_1,0,MASAC,0.7900000214576721,True,0.0,0.0,0.0,0.5324955582618713,9,8749,0.0,0.0,-0.0,87589,0.0,433.45458984375,-0.8020355701446533,230.81263732910156,342.42913818359375,433.45458984375,433.45458984375,64,3.316489940112326,1.0,0.22311678039841354,0.0,0.0,0.0,-0.7238219380378723,CityLearnV3MADRLRewardFunction,masac_unified_comparable_v4,E2,-0.0,1907,13.87985182977932,1.0,0.1294177467922578,0.0,8759
8,0.0,0.0,0.0,0.0,Building_2,1,MASAC,0.7900000214576721,True,0.0,0.0,0.0,0.5324955582618713,9,8749,0.0,0.0,-0.0,87589,0.0,15.16435432434082,-0.7003341317176819,8.074951171875,11.979840278625488,15.16435432434082,15.16435432434082,78,3.369804960827656,1.0,0.18693196028470993,0.0,0.0,0.0,-0.7238219380378723,CityLearnV3MADRLRewardFunction,masac_unified_comparable_v4,E2,-0.0,1907,13.87985182977932,1.0,0.1294177467922578,0.0,8759
10,0.0,0.0,0.0,0.0,Building_3,2,MASAC,0.7900000214576721,True,0.0,0.0,0.0,0.5324955582618713,9,8749,0.0,0.0,-0.0,87589,0.0,94.53981018066406,-0.7985707521438599,50.3420295715332,74.68645477294922,94.53981018066406,94.53981018066406,92,3.2056899654174034,1.0,0.14616969648910605,0.0,0.0,0.0,-0.7238219380378723,CityLearnV3MADRLRewardFunction,masac_unified_comparable_v4,E2,-0.0,1907,13.87985182977932,1.0,0.1294177467922578,0.0,8759
8,0.0,0.0,0.0,0.0,Building_4,3,MASAC,0.7900000214576721,True,0.0,0.0,0.0,0.5324955582618713,9,8749,0.0,0.0,-0.0,87589,0.0,31.04317283630371,-0.7736408114433289,16.530351638793945,24.524106979370117,31.04317283630371,31.04317283630371,78,3.324048490821927,1.0,0.1811565869511702,0.0,0.0,0.0,-0.7238219380378723,CityLearnV3MADRLRewardFunction,masac_unified_comparable_v4,E2,-0.0,1907,13.87985182977932,1.0,0.1294177467922578,0.0,8759
5,1.0,0.0,-0.2,-1.0,Building_5,4,MASAC,0.7900000214576721,True,-29.53672981262207,0.0,0.0,0.5324955582618713,9,8749,0.0,0.0,-0.0,87589,0.0,9.002241134643555,-0.7121558785438538,4.79365348815918,7.1117706298828125,9.002241134643555,38.538970947265625,57,3.5777287898660313,1.0,0.2919213709078337,0.0,0.0,0.0,-0.7238219380378723,CityLearnV3MADRLRewardFunction,masac_unified_comparable_v4,E2,-0.0,1907,13.87985182977932,1.0,0.1294177467922578,0.0,8759
34,0.0,0.0,0.0,0.0,Building_6,5,MASAC,0.7900000214576721,True,0.0,0.0,0.0,0.5324955582618713,9,8749,0.0,0.0,-0.0,87589,0.0,362.8901062011719,-0.802034854888916,193.23736572265625,286.6831970214844,362.8901062011719,362.8901062011719,260,3.3311316363144554,1.0,0.05438939304305957,0.0,0.0,0.0,-0.7238219380378723,CityLearnV3MADRLRewardFunction,masac_unified_comparable_v4,E2,-0.0,1907,13.87985182977932,1.0,0.1294177467922578,0.0,8759
44,1.0,1.0,0.022727272727272728,0.0,Building_7,6,MASAC,0.7900000214576721,True,0.0,0.0,0.0,0.5324955582618713,9,8749,0.0,0.0,-0.0,87589,0.0,12.664111137390137,-0.6803460121154785,6.743582725524902,10.004648208618164,12.664111137390137,12.664111137390137,330,3.412033133242739,1.0,0.044232306042403885,0.0,0.0,0.0,-0.7238219380378723,CityLearnV3MADRLRewardFunction,masac_unified_comparable_v4,E2,-0.0,1907,13.87985182977932,1.0,0.1294177467922578,0.0,8759
19,0.0,0.0,0.0,0.0,Building_8,7,MASAC,0.7900000214576721,True,0.0,0.0,0.0,0.5324955582618713,9,8749,0.0,0.0,-0.0,87589,0.0,12.065996170043945,-0.674553394317627,6.425089359283447,9.532136917114258,12.065996170043945,12.065996170043945,155,3.327087041732061,1.0,0.09202070591911193,0.0,0.0,0.0,-0.7238219380378723,CityLearnV3MADRLRewardFunction,masac_unified_comparable_v4,E2,-0.0,1907,13.87985182977932,1.0,0.1294177467922578,0.0,8759
12,0.0,0.0,0.0,0.0,Building_9,8,MASAC,0.7900000214576721,True,0.0,0.0,0.0,0.5324955582618713,9,8749,0.0,0.0,-0.0,87589,0.0,2.290161371231079,-0.5528797507286072,1.2195007801055908,1.8092275857925415,2.290161371231079,2.290161371231079,106,3.657195445422264,1.0,0.15775059964859262,0.0,0.0,0.0,-0.7238219380378723,CityLearnV3MADRLRewardFunction,masac_unified_comparable_v4,E2,-0.0,1907,13.87985182977932,1.0,0.1294177467922578,0.0,8759
8,0.0,0.0,0.0,0.0,Building_10,9,MASAC,0.7900000214576721,True,0.0,0.0,0.0,0.5324955582618713,9,8749,0.0,0.0,-0.0,87589,0.0,51.649574279785156,-0.7951934337615967,27.5031681060791,40.803165435791016,51.649574279785156,51.649574279785156,78,3.2790902024940896,1.0,0.1802028320156611,0.0,0.0,0.0,-0.7238219380378723,CityLearnV3MADRLRewardFunction,masac_unified_comparable_v4,E2,-0.0,1907,13.87985182977932,1.0,0.1294177467922578,0.0,8759
5,0.0,0.0,0.0,0.0,Building_11,10,MASAC,0.7900000214576721,True,0.0,0.0,0.0,0.5324955582618713,9,8749,0.0,0.0,-0.0,87589,0.0,71.54803466796875,-0.7997928857803345,38.0990104675293,56.52294921875,71.54803466796875,71.54803466796875,57,3.350761483179136,1.0,0.2506941087021117,0.0,0.0,0.0,-0.7238219380378723,CityLearnV3MADRLRewardFunction,masac_unified_comparable_v4,E2,-0.0,1907,13.87985182977932,1.0,0.1294177467922578,0.0,8759
5,0.0,0.0,0.0,0.0,Building_12,11,MASAC,0.7900000214576721,True,0.0,0.0,0.0,0.5324955582618713,9,8749,0.0,0.0,-0.0,87589,0.0,215.11593627929688,-0.8019934892654419,114.54827880859375,169.94158935546875,215.11593627929688,215.11593627929688,57,3.364388652850371,1.0,0.25470776228528275,0.0,0.0,0.0,-0.7238219380378723,CityLearnV3MADRLRewardFunction,masac_unified_comparable_v4,E2,-0.0,1907,13.87985182977932,1.0,0.1294177467922578,0.0,8759
13,0.0,0.0,0.0,0.0,Building_13,12,MASAC,0.7900000214576721,True,0.0,0.0,0.0,0.5324955582618713,9,8749,0.0,0.0,-0.0,87589,0.0,2.033022403717041,-0.5671090483665466,1.0825754404067993,1.6060876846313477,2.033022403717041,2.033022403717041,113,3.2924984895168894,1.0,0.12323261691933185,0.0,0.0,0.0,-0.7238219380378723,CityLearnV3MADRLRewardFunction,masac_unified_comparable_v4,E2,-0.0,1907,13.87985182977932,1.0,0.1294177467922578,0.0,8759
6,0.0,0.0,0.0,0.0,Building_14,13,MASAC,0.7900000214576721,True,0.0,0.0,0.0,0.5324955582618713,9,8749,0.0,0.0,-0.0,87589,0.0,2.6149511337280273,-0.5741609930992126,1.3924498558044434,2.0658113956451416,2.6149511337280273,2.6149511337280273,64,3.390646354949091,1.0,0.2246948794927448,0.0,0.0,0.0,-0.7238219380378723,CityLearnV3MADRLRewardFunction,masac_unified_comparable_v4,E2,-0.0,1907,13.87985182977932,1.0,0.1294177467922578,0.0,8759
10,1.0,1.0,0.1,0.0,Building_15,14,MASAC,0.7900000214576721,True,0.0,0.0,0.0,0.5324955582618713,9,8749,0.0,0.0,-0.0,87589,0.0,19.521480560302734,-0.7289331555366516,10.395101547241211,15.42197036743164,19.521480560302734,19.521480560302734,92,3.3676517164601782,1.0,0.15882927357502605,0.0,0.0,0.0,-0.7238219380378723,CityLearnV3MADRLRewardFunction,masac_unified_comparable_v4,E2,-0.0,1907,13.87985182977932,1.0,0.1294177467922578,0.0,8759
13,0.0,0.0,0.0,0.0,Building_16,15,MASAC,0.7900000214576721,True,0.0,0.0,0.0,0.5324955582618713,9,8749,0.0,0.0,-0.0,87589,0.0,54.89390563964844,-0.7965637445449829,29.23076057434082,43.366188049316406,54.89390563964844,54.89390563964844,113,3.2763865303972723,1.0,0.12343376301294934,0.0,0.0,0.0,-0.7238219380378723,CityLearnV3MADRLRewardFunction,masac_unified_comparable_v4,E2,-0.0,1907,13.87985182977932,1.0,0.1294177467922578,0.0,8759
13,0.0,0.0,0.0,0.0,Building_17,16,MASAC,0.7900000214576721,True,0.0,0.0,0.0,0.5324955582618713,9,8749,0.0,0.0,-0.0,87589,0.0,22.46647071838379,-0.7446744441986084,11.963295936584473,17.748512268066406,22.46647071838379,22.46647071838379,113,3.357789353680394,1.0,0.12628019634073814,0.0,0.0,0.0,-0.7238219380378723,CityLearnV3MADRLRewardFunction,masac_unified_comparable_v4,E2,-0.0,1907,13.87985182977932,1.0,0.1294177467922578,0.0,8759
6,0.0,0.0,0.0,0.0,Building_1,0,MASAC,0.7063130140304565,False,0.0,0.0,0.0,0.5324955582618713,10,0,0.0,0.0,-0.0,87600,-0.0,0.0,-0.9192460179328918,0.0,0.0,0.0,0.0,64,3.0817274594525403,1.0,0.23398341209394857,0.0,-0.0,387.1050535354614,-0.8911147117614746,CityLearnV3MADRLRewardFunction,masac_unified_comparable_v4,E2,-387.1050535354614,1907,14.73375070585902,1.0,0.16879033325845597,0.0,11
8,0.0,0.0,0.0,0.0,Building_2,1,MASAC,0.7063130140304565,False,0.0,0.0,0.0,0.5324955582618713,10,0,0.0,0.0,-0.0,87600,-0.0,0.0,-0.8722308874130249,0.0,0.0,0.0,0.0,78,3.0878296655004696,1.0,0.18710125075318876,0.0,-0.0,221.7464208984375,-0.8911147117614746,CityLearnV3MADRLRewardFunction,masac_unified_comparable_v4,E2,-221.7464208984375,1907,14.73375070585902,1.0,0.16879033325845597,0.0,11
10,0.0,0.0,0.0,0.0,Building_3,2,MASAC,0.7063130140304565,False,0.0,0.0,0.0,0.5324955582618713,10,0,0.0,0.0,-0.0,87600,-0.0,0.0,-0.9930866956710815,0.0,0.0,0.0,0.0,92,4.229883018002967,1.0,0.2800431510676508,0.0,-0.0,162.44882873535155,-0.8911147117614746,CityLearnV3MADRLRewardFunction,masac_unified_comparable_v4,E2,-162.44882873535155,1907,14.73375070585902,1.0,0.16879033325845597,0.0,11
8,0.0,0.0,0.0,0.0,Building_4,3,MASAC,0.7063130140304565,False,0.0,0.0,0.0,0.5324955582618713,10,0,0.0,0.0,-0.0,87600,-0.0,0.0,-0.9186791777610779,0.0,0.0,0.0,0.0,78,3.8792376123272834,1.0,0.28420644941238254,0.0,-0.0,68.90947340087891,-0.8911147117614746,CityLearnV3MADRLRewardFunction,masac_unified_comparable_v4,E2,-68.90947340087891,1907,14.73375070585902,1.0,0.16879033325845597,0.0,11
5,0.0,0.0,0.0,0.0,Building_5,4,MASAC,0.7063130140304565,False,0.0,0.0,0.0,0.5324955582618713,10,0,0.0,0.0,-0.0,87600,-0.0,0.0,-0.9198741912841797,0.0,0.0,0.0,0.0,57,3.4252774112256854,1.0,0.311380292370654,0.0,-0.0,28.555298928070073,-0.8911147117614746,CityLearnV3MADRLRewardFunction,masac_unified_comparable_v4,E2,-28.555298928070073,1907,14.73375070585902,1.0,0.16879033325845597,0.0,11
34,0.0,0.0,0.0,0.0,Building_6,5,MASAC,0.7063130140304565,False,0.0,0.0,0.0,0.5324955582618713,10,0,0.0,0.0,-0.0,87600,-0.0,0.0,-0.8710163831710815,0.0,0.0,0.0,0.0,260,5.428585286809541,1.0,0.1555725327764566,0.0,-0.0,574.7567018722533,-0.8911147117614746,CityLearnV3MADRLRewardFunction,masac_unified_comparable_v4,E2,-574.7567018722533,1907,14.73375070585902,1.0,0.16879033325845597,0.0,11
44,1.0,1.0,0.022727272727272728,0.0,Building_7,6,MASAC,0.7063130140304565,False,0.0,0.0,0.0,0.5324955582618713,10,0,0.0,0.0,-0.0,87600,-0.0,0.0,-0.9137963056564331,0.0,0.0,0.0,0.0,330,3.0784506850751856,1.0,0.04454979325334231,0.0,-0.0,219.98439057540892,-0.8911147117614746,CityLearnV3MADRLRewardFunction,masac_unified_comparable_v4,E2,-219.98439057540892,1907,14.73375070585902,1.0,0.16879033325845597,0.0,11
19,1.0,1.0,0.05263157894736842,0.0,Building_8,7,MASAC,0.7063130140304565,False,0.0,0.0,0.0,0.5324955582618713,10,0,0.0,0.0,-0.0,87600,-0.0,0.0,-0.8921277523040771,0.0,0.0,0.0,0.0,155,3.125245999939293,1.0,0.09565702040169027,0.0,-0.0,585.336600744629,-0.8911147117614746,CityLearnV3MADRLRewardFunction,masac_unified_comparable_v4,E2,-585.336600744629,1907,14.73375070585902,1.0,0.16879033325845597,0.0,11
12,0.0,0.0,0.0,0.0,Building_9,8,MASAC,0.7063130140304565,False,0.0,0.0,0.0,0.5324955582618713,10,0,0.0,0.0,-0.0,87600,-0.0,0.0,-0.7343481779098511,0.0,0.0,0.0,0.0,106,3.2201049075579986,1.0,0.14689356875869464,0.0,-0.0,120.84258842544554,-0.8911147117614746,CityLearnV3MADRLRewardFunction,masac_unified_comparable_v4,E2,-120.84258842544554,1907,14.73375070585902,1.0,0.16879033325845597,0.0,11
8,0.0,0.0,0.0,0.0,Building_10,9,MASAC,0.7063130140304565,False,0.0,0.0,0.0,0.5324955582618713,10,0,0.0,0.0,-0.0,87600,-0.0,0.0,-0.9191714525222778,0.0,0.0,0.0,0.0,78,3.130399420979227,1.0,0.19405480751242393,0.0,-0.0,395.46037368392945,-0.8911147117614746,CityLearnV3MADRLRewardFunction,masac_unified_comparable_v4,E2,-395.46037368392945,1907,14.73375070585902,1.0,0.16879033325845597,0.0,11
5,0.0,0.0,0.0,0.0,Building_11,10,MASAC,0.7063130140304565,False,0.0,0.0,0.0,0.5324955582618713,10,0,0.0,0.0,-0.0,87600,-0.0,0.0,-0.9067072868347168,0.0,0.0,0.0,0.0,57,3.747001678360536,1.0,0.3617082904828222,0.0,-0.0,1171.8943623680116,-0.8911147117614746,CityLearnV3MADRLRewardFunction,masac_unified_comparable_v4,E2,-1171.8943623680116,1907,14.73375070585902,1.0,0.16879033325845597,0.0,11
5,1.0,1.0,0.2,0.0,Building_12,11,MASAC,0.7063130140304565,False,0.0,0.0,0.0,0.5324955582618713,10,0,0.0,0.0,-0.0,87600,-0.0,0.0,-0.9271637201309204,0.0,0.0,0.0,0.0,57,4.08563276553076,1.0,0.4172981074243261,0.0,-0.0,506.2779929351807,-0.8911147117614746,CityLearnV3MADRLRewardFunction,masac_unified_comparable_v4,E2,-506.2779929351807,1907,14.73375070585902,1.0,0.16879033325845597,0.0,11
13,0.0,0.0,0.0,0.0,Building_13,12,MASAC,0.7063130140304565,False,0.0,0.0,0.0,0.5324955582618713,10,0,0.0,0.0,-0.0,87600,-0.0,0.0,-0.8375511169433594,0.0,0.0,0.0,0.0,113,3.077033831282508,1.0,0.12834834096442282,0.0,-0.0,74.1133517791748,-0.8911147117614746,CityLearnV3MADRLRewardFunction,masac_unified_comparable_v4,E2,-74.1133517791748,1907,14.73375070585902,1.0,0.16879033325845597,0.0,11
6,0.0,0.0,0.0,0.0,Building_14,13,MASAC,0.7063130140304565,False,0.0,0.0,0.0,0.5324955582618713,10,0,0.0,0.0,-0.0,87600,-0.0,0.0,-0.7948457598686218,0.0,0.0,0.0,0.0,64,3.8564522820280387,1.0,0.33965527976397425,0.0,-0.0,493.4720772193908,-0.8911147117614746,CityLearnV3MADRLRewardFunction,masac_unified_comparable_v4,E2,-493.4720772193908,1907,14.73375070585902,1.0,0.16879033325845597,0.0,11
10,0.0,0.0,0.0,0.0,Building_15,14,MASAC,0.7063130140304565,False,0.0,0.0,0.0,0.5324955582618713,10,0,0.0,0.0,-0.0,87600,-0.0,0.0,-0.9051380157470703,0.0,0.0,0.0,0.0,92,3.165402278641008,1.0,0.16848672497207703,0.0,-0.0,271.2505683425903,-0.8911147117614746,CityLearnV3MADRLRewardFunction,masac_unified_comparable_v4,E2,-271.2505683425903,1907,14.73375070585902,1.0,0.16879033325845597,0.0,11
13,0.0,0.0,0.0,0.0,Building_16,15,MASAC,0.7063130140304565,False,0.0,0.0,0.0,0.5324955582618713,10,0,0.0,0.0,-0.0,87600,-0.0,0.0,-0.9162433743476868,0.0,0.0,0.0,0.0,113,3.058135378176181,1.0,0.12786172205104238,0.0,-0.0,282.38809242553714,-0.8911147117614746,CityLearnV3MADRLRewardFunction,masac_unified_comparable_v4,E2,-282.38809242553714,1907,14.73375070585902,1.0,0.16879033325845597,0.0,11
13,0.0,0.0,0.0,0.0,Building_17,16,MASAC,0.7063130140304565,False,0.0,0.0,0.0,0.5324955582618713,10,0,0.0,0.0,-0.0,87600,-0.0,0.0,-0.9077239036560059,0.0,0.0,0.0,0.0,113,3.170485190499626,1.0,0.13589061803258626,0.0,-0.0,44.20090156173706,-0.8911147117614746,CityLearnV3MADRLRewardFunction,masac_unified_comparable_v4,E2,-44.20090156173706,1907,14.73375070585902,1.0,0.16879033325845597,0.0,11
6,0.0,0.0,0.0,0.0,Building_1,0,MASAC,0.7900000214576721,True,0.0,0.0,0.0,0.5324955582618713,10,8748,0.0,0.0,-0.0,96348,0.0,446.8856201171875,-0.8161091804504395,237.96461486816406,353.0396423339844,446.8856201171875,446.8856201171875,64,3.5016969512353793,1.0,0.24699706537649035,0.0,0.0,0.0,-0.7441276907920837,CityLearnV3MADRLRewardFunction,masac_unified_comparable_v4,E2,-0.0,1907,14.575613538466895,1.0,0.1426652583758057,0.0,8759
8,0.0,0.0,0.0,0.0,Building_2,1,MASAC,0.7900000214576721,True,0.0,0.0,0.0,0.5324955582618713,10,8748,0.0,0.0,-0.0,96348,0.0,5.618855953216553,-0.6232591867446899,2.992015838623047,4.438896179199219,5.618855953216553,5.618855953216553,78,3.5290461410823855,1.0,0.20168035038006613,0.0,0.0,0.0,-0.7441276907920837,CityLearnV3MADRLRewardFunction,masac_unified_comparable_v4,E2,-0.0,1907,14.575613538466895,1.0,0.1426652583758057,0.0,8759
10,1.0,1.0,0.1,0.0,Building_3,2,MASAC,0.7900000214576721,True,0.0,0.0,0.0,0.5324955582618713,10,8748,0.0,0.0,-0.0,96348,0.0,98.17061614990234,-0.8153507709503174,52.27541732788086,77.5547866821289,98.17061614990234,98.17061614990234,92,3.5210007056007484,1.0,0.17075275953697122,0.0,0.0,0.0,-0.7441276907920837,CityLearnV3MADRLRewardFunction,masac_unified_comparable_v4,E2,-0.0,1907,14.575613538466895,1.0,0.1426652583758057,0.0,8759
8,0.0,0.0,0.0,0.0,Building_4,3,MASAC,0.7900000214576721,True,0.0,0.0,0.0,0.5324955582618713,10,8748,0.0,0.0,-0.0,96348,0.0,28.84416961669922,-0.7809620499610901,15.359392166137695,22.786893844604492,28.84416961669922,28.84416961669922,78,3.368441705642821,1.0,0.19059853599621698,0.0,0.0,0.0,-0.7441276907920837,CityLearnV3MADRLRewardFunction,masac_unified_comparable_v4,E2,-0.0,1907,14.575613538466895,1.0,0.1426652583758057,0.0,8759
5,0.0,0.0,0.0,0.0,Building_5,4,MASAC,0.7900000214576721,True,0.0,0.0,0.0,0.5324955582618713,10,8748,0.0,0.0,-0.0,96348,0.0,37.89287567138672,-0.8364042043685913,20.17778778076172,29.935373306274414,37.89287567138672,37.89287567138672,57,3.706071879869327,1.0,0.31560592301059187,0.0,0.0,0.0,-0.7441276907920837,CityLearnV3MADRLRewardFunction,masac_unified_comparable_v4,E2,-0.0,1907,14.575613538466895,1.0,0.1426652583758057,0.0,8759
34,0.0,0.0,0.0,0.0,Building_6,5,MASAC,0.7900000214576721,True,0.0,0.0,0.0,0.5324955582618713,10,8748,0.0,0.0,-0.0,96348,0.0,350.8894348144531,-0.8161076903343201,186.84706115722656,277.2026672363281,350.8894348144531,350.8894348144531,260,3.495838163760763,1.0,0.0599533363030507,0.0,0.0,0.0,-0.7441276907920837,CityLearnV3MADRLRewardFunction,masac_unified_comparable_v4,E2,-0.0,1907,14.575613538466895,1.0,0.1426652583758057,0.0,8759
44,0.0,0.0,0.0,0.0,Building_7,6,MASAC,0.7900000214576721,True,0.0,0.0,0.0,0.5324955582618713,10,8748,0.0,0.0,-0.0,96348,0.0,18.66022491455078,-0.7379668354988098,9.936487197875977,14.741578102111816,18.66022491455078,18.66022491455078,330,3.481010893875668,1.0,0.047480127757245846,0.0,0.0,0.0,-0.7441276907920837,CityLearnV3MADRLRewardFunction,masac_unified_comparable_v4,E2,-0.0,1907,14.575613538466895,1.0,0.1426652583758057,0.0,8759
19,0.0,0.0,0.0,0.0,Building_8,7,MASAC,0.7900000214576721,True,0.0,0.0,0.0,0.5324955582618713,10,8748,0.0,0.0,-0.0,96348,0.0,19.251495361328125,-0.7412718534469604,10.251336097717285,15.2086820602417,19.251495361328125,19.251495361328125,155,3.5988299087758757,1.0,0.10520687872363675,0.0,0.0,0.0,-0.7441276907920837,CityLearnV3MADRLRewardFunction,masac_unified_comparable_v4,E2,-0.0,1907,14.575613538466895,1.0,0.1426652583758057,0.0,8759
12,0.0,0.0,0.0,0.0,Building_9,8,MASAC,0.7900000214576721,True,0.0,0.0,0.0,0.5324955582618713,10,8748,0.0,0.0,-0.0,96348,0.0,2.4506425857543945,-0.5688677430152893,1.304956316947937,1.9360077381134033,2.4506425857543945,2.4506425857543945,106,3.79947568735421,1.0,0.1730532887971626,0.0,0.0,0.0,-0.7441276907920837,CityLearnV3MADRLRewardFunction,masac_unified_comparable_v4,E2,-0.0,1907,14.575613538466895,1.0,0.1426652583758057,0.0,8759
8,0.0,0.0,0.0,0.0,Building_10,9,MASAC,0.7900000214576721,True,0.0,0.0,0.0,0.5324955582618713,10,8748,0.0,0.0,-0.0,96348,0.0,34.33414077758789,-0.7935258150100708,18.282777786254883,27.123971939086914,34.33414077758789,34.33414077758789,78,3.436250614685158,1.0,0.19658607177627394,0.0,0.0,0.0,-0.7441276907920837,CityLearnV3MADRLRewardFunction,masac_unified_comparable_v4,E2,-0.0,1907,14.575613538466895,1.0,0.1426652583758057,0.0,8759
5,0.0,0.0,0.0,0.0,Building_11,10,MASAC,0.7900000214576721,True,0.0,0.0,0.0,0.5324955582618713,10,8748,0.0,0.0,-0.0,96348,0.0,57.917564392089844,-0.8123071789741516,30.840845108032227,45.754878997802734,57.917564392089844,57.917564392089844,57,3.5642238639859993,1.0,0.27870567587384004,0.0,0.0,0.0,-0.7441276907920837,CityLearnV3MADRLRewardFunction,masac_unified_comparable_v4,E2,-0.0,1907,14.575613538466895,1.0,0.1426652583758057,0.0,8759
5,0.0,0.0,0.0,0.0,Building_12,11,MASAC,0.7900000214576721,True,0.0,0.0,0.0,0.5324955582618713,10,8748,0.0,0.0,-0.0,96348,0.0,182.6020965576172,-0.8159869909286499,97.23480224609375,144.2556610107422,182.6020965576172,182.6020965576172,57,3.5043324237553457,1.0,0.27447082494434555,0.0,0.0,0.0,-0.7441276907920837,CityLearnV3MADRLRewardFunction,masac_unified_comparable_v4,E2,-0.0,1907,14.575613538466895,1.0,0.1426652583758057,0.0,8759
13,0.0,0.0,0.0,0.0,Building_13,12,MASAC,0.7900000214576721,True,0.0,0.0,0.0,0.5324955582618713,10,8748,0.0,0.0,-0.0,96348,0.0,2.789367437362671,-0.5903082489967346,1.485325813293457,2.2036004066467285,2.789367437362671,2.789367437362671,113,3.559730377885024,1.0,0.14050200660671808,0.0,0.0,0.0,-0.7441276907920837,CityLearnV3MADRLRewardFunction,masac_unified_comparable_v4,E2,-0.0,1907,14.575613538466895,1.0,0.1426652583758057,0.0,8759
6,0.0,0.0,0.0,0.0,Building_14,13,MASAC,0.7900000214576721,True,0.0,0.0,0.0,0.5324955582618713,10,8748,0.0,0.0,-0.0,96348,0.0,2.485826015472412,-0.5866655111312866,1.3236913681030273,1.9638025760650635,2.485826015472412,2.485826015472412,64,3.515539927194641,1.0,0.24514698795974255,0.0,0.0,0.0,-0.7441276907920837,CityLearnV3MADRLRewardFunction,masac_unified_comparable_v4,E2,-0.0,1907,14.575613538466895,1.0,0.1426652583758057,0.0,8759
10,0.0,0.0,0.0,0.0,Building_15,14,MASAC,0.7900000214576721,True,0.0,0.0,0.0,0.5324955582618713,10,8748,0.0,0.0,-0.0,96348,0.0,20.5941162109375,-0.7492884993553162,10.966275215148926,16.269351959228516,20.5941162109375,20.5941162109375,92,3.608177318567462,1.0,0.17884019762277603,0.0,0.0,0.0,-0.7441276907920837,CityLearnV3MADRLRewardFunction,masac_unified_comparable_v4,E2,-0.0,1907,14.575613538466895,1.0,0.1426652583758057,0.0,8759
13,0.0,0.0,0.0,0.0,Building_16,15,MASAC,0.7900000214576721,True,0.0,0.0,0.0,0.5324955582618713,10,8748,0.0,0.0,-0.0,96348,0.0,103.13050842285156,-0.8136879801750183,54.91653823852539,81.47310638427734,103.13050842285156,103.13050842285156,113,3.4347010895478878,1.0,0.1374013102160091,0.0,0.0,0.0,-0.7441276907920837,CityLearnV3MADRLRewardFunction,masac_unified_comparable_v4,E2,-0.0,1907,14.575613538466895,1.0,0.1426652583758057,0.0,8759
13,0.0,0.0,0.0,0.0,Building_17,16,MASAC,0.7900000214576721,True,0.0,0.0,0.0,0.5324955582618713,10,8748,0.0,0.0,-0.0,96348,0.0,21.1981143951416,-0.7521008253097534,11.287901878356934,16.746511459350586,21.1981143951416,21.1981143951416,113,3.448051880358856,1.0,0.138413381787528,0.0,0.0,0.0,-0.7441276907920837,CityLearnV3MADRLRewardFunction,masac_unified_comparable_v4,E2,-0.0,1907,14.575613538466895,1.0,0.1426652583758057,0.0,8759
6,0.0,0.0,0.0,0.0,Building_1,0,MASAC,0.7188270092010498,False,0.0,0.0,0.0,0.5324955582618713,11,0,0.0,0.0,-0.0,96360,-0.0,0.0,-0.558912456035614,0.0,0.0,0.0,0.0,64,2.9123046425824435,1.0,0.2360532257007435,0.0,-0.0,281.3193577285766,-0.39310815930366516,CityLearnV3MADRLRewardFunction,masac_unified_comparable_v4,E2,-281.3193577285766,1907,14.65919759024761,1.0,0.1784635514536639,0.0,12
8,1.0,1.0,0.125,0.0,Building_2,1,MASAC,0.7188270092010498,False,0.0,0.0,0.0,0.5324955582618713,11,0,0.0,0.0,-0.0,96360,-0.0,0.0,-0.2930773198604584,0.0,0.0,0.0,0.0,78,2.9957498759886163,1.0,0.19454099925664756,0.0,-0.0,161.202275390625,-0.39310815930366516,CityLearnV3MADRLRewardFunction,masac_unified_comparable_v4,E2,-161.202275390625,1907,14.65919759024761,1.0,0.1784635514536639,0.0,12
10,1.0,1.0,0.1,0.0,Building_3,2,MASAC,0.7188270092010498,False,0.0,0.0,0.0,0.5324955582618713,11,0,0.0,0.0,-0.0,96360,-0.0,0.0,-0.5130613446235657,0.0,0.0,0.0,0.0,92,4.0941029932077715,1.0,0.27542033240846964,0.0,-0.0,117.0440712463379,-0.39310815930366516,CityLearnV3MADRLRewardFunction,masac_unified_comparable_v4,E2,-117.0440712463379,1907,14.65919759024761,1.0,0.1784635514536639,0.0,12
8,1.0,1.0,0.125,0.0,Building_4,3,MASAC,0.7188270092010498,False,0.0,0.0,0.0,0.5324955582618713,11,0,0.0,0.0,-0.0,96360,-0.0,0.0,-0.5573286414146423,0.0,0.0,0.0,0.0,78,3.944788514220777,1.0,0.30169131267720306,0.0,-0.0,49.95818312835694,-0.39310815930366516,CityLearnV3MADRLRewardFunction,masac_unified_comparable_v4,E2,-49.95818312835694,1907,14.65919759024761,1.0,0.1784635514536639,0.0,12
5,0.0,0.0,0.0,0.0,Building_5,4,MASAC,0.7188270092010498,False,0.0,0.0,0.0,0.5324955582618713,11,0,0.0,0.0,-0.0,96360,-0.0,0.0,-0.5604954957962036,0.0,0.0,0.0,0.0,57,3.283455464970795,1.0,0.3116958258314091,0.0,-0.0,20.194439627075198,-0.39310815930366516,CityLearnV3MADRLRewardFunction,masac_unified_comparable_v4,E2,-20.194439627075198,1907,14.65919759024761,1.0,0.1784635514536639,0.0,12
34,1.0,1.0,0.029411764705882353,0.0,Building_6,5,MASAC,0.7188270092010498,False,0.0,0.0,0.0,0.5324955582618713,11,0,0.0,0.0,-0.0,96360,-0.0,0.0,-0.5109823346138,0.0,0.0,0.0,0.0,260,6.088274856390947,1.0,0.1958152231402122,0.0,-0.0,418.8608566184997,-0.39310815930366516,CityLearnV3MADRLRewardFunction,masac_unified_comparable_v4,E2,-418.8608566184997,1907,14.65919759024761,1.0,0.1784635514536639,0.0,12
44,1.0,1.0,0.022727272727272728,0.0,Building_7,6,MASAC,0.7188270092010498,False,0.0,0.0,0.0,0.5324955582618713,11,0,0.0,0.0,-0.0,96360,-0.0,0.0,-0.2935033440589905,0.0,0.0,0.0,0.0,330,2.97572657725828,1.0,0.0457902563114961,0.0,-0.0,158.35109836349488,-0.39310815930366516,CityLearnV3MADRLRewardFunction,masac_unified_comparable_v4,E2,-158.35109836349488,1907,14.65919759024761,1.0,0.1784635514536639,0.0,12
19,0.0,0.0,0.0,0.0,Building_8,7,MASAC,0.7188270092010498,False,0.0,0.0,0.0,0.5324955582618713,11,0,0.0,0.0,-0.0,96360,-0.0,0.0,-0.29209697246551514,0.0,0.0,0.0,0.0,155,2.990253177451118,1.0,0.09829285788920618,0.0,-0.0,426.6160990707398,-0.39310815930366516,CityLearnV3MADRLRewardFunction,masac_unified_comparable_v4,E2,-426.6160990707398,1907,14.65919759024761,1.0,0.1784635514536639,0.0,12
12,0.0,0.0,0.0,0.0,Building_9,8,MASAC,0.7188270092010498,False,0.0,0.0,0.0,0.5324955582618713,11,0,0.0,0.0,-0.0,96360,-0.0,0.0,-0.29771944880485535,0.0,0.0,0.0,0.0,106,3.6612300427598297,1.0,0.19257339677017815,0.0,-0.0,86.79035798797607,-0.39310815930366516,CityLearnV3MADRLRewardFunction,masac_unified_comparable_v4,E2,-86.79035798797607,1907,14.65919759024761,1.0,0.1784635514536639,0.0,12
8,0.0,0.0,0.0,0.0,Building_10,9,MASAC,0.7188270092010498,False,0.0,0.0,0.0,0.5324955582618713,11,0,0.0,0.0,-0.0,96360,-0.0,0.0,-0.2923288643360138,0.0,0.0,0.0,0.0,78,2.911164358296262,1.0,0.18976492778613016,0.0,-0.0,287.44305163421626,-0.39310815930366516,CityLearnV3MADRLRewardFunction,masac_unified_comparable_v4,E2,-287.44305163421626,1907,14.65919759024761,1.0,0.1784635514536639,0.0,12
5,0.0,0.0,0.0,0.0,Building_11,10,MASAC,0.7188270092010498,False,0.0,0.0,0.0,0.5324955582618713,11,0,0.0,0.0,-0.0,96360,-0.0,0.0,-0.2769632935523987,0.0,0.0,0.0,0.0,57,3.6115211574427875,1.0,0.3644312455465919,0.0,-0.0,849.3286675941469,-0.39310815930366516,CityLearnV3MADRLRewardFunction,masac_unified_comparable_v4,E2,-849.3286675941469,1907,14.65919759024761,1.0,0.1784635514536639,0.0,12
5,0.0,0.0,0.0,0.0,Building_12,11,MASAC,0.7188270092010498,False,0.0,0.0,0.0,0.5324955582618713,11,0,0.0,0.0,-0.0,96360,-0.0,0.0,-0.5345942378044128,0.0,0.0,0.0,0.0,57,3.872956588976366,1.0,0.40968403311675056,0.0,-0.0,368.6661890220642,-0.39310815930366516,CityLearnV3MADRLRewardFunction,masac_unified_comparable_v4,E2,-368.6661890220642,1907,14.65919759024761,1.0,0.1784635514536639,0.0,12
13,0.0,0.0,0.0,0.0,Building_13,12,MASAC,0.7188270092010498,False,0.0,0.0,0.0,0.5324955582618713,11,0,0.0,0.0,-0.0,96360,-0.0,0.0,-0.29886388778686523,0.0,0.0,0.0,0.0,113,2.981155047581882,1.0,0.1338754948723105,0.0,-0.0,53.42622730865478,-0.39310815930366516,CityLearnV3MADRLRewardFunction,masac_unified_comparable_v4,E2,-53.42622730865478,1907,14.65919759024761,1.0,0.1784635514536639,0.0,12
6,0.0,0.0,0.0,0.0,Building_14,13,MASAC,0.7188270092010498,False,0.0,0.0,0.0,0.5324955582618713,11,0,0.0,0.0,-0.0,96360,-0.0,0.0,-0.300507515668869,0.0,0.0,0.0,0.0,64,3.7268112682318977,1.0,0.3428610556293279,0.0,-0.0,359.2798086639404,-0.39310815930366516,CityLearnV3MADRLRewardFunction,masac_unified_comparable_v4,E2,-359.2798086639404,1907,14.65919759024761,1.0,0.1784635514536639,0.0,12
10,1.0,1.0,0.1,0.0,Building_15,14,MASAC,0.7188270092010498,False,0.0,0.0,0.0,0.5324955582618713,11,0,0.0,0.0,-0.0,96360,-0.0,0.0,-0.29270660877227783,0.0,0.0,0.0,0.0,92,2.9964776886000433,1.0,0.16558215536339127,0.0,-0.0,196.41248104400637,-0.39310815930366516,CityLearnV3MADRLRewardFunction,masac_unified_comparable_v4,E2,-196.41248104400637,1907,14.65919759024761,1.0,0.1784635514536639,0.0,12
13,1.0,1.0,0.07692307692307693,0.0,Building_16,15,MASAC,0.7188270092010498,False,0.0,0.0,0.0,0.5324955582618713,11,0,0.0,0.0,-0.0,96360,-0.0,0.0,-0.2953115999698639,0.0,0.0,0.0,0.0,113,2.9362057823620793,1.0,0.1320635075062777,0.0,-0.0,204.57459415283205,-0.39310815930366516,CityLearnV3MADRLRewardFunction,masac_unified_comparable_v4,E2,-204.57459415283205,1907,14.65919759024761,1.0,0.1784635514536639,0.0,12
13,0.0,0.0,0.0,0.0,Building_17,16,MASAC,0.7188270092010498,False,0.0,0.0,0.0,0.5324955582618713,11,0,0.0,0.0,-0.0,96360,-0.0,0.0,-0.5143855810165405,0.0,0.0,0.0,0.0,113,3.0280881119725027,1.0,0.13793105477121023,0.0,-0.0,32.02519646301269,-0.39310815930366516,CityLearnV3MADRLRewardFunction,masac_unified_comparable_v4,E2,-32.02519646301269,1907,14.65919759024761,1.0,0.1784635514536639,0.0,12
6,0.0,0.0,0.0,0.0,Building_1,0,MASAC,0.7900000214576721,True,0.0,0.0,0.0,0.5324955582618713,11,8747,0.0,0.0,-0.0,105107,0.0,391.586669921875,-0.7357731461524963,208.51815795898438,309.3534851074219,391.586669921875,391.586669921875,64,3.434057716818725,1.0,0.2330000288784504,0.0,0.0,0.0,-0.6297558546066284,CityLearnV3MADRLRewardFunction,masac_unified_comparable_v4,E2,-0.0,1907,14.280365610641946,1.0,0.1346700734878374,0.0,8759
8,0.0,0.0,0.0,0.0,Building_2,1,MASAC,0.7900000214576721,True,0.0,0.0,0.0,0.5324955582618713,11,8747,0.0,0.0,-0.0,105107,0.0,0.1848604530096054,-0.4785192310810089,0.0984373688697815,0.14603976905345917,0.1848604530096054,0.1848604530096054,78,3.481240277326257,1.0,0.1920044189080214,0.0,0.0,0.0,-0.6297558546066284,CityLearnV3MADRLRewardFunction,masac_unified_comparable_v4,E2,-0.0,1907,14.280365610641946,1.0,0.1346700734878374,0.0,8759
10,1.0,1.0,0.1,0.0,Building_3,2,MASAC,0.7900000214576721,True,0.0,0.0,0.0,0.5324955582618713,11,8747,0.0,0.0,-0.0,105107,0.0,39.0087890625,-0.7207666635513306,20.77200698852539,30.816944122314453,39.0087890625,39.0087890625,92,3.3706273676945755,1.0,0.1579242335713428,0.0,0.0,0.0,-0.6297558546066284,CityLearnV3MADRLRewardFunction,masac_unified_comparable_v4,E2,-0.0,1907,14.280365610641946,1.0,0.1346700734878374,0.0,8759
8,0.0,0.0,0.0,0.0,Building_4,3,MASAC,0.7900000214576721,True,0.0,0.0,0.0,0.5324955582618713,11,8747,0.0,0.0,-0.0,105107,0.0,36.67196273803711,-0.717939555644989,19.52765655517578,28.97085189819336,36.67196273803711,36.67196273803711,78,3.40788103821623,1.0,0.18793877156881186,0.0,0.0,0.0,-0.6297558546066284,CityLearnV3MADRLRewardFunction,masac_unified_comparable_v4,E2,-0.0,1907,14.280365610641946,1.0,0.1346700734878374,0.0,8759
5,0.0,0.0,0.0,0.0,Building_5,4,MASAC,0.7900000214576721,True,0.0,0.0,0.0,0.5324955582618713,11,8747,0.0,0.0,-0.0,105107,0.0,54.225337982177734,-0.7656493782997131,28.874752044677734,42.838016510009766,54.225337982177734,54.225337982177734,57,3.4880224880667376,1.0,0.28475585684441684,0.0,0.0,0.0,-0.6297558546066284,CityLearnV3MADRLRewardFunction,masac_unified_comparable_v4,E2,-0.0,1907,14.280365610641946,1.0,0.1346700734878374,0.0,8759
34,0.0,0.0,0.0,0.0,Building_6,5,MASAC,0.7900000214576721,True,0.0,0.0,0.0,0.5324955582618713,11,8747,0.0,0.0,-0.0,105107,0.0,348.8946838378906,-0.7357722520828247,185.7848663330078,275.6268005371094,348.8946838378906,348.8946838378906,260,3.3996180456330074,1.0,0.0562013905781966,0.0,0.0,0.0,-0.6297558546066284,CityLearnV3MADRLRewardFunction,masac_unified_comparable_v4,E2,-0.0,1907,14.280365610641946,1.0,0.1346700734878374,0.0,8759
44,0.0,0.0,0.0,0.0,Building_7,6,MASAC,0.7900000214576721,True,0.0,0.0,0.0,0.5324955582618713,11,8747,0.0,0.0,-0.0,105107,0.0,2.9800853729248047,-0.5122601985931396,1.58688223361969,2.3542675971984863,2.9800853729248047,2.9800853729248047,330,3.502161847423947,1.0,0.04573735475088611,0.0,0.0,0.0,-0.6297558546066284,CityLearnV3MADRLRewardFunction,masac_unified_comparable_v4,E2,-0.0,1907,14.280365610641946,1.0,0.1346700734878374,0.0,8759
19,0.0,0.0,0.0,0.0,Building_8,7,MASAC,0.7900000214576721,True,0.0,0.0,0.0,0.5324955582618713,11,8747,0.0,0.0,-0.0,105107,0.0,6.19936990737915,-0.5495180487632751,3.3011369705200195,4.897502422332764,6.19936990737915,6.19936990737915,155,3.5183712893151555,1.0,0.09945741257359905,0.0,0.0,0.0,-0.6297558546066284,CityLearnV3MADRLRewardFunction,masac_unified_comparable_v4,E2,-0.0,1907,14.280365610641946,1.0,0.1346700734878374,0.0,8759
12,0.0,0.0,0.0,0.0,Building_9,8,MASAC,0.7900000214576721,True,0.0,0.0,0.0,0.5324955582618713,11,8747,0.0,0.0,-0.0,105107,0.0,2.1350696086883545,-0.4847075641155243,1.1369150876998901,1.6867049932479858,2.1350696086883545,2.1350696086883545,106,3.6289192075108168,1.0,0.1583140824200972,0.0,0.0,0.0,-0.6297558546066284,CityLearnV3MADRLRewardFunction,masac_unified_comparable_v4,E2,-0.0,1907,14.280365610641946,1.0,0.1346700734878374,0.0,8759
8,0.0,0.0,0.0,0.0,Building_10,9,MASAC,0.7900000214576721,True,0.0,0.0,0.0,0.5324955582618713,11,8747,0.0,0.0,-0.0,105107,0.0,16.451881408691406,-0.6429804563522339,8.760553359985352,12.996986389160156,16.451881408691406,16.451881408691406,78,3.330490554797434,1.0,0.18190883663602364,0.0,0.0,0.0,-0.6297558546066284,CityLearnV3MADRLRewardFunction,masac_unified_comparable_v4,E2,-0.0,1907,14.280365610641946,1.0,0.1346700734878374,0.0,8759
5,0.0,0.0,0.0,0.0,Building_11,10,MASAC,0.7900000214576721,True,0.0,0.0,0.0,0.5324955582618713,11,8747,0.0,0.0,-0.0,105107,0.0,66.45198059082031,-0.7330259084701538,35.38538360595703,52.497066497802734,66.45198059082031,66.45198059082031,57,3.432445883279483,1.0,0.2592622737089793,0.0,0.0,0.0,-0.6297558546066284,CityLearnV3MADRLRewardFunction,masac_unified_comparable_v4,E2,-0.0,1907,14.280365610641946,1.0,0.1346700734878374,0.0,8759
5,0.0,0.0,0.0,0.0,Building_12,11,MASAC,0.7900000214576721,True,0.0,0.0,0.0,0.5324955582618713,11,8747,0.0,0.0,-0.0,105107,0.0,155.388671875,-0.7355889678001404,82.7437744140625,122.7570571899414,155.388671875,155.388671875,57,3.4397320091722783,1.0,0.2627341702841876,0.0,0.0,0.0,-0.6297558546066284,CityLearnV3MADRLRewardFunction,masac_unified_comparable_v4,E2,-0.0,1907,14.280365610641946,1.0,0.1346700734878374,0.0,8759
13,0.0,0.0,0.0,0.0,Building_13,12,MASAC,0.7900000214576721,True,0.0,0.0,0.0,0.5324955582618713,11,8747,0.0,0.0,-0.0,105107,0.0,0.1047736182808876,-0.477547287940979,0.05579148605465889,0.08277115970849991,0.1047736182808876,0.1047736182808876,113,3.5020571928510593,1.0,0.13316075332396854,0.0,0.0,0.0,-0.6297558546066284,CityLearnV3MADRLRewardFunction,masac_unified_comparable_v4,E2,-0.0,1907,14.280365610641946,1.0,0.1346700734878374,0.0,8759
6,0.0,0.0,0.0,0.0,Building_14,13,MASAC,0.7900000214576721,True,0.0,0.0,0.0,0.5324955582618713,11,8747,0.0,0.0,-0.0,105107,0.0,1.3521205186843872,-0.4926872253417969,0.7199981808662415,1.068175196647644,1.3521205186843872,1.3521205186843872,64,3.5023604458101243,1.0,0.2351606492884457,0.0,0.0,0.0,-0.6297558546066284,CityLearnV3MADRLRewardFunction,masac_unified_comparable_v4,E2,-0.0,1907,14.280365610641946,1.0,0.1346700734878374,0.0,8759
10,0.0,0.0,0.0,0.0,Building_15,14,MASAC,0.7900000214576721,True,0.0,0.0,0.0,0.5324955582618713,11,8747,0.0,0.0,-0.0,105107,0.0,15.147623062133789,-0.6341700553894043,8.066041946411133,11.966622352600098,15.147623062133789,15.147623062133789,92,3.5281046431518908,1.0,0.1683420214963996,0.0,0.0,0.0,-0.6297558546066284,CityLearnV3MADRLRewardFunction,masac_unified_comparable_v4,E2,-0.0,1907,14.280365610641946,1.0,0.1346700734878374,0.0,8759
13,0.0,0.0,0.0,0.0,Building_16,15,MASAC,0.7900000214576721,True,0.0,0.0,0.0,0.5324955582618713,11,8747,0.0,0.0,-0.0,105107,0.0,11.957420349121094,-0.607710063457489,6.367273330688477,9.446362495422363,11.957420349121094,11.957420349121094,113,3.4127544730542687,1.0,0.13003422280328464,0.0,0.0,0.0,-0.6297558546066284,CityLearnV3MADRLRewardFunction,masac_unified_comparable_v4,E2,-0.0,1907,14.280365610641946,1.0,0.1346700734878374,0.0,8759
13,0.0,0.0,0.0,0.0,Building_17,16,MASAC,0.7900000214576721,True,0.0,0.0,0.0,0.5324955582618713,11,8747,0.0,0.0,-0.0,105107,0.0,23.087642669677734,-0.6812332272529602,12.2940673828125,18.239238739013672,23.087642669677734,23.087642669677734,113,3.4891953347666695,1.0,0.13613981773368025,0.0,0.0,0.0,-0.6297558546066284,CityLearnV3MADRLRewardFunction,masac_unified_comparable_v4,E2,-0.0,1907,14.280365610641946,1.0,0.1346700734878374,0.0,8759
6,0.0,0.0,0.0,0.0,Building_1,0,MASAC,0.7391610145568848,False,0.0,0.0,0.0,0.5324955582618713,12,0,0.0,0.0,-0.0,105120,-0.0,0.0,-0.5525962114334106,0.0,0.0,0.0,0.0,64,2.87338307045234,0.9330127239227295,0.21688061753229704,0.0,-0.0,901.6383190734863,-0.3673672378063202,CityLearnV3MADRLRewardFunction,masac_unified_comparable_v4,E2,-901.6383190734863,1907,14.463442598215805,1.0,0.1675039910245931,0.0,13
8,0.0,0.0,0.0,0.0,Building_2,1,MASAC,0.7391610145568848,False,0.0,0.0,0.0,0.5324955582618713,12,0,0.0,0.0,-0.0,105120,-0.0,0.0,-0.2857685685157776,0.0,0.0,0.0,0.0,78,2.875277939719941,0.9330127239227295,0.17234599464931166,0.0,-0.0,516.04095703125,-0.3673672378063202,CityLearnV3MADRLRewardFunction,masac_unified_comparable_v4,E2,-516.04095703125,1907,14.463442598215805,1.0,0.1675039910245931,0.0,13
10,0.0,0.0,0.0,0.0,Building_3,2,MASAC,0.7391610145568848,False,0.0,0.0,0.0,0.5324955582618713,12,0,0.0,0.0,-0.0,105120,-0.0,0.0,-0.36095094680786133,0.0,0.0,0.0,0.0,92,3.581632395060435,1.0,0.21405743717458908,0.0,-0.0,383.08186053466795,-0.3673672378063202,CityLearnV3MADRLRewardFunction,masac_unified_comparable_v4,E2,-383.08186053466795,1907,14.463442598215805,1.0,0.1675039910245931,0.0,13
8,0.0,0.0,0.0,0.0,Building_4,3,MASAC,0.7391610145568848,False,0.0,0.0,0.0,0.5324955582618713,12,0,0.0,0.0,-0.0,105120,-0.0,0.0,-0.6255166530609131,0.0,0.0,0.0,0.0,78,3.7082861010956307,1.0,0.265144337911923,0.0,-0.0,161.10265149536136,-0.3673672378063202,CityLearnV3MADRLRewardFunction,masac_unified_comparable_v4,E2,-161.10265149536136,1907,14.463442598215805,1.0,0.1675039910245931,0.0,13
5,0.0,0.0,0.0,0.0,Building_5,4,MASAC,0.7391610145568848,False,0.0,0.0,0.0,0.5324955582618713,12,0,0.0,0.0,-0.0,105120,-0.0,0.0,-0.5519945025444031,0.0,0.0,0.0,0.0,57,3.355247668122013,1.0,0.3019132638807621,0.0,-0.0,69.23325756988525,-0.3673672378063202,CityLearnV3MADRLRewardFunction,masac_unified_comparable_v4,E2,-69.23325756988525,1907,14.463442598215805,1.0,0.1675039910245931,0.0,13
34,0.0,0.0,0.0,0.0,Building_6,5,MASAC,0.7391610145568848,False,0.0,0.0,0.0,0.5324955582618713,12,0,0.0,0.0,-0.0,105120,-0.0,0.0,-0.6276177763938904,0.0,0.0,0.0,0.0,260,6.364189925750568,1.0,0.20874040334915311,0.0,-0.0,1332.5698247131347,-0.3673672378063202,CityLearnV3MADRLRewardFunction,masac_unified_comparable_v4,E2,-1332.5698247131347,1907,14.463442598215805,1.0,0.1675039910245931,0.0,13
44,0.0,0.0,0.0,0.0,Building_7,6,MASAC,0.7391610145568848,False,0.0,0.0,0.0,0.5324955582618713,12,0,0.0,0.0,-0.0,105120,-0.0,0.0,-0.285770446062088,0.0,0.0,0.0,0.0,330,2.865017863220852,0.9330127239227295,0.04105153424439557,0.0,-0.0,519.4162070892335,-0.3673672378063202,CityLearnV3MADRLRewardFunction,masac_unified_comparable_v4,E2,-519.4162070892335,1907,14.463442598215805,1.0,0.1675039910245931,0.0,13
19,0.0,0.0,0.0,0.0,Building_8,7,MASAC,0.7391610145568848,False,0.0,0.0,0.0,0.5324955582618713,12,0,0.0,0.0,-0.0,105120,-0.0,0.0,-0.2857677638530731,0.0,0.0,0.0,0.0,155,2.8791284720996835,0.9330127239227295,0.08789986904950872,0.0,-0.0,1356.8575865356445,-0.3673672378063202,CityLearnV3MADRLRewardFunction,masac_unified_comparable_v4,E2,-1356.8575865356445,1907,14.463442598215805,1.0,0.1675039910245931,0.0,13
12,1.0,1.0,0.08333333333333333,0.0,Building_9,8,MASAC,0.7391610145568848,False,0.0,0.0,0.0,0.5324955582618713,12,0,0.0,0.0,-0.0,105120,-0.0,0.0,-0.2858702540397644,0.0,0.0,0.0,0.0,106,3.9282593343884447,1.0,0.2131373133633356,0.0,-0.0,285.7636002441406,-0.3673672378063202,CityLearnV3MADRLRewardFunction,masac_unified_comparable_v4,E2,-285.7636002441406,1907,14.463442598215805,1.0,0.1675039910245931,0.0,13
8,0.0,0.0,0.0,0.0,Building_10,9,MASAC,0.7391610145568848,False,0.0,0.0,0.0,0.5324955582618713,12,0,0.0,0.0,-0.0,105120,-0.0,0.0,-0.2928716540336609,0.0,0.0,0.0,0.0,78,2.8584915580620005,0.9330127239227295,0.17568602249360618,0.0,-0.0,920.8320380950928,-0.3673672378063202,CityLearnV3MADRLRewardFunction,masac_unified_comparable_v4,E2,-920.8320380950928,1907,14.463442598215805,1.0,0.1675039910245931,0.0,13
5,0.0,0.0,0.0,0.0,Building_11,10,MASAC,0.7391610145568848,False,0.0,0.0,0.0,0.5324955582618713,12,0,0.0,0.0,-0.0,105120,-0.0,0.0,-0.2846120297908783,0.0,0.0,0.0,0.0,57,3.568134863115523,1.0,0.3426558603941087,0.0,-0.0,2741.447996020508,-0.3673672378063202,CityLearnV3MADRLRewardFunction,masac_unified_comparable_v4,E2,-2741.447996020508,1907,14.463442598215805,1.0,0.1675039910245931,0.0,13
5,0.0,0.0,0.0,0.0,Building_12,11,MASAC,0.7391610145568848,False,0.0,0.0,0.0,0.5324955582618713,12,0,0.0,0.0,-0.0,105120,-0.0,0.0,-0.25851815938949585,0.0,0.0,0.0,0.0,57,3.8382466182294173,1.0,0.3876407725344363,0.0,-0.0,1175.3458581542968,-0.3673672378063202,CityLearnV3MADRLRewardFunction,masac_unified_comparable_v4,E2,-1175.3458581542968,1907,14.463442598215805,1.0,0.1675039910245931,0.0,13
13,0.0,0.0,0.0,0.0,Building_13,12,MASAC,0.7391610145568848,False,0.0,0.0,0.0,0.5324955582618713,12,0,0.0,0.0,-0.0,105120,-0.0,0.0,-0.28730911016464233,0.0,0.0,0.0,0.0,113,2.8663316975363826,0.9330127239227295,0.11877721514289094,0.0,-0.0,174.5872260131836,-0.3673672378063202,CityLearnV3MADRLRewardFunction,masac_unified_comparable_v4,E2,-174.5872260131836,1907,14.463442598215805,1.0,0.1675039910245931,0.0,13
6,0.0,0.0,0.0,0.0,Building_14,13,MASAC,0.7391610145568848,False,0.0,0.0,0.0,0.5324955582618713,12,0,0.0,0.0,-0.0,105120,-0.0,0.0,-0.29532939195632935,0.0,0.0,0.0,0.0,64,3.6530129030340577,1.0,0.3184047747490695,0.0,-0.0,1145.9397998840332,-0.3673672378063202,CityLearnV3MADRLRewardFunction,masac_unified_comparable_v4,E2,-1145.9397998840332,1907,14.463442598215805,1.0,0.1675039910245931,0.0,13
10,0.0,0.0,0.0,0.0,Building_15,14,MASAC,0.7391610145568848,False,0.0,0.0,0.0,0.5324955582618713,12,0,0.0,0.0,-0.0,105120,-0.0,0.0,-0.2857680022716522,0.0,0.0,0.0,0.0,92,2.8876112451209313,0.9330127239227295,0.1499912724931441,0.0,-0.0,635.4410789428712,-0.3673672378063202,CityLearnV3MADRLRewardFunction,masac_unified_comparable_v4,E2,-635.4410789428712,1907,14.463442598215805,1.0,0.1675039910245931,0.0,13
13,0.0,0.0,0.0,0.0,Building_16,15,MASAC,0.7391610145568848,False,0.0,0.0,0.0,0.5324955582618713,12,0,0.0,0.0,-0.0,105120,-0.0,0.0,-0.2857736051082611,0.0,0.0,0.0,0.0,113,2.823708604474946,0.9330127239227295,0.11676410294706578,0.0,-0.0,661.0361942504883,-0.3673672378063202,CityLearnV3MADRLRewardFunction,masac_unified_comparable_v4,E2,-661.0361942504883,1907,14.463442598215805,1.0,0.1675039910245931,0.0,13
13,1.0,1.0,0.07692307692307693,0.0,Building_17,16,MASAC,0.7391610145568848,False,0.0,0.0,0.0,0.5324955582618713,12,0,0.0,0.0,-0.0,105120,-0.0,0.0,-0.3932079076766968,0.0,0.0,0.0,0.0,113,2.9819330784646385,0.9330127239227295,0.12710557204662962,0.0,-0.0,103.44319592590331,-0.3673672378063202,CityLearnV3MADRLRewardFunction,masac_unified_comparable_v4,E2,-103.44319592590331,1907,14.463442598215805,1.0,0.1675039910245931,0.0,13
6,0.0,0.0,0.0,0.0,Building_1,0,MASAC,0.7900000214576721,True,0.0,0.0,0.0,0.5324955582618713,12,8746,0.0,0.0,-0.0,113866,0.0,433.45458984375,-0.8174648284912109,230.81263732910156,342.42913818359375,433.45458984375,433.45458984375,64,3.331356724862572,1.0,0.2239184423815459,0.0,0.0,0.0,-0.7458860874176025,CityLearnV3MADRLRewardFunction,masac_unified_comparable_v4,E2,-0.0,1907,13.867103430003725,1.0,0.12946217271729357,0.0,8759
8,0.0,0.0,0.0,0.0,Building_2,1,MASAC,0.7900000214576721,True,0.0,0.0,0.0,0.5324955582618713,12,8746,0.0,0.0,-0.0,113866,0.0,15.16435432434082,-0.7155049443244934,8.074951171875,11.979840278625488,15.16435432434082,15.16435432434082,78,3.3224132768616306,1.0,0.18301105403747314,0.0,0.0,0.0,-0.7458860874176025,CityLearnV3MADRLRewardFunction,masac_unified_comparable_v4,E2,-0.0,1907,13.867103430003725,1.0,0.12946217271729357,0.0,8759
10,0.0,0.0,0.0,0.0,Building_3,2,MASAC,0.7900000214576721,True,0.0,0.0,0.0,0.5324955582618713,12,8746,0.0,0.0,-0.0,113866,0.0,94.53981018066406,-0.8165551424026489,50.3420295715332,74.68645477294922,94.53981018066406,94.53981018066406,92,3.339500997089157,1.0,0.15430274848704753,0.0,0.0,0.0,-0.7458860874176025,CityLearnV3MADRLRewardFunction,masac_unified_comparable_v4,E2,-0.0,1907,13.867103430003725,1.0,0.12946217271729357,0.0,8759
8,1.0,0.0,-0.125,-1.0,Building_4,3,MASAC,0.7900000214576721,True,0.0,0.0,0.0,0.5324955582618713,12,8746,0.0,0.0,-0.0,113866,0.0,31.04317283630371,-0.7888073921203613,16.530351638793945,24.524106979370117,31.04317283630371,31.04317283630371,78,3.2800387140733047,1.0,0.17900277846134627,0.0,0.0,0.0,-0.7458860874176025,CityLearnV3MADRLRewardFunction,masac_unified_comparable_v4,E2,-0.0,1907,13.867103430003725,1.0,0.12946217271729357,0.0,8759
5,0.0,0.0,0.0,0.0,Building_5,4,MASAC,0.7900000214576721,True,0.0,0.0,0.0,0.5324955582618713,12,8746,0.0,0.0,-0.0,113866,0.0,38.538970947265625,-0.8381851315498352,20.521831512451172,30.44578742980957,38.538970947265625,38.538970947265625,57,3.501715887602753,1.0,0.28622370330910935,0.0,0.0,0.0,-0.7458860874176025,CityLearnV3MADRLRewardFunction,masac_unified_comparable_v4,E2,-0.0,1907,13.867103430003725,1.0,0.12946217271729357,0.0,8759
34,0.0,0.0,0.0,0.0,Building_6,5,MASAC,0.7900000214576721,True,0.0,0.0,0.0,0.5324955582618713,12,8746,0.0,0.0,-0.0,113866,0.0,362.8901062011719,-0.8174639940261841,193.23736572265625,286.6831970214844,362.8901062011719,362.8901062011719,260,3.3320894663768557,1.0,0.05440168695954176,0.0,0.0,0.0,-0.7458860874176025,CityLearnV3MADRLRewardFunction,masac_unified_comparable_v4,E2,-0.0,1907,13.867103430003725,1.0,0.12946217271729357,0.0,8759
44,0.0,0.0,0.0,0.0,Building_7,6,MASAC,0.7900000214576721,True,0.0,0.0,0.0,0.5324955582618713,12,8746,0.0,0.0,-0.0,113866,0.0,12.664111137390137,-0.6957752108573914,6.743582725524902,10.004648208618164,12.664111137390137,12.664111137390137,330,3.4120505587095,1.0,0.0442324863012993,0.0,0.0,0.0,-0.7458860874176025,CityLearnV3MADRLRewardFunction,masac_unified_comparable_v4,E2,-0.0,1907,13.867103430003725,1.0,0.12946217271729357,0.0,8759
19,0.0,0.0,0.0,0.0,Building_8,7,MASAC,0.7900000214576721,True,0.0,0.0,0.0,0.5324955582618713,12,8746,0.0,0.0,-0.0,113866,0.0,12.065996170043945,-0.6904174089431763,6.425089359283447,9.532136917114258,12.065996170043945,12.065996170043945,155,3.426968359306252,1.0,0.09618410150850973,0.0,0.0,0.0,-0.7458860874176025,CityLearnV3MADRLRewardFunction,masac_unified_comparable_v4,E2,-0.0,1907,13.867103430003725,1.0,0.12946217271729357,0.0,8759
12,0.0,0.0,0.0,0.0,Building_9,8,MASAC,0.7900000214576721,True,0.0,0.0,0.0,0.5324955582618713,12,8746,0.0,0.0,-0.0,113866,0.0,2.290161371231079,-0.5683063864707947,1.2195007801055908,1.8092275857925415,2.290161371231079,2.290161371231079,106,3.652043704166867,1.0,0.1575704552936104,0.0,0.0,0.0,-0.7458860874176025,CityLearnV3MADRLRewardFunction,masac_unified_comparable_v4,E2,-0.0,1907,13.867103430003725,1.0,0.12946217271729357,0.0,8759
8,0.0,0.0,0.0,0.0,Building_10,9,MASAC,0.7900000214576721,True,0.0,0.0,0.0,0.5324955582618713,12,8746,0.0,0.0,-0.0,113866,0.0,51.649574279785156,-0.8111143112182617,27.5031681060791,40.803165435791016,51.649574279785156,51.649574279785156,78,3.3154086331599006,1.0,0.18272701306984976,0.0,0.0,0.0,-0.7458860874176025,CityLearnV3MADRLRewardFunction,masac_unified_comparable_v4,E2,-0.0,1907,13.867103430003725,1.0,0.12946217271729357,0.0,8759
5,0.0,0.0,0.0,0.0,Building_11,10,MASAC,0.7900000214576721,True,0.0,0.0,0.0,0.5324955582618713,12,8746,0.0,0.0,-0.0,113866,0.0,71.54803466796875,-0.815140962600708,38.0990104675293,56.52294921875,71.54803466796875,71.54803466796875,57,3.3428259074053384,1.0,0.2501200187232411,0.0,0.0,0.0,-0.7458860874176025,CityLearnV3MADRLRewardFunction,masac_unified_comparable_v4,E2,-0.0,1907,13.867103430003725,1.0,0.12946217271729357,0.0,8759
5,0.0,0.0,0.0,0.0,Building_12,11,MASAC,0.7900000214576721,True,0.0,0.0,0.0,0.5324955582618713,12,8746,0.0,0.0,-0.0,113866,0.0,215.11593627929688,-0.8174235820770264,114.54827880859375,169.94158935546875,215.11593627929688,215.11593627929688,57,3.3656966115620794,1.0,0.2547851636221534,0.0,0.0,0.0,-0.7458860874176025,CityLearnV3MADRLRewardFunction,masac_unified_comparable_v4,E2,-0.0,1907,13.867103430003725,1.0,0.12946217271729357,0.0,8759
13,0.0,0.0,0.0,0.0,Building_13,12,MASAC,0.7900000214576721,True,0.0,0.0,0.0,0.5324955582618713,12,8746,0.0,0.0,-0.0,113866,0.0,2.033022403717041,-0.5825185775756836,1.0825754404067993,1.6060876846313477,2.033022403717041,2.033022403717041,113,3.2738385798461667,1.0,0.12171731493641845,0.0,0.0,0.0,-0.7458860874176025,CityLearnV3MADRLRewardFunction,masac_unified_comparable_v4,E2,-0.0,1907,13.867103430003725,1.0,0.12946217271729357,0.0,8759
6,0.0,0.0,0.0,0.0,Building_14,13,MASAC,0.7900000214576721,True,0.0,0.0,0.0,0.5324955582618713,12,8746,0.0,0.0,-0.0,113866,0.0,2.6149511337280273,-0.5895687341690063,1.3924498558044434,2.0658113956451416,2.6149511337280273,2.6149511337280273,64,3.3506073368017426,1.0,0.22242048452608287,0.0,0.0,0.0,-0.7458860874176025,CityLearnV3MADRLRewardFunction,masac_unified_comparable_v4,E2,-0.0,1907,13.867103430003725,1.0,0.12946217271729357,0.0,8759
10,1.0,1.0,0.1,0.0,Building_15,14,MASAC,0.7900000214576721,True,0.0,0.0,0.0,0.5324955582618713,12,8746,0.0,0.0,-0.0,113866,0.0,19.521480560302734,-0.744531512260437,10.395101547241211,15.42197036743164,19.521480560302734,19.521480560302734,92,3.3948995203815135,1.0,0.16053913063977077,0.0,0.0,0.0,-0.7458860874176025,CityLearnV3MADRLRewardFunction,masac_unified_comparable_v4,E2,-0.0,1907,13.867103430003725,1.0,0.12946217271729357,0.0,8759
13,0.0,0.0,0.0,0.0,Building_16,15,MASAC,0.7900000214576721,True,0.0,0.0,0.0,0.5324955582618713,12,8746,0.0,0.0,-0.0,113866,0.0,54.89390563964844,-0.811732828617096,29.23076057434082,43.366188049316406,54.89390563964844,54.89390563964844,113,3.2592893946722077,1.0,0.12256797442657758,0.0,0.0,0.0,-0.7458860874176025,CityLearnV3MADRLRewardFunction,masac_unified_comparable_v4,E2,-0.0,1907,13.867103430003725,1.0,0.12946217271729357,0.0,8759
13,0.0,0.0,0.0,0.0,Building_17,16,MASAC,0.7900000214576721,True,0.0,0.0,0.0,0.5324955582618713,12,8746,0.0,0.0,-0.0,113866,0.0,22.46647071838379,-0.7595527172088623,11.963295936584473,17.748512268066406,22.46647071838379,22.46647071838379,113,3.2517039376115178,1.0,0.12223615886363308,0.0,0.0,0.0,-0.7458860874176025,CityLearnV3MADRLRewardFunction,masac_unified_comparable_v4,E2,-0.0,1907,13.867103430003725,1.0,0.12946217271729357,0.0,8759
6,0.0,0.0,0.0,0.0,Building_1,0,MASAC,0.7247269749641418,False,0.0,0.0,0.0,0.5324955582618713,13,0,0.0,0.0,-0.0,113880,-0.0,0.0,-0.6600133180618286,0.0,0.0,0.0,0.0,64,2.826256096776884,1.0,0.20862879452761263,0.0,-0.0,245.48879490814207,-0.5209185481071472,CityLearnV3MADRLRewardFunction,masac_unified_comparable_v4,E2,-245.48879490814207,1907,14.563782326075216,1.0,0.16802529954014753,0.0,14
8,0.0,0.0,0.0,0.0,Building_2,1,MASAC,0.7247269749641418,False,0.0,0.0,0.0,0.5324955582618713,13,0,0.0,0.0,-0.0,113880,-0.0,0.0,-0.39335328340530396,0.0,0.0,0.0,0.0,78,2.81033676266604,1.0,0.16455685791487878,0.0,-0.0,140.688076171875,-0.5209185481071472,CityLearnV3MADRLRewardFunction,masac_unified_comparable_v4,E2,-140.688076171875,1907,14.563782326075216,1.0,0.16802529954014753,0.0,14
10,0.0,0.0,0.0,0.0,Building_3,2,MASAC,0.7247269749641418,False,0.0,0.0,0.0,0.5324955582618713,13,0,0.0,0.0,-0.0,113880,-0.0,0.0,-0.6802771687507629,0.0,0.0,0.0,0.0,92,3.7231276340723607,1.0,0.22274804621448982,0.0,-0.0,101.66193269348145,-0.5209185481071472,CityLearnV3MADRLRewardFunction,masac_unified_comparable_v4,E2,-101.66193269348145,1907,14.563782326075216,1.0,0.16802529954014753,0.0,14
8,0.0,0.0,0.0,0.0,Building_4,3,MASAC,0.7247269749641418,False,0.0,0.0,0.0,0.5324955582618713,13,0,0.0,0.0,-0.0,113880,-0.0,0.0,-0.734582245349884,0.0,0.0,0.0,0.0,78,3.5008627289143224,1.0,0.2437510206244695,0.0,-0.0,43.53841238708497,-0.5209185481071472,CityLearnV3MADRLRewardFunction,masac_unified_comparable_v4,E2,-43.53841238708497,1907,14.563782326075216,1.0,0.16802529954014753,0.0,14
5,0.0,0.0,0.0,0.0,Building_5,4,MASAC,0.7247269749641418,False,0.0,0.0,0.0,0.5324955582618713,13,0,0.0,0.0,-0.0,113880,-0.0,0.0,-0.6546072959899902,0.0,0.0,0.0,0.0,57,3.19385199333483,1.0,0.2814146910320249,0.0,-0.0,17.36150554351807,-0.5209185481071472,CityLearnV3MADRLRewardFunction,masac_unified_comparable_v4,E2,-17.36150554351807,1907,14.563782326075216,1.0,0.16802529954014753,0.0,14
34,0.0,0.0,0.0,0.0,Building_6,5,MASAC,0.7247269749641418,False,0.0,0.0,0.0,0.5324955582618713,13,0,0.0,0.0,-0.0,113880,-0.0,0.0,-0.6611232757568359,0.0,0.0,0.0,0.0,260,6.83935665145624,1.0,0.23866571488861854,0.0,-0.0,366.0479227920532,-0.5209185481071472,CityLearnV3MADRLRewardFunction,masac_unified_comparable_v4,E2,-366.0479227920532,1907,14.563782326075216,1.0,0.16802529954014753,0.0,14
44,0.0,0.0,0.0,0.0,Building_7,6,MASAC,0.7247269749641418,False,0.0,0.0,0.0,0.5324955582618713,13,0,0.0,0.0,-0.0,113880,-0.0,0.0,-0.39517325162887573,0.0,0.0,0.0,0.0,330,2.822469527005467,1.0,0.039806853381521776,0.0,-0.0,137.46600742263794,-0.5209185481071472,CityLearnV3MADRLRewardFunction,masac_unified_comparable_v4,E2,-137.46600742263794,1907,14.563782326075216,1.0,0.16802529954014753,0.0,14
19,1.0,0.0,-0.05263157894736842,-1.0,Building_8,7,MASAC,0.7247269749641418,False,0.0,0.0,0.0,0.5324955582618713,13,0,0.0,0.0,-0.0,113880,-0.0,0.0,-0.39316609501838684,0.0,0.0,0.0,0.0,155,2.8691814256465906,1.0,0.08679745365535059,0.0,-0.0,372.8457879226684,-0.5209185481071472,CityLearnV3MADRLRewardFunction,masac_unified_comparable_v4,E2,-372.8457879226684,1907,14.563782326075216,1.0,0.16802529954014753,0.0,14
12,1.0,1.0,0.08333333333333333,0.0,Building_9,8,MASAC,0.7247269749641418,False,0.0,0.0,0.0,0.5324955582618713,13,0,0.0,0.0,-0.0,113880,-0.0,0.0,-0.36065205931663513,0.0,0.0,0.0,0.0,106,4.065294170770704,1.0,0.22411597474425468,0.0,-0.0,75.2412855178833,-0.5209185481071472,CityLearnV3MADRLRewardFunction,masac_unified_comparable_v4,E2,-75.2412855178833,1907,14.563782326075216,1.0,0.16802529954014753,0.0,14
8,0.0,0.0,0.0,0.0,Building_10,9,MASAC,0.7247269749641418,False,0.0,0.0,0.0,0.5324955582618713,13,0,0.0,0.0,-0.0,113880,-0.0,0.0,-0.6593141555786133,0.0,0.0,0.0,0.0,78,2.876256996714497,1.0,0.17370554394064805,0.0,-0.0,250.85625686645508,-0.5209185481071472,CityLearnV3MADRLRewardFunction,masac_unified_comparable_v4,E2,-250.85625686645508,1907,14.563782326075216,1.0,0.16802529954014753,0.0,14
5,0.0,0.0,0.0,0.0,Building_11,10,MASAC,0.7247269749641418,False,0.0,0.0,0.0,0.5324955582618713,13,0,0.0,0.0,-0.0,113880,-0.0,0.0,-0.3757805824279785,0.0,0.0,0.0,0.0,57,3.515283434414801,1.0,0.3287553050016102,0.0,-0.0,740.0867736206054,-0.5209185481071472,CityLearnV3MADRLRewardFunction,masac_unified_comparable_v4,E2,-740.0867736206054,1907,14.563782326075216,1.0,0.16802529954014753,0.0,14
5,0.0,0.0,0.0,0.0,Building_12,11,MASAC,0.7247269749641418,False,0.0,0.0,0.0,0.5324955582618713,13,0,0.0,0.0,-0.0,113880,-0.0,0.0,-0.6398327350616455,0.0,0.0,0.0,0.0,57,3.7678531029294273,1.0,0.3717372022046332,0.0,-0.0,322.0501773262024,-0.5209185481071472,CityLearnV3MADRLRewardFunction,masac_unified_comparable_v4,E2,-322.0501773262024,1907,14.563782326075216,1.0,0.16802529954014753,0.0,14
13,0.0,0.0,0.0,0.0,Building_13,12,MASAC,0.7247269749641418,False,0.0,0.0,0.0,0.5324955582618713,13,0,0.0,0.0,-0.0,113880,-0.0,0.0,-0.4002615511417389,0.0,0.0,0.0,0.0,113,2.8279502336993767,1.0,0.11625732122137483,0.0,-0.0,46.41701664123535,-0.5209185481071472,CityLearnV3MADRLRewardFunction,masac_unified_comparable_v4,E2,-46.41701664123535,1907,14.563782326075216,1.0,0.16802529954014753,0.0,14
6,0.0,0.0,0.0,0.0,Building_14,13,MASAC,0.7247269749641418,False,0.0,0.0,0.0,0.5324955582618713,13,0,0.0,0.0,-0.0,113880,-0.0,0.0,-0.4161016643047333,0.0,0.0,0.0,0.0,64,3.6222637280392624,1.0,0.30819024285301566,0.0,-0.0,313.822676070404,-0.5209185481071472,CityLearnV3MADRLRewardFunction,masac_unified_comparable_v4,E2,-313.822676070404,1907,14.563782326075216,1.0,0.16802529954014753,0.0,14
10,0.0,0.0,0.0,0.0,Building_15,14,MASAC,0.7247269749641418,False,0.0,0.0,0.0,0.5324955582618713,13,0,0.0,0.0,-0.0,113880,-0.0,0.0,-0.393309086561203,0.0,0.0,0.0,0.0,92,2.887990314931646,1.0,0.14729123910808045,0.0,-0.0,171.06831934051516,-0.5209185481071472,CityLearnV3MADRLRewardFunction,masac_unified_comparable_v4,E2,-171.06831934051516,1907,14.563782326075216,1.0,0.16802529954014753,0.0,14
13,1.0,0.0,-0.07692307692307693,-1.0,Building_16,15,MASAC,0.7247269749641418,False,0.0,0.0,0.0,0.5324955582618713,13,0,0.0,0.0,-0.0,113880,-0.0,0.0,-0.4231559932231903,0.0,0.0,0.0,0.0,113,2.747442361143361,1.0,0.11134726700344148,0.0,-0.0,178.22230344543456,-0.5209185481071472,CityLearnV3MADRLRewardFunction,masac_unified_comparable_v4,E2,-178.22230344543456,1907,14.563782326075216,1.0,0.16802529954014753,0.0,14
13,0.0,0.0,0.0,0.0,Building_17,16,MASAC,0.7247269749641418,False,0.0,0.0,0.0,0.5324955582618713,13,0,0.0,0.0,-0.0,113880,-0.0,0.0,-0.6149122714996338,0.0,0.0,0.0,0.0,113,2.9264079796360174,1.0,0.12229992683350513,0.0,-0.0,27.9006019493103,-0.5209185481071472,CityLearnV3MADRLRewardFunction,masac_unified_comparable_v4,E2,-27.9006019493103,1907,14.563782326075216,1.0,0.16802529954014753,0.0,14
6,0.0,0.0,0.0,0.0,Building_1,0,MASAC,0.7900000214576721,True,0.0,0.0,0.0,0.5324955582618713,13,8745,0.0,0.0,-0.0,122625,0.0,446.8856201171875,-0.7844260334968567,237.74473571777344,353.0396423339844,446.8856201171875,446.8856201171875,64,3.4169873574155156,1.0,0.24137770337983966,0.0,0.0,0.0,-0.6987279057502747,CityLearnV3MADRLRewardFunction,masac_unified_comparable_v4,E2,-0.0,1907,14.548834290277604,1.0,0.1423580370487877,0.0,8759
8,1.0,1.0,0.125,0.0,Building_2,1,MASAC,0.7900000214576721,True,0.0,0.0,0.0,0.5324955582618713,13,8745,0.0,0.0,-0.0,122625,0.0,5.618855953216553,-0.5916497707366943,2.7721364498138428,4.438896179199219,5.618855953216553,5.618855953216553,78,3.58183369414681,1.0,0.2045261229460056,0.0,0.0,0.0,-0.6987279057502747,CityLearnV3MADRLRewardFunction,masac_unified_comparable_v4,E2,-0.0,1907,14.548834290277604,1.0,0.1423580370487877,0.0,8759
10,0.0,0.0,0.0,0.0,Building_3,2,MASAC,0.7900000214576721,True,0.0,0.0,0.0,0.5324955582618713,13,8745,0.0,0.0,-0.0,122625,0.0,98.17061614990234,-0.783674955368042,52.055538177490234,77.5547866821289,98.17061614990234,98.17061614990234,92,3.520997760374849,1.0,0.1707526468064474,0.0,0.0,0.0,-0.6987279057502747,CityLearnV3MADRLRewardFunction,masac_unified_comparable_v4,E2,-0.0,1907,14.548834290277604,1.0,0.1423580370487877,0.0,8759
8,0.0,0.0,0.0,0.0,Building_4,3,MASAC,0.7900000214576721,True,0.0,0.0,0.0,0.5324955582618713,13,8745,0.0,0.0,-0.0,122625,0.0,28.84416961669922,-0.750457763671875,15.13951301574707,22.786893844604492,28.84416961669922,28.84416961669922,78,3.5056777192839994,1.0,0.20037647776114634,0.0,0.0,0.0,-0.6987279057502747,CityLearnV3MADRLRewardFunction,masac_unified_comparable_v4,E2,-0.0,1907,14.548834290277604,1.0,0.1423580370487877,0.0,8759
5,0.0,0.0,0.0,0.0,Building_5,4,MASAC,0.7900000214576721,True,0.0,0.0,0.0,0.5324955582618713,13,8745,0.0,0.0,-0.0,122625,0.0,37.89287567138672,-0.8043974041938782,19.957908630371094,29.935373306274414,37.89287567138672,37.89287567138672,57,3.6682885558675085,1.0,0.31248777608076733,0.0,0.0,0.0,-0.6987279057502747,CityLearnV3MADRLRewardFunction,masac_unified_comparable_v4,E2,-0.0,1907,14.548834290277604,1.0,0.1423580370487877,0.0,8759
34,0.0,0.0,0.0,0.0,Building_6,5,MASAC,0.7900000214576721,True,0.0,0.0,0.0,0.5324955582618713,13,8745,0.0,0.0,-0.0,122625,0.0,350.8894348144531,-0.7844303250312805,186.62718200683594,277.2026672363281,350.8894348144531,350.8894348144531,260,3.475245633857979,1.0,0.05966079464325538,0.0,0.0,0.0,-0.6987279057502747,CityLearnV3MADRLRewardFunction,masac_unified_comparable_v4,E2,-0.0,1907,14.548834290277604,1.0,0.1423580370487877,0.0,8759
44,0.0,0.0,0.0,0.0,Building_7,6,MASAC,0.7900000214576721,True,0.0,0.0,0.0,0.5324955582618713,13,8745,0.0,0.0,-0.0,122625,0.0,18.66022491455078,-0.7059558629989624,9.716607093811035,14.741578102111816,18.66022491455078,18.66022491455078,330,3.447446877401607,1.0,0.046505130737116845,0.0,0.0,0.0,-0.6987279057502747,CityLearnV3MADRLRewardFunction,masac_unified_comparable_v4,E2,-0.0,1907,14.548834290277604,1.0,0.1423580370487877,0.0,8759
19,0.0,0.0,0.0,0.0,Building_8,7,MASAC,0.7900000214576721,True,0.0,0.0,0.0,0.5324955582618713,13,8745,0.0,0.0,-0.0,122625,0.0,19.251495361328125,-0.7096313834190369,10.031455993652344,15.2086820602417,19.251495361328125,19.251495361328125,155,3.60206308338271,1.0,0.10541907760404771,0.0,0.0,0.0,-0.6987279057502747,CityLearnV3MADRLRewardFunction,masac_unified_comparable_v4,E2,-0.0,1907,14.548834290277604,1.0,0.1423580370487877,0.0,8759
12,0.0,0.0,0.0,0.0,Building_9,8,MASAC,0.7900000214576721,True,0.0,0.0,0.0,0.5324955582618713,13,8745,0.0,0.0,-0.0,122625,0.0,2.4506425857543945,-0.5370954871177673,1.085076928138733,1.9360077381134033,2.4506425857543945,2.4506425857543945,106,3.694799109624099,1.0,0.16644909542124225,0.0,0.0,0.0,-0.6987279057502747,CityLearnV3MADRLRewardFunction,masac_unified_comparable_v4,E2,-0.0,1907,14.548834290277604,1.0,0.1423580370487877,0.0,8759
8,1.0,0.0,-0.125,-1.0,Building_10,9,MASAC,0.7900000214576721,True,0.0,0.0,0.0,0.5324955582618713,13,8745,0.0,0.0,-0.0,122625,0.0,34.33414077758789,-0.7624899744987488,18.062898635864258,27.123971939086914,34.33414077758789,34.33414077758789,78,3.498314740297599,1.0,0.20113599959474343,0.0,0.0,0.0,-0.6987279057502747,CityLearnV3MADRLRewardFunction,masac_unified_comparable_v4,E2,-0.0,1907,14.548834290277604,1.0,0.1423580370487877,0.0,8759
5,0.0,0.0,0.0,0.0,Building_11,10,MASAC,0.7900000214576721,True,0.0,0.0,0.0,0.5324955582618713,13,8745,0.0,0.0,-0.0,122625,0.0,57.917564392089844,-0.7805284857749939,30.6209659576416,45.754878997802734,57.917564392089844,57.917564392089844,57,3.55049818365527,1.0,0.2778269779263881,0.0,0.0,0.0,-0.6987279057502747,CityLearnV3MADRLRewardFunction,masac_unified_comparable_v4,E2,-0.0,1907,14.548834290277604,1.0,0.1423580370487877,0.0,8759
5,0.0,0.0,0.0,0.0,Building_12,11,MASAC,0.7900000214576721,True,0.0,0.0,0.0,0.5324955582618713,13,8745,0.0,0.0,-0.0,122625,0.0,182.6020965576172,-0.7837640047073364,97.01492309570312,144.2556610107422,182.6020965576172,182.6020965576172,57,3.4211688239350804,1.0,0.2676934202512105,0.0,0.0,0.0,-0.6987279057502747,CityLearnV3MADRLRewardFunction,masac_unified_comparable_v4,E2,-0.0,1907,14.548834290277604,1.0,0.1423580370487877,0.0,8759
13,1.0,1.0,0.07692307692307693,0.0,Building_13,12,MASAC,0.7900000214576721,True,0.0,0.0,0.0,0.5324955582618713,13,8745,0.0,0.0,-0.0,122625,0.0,2.789367437362671,-0.5586433410644531,1.265446424484253,2.2036004066467285,2.789367437362671,2.789367437362671,113,3.5784372959472566,1.0,0.1411186651845949,0.0,0.0,0.0,-0.6987279057502747,CityLearnV3MADRLRewardFunction,masac_unified_comparable_v4,E2,-0.0,1907,14.548834290277604,1.0,0.1423580370487877,0.0,8759
6,0.0,0.0,0.0,0.0,Building_14,13,MASAC,0.7900000214576721,True,0.0,0.0,0.0,0.5324955582618713,13,8745,0.0,0.0,-0.0,122625,0.0,2.485826015472412,-0.5549637079238892,1.1038119792938232,1.9638025760650635,2.485826015472412,2.485826015472412,64,3.4757504927479346,1.0,0.24224758427590132,0.0,0.0,0.0,-0.6987279057502747,CityLearnV3MADRLRewardFunction,masac_unified_comparable_v4,E2,-0.0,1907,14.548834290277604,1.0,0.1423580370487877,0.0,8759
10,0.0,0.0,0.0,0.0,Building_15,14,MASAC,0.7900000214576721,True,0.0,0.0,0.0,0.5324955582618713,13,8745,0.0,0.0,-0.0,122625,0.0,20.5941162109375,-0.717225193977356,10.7463960647583,16.269351959228516,20.5941162109375,20.5941162109375,92,3.542242694864531,1.0,0.17508824137241943,0.0,0.0,0.0,-0.6987279057502747,CityLearnV3MADRLRewardFunction,masac_unified_comparable_v4,E2,-0.0,1907,14.548834290277604,1.0,0.1423580370487877,0.0,8759
13,1.0,0.0,-0.07692307692307693,-1.0,Building_16,15,MASAC,0.7900000214576721,True,-136.164306640625,0.0,0.0,0.5324955582618713,13,8745,0.0,0.0,-0.0,122625,33.03379821777344,0.0,-0.5485839247703552,-14.072280883789062,0.0,-33.03379821777344,103.13050842285156,113,3.5395016255964067,1.0,0.14224499938762294,0.0,0.0,0.0,-0.6987279057502747,CityLearnV3MADRLRewardFunction,masac_unified_comparable_v4,E2,-0.0,1907,14.548834290277604,1.0,0.1423580370487877,0.0,8759
13,1.0,0.0,-0.07692307692307693,-1.0,Building_17,16,MASAC,0.7900000214576721,True,0.0,0.0,0.0,0.5324955582618713,13,8745,0.0,0.0,-0.0,122625,0.0,21.1981143951416,-0.7204564809799194,11.068022727966309,16.746511459350586,21.1981143951416,21.1981143951416,113,3.452655633894259,1.0,0.1386527856894299,0.0,0.0,0.0,-0.6987279057502747,CityLearnV3MADRLRewardFunction,masac_unified_comparable_v4,E2,-0.0,1907,14.548834290277604,1.0,0.1423580370487877,0.0,8759
6,0.0,0.0,0.0,0.0,Building_1,0,MASAC,0.7373149991035461,False,0.0,0.0,0.0,0.5324955582618713,14,0,0.0,0.0,-0.0,122640,-0.0,0.0,-0.14160087704658508,0.0,0.0,0.0,0.0,64,3.0390755676532946,1.0,0.23457292892271653,0.0,-0.0,369.1006091033935,-0.18355832993984222,CityLearnV3MADRLRewardFunction,masac_unified_comparable_v4,E2,-369.1006091033935,1907,15.184340610349507,1.0,0.1786883191665118,0.0,15
8,0.0,0.0,0.0,0.0,Building_2,1,MASAC,0.7373149991035461,False,0.0,0.0,0.0,0.5324955582618713,14,0,0.0,0.0,-0.0,122640,-0.0,0.0,-0.14160047471523285,0.0,0.0,0.0,0.0,78,3.112541744673823,1.0,0.19108840732429272,0.0,-0.0,211.4393408203125,-0.18355832993984222,CityLearnV3MADRLRewardFunction,masac_unified_comparable_v4,E2,-211.4393408203125,1907,15.184340610349507,1.0,0.1786883191665118,0.0,15
10,0.0,0.0,0.0,0.0,Building_3,2,MASAC,0.7373149991035461,False,0.0,0.0,0.0,0.5324955582618713,14,0,0.0,0.0,-0.0,122640,-0.0,0.0,-0.21660055220127106,0.0,0.0,0.0,0.0,92,3.683739671229217,1.0,0.22077919619724803,0.0,-0.0,154.77470272979738,-0.18355832993984222,CityLearnV3MADRLRewardFunction,masac_unified_comparable_v4,E2,-154.77470272979738,1907,15.184340610349507,1.0,0.1786883191665118,0.0,15
8,0.0,0.0,0.0,0.0,Building_4,3,MASAC,0.7373149991035461,False,0.0,0.0,0.0,0.5324955582618713,14,0,0.0,0.0,-0.0,122640,-0.0,0.0,-0.40803754329681396,0.0,0.0,0.0,0.0,78,3.7161754801438125,1.0,0.26863175979218423,0.0,-0.0,65.70065726470948,-0.18355832993984222,CityLearnV3MADRLRewardFunction,masac_unified_comparable_v4,E2,-65.70065726470948,1907,15.184340610349507,1.0,0.1786883191665118,0.0,15
5,0.0,0.0,0.0,0.0,Building_5,4,MASAC,0.7373149991035461,False,0.0,0.0,0.0,0.5324955582618713,14,0,0.0,0.0,-0.0,122640,-0.0,0.0,-0.33164969086647034,0.0,0.0,0.0,0.0,57,3.4772689501133587,1.0,0.313467881723977,0.0,-0.0,27.146512926483155,-0.18355832993984222,CityLearnV3MADRLRewardFunction,masac_unified_comparable_v4,E2,-27.146512926483155,1907,15.184340610349507,1.0,0.1786883191665118,0.0,15
34,1.0,0.0,-0.029411764705882353,-1.0,Building_6,5,MASAC,0.7373149991035461,False,0.0,0.0,0.0,0.5324955582618713,14,0,0.0,0.0,-0.0,122640,-0.0,0.0,-0.2466183602809906,0.0,0.0,0.0,0.0,260,6.717382195557673,1.0,0.22985334733071236,0.0,-0.0,548.2103262657165,-0.18355832993984222,CityLearnV3MADRLRewardFunction,masac_unified_comparable_v4,E2,-548.2103262657165,1907,15.184340610349507,1.0,0.1786883191665118,0.0,15
44,0.0,0.0,0.0,0.0,Building_7,6,MASAC,0.7373149991035461,False,0.0,0.0,0.0,0.5324955582618713,14,0,0.0,0.0,-0.0,122640,-0.0,0.0,-0.14160047471523285,0.0,0.0,0.0,0.0,330,3.099474988914588,1.0,0.04502096838797584,0.0,-0.0,209.49908080902102,-0.18355832993984222,CityLearnV3MADRLRewardFunction,masac_unified_comparable_v4,E2,-209.49908080902102,1907,15.184340610349507,1.0,0.1786883191665118,0.0,15
19,1.0,1.0,0.05263157894736842,0.0,Building_8,7,MASAC,0.7373149991035461,False,0.0,0.0,0.0,0.5324955582618713,14,0,0.0,0.0,-0.0,122640,-0.0,0.0,-0.14160047471523285,0.0,0.0,0.0,0.0,155,3.077058799827337,1.0,0.09574541956666976,0.0,-0.0,558.308858946228,-0.18355832993984222,CityLearnV3MADRLRewardFunction,masac_unified_comparable_v4,E2,-558.308858946228,1907,15.184340610349507,1.0,0.1786883191665118,0.0,15
12,0.0,0.0,0.0,0.0,Building_9,8,MASAC,0.7373149991035461,False,0.0,0.0,0.0,0.5324955582618713,14,0,0.0,0.0,-0.0,122640,-0.0,0.0,-0.10674596577882767,0.0,0.0,0.0,0.0,106,4.578761388567617,1.0,0.274190463020273,0.0,-0.0,115.01495662765502,-0.18355832993984222,CityLearnV3MADRLRewardFunction,masac_unified_comparable_v4,E2,-115.01495662765502,1907,15.184340610349507,1.0,0.1786883191665118,0.0,15
8,0.0,0.0,0.0,0.0,Building_10,9,MASAC,0.7373149991035461,False,0.0,0.0,0.0,0.5324955582618713,14,0,0.0,0.0,-0.0,122640,-0.0,0.0,-0.14160047471523285,0.0,0.0,0.0,0.0,78,3.0672021026019185,1.0,0.18950488566397092,0.0,-0.0,377.07543457717895,-0.18355832993984222,CityLearnV3MADRLRewardFunction,masac_unified_comparable_v4,E2,-377.07543457717895,1907,15.184340610349507,1.0,0.1786883191665118,0.0,15
5,0.0,0.0,0.0,0.0,Building_11,10,MASAC,0.7373149991035461,False,0.0,0.0,0.0,0.5324955582618713,14,0,0.0,0.0,-0.0,122640,-0.0,0.0,-0.2166004776954651,0.0,0.0,0.0,0.0,57,3.162502360174869,1.0,0.2733825202704522,0.0,-0.0,1117.0262829772948,-0.18355832993984222,CityLearnV3MADRLRewardFunction,masac_unified_comparable_v4,E2,-1117.0262829772948,1907,15.184340610349507,1.0,0.1786883191665118,0.0,15
5,0.0,0.0,0.0,0.0,Building_12,11,MASAC,0.7373149991035461,False,0.0,0.0,0.0,0.5324955582618713,14,0,0.0,0.0,-0.0,122640,-0.0,0.0,-0.10205690562725067,0.0,0.0,0.0,0.0,57,4.07374600826881,1.0,0.4183325494982694,0.0,-0.0,482.84796419143674,-0.18355832993984222,CityLearnV3MADRLRewardFunction,masac_unified_comparable_v4,E2,-482.84796419143674,1907,15.184340610349507,1.0,0.1786883191665118,0.0,15
13,0.0,0.0,0.0,0.0,Building_13,12,MASAC,0.7373149991035461,False,0.0,0.0,0.0,0.5324955582618713,14,0,0.0,0.0,-0.0,122640,-0.0,0.0,-0.1416032463312149,0.0,0.0,0.0,0.0,113,3.101912231778559,1.0,0.13154295973677552,0.0,-0.0,70.60658410491943,-0.18355832993984222,CityLearnV3MADRLRewardFunction,masac_unified_comparable_v4,E2,-70.60658410491943,1907,15.184340610349507,1.0,0.1786883191665118,0.0,15
6,0.0,0.0,0.0,0.0,Building_14,13,MASAC,0.7373149991035461,False,0.0,0.0,0.0,0.5324955582618713,14,0,0.0,0.0,-0.0,122640,-0.0,0.0,-0.2166004776954651,0.0,0.0,0.0,0.0,64,3.4722759262963305,1.0,0.2902021884219721,0.0,-0.0,470.6249470649719,-0.18355832993984222,CityLearnV3MADRLRewardFunction,masac_unified_comparable_v4,E2,-470.6249470649719,1907,15.184340610349507,1.0,0.1786883191665118,0.0,15
10,0.0,0.0,0.0,0.0,Building_15,14,MASAC,0.7373149991035461,False,0.0,0.0,0.0,0.5324955582618713,14,0,0.0,0.0,-0.0,122640,-0.0,0.0,-0.14160047471523285,0.0,0.0,0.0,0.0,92,3.1472332003350334,1.0,0.16458919356860544,0.0,-0.0,258.52323187713625,-0.18355832993984222,CityLearnV3MADRLRewardFunction,masac_unified_comparable_v4,E2,-258.52323187713625,1907,15.184340610349507,1.0,0.1786883191665118,0.0,15
13,0.0,0.0,0.0,0.0,Building_16,15,MASAC,0.7373149991035461,False,0.0,0.0,0.0,0.5324955582618713,14,0,0.0,0.0,-0.0,122640,-0.0,0.0,-0.14160047471523285,0.0,0.0,0.0,0.0,113,3.0512782190870396,1.0,0.13099764092965463,0.0,-0.0,269.15333079528807,-0.18355832993984222,CityLearnV3MADRLRewardFunction,masac_unified_comparable_v4,E2,-269.15333079528807,1907,15.184340610349507,1.0,0.1786883191665118,0.0,15
13,0.0,0.0,0.0,0.0,Building_17,16,MASAC,0.7373149991035461,False,0.0,0.0,0.0,0.5324955582618713,14,0,0.0,0.0,-0.0,122640,-0.0,0.0,-0.14277462661266327,0.0,0.0,0.0,0.0,113,3.1791820822239383,1.0,0.13799589440490292,0.0,-0.0,42.14215385971069,-0.18355832993984222,CityLearnV3MADRLRewardFunction,masac_unified_comparable_v4,E2,-42.14215385971069,1907,15.184340610349507,1.0,0.1786883191665118,0.0,15
6,0.0,0.0,0.0,0.0,Building_1,0,MASAC,0.7900000214576721,True,0.0,0.0,0.0,0.5324955582618713,14,8744,0.0,0.0,-0.0,131384,0.0,391.586669921875,-0.7356534600257874,208.51815795898438,309.3534851074219,391.586669921875,391.586669921875,64,3.4365841377408572,1.0,0.2331362385302782,0.0,0.0,0.0,-0.6295022964477539,CityLearnV3MADRLRewardFunction,masac_unified_comparable_v4,E2,-0.0,1907,14.197662231673057,1.0,0.13371356492681408,0.0,8759
8,0.0,0.0,0.0,0.0,Building_2,1,MASAC,0.7900000214576721,True,0.0,0.0,0.0,0.5324955582618713,14,8744,0.0,0.0,-0.0,131384,0.0,0.1848604530096054,-0.47839614748954773,0.0984373688697815,0.14603976905345917,0.1848604530096054,0.1848604530096054,78,3.417113393472545,1.0,0.1879012955304904,0.0,0.0,0.0,-0.6295022964477539,CityLearnV3MADRLRewardFunction,masac_unified_comparable_v4,E2,-0.0,1907,14.197662231673057,1.0,0.13371356492681408,0.0,8759
10,1.0,1.0,0.1,0.0,Building_3,2,MASAC,0.7900000214576721,True,0.0,0.0,0.0,0.5324955582618713,14,8744,0.0,0.0,-0.0,131384,0.0,39.0087890625,-0.7208847999572754,20.77200698852539,30.816944122314453,39.0087890625,39.0087890625,92,3.4069041460438387,1.0,0.15936199024967526,0.0,0.0,0.0,-0.6295022964477539,CityLearnV3MADRLRewardFunction,masac_unified_comparable_v4,E2,-0.0,1907,14.197662231673057,1.0,0.13371356492681408,0.0,8759
8,0.0,0.0,0.0,0.0,Building_4,3,MASAC,0.7900000214576721,True,0.0,0.0,0.0,0.5324955582618713,14,8744,0.0,0.0,-0.0,131384,0.0,36.67196273803711,-0.717739462852478,19.52765655517578,28.97085189819336,36.67196273803711,36.67196273803711,78,3.3943935452854603,1.0,0.18733369272488815,0.0,0.0,0.0,-0.6295022964477539,CityLearnV3MADRLRewardFunction,masac_unified_comparable_v4,E2,-0.0,1907,14.197662231673057,1.0,0.13371356492681408,0.0,8759
5,0.0,0.0,0.0,0.0,Building_5,4,MASAC,0.7900000214576721,True,0.0,0.0,0.0,0.5324955582618713,14,8744,0.0,0.0,-0.0,131384,0.0,54.225337982177734,-0.767253041267395,28.874752044677734,42.838016510009766,54.225337982177734,54.225337982177734,57,3.5890336219597154,1.0,0.29621229856683495,0.0,0.0,0.0,-0.6295022964477539,CityLearnV3MADRLRewardFunction,masac_unified_comparable_v4,E2,-0.0,1907,14.197662231673057,1.0,0.13371356492681408,0.0,8759
34,1.0,1.0,0.029411764705882353,0.0,Building_6,5,MASAC,0.7900000214576721,True,0.0,0.0,0.0,0.5324955582618713,14,8744,0.0,0.0,-0.0,131384,0.0,348.8946838378906,-0.7356492280960083,185.7848663330078,275.6268005371094,348.8946838378906,348.8946838378906,260,3.3626573855295088,1.0,0.05568561851978302,0.0,0.0,0.0,-0.6295022964477539,CityLearnV3MADRLRewardFunction,masac_unified_comparable_v4,E2,-0.0,1907,14.197662231673057,1.0,0.13371356492681408,0.0,8759
44,1.0,1.0,0.022727272727272728,0.0,Building_7,6,MASAC,0.7900000214576721,True,0.0,0.0,0.0,0.5324955582618713,14,8744,0.0,0.0,-0.0,131384,0.0,2.9800853729248047,-0.5120439529418945,1.58688223361969,2.3542675971984863,2.9800853729248047,2.9800853729248047,330,3.383042886388697,1.0,0.04399191563328107,0.0,0.0,0.0,-0.6295022964477539,CityLearnV3MADRLRewardFunction,masac_unified_comparable_v4,E2,-0.0,1907,14.197662231673057,1.0,0.13371356492681408,0.0,8759
19,0.0,0.0,0.0,0.0,Building_8,7,MASAC,0.7900000214576721,True,0.0,0.0,0.0,0.5324955582618713,14,8744,0.0,0.0,-0.0,131384,0.0,6.19936990737915,-0.5491408705711365,3.3011369705200195,4.897502422332764,6.19936990737915,6.19936990737915,155,3.3962628016028833,1.0,0.09468333288546532,0.0,0.0,0.0,-0.6295022964477539,CityLearnV3MADRLRewardFunction,masac_unified_comparable_v4,E2,-0.0,1907,14.197662231673057,1.0,0.13371356492681408,0.0,8759
12,0.0,0.0,0.0,0.0,Building_9,8,MASAC,0.7900000214576721,True,0.0,0.0,0.0,0.5324955582618713,14,8744,0.0,0.0,-0.0,131384,0.0,2.1350696086883545,-0.4846261143684387,1.1369150876998901,1.6867049932479858,2.1350696086883545,2.1350696086883545,106,3.69658311259585,1.0,0.1613221325964298,0.0,0.0,0.0,-0.6295022964477539,CityLearnV3MADRLRewardFunction,masac_unified_comparable_v4,E2,-0.0,1907,14.197662231673057,1.0,0.13371356492681408,0.0,8759
8,1.0,0.0,-0.125,-1.0,Building_10,9,MASAC,0.7900000214576721,True,0.0,0.0,0.0,0.5324955582618713,14,8744,0.0,0.0,-0.0,131384,0.0,16.451881408691406,-0.6435225009918213,8.760553359985352,12.996986389160156,16.451881408691406,16.451881408691406,78,3.4535317007556614,1.0,0.19134464506537485,0.0,0.0,0.0,-0.6295022964477539,CityLearnV3MADRLRewardFunction,masac_unified_comparable_v4,E2,-0.0,1907,14.197662231673057,1.0,0.13371356492681408,0.0,8759
5,0.0,0.0,0.0,0.0,Building_11,10,MASAC,0.7900000214576721,True,0.0,0.0,0.0,0.5324955582618713,14,8744,0.0,0.0,-0.0,131384,0.0,66.45198059082031,-0.730962872505188,35.38538360595703,52.497066497802734,66.45198059082031,66.45198059082031,57,3.337082773370854,1.0,0.24824651082356772,0.0,0.0,0.0,-0.6295022964477539,CityLearnV3MADRLRewardFunction,masac_unified_comparable_v4,E2,-0.0,1907,14.197662231673057,1.0,0.13371356492681408,0.0,8759
5,0.0,0.0,0.0,0.0,Building_12,11,MASAC,0.7900000214576721,True,0.0,0.0,0.0,0.5324955582618713,14,8744,0.0,0.0,-0.0,131384,0.0,155.388671875,-0.732819139957428,82.7437744140625,122.7570571899414,155.388671875,155.388671875,57,3.2986523288396374,1.0,0.24878164237005668,0.0,0.0,0.0,-0.6295022964477539,CityLearnV3MADRLRewardFunction,masac_unified_comparable_v4,E2,-0.0,1907,14.197662231673057,1.0,0.13371356492681408,0.0,8759
13,1.0,1.0,0.07692307692307693,0.0,Building_13,12,MASAC,0.7900000214576721,True,0.0,0.0,0.0,0.5324955582618713,14,8744,0.0,0.0,-0.0,131384,0.0,0.1047736182808876,-0.4774244725704193,0.05579148605465889,0.08277115970849991,0.1047736182808876,0.1047736182808876,113,3.3909409468303706,1.0,0.12854443371823404,0.0,0.0,0.0,-0.6295022964477539,CityLearnV3MADRLRewardFunction,masac_unified_comparable_v4,E2,-0.0,1907,14.197662231673057,1.0,0.13371356492681408,0.0,8759
6,0.0,0.0,0.0,0.0,Building_14,13,MASAC,0.7900000214576721,True,0.0,0.0,0.0,0.5324955582618713,14,8744,0.0,0.0,-0.0,131384,0.0,1.3521205186843872,-0.4925633370876312,0.7199981808662415,1.068175196647644,1.3521205186843872,1.3521205186843872,64,3.487157412101717,1.0,0.23430629400536418,0.0,0.0,0.0,-0.6295022964477539,CityLearnV3MADRLRewardFunction,masac_unified_comparable_v4,E2,-0.0,1907,14.197662231673057,1.0,0.13371356492681408,0.0,8759
10,1.0,1.0,0.1,0.0,Building_15,14,MASAC,0.7900000214576721,True,0.0,0.0,0.0,0.5324955582618713,14,8744,0.0,0.0,-0.0,131384,0.0,15.147623062133789,-0.6340984106063843,8.066041946411133,11.966622352600098,15.147623062133789,15.147623062133789,92,3.5441095871790904,1.0,0.16897622009982233,0.0,0.0,0.0,-0.6295022964477539,CityLearnV3MADRLRewardFunction,masac_unified_comparable_v4,E2,-0.0,1907,14.197662231673057,1.0,0.13371356492681408,0.0,8759
13,0.0,0.0,0.0,0.0,Building_16,15,MASAC,0.7900000214576721,True,0.0,0.0,0.0,0.5324955582618713,14,8744,0.0,0.0,-0.0,131384,0.0,11.957420349121094,-0.6076470017433167,6.367273330688477,9.446362495422363,11.957420349121094,11.957420349121094,113,3.4332158476396675,1.0,0.13079163273878858,0.0,0.0,0.0,-0.6295022964477539,CityLearnV3MADRLRewardFunction,masac_unified_comparable_v4,E2,-0.0,1907,14.197662231673057,1.0,0.13371356492681408,0.0,8759
13,0.0,0.0,0.0,0.0,Building_17,16,MASAC,0.7900000214576721,True,0.0,0.0,0.0,0.5324955582618713,14,8744,0.0,0.0,-0.0,131384,0.0,23.087642669677734,-0.6811134815216064,12.2940673828125,18.239238739013672,23.087642669677734,23.087642669677734,113,3.4891918921594405,1.0,0.13613966898580568,0.0,0.0,0.0,-0.6295022964477539,CityLearnV3MADRLRewardFunction,masac_unified_comparable_v4,E2,-0.0,1907,14.197662231673057,1.0,0.13371356492681408,0.0,8759
6,0.0,0.0,0.0,0.0,Building_1,0,MASAC,0.7779510021209717,False,0.0,0.0,0.0,0.5324955582618713,15,0,0.0,0.0,-0.0,131400,-0.0,0.0,-0.6499091982841492,0.0,0.0,0.0,0.0,64,3.117848468348163,0.9330127239227295,0.2299641377176158,0.0,-0.0,380.7566361251831,-0.506391167640686,CityLearnV3MADRLRewardFunction,masac_unified_comparable_v4,E2,-380.7566361251831,1907,14.695237604848451,1.0,0.16090836754023802,0.0,16
8,0.0,0.0,0.0,0.0,Building_2,1,MASAC,0.7779510021209717,False,0.0,0.0,0.0,0.5324955582618713,15,0,0.0,0.0,-0.0,131400,-0.0,0.0,-0.3831237554550171,0.0,0.0,0.0,0.0,78,3.1101943417904203,0.9330127239227295,0.18018711038315907,0.0,-0.0,218.111455078125,-0.506391167640686,CityLearnV3MADRLRewardFunction,masac_unified_comparable_v4,E2,-218.111455078125,1907,14.695237604848451,1.0,0.16090836754023802,0.0,16
10,0.0,0.0,0.0,0.0,Building_3,2,MASAC,0.7779510021209717,False,0.0,0.0,0.0,0.5324955582618713,15,0,0.0,0.0,-0.0,131400,-0.0,0.0,-0.3842727541923523,0.0,0.0,0.0,0.0,92,3.7454362002523327,1.0,0.21546900334626273,0.0,-0.0,159.75456298217773,-0.506391167640686,CityLearnV3MADRLRewardFunction,masac_unified_comparable_v4,E2,-159.75456298217773,1907,14.695237604848451,1.0,0.16090836754023802,0.0,16
8,0.0,0.0,0.0,0.0,Building_4,3,MASAC,0.7779510021209717,False,0.0,0.0,0.0,0.5324955582618713,15,0,0.0,0.0,-0.0,131400,-0.0,0.0,-0.7242684960365295,0.0,0.0,0.0,0.0,78,3.449130121218978,1.0,0.22058106027543545,0.0,-0.0,67.78174471130372,-0.506391167640686,CityLearnV3MADRLRewardFunction,masac_unified_comparable_v4,E2,-67.78174471130372,1907,14.695237604848451,1.0,0.16090836754023802,0.0,16
5,0.0,0.0,0.0,0.0,Building_5,4,MASAC,0.7779510021209717,False,0.0,0.0,0.0,0.5324955582618713,15,0,0.0,0.0,-0.0,131400,-0.0,0.0,-0.7189189195632935,0.0,0.0,0.0,0.0,57,3.167690587249701,0.9330127239227295,0.26118519359774756,0.0,-0.0,28.06174242935181,-0.506391167640686,CityLearnV3MADRLRewardFunction,masac_unified_comparable_v4,E2,-28.06174242935181,1907,14.695237604848451,1.0,0.16090836754023802,0.0,16
34,1.0,0.0,-0.029411764705882353,-1.0,Building_6,5,MASAC,0.7779510021209717,False,0.0,0.0,0.0,0.5324955582618713,15,0,0.0,0.0,-0.0,131400,-0.0,0.0,-0.724970281124115,0.0,0.0,0.0,0.0,260,5.979482325441194,1.0,0.18068503446590442,0.0,-0.0,565.3931543365478,-0.506391167640686,CityLearnV3MADRLRewardFunction,masac_unified_comparable_v4,E2,-565.3931543365478,1907,14.695237604848451,1.0,0.16090836754023802,0.0,16
44,1.0,1.0,0.022727272727272728,0.0,Building_7,6,MASAC,0.7779510021209717,False,0.0,0.0,0.0,0.5324955582618713,15,0,0.0,0.0,-0.0,131400,-0.0,0.0,-0.6704366207122803,0.0,0.0,0.0,0.0,330,3.15574464180177,0.9330127239227295,0.04324938470892834,0.0,-0.0,216.28800924224853,-0.506391167640686,CityLearnV3MADRLRewardFunction,masac_unified_comparable_v4,E2,-216.28800924224853,1907,14.695237604848451,1.0,0.16090836754023802,0.0,16
19,0.0,0.0,0.0,0.0,Building_8,7,MASAC,0.7779510021209717,False,0.0,0.0,0.0,0.5324955582618713,15,0,0.0,0.0,-0.0,131400,-0.0,0.0,-0.3831237256526947,0.0,0.0,0.0,0.0,155,3.10992558244093,0.9330127239227295,0.09173083600978697,0.0,-0.0,575.8031658081055,-0.506391167640686,CityLearnV3MADRLRewardFunction,masac_unified_comparable_v4,E2,-575.8031658081055,1907,14.695237604848451,1.0,0.16090836754023802,0.0,16
12,1.0,1.0,0.08333333333333333,0.0,Building_9,8,MASAC,0.7779510021209717,False,0.0,0.0,0.0,0.5324955582618713,15,0,0.0,0.0,-0.0,131400,-0.0,0.0,-0.4581371545791626,0.0,0.0,0.0,0.0,106,4.524213048153935,1.0,0.26235878175862554,0.0,-0.0,118.78011458969117,-0.506391167640686,CityLearnV3MADRLRewardFunction,masac_unified_comparable_v4,E2,-118.78011458969117,1907,14.695237604848451,1.0,0.16090836754023802,0.0,16
8,0.0,0.0,0.0,0.0,Building_10,9,MASAC,0.7779510021209717,False,0.0,0.0,0.0,0.5324955582618713,15,0,0.0,0.0,-0.0,131400,-0.0,0.0,-0.383154958486557,0.0,0.0,0.0,0.0,78,3.0886202520932566,0.9330127239227295,0.1827429379694737,0.0,-0.0,388.9776386009216,-0.506391167640686,CityLearnV3MADRLRewardFunction,masac_unified_comparable_v4,E2,-388.9776386009216,1907,14.695237604848451,1.0,0.16090836754023802,0.0,16
5,1.0,1.0,0.2,0.0,Building_11,10,MASAC,0.7779510021209717,False,0.0,0.0,0.0,0.5324955582618713,15,0,0.0,0.0,-0.0,131400,-0.0,0.0,-0.3831237256526947,0.0,0.0,0.0,0.0,57,3.2404607240914536,0.9330127239227295,0.2653541257114787,0.0,-0.0,1152.5550900924684,-0.506391167640686,CityLearnV3MADRLRewardFunction,masac_unified_comparable_v4,E2,-1152.5550900924684,1907,14.695237604848451,1.0,0.16090836754023802,0.0,16
5,1.0,1.0,0.2,0.0,Building_12,11,MASAC,0.7779510021209717,False,0.0,0.0,0.0,0.5324955582618713,15,0,0.0,0.0,-0.0,131400,-0.0,0.0,-0.7549499273300171,0.0,0.0,0.0,0.0,57,3.5835834637620656,1.0,0.31785385565538155,0.0,-0.0,498.0143571853638,-0.506391167640686,CityLearnV3MADRLRewardFunction,masac_unified_comparable_v4,E2,-498.0143571853638,1907,14.695237604848451,1.0,0.16090836754023802,0.0,16
13,0.0,0.0,0.0,0.0,Building_13,12,MASAC,0.7779510021209717,False,0.0,0.0,0.0,0.5324955582618713,15,0,0.0,0.0,-0.0,131400,-0.0,0.0,-0.3836251497268677,0.0,0.0,0.0,0.0,113,3.145405065814039,0.9330127239227295,0.12600690967081923,0.0,-0.0,72.87984498901366,-0.506391167640686,CityLearnV3MADRLRewardFunction,masac_unified_comparable_v4,E2,-72.87984498901366,1907,14.695237604848451,1.0,0.16090836754023802,0.0,16
6,0.0,0.0,0.0,0.0,Building_14,13,MASAC,0.7779510021209717,False,0.0,0.0,0.0,0.5324955582618713,15,0,0.0,0.0,-0.0,131400,-0.0,0.0,-0.4197903871536255,0.0,0.0,0.0,0.0,64,3.53208101269441,1.0,0.27970706444466487,0.0,-0.0,485.4141905975341,-0.506391167640686,CityLearnV3MADRLRewardFunction,masac_unified_comparable_v4,E2,-485.4141905975341,1907,14.695237604848451,1.0,0.16090836754023802,0.0,16
10,1.0,0.0,-0.1,-1.0,Building_15,14,MASAC,0.7779510021209717,False,0.0,0.0,0.0,0.5324955582618713,15,0,0.0,0.0,-0.0,131400,-0.0,0.0,-0.4131077826023102,0.0,0.0,0.0,0.0,92,3.102098578969259,0.9330127239227295,0.15402547679031672,0.0,-0.0,266.7651744308472,-0.506391167640686,CityLearnV3MADRLRewardFunction,masac_unified_comparable_v4,E2,-266.7651744308472,1907,14.695237604848451,1.0,0.16090836754023802,0.0,16
13,0.0,0.0,0.0,0.0,Building_16,15,MASAC,0.7779510021209717,False,0.0,0.0,0.0,0.5324955582618713,15,0,0.0,0.0,-0.0,131400,-0.0,0.0,-0.3831237852573395,0.0,0.0,0.0,0.0,113,3.0889468280737207,0.9330127239227295,0.12496560828480045,0.0,-0.0,277.72354128112795,-0.506391167640686,CityLearnV3MADRLRewardFunction,masac_unified_comparable_v4,E2,-277.72354128112795,1907,14.695237604848451,1.0,0.16090836754023802,0.0,16
13,0.0,0.0,0.0,0.0,Building_17,16,MASAC,0.7779510021209717,False,0.0,0.0,0.0,0.5324955582618713,15,0,0.0,0.0,-0.0,131400,-0.0,0.0,-0.3906135857105255,0.0,0.0,0.0,0.0,113,3.2136557366277163,0.9330127239227295,0.13236211902931727,0.0,-0.0,43.478008524322505,-0.506391167640686,CityLearnV3MADRLRewardFunction,masac_unified_comparable_v4,E2,-43.478008524322505,1907,14.695237604848451,1.0,0.16090836754023802,0.0,16
6,0.0,0.0,0.0,0.0,Building_1,0,MASAC,0.7900000214576721,True,0.0,0.0,0.0,0.5324955582618713,15,8743,0.0,0.0,-0.0,140143,0.0,433.45458984375,-0.8158589005470276,230.81263732910156,342.42913818359375,433.45458984375,433.45458984375,64,3.188271630409443,1.0,0.21177853154949844,0.0,0.0,0.0,-0.7447677850723267,CityLearnV3MADRLRewardFunction,masac_unified_comparable_v4,E2,-0.0,1907,13.82486759074872,1.0,0.1285778007401211,0.0,8759
8,0.0,0.0,0.0,0.0,Building_2,1,MASAC,0.7900000214576721,True,0.0,0.0,0.0,0.5324955582618713,15,8743,0.0,0.0,-0.0,140143,0.0,15.16435432434082,-0.7152501940727234,8.074951171875,11.979840278625488,15.16435432434082,15.16435432434082,78,3.449090152973809,1.0,0.19108950652373144,0.0,0.0,0.0,-0.7447677850723267,CityLearnV3MADRLRewardFunction,masac_unified_comparable_v4,E2,-0.0,1907,13.82486759074872,1.0,0.1285778007401211,0.0,8759
10,0.0,0.0,0.0,0.0,Building_3,2,MASAC,0.7900000214576721,True,0.0,0.0,0.0,0.5324955582618713,15,8743,0.0,0.0,-0.0,140143,0.0,94.53981018066406,-0.8158428072929382,50.3420295715332,74.68645477294922,94.53981018066406,94.53981018066406,92,3.351363262673768,1.0,0.15474307132155998,0.0,0.0,0.0,-0.7447677850723267,CityLearnV3MADRLRewardFunction,masac_unified_comparable_v4,E2,-0.0,1907,13.82486759074872,1.0,0.1285778007401211,0.0,8759
8,0.0,0.0,0.0,0.0,Building_4,3,MASAC,0.7900000214576721,True,0.0,0.0,0.0,0.5324955582618713,15,8743,0.0,0.0,-0.0,140143,0.0,31.04317283630371,-0.7870497107505798,16.530351638793945,24.524106979370117,31.04317283630371,31.04317283630371,78,3.1919722193464883,1.0,0.17155496394022918,0.0,0.0,0.0,-0.7447677850723267,CityLearnV3MADRLRewardFunction,masac_unified_comparable_v4,E2,-0.0,1907,13.82486759074872,1.0,0.1285778007401211,0.0,8759
5,0.0,0.0,0.0,0.0,Building_5,4,MASAC,0.7900000214576721,True,0.0,0.0,0.0,0.5324955582618713,15,8743,0.0,0.0,-0.0,140143,0.0,38.538970947265625,-0.8377975225448608,20.521831512451172,30.44578742980957,38.538970947265625,38.538970947265625,57,3.5473367649669054,1.0,0.28988508278863473,0.0,0.0,0.0,-0.7447677850723267,CityLearnV3MADRLRewardFunction,masac_unified_comparable_v4,E2,-0.0,1907,13.82486759074872,1.0,0.1285778007401211,0.0,8759
34,0.0,0.0,0.0,0.0,Building_6,5,MASAC,0.7900000214576721,True,0.0,0.0,0.0,0.5324955582618713,15,8743,0.0,0.0,-0.0,140143,0.0,362.8901062011719,-0.815421462059021,193.23736572265625,286.6831970214844,362.8901062011719,362.8901062011719,260,3.184799431358109,1.0,0.051325058134702534,0.0,0.0,0.0,-0.7447677850723267,CityLearnV3MADRLRewardFunction,masac_unified_comparable_v4,E2,-0.0,1907,13.82486759074872,1.0,0.1285778007401211,0.0,8759
44,0.0,0.0,0.0,0.0,Building_7,6,MASAC,0.7900000214576721,True,0.0,0.0,0.0,0.5324955582618713,15,8743,0.0,0.0,-0.0,140143,0.0,12.664111137390137,-0.6949894428253174,6.743582725524902,10.004648208618164,12.664111137390137,12.664111137390137,330,3.4108054628481037,1.0,0.044219581534465154,0.0,0.0,0.0,-0.7447677850723267,CityLearnV3MADRLRewardFunction,masac_unified_comparable_v4,E2,-0.0,1907,13.82486759074872,1.0,0.1285778007401211,0.0,8759
19,0.0,0.0,0.0,0.0,Building_8,7,MASAC,0.7900000214576721,True,0.0,0.0,0.0,0.5324955582618713,15,8743,0.0,0.0,-0.0,140143,0.0,12.065996170043945,-0.6897321343421936,6.425089359283447,9.532136917114258,12.065996170043945,12.065996170043945,155,3.465996242629598,1.0,0.09712883589729186,0.0,0.0,0.0,-0.7447677850723267,CityLearnV3MADRLRewardFunction,masac_unified_comparable_v4,E2,-0.0,1907,13.82486759074872,1.0,0.1285778007401211,0.0,8759
12,1.0,1.0,0.08333333333333333,0.0,Building_9,8,MASAC,0.7900000214576721,True,0.0,0.0,0.0,0.5324955582618713,15,8743,0.0,0.0,-0.0,140143,0.0,2.290161371231079,-0.5675019025802612,1.2195007801055908,1.8092275857925415,2.290161371231079,2.290161371231079,106,3.610639304072111,1.0,0.1559805969865817,0.0,0.0,0.0,-0.7447677850723267,CityLearnV3MADRLRewardFunction,masac_unified_comparable_v4,E2,-0.0,1907,13.82486759074872,1.0,0.1285778007401211,0.0,8759
8,0.0,0.0,0.0,0.0,Building_10,9,MASAC,0.7900000214576721,True,0.0,0.0,0.0,0.5324955582618713,15,8743,0.0,0.0,-0.0,140143,0.0,51.649574279785156,-0.8090212941169739,27.5031681060791,40.803165435791016,51.649574279785156,51.649574279785156,78,3.2461347547691064,1.0,0.17638183213197267,0.0,0.0,0.0,-0.7447677850723267,CityLearnV3MADRLRewardFunction,masac_unified_comparable_v4,E2,-0.0,1907,13.82486759074872,1.0,0.1285778007401211,0.0,8759
5,0.0,0.0,0.0,0.0,Building_11,10,MASAC,0.7900000214576721,True,0.0,0.0,0.0,0.5324955582618713,15,8743,0.0,0.0,-0.0,140143,0.0,71.54803466796875,-0.8145968317985535,38.0990104675293,56.52294921875,71.54803466796875,71.54803466796875,57,3.3680556474318344,1.0,0.2518769733346345,0.0,0.0,0.0,-0.7447677850723267,CityLearnV3MADRLRewardFunction,masac_unified_comparable_v4,E2,-0.0,1907,13.82486759074872,1.0,0.1285778007401211,0.0,8759
5,1.0,1.0,0.2,0.0,Building_12,11,MASAC,0.7900000214576721,True,0.0,0.0,0.0,0.5324955582618713,15,8743,0.0,0.0,-0.0,140143,0.0,215.11593627929688,-0.8143933415412903,114.54827880859375,169.94158935546875,215.11593627929688,215.11593627929688,57,3.21998292556272,1.0,0.24075374739211902,0.0,0.0,0.0,-0.7447677850723267,CityLearnV3MADRLRewardFunction,masac_unified_comparable_v4,E2,-0.0,1907,13.82486759074872,1.0,0.1285778007401211,0.0,8759
13,1.0,1.0,0.07692307692307693,0.0,Building_13,12,MASAC,0.7900000214576721,True,0.0,0.0,0.0,0.5324955582618713,15,8743,0.0,0.0,-0.0,140143,0.0,2.033022403717041,-0.5818101763725281,1.0825754404067993,1.6060876846313477,2.033022403717041,2.033022403717041,113,3.3905943044287765,1.0,0.12747809224951584,0.0,0.0,0.0,-0.7447677850723267,CityLearnV3MADRLRewardFunction,masac_unified_comparable_v4,E2,-0.0,1907,13.82486759074872,1.0,0.1285778007401211,0.0,8759
6,0.0,0.0,0.0,0.0,Building_14,13,MASAC,0.7900000214576721,True,0.0,0.0,0.0,0.5324955582618713,15,8743,0.0,0.0,-0.0,140143,0.0,2.6149511337280273,-0.5887984037399292,1.3924498558044434,2.0658113956451416,2.6149511337280273,2.6149511337280273,64,3.373223850681761,1.0,0.22374530299566686,0.0,0.0,0.0,-0.7447677850723267,CityLearnV3MADRLRewardFunction,masac_unified_comparable_v4,E2,-0.0,1907,13.82486759074872,1.0,0.1285778007401211,0.0,8759
10,0.0,0.0,0.0,0.0,Building_15,14,MASAC,0.7900000214576721,True,0.0,0.0,0.0,0.5324955582618713,15,8743,0.0,0.0,-0.0,140143,0.0,19.521480560302734,-0.7441018223762512,10.395101547241211,15.42197036743164,19.521480560302734,19.521480560302734,92,3.4760710521495506,1.0,0.16418258376095607,0.0,0.0,0.0,-0.7447677850723267,CityLearnV3MADRLRewardFunction,masac_unified_comparable_v4,E2,-0.0,1907,13.82486759074872,1.0,0.1285778007401211,0.0,8759
13,0.0,0.0,0.0,0.0,Building_16,15,MASAC,0.7900000214576721,True,0.0,0.0,0.0,0.5324955582618713,15,8743,0.0,0.0,-0.0,140143,0.0,54.89390563964844,-0.8100519776344299,29.23076057434082,43.366188049316406,54.89390563964844,54.89390563964844,113,3.2241384797630985,1.0,0.11981917805640044,0.0,0.0,0.0,-0.7447677850723267,CityLearnV3MADRLRewardFunction,masac_unified_comparable_v4,E2,-0.0,1907,13.82486759074872,1.0,0.1285778007401211,0.0,8759
13,1.0,1.0,0.07692307692307693,0.0,Building_17,16,MASAC,0.7900000214576721,True,0.0,0.0,0.0,0.5324955582618713,15,8743,0.0,0.0,-0.0,140143,0.0,22.46647071838379,-0.758834719657898,11.963295936584473,17.748512268066406,22.46647071838379,22.46647071838379,113,3.2608234488548136,1.0,0.1227012966322688,0.0,0.0,0.0,-0.7447677850723267,CityLearnV3MADRLRewardFunction,masac_unified_comparable_v4,E2,-0.0,1907,13.82486759074872,1.0,0.1285778007401211,0.0,8759
6,0.0,0.0,0.0,0.0,Building_1,0,MASAC,0.7838640213012695,False,0.0,0.0,0.0,0.5324955582618713,16,0,0.0,0.0,-0.0,140160,-0.0,0.0,-0.2563503384590149,0.0,0.0,0.0,0.0,64,3.171061525682436,1.0,0.22921286220662296,0.0,-0.0,1085.4224317810058,-0.3216993510723114,CityLearnV3MADRLRewardFunction,masac_unified_comparable_v4,E2,-1085.4224317810058,1907,13.73905744794207,1.0,0.1430686072519173,0.0,17
8,0.0,0.0,0.0,0.0,Building_2,1,MASAC,0.7838640213012695,False,0.0,0.0,0.0,0.5324955582618713,16,0,0.0,0.0,-0.0,140160,-0.0,0.0,-0.25351810455322266,0.0,0.0,0.0,0.0,78,3.0552599510334573,1.0,0.17492164766941315,0.0,-0.0,621.13318359375,-0.3216993510723114,CityLearnV3MADRLRewardFunction,masac_unified_comparable_v4,E2,-621.13318359375,1907,13.73905744794207,1.0,0.1430686072519173,0.0,17
10,0.0,0.0,0.0,0.0,Building_3,2,MASAC,0.7838640213012695,False,0.0,0.0,0.0,0.5324955582618713,16,0,0.0,0.0,-0.0,140160,-0.0,0.0,-0.3285181224346161,0.0,0.0,0.0,0.0,92,3.4405514505251826,1.0,0.18459459710056367,0.0,-0.0,461.77102537231445,-0.3216993510723114,CityLearnV3MADRLRewardFunction,masac_unified_comparable_v4,E2,-461.77102537231445,1907,13.73905744794207,1.0,0.1430686072519173,0.0,17
8,0.0,0.0,0.0,0.0,Building_4,3,MASAC,0.7838640213012695,False,0.0,0.0,0.0,0.5324955582618713,16,0,0.0,0.0,-0.0,140160,-0.0,0.0,-0.5947740077972412,0.0,0.0,0.0,0.0,78,3.237901815692265,1.0,0.19397020359069872,0.0,-0.0,194.04157547607423,-0.3216993510723114,CityLearnV3MADRLRewardFunction,masac_unified_comparable_v4,E2,-194.04157547607423,1907,13.73905744794207,1.0,0.1430686072519173,0.0,17
5,0.0,0.0,0.0,0.0,Building_5,4,MASAC,0.7838640213012695,False,0.0,0.0,0.0,0.5324955582618713,16,0,0.0,0.0,-0.0,140160,-0.0,0.0,-0.4261724650859833,0.0,0.0,0.0,0.0,57,3.1159679873207184,1.0,0.25189396281514254,0.0,-0.0,83.77872188110352,-0.3216993510723114,CityLearnV3MADRLRewardFunction,masac_unified_comparable_v4,E2,-83.77872188110352,1907,13.73905744794207,1.0,0.1430686072519173,0.0,17
34,0.0,0.0,0.0,0.0,Building_6,5,MASAC,0.7838640213012695,False,0.0,0.0,0.0,0.5324955582618713,16,0,0.0,0.0,-0.0,140160,-0.0,0.0,-0.5952973961830139,0.0,0.0,0.0,0.0,260,4.669497085226851,1.0,0.11543532352034862,0.0,-0.0,1603.1337769531249,-0.3216993510723114,CityLearnV3MADRLRewardFunction,masac_unified_comparable_v4,E2,-1603.1337769531249,1907,13.73905744794207,1.0,0.1430686072519173,0.0,17
44,1.0,1.0,0.022727272727272728,0.0,Building_7,6,MASAC,0.7838640213012695,False,0.0,0.0,0.0,0.5324955582618713,16,0,0.0,0.0,-0.0,140160,-0.0,0.0,-0.25351810455322266,0.0,0.0,0.0,0.0,330,3.030107751785139,1.0,0.04160575902823246,0.0,-0.0,626.2676527038574,-0.3216993510723114,CityLearnV3MADRLRewardFunction,masac_unified_comparable_v4,E2,-626.2676527038574,1907,13.73905744794207,1.0,0.1430686072519173,0.0,17
19,0.0,0.0,0.0,0.0,Building_8,7,MASAC,0.7838640213012695,False,0.0,0.0,0.0,0.5324955582618713,16,0,0.0,0.0,-0.0,140160,-0.0,0.0,-0.25351810455322266,0.0,0.0,0.0,0.0,155,3.140517386758835,1.0,0.09248569598121027,0.0,-0.0,1632.3094078430174,-0.3216993510723114,CityLearnV3MADRLRewardFunction,masac_unified_comparable_v4,E2,-1632.3094078430174,1907,13.73905744794207,1.0,0.1430686072519173,0.0,17
12,0.0,0.0,0.0,0.0,Building_9,8,MASAC,0.7838640213012695,False,0.0,0.0,0.0,0.5324955582618713,16,0,0.0,0.0,-0.0,140160,-0.0,0.0,-0.3285181224346161,0.0,0.0,0.0,0.0,106,4.183464490935265,1.0,0.2244635268096935,0.0,-0.0,344.4342955230712,-0.3216993510723114,CityLearnV3MADRLRewardFunction,masac_unified_comparable_v4,E2,-344.4342955230712,1907,13.73905744794207,1.0,0.1430686072519173,0.0,17
8,0.0,0.0,0.0,0.0,Building_10,9,MASAC,0.7838640213012695,False,0.0,0.0,0.0,0.5324955582618713,16,0,0.0,0.0,-0.0,140160,-0.0,0.0,-0.25351810455322266,0.0,0.0,0.0,0.0,78,3.1437683961809793,1.0,0.18729751175030684,0.0,-0.0,1108.4834079528807,-0.3216993510723114,CityLearnV3MADRLRewardFunction,masac_unified_comparable_v4,E2,-1108.4834079528807,1907,13.73905744794207,1.0,0.1430686072519173,0.0,17
5,0.0,0.0,0.0,0.0,Building_11,10,MASAC,0.7838640213012695,False,0.0,0.0,0.0,0.5324955582618713,16,0,0.0,0.0,-0.0,140160,-0.0,0.0,-0.25351810455322266,0.0,0.0,0.0,0.0,57,3.1634328200530195,1.0,0.2554112776068219,0.0,-0.0,3302.222151052856,-0.3216993510723114,CityLearnV3MADRLRewardFunction,masac_unified_comparable_v4,E2,-3302.222151052856,1907,13.73905744794207,1.0,0.1430686072519173,0.0,17
5,0.0,0.0,0.0,0.0,Building_12,11,MASAC,0.7838640213012695,False,0.0,0.0,0.0,0.5324955582618713,16,0,0.0,0.0,-0.0,140160,-0.0,0.0,-0.3285181224346161,0.0,0.0,0.0,0.0,57,3.1752108648034274,1.0,0.2605305228447705,0.0,-0.0,1414.2598905944824,-0.3216993510723114,CityLearnV3MADRLRewardFunction,masac_unified_comparable_v4,E2,-1414.2598905944824,1907,13.73905744794207,1.0,0.1430686072519173,0.0,17
13,0.0,0.0,0.0,0.0,Building_13,12,MASAC,0.7838640213012695,False,0.0,0.0,0.0,0.5324955582618713,16,0,0.0,0.0,-0.0,140160,-0.0,0.0,-0.25351911783218384,0.0,0.0,0.0,0.0,113,3.0560157045543734,1.0,0.12186800220371348,0.0,-0.0,210.40691840820313,-0.3216993510723114,CityLearnV3MADRLRewardFunction,masac_unified_comparable_v4,E2,-210.40691840820313,1907,13.73905744794207,1.0,0.1430686072519173,0.0,17
6,1.0,0.0,-0.16666666666666666,-1.0,Building_14,13,MASAC,0.7838640213012695,False,0.0,0.0,0.0,0.5324955582618713,16,0,0.0,0.0,-0.0,140160,-0.0,0.0,-0.3285181224346161,0.0,0.0,0.0,0.0,64,3.1388201440466243,1.0,0.2315122856234666,0.0,-0.0,1378.9328872619628,-0.3216993510723114,CityLearnV3MADRLRewardFunction,masac_unified_comparable_v4,E2,-1378.9328872619628,1907,13.73905744794207,1.0,0.1430686072519173,0.0,17
10,1.0,1.0,0.1,0.0,Building_15,14,MASAC,0.7838640213012695,False,0.0,0.0,0.0,0.5324955582618713,16,0,0.0,0.0,-0.0,140160,-0.0,0.0,-0.25351810455322266,0.0,0.0,0.0,0.0,92,3.2052292435647565,1.0,0.16139083598618922,0.0,-0.0,765.5694799682618,-0.3216993510723114,CityLearnV3MADRLRewardFunction,masac_unified_comparable_v4,E2,-765.5694799682618,1907,13.73905744794207,1.0,0.1430686072519173,0.0,17
13,0.0,0.0,0.0,0.0,Building_16,15,MASAC,0.7838640213012695,False,0.0,0.0,0.0,0.5324955582618713,16,0,0.0,0.0,-0.0,140160,-0.0,0.0,-0.25351810455322266,0.0,0.0,0.0,0.0,113,3.0391784326088542,1.0,0.12241792217292617,0.0,-0.0,796.3253127319336,-0.3216993510723114,CityLearnV3MADRLRewardFunction,masac_unified_comparable_v4,E2,-796.3253127319336,1907,13.73905744794207,1.0,0.1430686072519173,0.0,17
13,0.0,0.0,0.0,0.0,Building_17,16,MASAC,0.7838640213012695,False,0.0,0.0,0.0,0.5324955582618713,16,0,0.0,0.0,-0.0,140160,-0.0,0.0,-0.25407645106315613,0.0,0.0,0.0,0.0,113,3.211968324287017,1.0,0.1317658861522126,0.0,-0.0,124.61710368041992,-0.3216993510723114,CityLearnV3MADRLRewardFunction,masac_unified_comparable_v4,E2,-124.61710368041992,1907,13.73905744794207,1.0,0.1430686072519173,0.0,17
6,0.0,0.0,0.0,0.0,Building_1,0,MASAC,0.7900000214576721,True,0.0,0.0,0.0,0.5324955582618713,16,8742,0.0,0.0,-0.0,148902,0.0,446.8856201171875,-0.8500524163246155,237.96461486816406,353.0396423339844,446.8856201171875,446.8856201171875,64,3.3641838725308046,1.0,0.2347759788390249,0.0,0.0,0.0,-0.7937363982200623,CityLearnV3MADRLRewardFunction,masac_unified_comparable_v4,E2,-0.0,1907,14.54603771554743,1.0,0.1422411796188067,0.0,8759
8,0.0,0.0,0.0,0.0,Building_2,1,MASAC,0.7900000214576721,True,0.0,0.0,0.0,0.5324955582618713,16,8742,0.0,0.0,-0.0,148902,0.0,5.618855953216553,-0.6580063104629517,2.992015838623047,4.438896179199219,5.618855953216553,5.618855953216553,78,3.558614950681697,1.0,0.2033435331705289,0.0,0.0,0.0,-0.7937363982200623,CityLearnV3MADRLRewardFunction,masac_unified_comparable_v4,E2,-0.0,1907,14.54603771554743,1.0,0.1422411796188067,0.0,8759
10,0.0,0.0,0.0,0.0,Building_3,2,MASAC,0.7900000214576721,True,0.0,0.0,0.0,0.5324955582618713,16,8742,0.0,0.0,-0.0,148902,0.0,98.17061614990234,-0.8500533699989319,52.27541732788086,77.5547866821289,98.17061614990234,98.17061614990234,92,3.519739597562407,1.0,0.17070439101561255,0.0,0.0,0.0,-0.7937363982200623,CityLearnV3MADRLRewardFunction,masac_unified_comparable_v4,E2,-0.0,1907,14.54603771554743,1.0,0.1422411796188067,0.0,8759
8,0.0,0.0,0.0,0.0,Building_4,3,MASAC,0.7900000214576721,True,0.0,0.0,0.0,0.5324955582618713,16,8742,0.0,0.0,-0.0,148902,0.0,28.84416961669922,-0.8168185949325562,15.359392166137695,22.786893844604492,28.84416961669922,28.84416961669922,78,3.5007850692386504,1.0,0.20015477217160738,0.0,0.0,0.0,-0.7937363982200623,CityLearnV3MADRLRewardFunction,masac_unified_comparable_v4,E2,-0.0,1907,14.54603771554743,1.0,0.1422411796188067,0.0,8759
5,0.0,0.0,0.0,0.0,Building_5,4,MASAC,0.7900000214576721,True,0.0,0.0,0.0,0.5324955582618713,16,8742,0.0,0.0,-0.0,148902,0.0,37.89287567138672,-0.8713376522064209,20.17778778076172,29.935373306274414,37.89287567138672,37.89287567138672,57,3.7380195856002847,1.0,0.3178342301071736,0.0,0.0,0.0,-0.7937363982200623,CityLearnV3MADRLRewardFunction,masac_unified_comparable_v4,E2,-0.0,1907,14.54603771554743,1.0,0.1422411796188067,0.0,8759
34,0.0,0.0,0.0,0.0,Building_6,5,MASAC,0.7900000214576721,True,0.0,0.0,0.0,0.5324955582618713,16,8742,0.0,0.0,-0.0,148902,0.0,350.8894348144531,-0.8504716157913208,186.84706115722656,277.2026672363281,350.8894348144531,350.8894348144531,260,3.375125083356014,1.0,0.057587155126608336,0.0,0.0,0.0,-0.7937363982200623,CityLearnV3MADRLRewardFunction,masac_unified_comparable_v4,E2,-0.0,1907,14.54603771554743,1.0,0.1422411796188067,0.0,8759
44,1.0,1.0,0.022727272727272728,0.0,Building_7,6,MASAC,0.7900000214576721,True,0.0,0.0,0.0,0.5324955582618713,16,8742,0.0,0.0,-0.0,148902,0.0,18.66022491455078,-0.7729735970497131,9.936487197875977,14.741578102111816,18.66022491455078,18.66022491455078,330,3.536159108053511,1.0,0.04835887307470495,0.0,0.0,0.0,-0.7937363982200623,CityLearnV3MADRLRewardFunction,masac_unified_comparable_v4,E2,-0.0,1907,14.54603771554743,1.0,0.1422411796188067,0.0,8759
19,0.0,0.0,0.0,0.0,Building_8,7,MASAC,0.7900000214576721,True,0.0,0.0,0.0,0.5324955582618713,16,8742,0.0,0.0,-0.0,148902,0.0,19.251495361328125,-0.7765461802482605,10.251336097717285,15.2086820602417,19.251495361328125,19.251495361328125,155,3.68722248495716,1.0,0.1086462966857418,0.0,0.0,0.0,-0.7937363982200623,CityLearnV3MADRLRewardFunction,masac_unified_comparable_v4,E2,-0.0,1907,14.54603771554743,1.0,0.1422411796188067,0.0,8759
12,1.0,1.0,0.08333333333333333,0.0,Building_9,8,MASAC,0.7900000214576721,True,0.0,0.0,0.0,0.5324955582618713,16,8742,0.0,0.0,-0.0,148902,0.0,2.4506425857543945,-0.6035807728767395,1.304956316947937,1.9360077381134033,2.4506425857543945,2.4506425857543945,106,3.8052086322102525,1.0,0.1732762984509738,0.0,0.0,0.0,-0.7937363982200623,CityLearnV3MADRLRewardFunction,masac_unified_comparable_v4,E2,-0.0,1907,14.54603771554743,1.0,0.1422411796188067,0.0,8759
8,1.0,1.0,0.125,0.0,Building_10,9,MASAC,0.7900000214576721,True,0.0,0.0,0.0,0.5324955582618713,16,8742,0.0,0.0,-0.0,148902,0.0,34.33414077758789,-0.8290737867355347,18.282777786254883,27.123971939086914,34.33414077758789,34.33414077758789,78,3.52628658617051,1.0,0.20263166582355133,0.0,0.0,0.0,-0.7937363982200623,CityLearnV3MADRLRewardFunction,masac_unified_comparable_v4,E2,-0.0,1907,14.54603771554743,1.0,0.1422411796188067,0.0,8759
5,0.0,0.0,0.0,0.0,Building_11,10,MASAC,0.7900000214576721,True,0.0,0.0,0.0,0.5324955582618713,16,8742,0.0,0.0,-0.0,148902,0.0,57.917564392089844,-0.8465447425842285,30.840845108032227,45.754878997802734,57.917564392089844,57.917564392089844,57,3.510112033317986,1.0,0.27494416791096066,0.0,0.0,0.0,-0.7937363982200623,CityLearnV3MADRLRewardFunction,masac_unified_comparable_v4,E2,-0.0,1907,14.54603771554743,1.0,0.1422411796188067,0.0,8759
5,0.0,0.0,0.0,0.0,Building_12,11,MASAC,0.7900000214576721,True,0.0,0.0,0.0,0.5324955582618713,16,8742,0.0,0.0,-0.0,148902,0.0,182.6020965576172,-0.8502643704414368,97.23480224609375,144.2556610107422,182.6020965576172,182.6020965576172,57,3.428579006002263,1.0,0.2684685912048608,0.0,0.0,0.0,-0.7937363982200623,CityLearnV3MADRLRewardFunction,masac_unified_comparable_v4,E2,-0.0,1907,14.54603771554743,1.0,0.1422411796188067,0.0,8759
13,1.0,1.0,0.07692307692307693,0.0,Building_13,12,MASAC,0.7900000214576721,True,67.3597412109375,0.0,0.0,0.5324955582618713,16,8742,0.0,0.0,-0.0,148902,0.0,70.14910888671875,-0.8772857785224915,37.354087829589844,55.41779708862305,70.14910888671875,2.78936767578125,113,3.4437149174547015,1.0,0.13410100921065407,0.0,0.0,0.0,-0.7937363982200623,CityLearnV3MADRLRewardFunction,masac_unified_comparable_v4,E2,-0.0,1907,14.54603771554743,1.0,0.1422411796188067,0.0,8759
6,0.0,0.0,0.0,0.0,Building_14,13,MASAC,0.7900000214576721,True,0.0,0.0,0.0,0.5324955582618713,16,8742,0.0,0.0,-0.0,148902,0.0,2.485826015472412,-0.6213120818138123,1.3236913681030273,1.9638025760650635,2.485826015472412,2.485826015472412,64,3.4393827130026007,1.0,0.23830230487510562,0.0,0.0,0.0,-0.7937363982200623,CityLearnV3MADRLRewardFunction,masac_unified_comparable_v4,E2,-0.0,1907,14.54603771554743,1.0,0.1422411796188067,0.0,8759
10,0.0,0.0,0.0,0.0,Building_15,14,MASAC,0.7900000214576721,True,0.0,0.0,0.0,0.5324955582618713,16,8742,0.0,0.0,-0.0,148902,0.0,20.5941162109375,-0.7841548323631287,10.966275215148926,16.269351959228516,20.5941162109375,20.5941162109375,92,3.6447397108337194,1.0,0.18039486816395883,0.0,0.0,0.0,-0.7937363982200623,CityLearnV3MADRLRewardFunction,masac_unified_comparable_v4,E2,-0.0,1907,14.54603771554743,1.0,0.1422411796188067,0.0,8759
13,0.0,0.0,0.0,0.0,Building_16,15,MASAC,0.7900000214576721,True,0.0,0.0,0.0,0.5324955582618713,16,8742,0.0,0.0,-0.0,148902,0.0,103.13050842285156,-0.8484154939651489,54.91653823852539,81.47310638427734,103.13050842285156,103.13050842285156,113,3.435154961649786,1.0,0.13743615124077924,0.0,0.0,0.0,-0.7937363982200623,CityLearnV3MADRLRewardFunction,masac_unified_comparable_v4,E2,-0.0,1907,14.54603771554743,1.0,0.1422411796188067,0.0,8759
13,0.0,0.0,0.0,0.0,Building_17,16,MASAC,0.7900000214576721,True,0.0,0.0,0.0,0.5324955582618713,16,8742,0.0,0.0,-0.0,148902,0.0,21.1981143951416,-0.7866272926330566,11.287901878356934,16.746511459350586,21.1981143951416,21.1981143951416,113,3.425506209396886,1.0,0.1370293822436206,0.0,0.0,0.0,-0.7937363982200623,CityLearnV3MADRLRewardFunction,masac_unified_comparable_v4,E2,-0.0,1907,14.54603771554743,1.0,0.1422411796188067,0.0,8759
6,0.0,0.0,0.0,0.0,Building_1,0,MASAC,0.7900000214576721,False,0.0,0.0,0.0,0.5324955582618713,17,0,0.0,0.0,-0.0,148920,-0.0,0.0,-0.4973089396953583,0.0,0.0,0.0,0.0,64,3.297719479353065,1.0,0.2348993739578873,0.0,-0.0,1558.2319407165526,-0.30748602747917175,CityLearnV3MADRLRewardFunction,masac_unified_comparable_v4,E2,-1558.2319407165526,1907,14.214020190603085,1.0,0.14377804791850762,0.0,18
8,1.0,0.0,-0.125,-1.0,Building_2,1,MASAC,0.7900000214576721,False,0.0,0.0,0.0,0.5324955582618713,17,0,0.0,0.0,-0.0,148920,-0.0,0.0,-0.26192760467529297,0.0,0.0,0.0,0.0,78,3.334666990968045,1.0,0.19052936136722565,0.0,-0.0,891.30966796875,-0.30748602747917175,CityLearnV3MADRLRewardFunction,masac_unified_comparable_v4,E2,-891.30966796875,1907,14.214020190603085,1.0,0.14377804791850762,0.0,18
10,0.0,0.0,0.0,0.0,Building_3,2,MASAC,0.7900000214576721,False,0.0,0.0,0.0,0.5324955582618713,17,0,0.0,0.0,-0.0,148920,-0.0,0.0,-0.3075842559337616,0.0,0.0,0.0,0.0,92,3.329908564867835,1.0,0.16753640163527883,0.0,-0.0,663.0014408630371,-0.30748602747917175,CityLearnV3MADRLRewardFunction,masac_unified_comparable_v4,E2,-663.0014408630371,1907,14.214020190603085,1.0,0.14377804791850762,0.0,18
8,0.0,0.0,0.0,0.0,Building_4,3,MASAC,0.7900000214576721,False,0.0,0.0,0.0,0.5324955582618713,17,0,0.0,0.0,-0.0,148920,-0.0,0.0,-0.49796879291534424,0.0,0.0,0.0,0.0,78,3.3144316817257424,1.0,0.19813632659423044,0.0,-0.0,278.4529796020508,-0.30748602747917175,CityLearnV3MADRLRewardFunction,masac_unified_comparable_v4,E2,-278.4529796020508,1907,14.214020190603085,1.0,0.14377804791850762,0.0,18
5,1.0,1.0,0.2,0.0,Building_5,4,MASAC,0.7900000214576721,False,0.0,0.0,0.0,0.5324955582618713,17,0,0.0,0.0,-0.0,148920,-0.0,0.0,-0.49526727199554443,0.0,0.0,0.0,0.0,57,3.2799155824234574,1.0,0.26208881654760297,0.0,-0.0,120.84991875915527,-0.30748602747917175,CityLearnV3MADRLRewardFunction,masac_unified_comparable_v4,E2,-120.84991875915527,1907,14.214020190603085,1.0,0.14377804791850762,0.0,18
34,1.0,1.0,0.029411764705882353,0.0,Building_6,5,MASAC,0.7900000214576721,False,0.0,0.0,0.0,0.5324955582618713,17,0,0.0,0.0,-0.0,148920,-0.0,0.0,-0.573793888092041,0.0,0.0,0.0,0.0,260,3.919902824703456,1.0,0.08064744922404106,0.0,-0.0,2298.6734175903316,-0.30748602747917175,CityLearnV3MADRLRewardFunction,masac_unified_comparable_v4,E2,-2298.6734175903316,1907,14.214020190603085,1.0,0.14377804791850762,0.0,18
44,0.0,0.0,0.0,0.0,Building_7,6,MASAC,0.7900000214576721,False,0.0,0.0,0.0,0.5324955582618713,17,0,0.0,0.0,-0.0,148920,-0.0,0.0,-0.23194392025470734,0.0,0.0,0.0,0.0,330,3.3448391720578052,1.0,0.04561316208405928,0.0,-0.0,900.7182205169678,-0.30748602747917175,CityLearnV3MADRLRewardFunction,masac_unified_comparable_v4,E2,-900.7182205169678,1907,14.214020190603085,1.0,0.14377804791850762,0.0,18
19,1.0,1.0,0.05263157894736842,0.0,Building_8,7,MASAC,0.7900000214576721,False,0.0,0.0,0.0,0.5324955582618713,17,0,0.0,0.0,-0.0,148920,-0.0,0.0,-0.23194390535354614,0.0,0.0,0.0,0.0,155,3.3921349288711755,1.0,0.10005695223808289,0.0,-0.0,2340.381523382568,-0.30748602747917175,CityLearnV3MADRLRewardFunction,masac_unified_comparable_v4,E2,-2340.381523382568,1907,14.214020190603085,1.0,0.14377804791850762,0.0,18
12,1.0,1.0,0.08333333333333333,0.0,Building_9,8,MASAC,0.7900000214576721,False,0.0,0.0,0.0,0.5324955582618713,17,0,0.0,0.0,-0.0,148920,-0.0,0.0,-0.26760223507881165,0.0,0.0,0.0,0.0,106,4.158982513774711,1.0,0.21608585013814693,0.0,-0.0,495.4817534667968,-0.30748602747917175,CityLearnV3MADRLRewardFunction,masac_unified_comparable_v4,E2,-495.4817534667968,1907,14.214020190603085,1.0,0.14377804791850762,0.0,18
8,0.0,0.0,0.0,0.0,Building_10,9,MASAC,0.7900000214576721,False,0.0,0.0,0.0,0.5324955582618713,17,0,0.0,0.0,-0.0,148920,-0.0,0.0,-0.23194390535354614,0.0,0.0,0.0,0.0,78,3.339875330402816,1.0,0.19377242224529767,0.0,-0.0,1591.228330114746,-0.30748602747917175,CityLearnV3MADRLRewardFunction,masac_unified_comparable_v4,E2,-1591.228330114746,1907,14.214020190603085,1.0,0.14377804791850762,0.0,18
5,0.0,0.0,0.0,0.0,Building_11,10,MASAC,0.7900000214576721,False,0.0,0.0,0.0,0.5324955582618713,17,0,0.0,0.0,-0.0,148920,-0.0,0.0,-0.23194390535354614,0.0,0.0,0.0,0.0,57,3.5581002714712597,1.0,0.2942846491932869,0.0,-0.0,4745.270155792236,-0.30748602747917175,CityLearnV3MADRLRewardFunction,masac_unified_comparable_v4,E2,-4745.270155792236,1907,14.214020190603085,1.0,0.14377804791850762,0.0,18
5,0.0,0.0,0.0,0.0,Building_12,11,MASAC,0.7900000214576721,False,0.0,0.0,0.0,0.5324955582618713,17,0,0.0,0.0,-0.0,148920,-0.0,0.0,-0.23194390535354614,0.0,0.0,0.0,0.0,57,3.4107850490256904,1.0,0.2779029039175887,0.0,-0.0,2028.618447265625,-0.30748602747917175,CityLearnV3MADRLRewardFunction,masac_unified_comparable_v4,E2,-2028.618447265625,1907,14.214020190603085,1.0,0.14377804791850762,0.0,18
13,1.0,1.0,0.07692307692307693,0.0,Building_13,12,MASAC,0.7900000214576721,False,0.0,0.0,0.0,0.5324955582618713,17,0,0.0,0.0,-0.0,148920,-0.0,0.0,-0.2320806384086609,0.0,0.0,0.0,0.0,113,3.3938244436929024,1.0,0.13517500341466043,0.0,-0.0,302.1714635437012,-0.30748602747917175,CityLearnV3MADRLRewardFunction,masac_unified_comparable_v4,E2,-302.1714635437012,1907,14.214020190603085,1.0,0.14377804791850762,0.0,18
6,0.0,0.0,0.0,0.0,Building_14,13,MASAC,0.7900000214576721,False,0.0,0.0,0.0,0.5324955582618713,17,0,0.0,0.0,-0.0,148920,-0.0,0.0,-0.23194390535354614,0.0,0.0,0.0,0.0,64,3.3471689305040817,1.0,0.23674163781106472,0.0,-0.0,1978.0974803100585,-0.30748602747917175,CityLearnV3MADRLRewardFunction,masac_unified_comparable_v4,E2,-1978.0974803100585,1907,14.214020190603085,1.0,0.14377804791850762,0.0,18
10,0.0,0.0,0.0,0.0,Building_15,14,MASAC,0.7900000214576721,False,0.0,0.0,0.0,0.5324955582618713,17,0,0.0,0.0,-0.0,148920,-0.0,0.0,-0.23194390535354614,0.0,0.0,0.0,0.0,92,3.3530512776661943,1.0,0.1652398750833843,0.0,-0.0,1100.4437815185547,-0.30748602747917175,CityLearnV3MADRLRewardFunction,masac_unified_comparable_v4,E2,-1100.4437815185547,1907,14.214020190603085,1.0,0.14377804791850762,0.0,18
13,0.0,0.0,0.0,0.0,Building_16,15,MASAC,0.7900000214576721,False,0.0,0.0,0.0,0.5324955582618713,17,0,0.0,0.0,-0.0,148920,-0.0,0.0,-0.23194390535354614,0.0,0.0,0.0,0.0,113,3.3083450390391835,1.0,0.1317530683184092,0.0,-0.0,1144.4736853271486,-0.30748602747917175,CityLearnV3MADRLRewardFunction,masac_unified_comparable_v4,E2,-1144.4736853271486,1907,14.214020190603085,1.0,0.14377804791850762,0.0,18
13,0.0,0.0,0.0,0.0,Building_17,16,MASAC,0.7900000214576721,False,0.0,0.0,0.0,0.5324955582618713,17,0,0.0,0.0,-0.0,148920,-0.0,0.0,-0.2381775826215744,0.0,0.0,0.0,0.0,113,3.3906536343327813,1.0,0.13984857875425205,0.0,-0.0,178.80178275146483,-0.30748602747917175,CityLearnV3MADRLRewardFunction,masac_unified_comparable_v4,E2,-178.80178275146483,1907,14.214020190603085,1.0,0.14377804791850762,0.0,18
6,0.0,0.0,0.0,0.0,Building_1,0,MASAC,0.7900000214576721,True,0.0,0.0,0.0,0.5324955582618713,17,8741,0.0,0.0,-0.0,157661,0.0,391.586669921875,-0.7356509566307068,208.51815795898438,309.3534851074219,391.586669921875,391.586669921875,64,3.3146343227888506,1.0,0.22407825756818056,0.0,0.0,0.0,-0.6297582983970642,CityLearnV3MADRLRewardFunction,masac_unified_comparable_v4,E2,-0.0,1907,14.153162090749435,1.0,0.13326134472132103,0.0,8759
8,0.0,0.0,0.0,0.0,Building_2,1,MASAC,0.7900000214576721,True,0.0,0.0,0.0,0.5324955582618713,17,8741,0.0,0.0,-0.0,157661,0.0,0.1848604530096054,-0.47854265570640564,0.0984373688697815,0.14603976905345917,0.1848604530096054,0.1848604530096054,78,3.5192298011898386,1.0,0.19385110682401901,0.0,0.0,0.0,-0.6297582983970642,CityLearnV3MADRLRewardFunction,masac_unified_comparable_v4,E2,-0.0,1907,14.153162090749435,1.0,0.13326134472132103,0.0,8759
10,0.0,0.0,0.0,0.0,Building_3,2,MASAC,0.7900000214576721,True,0.0,0.0,0.0,0.5324955582618713,17,8741,0.0,0.0,-0.0,157661,0.0,39.0087890625,-0.7207390666007996,20.77200698852539,30.816944122314453,39.0087890625,39.0087890625,92,3.363892346862008,1.0,0.15763419542623602,0.0,0.0,0.0,-0.6297582983970642,CityLearnV3MADRLRewardFunction,masac_unified_comparable_v4,E2,-0.0,1907,14.153162090749435,1.0,0.13326134472132103,0.0,8759
8,0.0,0.0,0.0,0.0,Building_4,3,MASAC,0.7900000214576721,True,0.0,0.0,0.0,0.5324955582618713,17,8741,0.0,0.0,-0.0,157661,0.0,36.67196273803711,-0.7179687023162842,19.52765655517578,28.97085189819336,36.67196273803711,36.67196273803711,78,3.409135185570114,1.0,0.18799370259810716,0.0,0.0,0.0,-0.6297582983970642,CityLearnV3MADRLRewardFunction,masac_unified_comparable_v4,E2,-0.0,1907,14.153162090749435,1.0,0.13326134472132103,0.0,8759
5,0.0,0.0,0.0,0.0,Building_5,4,MASAC,0.7900000214576721,True,0.0,0.0,0.0,0.5324955582618713,17,8741,0.0,0.0,-0.0,157661,0.0,54.225337982177734,-0.7669532299041748,28.874752044677734,42.838016510009766,54.225337982177734,54.225337982177734,57,3.5477353266048377,1.0,0.2928947437750666,0.0,0.0,0.0,-0.6297582983970642,CityLearnV3MADRLRewardFunction,masac_unified_comparable_v4,E2,-0.0,1907,14.153162090749435,1.0,0.13326134472132103,0.0,8759
34,0.0,0.0,0.0,0.0,Building_6,5,MASAC,0.7900000214576721,True,0.0,0.0,0.0,0.5324955582618713,17,8741,0.0,0.0,-0.0,157661,0.0,348.8946838378906,-0.7345908284187317,185.7848663330078,275.6268005371094,348.8946838378906,348.8946838378906,260,3.2565804281075437,1.0,0.05318258582399442,0.0,0.0,0.0,-0.6297582983970642,CityLearnV3MADRLRewardFunction,masac_unified_comparable_v4,E2,-0.0,1907,14.153162090749435,1.0,0.13326134472132103,0.0,8759
44,0.0,0.0,0.0,0.0,Building_7,6,MASAC,0.7900000214576721,True,0.0,0.0,0.0,0.5324955582618713,17,8741,0.0,0.0,-0.0,157661,0.0,2.9800853729248047,-0.5121579170227051,1.58688223361969,2.3542675971984863,2.9800853729248047,2.9800853729248047,330,3.3663060426712783,1.0,0.04349025413393974,0.0,0.0,0.0,-0.6297582983970642,CityLearnV3MADRLRewardFunction,masac_unified_comparable_v4,E2,-0.0,1907,14.153162090749435,1.0,0.13326134472132103,0.0,8759
19,0.0,0.0,0.0,0.0,Building_8,7,MASAC,0.7900000214576721,True,0.0,0.0,0.0,0.5324955582618713,17,8741,0.0,0.0,-0.0,157661,0.0,6.19936990737915,-0.5494003891944885,3.3011369705200195,4.897502422332764,6.19936990737915,6.19936990737915,155,3.432872301681704,1.0,0.0968652723296996,0.0,0.0,0.0,-0.6297582983970642,CityLearnV3MADRLRewardFunction,masac_unified_comparable_v4,E2,-0.0,1907,14.153162090749435,1.0,0.13326134472132103,0.0,8759
12,0.0,0.0,0.0,0.0,Building_9,8,MASAC,0.7900000214576721,True,0.0,0.0,0.0,0.5324955582618713,17,8741,0.0,0.0,-0.0,157661,0.0,2.1350696086883545,-0.48472103476524353,1.1369150876998901,1.6867049932479858,2.1350696086883545,2.1350696086883545,106,3.617569681357312,1.0,0.15764814221634055,0.0,0.0,0.0,-0.6297582983970642,CityLearnV3MADRLRewardFunction,masac_unified_comparable_v4,E2,-0.0,1907,14.153162090749435,1.0,0.13326134472132103,0.0,8759
8,0.0,0.0,0.0,0.0,Building_10,9,MASAC,0.7900000214576721,True,0.0,0.0,0.0,0.5324955582618713,17,8741,0.0,0.0,-0.0,157661,0.0,16.451881408691406,-0.6432932019233704,8.760553359985352,12.996986389160156,16.451881408691406,16.451881408691406,78,3.3666978422479943,1.0,0.1860879960541542,0.0,0.0,0.0,-0.6297582983970642,CityLearnV3MADRLRewardFunction,masac_unified_comparable_v4,E2,-0.0,1907,14.153162090749435,1.0,0.13326134472132103,0.0,8759
5,0.0,0.0,0.0,0.0,Building_11,10,MASAC,0.7900000214576721,True,0.0,0.0,0.0,0.5324955582618713,17,8741,0.0,0.0,-0.0,157661,0.0,66.45198059082031,-0.7333967089653015,35.38538360595703,52.497066497802734,66.45198059082031,66.45198059082031,57,3.4736638577731225,1.0,0.26201674760433663,0.0,0.0,0.0,-0.6297582983970642,CityLearnV3MADRLRewardFunction,masac_unified_comparable_v4,E2,-0.0,1907,14.153162090749435,1.0,0.13326134472132103,0.0,8759
5,0.0,0.0,0.0,0.0,Building_12,11,MASAC,0.7900000214576721,True,0.0,0.0,0.0,0.5324955582618713,17,8741,0.0,0.0,-0.0,157661,0.0,155.388671875,-0.7356029152870178,82.7437744140625,122.7570571899414,155.388671875,155.388671875,57,3.4365158932598616,1.0,0.26253816825256016,0.0,0.0,0.0,-0.6297582983970642,CityLearnV3MADRLRewardFunction,masac_unified_comparable_v4,E2,-0.0,1907,14.153162090749435,1.0,0.13326134472132103,0.0,8759
13,0.0,0.0,0.0,0.0,Building_13,12,MASAC,0.7900000214576721,True,0.0,0.0,0.0,0.5324955582618713,17,8741,0.0,0.0,-0.0,157661,0.0,0.1047736182808876,-0.4775645434856415,0.05579148605465889,0.08277115970849991,0.1047736182808876,0.1047736182808876,113,3.36388536912828,1.0,0.12615370921856534,0.0,0.0,0.0,-0.6297582983970642,CityLearnV3MADRLRewardFunction,masac_unified_comparable_v4,E2,-0.0,1907,14.153162090749435,1.0,0.13326134472132103,0.0,8759
6,0.0,0.0,0.0,0.0,Building_14,13,MASAC,0.7900000214576721,True,0.0,0.0,0.0,0.5324955582618713,17,8741,0.0,0.0,-0.0,157661,0.0,1.3521205186843872,-0.4927091896533966,0.7199981808662415,1.068175196647644,1.3521205186843872,1.3521205186843872,64,3.502522601767142,1.0,0.23516952944919467,0.0,0.0,0.0,-0.6297582983970642,CityLearnV3MADRLRewardFunction,masac_unified_comparable_v4,E2,-0.0,1907,14.153162090749435,1.0,0.13326134472132103,0.0,8759
10,1.0,1.0,0.1,0.0,Building_15,14,MASAC,0.7900000214576721,True,0.0,0.0,0.0,0.5324955582618713,17,8741,0.0,0.0,-0.0,157661,0.0,15.147623062133789,-0.6342407464981079,8.066041946411133,11.966622352600098,15.147623062133789,15.147623062133789,92,3.5443415717447424,1.0,0.1689851640359215,0.0,0.0,0.0,-0.6297582983970642,CityLearnV3MADRLRewardFunction,masac_unified_comparable_v4,E2,-0.0,1907,14.153162090749435,1.0,0.13326134472132103,0.0,8759
13,1.0,1.0,0.07692307692307693,0.0,Building_16,15,MASAC,0.7900000214576721,True,0.0,0.0,0.0,0.5324955582618713,17,8741,0.0,0.0,-0.0,157661,0.0,11.957420349121094,-0.6078457832336426,6.367273330688477,9.446362495422363,11.957420349121094,11.957420349121094,113,3.451501297344106,1.0,0.13139654128952363,0.0,0.0,0.0,-0.6297582983970642,CityLearnV3MADRLRewardFunction,masac_unified_comparable_v4,E2,-0.0,1907,14.153162090749435,1.0,0.13326134472132103,0.0,8759
13,0.0,0.0,0.0,0.0,Building_17,16,MASAC,0.7900000214576721,True,0.0,0.0,0.0,0.5324955582618713,17,8741,0.0,0.0,-0.0,157661,0.0,23.087642669677734,-0.680513858795166,12.2940673828125,18.239238739013672,23.087642669677734,23.087642669677734,113,3.3671677152649946,1.0,0.13086637828202374,0.0,0.0,0.0,-0.6297582983970642,CityLearnV3MADRLRewardFunction,masac_unified_comparable_v4,E2,-0.0,1907,14.153162090749435,1.0,0.13326134472132103,0.0,8759
6,1.0,0.0,-0.16666666666666666,-1.0,Building_1,0,MASAC,0.7900000214576721,False,0.0,0.0,0.0,0.5324955582618713,18,0,0.0,0.0,-0.0,157680,-0.0,0.0,-0.03706011548638344,0.0,0.0,0.0,0.0,64,3.1557048837564716,1.0,0.22273708216380328,0.0,0.0,0.0,-0.040943022817373276,CityLearnV3MADRLRewardFunction,masac_unified_comparable_v4,E2,-0.0,1907,13.757130242516546,1.0,0.13882693718468325,0.0,19
8,0.0,0.0,0.0,0.0,Building_2,1,MASAC,0.7900000214576721,False,0.0,0.0,0.0,0.5324955582618713,18,0,0.0,0.0,-0.0,157680,-0.0,0.0,-0.03706011548638344,0.0,0.0,0.0,0.0,78,3.2554060384488213,1.0,0.18832295779616404,0.0,0.0,0.0,-0.040943022817373276,CityLearnV3MADRLRewardFunction,masac_unified_comparable_v4,E2,-0.0,1907,13.757130242516546,1.0,0.13882693718468325,0.0,19
10,1.0,0.0,-0.1,-1.0,Building_3,2,MASAC,0.7900000214576721,False,0.0,0.0,0.0,0.5324955582618713,18,0,0.0,0.0,-0.0,157680,-0.0,0.0,-0.0670495554804802,0.0,0.0,0.0,0.0,92,3.252359792481963,1.0,0.16370439480828203,0.0,0.0,0.0,-0.040943022817373276,CityLearnV3MADRLRewardFunction,masac_unified_comparable_v4,E2,-0.0,1907,13.757130242516546,1.0,0.13882693718468325,0.0,19
8,1.0,1.0,0.125,0.0,Building_4,3,MASAC,0.7900000214576721,False,0.0,0.0,0.0,0.5324955582618713,18,0,0.0,0.0,-0.0,157680,-0.0,0.0,-0.03706366568803787,0.0,0.0,0.0,0.0,78,3.1478382579005464,1.0,0.18118338391948968,0.0,0.0,0.0,-0.040943022817373276,CityLearnV3MADRLRewardFunction,masac_unified_comparable_v4,E2,-0.0,1907,13.757130242516546,1.0,0.13882693718468325,0.0,19
5,0.0,0.0,0.0,0.0,Building_5,4,MASAC,0.7900000214576721,False,0.0,0.0,0.0,0.5324955582618713,18,0,0.0,0.0,-0.0,157680,-0.0,0.0,-0.03742004185914993,0.0,0.0,0.0,0.0,57,3.7487901824632677,1.0,0.3281809781727038,0.0,0.0,0.0,-0.040943022817373276,CityLearnV3MADRLRewardFunction,masac_unified_comparable_v4,E2,-0.0,1907,13.757130242516546,1.0,0.13882693718468325,0.0,19
34,0.0,0.0,0.0,0.0,Building_6,5,MASAC,0.7900000214576721,False,0.0,0.0,0.0,0.5324955582618713,18,0,0.0,0.0,-0.0,157680,-0.0,0.0,-0.11206011474132538,0.0,0.0,0.0,0.0,260,3.417324892716726,1.0,0.06319330275918429,0.0,0.0,0.0,-0.040943022817373276,CityLearnV3MADRLRewardFunction,masac_unified_comparable_v4,E2,-0.0,1907,13.757130242516546,1.0,0.13882693718468325,0.0,19
44,1.0,1.0,0.022727272727272728,0.0,Building_7,6,MASAC,0.7900000214576721,False,0.0,0.0,0.0,0.5324955582618713,18,0,0.0,0.0,-0.0,157680,-0.0,0.0,-0.03706011548638344,0.0,0.0,0.0,0.0,330,3.2103110263539696,1.0,0.043769987785454954,0.0,0.0,0.0,-0.040943022817373276,CityLearnV3MADRLRewardFunction,masac_unified_comparable_v4,E2,-0.0,1907,13.757130242516546,1.0,0.13882693718468325,0.0,19
19,0.0,0.0,0.0,0.0,Building_8,7,MASAC,0.7900000214576721,False,0.0,0.0,0.0,0.5324955582618713,18,0,0.0,0.0,-0.0,157680,-0.0,0.0,-0.03706011548638344,0.0,0.0,0.0,0.0,155,3.192655115359486,1.0,0.09280972110648308,0.0,0.0,0.0,-0.040943022817373276,CityLearnV3MADRLRewardFunction,masac_unified_comparable_v4,E2,-0.0,1907,13.757130242516546,1.0,0.13882693718468325,0.0,19
12,0.0,0.0,0.0,0.0,Building_9,8,MASAC,0.7900000214576721,False,0.0,0.0,0.0,0.5324955582618713,18,0,0.0,0.0,-0.0,157680,-0.0,0.0,0.0022838020231574774,0.0,0.0,0.0,0.0,106,4.1000950463809005,1.0,0.21301176504425282,0.0,0.0,0.0,-0.040943022817373276,CityLearnV3MADRLRewardFunction,masac_unified_comparable_v4,E2,-0.0,1907,13.757130242516546,1.0,0.13882693718468325,0.0,19
8,0.0,0.0,0.0,0.0,Building_10,9,MASAC,0.7900000214576721,False,0.0,0.0,0.0,0.5324955582618713,18,0,0.0,0.0,-0.0,157680,-0.0,0.0,-0.03706011548638344,0.0,0.0,0.0,0.0,78,3.2285911437823174,1.0,0.18862691760445252,0.0,0.0,0.0,-0.040943022817373276,CityLearnV3MADRLRewardFunction,masac_unified_comparable_v4,E2,-0.0,1907,13.757130242516546,1.0,0.13882693718468325,0.0,19
5,0.0,0.0,0.0,0.0,Building_11,10,MASAC,0.7900000214576721,False,0.0,0.0,0.0,0.5324955582618713,18,0,0.0,0.0,-0.0,157680,-0.0,0.0,-0.03706011548638344,0.0,0.0,0.0,0.0,57,3.3384679843565936,1.0,0.27581341172519486,0.0,0.0,0.0,-0.040943022817373276,CityLearnV3MADRLRewardFunction,masac_unified_comparable_v4,E2,-0.0,1907,13.757130242516546,1.0,0.13882693718468325,0.0,19
5,0.0,0.0,0.0,0.0,Building_12,11,MASAC,0.7900000214576721,False,0.0,0.0,0.0,0.5324955582618713,18,0,0.0,0.0,-0.0,157680,-0.0,0.0,-0.03706011548638344,0.0,0.0,0.0,0.0,57,3.264578952147016,1.0,0.2625027691063128,0.0,0.0,0.0,-0.040943022817373276,CityLearnV3MADRLRewardFunction,masac_unified_comparable_v4,E2,-0.0,1907,13.757130242516546,1.0,0.13882693718468325,0.0,19
13,1.0,1.0,0.07692307692307693,0.0,Building_13,12,MASAC,0.7900000214576721,False,0.0,0.0,0.0,0.5324955582618713,18,0,0.0,0.0,-0.0,157680,-0.0,0.0,-0.03706011548638344,0.0,0.0,0.0,0.0,113,3.2399285271919553,1.0,0.12953206441834964,0.0,0.0,0.0,-0.040943022817373276,CityLearnV3MADRLRewardFunction,masac_unified_comparable_v4,E2,-0.0,1907,13.757130242516546,1.0,0.13882693718468325,0.0,19
6,0.0,0.0,0.0,0.0,Building_14,13,MASAC,0.7900000214576721,False,0.0,0.0,0.0,0.5324955582618713,18,0,0.0,0.0,-0.0,157680,-0.0,0.0,-0.03706011548638344,0.0,0.0,0.0,0.0,64,3.188209962135891,1.0,0.2286823991453275,0.0,0.0,0.0,-0.040943022817373276,CityLearnV3MADRLRewardFunction,masac_unified_comparable_v4,E2,-0.0,1907,13.757130242516546,1.0,0.13882693718468325,0.0,19
10,0.0,0.0,0.0,0.0,Building_15,14,MASAC,0.7900000214576721,False,0.0,0.0,0.0,0.5324955582618713,18,0,0.0,0.0,-0.0,157680,-0.0,0.0,-0.03706011548638344,0.0,0.0,0.0,0.0,92,3.3012792261452066,1.0,0.16557720489799976,0.0,0.0,0.0,-0.040943022817373276,CityLearnV3MADRLRewardFunction,masac_unified_comparable_v4,E2,-0.0,1907,13.757130242516546,1.0,0.13882693718468325,0.0,19
13,1.0,1.0,0.07692307692307693,0.0,Building_16,15,MASAC,0.7900000214576721,False,0.0,0.0,0.0,0.5324955582618713,18,0,0.0,0.0,-0.0,157680,-0.0,0.0,-0.03706011548638344,0.0,0.0,0.0,0.0,113,3.2007832630067123,1.0,0.12793907780299144,0.0,0.0,0.0,-0.040943022817373276,CityLearnV3MADRLRewardFunction,masac_unified_comparable_v4,E2,-0.0,1907,13.757130242516546,1.0,0.13882693718468325,0.0,19
13,1.0,0.0,-0.07692307692307693,-1.0,Building_17,16,MASAC,0.7900000214576721,False,0.0,0.0,0.0,0.5324955582618713,18,0,0.0,0.0,-0.0,157680,-0.0,0.0,-0.037060584872961044,0.0,0.0,0.0,0.0,113,3.3380200639241524,1.0,0.1389392506232304,0.0,0.0,0.0,-0.040943022817373276,CityLearnV3MADRLRewardFunction,masac_unified_comparable_v4,E2,-0.0,1907,13.757130242516546,1.0,0.13882693718468325,0.0,19
6,0.0,0.0,0.0,0.0,Building_1,0,MASAC,0.7900000214576721,True,0.0,0.0,0.0,0.5324955582618713,18,8740,0.0,0.0,-0.0,166420,0.0,433.45458984375,-0.8038226366043091,230.81263732910156,342.42913818359375,433.45458984375,433.45458984375,64,3.1573616321370324,1.0,0.20921085635200143,0.0,0.0,0.0,-0.733107328414917,CityLearnV3MADRLRewardFunction,masac_unified_comparable_v4,E2,-0.0,1907,13.874773426329375,1.0,0.12937556952042734,0.0,8759
8,0.0,0.0,0.0,0.0,Building_2,1,MASAC,0.7900000214576721,True,0.0,0.0,0.0,0.5324955582618713,18,8740,0.0,0.0,-0.0,166420,0.0,15.16435432434082,-0.7032206058502197,8.074951171875,11.979840278625488,15.16435432434082,15.16435432434082,78,3.448948139040344,1.0,0.1910831983654927,0.0,0.0,0.0,-0.733107328414917,CityLearnV3MADRLRewardFunction,masac_unified_comparable_v4,E2,-0.0,1907,13.874773426329375,1.0,0.12937556952042734,0.0,8759
10,0.0,0.0,0.0,0.0,Building_3,2,MASAC,0.7900000214576721,True,0.0,0.0,0.0,0.5324955582618713,18,8740,0.0,0.0,-0.0,166420,0.0,94.53981018066406,-0.803813636302948,50.3420295715332,74.68645477294922,94.53981018066406,94.53981018066406,92,3.3513736303827364,1.0,0.15474344903360243,0.0,0.0,0.0,-0.733107328414917,CityLearnV3MADRLRewardFunction,masac_unified_comparable_v4,E2,-0.0,1907,13.874773426329375,1.0,0.12937556952042734,0.0,8759
8,1.0,1.0,0.125,0.0,Building_4,3,MASAC,0.7900000214576721,True,0.0,0.0,0.0,0.5324955582618713,18,8740,0.0,0.0,-0.0,166420,0.0,31.04317283630371,-0.7750811576843262,16.530351638793945,24.524106979370117,31.04317283630371,31.04317283630371,78,3.194355072901581,1.0,0.17200329116521737,0.0,0.0,0.0,-0.733107328414917,CityLearnV3MADRLRewardFunction,masac_unified_comparable_v4,E2,-0.0,1907,13.874773426329375,1.0,0.12937556952042734,0.0,8759
5,0.0,0.0,0.0,0.0,Building_5,4,MASAC,0.7900000214576721,True,0.0,0.0,0.0,0.5324955582618713,18,8740,0.0,0.0,-0.0,166420,0.0,38.538970947265625,-0.8259832859039307,20.521831512451172,30.44578742980957,38.538970947265625,38.538970947265625,57,3.579015553788452,1.0,0.29200270615125956,0.0,0.0,0.0,-0.733107328414917,CityLearnV3MADRLRewardFunction,masac_unified_comparable_v4,E2,-0.0,1907,13.874773426329375,1.0,0.12937556952042734,0.0,8759
34,1.0,1.0,0.029411764705882353,0.0,Building_6,5,MASAC,0.7900000214576721,True,0.0,0.0,0.0,0.5324955582618713,18,8740,0.0,0.0,-0.0,166420,0.0,362.8901062011719,-0.8046519160270691,193.23736572265625,286.6831970214844,362.8901062011719,362.8901062011719,260,3.3311344899168827,1.0,0.05438942972284097,0.0,0.0,0.0,-0.733107328414917,CityLearnV3MADRLRewardFunction,masac_unified_comparable_v4,E2,-0.0,1907,13.874773426329375,1.0,0.12937556952042734,0.0,8759
44,0.0,0.0,0.0,0.0,Building_7,6,MASAC,0.7900000214576721,True,0.0,0.0,0.0,0.5324955582618713,18,8740,0.0,0.0,-0.0,166420,0.0,12.664111137390137,-0.6829544305801392,6.743582725524902,10.004648208618164,12.664111137390137,12.664111137390137,330,3.408400283853879,1.0,0.044194508930950456,0.0,0.0,0.0,-0.733107328414917,CityLearnV3MADRLRewardFunction,masac_unified_comparable_v4,E2,-0.0,1907,13.874773426329375,1.0,0.12937556952042734,0.0,8759
19,0.0,0.0,0.0,0.0,Building_8,7,MASAC,0.7900000214576721,True,0.0,0.0,0.0,0.5324955582618713,18,8740,0.0,0.0,-0.0,166420,0.0,12.065996170043945,-0.6774338483810425,6.425089359283447,9.532136917114258,12.065996170043945,12.065996170043945,155,3.372994522144988,1.0,0.09453392153786075,0.0,0.0,0.0,-0.733107328414917,CityLearnV3MADRLRewardFunction,masac_unified_comparable_v4,E2,-0.0,1907,13.874773426329375,1.0,0.12937556952042734,0.0,8759
12,0.0,0.0,0.0,0.0,Building_9,8,MASAC,0.7900000214576721,True,0.0,0.0,0.0,0.5324955582618713,18,8740,0.0,0.0,-0.0,166420,0.0,2.290161371231079,-0.5554967522621155,1.2195007801055908,1.8092275857925415,2.290161371231079,2.290161371231079,106,3.6570734096017627,1.0,0.15774636940573747,0.0,0.0,0.0,-0.733107328414917,CityLearnV3MADRLRewardFunction,masac_unified_comparable_v4,E2,-0.0,1907,13.874773426329375,1.0,0.12937556952042734,0.0,8759
8,0.0,0.0,0.0,0.0,Building_10,9,MASAC,0.7900000214576721,True,0.0,0.0,0.0,0.5324955582618713,18,8740,0.0,0.0,-0.0,166420,0.0,51.649574279785156,-0.7981761693954468,27.5031681060791,40.803165435791016,51.649574279785156,51.649574279785156,78,3.3046485687174534,1.0,0.18205600919631812,0.0,0.0,0.0,-0.733107328414917,CityLearnV3MADRLRewardFunction,masac_unified_comparable_v4,E2,-0.0,1907,13.874773426329375,1.0,0.12937556952042734,0.0,8759
5,0.0,0.0,0.0,0.0,Building_11,10,MASAC,0.7900000214576721,True,0.0,0.0,0.0,0.5324955582618713,18,8740,0.0,0.0,-0.0,166420,0.0,71.54803466796875,-0.8027749061584473,38.0990104675293,56.52294921875,71.54803466796875,71.54803466796875,57,3.3953733248694897,1.0,0.2535932503902076,0.0,0.0,0.0,-0.733107328414917,CityLearnV3MADRLRewardFunction,masac_unified_comparable_v4,E2,-0.0,1907,13.874773426329375,1.0,0.12937556952042734,0.0,8759
5,0.0,0.0,0.0,0.0,Building_12,11,MASAC,0.7900000214576721,True,0.0,0.0,0.0,0.5324955582618713,18,8740,0.0,0.0,-0.0,166420,0.0,215.11593627929688,-0.8045404553413391,114.54827880859375,169.94158935546875,215.11593627929688,215.11593627929688,57,3.3148672378879804,1.0,0.25149791726940557,0.0,0.0,0.0,-0.733107328414917,CityLearnV3MADRLRewardFunction,masac_unified_comparable_v4,E2,-0.0,1907,13.874773426329375,1.0,0.12937556952042734,0.0,8759
13,0.0,0.0,0.0,0.0,Building_13,12,MASAC,0.7900000214576721,True,0.0,0.0,0.0,0.5324955582618713,18,8740,0.0,0.0,-0.0,166420,0.0,2.033022403717041,-0.5697343349456787,1.0825754404067993,1.6060876846313477,2.033022403717041,2.033022403717041,113,3.3029584757117934,1.0,0.12386939443845664,0.0,0.0,0.0,-0.733107328414917,CityLearnV3MADRLRewardFunction,masac_unified_comparable_v4,E2,-0.0,1907,13.874773426329375,1.0,0.12937556952042734,0.0,8759
6,0.0,0.0,0.0,0.0,Building_14,13,MASAC,0.7900000214576721,True,0.0,0.0,0.0,0.5324955582618713,18,8740,0.0,0.0,-0.0,166420,0.0,2.6149511337280273,-0.5767560005187988,1.3924498558044434,2.0658113956451416,2.6149511337280273,2.6149511337280273,64,3.3494331885291118,1.0,0.2223483535926789,0.0,0.0,0.0,-0.733107328414917,CityLearnV3MADRLRewardFunction,masac_unified_comparable_v4,E2,-0.0,1907,13.874773426329375,1.0,0.12937556952042734,0.0,8759
10,0.0,0.0,0.0,0.0,Building_15,14,MASAC,0.7900000214576721,True,0.0,0.0,0.0,0.5324955582618713,18,8740,0.0,0.0,-0.0,166420,0.0,19.521480560302734,-0.7317553758621216,10.395101547241211,15.42197036743164,19.521480560302734,19.521480560302734,92,3.4016297511610305,1.0,0.16090411190753398,0.0,0.0,0.0,-0.733107328414917,CityLearnV3MADRLRewardFunction,masac_unified_comparable_v4,E2,-0.0,1907,13.874773426329375,1.0,0.12937556952042734,0.0,8759
13,0.0,0.0,0.0,0.0,Building_16,15,MASAC,0.7900000214576721,True,0.0,0.0,0.0,0.5324955582618713,18,8740,0.0,0.0,-0.0,166420,0.0,54.89390563964844,-0.8000538945198059,29.23076057434082,43.366188049316406,54.89390563964844,54.89390563964844,113,3.3690122749268676,1.0,0.12679633214674166,0.0,0.0,0.0,-0.733107328414917,CityLearnV3MADRLRewardFunction,masac_unified_comparable_v4,E2,-0.0,1907,13.874773426329375,1.0,0.12937556952042734,0.0,8759
13,0.0,0.0,0.0,0.0,Building_17,16,MASAC,0.7900000214576721,True,0.0,0.0,0.0,0.5324955582618713,18,8740,0.0,0.0,-0.0,166420,0.0,22.46647071838379,-0.7465757727622986,11.963295936584473,17.748512268066406,22.46647071838379,22.46647071838379,113,3.2323520116224818,1.0,0.12106053583917364,0.0,0.0,0.0,-0.733107328414917,CityLearnV3MADRLRewardFunction,masac_unified_comparable_v4,E2,-0.0,1907,13.874773426329375,1.0,0.12937556952042734,0.0,8759
6,0.0,0.0,0.0,0.0,Building_1,0,MASAC,0.7900000214576721,False,0.0,0.0,0.0,0.5324955582618713,19,0,0.0,0.0,-0.0,166440,-0.0,0.0,-0.8761128187179565,0.0,0.0,0.0,0.0,64,3.196362337963888,1.0,0.21886297909077257,0.0,0.0,0.0,-0.82947838306427,CityLearnV3MADRLRewardFunction,masac_unified_comparable_v4,E2,-0.0,1907,13.802791748789389,1.0,0.13312891102237231,0.0,20
8,0.0,0.0,0.0,0.0,Building_2,1,MASAC,0.7900000214576721,False,0.0,0.0,0.0,0.5324955582618713,19,0,0.0,0.0,-0.0,166440,-0.0,0.0,-0.8295839428901672,0.0,0.0,0.0,0.0,78,3.3434330076706824,1.0,0.18720232380124238,0.0,0.0,0.0,-0.82947838306427,CityLearnV3MADRLRewardFunction,masac_unified_comparable_v4,E2,-0.0,1907,13.802791748789389,1.0,0.13312891102237231,0.0,20
10,0.0,0.0,0.0,0.0,Building_3,2,MASAC,0.7900000214576721,False,0.0,0.0,0.0,0.5324955582618713,19,0,0.0,0.0,-0.0,166440,-0.0,0.0,-0.8736100792884827,0.0,0.0,0.0,0.0,92,3.291846073983233,1.0,0.15763096527560896,0.0,0.0,0.0,-0.82947838306427,CityLearnV3MADRLRewardFunction,masac_unified_comparable_v4,E2,-0.0,1907,13.802791748789389,1.0,0.13312891102237231,0.0,20
8,0.0,0.0,0.0,0.0,Building_4,3,MASAC,0.7900000214576721,False,0.0,0.0,0.0,0.5324955582618713,19,0,0.0,0.0,-0.0,166440,-0.0,0.0,-0.8732643723487854,0.0,0.0,0.0,0.0,78,3.2084665651096658,1.0,0.17998839064668387,0.0,0.0,0.0,-0.82947838306427,CityLearnV3MADRLRewardFunction,masac_unified_comparable_v4,E2,-0.0,1907,13.802791748789389,1.0,0.13312891102237231,0.0,20
5,0.0,0.0,0.0,0.0,Building_5,4,MASAC,0.7900000214576721,False,0.0,0.0,0.0,0.5324955582618713,19,0,0.0,0.0,-0.0,166440,-0.0,0.0,-0.8711033463478088,0.0,0.0,0.0,0.0,57,3.8592047448253175,1.0,0.3539724126458168,0.0,0.0,0.0,-0.82947838306427,CityLearnV3MADRLRewardFunction,masac_unified_comparable_v4,E2,-0.0,1907,13.802791748789389,1.0,0.13312891102237231,0.0,20
34,1.0,1.0,0.029411764705882353,0.0,Building_6,5,MASAC,0.7900000214576721,False,0.0,0.0,0.0,0.5324955582618713,19,0,0.0,0.0,-0.0,166440,-0.0,0.0,-0.9511348605155945,0.0,0.0,0.0,0.0,260,3.1471743829989176,1.0,0.05210383262198705,0.0,0.0,0.0,-0.82947838306427,CityLearnV3MADRLRewardFunction,masac_unified_comparable_v4,E2,-0.0,1907,13.802791748789389,1.0,0.13312891102237231,0.0,20
44,1.0,1.0,0.022727272727272728,0.0,Building_7,6,MASAC,0.7900000214576721,False,0.0,0.0,0.0,0.5324955582618713,19,0,0.0,0.0,-0.0,166440,-0.0,0.0,-0.8248526453971863,0.0,0.0,0.0,0.0,330,3.279994341135798,1.0,0.04338466242858858,0.0,0.0,0.0,-0.82947838306427,CityLearnV3MADRLRewardFunction,masac_unified_comparable_v4,E2,-0.0,1907,13.802791748789389,1.0,0.13312891102237231,0.0,20
19,0.0,0.0,0.0,0.0,Building_8,7,MASAC,0.7900000214576721,False,0.0,0.0,0.0,0.5324955582618713,19,0,0.0,0.0,-0.0,166440,-0.0,0.0,-0.7650421857833862,0.0,0.0,0.0,0.0,155,3.336384938402245,1.0,0.09476834271223314,0.0,0.0,0.0,-0.82947838306427,CityLearnV3MADRLRewardFunction,masac_unified_comparable_v4,E2,-0.0,1907,13.802791748789389,1.0,0.13312891102237231,0.0,20
12,0.0,0.0,0.0,0.0,Building_9,8,MASAC,0.7900000214576721,False,0.0,0.0,0.0,0.5324955582618713,19,0,0.0,0.0,-0.0,166440,-0.0,0.0,-0.7293727993965149,0.0,0.0,0.0,0.0,106,3.6712897948914107,1.0,0.1678902416156148,0.0,0.0,0.0,-0.82947838306427,CityLearnV3MADRLRewardFunction,masac_unified_comparable_v4,E2,-0.0,1907,13.802791748789389,1.0,0.13312891102237231,0.0,20
8,0.0,0.0,0.0,0.0,Building_10,9,MASAC,0.7900000214576721,False,0.0,0.0,0.0,0.5324955582618713,19,0,0.0,0.0,-0.0,166440,-0.0,0.0,-0.8739229440689087,0.0,0.0,0.0,0.0,78,3.275348275868244,1.0,0.1846006490672246,0.0,0.0,0.0,-0.82947838306427,CityLearnV3MADRLRewardFunction,masac_unified_comparable_v4,E2,-0.0,1907,13.802791748789389,1.0,0.13312891102237231,0.0,20
5,0.0,0.0,0.0,0.0,Building_11,10,MASAC,0.7900000214576721,False,0.0,0.0,0.0,0.5324955582618713,19,0,0.0,0.0,-0.0,166440,-0.0,0.0,-0.8735727071762085,0.0,0.0,0.0,0.0,57,3.3684791960376685,1.0,0.2619826838112714,0.0,0.0,0.0,-0.82947838306427,CityLearnV3MADRLRewardFunction,masac_unified_comparable_v4,E2,-0.0,1907,13.802791748789389,1.0,0.13312891102237231,0.0,20
5,0.0,0.0,0.0,0.0,Building_12,11,MASAC,0.7900000214576721,False,0.0,0.0,0.0,0.5324955582618713,19,0,0.0,0.0,-0.0,166440,-0.0,0.0,-0.8760400414466858,0.0,0.0,0.0,0.0,57,3.3600030200443007,1.0,0.26239623181652605,0.0,0.0,0.0,-0.82947838306427,CityLearnV3MADRLRewardFunction,masac_unified_comparable_v4,E2,-0.0,1907,13.802791748789389,1.0,0.13312891102237231,0.0,20
13,1.0,1.0,0.07692307692307693,0.0,Building_13,12,MASAC,0.7900000214576721,False,0.0,0.0,0.0,0.5324955582618713,19,0,0.0,0.0,-0.0,166440,-0.0,0.0,-0.6671717166900635,0.0,0.0,0.0,0.0,113,3.2780991094333416,1.0,0.12498784124587489,0.0,0.0,0.0,-0.82947838306427,CityLearnV3MADRLRewardFunction,masac_unified_comparable_v4,E2,-0.0,1907,13.802791748789389,1.0,0.13312891102237231,0.0,20
6,0.0,0.0,0.0,0.0,Building_14,13,MASAC,0.7900000214576721,False,0.0,0.0,0.0,0.5324955582618713,19,0,0.0,0.0,-0.0,166440,-0.0,0.0,-0.6594268679618835,0.0,0.0,0.0,0.0,64,3.249667570486375,1.0,0.21855275856796652,0.0,0.0,0.0,-0.82947838306427,CityLearnV3MADRLRewardFunction,masac_unified_comparable_v4,E2,-0.0,1907,13.802791748789389,1.0,0.13312891102237231,0.0,20
10,0.0,0.0,0.0,0.0,Building_15,14,MASAC,0.7900000214576721,False,0.0,0.0,0.0,0.5324955582618713,19,0,0.0,0.0,-0.0,166440,-0.0,0.0,-0.8454415798187256,0.0,0.0,0.0,0.0,92,3.4097146468383883,1.0,0.16368886609764202,0.0,0.0,0.0,-0.82947838306427,CityLearnV3MADRLRewardFunction,masac_unified_comparable_v4,E2,-0.0,1907,13.802791748789389,1.0,0.13312891102237231,0.0,20
13,0.0,0.0,0.0,0.0,Building_16,15,MASAC,0.7900000214576721,False,0.0,0.0,0.0,0.5324955582618713,19,0,0.0,0.0,-0.0,166440,-0.0,0.0,-0.8730182647705078,0.0,0.0,0.0,0.0,113,3.23032171731169,1.0,0.12349463933337052,0.0,0.0,0.0,-0.82947838306427,CityLearnV3MADRLRewardFunction,masac_unified_comparable_v4,E2,-0.0,1907,13.802791748789389,1.0,0.13312891102237231,0.0,20
13,0.0,0.0,0.0,0.0,Building_17,16,MASAC,0.7900000214576721,False,0.0,0.0,0.0,0.5324955582618713,19,0,0.0,0.0,-0.0,166440,-0.0,0.0,-0.8384609818458557,0.0,0.0,0.0,0.0,113,3.3306646760113163,1.0,0.1308596056383268,0.0,0.0,0.0,-0.82947838306427,CityLearnV3MADRLRewardFunction,masac_unified_comparable_v4,E2,-0.0,1907,13.802791748789389,1.0,0.13312891102237231,0.0,20
6,0.0,0.0,0.0,0.0,Building_1,0,MASAC,0.7900000214576721,True,0.0,0.0,0.0,0.5324955582618713,19,8739,0.0,0.0,-0.0,175179,0.0,446.8856201171875,-0.8184769749641418,237.96461486816406,353.0396423339844,446.8856201171875,446.8856201171875,64,3.5030840014096922,1.0,0.24707319447770715,0.0,0.0,0.0,-0.7475008964538574,CityLearnV3MADRLRewardFunction,masac_unified_comparable_v4,E2,-0.0,1907,14.564613042673422,1.0,0.1426305832877544,0.0,8759
8,0.0,0.0,0.0,0.0,Building_2,1,MASAC,0.7900000214576721,True,0.0,0.0,0.0,0.5324955582618713,19,8739,0.0,0.0,-0.0,175179,0.0,5.618855953216553,-0.6255325078964233,2.992015838623047,4.438896179199219,5.618855953216553,5.618855953216553,78,3.4821888043541023,1.0,0.1979832981641476,0.0,0.0,0.0,-0.7475008964538574,CityLearnV3MADRLRewardFunction,masac_unified_comparable_v4,E2,-0.0,1907,14.564613042673422,1.0,0.1426305832877544,0.0,8759
10,0.0,0.0,0.0,0.0,Building_3,2,MASAC,0.7900000214576721,True,0.0,0.0,0.0,0.5324955582618713,19,8739,0.0,0.0,-0.0,175179,0.0,98.17061614990234,-0.8166982531547546,52.27541732788086,77.5547866821289,98.17061614990234,98.17061614990234,92,3.426211310978132,1.0,0.16623418842968735,0.0,0.0,0.0,-0.7475008964538574,CityLearnV3MADRLRewardFunction,masac_unified_comparable_v4,E2,-0.0,1907,14.564613042673422,1.0,0.1426305832877544,0.0,8759
8,0.0,0.0,0.0,0.0,Building_4,3,MASAC,0.7900000214576721,True,0.0,0.0,0.0,0.5324955582618713,19,8739,0.0,0.0,-0.0,175179,0.0,28.84416961669922,-0.7844251990318298,15.359392166137695,22.786893844604492,28.84416961669922,28.84416961669922,78,3.4909264687508474,1.0,0.19969672881639922,0.0,0.0,0.0,-0.7475008964538574,CityLearnV3MADRLRewardFunction,masac_unified_comparable_v4,E2,-0.0,1907,14.564613042673422,1.0,0.1426305832877544,0.0,8759
5,0.0,0.0,0.0,0.0,Building_5,4,MASAC,0.7900000214576721,True,0.0,0.0,0.0,0.5324955582618713,19,8739,0.0,0.0,-0.0,175179,0.0,37.89287567138672,-0.8383874297142029,20.17778778076172,29.935373306274414,37.89287567138672,37.89287567138672,57,3.6631094624171174,1.0,0.31199870533064794,0.0,0.0,0.0,-0.7475008964538574,CityLearnV3MADRLRewardFunction,masac_unified_comparable_v4,E2,-0.0,1907,14.564613042673422,1.0,0.1426305832877544,0.0,8759
34,0.0,0.0,0.0,0.0,Building_6,5,MASAC,0.7900000214576721,True,0.0,0.0,0.0,0.5324955582618713,19,8739,0.0,0.0,-0.0,175179,0.0,350.8894348144531,-0.8184755444526672,186.84706115722656,277.2026672363281,350.8894348144531,350.8894348144531,260,3.4969231626787587,1.0,0.05996816983589759,0.0,0.0,0.0,-0.7475008964538574,CityLearnV3MADRLRewardFunction,masac_unified_comparable_v4,E2,-0.0,1907,14.564613042673422,1.0,0.1426305832877544,0.0,8759
44,1.0,1.0,0.022727272727272728,0.0,Building_7,6,MASAC,0.7900000214576721,True,0.0,0.0,0.0,0.5324955582618713,19,8739,0.0,0.0,-0.0,175179,0.0,18.66022491455078,-0.7404451370239258,9.936487197875977,14.741578102111816,18.66022491455078,18.66022491455078,330,3.4986989340383077,1.0,0.047804962595303854,0.0,0.0,0.0,-0.7475008964538574,CityLearnV3MADRLRewardFunction,masac_unified_comparable_v4,E2,-0.0,1907,14.564613042673422,1.0,0.1426305832877544,0.0,8759
19,1.0,1.0,0.05263157894736842,0.0,Building_8,7,MASAC,0.7900000214576721,True,0.0,0.0,0.0,0.5324955582618713,19,8739,0.0,0.0,-0.0,175179,0.0,19.251495361328125,-0.7441558241844177,10.251336097717285,15.2086820602417,19.251495361328125,19.251495361328125,155,3.676508178490793,1.0,0.10834592580795288,0.0,0.0,0.0,-0.7475008964538574,CityLearnV3MADRLRewardFunction,masac_unified_comparable_v4,E2,-0.0,1907,14.564613042673422,1.0,0.1426305832877544,0.0,8759
12,0.0,0.0,0.0,0.0,Building_9,8,MASAC,0.7900000214576721,True,0.0,0.0,0.0,0.5324955582618713,19,8739,0.0,0.0,-0.0,175179,0.0,2.4506425857543945,-0.5711832046508789,1.304956316947937,1.9360077381134033,2.4506425857543945,2.4506425857543945,106,3.72676384205282,1.0,0.1694701701964972,0.0,0.0,0.0,-0.7475008964538574,CityLearnV3MADRLRewardFunction,masac_unified_comparable_v4,E2,-0.0,1907,14.564613042673422,1.0,0.1426305832877544,0.0,8759
8,0.0,0.0,0.0,0.0,Building_10,9,MASAC,0.7900000214576721,True,0.0,0.0,0.0,0.5324955582618713,19,8739,0.0,0.0,-0.0,175179,0.0,34.33414077758789,-0.7964704632759094,18.282777786254883,27.123971939086914,34.33414077758789,34.33414077758789,78,3.4903498301138023,1.0,0.20066995164140677,0.0,0.0,0.0,-0.7475008964538574,CityLearnV3MADRLRewardFunction,masac_unified_comparable_v4,E2,-0.0,1907,14.564613042673422,1.0,0.1426305832877544,0.0,8759
5,0.0,0.0,0.0,0.0,Building_11,10,MASAC,0.7900000214576721,True,0.0,0.0,0.0,0.5324955582618713,19,8739,0.0,0.0,-0.0,175179,0.0,57.917564392089844,-0.8146660327911377,30.840845108032227,45.754878997802734,57.917564392089844,57.917564392089844,57,3.56298027082178,1.0,0.2786277475064261,0.0,0.0,0.0,-0.7475008964538574,CityLearnV3MADRLRewardFunction,masac_unified_comparable_v4,E2,-0.0,1907,14.564613042673422,1.0,0.1426305832877544,0.0,8759
5,0.0,0.0,0.0,0.0,Building_12,11,MASAC,0.7900000214576721,True,0.0,0.0,0.0,0.5324955582618713,19,8739,0.0,0.0,-0.0,175179,0.0,182.6020965576172,-0.8172749876976013,97.23480224609375,144.2556610107422,182.6020965576172,182.6020965576172,57,3.4010482157491824,1.0,0.26518976426961127,0.0,0.0,0.0,-0.7475008964538574,CityLearnV3MADRLRewardFunction,masac_unified_comparable_v4,E2,-0.0,1907,14.564613042673422,1.0,0.1426305832877544,0.0,8759
13,0.0,0.0,0.0,0.0,Building_13,12,MASAC,0.7900000214576721,True,0.0,0.0,0.0,0.5324955582618713,19,8739,0.0,0.0,-0.0,175179,0.0,2.789367437362671,-0.5926765203475952,1.485325813293457,2.2036004066467285,2.789367437362671,2.789367437362671,113,3.5605978354914942,1.0,0.1405315531038605,0.0,0.0,0.0,-0.7475008964538574,CityLearnV3MADRLRewardFunction,masac_unified_comparable_v4,E2,-0.0,1907,14.564613042673422,1.0,0.1426305832877544,0.0,8759
6,0.0,0.0,0.0,0.0,Building_14,13,MASAC,0.7900000214576721,True,0.0,0.0,0.0,0.5324955582618713,19,8739,0.0,0.0,-0.0,175179,0.0,2.485826015472412,-0.5889696478843689,1.3236913681030273,1.9638025760650635,2.485826015472412,2.485826015472412,64,3.4350226055653312,1.0,0.2380348821170628,0.0,0.0,0.0,-0.7475008964538574,CityLearnV3MADRLRewardFunction,masac_unified_comparable_v4,E2,-0.0,1907,14.564613042673422,1.0,0.1426305832877544,0.0,8759
10,0.0,0.0,0.0,0.0,Building_15,14,MASAC,0.7900000214576721,True,0.0,0.0,0.0,0.5324955582618713,19,8739,0.0,0.0,-0.0,175179,0.0,20.5941162109375,-0.7517600059509277,10.966275215148926,16.269351959228516,20.5941162109375,20.5941162109375,92,3.631728152324155,1.0,0.1798667094629744,0.0,0.0,0.0,-0.7475008964538574,CityLearnV3MADRLRewardFunction,masac_unified_comparable_v4,E2,-0.0,1907,14.564613042673422,1.0,0.1426305832877544,0.0,8759
13,0.0,0.0,0.0,0.0,Building_16,15,MASAC,0.7900000214576721,True,0.0,0.0,0.0,0.5324955582618713,19,8739,0.0,0.0,-0.0,175179,0.0,103.13050842285156,-0.8163238167762756,54.91653823852539,81.47310638427734,103.13050842285156,103.13050842285156,113,3.4422998607052637,1.0,0.13794565649159188,0.0,0.0,0.0,-0.7475008964538574,CityLearnV3MADRLRewardFunction,masac_unified_comparable_v4,E2,-0.0,1907,14.564613042673422,1.0,0.1426305832877544,0.0,8759
13,1.0,1.0,0.07692307692307693,0.0,Building_17,16,MASAC,0.7900000214576721,True,3.146286964416504,0.0,0.0,0.5324955582618713,19,8739,0.0,0.0,-0.0,175179,0.0,24.344402313232422,-0.7715931534767151,12.963286399841309,19.232078552246094,24.344402313232422,21.198116302490234,113,3.5427945157405594,1.0,0.14214829269763643,0.0,0.0,0.0,-0.7475008964538574,CityLearnV3MADRLRewardFunction,masac_unified_comparable_v4,E2,-0.0,1907,14.564613042673422,1.0,0.1426305832877544,0.0,8759
6,0.0,0.0,0.0,0.0,Building_1,0,MASAC,0.7900000214576721,False,0.0,0.0,0.0,0.5324955582618713,20,0,0.0,0.0,-0.0,175200,-0.0,0.0,-0.7158606648445129,0.0,0.0,0.0,0.0,64,3.3475253525353543,1.0,0.22785463533364236,0.0,0.0,0.0,-0.605345606803894,CityLearnV3MADRLRewardFunction,masac_unified_comparable_v4,E2,-0.0,1907,14.14141187089295,1.0,0.1353108654913161,0.0,21
8,1.0,1.0,0.125,0.0,Building_2,1,MASAC,0.7900000214576721,False,0.0,0.0,0.0,0.5324955582618713,20,0,0.0,0.0,-0.0,175200,-0.0,0.0,-0.4583374261856079,0.0,0.0,0.0,0.0,78,3.3911448425564976,1.0,0.18648890883494645,0.0,0.0,0.0,-0.605345606803894,CityLearnV3MADRLRewardFunction,masac_unified_comparable_v4,E2,-0.0,1907,14.14141187089295,1.0,0.1353108654913161,0.0,21
10,0.0,0.0,0.0,0.0,Building_3,2,MASAC,0.7900000214576721,False,0.0,0.0,0.0,0.5324955582618713,20,0,0.0,0.0,-0.0,175200,-0.0,0.0,-0.714494526386261,0.0,0.0,0.0,0.0,92,3.4507983274980645,1.0,0.16985040004162685,0.0,0.0,0.0,-0.605345606803894,CityLearnV3MADRLRewardFunction,masac_unified_comparable_v4,E2,-0.0,1907,14.14141187089295,1.0,0.1353108654913161,0.0,21
8,0.0,0.0,0.0,0.0,Building_4,3,MASAC,0.7900000214576721,False,0.0,0.0,0.0,0.5324955582618713,20,0,0.0,0.0,-0.0,175200,-0.0,0.0,-0.712871789932251,0.0,0.0,0.0,0.0,78,3.208036679727068,1.0,0.17520451297362646,0.0,0.0,0.0,-0.605345606803894,CityLearnV3MADRLRewardFunction,masac_unified_comparable_v4,E2,-0.0,1907,14.14141187089295,1.0,0.1353108654913161,0.0,21
5,0.0,0.0,0.0,0.0,Building_5,4,MASAC,0.7900000214576721,False,0.0,0.0,0.0,0.5324955582618713,20,0,0.0,0.0,-0.0,175200,-0.0,0.0,-0.711310088634491,0.0,0.0,0.0,0.0,57,3.852549370291699,1.0,0.3450962608320671,0.0,0.0,0.0,-0.605345606803894,CityLearnV3MADRLRewardFunction,masac_unified_comparable_v4,E2,-0.0,1907,14.14141187089295,1.0,0.1353108654913161,0.0,21
34,1.0,0.0,-0.029411764705882353,-1.0,Building_6,5,MASAC,0.7900000214576721,False,0.0,0.0,0.0,0.5324955582618713,20,0,0.0,0.0,-0.0,175200,-0.0,0.0,-0.7158716320991516,0.0,0.0,0.0,0.0,260,3.2306074666388036,1.0,0.0534831872353187,0.0,0.0,0.0,-0.605345606803894,CityLearnV3MADRLRewardFunction,masac_unified_comparable_v4,E2,-0.0,1907,14.14141187089295,1.0,0.1353108654913161,0.0,21
44,0.0,0.0,0.0,0.0,Building_7,6,MASAC,0.7900000214576721,False,0.0,0.0,0.0,0.5324955582618713,20,0,0.0,0.0,-0.0,175200,-0.0,0.0,-0.5028009414672852,0.0,0.0,0.0,0.0,330,3.411458175797639,1.0,0.04467368640682914,0.0,0.0,0.0,-0.605345606803894,CityLearnV3MADRLRewardFunction,masac_unified_comparable_v4,E2,-0.0,1907,14.14141187089295,1.0,0.1353108654913161,0.0,21
19,0.0,0.0,0.0,0.0,Building_8,7,MASAC,0.7900000214576721,False,0.0,0.0,0.0,0.5324955582618713,20,0,0.0,0.0,-0.0,175200,-0.0,0.0,-0.5245082974433899,0.0,0.0,0.0,0.0,155,3.403573932761974,1.0,0.09596135520165966,0.0,0.0,0.0,-0.605345606803894,CityLearnV3MADRLRewardFunction,masac_unified_comparable_v4,E2,-0.0,1907,14.14141187089295,1.0,0.1353108654913161,0.0,21
12,0.0,0.0,0.0,0.0,Building_9,8,MASAC,0.7900000214576721,False,0.0,0.0,0.0,0.5324955582618713,20,0,0.0,0.0,-0.0,175200,-0.0,0.0,-0.4760706424713135,0.0,0.0,0.0,0.0,106,3.710685080644519,1.0,0.16647454899437023,0.0,0.0,0.0,-0.605345606803894,CityLearnV3MADRLRewardFunction,masac_unified_comparable_v4,E2,-0.0,1907,14.14141187089295,1.0,0.1353108654913161,0.0,21
8,0.0,0.0,0.0,0.0,Building_10,9,MASAC,0.7900000214576721,False,0.0,0.0,0.0,0.5324955582618713,20,0,0.0,0.0,-0.0,175200,-0.0,0.0,-0.597827672958374,0.0,0.0,0.0,0.0,78,3.437851207056999,1.0,0.19036456679877561,0.0,0.0,0.0,-0.605345606803894,CityLearnV3MADRLRewardFunction,masac_unified_comparable_v4,E2,-0.0,1907,14.14141187089295,1.0,0.1353108654913161,0.0,21
5,1.0,1.0,0.2,0.0,Building_11,10,MASAC,0.7900000214576721,False,0.0,0.0,0.0,0.5324955582618713,20,0,0.0,0.0,-0.0,175200,-0.0,0.0,-0.7071605920791626,0.0,0.0,0.0,0.0,57,3.4364725322399665,1.0,0.2648187244409009,0.0,0.0,0.0,-0.605345606803894,CityLearnV3MADRLRewardFunction,masac_unified_comparable_v4,E2,-0.0,1907,14.14141187089295,1.0,0.1353108654913161,0.0,21
5,0.0,0.0,0.0,0.0,Building_12,11,MASAC,0.7900000214576721,False,0.0,0.0,0.0,0.5324955582618713,20,0,0.0,0.0,-0.0,175200,-0.0,0.0,-0.7144863605499268,0.0,0.0,0.0,0.0,57,3.4142333050604425,1.0,0.2652267595393616,0.0,0.0,0.0,-0.605345606803894,CityLearnV3MADRLRewardFunction,masac_unified_comparable_v4,E2,-0.0,1907,14.14141187089295,1.0,0.1353108654913161,0.0,21
13,0.0,0.0,0.0,0.0,Building_13,12,MASAC,0.7900000214576721,False,0.0,0.0,0.0,0.5324955582618713,20,0,0.0,0.0,-0.0,175200,-0.0,0.0,-0.45723339915275574,0.0,0.0,0.0,0.0,113,3.4185255125990706,1.0,0.13031701967779513,0.0,0.0,0.0,-0.605345606803894,CityLearnV3MADRLRewardFunction,masac_unified_comparable_v4,E2,-0.0,1907,14.14141187089295,1.0,0.1353108654913161,0.0,21
6,0.0,0.0,0.0,0.0,Building_14,13,MASAC,0.7900000214576721,False,0.0,0.0,0.0,0.5324955582618713,20,0,0.0,0.0,-0.0,175200,-0.0,0.0,-0.469222754240036,0.0,0.0,0.0,0.0,64,3.3780038858284223,1.0,0.22676711855456233,0.0,0.0,0.0,-0.605345606803894,CityLearnV3MADRLRewardFunction,masac_unified_comparable_v4,E2,-0.0,1907,14.14141187089295,1.0,0.1353108654913161,0.0,21
10,1.0,1.0,0.1,0.0,Building_15,14,MASAC,0.7900000214576721,False,0.0,0.0,0.0,0.5324955582618713,20,0,0.0,0.0,-0.0,175200,-0.0,0.0,-0.5757008194923401,0.0,0.0,0.0,0.0,92,3.376997073742705,1.0,0.159024137193742,0.0,0.0,0.0,-0.605345606803894,CityLearnV3MADRLRewardFunction,masac_unified_comparable_v4,E2,-0.0,1907,14.14141187089295,1.0,0.1353108654913161,0.0,21
13,0.0,0.0,0.0,0.0,Building_16,15,MASAC,0.7900000214576721,False,0.0,0.0,0.0,0.5324955582618713,20,0,0.0,0.0,-0.0,175200,-0.0,0.0,-0.592248260974884,0.0,0.0,0.0,0.0,113,3.3479248340333627,1.0,0.12744671923924336,0.0,0.0,0.0,-0.605345606803894,CityLearnV3MADRLRewardFunction,masac_unified_comparable_v4,E2,-0.0,1907,14.14141187089295,1.0,0.1353108654913161,0.0,21
13,0.0,0.0,0.0,0.0,Building_17,16,MASAC,0.7900000214576721,False,0.0,0.0,0.0,0.5324955582618713,20,0,0.0,0.0,-0.0,175200,-0.0,0.0,-0.6448697447776794,0.0,0.0,0.0,0.0,113,3.4363693345488295,1.0,0.13669387884108367,0.0,0.0,0.0,-0.605345606803894,CityLearnV3MADRLRewardFunction,masac_unified_comparable_v4,E2,-0.0,1907,14.14141187089295,1.0,0.1353108654913161,0.0,21
6,0.0,0.0,0.0,0.0,Building_1,0,MASAC,0.7900000214576721,True,0.0,0.0,0.0,0.5324955582618713,20,8738,0.0,0.0,-0.0,183938,0.0,391.586669921875,-0.73276686668396,208.51815795898438,309.3534851074219,391.586669921875,391.586669921875,64,3.29400443160011,1.0,0.22064753365702927,0.0,0.0,0.0,-0.629519522190094,CityLearnV3MADRLRewardFunction,masac_unified_comparable_v4,E2,-0.0,1907,14.155026926697902,1.0,0.13297681158040292,0.0,8759
8,0.0,0.0,0.0,0.0,Building_2,1,MASAC,0.7900000214576721,True,0.0,0.0,0.0,0.5324955582618713,20,8738,0.0,0.0,-0.0,183938,0.0,0.1848604530096054,-0.47661229968070984,0.0984373688697815,0.14603976905345917,0.1848604530096054,0.1848604530096054,78,3.3815408754965453,1.0,0.18366325283661866,0.0,0.0,0.0,-0.629519522190094,CityLearnV3MADRLRewardFunction,masac_unified_comparable_v4,E2,-0.0,1907,14.155026926697902,1.0,0.13297681158040292,0.0,8759
10,0.0,0.0,0.0,0.0,Building_3,2,MASAC,0.7900000214576721,True,0.0,0.0,0.0,0.5324955582618713,20,8738,0.0,0.0,-0.0,183938,0.0,39.0087890625,-0.719111442565918,20.77200698852539,30.816944122314453,39.0087890625,39.0087890625,92,3.408079917304973,1.0,0.15940564611683722,0.0,0.0,0.0,-0.629519522190094,CityLearnV3MADRLRewardFunction,masac_unified_comparable_v4,E2,-0.0,1907,14.155026926697902,1.0,0.13297681158040292,0.0,8759
8,0.0,0.0,0.0,0.0,Building_4,3,MASAC,0.7900000214576721,True,0.0,0.0,0.0,0.5324955582618713,20,8738,0.0,0.0,-0.0,183938,0.0,36.67196273803711,-0.7160392999649048,19.52765655517578,28.97085189819336,36.67196273803711,36.67196273803711,78,3.407862006854613,1.0,0.18793793633962289,0.0,0.0,0.0,-0.629519522190094,CityLearnV3MADRLRewardFunction,masac_unified_comparable_v4,E2,-0.0,1907,14.155026926697902,1.0,0.13297681158040292,0.0,8759
5,0.0,0.0,0.0,0.0,Building_5,4,MASAC,0.7900000214576721,True,0.0,0.0,0.0,0.5324955582618713,20,8738,0.0,0.0,-0.0,183938,0.0,54.225337982177734,-0.7636869549751282,28.874752044677734,42.838016510009766,54.225337982177734,54.225337982177734,57,3.4867649333307695,1.0,0.2843902121510422,0.0,0.0,0.0,-0.629519522190094,CityLearnV3MADRLRewardFunction,masac_unified_comparable_v4,E2,-0.0,1907,14.155026926697902,1.0,0.13297681158040292,0.0,8759
34,0.0,0.0,0.0,0.0,Building_6,5,MASAC,0.7900000214576721,True,0.0,0.0,0.0,0.5324955582618713,20,8738,0.0,0.0,-0.0,183938,0.0,348.8946838378906,-0.732534646987915,185.7848663330078,275.6268005371094,348.8946838378906,348.8946838378906,260,3.2556849959449314,1.0,0.05312841803981708,0.0,0.0,0.0,-0.629519522190094,CityLearnV3MADRLRewardFunction,masac_unified_comparable_v4,E2,-0.0,1907,14.155026926697902,1.0,0.13297681158040292,0.0,8759
44,1.0,1.0,0.022727272727272728,0.0,Building_7,6,MASAC,0.7900000214576721,True,0.0,0.0,0.0,0.5324955582618713,20,8738,0.0,0.0,-0.0,183938,0.0,2.9800853729248047,-0.5103554129600525,1.58688223361969,2.3542675971984863,2.9800853729248047,2.9800853729248047,330,3.494412403409417,1.0,0.04565405455051046,0.0,0.0,0.0,-0.629519522190094,CityLearnV3MADRLRewardFunction,masac_unified_comparable_v4,E2,-0.0,1907,14.155026926697902,1.0,0.13297681158040292,0.0,8759
19,0.0,0.0,0.0,0.0,Building_8,7,MASAC,0.7900000214576721,True,0.0,0.0,0.0,0.5324955582618713,20,8738,0.0,0.0,-0.0,183938,0.0,6.19936990737915,-0.5476385354995728,3.3011369705200195,4.897502422332764,6.19936990737915,6.19936990737915,155,3.534712538107752,1.0,0.09984062621670385,0.0,0.0,0.0,-0.629519522190094,CityLearnV3MADRLRewardFunction,masac_unified_comparable_v4,E2,-0.0,1907,14.155026926697902,1.0,0.13297681158040292,0.0,8759
12,0.0,0.0,0.0,0.0,Building_9,8,MASAC,0.7900000214576721,True,0.0,0.0,0.0,0.5324955582618713,20,8738,0.0,0.0,-0.0,183938,0.0,2.1350696086883545,-0.48277708888053894,1.1369150876998901,1.6867049932479858,2.1350696086883545,2.1350696086883545,106,3.594535077545295,1.0,0.1559305078578445,0.0,0.0,0.0,-0.629519522190094,CityLearnV3MADRLRewardFunction,masac_unified_comparable_v4,E2,-0.0,1907,14.155026926697902,1.0,0.13297681158040292,0.0,8759
8,0.0,0.0,0.0,0.0,Building_10,9,MASAC,0.7900000214576721,True,0.0,0.0,0.0,0.5324955582618713,20,8738,0.0,0.0,-0.0,183938,0.0,16.451881408691406,-0.6418011784553528,8.760553359985352,12.996986389160156,16.451881408691406,16.451881408691406,78,3.471944209895892,1.0,0.19219575736385125,0.0,0.0,0.0,-0.629519522190094,CityLearnV3MADRLRewardFunction,masac_unified_comparable_v4,E2,-0.0,1907,14.155026926697902,1.0,0.13297681158040292,0.0,8759
5,0.0,0.0,0.0,0.0,Building_11,10,MASAC,0.7900000214576721,True,0.0,0.0,0.0,0.5324955582618713,20,8738,0.0,0.0,-0.0,183938,0.0,66.45198059082031,-0.7315047383308411,35.38538360595703,52.497066497802734,66.45198059082031,66.45198059082031,57,3.477915745042475,1.0,0.2622779905796051,0.0,0.0,0.0,-0.629519522190094,CityLearnV3MADRLRewardFunction,masac_unified_comparable_v4,E2,-0.0,1907,14.155026926697902,1.0,0.13297681158040292,0.0,8759
5,1.0,1.0,0.2,0.0,Building_12,11,MASAC,0.7900000214576721,True,902.5245971679688,0.0,0.0,0.5324955582618713,20,8738,0.0,0.0,-0.0,183938,0.0,1057.913330078125,-0.7638489007949829,563.3341674804688,835.7515258789062,1057.913330078125,155.38873291015625,57,3.343448479198133,1.0,0.25546526359884364,0.0,0.0,0.0,-0.629519522190094,CityLearnV3MADRLRewardFunction,masac_unified_comparable_v4,E2,-0.0,1907,14.155026926697902,1.0,0.13297681158040292,0.0,8759
13,1.0,1.0,0.07692307692307693,0.0,Building_13,12,MASAC,0.7900000214576721,True,0.0,0.0,0.0,0.5324955582618713,20,8738,0.0,0.0,-0.0,183938,0.0,0.1047736182808876,-0.47564712166786194,0.05579148605465889,0.08277115970849991,0.1047736182808876,0.1047736182808876,113,3.5020999886080433,1.0,0.13316208625261763,0.0,0.0,0.0,-0.629519522190094,CityLearnV3MADRLRewardFunction,masac_unified_comparable_v4,E2,-0.0,1907,14.155026926697902,1.0,0.13297681158040292,0.0,8759
6,0.0,0.0,0.0,0.0,Building_14,13,MASAC,0.7900000214576721,True,0.0,0.0,0.0,0.5324955582618713,20,8738,0.0,0.0,-0.0,183938,0.0,1.3521205186843872,-0.4907262921333313,0.7199981808662415,1.068175196647644,1.3521205186843872,1.3521205186843872,64,3.3627973216725904,1.0,0.22267571021802723,0.0,0.0,0.0,-0.629519522190094,CityLearnV3MADRLRewardFunction,masac_unified_comparable_v4,E2,-0.0,1907,14.155026926697902,1.0,0.13297681158040292,0.0,8759
10,0.0,0.0,0.0,0.0,Building_15,14,MASAC,0.7900000214576721,True,0.0,0.0,0.0,0.5324955582618713,20,8738,0.0,0.0,-0.0,183938,0.0,15.147623062133789,-0.6316565871238708,8.066041946411133,11.966622352600098,15.147623062133789,15.147623062133789,92,3.406909300586234,1.0,0.1604123541518398,0.0,0.0,0.0,-0.629519522190094,CityLearnV3MADRLRewardFunction,masac_unified_comparable_v4,E2,-0.0,1907,14.155026926697902,1.0,0.13297681158040292,0.0,8759
13,0.0,0.0,0.0,0.0,Building_16,15,MASAC,0.7900000214576721,True,0.0,0.0,0.0,0.5324955582618713,20,8738,0.0,0.0,-0.0,183938,0.0,11.957420349121094,-0.605955183506012,6.367273330688477,9.446362495422363,11.957420349121094,11.957420349121094,113,3.469316988015958,1.0,0.13197947946269956,0.0,0.0,0.0,-0.629519522190094,CityLearnV3MADRLRewardFunction,masac_unified_comparable_v4,E2,-0.0,1907,14.155026926697902,1.0,0.13297681158040292,0.0,8759
13,0.0,0.0,0.0,0.0,Building_17,16,MASAC,0.7900000214576721,True,0.0,0.0,0.0,0.5324955582618713,20,8738,0.0,0.0,-0.0,183938,0.0,23.087642669677734,-0.6791700720787048,12.2940673828125,18.239238739013672,23.087642669677734,23.087642669677734,113,3.452958119654714,1.0,0.13494612500730868,0.0,0.0,0.0,-0.629519522190094,CityLearnV3MADRLRewardFunction,masac_unified_comparable_v4,E2,-0.0,1907,14.155026926697902,1.0,0.13297681158040292,0.0,8759
6,0.0,0.0,0.0,0.0,Building_1,0,MASAC,0.7900000214576721,False,0.0,0.0,0.0,0.5324955582618713,21,0,0.0,0.0,-0.0,183960,-0.0,0.0,-0.797679603099823,0.0,0.0,0.0,0.0,64,3.300663930160815,1.0,0.22535017924383283,0.0,0.0,0.0,-0.7184553146362305,CityLearnV3MADRLRewardFunction,masac_unified_comparable_v4,E2,-0.0,1907,13.97492448290185,1.0,0.1324256159165922,0.0,22
8,0.0,0.0,0.0,0.0,Building_2,1,MASAC,0.7900000214576721,False,0.0,0.0,0.0,0.5324955582618713,21,0,0.0,0.0,-0.0,183960,-0.0,0.0,-0.6147022247314453,0.0,0.0,0.0,0.0,78,3.4045485463382597,1.0,0.18831145075651315,0.0,0.0,0.0,-0.7184553146362305,CityLearnV3MADRLRewardFunction,masac_unified_comparable_v4,E2,-0.0,1907,13.97492448290185,1.0,0.1324256159165922,0.0,22
10,0.0,0.0,0.0,0.0,Building_3,2,MASAC,0.7900000214576721,False,0.0,0.0,0.0,0.5324955582618713,21,0,0.0,0.0,-0.0,183960,-0.0,0.0,-0.759195864200592,0.0,0.0,0.0,0.0,92,3.3539266935061764,1.0,0.15822466657213544,0.0,0.0,0.0,-0.7184553146362305,CityLearnV3MADRLRewardFunction,masac_unified_comparable_v4,E2,-0.0,1907,13.97492448290185,1.0,0.1324256159165922,0.0,22
8,0.0,0.0,0.0,0.0,Building_4,3,MASAC,0.7900000214576721,False,0.0,0.0,0.0,0.5324955582618713,21,0,0.0,0.0,-0.0,183960,-0.0,0.0,-0.795137345790863,0.0,0.0,0.0,0.0,78,3.3137388833307093,1.0,0.18380206326643625,0.0,0.0,0.0,-0.7184553146362305,CityLearnV3MADRLRewardFunction,masac_unified_comparable_v4,E2,-0.0,1907,13.97492448290185,1.0,0.1324256159165922,0.0,22
5,0.0,0.0,0.0,0.0,Building_5,4,MASAC,0.7900000214576721,False,0.0,0.0,0.0,0.5324955582618713,21,0,0.0,0.0,-0.0,183960,-0.0,0.0,-0.7867563366889954,0.0,0.0,0.0,0.0,57,3.8350892743235425,1.0,0.3374705266272813,0.0,0.0,0.0,-0.7184553146362305,CityLearnV3MADRLRewardFunction,masac_unified_comparable_v4,E2,-0.0,1907,13.97492448290185,1.0,0.1324256159165922,0.0,22
34,0.0,0.0,0.0,0.0,Building_6,5,MASAC,0.7900000214576721,False,0.0,0.0,0.0,0.5324955582618713,21,0,0.0,0.0,-0.0,183960,-0.0,0.0,-0.7977244257926941,0.0,0.0,0.0,0.0,260,3.3014857682500405,1.0,0.05488279668184427,0.0,0.0,0.0,-0.7184553146362305,CityLearnV3MADRLRewardFunction,masac_unified_comparable_v4,E2,-0.0,1907,13.97492448290185,1.0,0.1324256159165922,0.0,22
44,1.0,1.0,0.022727272727272728,0.0,Building_7,6,MASAC,0.7900000214576721,False,0.0,0.0,0.0,0.5324955582618713,21,0,0.0,0.0,-0.0,183960,-0.0,0.0,-0.6392600536346436,0.0,0.0,0.0,0.0,330,3.357130412035571,1.0,0.04368803704326803,0.0,0.0,0.0,-0.7184553146362305,CityLearnV3MADRLRewardFunction,masac_unified_comparable_v4,E2,-0.0,1907,13.97492448290185,1.0,0.1324256159165922,0.0,22
19,0.0,0.0,0.0,0.0,Building_8,7,MASAC,0.7900000214576721,False,0.0,0.0,0.0,0.5324955582618713,21,0,0.0,0.0,-0.0,183960,-0.0,0.0,-0.6405593156814575,0.0,0.0,0.0,0.0,155,3.4148693551277023,1.0,0.09648767190594827,0.0,0.0,0.0,-0.7184553146362305,CityLearnV3MADRLRewardFunction,masac_unified_comparable_v4,E2,-0.0,1907,13.97492448290185,1.0,0.1324256159165922,0.0,22
12,0.0,0.0,0.0,0.0,Building_9,8,MASAC,0.7900000214576721,False,0.0,0.0,0.0,0.5324955582618713,21,0,0.0,0.0,-0.0,183960,-0.0,0.0,-0.6351471543312073,0.0,0.0,0.0,0.0,106,3.419004849026294,1.0,0.1421610344693346,0.0,0.0,0.0,-0.7184553146362305,CityLearnV3MADRLRewardFunction,masac_unified_comparable_v4,E2,-0.0,1907,13.97492448290185,1.0,0.1324256159165922,0.0,22
8,0.0,0.0,0.0,0.0,Building_10,9,MASAC,0.7900000214576721,False,0.0,0.0,0.0,0.5324955582618713,21,0,0.0,0.0,-0.0,183960,-0.0,0.0,-0.7933663129806519,0.0,0.0,0.0,0.0,78,3.3610971825332676,1.0,0.18743406971677756,0.0,0.0,0.0,-0.7184553146362305,CityLearnV3MADRLRewardFunction,masac_unified_comparable_v4,E2,-0.0,1907,13.97492448290185,1.0,0.1324256159165922,0.0,22
5,0.0,0.0,0.0,0.0,Building_11,10,MASAC,0.7900000214576721,False,0.0,0.0,0.0,0.5324955582618713,21,0,0.0,0.0,-0.0,183960,-0.0,0.0,-0.7937155365943909,0.0,0.0,0.0,0.0,57,3.376341453130564,1.0,0.258663563613306,0.0,0.0,0.0,-0.7184553146362305,CityLearnV3MADRLRewardFunction,masac_unified_comparable_v4,E2,-0.0,1907,13.97492448290185,1.0,0.1324256159165922,0.0,22
5,1.0,1.0,0.2,0.0,Building_12,11,MASAC,0.7900000214576721,False,0.0,0.0,0.0,0.5324955582618713,21,0,0.0,0.0,-0.0,183960,-0.0,0.0,-0.7964574694633484,0.0,0.0,0.0,0.0,57,3.3247622392355827,1.0,0.25241694586318836,0.0,0.0,0.0,-0.7184553146362305,CityLearnV3MADRLRewardFunction,masac_unified_comparable_v4,E2,-0.0,1907,13.97492448290185,1.0,0.1324256159165922,0.0,22
13,0.0,0.0,0.0,0.0,Building_13,12,MASAC,0.7900000214576721,False,0.0,0.0,0.0,0.5324955582618713,21,0,0.0,0.0,-0.0,183960,-0.0,0.0,-0.5621602535247803,0.0,0.0,0.0,0.0,113,3.360181046824214,1.0,0.12729080548856112,0.0,0.0,0.0,-0.7184553146362305,CityLearnV3MADRLRewardFunction,masac_unified_comparable_v4,E2,-0.0,1907,13.97492448290185,1.0,0.1324256159165922,0.0,22
6,0.0,0.0,0.0,0.0,Building_14,13,MASAC,0.7900000214576721,False,0.0,0.0,0.0,0.5324955582618713,21,0,0.0,0.0,-0.0,183960,-0.0,0.0,-0.5644305944442749,0.0,0.0,0.0,0.0,64,3.3647680832620317,1.0,0.22707048850134015,0.0,0.0,0.0,-0.7184553146362305,CityLearnV3MADRLRewardFunction,masac_unified_comparable_v4,E2,-0.0,1907,13.97492448290185,1.0,0.1324256159165922,0.0,22
10,0.0,0.0,0.0,0.0,Building_15,14,MASAC,0.7900000214576721,False,0.0,0.0,0.0,0.5324955582618713,21,0,0.0,0.0,-0.0,183960,-0.0,0.0,-0.7235002517700195,0.0,0.0,0.0,0.0,92,3.4242321988181446,1.0,0.16352662055388742,0.0,0.0,0.0,-0.7184553146362305,CityLearnV3MADRLRewardFunction,masac_unified_comparable_v4,E2,-0.0,1907,13.97492448290185,1.0,0.1324256159165922,0.0,22
13,0.0,0.0,0.0,0.0,Building_16,15,MASAC,0.7900000214576721,False,0.0,0.0,0.0,0.5324955582618713,21,0,0.0,0.0,-0.0,183960,-0.0,0.0,-0.7756196856498718,0.0,0.0,0.0,0.0,113,3.3415923106243235,1.0,0.12794648836144304,0.0,0.0,0.0,-0.7184553146362305,CityLearnV3MADRLRewardFunction,masac_unified_comparable_v4,E2,-0.0,1907,13.97492448290185,1.0,0.1324256159165922,0.0,22
13,0.0,0.0,0.0,0.0,Building_17,16,MASAC,0.7900000214576721,False,0.0,0.0,0.0,0.5324955582618713,21,0,0.0,0.0,-0.0,183960,-0.0,0.0,-0.7383280992507935,0.0,0.0,0.0,0.0,113,3.3316266152093483,1.0,0.12756137563064035,0.0,0.0,0.0,-0.7184553146362305,CityLearnV3MADRLRewardFunction,masac_unified_comparable_v4,E2,-0.0,1907,13.97492448290185,1.0,0.1324256159165922,0.0,22
6,1.0,1.0,0.16666666666666666,0.0,Building_1,0,MASAC,0.7900000214576721,True,0.0,0.0,0.0,0.5324955582618713,21,8737,0.0,0.0,-0.0,192697,0.0,433.45458984375,-0.8177170157432556,230.81263732910156,342.42913818359375,433.45458984375,433.45458984375,64,3.2813716868234346,1.0,0.2210384753998369,0.0,0.0,0.0,-0.746248185634613,CityLearnV3MADRLRewardFunction,masac_unified_comparable_v4,E2,-0.0,1907,13.92525386038901,1.0,0.12992027961596744,0.0,8759
8,0.0,0.0,0.0,0.0,Building_2,1,MASAC,0.7900000214576721,True,0.0,0.0,0.0,0.5324955582618713,21,8737,0.0,0.0,-0.0,192697,0.0,15.16435432434082,-0.716285765171051,8.074951171875,11.979840278625488,15.16435432434082,15.16435432434082,78,3.448836671808926,1.0,0.19107824506667945,0.0,0.0,0.0,-0.746248185634613,CityLearnV3MADRLRewardFunction,masac_unified_comparable_v4,E2,-0.0,1907,13.92525386038901,1.0,0.12992027961596744,0.0,8759
10,0.0,0.0,0.0,0.0,Building_3,2,MASAC,0.7900000214576721,True,0.0,0.0,0.0,0.5324955582618713,21,8737,0.0,0.0,-0.0,192697,0.0,94.53981018066406,-0.8167647123336792,50.3420295715332,74.68645477294922,94.53981018066406,94.53981018066406,92,3.332769554391273,1.0,0.15404513138143913,0.0,0.0,0.0,-0.746248185634613,CityLearnV3MADRLRewardFunction,masac_unified_comparable_v4,E2,-0.0,1907,13.92525386038901,1.0,0.12992027961596744,0.0,8759
8,0.0,0.0,0.0,0.0,Building_4,3,MASAC,0.7900000214576721,True,0.0,0.0,0.0,0.5324955582618713,21,8737,0.0,0.0,-0.0,192697,0.0,31.04317283630371,-0.788128137588501,16.530351638793945,24.524106979370117,31.04317283630371,31.04317283630371,78,3.1935878060042593,1.0,0.17186653289275292,0.0,0.0,0.0,-0.746248185634613,CityLearnV3MADRLRewardFunction,masac_unified_comparable_v4,E2,-0.0,1907,13.92525386038901,1.0,0.12992027961596744,0.0,8759
5,0.0,0.0,0.0,0.0,Building_5,4,MASAC,0.7900000214576721,True,0.0,0.0,0.0,0.5324955582618713,21,8737,0.0,0.0,-0.0,192697,0.0,38.538970947265625,-0.8390560150146484,20.521831512451172,30.44578742980957,38.538970947265625,38.538970947265625,57,3.5801805774369577,1.0,0.2920760460067214,0.0,0.0,0.0,-0.746248185634613,CityLearnV3MADRLRewardFunction,masac_unified_comparable_v4,E2,-0.0,1907,13.92525386038901,1.0,0.12992027961596744,0.0,8759
34,0.0,0.0,0.0,0.0,Building_6,5,MASAC,0.7900000214576721,True,0.0,0.0,0.0,0.5324955582618713,21,8737,0.0,0.0,-0.0,192697,0.0,362.8901062011719,-0.8177173733711243,193.23736572265625,286.6831970214844,362.8901062011719,362.8901062011719,260,3.3303330364716826,1.0,0.05437911536831122,0.0,0.0,0.0,-0.746248185634613,CityLearnV3MADRLRewardFunction,masac_unified_comparable_v4,E2,-0.0,1907,13.92525386038901,1.0,0.12992027961596744,0.0,8759
44,0.0,0.0,0.0,0.0,Building_7,6,MASAC,0.7900000214576721,True,0.0,0.0,0.0,0.5324955582618713,21,8737,0.0,0.0,-0.0,192697,0.0,12.664111137390137,-0.6958042979240417,6.743582725524902,10.004648208618164,12.664111137390137,12.664111137390137,330,3.332250894407173,1.0,0.043260812646511826,0.0,0.0,0.0,-0.746248185634613,CityLearnV3MADRLRewardFunction,masac_unified_comparable_v4,E2,-0.0,1907,13.92525386038901,1.0,0.12992027961596744,0.0,8759
19,0.0,0.0,0.0,0.0,Building_8,7,MASAC,0.7900000214576721,True,0.0,0.0,0.0,0.5324955582618713,21,8737,0.0,0.0,-0.0,192697,0.0,12.065996170043945,-0.690243124961853,6.425089359283447,9.532136917114258,12.065996170043945,12.065996170043945,155,3.3277419367764325,1.0,0.09208917579343243,0.0,0.0,0.0,-0.746248185634613,CityLearnV3MADRLRewardFunction,masac_unified_comparable_v4,E2,-0.0,1907,13.92525386038901,1.0,0.12992027961596744,0.0,8759
12,0.0,0.0,0.0,0.0,Building_9,8,MASAC,0.7900000214576721,True,0.0,0.0,0.0,0.5324955582618713,21,8737,0.0,0.0,-0.0,192697,0.0,2.290161371231079,-0.5685492753982544,1.2195007801055908,1.8092275857925415,2.290161371231079,2.290161371231079,106,3.6309499437023587,1.0,0.15679574054929446,0.0,0.0,0.0,-0.746248185634613,CityLearnV3MADRLRewardFunction,masac_unified_comparable_v4,E2,-0.0,1907,13.92525386038901,1.0,0.12992027961596744,0.0,8759
8,0.0,0.0,0.0,0.0,Building_10,9,MASAC,0.7900000214576721,True,0.0,0.0,0.0,0.5324955582618713,21,8737,0.0,0.0,-0.0,192697,0.0,51.649574279785156,-0.8119936585426331,27.5031681060791,40.803165435791016,51.649574279785156,51.649574279785156,78,3.388310837642358,1.0,0.1864111433044458,0.0,0.0,0.0,-0.746248185634613,CityLearnV3MADRLRewardFunction,masac_unified_comparable_v4,E2,-0.0,1907,13.92525386038901,1.0,0.12992027961596744,0.0,8759
5,0.0,0.0,0.0,0.0,Building_11,10,MASAC,0.7900000214576721,True,0.0,0.0,0.0,0.5324955582618713,21,8737,0.0,0.0,-0.0,192697,0.0,71.54803466796875,-0.8158528208732605,38.0990104675293,56.52294921875,71.54803466796875,71.54803466796875,57,3.3972115188231884,1.0,0.2537031770406062,0.0,0.0,0.0,-0.746248185634613,CityLearnV3MADRLRewardFunction,masac_unified_comparable_v4,E2,-0.0,1907,13.92525386038901,1.0,0.12992027961596744,0.0,8759
5,1.0,1.0,0.2,0.0,Building_12,11,MASAC,0.7900000214576721,True,0.0,0.0,0.0,0.5324955582618713,21,8737,0.0,0.0,-0.0,192697,0.0,215.11593627929688,-0.8174249529838562,114.54827880859375,169.94158935546875,215.11593627929688,215.11593627929688,57,3.2749942943687804,1.0,0.2483028259716536,0.0,0.0,0.0,-0.746248185634613,CityLearnV3MADRLRewardFunction,masac_unified_comparable_v4,E2,-0.0,1907,13.92525386038901,1.0,0.12992027961596744,0.0,8759
13,1.0,1.0,0.07692307692307693,0.0,Building_13,12,MASAC,0.7900000214576721,True,0.0,0.0,0.0,0.5324955582618713,21,8737,0.0,0.0,-0.0,192697,0.0,2.033022403717041,-0.5828464031219482,1.0825754404067993,1.6060876846313477,2.033022403717041,2.033022403717041,113,3.390405392027621,1.0,0.12747194980625556,0.0,0.0,0.0,-0.746248185634613,CityLearnV3MADRLRewardFunction,masac_unified_comparable_v4,E2,-0.0,1907,13.92525386038901,1.0,0.12992027961596744,0.0,8759
6,0.0,0.0,0.0,0.0,Building_14,13,MASAC,0.7900000214576721,True,0.0,0.0,0.0,0.5324955582618713,21,8737,0.0,0.0,-0.0,192697,0.0,2.6149511337280273,-0.5898433327674866,1.3924498558044434,2.0658113956451416,2.6149511337280273,2.6149511337280273,64,3.3901978866017233,1.0,0.2246711018960923,0.0,0.0,0.0,-0.746248185634613,CityLearnV3MADRLRewardFunction,masac_unified_comparable_v4,E2,-0.0,1907,13.92525386038901,1.0,0.12992027961596744,0.0,8759
10,0.0,0.0,0.0,0.0,Building_15,14,MASAC,0.7900000214576721,True,0.0,0.0,0.0,0.5324955582618713,21,8737,0.0,0.0,-0.0,192697,0.0,19.521480560302734,-0.7451380491256714,10.395101547241211,15.42197036743164,19.521480560302734,19.521480560302734,92,3.47605785525557,1.0,0.16418208489599434,0.0,0.0,0.0,-0.746248185634613,CityLearnV3MADRLRewardFunction,masac_unified_comparable_v4,E2,-0.0,1907,13.92525386038901,1.0,0.12992027961596744,0.0,8759
13,1.0,1.0,0.07692307692307693,0.0,Building_16,15,MASAC,0.7900000214576721,True,0.0,0.0,0.0,0.5324955582618713,21,8737,0.0,0.0,-0.0,192697,0.0,54.89390563964844,-0.8129736185073853,29.23076057434082,43.366188049316406,54.89390563964844,54.89390563964844,113,3.3486003568257305,1.0,0.1261672246377025,0.0,0.0,0.0,-0.746248185634613,CityLearnV3MADRLRewardFunction,masac_unified_comparable_v4,E2,-0.0,1907,13.92525386038901,1.0,0.12992027961596744,0.0,8759
13,1.0,1.0,0.07692307692307693,0.0,Building_17,16,MASAC,0.7900000214576721,True,0.0,0.0,0.0,0.5324955582618713,21,8737,0.0,0.0,-0.0,192697,0.0,22.46647071838379,-0.7598807215690613,11.963295936584473,17.748512268066406,22.46647071838379,22.46647071838379,113,3.2622716759577934,1.0,0.12277152303573305,0.0,0.0,0.0,-0.746248185634613,CityLearnV3MADRLRewardFunction,masac_unified_comparable_v4,E2,-0.0,1907,13.92525386038901,1.0,0.12992027961596744,0.0,8759
6,1.0,1.0,0.16666666666666666,0.0,Building_1,0,MASAC,0.7900000214576721,False,0.0,0.0,0.0,0.5324955582618713,22,0,0.0,0.0,-0.0,192720,-0.0,0.0,-0.8123297691345215,0.0,0.0,0.0,0.0,64,3.420150844020791,1.0,0.2306148725328967,0.0,0.0,0.0,-0.7383943200111389,CityLearnV3MADRLRewardFunction,masac_unified_comparable_v4,E2,-0.0,1907,13.966268825141418,1.0,0.12916518083622647,0.0,23
8,0.0,0.0,0.0,0.0,Building_2,1,MASAC,0.7900000214576721,False,0.0,0.0,0.0,0.5324955582618713,22,0,0.0,0.0,-0.0,192720,-0.0,0.0,-0.7100082039833069,0.0,0.0,0.0,0.0,78,3.392029735178948,1.0,0.18324830430822495,0.0,0.0,0.0,-0.7383943200111389,CityLearnV3MADRLRewardFunction,masac_unified_comparable_v4,E2,-0.0,1907,13.966268825141418,1.0,0.12916518083622647,0.0,23
10,0.0,0.0,0.0,0.0,Building_3,2,MASAC,0.7900000214576721,False,0.0,0.0,0.0,0.5324955582618713,22,0,0.0,0.0,-0.0,192720,-0.0,0.0,-0.8092598915100098,0.0,0.0,0.0,0.0,92,3.303423660419426,1.0,0.1521310685607402,0.0,0.0,0.0,-0.7383943200111389,CityLearnV3MADRLRewardFunction,masac_unified_comparable_v4,E2,-0.0,1907,13.966268825141418,1.0,0.12916518083622647,0.0,23
8,0.0,0.0,0.0,0.0,Building_4,3,MASAC,0.7900000214576721,False,0.0,0.0,0.0,0.5324955582618713,22,0,0.0,0.0,-0.0,192720,-0.0,0.0,-0.7846559882164001,0.0,0.0,0.0,0.0,78,3.3117199108198183,1.0,0.17913940539344764,0.0,0.0,0.0,-0.7383943200111389,CityLearnV3MADRLRewardFunction,masac_unified_comparable_v4,E2,-0.0,1907,13.966268825141418,1.0,0.12916518083622647,0.0,23
5,0.0,0.0,0.0,0.0,Building_5,4,MASAC,0.7900000214576721,False,0.0,0.0,0.0,0.5324955582618713,22,0,0.0,0.0,-0.0,192720,-0.0,0.0,-0.7791150808334351,0.0,0.0,0.0,0.0,57,3.9275303409118236,1.0,0.34283481669007687,0.0,0.0,0.0,-0.7383943200111389,CityLearnV3MADRLRewardFunction,masac_unified_comparable_v4,E2,-0.0,1907,13.966268825141418,1.0,0.12916518083622647,0.0,23
34,0.0,0.0,0.0,0.0,Building_6,5,MASAC,0.7900000214576721,False,0.0,0.0,0.0,0.5324955582618713,22,0,0.0,0.0,-0.0,192720,-0.0,0.0,-0.8112265467643738,0.0,0.0,0.0,0.0,260,3.2707692303563576,1.0,0.052838691581900306,0.0,0.0,0.0,-0.7383943200111389,CityLearnV3MADRLRewardFunction,masac_unified_comparable_v4,E2,-0.0,1907,13.966268825141418,1.0,0.12916518083622647,0.0,23
44,1.0,1.0,0.022727272727272728,0.0,Building_7,6,MASAC,0.7900000214576721,False,0.0,0.0,0.0,0.5324955582618713,22,0,0.0,0.0,-0.0,192720,-0.0,0.0,-0.6902177333831787,0.0,0.0,0.0,0.0,330,3.3696393402901585,1.0,0.04325083789951874,0.0,0.0,0.0,-0.7383943200111389,CityLearnV3MADRLRewardFunction,masac_unified_comparable_v4,E2,-0.0,1907,13.966268825141418,1.0,0.12916518083622647,0.0,23
19,0.0,0.0,0.0,0.0,Building_8,7,MASAC,0.7900000214576721,False,0.0,0.0,0.0,0.5324955582618713,22,0,0.0,0.0,-0.0,192720,-0.0,0.0,-0.6859443187713623,0.0,0.0,0.0,0.0,155,3.4269647691204197,1.0,0.0935744823467347,0.0,0.0,0.0,-0.7383943200111389,CityLearnV3MADRLRewardFunction,masac_unified_comparable_v4,E2,-0.0,1907,13.966268825141418,1.0,0.12916518083622647,0.0,23
12,0.0,0.0,0.0,0.0,Building_9,8,MASAC,0.7900000214576721,False,0.0,0.0,0.0,0.5324955582618713,22,0,0.0,0.0,-0.0,192720,-0.0,0.0,-0.5812149047851562,0.0,0.0,0.0,0.0,106,3.3411256904749487,1.0,0.13195778872325736,0.0,0.0,0.0,-0.7383943200111389,CityLearnV3MADRLRewardFunction,masac_unified_comparable_v4,E2,-0.0,1907,13.966268825141418,1.0,0.12916518083622647,0.0,23
8,1.0,1.0,0.125,0.0,Building_10,9,MASAC,0.7900000214576721,False,0.0,0.0,0.0,0.5324955582618713,22,0,0.0,0.0,-0.0,192720,-0.0,0.0,-0.8054754734039307,0.0,0.0,0.0,0.0,78,3.3456410381376886,1.0,0.1824320874726161,0.0,0.0,0.0,-0.7383943200111389,CityLearnV3MADRLRewardFunction,masac_unified_comparable_v4,E2,-0.0,1907,13.966268825141418,1.0,0.12916518083622647,0.0,23
5,0.0,0.0,0.0,0.0,Building_11,10,MASAC,0.7900000214576721,False,0.0,0.0,0.0,0.5324955582618713,22,0,0.0,0.0,-0.0,192720,-0.0,0.0,-0.8090856075286865,0.0,0.0,0.0,0.0,57,3.3691476607759374,1.0,0.2522517088473889,0.0,0.0,0.0,-0.7383943200111389,CityLearnV3MADRLRewardFunction,masac_unified_comparable_v4,E2,-0.0,1907,13.966268825141418,1.0,0.12916518083622647,0.0,23
5,0.0,0.0,0.0,0.0,Building_12,11,MASAC,0.7900000214576721,False,0.0,0.0,0.0,0.5324955582618713,22,0,0.0,0.0,-0.0,192720,-0.0,0.0,-0.8117611408233643,0.0,0.0,0.0,0.0,57,3.3196628580831384,1.0,0.24614590759340085,0.0,0.0,0.0,-0.7383943200111389,CityLearnV3MADRLRewardFunction,masac_unified_comparable_v4,E2,-0.0,1907,13.966268825141418,1.0,0.12916518083622647,0.0,23
13,0.0,0.0,0.0,0.0,Building_13,12,MASAC,0.7900000214576721,False,0.0,0.0,0.0,0.5324955582618713,22,0,0.0,0.0,-0.0,192720,-0.0,0.0,-0.5764645934104919,0.0,0.0,0.0,0.0,113,3.374671395492206,1.0,0.12605094481094747,0.0,0.0,0.0,-0.7383943200111389,CityLearnV3MADRLRewardFunction,masac_unified_comparable_v4,E2,-0.0,1907,13.966268825141418,1.0,0.12916518083622647,0.0,23
6,0.0,0.0,0.0,0.0,Building_14,13,MASAC,0.7900000214576721,False,0.0,0.0,0.0,0.5324955582618713,22,0,0.0,0.0,-0.0,192720,-0.0,0.0,-0.5846875905990601,0.0,0.0,0.0,0.0,64,3.326856632722588,1.0,0.2178216715110466,0.0,0.0,0.0,-0.7383943200111389,CityLearnV3MADRLRewardFunction,masac_unified_comparable_v4,E2,-0.0,1907,13.966268825141418,1.0,0.12916518083622647,0.0,23
10,0.0,0.0,0.0,0.0,Building_15,14,MASAC,0.7900000214576721,False,0.0,0.0,0.0,0.5324955582618713,22,0,0.0,0.0,-0.0,192720,-0.0,0.0,-0.7388433218002319,0.0,0.0,0.0,0.0,92,3.377037728747768,1.0,0.15537369469909565,0.0,0.0,0.0,-0.7383943200111389,CityLearnV3MADRLRewardFunction,masac_unified_comparable_v4,E2,-0.0,1907,13.966268825141418,1.0,0.12916518083622647,0.0,23
13,0.0,0.0,0.0,0.0,Building_16,15,MASAC,0.7900000214576721,False,0.0,0.0,0.0,0.5324955582618713,22,0,0.0,0.0,-0.0,192720,-0.0,0.0,-0.806454062461853,0.0,0.0,0.0,0.0,113,3.3345852484528353,1.0,0.12473373464514724,0.0,0.0,0.0,-0.7383943200111389,CityLearnV3MADRLRewardFunction,masac_unified_comparable_v4,E2,-0.0,1907,13.966268825141418,1.0,0.12916518083622647,0.0,23
13,0.0,0.0,0.0,0.0,Building_17,16,MASAC,0.7900000214576721,False,0.0,0.0,0.0,0.5324955582618713,22,0,0.0,0.0,-0.0,192720,-0.0,0.0,-0.75596022605896,0.0,0.0,0.0,0.0,113,3.3231477560636327,1.0,0.12425092462681037,0.0,0.0,0.0,-0.7383943200111389,CityLearnV3MADRLRewardFunction,masac_unified_comparable_v4,E2,-0.0,1907,13.966268825141418,1.0,0.12916518083622647,0.0,23
6,0.0,0.0,0.0,0.0,Building_1,0,MASAC,0.7900000214576721,True,0.0,0.0,0.0,0.5324955582618713,22,8736,0.0,0.0,-0.0,201456,0.0,446.8856201171875,-0.8159628510475159,237.96461486816406,353.0396423339844,446.8856201171875,446.8856201171875,64,3.5016595713596597,1.0,0.2469950090162456,0.0,0.0,0.0,-0.7439024448394775,CityLearnV3MADRLRewardFunction,masac_unified_comparable_v4,E2,-0.0,1907,14.51983141275848,1.0,0.141883507023229,0.0,8759
8,0.0,0.0,0.0,0.0,Building_2,1,MASAC,0.7900000214576721,True,0.0,0.0,0.0,0.5324955582618713,22,8736,0.0,0.0,-0.0,201456,0.0,5.618855953216553,-0.622946560382843,2.992015838623047,4.438896179199219,5.618855953216553,5.618855953216553,78,3.4611828901216577,1.0,0.19506885684453523,0.0,0.0,0.0,-0.7439024448394775,CityLearnV3MADRLRewardFunction,masac_unified_comparable_v4,E2,-0.0,1907,14.51983141275848,1.0,0.141883507023229,0.0,8759
10,0.0,0.0,0.0,0.0,Building_3,2,MASAC,0.7900000214576721,True,0.0,0.0,0.0,0.5324955582618713,22,8736,0.0,0.0,-0.0,201456,0.0,98.17061614990234,-0.8141840100288391,52.27541732788086,77.5547866821289,98.17061614990234,98.17061614990234,92,3.426205751958396,1.0,0.16623383404120154,0.0,0.0,0.0,-0.7439024448394775,CityLearnV3MADRLRewardFunction,masac_unified_comparable_v4,E2,-0.0,1907,14.51983141275848,1.0,0.141883507023229,0.0,8759
8,0.0,0.0,0.0,0.0,Building_4,3,MASAC,0.7900000214576721,True,0.0,0.0,0.0,0.5324955582618713,22,8736,0.0,0.0,-0.0,201456,0.0,28.84416961669922,-0.7816644310951233,15.359392166137695,22.786893844604492,28.84416961669922,28.84416961669922,78,3.449331272954592,1.0,0.19755286360398316,0.0,0.0,0.0,-0.7439024448394775,CityLearnV3MADRLRewardFunction,masac_unified_comparable_v4,E2,-0.0,1907,14.51983141275848,1.0,0.141883507023229,0.0,8759
5,0.0,0.0,0.0,0.0,Building_5,4,MASAC,0.7900000214576721,True,0.0,0.0,0.0,0.5324955582618713,22,8736,0.0,0.0,-0.0,201456,0.0,37.89287567138672,-0.8364815711975098,20.17778778076172,29.935373306274414,37.89287567138672,37.89287567138672,57,3.7380153931646096,1.0,0.3178339550892512,0.0,0.0,0.0,-0.7439024448394775,CityLearnV3MADRLRewardFunction,masac_unified_comparable_v4,E2,-0.0,1907,14.51983141275848,1.0,0.141883507023229,0.0,8759
34,0.0,0.0,0.0,0.0,Building_6,5,MASAC,0.7900000214576721,True,0.0,0.0,0.0,0.5324955582618713,22,8736,0.0,0.0,-0.0,201456,0.0,350.8894348144531,-0.8158150911331177,186.84706115722656,277.2026672363281,350.8894348144531,350.8894348144531,260,3.3874406314361547,1.0,0.057971715124753805,0.0,0.0,0.0,-0.7439024448394775,CityLearnV3MADRLRewardFunction,masac_unified_comparable_v4,E2,-0.0,1907,14.51983141275848,1.0,0.141883507023229,0.0,8759
44,0.0,0.0,0.0,0.0,Building_7,6,MASAC,0.7900000214576721,True,0.0,0.0,0.0,0.5324955582618713,22,8736,0.0,0.0,-0.0,201456,0.0,18.66022491455078,-0.7378129363059998,9.936487197875977,14.741578102111816,18.66022491455078,18.66022491455078,330,3.4799169784723887,1.0,0.04745787987203309,0.0,0.0,0.0,-0.7439024448394775,CityLearnV3MADRLRewardFunction,masac_unified_comparable_v4,E2,-0.0,1907,14.51983141275848,1.0,0.141883507023229,0.0,8759
19,1.0,0.0,-0.05263157894736842,-1.0,Building_8,7,MASAC,0.7900000214576721,True,0.0,0.0,0.0,0.5324955582618713,22,8736,0.0,0.0,-0.0,201456,0.0,19.251495361328125,-0.7409887909889221,10.251336097717285,15.2086820602417,19.251495361328125,19.251495361328125,155,3.5891581894947953,1.0,0.1043886040487597,0.0,0.0,0.0,-0.7439024448394775,CityLearnV3MADRLRewardFunction,masac_unified_comparable_v4,E2,-0.0,1907,14.51983141275848,1.0,0.141883507023229,0.0,8759
12,0.0,0.0,0.0,0.0,Building_9,8,MASAC,0.7900000214576721,True,0.0,0.0,0.0,0.5324955582618713,22,8736,0.0,0.0,-0.0,201456,0.0,2.4506425857543945,-0.5686745643615723,1.304956316947937,1.9360077381134033,2.4506425857543945,2.4506425857543945,106,3.7326027034989546,1.0,0.16984350051520006,0.0,0.0,0.0,-0.7439024448394775,CityLearnV3MADRLRewardFunction,masac_unified_comparable_v4,E2,-0.0,1907,14.51983141275848,1.0,0.141883507023229,0.0,8759
8,0.0,0.0,0.0,0.0,Building_10,9,MASAC,0.7900000214576721,True,0.0,0.0,0.0,0.5324955582618713,22,8736,0.0,0.0,-0.0,201456,0.0,34.33414077758789,-0.7937648296356201,18.282777786254883,27.123971939086914,34.33414077758789,34.33414077758789,78,3.468784399329548,1.0,0.19928242581395003,0.0,0.0,0.0,-0.7439024448394775,CityLearnV3MADRLRewardFunction,masac_unified_comparable_v4,E2,-0.0,1907,14.51983141275848,1.0,0.141883507023229,0.0,8759
5,0.0,0.0,0.0,0.0,Building_11,10,MASAC,0.7900000214576721,True,0.0,0.0,0.0,0.5324955582618713,22,8736,0.0,0.0,-0.0,201456,0.0,57.917564392089844,-0.8120572566986084,30.840845108032227,45.754878997802734,57.917564392089844,57.917564392089844,57,3.5504011570184115,1.0,0.2778206138234389,0.0,0.0,0.0,-0.7439024448394775,CityLearnV3MADRLRewardFunction,masac_unified_comparable_v4,E2,-0.0,1907,14.51983141275848,1.0,0.141883507023229,0.0,8759
5,0.0,0.0,0.0,0.0,Building_12,11,MASAC,0.7900000214576721,True,0.0,0.0,0.0,0.5324955582618713,22,8736,0.0,0.0,-0.0,201456,0.0,182.6020965576172,-0.8134650588035583,97.23480224609375,144.2556610107422,182.6020965576172,182.6020965576172,57,3.3827930395501564,1.0,0.26168067570318254,0.0,0.0,0.0,-0.7439024448394775,CityLearnV3MADRLRewardFunction,masac_unified_comparable_v4,E2,-0.0,1907,14.51983141275848,1.0,0.141883507023229,0.0,8759
13,1.0,0.0,-0.07692307692307693,-1.0,Building_13,12,MASAC,0.7900000214576721,True,0.0,0.0,0.0,0.5324955582618713,22,8736,0.0,0.0,-0.0,201456,0.0,2.789367437362671,-0.5901731252670288,1.485325813293457,2.2036004066467285,2.789367437362671,2.789367437362671,113,3.579023019791247,1.0,0.14113732618568217,0.0,0.0,0.0,-0.7439024448394775,CityLearnV3MADRLRewardFunction,masac_unified_comparable_v4,E2,-0.0,1907,14.51983141275848,1.0,0.141883507023229,0.0,8759
6,0.0,0.0,0.0,0.0,Building_14,13,MASAC,0.7900000214576721,True,0.0,0.0,0.0,0.5324955582618713,22,8736,0.0,0.0,-0.0,201456,0.0,2.485826015472412,-0.5865405797958374,1.3236913681030273,1.9638025760650635,2.485826015472412,2.485826015472412,64,3.555382826186884,1.0,0.24754201341420412,0.0,0.0,0.0,-0.7439024448394775,CityLearnV3MADRLRewardFunction,masac_unified_comparable_v4,E2,-0.0,1907,14.51983141275848,1.0,0.141883507023229,0.0,8759
10,0.0,0.0,0.0,0.0,Building_15,14,MASAC,0.7900000214576721,True,0.0,0.0,0.0,0.5324955582618713,22,8736,0.0,0.0,-0.0,201456,0.0,20.5941162109375,-0.7490050792694092,10.966275215148926,16.269351959228516,20.5941162109375,20.5941162109375,92,3.580930797625455,1.0,0.1774991455933322,0.0,0.0,0.0,-0.7439024448394775,CityLearnV3MADRLRewardFunction,masac_unified_comparable_v4,E2,-0.0,1907,14.51983141275848,1.0,0.141883507023229,0.0,8759
13,1.0,1.0,0.07692307692307693,0.0,Building_16,15,MASAC,0.7900000214576721,True,0.0,0.0,0.0,0.5324955582618713,22,8736,0.0,0.0,-0.0,201456,0.0,103.13050842285156,-0.815280556678772,54.91653823852539,81.47310638427734,103.13050842285156,103.13050842285156,113,3.5521781417290486,1.0,0.14265735223230008,0.0,0.0,0.0,-0.7439024448394775,CityLearnV3MADRLRewardFunction,masac_unified_comparable_v4,E2,-0.0,1907,14.51983141275848,1.0,0.141883507023229,0.0,8759
13,1.0,1.0,0.07692307692307693,0.0,Building_17,16,MASAC,0.7900000214576721,True,0.0,0.0,0.0,0.5324955582618713,22,8736,0.0,0.0,-0.0,201456,0.0,21.1981143951416,-0.7515236139297485,11.287901878356934,16.746511459350586,21.1981143951416,21.1981143951416,113,3.4063647190842685,1.0,0.13517895881581096,0.0,0.0,0.0,-0.7439024448394775,CityLearnV3MADRLRewardFunction,masac_unified_comparable_v4,E2,-0.0,1907,14.51983141275848,1.0,0.141883507023229,0.0,8759
6,0.0,0.0,0.0,0.0,Building_1,0,MASAC,0.7900000214576721,False,0.0,0.0,0.0,0.5324955582618713,23,0,0.0,0.0,-0.0,201480,-0.0,0.0,-0.6431117057800293,0.0,0.0,0.0,0.0,64,3.4084758943296922,1.0,0.23575288383290172,0.0,0.0,0.0,-0.5193212628364563,CityLearnV3MADRLRewardFunction,masac_unified_comparable_v4,E2,-0.0,1907,14.552997806376073,1.0,0.13851724676377622,0.0,1
8,0.0,0.0,0.0,0.0,Building_2,1,MASAC,0.7900000214576721,False,0.0,0.0,0.0,0.5324955582618713,23,0,0.0,0.0,-0.0,201480,-0.0,0.0,-0.3915947377681732,0.0,0.0,0.0,0.0,78,3.5391858068532662,1.0,0.1970755893450517,0.0,0.0,0.0,-0.5193212628364563,CityLearnV3MADRLRewardFunction,masac_unified_comparable_v4,E2,-0.0,1907,14.552997806376073,1.0,0.13851724676377622,0.0,1
10,0.0,0.0,0.0,0.0,Building_3,2,MASAC,0.7900000214576721,False,0.0,0.0,0.0,0.5324955582618713,23,0,0.0,0.0,-0.0,201480,-0.0,0.0,-0.596118152141571,0.0,0.0,0.0,0.0,92,3.6032511935247538,1.0,0.17525063916716888,0.0,0.0,0.0,-0.5193212628364563,CityLearnV3MADRLRewardFunction,masac_unified_comparable_v4,E2,-0.0,1907,14.552997806376073,1.0,0.13851724676377622,0.0,1
8,0.0,0.0,0.0,0.0,Building_4,3,MASAC,0.7900000214576721,False,0.0,0.0,0.0,0.5324955582618713,23,0,0.0,0.0,-0.0,201480,-0.0,0.0,-0.5696827173233032,0.0,0.0,0.0,0.0,78,3.4682909177335155,1.0,0.19324687276131067,0.0,0.0,0.0,-0.5193212628364563,CityLearnV3MADRLRewardFunction,masac_unified_comparable_v4,E2,-0.0,1907,14.552997806376073,1.0,0.13851724676377622,0.0,1
5,0.0,0.0,0.0,0.0,Building_5,4,MASAC,0.7900000214576721,False,0.0,0.0,0.0,0.5324955582618713,23,0,0.0,0.0,-0.0,201480,-0.0,0.0,-0.6332944631576538,0.0,0.0,0.0,0.0,57,3.5455589984164826,1.0,0.27769984448688073,0.0,0.0,0.0,-0.5193212628364563,CityLearnV3MADRLRewardFunction,masac_unified_comparable_v4,E2,-0.0,1907,14.552997806376073,1.0,0.13851724676377622,0.0,1
34,1.0,1.0,0.029411764705882353,0.0,Building_6,5,MASAC,0.7900000214576721,False,0.0,0.0,0.0,0.5324955582618713,23,0,0.0,0.0,-0.0,201480,-0.0,0.0,-0.642471194267273,0.0,0.0,0.0,0.0,260,3.455121904685256,1.0,0.05809566129285556,0.0,0.0,0.0,-0.5193212628364563,CityLearnV3MADRLRewardFunction,masac_unified_comparable_v4,E2,-0.0,1907,14.552997806376073,1.0,0.13851724676377622,0.0,1
44,0.0,0.0,0.0,0.0,Building_7,6,MASAC,0.7900000214576721,False,0.0,0.0,0.0,0.5324955582618713,23,0,0.0,0.0,-0.0,201480,-0.0,0.0,-0.41109952330589294,0.0,0.0,0.0,0.0,330,3.5193643385838613,1.0,0.046388583743211,0.0,0.0,0.0,-0.5193212628364563,CityLearnV3MADRLRewardFunction,masac_unified_comparable_v4,E2,-0.0,1907,14.552997806376073,1.0,0.13851724676377622,0.0,1
19,0.0,0.0,0.0,0.0,Building_8,7,MASAC,0.7900000214576721,False,0.0,0.0,0.0,0.5324955582618713,23,0,0.0,0.0,-0.0,201480,-0.0,0.0,-0.3964252471923828,0.0,0.0,0.0,0.0,155,3.538013100213517,1.0,0.09923229217529297,0.0,0.0,0.0,-0.5193212628364563,CityLearnV3MADRLRewardFunction,masac_unified_comparable_v4,E2,-0.0,1907,14.552997806376073,1.0,0.13851724676377622,0.0,1
12,0.0,0.0,0.0,0.0,Building_9,8,MASAC,0.7900000214576721,False,0.0,0.0,0.0,0.5324955582618713,23,0,0.0,0.0,-0.0,201480,-0.0,0.0,-0.41996389627456665,0.0,0.0,0.0,0.0,106,3.648578886640267,1.0,0.15386552947028628,0.0,0.0,0.0,-0.5193212628364563,CityLearnV3MADRLRewardFunction,masac_unified_comparable_v4,E2,-0.0,1907,14.552997806376073,1.0,0.13851724676377622,0.0,1
8,0.0,0.0,0.0,0.0,Building_10,9,MASAC,0.7900000214576721,False,0.0,0.0,0.0,0.5324955582618713,23,0,0.0,0.0,-0.0,201480,-0.0,0.0,-0.6060099005699158,0.0,0.0,0.0,0.0,78,3.496215451128489,1.0,0.19549087731119913,0.0,0.0,0.0,-0.5193212628364563,CityLearnV3MADRLRewardFunction,masac_unified_comparable_v4,E2,-0.0,1907,14.552997806376073,1.0,0.13851724676377622,0.0,1
5,0.0,0.0,0.0,0.0,Building_11,10,MASAC,0.7900000214576721,False,0.0,0.0,0.0,0.5324955582618713,23,0,0.0,0.0,-0.0,201480,-0.0,0.0,-0.6393047571182251,0.0,0.0,0.0,0.0,57,3.627016482497293,1.0,0.2845742824046235,0.0,0.0,0.0,-0.5193212628364563,CityLearnV3MADRLRewardFunction,masac_unified_comparable_v4,E2,-0.0,1907,14.552997806376073,1.0,0.13851724676377622,0.0,1
5,0.0,0.0,0.0,0.0,Building_12,11,MASAC,0.7900000214576721,False,0.0,0.0,0.0,0.5324955582618713,23,0,0.0,0.0,-0.0,201480,-0.0,0.0,-0.6422426700592041,0.0,0.0,0.0,0.0,57,3.5853156671144046,1.0,0.2815085415515983,0.0,0.0,0.0,-0.5193212628364563,CityLearnV3MADRLRewardFunction,masac_unified_comparable_v4,E2,-0.0,1907,14.552997806376073,1.0,0.13851724676377622,0.0,1
13,0.0,0.0,0.0,0.0,Building_13,12,MASAC,0.7900000214576721,False,0.0,0.0,0.0,0.5324955582618713,23,0,0.0,0.0,-0.0,201480,-0.0,0.0,-0.3983916640281677,0.0,0.0,0.0,0.0,113,3.5260583957963973,1.0,0.13573364715660569,0.0,0.0,0.0,-0.5193212628364563,CityLearnV3MADRLRewardFunction,masac_unified_comparable_v4,E2,-0.0,1907,14.552997806376073,1.0,0.13851724676377622,0.0,1
6,0.0,0.0,0.0,0.0,Building_14,13,MASAC,0.7900000214576721,False,0.0,0.0,0.0,0.5324955582618713,23,0,0.0,0.0,-0.0,201480,-0.0,0.0,-0.40725210309028625,0.0,0.0,0.0,0.0,64,3.502813336128571,1.0,0.2381519740447402,0.0,0.0,0.0,-0.5193212628364563,CityLearnV3MADRLRewardFunction,masac_unified_comparable_v4,E2,-0.0,1907,14.552997806376073,1.0,0.13851724676377622,0.0,1
10,1.0,1.0,0.1,0.0,Building_15,14,MASAC,0.7900000214576721,False,0.0,0.0,0.0,0.5324955582618713,23,0,0.0,0.0,-0.0,201480,-0.0,0.0,-0.4188021719455719,0.0,0.0,0.0,0.0,92,3.5416362400020085,1.0,0.16798208483859248,0.0,0.0,0.0,-0.5193212628364563,CityLearnV3MADRLRewardFunction,masac_unified_comparable_v4,E2,-0.0,1907,14.552997806376073,1.0,0.13851724676377622,0.0,1
13,0.0,0.0,0.0,0.0,Building_16,15,MASAC,0.7900000214576721,False,0.0,0.0,0.0,0.5324955582618713,23,0,0.0,0.0,-0.0,201480,-0.0,0.0,-0.6364224553108215,0.0,0.0,0.0,0.0,113,3.432429264126495,1.0,0.13223498347586235,0.0,0.0,0.0,-0.5193212628364563,CityLearnV3MADRLRewardFunction,masac_unified_comparable_v4,E2,-0.0,1907,14.552997806376073,1.0,0.13851724676377622,0.0,1
13,1.0,0.0,-0.07692307692307693,-1.0,Building_17,16,MASAC,0.7900000214576721,False,0.0,0.0,0.0,0.5324955582618713,23,0,0.0,0.0,-0.0,201480,-0.0,0.0,-0.37627512216567993,0.0,0.0,0.0,0.0,113,3.5564712301139623,1.0,0.14222747120445808,0.0,0.0,0.0,-0.5193212628364563,CityLearnV3MADRLRewardFunction,masac_unified_comparable_v4,E2,-0.0,1907,14.552997806376073,1.0,0.13851724676377622,0.0,1
6,1.0,1.0,0.16666666666666666,0.0,Building_1,0,MASAC,0.7900000214576721,True,0.0,0.0,0.0,0.5324955582618713,23,8758,0.0,0.0,-0.0,210238,0.0,433.45458984375,-0.8166598081588745,230.81263732910156,342.42913818359375,433.45458984375,433.45458984375,64,3.283521947005973,1.0,0.22117482009343803,0.0,0.0,0.0,-0.7447378039360046,CityLearnV3MADRLRewardFunction,masac_unified_comparable_v4,E2,-0.0,1907,13.795905154412848,1.0,0.1284253321525528,0.0,8759
8,0.0,0.0,0.0,0.0,Building_2,1,MASAC,0.7900000214576721,True,0.0,0.0,0.0,0.5324955582618713,23,8758,0.0,0.0,-0.0,210238,0.0,15.16435432434082,-0.715110719203949,8.074951171875,11.979840278625488,15.16435432434082,15.16435432434082,78,3.410499348650354,1.0,0.1892532371939757,0.0,0.0,0.0,-0.7447378039360046,CityLearnV3MADRLRewardFunction,masac_unified_comparable_v4,E2,-0.0,1907,13.795905154412848,1.0,0.1284253321525528,0.0,8759
10,0.0,0.0,0.0,0.0,Building_3,2,MASAC,0.7900000214576721,True,0.0,0.0,0.0,0.5324955582618713,23,8758,0.0,0.0,-0.0,210238,0.0,94.53981018066406,-0.8131883144378662,50.3420295715332,74.68645477294922,94.53981018066406,94.53981018066406,92,3.2055888394493683,1.0,0.1461529461262019,0.0,0.0,0.0,-0.7447378039360046,CityLearnV3MADRLRewardFunction,masac_unified_comparable_v4,E2,-0.0,1907,13.795905154412848,1.0,0.1284253321525528,0.0,8759
8,0.0,0.0,0.0,0.0,Building_4,3,MASAC,0.7900000214576721,True,0.0,0.0,0.0,0.5324955582618713,23,8758,0.0,0.0,-0.0,210238,0.0,31.04317283630371,-0.7880012392997742,16.530351638793945,24.524106979370117,31.04317283630371,31.04317283630371,78,3.2796992024501943,1.0,0.17898448289204866,0.0,0.0,0.0,-0.7447378039360046,CityLearnV3MADRLRewardFunction,masac_unified_comparable_v4,E2,-0.0,1907,13.795905154412848,1.0,0.1284253321525528,0.0,8759
5,0.0,0.0,0.0,0.0,Building_5,4,MASAC,0.7900000214576721,True,0.0,0.0,0.0,0.5324955582618713,23,8758,0.0,0.0,-0.0,210238,0.0,38.538970947265625,-0.836482048034668,20.521831512451172,30.44578742980957,38.538970947265625,38.538970947265625,57,3.4454812106374852,1.0,0.27857728354763567,0.0,0.0,0.0,-0.7447378039360046,CityLearnV3MADRLRewardFunction,masac_unified_comparable_v4,E2,-0.0,1907,13.795905154412848,1.0,0.1284253321525528,0.0,8759
34,0.0,0.0,0.0,0.0,Building_6,5,MASAC,0.7900000214576721,True,0.0,0.0,0.0,0.5324955582618713,23,8758,0.0,0.0,-0.0,210238,0.0,362.8901062011719,-0.8164880275726318,193.23736572265625,286.6831970214844,362.8901062011719,362.8901062011719,260,3.207917447406082,1.0,0.05222250125729121,0.0,0.0,0.0,-0.7447378039360046,CityLearnV3MADRLRewardFunction,masac_unified_comparable_v4,E2,-0.0,1907,13.795905154412848,1.0,0.1284253321525528,0.0,8759
44,0.0,0.0,0.0,0.0,Building_7,6,MASAC,0.7900000214576721,True,0.0,0.0,0.0,0.5324955582618713,23,8758,0.0,0.0,-0.0,210238,0.0,12.664111137390137,-0.6944103837013245,6.743582725524902,10.004648208618164,12.664111137390137,12.664111137390137,330,3.268725474934346,1.0,0.041821347470536376,0.0,0.0,0.0,-0.7447378039360046,CityLearnV3MADRLRewardFunction,masac_unified_comparable_v4,E2,-0.0,1907,13.795905154412848,1.0,0.1284253321525528,0.0,8759
19,0.0,0.0,0.0,0.0,Building_8,7,MASAC,0.7900000214576721,True,0.0,0.0,0.0,0.5324955582618713,23,8758,0.0,0.0,-0.0,210238,0.0,12.065996170043945,-0.6895528435707092,6.425089359283447,9.532136917114258,12.065996170043945,12.065996170043945,155,3.4057076845712078,1.0,0.09559830859784157,0.0,0.0,0.0,-0.7447378039360046,CityLearnV3MADRLRewardFunction,masac_unified_comparable_v4,E2,-0.0,1907,13.795905154412848,1.0,0.1284253321525528,0.0,8759
12,0.0,0.0,0.0,0.0,Building_9,8,MASAC,0.7900000214576721,True,0.0,0.0,0.0,0.5324955582618713,23,8758,0.0,0.0,-0.0,210238,0.0,2.290161371231079,-0.5675033926963806,1.2195007801055908,1.8092275857925415,2.290161371231079,2.290161371231079,106,3.653754106259046,1.0,0.15763062393327928,0.0,0.0,0.0,-0.7447378039360046,CityLearnV3MADRLRewardFunction,masac_unified_comparable_v4,E2,-0.0,1907,13.795905154412848,1.0,0.1284253321525528,0.0,8759
8,1.0,1.0,0.125,0.0,Building_10,9,MASAC,0.7900000214576721,True,0.0,0.0,0.0,0.5324955582618713,23,8758,0.0,0.0,-0.0,210238,0.0,51.649574279785156,-0.81043541431427,27.5031681060791,40.803165435791016,51.649574279785156,51.649574279785156,78,3.3271987853293603,1.0,0.18341157547174355,0.0,0.0,0.0,-0.7447378039360046,CityLearnV3MADRLRewardFunction,masac_unified_comparable_v4,E2,-0.0,1907,13.795905154412848,1.0,0.1284253321525528,0.0,8759
5,0.0,0.0,0.0,0.0,Building_11,10,MASAC,0.7900000214576721,True,0.0,0.0,0.0,0.5324955582618713,23,8758,0.0,0.0,-0.0,210238,0.0,71.54803466796875,-0.8124285340309143,38.0990104675293,56.52294921875,71.54803466796875,71.54803466796875,57,3.253762907025608,1.0,0.23988657046044082,0.0,0.0,0.0,-0.7447378039360046,CityLearnV3MADRLRewardFunction,masac_unified_comparable_v4,E2,-0.0,1907,13.795905154412848,1.0,0.1284253321525528,0.0,8759
5,0.0,0.0,0.0,0.0,Building_12,11,MASAC,0.7900000214576721,True,0.0,0.0,0.0,0.5324955582618713,23,8758,0.0,0.0,-0.0,210238,0.0,215.11593627929688,-0.8163113594055176,114.54827880859375,169.94158935546875,215.11593627929688,215.11593627929688,57,3.2686502703047577,1.0,0.2477091731209504,0.0,0.0,0.0,-0.7447378039360046,CityLearnV3MADRLRewardFunction,masac_unified_comparable_v4,E2,-0.0,1907,13.795905154412848,1.0,0.1284253321525528,0.0,8759
13,0.0,0.0,0.0,0.0,Building_13,12,MASAC,0.7900000214576721,True,0.0,0.0,0.0,0.5324955582618713,23,8758,0.0,0.0,-0.0,210238,0.0,2.033022403717041,-0.5817973613739014,1.0825754404067993,1.6060876846313477,2.033022403717041,2.033022403717041,113,3.4107804164434796,1.0,0.12811160048024844,0.0,0.0,0.0,-0.7447378039360046,CityLearnV3MADRLRewardFunction,masac_unified_comparable_v4,E2,-0.0,1907,13.795905154412848,1.0,0.1284253321525528,0.0,8759
6,0.0,0.0,0.0,0.0,Building_14,13,MASAC,0.7900000214576721,True,0.0,0.0,0.0,0.5324955582618713,23,8758,0.0,0.0,-0.0,210238,0.0,2.6149511337280273,-0.5887780785560608,1.3924498558044434,2.0658113956451416,2.6149511337280273,2.6149511337280273,64,3.3745921238307464,1.0,0.22382190800271928,0.0,0.0,0.0,-0.7447378039360046,CityLearnV3MADRLRewardFunction,masac_unified_comparable_v4,E2,-0.0,1907,13.795905154412848,1.0,0.1284253321525528,0.0,8759
10,0.0,0.0,0.0,0.0,Building_15,14,MASAC,0.7900000214576721,True,0.0,0.0,0.0,0.5324955582618713,23,8758,0.0,0.0,-0.0,210238,0.0,19.521480560302734,-0.744061291217804,10.395101547241211,15.42197036743164,19.521480560302734,19.521480560302734,92,3.4706919986332987,1.0,0.16397747186862904,0.0,0.0,0.0,-0.7447378039360046,CityLearnV3MADRLRewardFunction,masac_unified_comparable_v4,E2,-0.0,1907,13.795905154412848,1.0,0.1284253321525528,0.0,8759
13,0.0,0.0,0.0,0.0,Building_16,15,MASAC,0.7900000214576721,True,0.0,0.0,0.0,0.5324955582618713,23,8758,0.0,0.0,-0.0,210238,0.0,54.89390563964844,-0.8100285530090332,29.23076057434082,43.366188049316406,54.89390563964844,54.89390563964844,113,3.2240860670684977,1.0,0.11981209552129812,0.0,0.0,0.0,-0.7447378039360046,CityLearnV3MADRLRewardFunction,masac_unified_comparable_v4,E2,-0.0,1907,13.795905154412848,1.0,0.1284253321525528,0.0,8759
13,0.0,0.0,0.0,0.0,Building_17,16,MASAC,0.7900000214576721,True,0.0,0.0,0.0,0.5324955582618713,23,8758,0.0,0.0,-0.0,210238,0.0,22.46647071838379,-0.7593047618865967,11.963295936584473,17.748512268066406,22.46647071838379,22.46647071838379,113,3.35906483338249,1.0,0.12631818718087356,0.0,0.0,0.0,-0.7447378039360046,CityLearnV3MADRLRewardFunction,masac_unified_comparable_v4,E2,-0.0,1907,13.795905154412848,1.0,0.1284253321525528,0.0,8759
6,0.0,0.0,0.0,0.0,Building_1,0,MASAC,0.7900000214576721,False,0.0,0.0,0.0,0.5324955582618713,24,0,0.0,0.0,-0.0,210240,-0.0,0.0,-0.7426722049713135,0.0,0.0,0.0,0.0,64,3.317127895266193,1.0,0.22163199237547815,0.0,0.0,0.0,-0.6390145421028137,CityLearnV3MADRLRewardFunction,masac_unified_comparable_v4,E2,-0.0,1907,14.18572265814959,1.0,0.13045727720608183,0.0,2
8,0.0,0.0,0.0,0.0,Building_2,1,MASAC,0.7900000214576721,False,0.0,0.0,0.0,0.5324955582618713,24,0,0.0,0.0,-0.0,210240,-0.0,0.0,-0.4987586736679077,0.0,0.0,0.0,0.0,78,3.44103018722944,1.0,0.18456308792034784,0.0,0.0,0.0,-0.6390145421028137,CityLearnV3MADRLRewardFunction,masac_unified_comparable_v4,E2,-0.0,1907,14.18572265814959,1.0,0.13045727720608183,0.0,2
10,0.0,0.0,0.0,0.0,Building_3,2,MASAC,0.7900000214576721,False,0.0,0.0,0.0,0.5324955582618713,24,0,0.0,0.0,-0.0,210240,-0.0,0.0,-0.7394809126853943,0.0,0.0,0.0,0.0,92,3.514344337873799,1.0,0.1649373202058284,0.0,0.0,0.0,-0.6390145421028137,CityLearnV3MADRLRewardFunction,masac_unified_comparable_v4,E2,-0.0,1907,14.18572265814959,1.0,0.13045727720608183,0.0,2
8,0.0,0.0,0.0,0.0,Building_4,3,MASAC,0.7900000214576721,False,0.0,0.0,0.0,0.5324955582618713,24,0,0.0,0.0,-0.0,210240,-0.0,0.0,-0.6320435404777527,0.0,0.0,0.0,0.0,78,3.3694371771529643,1.0,0.1808577495125624,0.0,0.0,0.0,-0.6390145421028137,CityLearnV3MADRLRewardFunction,masac_unified_comparable_v4,E2,-0.0,1907,14.18572265814959,1.0,0.13045727720608183,0.0,2
5,0.0,0.0,0.0,0.0,Building_5,4,MASAC,0.7900000214576721,False,0.0,0.0,0.0,0.5324955582618713,24,0,0.0,0.0,-0.0,210240,-0.0,0.0,-0.7245855331420898,0.0,0.0,0.0,0.0,57,3.452184078502731,1.0,0.26070732806335417,0.0,0.0,0.0,-0.6390145421028137,CityLearnV3MADRLRewardFunction,masac_unified_comparable_v4,E2,-0.0,1907,14.18572265814959,1.0,0.13045727720608183,0.0,2
34,0.0,0.0,0.0,0.0,Building_6,5,MASAC,0.7900000214576721,False,0.0,0.0,0.0,0.5324955582618713,24,0,0.0,0.0,-0.0,210240,-0.0,0.0,-0.7416356801986694,0.0,0.0,0.0,0.0,260,3.35486710549047,1.0,0.05432815368358906,0.0,0.0,0.0,-0.6390145421028137,CityLearnV3MADRLRewardFunction,masac_unified_comparable_v4,E2,-0.0,1907,14.18572265814959,1.0,0.13045727720608183,0.0,2
44,1.0,1.0,0.022727272727272728,0.0,Building_7,6,MASAC,0.7900000214576721,False,0.0,0.0,0.0,0.5324955582618713,24,0,0.0,0.0,-0.0,210240,-0.0,0.0,-0.5621849298477173,0.0,0.0,0.0,0.0,330,3.4223887894043474,1.0,0.04360731140230641,0.0,0.0,0.0,-0.6390145421028137,CityLearnV3MADRLRewardFunction,masac_unified_comparable_v4,E2,-0.0,1907,14.18572265814959,1.0,0.13045727720608183,0.0,2
19,0.0,0.0,0.0,0.0,Building_8,7,MASAC,0.7900000214576721,False,0.0,0.0,0.0,0.5324955582618713,24,0,0.0,0.0,-0.0,210240,-0.0,0.0,-0.5004746913909912,0.0,0.0,0.0,0.0,155,3.4410760799984605,1.0,0.09296145525670821,0.0,0.0,0.0,-0.6390145421028137,CityLearnV3MADRLRewardFunction,masac_unified_comparable_v4,E2,-0.0,1907,14.18572265814959,1.0,0.13045727720608183,0.0,2
12,0.0,0.0,0.0,0.0,Building_9,8,MASAC,0.7900000214576721,False,0.0,0.0,0.0,0.5324955582618713,24,0,0.0,0.0,-0.0,210240,-0.0,0.0,-0.5202688574790955,0.0,0.0,0.0,0.0,106,3.566230095698967,1.0,0.1469455359257617,0.0,0.0,0.0,-0.6390145421028137,CityLearnV3MADRLRewardFunction,masac_unified_comparable_v4,E2,-0.0,1907,14.18572265814959,1.0,0.13045727720608183,0.0,2
8,0.0,0.0,0.0,0.0,Building_10,9,MASAC,0.7900000214576721,False,0.0,0.0,0.0,0.5324955582618713,24,0,0.0,0.0,-0.0,210240,-0.0,0.0,-0.7276698350906372,0.0,0.0,0.0,0.0,78,3.3975796107929837,1.0,0.183917105388947,0.0,0.0,0.0,-0.6390145421028137,CityLearnV3MADRLRewardFunction,masac_unified_comparable_v4,E2,-0.0,1907,14.18572265814959,1.0,0.13045727720608183,0.0,2
5,0.0,0.0,0.0,0.0,Building_11,10,MASAC,0.7900000214576721,False,0.0,0.0,0.0,0.5324955582618713,24,0,0.0,0.0,-0.0,210240,-0.0,0.0,-0.7395617365837097,0.0,0.0,0.0,0.0,57,3.538460703674568,1.0,0.2680264040827751,0.0,0.0,0.0,-0.6390145421028137,CityLearnV3MADRLRewardFunction,masac_unified_comparable_v4,E2,-0.0,1907,14.18572265814959,1.0,0.13045727720608183,0.0,2
5,1.0,1.0,0.2,0.0,Building_12,11,MASAC,0.7900000214576721,False,0.0,0.0,0.0,0.5324955582618713,24,0,0.0,0.0,-0.0,210240,-0.0,0.0,-0.7422345280647278,0.0,0.0,0.0,0.0,57,3.5415480766182474,1.0,0.2735484345701703,0.0,0.0,0.0,-0.6390145421028137,CityLearnV3MADRLRewardFunction,masac_unified_comparable_v4,E2,-0.0,1907,14.18572265814959,1.0,0.13045727720608183,0.0,2
13,1.0,1.0,0.07692307692307693,0.0,Building_13,12,MASAC,0.7900000214576721,False,0.0,0.0,0.0,0.5324955582618713,24,0,0.0,0.0,-0.0,210240,-0.0,0.0,-0.4983995258808136,0.0,0.0,0.0,0.0,113,3.4270749030721834,1.0,0.12706806293103548,0.0,0.0,0.0,-0.6390145421028137,CityLearnV3MADRLRewardFunction,masac_unified_comparable_v4,E2,-0.0,1907,14.18572265814959,1.0,0.13045727720608183,0.0,2
6,0.0,0.0,0.0,0.0,Building_14,13,MASAC,0.7900000214576721,False,0.0,0.0,0.0,0.5324955582618713,24,0,0.0,0.0,-0.0,210240,-0.0,0.0,-0.5090596079826355,0.0,0.0,0.0,0.0,64,3.4112925712268583,1.0,0.22342824772931635,0.0,0.0,0.0,-0.6390145421028137,CityLearnV3MADRLRewardFunction,masac_unified_comparable_v4,E2,-0.0,1907,14.18572265814959,1.0,0.13045727720608183,0.0,2
10,0.0,0.0,0.0,0.0,Building_15,14,MASAC,0.7900000214576721,False,0.0,0.0,0.0,0.5324955582618713,24,0,0.0,0.0,-0.0,210240,-0.0,0.0,-0.5646897554397583,0.0,0.0,0.0,0.0,92,3.446986008301583,1.0,0.15854998435015263,0.0,0.0,0.0,-0.6390145421028137,CityLearnV3MADRLRewardFunction,masac_unified_comparable_v4,E2,-0.0,1907,14.18572265814959,1.0,0.13045727720608183,0.0,2
13,1.0,1.0,0.07692307692307693,0.0,Building_16,15,MASAC,0.7900000214576721,False,0.0,0.0,0.0,0.5324955582618713,24,0,0.0,0.0,-0.0,210240,-0.0,0.0,-0.727125346660614,0.0,0.0,0.0,0.0,113,3.3326042470380246,1.0,0.1236044536385916,0.0,0.0,0.0,-0.6390145421028137,CityLearnV3MADRLRewardFunction,masac_unified_comparable_v4,E2,-0.0,1907,14.18572265814959,1.0,0.13045727720608183,0.0,2
13,0.0,0.0,0.0,0.0,Building_17,16,MASAC,0.7900000214576721,False,0.0,0.0,0.0,0.5324955582618713,24,0,0.0,0.0,-0.0,210240,-0.0,0.0,-0.6924023628234863,0.0,0.0,0.0,0.0,113,3.502282973906715,1.0,0.13391077643738383,0.0,0.0,0.0,-0.6390145421028137,CityLearnV3MADRLRewardFunction,masac_unified_comparable_v4,E2,-0.0,1907,14.18572265814959,1.0,0.13045727720608183,0.0,2
6,0.0,0.0,0.0,0.0,Building_1,0,MASAC,0.7900000214576721,True,0.0,0.0,0.0,0.5324955582618713,24,8757,0.0,0.0,-0.0,218997,0.0,446.8856201171875,-0.8155145049095154,237.96461486816406,353.0396423339844,446.8856201171875,446.8856201171875,64,3.454738242081922,1.0,0.24417500337585807,0.0,0.0,0.0,-0.7432631254196167,CityLearnV3MADRLRewardFunction,masac_unified_comparable_v4,E2,-0.0,1907,14.414502130382216,1.0,0.14067624991844635,0.0,8759
8,0.0,0.0,0.0,0.0,Building_2,1,MASAC,0.7900000214576721,True,0.0,0.0,0.0,0.5324955582618713,24,8757,0.0,0.0,-0.0,218997,0.0,5.618855953216553,-0.6225419044494629,2.992015838623047,4.438896179199219,5.618855953216553,5.618855953216553,78,3.471940896694141,1.0,0.19680777077491468,0.0,0.0,0.0,-0.7432631254196167,CityLearnV3MADRLRewardFunction,masac_unified_comparable_v4,E2,-0.0,1907,14.414502130382216,1.0,0.14067624991844635,0.0,8759
10,1.0,1.0,0.1,0.0,Building_3,2,MASAC,0.7900000214576721,True,0.0,0.0,0.0,0.5324955582618713,24,8757,0.0,0.0,-0.0,218997,0.0,98.17061614990234,-0.8139575123786926,52.27541732788086,77.5547866821289,98.17061614990234,98.17061614990234,92,3.4384103852889853,1.0,0.1669705493942551,0.0,0.0,0.0,-0.7432631254196167,CityLearnV3MADRLRewardFunction,masac_unified_comparable_v4,E2,-0.0,1907,14.414502130382216,1.0,0.14067624991844635,0.0,8759
8,0.0,0.0,0.0,0.0,Building_4,3,MASAC,0.7900000214576721,True,0.0,0.0,0.0,0.5324955582618713,24,8757,0.0,0.0,-0.0,218997,0.0,28.84416961669922,-0.7809215784072876,15.359392166137695,22.786893844604492,28.84416961669922,28.84416961669922,78,3.4108307764642065,1.0,0.1950734922519097,0.0,0.0,0.0,-0.7432631254196167,CityLearnV3MADRLRewardFunction,masac_unified_comparable_v4,E2,-0.0,1907,14.414502130382216,1.0,0.14067624991844635,0.0,8759
5,0.0,0.0,0.0,0.0,Building_5,4,MASAC,0.7900000214576721,True,0.0,0.0,0.0,0.5324955582618713,24,8757,0.0,0.0,-0.0,218997,0.0,37.89287567138672,-0.8345187902450562,20.17778778076172,29.935373306274414,37.89287567138672,37.89287567138672,57,3.6086298459668438,1.0,0.30417275115063314,0.0,0.0,0.0,-0.7432631254196167,CityLearnV3MADRLRewardFunction,masac_unified_comparable_v4,E2,-0.0,1907,14.414502130382216,1.0,0.14067624991844635,0.0,8759
34,1.0,0.0,-0.029411764705882353,-1.0,Building_6,5,MASAC,0.7900000214576721,True,0.0,0.0,0.0,0.5324955582618713,24,8757,0.0,0.0,-0.0,218997,0.0,350.8894348144531,-0.8154038190841675,186.84706115722656,277.2026672363281,350.8894348144531,350.8894348144531,260,3.39206466892406,1.0,0.05809660519544895,0.0,0.0,0.0,-0.7432631254196167,CityLearnV3MADRLRewardFunction,masac_unified_comparable_v4,E2,-0.0,1907,14.414502130382216,1.0,0.14067624991844635,0.0,8759
44,0.0,0.0,0.0,0.0,Building_7,6,MASAC,0.7900000214576721,True,0.0,0.0,0.0,0.5324955582618713,24,8757,0.0,0.0,-0.0,218997,0.0,18.66022491455078,-0.7370373010635376,9.936487197875977,14.741578102111816,18.66022491455078,18.66022491455078,330,3.447417555358466,1.0,0.04650360106518774,0.0,0.0,0.0,-0.7432631254196167,CityLearnV3MADRLRewardFunction,masac_unified_comparable_v4,E2,-0.0,1907,14.414502130382216,1.0,0.14067624991844635,0.0,8759
19,0.0,0.0,0.0,0.0,Building_8,7,MASAC,0.7900000214576721,True,0.0,0.0,0.0,0.5324955582618713,24,8757,0.0,0.0,-0.0,218997,0.0,19.251495361328125,-0.7405297756195068,10.251336097717285,15.2086820602417,19.251495361328125,19.251495361328125,155,3.5885490829185547,1.0,0.10431991632907621,0.0,0.0,0.0,-0.7432631254196167,CityLearnV3MADRLRewardFunction,masac_unified_comparable_v4,E2,-0.0,1907,14.414502130382216,1.0,0.14067624991844635,0.0,8759
12,0.0,0.0,0.0,0.0,Building_9,8,MASAC,0.7900000214576721,True,0.0,0.0,0.0,0.5324955582618713,24,8757,0.0,0.0,-0.0,218997,0.0,2.4506425857543945,-0.5682000517845154,1.304956316947937,1.9360077381134033,2.4506425857543945,2.4506425857543945,106,3.7077298606789237,1.0,0.1679943988345704,0.0,0.0,0.0,-0.7432631254196167,CityLearnV3MADRLRewardFunction,masac_unified_comparable_v4,E2,-0.0,1907,14.414502130382216,1.0,0.14067624991844635,0.0,8759
8,0.0,0.0,0.0,0.0,Building_10,9,MASAC,0.7900000214576721,True,0.0,0.0,0.0,0.5324955582618713,24,8757,0.0,0.0,-0.0,218997,0.0,34.33414077758789,-0.7931303381919861,18.282777786254883,27.123971939086914,34.33414077758789,34.33414077758789,78,3.451270955891,1.0,0.19796045592580086,0.0,0.0,0.0,-0.7432631254196167,CityLearnV3MADRLRewardFunction,masac_unified_comparable_v4,E2,-0.0,1907,14.414502130382216,1.0,0.14067624991844635,0.0,8759
5,0.0,0.0,0.0,0.0,Building_11,10,MASAC,0.7900000214576721,True,0.0,0.0,0.0,0.5324955582618713,24,8757,0.0,0.0,-0.0,218997,0.0,57.917564392089844,-0.8114269971847534,30.840845108032227,45.754878997802734,57.917564392089844,57.917564392089844,57,3.528864658420672,1.0,0.27634684506215546,0.0,0.0,0.0,-0.7432631254196167,CityLearnV3MADRLRewardFunction,masac_unified_comparable_v4,E2,-0.0,1907,14.414502130382216,1.0,0.14067624991844635,0.0,8759
5,0.0,0.0,0.0,0.0,Building_12,11,MASAC,0.7900000214576721,True,0.0,0.0,0.0,0.5324955582618713,24,8757,0.0,0.0,-0.0,218997,0.0,182.6020965576172,-0.8130131363868713,97.23480224609375,144.2556610107422,182.6020965576172,182.6020965576172,57,3.382759868758869,1.0,0.2616712699333827,0.0,0.0,0.0,-0.7432631254196167,CityLearnV3MADRLRewardFunction,masac_unified_comparable_v4,E2,-0.0,1907,14.414502130382216,1.0,0.14067624991844635,0.0,8759
13,0.0,0.0,0.0,0.0,Building_13,12,MASAC,0.7900000214576721,True,0.0,0.0,0.0,0.5324955582618713,24,8757,0.0,0.0,-0.0,218997,0.0,2.789367437362671,-0.5896027088165283,1.485325813293457,2.2036004066467285,2.789367437362671,2.789367437362671,113,3.4443800209353888,1.0,0.13419961784265738,0.0,0.0,0.0,-0.7432631254196167,CityLearnV3MADRLRewardFunction,masac_unified_comparable_v4,E2,-0.0,1907,14.414502130382216,1.0,0.14067624991844635,0.0,8759
6,0.0,0.0,0.0,0.0,Building_14,13,MASAC,0.7900000214576721,True,0.0,0.0,0.0,0.5324955582618713,24,8757,0.0,0.0,-0.0,218997,0.0,2.485826015472412,-0.586093008518219,1.3236913681030273,1.9638025760650635,2.485826015472412,2.485826015472412,64,3.555238064367898,1.0,0.24753393419086933,0.0,0.0,0.0,-0.7432631254196167,CityLearnV3MADRLRewardFunction,masac_unified_comparable_v4,E2,-0.0,1907,14.414502130382216,1.0,0.14067624991844635,0.0,8759
10,1.0,1.0,0.1,0.0,Building_15,14,MASAC,0.7900000214576721,True,0.0,0.0,0.0,0.5324955582618713,24,8757,0.0,0.0,-0.0,218997,0.0,20.5941162109375,-0.748654842376709,10.966275215148926,16.269351959228516,20.5941162109375,20.5941162109375,92,3.5998047730815252,1.0,0.17844857178304507,0.0,0.0,0.0,-0.7432631254196167,CityLearnV3MADRLRewardFunction,masac_unified_comparable_v4,E2,-0.0,1907,14.414502130382216,1.0,0.14067624991844635,0.0,8759
13,0.0,0.0,0.0,0.0,Building_16,15,MASAC,0.7900000214576721,True,0.0,0.0,0.0,0.5324955582618713,24,8757,0.0,0.0,-0.0,218997,0.0,103.13050842285156,-0.8131462335586548,54.91653823852539,81.47310638427734,103.13050842285156,103.13050842285156,113,3.4360494206863756,1.0,0.13750383679845693,0.0,0.0,0.0,-0.7432631254196167,CityLearnV3MADRLRewardFunction,masac_unified_comparable_v4,E2,-0.0,1907,14.414502130382216,1.0,0.14067624991844635,0.0,8759
13,0.0,0.0,0.0,0.0,Building_17,16,MASAC,0.7900000214576721,True,0.0,0.0,0.0,0.5324955582618713,24,8757,0.0,0.0,-0.0,218997,0.0,21.1981143951416,-0.7517809271812439,11.287901878356934,16.746511459350586,21.1981143951416,21.1981143951416,113,3.4954515159858066,1.0,0.1405164124691381,0.0,0.0,0.0,-0.7432631254196167,CityLearnV3MADRLRewardFunction,masac_unified_comparable_v4,E2,-0.0,1907,14.414502130382216,1.0,0.14067624991844635,0.0,8759
6,0.0,0.0,0.0,0.0,Building_1,0,MASAC,0.7900000214576721,False,0.0,0.0,0.0,0.5324955582618713,25,0,0.0,0.0,-0.0,219000,-0.0,0.0,-0.6243892908096313,0.0,0.0,0.0,0.0,64,3.2930911166585046,1.0,0.22851821756921709,0.0,0.0,0.0,-0.49138692021369934,CityLearnV3MADRLRewardFunction,masac_unified_comparable_v4,E2,-0.0,1907,13.905603865967324,1.0,0.13268794814358145,0.0,3
8,0.0,0.0,0.0,0.0,Building_2,1,MASAC,0.7900000214576721,False,0.0,0.0,0.0,0.5324955582618713,25,0,0.0,0.0,-0.0,219000,-0.0,0.0,-0.3650340139865875,0.0,0.0,0.0,0.0,78,3.371037541205747,1.0,0.18798974710397232,0.0,0.0,0.0,-0.49138692021369934,CityLearnV3MADRLRewardFunction,masac_unified_comparable_v4,E2,-0.0,1907,13.905603865967324,1.0,0.13268794814358145,0.0,3
10,0.0,0.0,0.0,0.0,Building_3,2,MASAC,0.7900000214576721,False,0.0,0.0,0.0,0.5324955582618713,25,0,0.0,0.0,-0.0,219000,-0.0,0.0,-0.6186843514442444,0.0,0.0,0.0,0.0,92,3.434469679987914,1.0,0.16759331483879816,0.0,0.0,0.0,-0.49138692021369934,CityLearnV3MADRLRewardFunction,masac_unified_comparable_v4,E2,-0.0,1907,13.905603865967324,1.0,0.13268794814358145,0.0,3
8,0.0,0.0,0.0,0.0,Building_4,3,MASAC,0.7900000214576721,False,0.0,0.0,0.0,0.5324955582618713,25,0,0.0,0.0,-0.0,219000,-0.0,0.0,-0.5096250176429749,0.0,0.0,0.0,0.0,78,3.2958998137045543,1.0,0.18434909387276724,0.0,0.0,0.0,-0.49138692021369934,CityLearnV3MADRLRewardFunction,masac_unified_comparable_v4,E2,-0.0,1907,13.905603865967324,1.0,0.13268794814358145,0.0,3
5,0.0,0.0,0.0,0.0,Building_5,4,MASAC,0.7900000214576721,False,0.0,0.0,0.0,0.5324955582618713,25,0,0.0,0.0,-0.0,219000,-0.0,0.0,-0.6088606715202332,0.0,0.0,0.0,0.0,57,3.365377139093831,1.0,0.26643169736653044,0.0,0.0,0.0,-0.49138692021369934,CityLearnV3MADRLRewardFunction,masac_unified_comparable_v4,E2,-0.0,1907,13.905603865967324,1.0,0.13268794814358145,0.0,3
34,0.0,0.0,0.0,0.0,Building_6,5,MASAC,0.7900000214576721,False,0.0,0.0,0.0,0.5324955582618713,25,0,0.0,0.0,-0.0,219000,-0.0,0.0,-0.6221620440483093,0.0,0.0,0.0,0.0,260,3.2774009585958335,1.0,0.05490091448793044,0.0,0.0,0.0,-0.49138692021369934,CityLearnV3MADRLRewardFunction,masac_unified_comparable_v4,E2,-0.0,1907,13.905603865967324,1.0,0.13268794814358145,0.0,3
44,0.0,0.0,0.0,0.0,Building_7,6,MASAC,0.7900000214576721,False,0.0,0.0,0.0,0.5324955582618713,25,0,0.0,0.0,-0.0,219000,-0.0,0.0,-0.36561039090156555,0.0,0.0,0.0,0.0,330,3.353837919026103,1.0,0.04427878734740344,0.0,0.0,0.0,-0.49138692021369934,CityLearnV3MADRLRewardFunction,masac_unified_comparable_v4,E2,-0.0,1907,13.905603865967324,1.0,0.13268794814358145,0.0,3
19,1.0,0.0,-0.05263157894736842,-1.0,Building_8,7,MASAC,0.7900000214576721,False,0.0,0.0,0.0,0.5324955582618713,25,0,0.0,0.0,-0.0,219000,-0.0,0.0,-0.38755273818969727,0.0,0.0,0.0,0.0,155,3.3334500960301368,1.0,0.09299948609644366,0.0,0.0,0.0,-0.49138692021369934,CityLearnV3MADRLRewardFunction,masac_unified_comparable_v4,E2,-0.0,1907,13.905603865967324,1.0,0.13268794814358145,0.0,3
12,0.0,0.0,0.0,0.0,Building_9,8,MASAC,0.7900000214576721,False,0.0,0.0,0.0,0.5324955582618713,25,0,0.0,0.0,-0.0,219000,-0.0,0.0,-0.38959866762161255,0.0,0.0,0.0,0.0,106,3.484810704672655,1.0,0.14875163369864788,0.0,0.0,0.0,-0.49138692021369934,CityLearnV3MADRLRewardFunction,masac_unified_comparable_v4,E2,-0.0,1907,13.905603865967324,1.0,0.13268794814358145,0.0,3
8,0.0,0.0,0.0,0.0,Building_10,9,MASAC,0.7900000214576721,False,0.0,0.0,0.0,0.5324955582618713,25,0,0.0,0.0,-0.0,219000,-0.0,0.0,-0.43137454986572266,0.0,0.0,0.0,0.0,78,3.3250384172686656,1.0,0.1859010235310938,0.0,0.0,0.0,-0.49138692021369934,CityLearnV3MADRLRewardFunction,masac_unified_comparable_v4,E2,-0.0,1907,13.905603865967324,1.0,0.13268794814358145,0.0,3
5,0.0,0.0,0.0,0.0,Building_11,10,MASAC,0.7900000214576721,False,0.0,0.0,0.0,0.5324955582618713,25,0,0.0,0.0,-0.0,219000,-0.0,0.0,-0.6116082072257996,0.0,0.0,0.0,0.0,57,3.4791692147148017,1.0,0.27352401705687507,0.0,0.0,0.0,-0.49138692021369934,CityLearnV3MADRLRewardFunction,masac_unified_comparable_v4,E2,-0.0,1907,13.905603865967324,1.0,0.13268794814358145,0.0,3
5,0.0,0.0,0.0,0.0,Building_12,11,MASAC,0.7900000214576721,False,0.0,0.0,0.0,0.5324955582618713,25,0,0.0,0.0,-0.0,219000,-0.0,0.0,-0.623181164264679,0.0,0.0,0.0,0.0,57,3.441123700581301,1.0,0.2737723289613138,0.0,0.0,0.0,-0.49138692021369934,CityLearnV3MADRLRewardFunction,masac_unified_comparable_v4,E2,-0.0,1907,13.905603865967324,1.0,0.13268794814358145,0.0,3
13,1.0,1.0,0.07692307692307693,0.0,Building_13,12,MASAC,0.7900000214576721,False,0.0,0.0,0.0,0.5324955582618713,25,0,0.0,0.0,-0.0,219000,-0.0,0.0,-0.3653462827205658,0.0,0.0,0.0,0.0,113,3.3601015402824164,1.0,0.129532590508461,0.0,0.0,0.0,-0.49138692021369934,CityLearnV3MADRLRewardFunction,masac_unified_comparable_v4,E2,-0.0,1907,13.905603865967324,1.0,0.13268794814358145,0.0,3
6,0.0,0.0,0.0,0.0,Building_14,13,MASAC,0.7900000214576721,False,0.0,0.0,0.0,0.5324955582618713,25,0,0.0,0.0,-0.0,219000,-0.0,0.0,-0.3760073781013489,0.0,0.0,0.0,0.0,64,3.3770338547907257,1.0,0.22974335798062384,0.0,0.0,0.0,-0.49138692021369934,CityLearnV3MADRLRewardFunction,masac_unified_comparable_v4,E2,-0.0,1907,13.905603865967324,1.0,0.13268794814358145,0.0,3
10,0.0,0.0,0.0,0.0,Building_15,14,MASAC,0.7900000214576721,False,0.0,0.0,0.0,0.5324955582618713,25,0,0.0,0.0,-0.0,219000,-0.0,0.0,-0.37901201844215393,0.0,0.0,0.0,0.0,92,3.3706370167343525,1.0,0.1598552401461031,0.0,0.0,0.0,-0.49138692021369934,CityLearnV3MADRLRewardFunction,masac_unified_comparable_v4,E2,-0.0,1907,13.905603865967324,1.0,0.13268794814358145,0.0,3
13,0.0,0.0,0.0,0.0,Building_16,15,MASAC,0.7900000214576721,False,0.0,0.0,0.0,0.5324955582618713,25,0,0.0,0.0,-0.0,219000,-0.0,0.0,-0.5274915099143982,0.0,0.0,0.0,0.0,113,3.321229490738226,1.0,0.12844606324107247,0.0,0.0,0.0,-0.49138692021369934,CityLearnV3MADRLRewardFunction,masac_unified_comparable_v4,E2,-0.0,1907,13.905603865967324,1.0,0.13268794814358145,0.0,3
13,1.0,1.0,0.07692307692307693,0.0,Building_17,16,MASAC,0.7900000214576721,False,0.0,0.0,0.0,0.5324955582618713,25,0,0.0,0.0,-0.0,219000,-0.0,0.0,-0.5480390191078186,0.0,0.0,0.0,0.0,113,3.4408666534612267,1.0,0.13660426840054252,0.0,0.0,0.0,-0.49138692021369934,CityLearnV3MADRLRewardFunction,masac_unified_comparable_v4,E2,-0.0,1907,13.905603865967324,1.0,0.13268794814358145,0.0,3
6,0.0,0.0,0.0,0.0,Building_1,0,MASAC,0.7900000214576721,True,0.0,0.0,0.0,0.5324955582618713,25,8756,0.0,0.0,-0.0,227756,0.0,391.586669921875,-0.7639301419258118,208.51815795898438,309.3534851074219,391.586669921875,391.586669921875,64,3.419330238112267,1.0,0.2321829702705145,0.0,0.0,0.0,-0.6705988645553589,CityLearnV3MADRLRewardFunction,masac_unified_comparable_v4,E2,-0.0,1907,14.193171024321853,1.0,0.13365594837980616,0.0,8759
8,0.0,0.0,0.0,0.0,Building_2,1,MASAC,0.7900000214576721,True,0.0,0.0,0.0,0.5324955582618713,25,8756,0.0,0.0,-0.0,227756,0.0,0.1848604530096054,-0.5066781640052795,0.0984373688697815,0.14603976905345917,0.1848604530096054,0.1848604530096054,78,3.5204794159214607,1.0,0.19390764565039903,0.0,0.0,0.0,-0.6705988645553589,CityLearnV3MADRLRewardFunction,masac_unified_comparable_v4,E2,-0.0,1907,14.193171024321853,1.0,0.13365594837980616,0.0,8759
10,0.0,0.0,0.0,0.0,Building_3,2,MASAC,0.7900000214576721,True,0.0,0.0,0.0,0.5324955582618713,25,8756,0.0,0.0,-0.0,227756,0.0,39.0087890625,-0.7491549849510193,20.77200698852539,30.816944122314453,39.0087890625,39.0087890625,92,3.4057457894656973,1.0,0.15931882288144983,0.0,0.0,0.0,-0.6705988645553589,CityLearnV3MADRLRewardFunction,masac_unified_comparable_v4,E2,-0.0,1907,14.193171024321853,1.0,0.13365594837980616,0.0,8759
8,0.0,0.0,0.0,0.0,Building_4,3,MASAC,0.7900000214576721,True,0.0,0.0,0.0,0.5324955582618713,25,8756,0.0,0.0,-0.0,227756,0.0,36.67196273803711,-0.7445862889289856,19.52765655517578,28.97085189819336,36.67196273803711,36.67196273803711,78,3.265350749806047,1.0,0.17773930136209878,0.0,0.0,0.0,-0.6705988645553589,CityLearnV3MADRLRewardFunction,masac_unified_comparable_v4,E2,-0.0,1907,14.193171024321853,1.0,0.13365594837980616,0.0,8759
5,0.0,0.0,0.0,0.0,Building_5,4,MASAC,0.7900000214576721,True,0.0,0.0,0.0,0.5324955582618713,25,8756,0.0,0.0,-0.0,227756,0.0,54.225337982177734,-0.7953576445579529,28.874752044677734,42.838016510009766,54.225337982177734,54.225337982177734,57,3.5711321825969606,1.0,0.29486657626796187,0.0,0.0,0.0,-0.6705988645553589,CityLearnV3MADRLRewardFunction,masac_unified_comparable_v4,E2,-0.0,1907,14.193171024321853,1.0,0.13365594837980616,0.0,8759
34,0.0,0.0,0.0,0.0,Building_6,5,MASAC,0.7900000214576721,True,0.0,0.0,0.0,0.5324955582618713,25,8756,0.0,0.0,-0.0,227756,0.0,348.8946838378906,-0.7639248967170715,185.7848663330078,275.6268005371094,348.8946838378906,348.8946838378906,260,3.3551553863331836,1.0,0.05557160239953261,0.0,0.0,0.0,-0.6705988645553589,CityLearnV3MADRLRewardFunction,masac_unified_comparable_v4,E2,-0.0,1907,14.193171024321853,1.0,0.13365594837980616,0.0,8759
44,1.0,1.0,0.022727272727272728,0.0,Building_7,6,MASAC,0.7900000214576721,True,0.0,0.0,0.0,0.5324955582618713,25,8756,0.0,0.0,-0.0,227756,0.0,2.9800853729248047,-0.5402836203575134,1.58688223361969,2.3542675971984863,2.9800853729248047,2.9800853729248047,330,3.3623563135809764,1.0,0.043314756791700014,0.0,0.0,0.0,-0.6705988645553589,CityLearnV3MADRLRewardFunction,masac_unified_comparable_v4,E2,-0.0,1907,14.193171024321853,1.0,0.13365594837980616,0.0,8759
19,1.0,1.0,0.05263157894736842,0.0,Building_8,7,MASAC,0.7900000214576721,True,121.52303314208984,0.0,0.0,0.5324955582618713,25,8756,0.0,0.0,-0.0,227756,0.0,127.72240447998047,-0.7930435538291931,68.01161193847656,100.90070343017578,127.72240447998047,6.199371337890625,155,3.420217193003383,1.0,0.09650272073284272,0.0,0.0,0.0,-0.6705988645553589,CityLearnV3MADRLRewardFunction,masac_unified_comparable_v4,E2,-0.0,1907,14.193171024321853,1.0,0.13365594837980616,0.0,8759
12,0.0,0.0,0.0,0.0,Building_9,8,MASAC,0.7900000214576721,True,0.0,0.0,0.0,0.5324955582618713,25,8756,0.0,0.0,-0.0,227756,0.0,2.1350696086883545,-0.5128396153450012,1.1369150876998901,1.6867049932479858,2.1350696086883545,2.1350696086883545,106,3.599046374026896,1.0,0.15632688071367876,0.0,0.0,0.0,-0.6705988645553589,CityLearnV3MADRLRewardFunction,masac_unified_comparable_v4,E2,-0.0,1907,14.193171024321853,1.0,0.13365594837980616,0.0,8759
8,0.0,0.0,0.0,0.0,Building_10,9,MASAC,0.7900000214576721,True,0.0,0.0,0.0,0.5324955582618713,25,8756,0.0,0.0,-0.0,227756,0.0,16.451881408691406,-0.671863317489624,8.760553359985352,12.996986389160156,16.451881408691406,16.451881408691406,78,3.473437506886006,1.0,0.19226249546194688,0.0,0.0,0.0,-0.6705988645553589,CityLearnV3MADRLRewardFunction,masac_unified_comparable_v4,E2,-0.0,1907,14.193171024321853,1.0,0.13365594837980616,0.0,8759
5,0.0,0.0,0.0,0.0,Building_11,10,MASAC,0.7900000214576721,True,0.0,0.0,0.0,0.5324955582618713,25,8756,0.0,0.0,-0.0,227756,0.0,66.45198059082031,-0.7615522146224976,35.38538360595703,52.497066497802734,66.45198059082031,66.45198059082031,57,3.47648122201164,1.0,0.2621902525424957,0.0,0.0,0.0,-0.6705988645553589,CityLearnV3MADRLRewardFunction,masac_unified_comparable_v4,E2,-0.0,1907,14.193171024321853,1.0,0.13365594837980616,0.0,8759
5,0.0,0.0,0.0,0.0,Building_12,11,MASAC,0.7900000214576721,True,0.0,0.0,0.0,0.5324955582618713,25,8756,0.0,0.0,-0.0,227756,0.0,155.388671875,-0.7637494802474976,82.7437744140625,122.7570571899414,155.388671875,155.388671875,57,3.4410406760079253,1.0,0.2628133503491418,0.0,0.0,0.0,-0.6705988645553589,CityLearnV3MADRLRewardFunction,masac_unified_comparable_v4,E2,-0.0,1907,14.193171024321853,1.0,0.13365594837980616,0.0,8759
13,0.0,0.0,0.0,0.0,Building_13,12,MASAC,0.7900000214576721,True,0.0,0.0,0.0,0.5324955582618713,25,8756,0.0,0.0,-0.0,227756,0.0,0.1047736182808876,-0.5057013630867004,0.05579148605465889,0.08277115970849991,0.1047736182808876,0.1047736182808876,113,3.386890827473938,1.0,0.12827942909392637,0.0,0.0,0.0,-0.6705988645553589,CityLearnV3MADRLRewardFunction,masac_unified_comparable_v4,E2,-0.0,1907,14.193171024321853,1.0,0.13365594837980616,0.0,8759
6,1.0,1.0,0.16666666666666666,0.0,Building_14,13,MASAC,0.7900000214576721,True,0.0,0.0,0.0,0.5324955582618713,25,8756,0.0,0.0,-0.0,227756,0.0,1.3521205186843872,-0.520840585231781,0.7199981808662415,1.068175196647644,1.3521205186843872,1.3521205186843872,64,3.4877465090252624,1.0,0.23434024723246694,0.0,0.0,0.0,-0.6705988645553589,CityLearnV3MADRLRewardFunction,masac_unified_comparable_v4,E2,-0.0,1907,14.193171024321853,1.0,0.13365594837980616,0.0,8759
10,0.0,0.0,0.0,0.0,Building_15,14,MASAC,0.7900000214576721,True,0.0,0.0,0.0,0.5324955582618713,25,8756,0.0,0.0,-0.0,227756,0.0,15.147623062133789,-0.6623750329017639,8.066041946411133,11.966622352600098,15.147623062133789,15.147623062133789,92,3.543948480766732,1.0,0.16897000696348108,0.0,0.0,0.0,-0.6705988645553589,CityLearnV3MADRLRewardFunction,masac_unified_comparable_v4,E2,-0.0,1907,14.193171024321853,1.0,0.13365594837980616,0.0,8759
13,0.0,0.0,0.0,0.0,Building_16,15,MASAC,0.7900000214576721,True,0.0,0.0,0.0,0.5324955582618713,25,8756,0.0,0.0,-0.0,227756,0.0,11.957420349121094,-0.6359007954597473,6.367273330688477,9.446362495422363,11.957420349121094,11.957420349121094,113,3.424536118007281,1.0,0.13047938299390066,0.0,0.0,0.0,-0.6705988645553589,CityLearnV3MADRLRewardFunction,masac_unified_comparable_v4,E2,-0.0,1907,14.193171024321853,1.0,0.13365594837980616,0.0,8759
13,0.0,0.0,0.0,0.0,Building_17,16,MASAC,0.7900000214576721,True,0.0,0.0,0.0,0.5324955582618713,25,8756,0.0,0.0,-0.0,227756,0.0,23.087642669677734,-0.7083988189697266,12.2940673828125,18.239238739013672,23.087642669677734,23.087642669677734,113,3.349403183557936,1.0,0.12914597671643824,0.0,0.0,0.0,-0.6705988645553589,CityLearnV3MADRLRewardFunction,masac_unified_comparable_v4,E2,-0.0,1907,14.193171024321853,1.0,0.13365594837980616,0.0,8759
6,0.0,0.0,0.0,0.0,Building_1,0,MASAC,0.7900000214576721,False,0.0,0.0,0.0,0.5324955582618713,26,0,0.0,0.0,-0.0,227760,-0.0,0.0,-0.6626908779144287,0.0,0.0,0.0,0.0,64,3.4018264809268013,1.0,0.24622601550072432,0.0,0.0,0.0,-0.5467576384544373,CityLearnV3MADRLRewardFunction,masac_unified_comparable_v4,E2,-0.0,1907,14.57444543069141,1.0,0.1454914617926023,0.0,4
8,0.0,0.0,0.0,0.0,Building_2,1,MASAC,0.7900000214576721,False,0.0,0.0,0.0,0.5324955582618713,26,0,0.0,0.0,-0.0,227760,-0.0,0.0,-0.409723699092865,0.0,0.0,0.0,0.0,78,3.531702699274271,1.0,0.205563845542761,0.0,0.0,0.0,-0.5467576384544373,CityLearnV3MADRLRewardFunction,masac_unified_comparable_v4,E2,-0.0,1907,14.57444543069141,1.0,0.1454914617926023,0.0,4
10,0.0,0.0,0.0,0.0,Building_3,2,MASAC,0.7900000214576721,False,0.0,0.0,0.0,0.5324955582618713,26,0,0.0,0.0,-0.0,227760,-0.0,0.0,-0.6014719009399414,0.0,0.0,0.0,0.0,92,3.7402959697454206,1.0,0.19595314035920994,0.0,0.0,0.0,-0.5467576384544373,CityLearnV3MADRLRewardFunction,masac_unified_comparable_v4,E2,-0.0,1907,14.57444543069141,1.0,0.1454914617926023,0.0,4
8,0.0,0.0,0.0,0.0,Building_4,3,MASAC,0.7900000214576721,False,0.0,0.0,0.0,0.5324955582618713,26,0,0.0,0.0,-0.0,227760,-0.0,0.0,-0.5541504621505737,0.0,0.0,0.0,0.0,78,3.461867124690307,1.0,0.2018539886444043,0.0,0.0,0.0,-0.5467576384544373,CityLearnV3MADRLRewardFunction,masac_unified_comparable_v4,E2,-0.0,1907,14.57444543069141,1.0,0.1454914617926023,0.0,4
5,0.0,0.0,0.0,0.0,Building_5,4,MASAC,0.7900000214576721,False,0.0,0.0,0.0,0.5324955582618713,26,0,0.0,0.0,-0.0,227760,-0.0,0.0,-0.6433576941490173,0.0,0.0,0.0,0.0,57,3.567358596244645,1.0,0.2966691445101771,0.0,0.0,0.0,-0.5467576384544373,CityLearnV3MADRLRewardFunction,masac_unified_comparable_v4,E2,-0.0,1907,14.57444543069141,1.0,0.1454914617926023,0.0,4
34,1.0,1.0,0.029411764705882353,0.0,Building_6,5,MASAC,0.7900000214576721,False,0.0,0.0,0.0,0.5324955582618713,26,0,0.0,0.0,-0.0,227760,-0.0,0.0,-0.6616913676261902,0.0,0.0,0.0,0.0,260,3.4477557057338934,1.0,0.060652696083371455,0.0,0.0,0.0,-0.5467576384544373,CityLearnV3MADRLRewardFunction,masac_unified_comparable_v4,E2,-0.0,1907,14.57444543069141,1.0,0.1454914617926023,0.0,4
44,0.0,0.0,0.0,0.0,Building_7,6,MASAC,0.7900000214576721,False,0.0,0.0,0.0,0.5324955582618713,26,0,0.0,0.0,-0.0,227760,-0.0,0.0,-0.4252525866031647,0.0,0.0,0.0,0.0,330,3.512988983280617,1.0,0.048420624570413066,0.0,0.0,0.0,-0.5467576384544373,CityLearnV3MADRLRewardFunction,masac_unified_comparable_v4,E2,-0.0,1907,14.57444543069141,1.0,0.1454914617926023,0.0,4
19,1.0,0.0,-0.05263157894736842,-1.0,Building_8,7,MASAC,0.7900000214576721,False,0.0,0.0,0.0,0.5324955582618713,26,0,0.0,0.0,-0.0,227760,-0.0,0.0,-0.4258458912372589,0.0,0.0,0.0,0.0,155,3.4963544154653943,1.0,0.10184601276151596,0.0,0.0,0.0,-0.5467576384544373,CityLearnV3MADRLRewardFunction,masac_unified_comparable_v4,E2,-0.0,1907,14.57444543069141,1.0,0.1454914617926023,0.0,4
12,0.0,0.0,0.0,0.0,Building_9,8,MASAC,0.7900000214576721,False,0.0,0.0,0.0,0.5324955582618713,26,0,0.0,0.0,-0.0,227760,-0.0,0.0,-0.4338396489620209,0.0,0.0,0.0,0.0,106,3.6453178913802824,1.0,0.16144251774223345,0.0,0.0,0.0,-0.5467576384544373,CityLearnV3MADRLRewardFunction,masac_unified_comparable_v4,E2,-0.0,1907,14.57444543069141,1.0,0.1454914617926023,0.0,4
8,0.0,0.0,0.0,0.0,Building_10,9,MASAC,0.7900000214576721,False,0.0,0.0,0.0,0.5324955582618713,26,0,0.0,0.0,-0.0,227760,-0.0,0.0,-0.6159887313842773,0.0,0.0,0.0,0.0,78,3.4866875190045796,1.0,0.20379960890381765,0.0,0.0,0.0,-0.5467576384544373,CityLearnV3MADRLRewardFunction,masac_unified_comparable_v4,E2,-0.0,1907,14.57444543069141,1.0,0.1454914617926023,0.0,4
5,0.0,0.0,0.0,0.0,Building_11,10,MASAC,0.7900000214576721,False,0.0,0.0,0.0,0.5324955582618713,26,0,0.0,0.0,-0.0,227760,-0.0,0.0,-0.6574148535728455,0.0,0.0,0.0,0.0,57,3.59995862027185,1.0,0.29420233609383567,0.0,0.0,0.0,-0.5467576384544373,CityLearnV3MADRLRewardFunction,masac_unified_comparable_v4,E2,-0.0,1907,14.57444543069141,1.0,0.1454914617926023,0.0,4
5,0.0,0.0,0.0,0.0,Building_12,11,MASAC,0.7900000214576721,False,0.0,0.0,0.0,0.5324955582618713,26,0,0.0,0.0,-0.0,227760,-0.0,0.0,-0.6617267727851868,0.0,0.0,0.0,0.0,57,3.6278005089150427,1.0,0.3037439868376966,0.0,0.0,0.0,-0.5467576384544373,CityLearnV3MADRLRewardFunction,masac_unified_comparable_v4,E2,-0.0,1907,14.57444543069141,1.0,0.1454914617926023,0.0,4
13,0.0,0.0,0.0,0.0,Building_13,12,MASAC,0.7900000214576721,False,0.0,0.0,0.0,0.5324955582618713,26,0,0.0,0.0,-0.0,227760,-0.0,0.0,-0.4147280752658844,0.0,0.0,0.0,0.0,113,3.5179681231706463,1.0,0.14156058457045428,0.0,0.0,0.0,-0.5467576384544373,CityLearnV3MADRLRewardFunction,masac_unified_comparable_v4,E2,-0.0,1907,14.57444543069141,1.0,0.1454914617926023,0.0,4
6,0.0,0.0,0.0,0.0,Building_14,13,MASAC,0.7900000214576721,False,0.0,0.0,0.0,0.5324955582618713,26,0,0.0,0.0,-0.0,227760,-0.0,0.0,-0.4237751066684723,0.0,0.0,0.0,0.0,64,3.496015835896579,1.0,0.24858597433194518,0.0,0.0,0.0,-0.5467576384544373,CityLearnV3MADRLRewardFunction,masac_unified_comparable_v4,E2,-0.0,1907,14.57444543069141,1.0,0.1454914617926023,0.0,4
10,0.0,0.0,0.0,0.0,Building_15,14,MASAC,0.7900000214576721,False,0.0,0.0,0.0,0.5324955582618713,26,0,0.0,0.0,-0.0,227760,-0.0,0.0,-0.4383438527584076,0.0,0.0,0.0,0.0,92,3.529556622967236,1.0,0.1748181156328191,0.0,0.0,0.0,-0.5467576384544373,CityLearnV3MADRLRewardFunction,masac_unified_comparable_v4,E2,-0.0,1907,14.57444543069141,1.0,0.1454914617926023,0.0,4
13,0.0,0.0,0.0,0.0,Building_16,15,MASAC,0.7900000214576721,False,0.0,0.0,0.0,0.5324955582618713,26,0,0.0,0.0,-0.0,227760,-0.0,0.0,-0.6523132920265198,0.0,0.0,0.0,0.0,113,3.424845920658173,1.0,0.13811553263031276,0.0,0.0,0.0,-0.5467576384544373,CityLearnV3MADRLRewardFunction,masac_unified_comparable_v4,E2,-0.0,1907,14.57444543069141,1.0,0.1454914617926023,0.0,4
13,0.0,0.0,0.0,0.0,Building_17,16,MASAC,0.7900000214576721,False,0.0,0.0,0.0,0.5324955582618713,26,0,0.0,0.0,-0.0,227760,-0.0,0.0,-0.6125652194023132,0.0,0.0,0.0,0.0,113,3.5867234077449055,1.0,0.14826818885265197,0.0,0.0,0.0,-0.5467576384544373,CityLearnV3MADRLRewardFunction,masac_unified_comparable_v4,E2,-0.0,1907,14.57444543069141,1.0,0.1454914617926023,0.0,4
6,0.0,0.0,0.0,0.0,Building_1,0,MASAC,0.7900000214576721,True,0.0,0.0,0.0,0.5324955582618713,26,8755,0.0,0.0,-0.0,236515,0.0,433.45458984375,-0.7850449681282043,226.82997131347656,342.42913818359375,433.45458984375,433.45458984375,64,3.3343504050884363,1.0,0.22407530876807868,0.0,0.0,0.0,-0.6994825005531311,CityLearnV3MADRLRewardFunction,masac_unified_comparable_v4,E2,-0.0,1907,13.853328217531873,1.0,0.12906334383337986,0.0,8759
8,0.0,0.0,0.0,0.0,Building_2,1,MASAC,0.7900000214576721,True,0.0,0.0,0.0,0.5324955582618713,26,8755,0.0,0.0,-0.0,236515,0.0,15.16435432434082,-0.6829442977905273,6.4599609375,11.979840278625488,15.16435432434082,15.16435432434082,78,3.308287726422924,1.0,0.18088800555620438,0.0,0.0,0.0,-0.6994825005531311,CityLearnV3MADRLRewardFunction,masac_unified_comparable_v4,E2,-0.0,1907,13.853328217531873,1.0,0.12906334383337986,0.0,8759
10,1.0,0.0,-0.1,-1.0,Building_3,2,MASAC,0.7900000214576721,True,-476.17718505859375,0.0,0.0,0.5324955582618713,26,8755,0.0,0.0,-0.0,236515,381.63739013671875,0.0,-0.5481840968132019,-162.576171875,0.0,-381.63739013671875,94.539794921875,92,3.24914807123473,1.0,0.1500722667121369,0.0,0.0,0.0,-0.6994825005531311,CityLearnV3MADRLRewardFunction,masac_unified_comparable_v4,E2,-0.0,1907,13.853328217531873,1.0,0.12906334383337986,0.0,8759
8,0.0,0.0,0.0,0.0,Building_4,3,MASAC,0.7900000214576721,True,0.0,0.0,0.0,0.5324955582618713,26,8755,0.0,0.0,-0.0,236515,0.0,31.04317283630371,-0.7566502690315247,13.224281311035156,24.524106979370117,31.04317283630371,31.04317283630371,78,3.3240817445429327,1.0,0.18115808012393805,0.0,0.0,0.0,-0.6994825005531311,CityLearnV3MADRLRewardFunction,masac_unified_comparable_v4,E2,-0.0,1907,13.853328217531873,1.0,0.12906334383337986,0.0,8759
5,0.0,0.0,0.0,0.0,Building_5,4,MASAC,0.7900000214576721,True,0.0,0.0,0.0,0.5324955582618713,26,8755,0.0,0.0,-0.0,236515,0.0,38.538970947265625,-0.8063458800315857,16.539165496826172,30.44578742980957,38.538970947265625,38.538970947265625,57,3.5864656218543765,1.0,0.29304267335356327,0.0,0.0,0.0,-0.6994825005531311,CityLearnV3MADRLRewardFunction,masac_unified_comparable_v4,E2,-0.0,1907,13.853328217531873,1.0,0.12906334383337986,0.0,8759
34,1.0,1.0,0.029411764705882353,0.0,Building_6,5,MASAC,0.7900000214576721,True,0.0,0.0,0.0,0.5324955582618713,26,8755,0.0,0.0,-0.0,236515,0.0,362.8901062011719,-0.7850425839424133,189.25469970703125,286.6831970214844,362.8901062011719,362.8901062011719,260,3.303039942298316,1.0,0.05401116993564826,0.0,0.0,0.0,-0.6994825005531311,CityLearnV3MADRLRewardFunction,masac_unified_comparable_v4,E2,-0.0,1907,13.853328217531873,1.0,0.12906334383337986,0.0,8759
44,1.0,1.0,0.022727272727272728,0.0,Building_7,6,MASAC,0.7900000214576721,True,0.0,0.0,0.0,0.5324955582618713,26,8755,0.0,0.0,-0.0,236515,0.0,12.664111137390137,-0.6633465886116028,5.394866466522217,10.004648208618164,12.664111137390137,12.664111137390137,330,3.408372271484143,1.0,0.04419421578447024,0.0,0.0,0.0,-0.6994825005531311,CityLearnV3MADRLRewardFunction,masac_unified_comparable_v4,E2,-0.0,1907,13.853328217531873,1.0,0.12906334383337986,0.0,8759
19,0.0,0.0,0.0,0.0,Building_8,7,MASAC,0.7900000214576721,True,0.0,0.0,0.0,0.5324955582618713,26,8755,0.0,0.0,-0.0,236515,0.0,12.065996170043945,-0.6580975651741028,5.140071392059326,9.532136917114258,12.065996170043945,12.065996170043945,155,3.469846484651592,1.0,0.097218081739641,0.0,0.0,0.0,-0.6994825005531311,CityLearnV3MADRLRewardFunction,masac_unified_comparable_v4,E2,-0.0,1907,13.853328217531873,1.0,0.12906334383337986,0.0,8759
12,0.0,0.0,0.0,0.0,Building_9,8,MASAC,0.7900000214576721,True,0.0,0.0,0.0,0.5324955582618713,26,8755,0.0,0.0,-0.0,236515,0.0,2.290161371231079,-0.5358266830444336,0.9756006002426147,1.8092275857925415,2.290161371231079,2.290161371231079,106,3.5560912810338006,1.0,0.15318571382536078,0.0,0.0,0.0,-0.6994825005531311,CityLearnV3MADRLRewardFunction,masac_unified_comparable_v4,E2,-0.0,1907,13.853328217531873,1.0,0.12906334383337986,0.0,8759
8,0.0,0.0,0.0,0.0,Building_10,9,MASAC,0.7900000214576721,True,0.0,0.0,0.0,0.5324955582618713,26,8755,0.0,0.0,-0.0,236515,0.0,51.649574279785156,-0.7788093090057373,23.5205020904541,40.803165435791016,51.649574279785156,51.649574279785156,78,3.32620274447744,1.0,0.1833555226524671,0.0,0.0,0.0,-0.6994825005531311,CityLearnV3MADRLRewardFunction,masac_unified_comparable_v4,E2,-0.0,1907,13.853328217531873,1.0,0.12906334383337986,0.0,8759
5,1.0,1.0,0.2,0.0,Building_11,10,MASAC,0.7900000214576721,True,0.0,0.0,0.0,0.5324955582618713,26,8755,0.0,0.0,-0.0,236515,0.0,71.54803466796875,-0.7831230759620667,34.1163444519043,56.52294921875,71.54803466796875,71.54803466796875,57,3.389068032258569,1.0,0.25321126199866595,0.0,0.0,0.0,-0.6994825005531311,CityLearnV3MADRLRewardFunction,masac_unified_comparable_v4,E2,-0.0,1907,13.853328217531873,1.0,0.12906334383337986,0.0,8759
5,0.0,0.0,0.0,0.0,Building_12,11,MASAC,0.7900000214576721,True,0.0,0.0,0.0,0.5324955582618713,26,8755,0.0,0.0,-0.0,236515,0.0,215.11593627929688,-0.7828494310379028,110.56561279296875,169.94158935546875,215.11593627929688,215.11593627929688,57,3.220638261467453,1.0,0.2409342046369586,0.0,0.0,0.0,-0.6994825005531311,CityLearnV3MADRLRewardFunction,masac_unified_comparable_v4,E2,-0.0,1907,13.853328217531873,1.0,0.12906334383337986,0.0,8759
13,0.0,0.0,0.0,0.0,Building_13,12,MASAC,0.7900000214576721,True,0.0,0.0,0.0,0.5324955582618713,26,8755,0.0,0.0,-0.0,236515,0.0,2.033022403717041,-0.5501610040664673,0.8660603165626526,1.6060876846313477,2.033022403717041,2.033022403717041,113,3.36325103040041,1.0,0.12653894300481913,0.0,0.0,0.0,-0.6994825005531311,CityLearnV3MADRLRewardFunction,masac_unified_comparable_v4,E2,-0.0,1907,13.853328217531873,1.0,0.12906334383337986,0.0,8759
6,0.0,0.0,0.0,0.0,Building_14,13,MASAC,0.7900000214576721,True,0.0,0.0,0.0,0.5324955582618713,26,8755,0.0,0.0,-0.0,236515,0.0,2.6149511337280273,-0.557169497013092,1.1139599084854126,2.0658113956451416,2.6149511337280273,2.6149511337280273,64,3.3891428877106704,1.0,0.22461503534577787,0.0,0.0,0.0,-0.6994825005531311,CityLearnV3MADRLRewardFunction,masac_unified_comparable_v4,E2,-0.0,1907,13.853328217531873,1.0,0.12906334383337986,0.0,8759
10,0.0,0.0,0.0,0.0,Building_15,14,MASAC,0.7900000214576721,True,0.0,0.0,0.0,0.5324955582618713,26,8755,0.0,0.0,-0.0,236515,0.0,19.521480560302734,-0.7116079330444336,8.316081047058105,15.42197036743164,19.521480560302734,19.521480560302734,92,3.3352656008253674,1.0,0.15549196966964265,0.0,0.0,0.0,-0.6994825005531311,CityLearnV3MADRLRewardFunction,masac_unified_comparable_v4,E2,-0.0,1907,13.853328217531873,1.0,0.12906334383337986,0.0,8759
13,0.0,0.0,0.0,0.0,Building_16,15,MASAC,0.7900000214576721,True,0.0,0.0,0.0,0.5324955582618713,26,8755,0.0,0.0,-0.0,236515,0.0,54.89390563964844,-0.7785588502883911,25.24809455871582,43.366188049316406,54.89390563964844,54.89390563964844,113,3.227630212633536,1.0,0.12024251714480662,0.0,0.0,0.0,-0.6994825005531311,CityLearnV3MADRLRewardFunction,masac_unified_comparable_v4,E2,-0.0,1907,13.853328217531873,1.0,0.12906334383337986,0.0,8759
13,0.0,0.0,0.0,0.0,Building_17,16,MASAC,0.7900000214576721,True,0.0,0.0,0.0,0.5324955582618713,26,8755,0.0,0.0,-0.0,236515,0.0,22.46647071838379,-0.727440595626831,9.570636749267578,17.748512268066406,22.46647071838379,22.46647071838379,113,3.302858128988365,1.0,0.1244678474896777,0.0,0.0,0.0,-0.6994825005531311,CityLearnV3MADRLRewardFunction,masac_unified_comparable_v4,E2,-0.0,1907,13.853328217531873,1.0,0.12906334383337986,0.0,8759
6,0.0,0.0,0.0,0.0,Building_1,0,MASAC,0.7900000214576721,False,0.0,0.0,0.0,0.5324955582618713,27,0,0.0,0.0,-0.0,236520,-0.0,0.0,-0.7024708986282349,0.0,0.0,0.0,0.0,64,3.230302027394432,1.0,0.2269857495848555,0.0,0.0,0.0,-0.5974960923194885,CityLearnV3MADRLRewardFunction,masac_unified_comparable_v4,E2,-0.0,1907,14.027782568527693,1.0,0.13709663618971335,0.0,5
8,0.0,0.0,0.0,0.0,Building_2,1,MASAC,0.7900000214576721,False,0.0,0.0,0.0,0.5324955582618713,27,0,0.0,0.0,-0.0,236520,-0.0,0.0,-0.4577944874763489,0.0,0.0,0.0,0.0,78,3.368712775797938,1.0,0.1897770321378723,0.0,0.0,0.0,-0.5974960923194885,CityLearnV3MADRLRewardFunction,masac_unified_comparable_v4,E2,-0.0,1907,14.027782568527693,1.0,0.13709663618971335,0.0,5
10,0.0,0.0,0.0,0.0,Building_3,2,MASAC,0.7900000214576721,False,0.0,0.0,0.0,0.5324955582618713,27,0,0.0,0.0,-0.0,236520,-0.0,0.0,-0.698327898979187,0.0,0.0,0.0,0.0,92,3.7003030610600756,1.0,0.19788526397441392,0.0,0.0,0.0,-0.5974960923194885,CityLearnV3MADRLRewardFunction,masac_unified_comparable_v4,E2,-0.0,1907,14.027782568527693,1.0,0.13709663618971335,0.0,5
8,0.0,0.0,0.0,0.0,Building_4,3,MASAC,0.7900000214576721,False,0.0,0.0,0.0,0.5324955582618713,27,0,0.0,0.0,-0.0,236520,-0.0,0.0,-0.5845934152603149,0.0,0.0,0.0,0.0,78,3.2947954664264385,1.0,0.18601345769965497,0.0,0.0,0.0,-0.5974960923194885,CityLearnV3MADRLRewardFunction,masac_unified_comparable_v4,E2,-0.0,1907,14.027782568527693,1.0,0.13709663618971335,0.0,5
5,0.0,0.0,0.0,0.0,Building_5,4,MASAC,0.7900000214576721,False,0.0,0.0,0.0,0.5324955582618713,27,0,0.0,0.0,-0.0,236520,-0.0,0.0,-0.6817097067832947,0.0,0.0,0.0,0.0,57,3.412405327795951,1.0,0.276821827058468,0.0,0.0,0.0,-0.5974960923194885,CityLearnV3MADRLRewardFunction,masac_unified_comparable_v4,E2,-0.0,1907,14.027782568527693,1.0,0.13709663618971335,0.0,5
34,0.0,0.0,0.0,0.0,Building_6,5,MASAC,0.7900000214576721,False,0.0,0.0,0.0,0.5324955582618713,27,0,0.0,0.0,-0.0,236520,-0.0,0.0,-0.7013994455337524,0.0,0.0,0.0,0.0,260,3.2796292386580315,1.0,0.05586776745577271,0.0,0.0,0.0,-0.5974960923194885,CityLearnV3MADRLRewardFunction,masac_unified_comparable_v4,E2,-0.0,1907,14.027782568527693,1.0,0.13709663618971335,0.0,5
44,1.0,1.0,0.022727272727272728,0.0,Building_7,6,MASAC,0.7900000214576721,False,0.0,0.0,0.0,0.5324955582618713,27,0,0.0,0.0,-0.0,236520,-0.0,0.0,-0.519853413105011,0.0,0.0,0.0,0.0,330,3.347978683010938,1.0,0.0448055207334233,0.0,0.0,0.0,-0.5974960923194885,CityLearnV3MADRLRewardFunction,masac_unified_comparable_v4,E2,-0.0,1907,14.027782568527693,1.0,0.13709663618971335,0.0,5
19,0.0,0.0,0.0,0.0,Building_8,7,MASAC,0.7900000214576721,False,0.0,0.0,0.0,0.5324955582618713,27,0,0.0,0.0,-0.0,236520,-0.0,0.0,-0.4594804346561432,0.0,0.0,0.0,0.0,155,3.3653249169026114,1.0,0.09547849596748428,0.0,0.0,0.0,-0.5974960923194885,CityLearnV3MADRLRewardFunction,masac_unified_comparable_v4,E2,-0.0,1907,14.027782568527693,1.0,0.13709663618971335,0.0,5
12,0.0,0.0,0.0,0.0,Building_9,8,MASAC,0.7900000214576721,False,0.0,0.0,0.0,0.5324955582618713,27,0,0.0,0.0,-0.0,236520,-0.0,0.0,-0.4786154627799988,0.0,0.0,0.0,0.0,106,3.4479149642748346,1.0,0.1472144888292225,0.0,0.0,0.0,-0.5974960923194885,CityLearnV3MADRLRewardFunction,masac_unified_comparable_v4,E2,-0.0,1907,14.027782568527693,1.0,0.13709663618971335,0.0,5
8,0.0,0.0,0.0,0.0,Building_10,9,MASAC,0.7900000214576721,False,0.0,0.0,0.0,0.5324955582618713,27,0,0.0,0.0,-0.0,236520,-0.0,0.0,-0.6870959401130676,0.0,0.0,0.0,0.0,78,3.2967026049363852,1.0,0.18596204506376615,0.0,0.0,0.0,-0.5974960923194885,CityLearnV3MADRLRewardFunction,masac_unified_comparable_v4,E2,-0.0,1907,14.027782568527693,1.0,0.13709663618971335,0.0,5
5,0.0,0.0,0.0,0.0,Building_11,10,MASAC,0.7900000214576721,False,0.0,0.0,0.0,0.5324955582618713,27,0,0.0,0.0,-0.0,236520,-0.0,0.0,-0.699179470539093,0.0,0.0,0.0,0.0,57,3.6138441140798885,1.0,0.2972041754411501,0.0,0.0,0.0,-0.5974960923194885,CityLearnV3MADRLRewardFunction,masac_unified_comparable_v4,E2,-0.0,1907,14.027782568527693,1.0,0.13709663618971335,0.0,5
5,0.0,0.0,0.0,0.0,Building_12,11,MASAC,0.7900000214576721,False,0.0,0.0,0.0,0.5324955582618713,27,0,0.0,0.0,-0.0,236520,-0.0,0.0,-0.7014404535293579,0.0,0.0,0.0,0.0,57,3.5696188484825657,1.0,0.29386481528350133,0.0,0.0,0.0,-0.5974960923194885,CityLearnV3MADRLRewardFunction,masac_unified_comparable_v4,E2,-0.0,1907,14.027782568527693,1.0,0.13709663618971335,0.0,5
13,0.0,0.0,0.0,0.0,Building_13,12,MASAC,0.7900000214576721,False,0.0,0.0,0.0,0.5324955582618713,27,0,0.0,0.0,-0.0,236520,-0.0,0.0,-0.4575754404067993,0.0,0.0,0.0,0.0,113,3.3535956111508862,1.0,0.13061708675087552,0.0,0.0,0.0,-0.5974960923194885,CityLearnV3MADRLRewardFunction,masac_unified_comparable_v4,E2,-0.0,1907,14.027782568527693,1.0,0.13709663618971335,0.0,5
6,0.0,0.0,0.0,0.0,Building_14,13,MASAC,0.7900000214576721,False,0.0,0.0,0.0,0.5324955582618713,27,0,0.0,0.0,-0.0,236520,-0.0,0.0,-0.4686465561389923,0.0,0.0,0.0,0.0,64,3.455035993448212,1.0,0.24675126586225815,0.0,0.0,0.0,-0.5974960923194885,CityLearnV3MADRLRewardFunction,masac_unified_comparable_v4,E2,-0.0,1907,14.027782568527693,1.0,0.13709663618971335,0.0,5
10,0.0,0.0,0.0,0.0,Building_15,14,MASAC,0.7900000214576721,False,0.0,0.0,0.0,0.5324955582618713,27,0,0.0,0.0,-0.0,236520,-0.0,0.0,-0.524198055267334,0.0,0.0,0.0,0.0,92,3.3734807256670916,1.0,0.16294836627481424,0.0,0.0,0.0,-0.5974960923194885,CityLearnV3MADRLRewardFunction,masac_unified_comparable_v4,E2,-0.0,1907,14.027782568527693,1.0,0.13709663618971335,0.0,5
13,0.0,0.0,0.0,0.0,Building_16,15,MASAC,0.7900000214576721,False,0.0,0.0,0.0,0.5324955582618713,27,0,0.0,0.0,-0.0,236520,-0.0,0.0,-0.685204029083252,0.0,0.0,0.0,0.0,113,3.2487414972185613,1.0,0.12678493719251283,0.0,0.0,0.0,-0.5974960923194885,CityLearnV3MADRLRewardFunction,masac_unified_comparable_v4,E2,-0.0,1907,14.027782568527693,1.0,0.13709663618971335,0.0,5
13,0.0,0.0,0.0,0.0,Building_17,16,MASAC,0.7900000214576721,False,0.0,0.0,0.0,0.5324955582618713,27,0,0.0,0.0,-0.0,236520,-0.0,0.0,-0.6498476266860962,0.0,0.0,0.0,0.0,113,3.440327218771892,1.0,0.14016969140981678,0.0,0.0,0.0,-0.5974960923194885,CityLearnV3MADRLRewardFunction,masac_unified_comparable_v4,E2,-0.0,1907,14.027782568527693,1.0,0.13709663618971335,0.0,5
6,1.0,1.0,0.16666666666666666,0.0,Building_1,0,MASAC,0.7900000214576721,True,0.0,0.0,0.0,0.5324955582618713,27,8754,0.0,0.0,-0.0,245274,0.0,446.8856201171875,-0.7833965420722961,235.3733673095703,353.0396423339844,446.8856201171875,446.8856201171875,64,3.455251592109411,1.0,0.24420900223776698,0.0,0.0,0.0,-0.6972842216491699,CityLearnV3MADRLRewardFunction,masac_unified_comparable_v4,E2,-0.0,1907,14.479559513661336,1.0,0.14127426490570527,0.0,8759
8,0.0,0.0,0.0,0.0,Building_2,1,MASAC,0.7900000214576721,True,0.0,0.0,0.0,0.5324955582618713,27,8754,0.0,0.0,-0.0,245274,0.0,5.618855953216553,-0.5903821587562561,2.3936126232147217,4.438896179199219,5.618855953216553,5.618855953216553,78,3.461381126594398,1.0,0.1951109915971756,0.0,0.0,0.0,-0.6972842216491699,CityLearnV3MADRLRewardFunction,masac_unified_comparable_v4,E2,-0.0,1907,14.479559513661336,1.0,0.14127426490570527,0.0,8759
10,0.0,0.0,0.0,0.0,Building_3,2,MASAC,0.7900000214576721,True,0.0,0.0,0.0,0.5324955582618713,27,8754,0.0,0.0,-0.0,245274,0.0,98.17061614990234,-0.7799344658851624,49.684173583984375,77.5547866821289,98.17061614990234,98.17061614990234,92,3.3819622763477972,1.0,0.16205890330931413,0.0,0.0,0.0,-0.6972842216491699,CityLearnV3MADRLRewardFunction,masac_unified_comparable_v4,E2,-0.0,1907,14.479559513661336,1.0,0.14127426490570527,0.0,8759
8,0.0,0.0,0.0,0.0,Building_4,3,MASAC,0.7900000214576721,True,0.0,0.0,0.0,0.5324955582618713,27,8754,0.0,0.0,-0.0,245274,0.0,28.84416961669922,-0.7494218945503235,12.768149375915527,22.786893844604492,28.84416961669922,28.84416961669922,78,3.5056828700081786,1.0,0.20037670930226645,0.0,0.0,0.0,-0.6972842216491699,CityLearnV3MADRLRewardFunction,masac_unified_comparable_v4,E2,-0.0,1907,14.479559513661336,1.0,0.14127426490570527,0.0,8759
5,0.0,0.0,0.0,0.0,Building_5,4,MASAC,0.7900000214576721,True,0.0,0.0,0.0,0.5324955582618713,27,8754,0.0,0.0,-0.0,245274,0.0,37.89287567138672,-0.8023595213890076,17.586544036865234,29.935373306274414,37.89287567138672,37.89287567138672,57,3.5885170374133724,1.0,0.30035031887522917,0.0,0.0,0.0,-0.6972842216491699,CityLearnV3MADRLRewardFunction,masac_unified_comparable_v4,E2,-0.0,1907,14.479559513661336,1.0,0.14127426490570527,0.0,8759
34,0.0,0.0,0.0,0.0,Building_6,5,MASAC,0.7900000214576721,True,0.0,0.0,0.0,0.5324955582618713,27,8754,0.0,0.0,-0.0,245274,0.0,350.8894348144531,-0.7832487225532532,184.25582885742188,277.2026672363281,350.8894348144531,350.8894348144531,260,3.3873402588351,1.0,0.05796890957997396,0.0,0.0,0.0,-0.6972842216491699,CityLearnV3MADRLRewardFunction,masac_unified_comparable_v4,E2,-0.0,1907,14.479559513661336,1.0,0.14127426490570527,0.0,8759
44,0.0,0.0,0.0,0.0,Building_7,6,MASAC,0.7900000214576721,True,0.0,0.0,0.0,0.5324955582618713,27,8754,0.0,0.0,-0.0,245274,0.0,18.66022491455078,-0.7052645087242126,7.94918966293335,14.741578102111816,18.66022491455078,18.66022491455078,330,3.4823938435199415,1.0,0.04750782386823134,0.0,0.0,0.0,-0.6972842216491699,CityLearnV3MADRLRewardFunction,masac_unified_comparable_v4,E2,-0.0,1907,14.479559513661336,1.0,0.14127426490570527,0.0,8759
19,0.0,0.0,0.0,0.0,Building_8,7,MASAC,0.7900000214576721,True,0.0,0.0,0.0,0.5324955582618713,27,8754,0.0,0.0,-0.0,245274,0.0,19.251495361328125,-0.7084122896194458,8.201068878173828,15.2086820602417,19.251495361328125,19.251495361328125,155,3.5885724372116306,1.0,0.10432261699630369,0.0,0.0,0.0,-0.6972842216491699,CityLearnV3MADRLRewardFunction,masac_unified_comparable_v4,E2,-0.0,1907,14.479559513661336,1.0,0.14127426490570527,0.0,8759
12,0.0,0.0,0.0,0.0,Building_9,8,MASAC,0.7900000214576721,True,0.0,0.0,0.0,0.5324955582618713,27,8754,0.0,0.0,-0.0,245274,0.0,2.4506425857543945,-0.5361061692237854,1.0439649820327759,1.9360077381134033,2.4506425857543945,2.4506425857543945,106,3.729371093637439,1.0,0.1696401317164583,0.0,0.0,0.0,-0.6972842216491699,CityLearnV3MADRLRewardFunction,masac_unified_comparable_v4,E2,-0.0,1907,14.479559513661336,1.0,0.14127426490570527,0.0,8759
8,0.0,0.0,0.0,0.0,Building_10,9,MASAC,0.7900000214576721,True,0.0,0.0,0.0,0.5324955582618713,27,8754,0.0,0.0,-0.0,245274,0.0,34.33414077758789,-0.7618150115013123,15.691534042358398,27.123971939086914,34.33414077758789,34.33414077758789,78,3.5528739754411407,1.0,0.2039016818579955,0.0,0.0,0.0,-0.6972842216491699,CityLearnV3MADRLRewardFunction,masac_unified_comparable_v4,E2,-0.0,1907,14.479559513661336,1.0,0.14127426490570527,0.0,8759
5,0.0,0.0,0.0,0.0,Building_11,10,MASAC,0.7900000214576721,True,0.0,0.0,0.0,0.5324955582618713,27,8754,0.0,0.0,-0.0,245274,0.0,57.917564392089844,-0.7777499556541443,28.249603271484375,45.754878997802734,57.917564392089844,57.917564392089844,57,3.426212184240878,1.0,0.26582690236861245,0.0,0.0,0.0,-0.6972842216491699,CityLearnV3MADRLRewardFunction,masac_unified_comparable_v4,E2,-0.0,1907,14.479559513661336,1.0,0.14127426490570527,0.0,8759
5,1.0,0.0,-0.2,-1.0,Building_12,11,MASAC,0.7900000214576721,True,-470.29974365234375,0.0,0.0,0.5324955582618713,27,8754,0.0,0.0,-0.0,245274,287.6976318359375,0.0,-0.5459843873977661,-122.55816650390625,0.0,-287.6976318359375,182.60211181640625,57,3.502170129409382,1.0,0.2743286218559533,0.0,0.0,0.0,-0.6972842216491699,CityLearnV3MADRLRewardFunction,masac_unified_comparable_v4,E2,-0.0,1907,14.479559513661336,1.0,0.14127426490570527,0.0,8759
13,0.0,0.0,0.0,0.0,Building_13,12,MASAC,0.7900000214576721,True,0.0,0.0,0.0,0.5324955582618713,27,8754,0.0,0.0,-0.0,245274,0.0,2.789367437362671,-0.5575680136680603,1.1882606744766235,2.2036004066467285,2.789367437362671,2.789367437362671,113,3.5170224292803534,1.0,0.13889573474900913,0.0,0.0,0.0,-0.6972842216491699,CityLearnV3MADRLRewardFunction,masac_unified_comparable_v4,E2,-0.0,1907,14.479559513661336,1.0,0.14127426490570527,0.0,8759
6,0.0,0.0,0.0,0.0,Building_14,13,MASAC,0.7900000214576721,True,0.0,0.0,0.0,0.5324955582618713,27,8754,0.0,0.0,-0.0,245274,0.0,2.485826015472412,-0.5539682507514954,1.058953046798706,1.9638025760650635,2.485826015472412,2.485826015472412,64,3.541940705786867,1.0,0.24677446484565735,0.0,0.0,0.0,-0.6972842216491699,CityLearnV3MADRLRewardFunction,masac_unified_comparable_v4,E2,-0.0,1907,14.479559513661336,1.0,0.14127426490570527,0.0,8759
10,0.0,0.0,0.0,0.0,Building_15,14,MASAC,0.7900000214576721,True,0.0,0.0,0.0,0.5324955582618713,27,8754,0.0,0.0,-0.0,245274,0.0,20.5941162109375,-0.7165469527244568,8.77302074432373,16.269351959228516,20.5941162109375,20.5941162109375,92,3.601879396179038,1.0,0.17854711380989655,0.0,0.0,0.0,-0.6972842216491699,CityLearnV3MADRLRewardFunction,masac_unified_comparable_v4,E2,-0.0,1907,14.479559513661336,1.0,0.14127426490570527,0.0,8759
13,0.0,0.0,0.0,0.0,Building_16,15,MASAC,0.7900000214576721,True,0.0,0.0,0.0,0.5324955582618713,27,8754,0.0,0.0,-0.0,245274,0.0,103.13050842285156,-0.7827247381210327,52.325294494628906,81.47310638427734,103.13050842285156,103.13050842285156,113,3.553901912901871,1.0,0.14271204239499252,0.0,0.0,0.0,-0.6972842216491699,CityLearnV3MADRLRewardFunction,masac_unified_comparable_v4,E2,-0.0,1907,14.479559513661336,1.0,0.14127426490570527,0.0,8759
13,1.0,1.0,0.07692307692307693,0.0,Building_17,16,MASAC,0.7900000214576721,True,0.0,0.0,0.0,0.5324955582618713,27,8754,0.0,0.0,-0.0,245274,0.0,21.1981143951416,-0.7189485430717468,9.03032112121582,16.746511459350586,21.1981143951416,21.1981143951416,113,3.405877204699376,1.0,0.13510695587744756,0.0,0.0,0.0,-0.6972842216491699,CityLearnV3MADRLRewardFunction,masac_unified_comparable_v4,E2,-0.0,1907,14.479559513661336,1.0,0.14127426490570527,0.0,8759
6,0.0,0.0,0.0,0.0,Building_1,0,MASAC,0.786109983921051,False,0.0,0.0,0.0,0.5324955582618713,28,0,0.0,0.0,-0.0,245280,-0.0,0.0,-0.6480006575584412,0.0,0.0,0.0,0.0,64,3.1651688358473042,1.0,0.23322499128698837,0.0,0.0,0.0,-0.5198083519935608,CityLearnV3MADRLRewardFunction,masac_unified_comparable_v4,E2,-0.0,1907,13.947961497015864,1.0,0.1458626781308493,0.0,6
8,0.0,0.0,0.0,0.0,Building_2,1,MASAC,0.786109983921051,False,0.0,0.0,0.0,0.5324955582618713,28,0,0.0,0.0,-0.0,245280,-0.0,0.0,-0.3886909484863281,0.0,0.0,0.0,0.0,78,3.26324284078737,1.0,0.19295458499198923,0.0,0.0,0.0,-0.5198083519935608,CityLearnV3MADRLRewardFunction,masac_unified_comparable_v4,E2,-0.0,1907,13.947961497015864,1.0,0.1458626781308493,0.0,6
10,0.0,0.0,0.0,0.0,Building_3,2,MASAC,0.786109983921051,False,0.0,0.0,0.0,0.5324955582618713,28,0,0.0,0.0,-0.0,245280,-0.0,0.0,-0.6501490473747253,0.0,0.0,0.0,0.0,92,3.5801144807309995,1.0,0.19926722326477908,0.0,0.0,0.0,-0.5198083519935608,CityLearnV3MADRLRewardFunction,masac_unified_comparable_v4,E2,-0.0,1907,13.947961497015864,1.0,0.1458626781308493,0.0,6
8,0.0,0.0,0.0,0.0,Building_4,3,MASAC,0.786109983921051,False,0.0,0.0,0.0,0.5324955582618713,28,0,0.0,0.0,-0.0,245280,-0.0,0.0,-0.5721431970596313,0.0,0.0,0.0,0.0,78,3.1402929833935134,1.0,0.18496121412429672,0.0,0.0,0.0,-0.5198083519935608,CityLearnV3MADRLRewardFunction,masac_unified_comparable_v4,E2,-0.0,1907,13.947961497015864,1.0,0.1458626781308493,0.0,6
5,0.0,0.0,0.0,0.0,Building_5,4,MASAC,0.786109983921051,False,0.0,0.0,0.0,0.5324955582618713,28,0,0.0,0.0,-0.0,245280,-0.0,0.0,-0.6415141820907593,0.0,0.0,0.0,0.0,57,3.3769308484050367,1.0,0.2903074958574092,0.0,0.0,0.0,-0.5198083519935608,CityLearnV3MADRLRewardFunction,masac_unified_comparable_v4,E2,-0.0,1907,13.947961497015864,1.0,0.1458626781308493,0.0,6
34,1.0,0.0,-0.029411764705882353,-1.0,Building_6,5,MASAC,0.786109983921051,False,0.0,0.0,0.0,0.5324955582618713,28,0,0.0,0.0,-0.0,245280,-0.0,0.0,-0.6464059352874756,0.0,0.0,0.0,0.0,260,3.155616671649087,1.0,0.056231498843632065,0.0,0.0,0.0,-0.5198083519935608,CityLearnV3MADRLRewardFunction,masac_unified_comparable_v4,E2,-0.0,1907,13.947961497015864,1.0,0.1458626781308493,0.0,6
44,0.0,0.0,0.0,0.0,Building_7,6,MASAC,0.786109983921051,False,0.0,0.0,0.0,0.5324955582618713,28,0,0.0,0.0,-0.0,245280,-0.0,0.0,-0.38941246271133423,0.0,0.0,0.0,0.0,330,3.2431335550086637,1.0,0.04540951686318625,0.0,0.0,0.0,-0.5198083519935608,CityLearnV3MADRLRewardFunction,masac_unified_comparable_v4,E2,-0.0,1907,13.947961497015864,1.0,0.1458626781308493,0.0,6
19,0.0,0.0,0.0,0.0,Building_8,7,MASAC,0.786109983921051,False,0.0,0.0,0.0,0.5324955582618713,28,0,0.0,0.0,-0.0,245280,-0.0,0.0,-0.388960063457489,0.0,0.0,0.0,0.0,155,3.2580245438838484,1.0,0.09699534410310369,0.0,0.0,0.0,-0.5198083519935608,CityLearnV3MADRLRewardFunction,masac_unified_comparable_v4,E2,-0.0,1907,13.947961497015864,1.0,0.1458626781308493,0.0,6
12,0.0,0.0,0.0,0.0,Building_9,8,MASAC,0.786109983921051,False,0.0,0.0,0.0,0.5324955582618713,28,0,0.0,0.0,-0.0,245280,-0.0,0.0,-0.42200228571891785,0.0,0.0,0.0,0.0,106,3.299744302820312,1.0,0.147960174433395,0.0,0.0,0.0,-0.5198083519935608,CityLearnV3MADRLRewardFunction,masac_unified_comparable_v4,E2,-0.0,1907,13.947961497015864,1.0,0.1458626781308493,0.0,6
8,0.0,0.0,0.0,0.0,Building_10,9,MASAC,0.786109983921051,False,0.0,0.0,0.0,0.5324955582618713,28,0,0.0,0.0,-0.0,245280,-0.0,0.0,-0.45651331543922424,0.0,0.0,0.0,0.0,78,3.214406666694656,1.0,0.1907461668866185,0.0,0.0,0.0,-0.5198083519935608,CityLearnV3MADRLRewardFunction,masac_unified_comparable_v4,E2,-0.0,1907,13.947961497015864,1.0,0.1458626781308493,0.0,6
5,1.0,1.0,0.2,0.0,Building_11,10,MASAC,0.786109983921051,False,0.0,0.0,0.0,0.5324955582618713,28,0,0.0,0.0,-0.0,245280,-0.0,0.0,-0.6374463438987732,0.0,0.0,0.0,0.0,57,3.787347230864605,1.0,0.35418858776163115,0.0,0.0,0.0,-0.5198083519935608,CityLearnV3MADRLRewardFunction,masac_unified_comparable_v4,E2,-0.0,1907,13.947961497015864,1.0,0.1458626781308493,0.0,6
5,0.0,0.0,0.0,0.0,Building_12,11,MASAC,0.786109983921051,False,0.0,0.0,0.0,0.5324955582618713,28,0,0.0,0.0,-0.0,245280,-0.0,0.0,-0.6469489932060242,0.0,0.0,0.0,0.0,57,3.8734034256187075,1.0,0.36615842781764896,0.0,0.0,0.0,-0.5198083519935608,CityLearnV3MADRLRewardFunction,masac_unified_comparable_v4,E2,-0.0,1907,13.947961497015864,1.0,0.1458626781308493,0.0,6
13,0.0,0.0,0.0,0.0,Building_13,12,MASAC,0.786109983921051,False,0.0,0.0,0.0,0.5324955582618713,28,0,0.0,0.0,-0.0,245280,-0.0,0.0,-0.3890508711338043,0.0,0.0,0.0,0.0,113,3.250300834049272,1.0,0.13287733299904955,0.0,0.0,0.0,-0.5198083519935608,CityLearnV3MADRLRewardFunction,masac_unified_comparable_v4,E2,-0.0,1907,13.947961497015864,1.0,0.1458626781308493,0.0,6
6,0.0,0.0,0.0,0.0,Building_14,13,MASAC,0.786109983921051,False,0.0,0.0,0.0,0.5324955582618713,28,0,0.0,0.0,-0.0,245280,-0.0,0.0,-0.40670523047447205,0.0,0.0,0.0,0.0,64,3.951843187688459,1.0,0.33916932536521927,0.0,0.0,0.0,-0.5198083519935608,CityLearnV3MADRLRewardFunction,masac_unified_comparable_v4,E2,-0.0,1907,13.947961497015864,1.0,0.1458626781308493,0.0,6
10,0.0,0.0,0.0,0.0,Building_15,14,MASAC,0.786109983921051,False,0.0,0.0,0.0,0.5324955582618713,28,0,0.0,0.0,-0.0,245280,-0.0,0.0,-0.4027560353279114,0.0,0.0,0.0,0.0,92,3.2926399370910953,1.0,0.16580403234769145,0.0,0.0,0.0,-0.5198083519935608,CityLearnV3MADRLRewardFunction,masac_unified_comparable_v4,E2,-0.0,1907,13.947961497015864,1.0,0.1458626781308493,0.0,6
13,1.0,1.0,0.07692307692307693,0.0,Building_16,15,MASAC,0.786109983921051,False,0.0,0.0,0.0,0.5324955582618713,28,0,0.0,0.0,-0.0,245280,-0.0,0.0,-0.5698592066764832,0.0,0.0,0.0,0.0,113,3.196790665455424,1.0,0.1323858485268676,0.0,0.0,0.0,-0.5198083519935608,CityLearnV3MADRLRewardFunction,masac_unified_comparable_v4,E2,-0.0,1907,13.947961497015864,1.0,0.1458626781308493,0.0,6
13,0.0,0.0,0.0,0.0,Building_17,16,MASAC,0.786109983921051,False,0.0,0.0,0.0,0.5324955582618713,28,0,0.0,0.0,-0.0,245280,-0.0,0.0,-0.5801829099655151,0.0,0.0,0.0,0.0,113,3.300796973022704,1.0,0.13875458682104286,0.0,0.0,0.0,-0.5198083519935608,CityLearnV3MADRLRewardFunction,masac_unified_comparable_v4,E2,-0.0,1907,13.947961497015864,1.0,0.1458626781308493,0.0,6
6,0.0,0.0,0.0,0.0,Building_1,0,MASAC,0.7900000214576721,True,0.0,0.0,0.0,0.5324955582618713,28,8753,0.0,0.0,-0.0,254033,0.0,391.586669921875,-0.7357487678527832,208.51815795898438,309.3534851074219,391.586669921875,391.586669921875,64,3.4337507948079145,1.0,0.23298340663313866,0.0,0.0,0.0,-0.6296117305755615,CityLearnV3MADRLRewardFunction,masac_unified_comparable_v4,E2,-0.0,1907,14.10999238843961,1.0,0.13280023767270527,0.0,8759
8,0.0,0.0,0.0,0.0,Building_2,1,MASAC,0.7900000214576721,True,0.0,0.0,0.0,0.5324955582618713,28,8753,0.0,0.0,-0.0,254033,0.0,0.1848604530096054,-0.47848811745643616,0.0984373688697815,0.14603976905345917,0.1848604530096054,0.1848604530096054,78,3.381793315517255,1.0,0.18371726591617632,0.0,0.0,0.0,-0.6296117305755615,CityLearnV3MADRLRewardFunction,masac_unified_comparable_v4,E2,-0.0,1907,14.10999238843961,1.0,0.13280023767270527,0.0,8759
10,0.0,0.0,0.0,0.0,Building_3,2,MASAC,0.7900000214576721,True,0.0,0.0,0.0,0.5324955582618713,28,8753,0.0,0.0,-0.0,254033,0.0,39.0087890625,-0.7203841209411621,20.77200698852539,30.816944122314453,39.0087890625,39.0087890625,92,3.3275734665077796,1.0,0.15588763161845828,0.0,0.0,0.0,-0.6296117305755615,CityLearnV3MADRLRewardFunction,masac_unified_comparable_v4,E2,-0.0,1907,14.10999238843961,1.0,0.13280023767270527,0.0,8759
8,0.0,0.0,0.0,0.0,Building_4,3,MASAC,0.7900000214576721,True,0.0,0.0,0.0,0.5324955582618713,28,8753,0.0,0.0,-0.0,254033,0.0,36.67196273803711,-0.7171545624732971,19.52765655517578,28.97085189819336,36.67196273803711,36.67196273803711,78,3.3097372245018746,1.0,0.1825605787527867,0.0,0.0,0.0,-0.6296117305755615,CityLearnV3MADRLRewardFunction,masac_unified_comparable_v4,E2,-0.0,1907,14.10999238843961,1.0,0.13280023767270527,0.0,8759
5,0.0,0.0,0.0,0.0,Building_5,4,MASAC,0.7900000214576721,True,0.0,0.0,0.0,0.5324955582618713,28,8753,0.0,0.0,-0.0,254033,0.0,54.225337982177734,-0.7668604254722595,28.874752044677734,42.838016510009766,54.225337982177734,54.225337982177734,57,3.544181042139312,1.0,0.2925673804262228,0.0,0.0,0.0,-0.6296117305755615,CityLearnV3MADRLRewardFunction,masac_unified_comparable_v4,E2,-0.0,1907,14.10999238843961,1.0,0.13280023767270527,0.0,8759
34,0.0,0.0,0.0,0.0,Building_6,5,MASAC,0.7900000214576721,True,0.0,0.0,0.0,0.5324955582618713,28,8753,0.0,0.0,-0.0,254033,0.0,348.8946838378906,-0.7353069186210632,185.7848663330078,275.6268005371094,348.8946838378906,348.8946838378906,260,3.267237606059896,1.0,0.05366553159860464,0.0,0.0,0.0,-0.6296117305755615,CityLearnV3MADRLRewardFunction,masac_unified_comparable_v4,E2,-0.0,1907,14.10999238843961,1.0,0.13280023767270527,0.0,8759
44,0.0,0.0,0.0,0.0,Building_7,6,MASAC,0.7900000214576721,True,0.0,0.0,0.0,0.5324955582618713,28,8753,0.0,0.0,-0.0,254033,0.0,2.9800853729248047,-0.5121017694473267,1.58688223361969,2.3542675971984863,2.9800853729248047,2.9800853729248047,330,3.362328527994826,1.0,0.043313343077898026,0.0,0.0,0.0,-0.6296117305755615,CityLearnV3MADRLRewardFunction,masac_unified_comparable_v4,E2,-0.0,1907,14.10999238843961,1.0,0.13280023767270527,0.0,8759
19,1.0,0.0,-0.05263157894736842,-1.0,Building_8,7,MASAC,0.7900000214576721,True,0.0,0.0,0.0,0.5324955582618713,28,8753,0.0,0.0,-0.0,254033,0.0,6.19936990737915,-0.5495142936706543,3.3011369705200195,4.897502422332764,6.19936990737915,6.19936990737915,155,3.5347299053956336,1.0,0.09984102229918203,0.0,0.0,0.0,-0.6296117305755615,CityLearnV3MADRLRewardFunction,masac_unified_comparable_v4,E2,-0.0,1907,14.10999238843961,1.0,0.13280023767270527,0.0,8759
12,0.0,0.0,0.0,0.0,Building_9,8,MASAC,0.7900000214576721,True,0.0,0.0,0.0,0.5324955582618713,28,8753,0.0,0.0,-0.0,254033,0.0,2.1350696086883545,-0.48465123772621155,1.1369150876998901,1.6867049932479858,2.1350696086883545,2.1350696086883545,106,3.5932094423330696,1.0,0.15580515366680217,0.0,0.0,0.0,-0.6296117305755615,CityLearnV3MADRLRewardFunction,masac_unified_comparable_v4,E2,-0.0,1907,14.10999238843961,1.0,0.13280023767270527,0.0,8759
8,0.0,0.0,0.0,0.0,Building_10,9,MASAC,0.7900000214576721,True,0.0,0.0,0.0,0.5324955582618713,28,8753,0.0,0.0,-0.0,254033,0.0,16.451881408691406,-0.6435722708702087,8.760553359985352,12.996986389160156,16.451881408691406,16.451881408691406,78,3.4401967894540313,1.0,0.19069113974005747,0.0,0.0,0.0,-0.6296117305755615,CityLearnV3MADRLRewardFunction,masac_unified_comparable_v4,E2,-0.0,1907,14.10999238843961,1.0,0.13280023767270527,0.0,8759
5,0.0,0.0,0.0,0.0,Building_11,10,MASAC,0.7900000214576721,True,0.0,0.0,0.0,0.5324955582618713,28,8753,0.0,0.0,-0.0,254033,0.0,66.45198059082031,-0.7333712577819824,35.38538360595703,52.497066497802734,66.45198059082031,66.45198059082031,57,3.476593551233196,1.0,0.26219713740181505,0.0,0.0,0.0,-0.6296117305755615,CityLearnV3MADRLRewardFunction,masac_unified_comparable_v4,E2,-0.0,1907,14.10999238843961,1.0,0.13280023767270527,0.0,8759
5,0.0,0.0,0.0,0.0,Building_12,11,MASAC,0.7900000214576721,True,0.0,0.0,0.0,0.5324955582618713,28,8753,0.0,0.0,-0.0,254033,0.0,155.388671875,-0.7341194748878479,82.7437744140625,122.7570571899414,155.388671875,155.388671875,57,3.315419643379034,1.0,0.2520877292804551,0.0,0.0,0.0,-0.6296117305755615,CityLearnV3MADRLRewardFunction,masac_unified_comparable_v4,E2,-0.0,1907,14.10999238843961,1.0,0.13280023767270527,0.0,8759
13,0.0,0.0,0.0,0.0,Building_13,12,MASAC,0.7900000214576721,True,0.0,0.0,0.0,0.5324955582618713,28,8753,0.0,0.0,-0.0,254033,0.0,0.1047736182808876,-0.4775228798389435,0.05579148605465889,0.08277115970849991,0.1047736182808876,0.1047736182808876,113,3.5016086450909056,1.0,0.13314677155123347,0.0,0.0,0.0,-0.6296117305755615,CityLearnV3MADRLRewardFunction,masac_unified_comparable_v4,E2,-0.0,1907,14.10999238843961,1.0,0.13280023767270527,0.0,8759
6,0.0,0.0,0.0,0.0,Building_14,13,MASAC,0.7900000214576721,True,0.0,0.0,0.0,0.5324955582618713,28,8753,0.0,0.0,-0.0,254033,0.0,1.3521205186843872,-0.49263235926628113,0.7199981808662415,1.068175196647644,1.3521205186843872,1.3521205186843872,64,3.409784684016944,1.0,0.2289018896408379,0.0,0.0,0.0,-0.6296117305755615,CityLearnV3MADRLRewardFunction,masac_unified_comparable_v4,E2,-0.0,1907,14.10999238843961,1.0,0.13280023767270527,0.0,8759
10,0.0,0.0,0.0,0.0,Building_15,14,MASAC,0.7900000214576721,True,0.0,0.0,0.0,0.5324955582618713,28,8753,0.0,0.0,-0.0,254033,0.0,15.147623062133789,-0.6336790323257446,8.066041946411133,11.966622352600098,15.147623062133789,15.147623062133789,92,3.4219666333487466,1.0,0.16228982935781064,0.0,0.0,0.0,-0.6296117305755615,CityLearnV3MADRLRewardFunction,masac_unified_comparable_v4,E2,-0.0,1907,14.10999238843961,1.0,0.13280023767270527,0.0,8759
13,0.0,0.0,0.0,0.0,Building_16,15,MASAC,0.7900000214576721,True,0.0,0.0,0.0,0.5324955582618713,28,8753,0.0,0.0,-0.0,254033,0.0,11.957420349121094,-0.6078336834907532,6.367273330688477,9.446362495422363,11.957420349121094,11.957420349121094,113,3.4709450475149817,1.0,0.1320318846048507,0.0,0.0,0.0,-0.6296117305755615,CityLearnV3MADRLRewardFunction,masac_unified_comparable_v4,E2,-0.0,1907,14.10999238843961,1.0,0.13280023767270527,0.0,8759
13,0.0,0.0,0.0,0.0,Building_17,16,MASAC,0.7900000214576721,True,0.0,0.0,0.0,0.5324955582618713,28,8753,0.0,0.0,-0.0,254033,0.0,23.087642669677734,-0.680458128452301,12.2940673828125,18.239238739013672,23.087642669677734,23.087642669677734,113,3.366296403689194,1.0,0.13080154583517428,0.0,0.0,0.0,-0.6296117305755615,CityLearnV3MADRLRewardFunction,masac_unified_comparable_v4,E2,-0.0,1907,14.10999238843961,1.0,0.13280023767270527,0.0,8759
6,0.0,0.0,0.0,0.0,Building_1,0,MASAC,0.7617499828338623,False,0.0,0.0,0.0,0.5324955582618713,29,0,0.0,0.0,-0.0,254040,-0.0,0.0,-0.7242456674575806,0.0,0.0,0.0,0.0,64,3.3687602419494107,0.9829629063606262,0.2747317033354193,0.0,0.0,0.0,-0.6258478164672852,CityLearnV3MADRLRewardFunction,masac_unified_comparable_v4,E2,-0.0,1907,14.92508352300781,1.0,0.17288600041701468,0.0,7
8,0.0,0.0,0.0,0.0,Building_2,1,MASAC,0.7617499828338623,False,0.0,0.0,0.0,0.5324955582618713,29,0,0.0,0.0,-0.0,254040,-0.0,0.0,-0.48097026348114014,0.0,0.0,0.0,0.0,78,3.412179307763559,0.9829629063606262,0.22277975044189355,0.0,0.0,0.0,-0.6258478164672852,CityLearnV3MADRLRewardFunction,masac_unified_comparable_v4,E2,-0.0,1907,14.92508352300781,1.0,0.17288600041701468,0.0,7
10,1.0,0.0,-0.1,-1.0,Building_3,2,MASAC,0.7617499828338623,False,0.0,0.0,0.0,0.5324955582618713,29,0,0.0,0.0,-0.0,254040,-0.0,0.0,-0.6868377923965454,0.0,0.0,0.0,0.0,92,4.028402468518775,1.0,0.2518748091938703,0.0,0.0,0.0,-0.6258478164672852,CityLearnV3MADRLRewardFunction,masac_unified_comparable_v4,E2,-0.0,1907,14.92508352300781,1.0,0.17288600041701468,0.0,7
8,0.0,0.0,0.0,0.0,Building_4,3,MASAC,0.7617499828338623,False,0.0,0.0,0.0,0.5324955582618713,29,0,0.0,0.0,-0.0,254040,-0.0,0.0,-0.6711524724960327,0.0,0.0,0.0,0.0,78,3.482341569563229,0.9956119656562805,0.2252793917671228,0.0,0.0,0.0,-0.6258478164672852,CityLearnV3MADRLRewardFunction,masac_unified_comparable_v4,E2,-0.0,1907,14.92508352300781,1.0,0.17288600041701468,0.0,7
5,0.0,0.0,0.0,0.0,Building_5,4,MASAC,0.7617499828338623,False,0.0,0.0,0.0,0.5324955582618713,29,0,0.0,0.0,-0.0,254040,-0.0,0.0,-0.720280647277832,0.0,0.0,0.0,0.0,57,3.7162561735146236,1.0,0.3607160144469194,0.0,0.0,0.0,-0.6258478164672852,CityLearnV3MADRLRewardFunction,masac_unified_comparable_v4,E2,-0.0,1907,14.92508352300781,1.0,0.17288600041701468,0.0,7
34,0.0,0.0,0.0,0.0,Building_6,5,MASAC,0.7617499828338623,False,0.0,0.0,0.0,0.5324955582618713,29,0,0.0,0.0,-0.0,254040,-0.0,0.0,-0.7241637706756592,0.0,0.0,0.0,0.0,260,3.4217434983957866,0.9829629063606262,0.06734428589160625,0.0,0.0,0.0,-0.6258478164672852,CityLearnV3MADRLRewardFunction,masac_unified_comparable_v4,E2,-0.0,1907,14.92508352300781,1.0,0.17288600041701468,0.0,7
44,1.0,1.0,0.022727272727272728,0.0,Building_7,6,MASAC,0.7617499828338623,False,0.0,0.0,0.0,0.5324955582618713,29,0,0.0,0.0,-0.0,254040,-0.0,0.0,-0.5248851776123047,0.0,0.0,0.0,0.0,330,3.3709681776960245,0.9829629063606262,0.051623685657978056,0.0,0.0,0.0,-0.6258478164672852,CityLearnV3MADRLRewardFunction,masac_unified_comparable_v4,E2,-0.0,1907,14.92508352300781,1.0,0.17288600041701468,0.0,7
19,0.0,0.0,0.0,0.0,Building_8,7,MASAC,0.7617499828338623,False,0.0,0.0,0.0,0.5324955582618713,29,0,0.0,0.0,-0.0,254040,-0.0,0.0,-0.5102784037590027,0.0,0.0,0.0,0.0,155,3.4386420026154565,0.9829629063606262,0.11416065471787606,0.0,0.0,0.0,-0.6258478164672852,CityLearnV3MADRLRewardFunction,masac_unified_comparable_v4,E2,-0.0,1907,14.92508352300781,1.0,0.17288600041701468,0.0,7
12,1.0,1.0,0.08333333333333333,0.0,Building_9,8,MASAC,0.7617499828338623,False,0.0,0.0,0.0,0.5324955582618713,29,0,0.0,0.0,-0.0,254040,-0.0,0.0,-0.5167578458786011,0.0,0.0,0.0,0.0,106,3.46727889393287,0.9829629063606262,0.16753543326455467,0.0,0.0,0.0,-0.6258478164672852,CityLearnV3MADRLRewardFunction,masac_unified_comparable_v4,E2,-0.0,1907,14.92508352300781,1.0,0.17288600041701468,0.0,7
8,0.0,0.0,0.0,0.0,Building_10,9,MASAC,0.7617499828338623,False,0.0,0.0,0.0,0.5324955582618713,29,0,0.0,0.0,-0.0,254040,-0.0,0.0,-0.7132076025009155,0.0,0.0,0.0,0.0,78,3.361127747033117,0.9829629063606262,0.2187995369820736,0.0,0.0,0.0,-0.6258478164672852,CityLearnV3MADRLRewardFunction,masac_unified_comparable_v4,E2,-0.0,1907,14.92508352300781,1.0,0.17288600041701468,0.0,7
5,0.0,0.0,0.0,0.0,Building_11,10,MASAC,0.7617499828338623,False,0.0,0.0,0.0,0.5324955582618713,29,0,0.0,0.0,-0.0,254040,-0.0,0.0,-0.7167805433273315,0.0,0.0,0.0,0.0,57,4.048320201614463,1.0,0.4142021314616789,0.0,0.0,0.0,-0.6258478164672852,CityLearnV3MADRLRewardFunction,masac_unified_comparable_v4,E2,-0.0,1907,14.92508352300781,1.0,0.17288600041701468,0.0,7
5,0.0,0.0,0.0,0.0,Building_12,11,MASAC,0.7617499828338623,False,0.0,0.0,0.0,0.5324955582618713,29,0,0.0,0.0,-0.0,254040,-0.0,0.0,-0.7141357660293579,0.0,0.0,0.0,0.0,57,4.272977530462704,1.0,0.4641441519845996,0.0,0.0,0.0,-0.6258478164672852,CityLearnV3MADRLRewardFunction,masac_unified_comparable_v4,E2,-0.0,1907,14.92508352300781,1.0,0.17288600041701468,0.0,7
13,0.0,0.0,0.0,0.0,Building_13,12,MASAC,0.7617499828338623,False,0.0,0.0,0.0,0.5324955582618713,29,0,0.0,0.0,-0.0,254040,-0.0,0.0,-0.49704834818840027,0.0,0.0,0.0,0.0,113,3.3767486447217783,0.9829629063606262,0.15094506780130673,0.0,0.0,0.0,-0.6258478164672852,CityLearnV3MADRLRewardFunction,masac_unified_comparable_v4,E2,-0.0,1907,14.92508352300781,1.0,0.17288600041701468,0.0,7
6,0.0,0.0,0.0,0.0,Building_14,13,MASAC,0.7617499828338623,False,0.0,0.0,0.0,0.5324955582618713,29,0,0.0,0.0,-0.0,254040,-0.0,0.0,-0.5037431716918945,0.0,0.0,0.0,0.0,64,4.301349522479426,1.0,0.4186890273122117,0.0,0.0,0.0,-0.6258478164672852,CityLearnV3MADRLRewardFunction,masac_unified_comparable_v4,E2,-0.0,1907,14.92508352300781,1.0,0.17288600041701468,0.0,7
10,0.0,0.0,0.0,0.0,Building_15,14,MASAC,0.7617499828338623,False,0.0,0.0,0.0,0.5324955582618713,29,0,0.0,0.0,-0.0,254040,-0.0,0.0,-0.5275813937187195,0.0,0.0,0.0,0.0,92,3.3963388370500254,0.9829629063606262,0.18961002078393233,0.0,0.0,0.0,-0.6258478164672852,CityLearnV3MADRLRewardFunction,masac_unified_comparable_v4,E2,-0.0,1907,14.92508352300781,1.0,0.17288600041701468,0.0,7
13,0.0,0.0,0.0,0.0,Building_16,15,MASAC,0.7617499828338623,False,0.0,0.0,0.0,0.5324955582618713,29,0,0.0,0.0,-0.0,254040,-0.0,0.0,-0.7202765941619873,0.0,0.0,0.0,0.0,113,3.336309654210944,0.9829629063606262,0.14880487467862863,0.0,0.0,0.0,-0.6258478164672852,CityLearnV3MADRLRewardFunction,masac_unified_comparable_v4,E2,-0.0,1907,14.92508352300781,1.0,0.17288600041701468,0.0,7
13,0.0,0.0,0.0,0.0,Building_17,16,MASAC,0.7617499828338623,False,0.0,0.0,0.0,0.5324955582618713,29,0,0.0,0.0,-0.0,254040,-0.0,0.0,-0.6870682835578918,0.0,0.0,0.0,0.0,113,3.4883731314464144,0.9829629063606262,0.1609363912612991,0.0,0.0,0.0,-0.6258478164672852,CityLearnV3MADRLRewardFunction,masac_unified_comparable_v4,E2,-0.0,1907,14.92508352300781,1.0,0.17288600041701468,0.0,7
6,0.0,0.0,0.0,0.0,Building_1,0,MASAC,0.7900000214576721,True,0.0,0.0,0.0,0.5324955582618713,29,8752,0.0,0.0,-0.0,262792,0.0,433.45458984375,-0.8477194905281067,230.81263732910156,342.42913818359375,433.45458984375,433.45458984375,64,3.187505944085832,1.0,0.21159332455135882,0.0,0.0,0.0,-0.7918308973312378,CityLearnV3MADRLRewardFunction,masac_unified_comparable_v4,E2,-0.0,1907,13.906461388535927,1.0,0.12973281717114443,0.0,8759
8,0.0,0.0,0.0,0.0,Building_2,1,MASAC,0.7900000214576721,True,0.0,0.0,0.0,0.5324955582618713,29,8752,0.0,0.0,-0.0,262792,0.0,15.16435432434082,-0.7470934987068176,8.074951171875,11.979840278625488,15.16435432434082,15.16435432434082,78,3.410491243847313,1.0,0.18925282148978648,0.0,0.0,0.0,-0.7918308973312378,CityLearnV3MADRLRewardFunction,masac_unified_comparable_v4,E2,-0.0,1907,13.906461388535927,1.0,0.12973281717114443,0.0,8759
10,0.0,0.0,0.0,0.0,Building_3,2,MASAC,0.7900000214576721,True,0.0,0.0,0.0,0.5324955582618713,29,8752,0.0,0.0,-0.0,262792,0.0,94.53981018066406,-0.8477035760879517,50.3420295715332,74.68645477294922,94.53981018066406,94.53981018066406,92,3.3347649101473373,1.0,0.15412211596317912,0.0,0.0,0.0,-0.7918308973312378,CityLearnV3MADRLRewardFunction,masac_unified_comparable_v4,E2,-0.0,1907,13.906461388535927,1.0,0.12973281717114443,0.0,8759
8,0.0,0.0,0.0,0.0,Building_4,3,MASAC,0.7900000214576721,True,0.0,0.0,0.0,0.5324955582618713,29,8752,0.0,0.0,-0.0,262792,0.0,31.04317283630371,-0.820326030254364,16.530351638793945,24.524106979370117,31.04317283630371,31.04317283630371,78,3.3389020182824614,1.0,0.1818076545993487,0.0,0.0,0.0,-0.7918308973312378,CityLearnV3MADRLRewardFunction,masac_unified_comparable_v4,E2,-0.0,1907,13.906461388535927,1.0,0.12973281717114443,0.0,8759
5,0.0,0.0,0.0,0.0,Building_5,4,MASAC,0.7900000214576721,True,0.0,0.0,0.0,0.5324955582618713,29,8752,0.0,0.0,-0.0,262792,0.0,38.538970947265625,-0.8699818849563599,20.521831512451172,30.44578742980957,38.538970947265625,38.538970947265625,57,3.580236187658091,1.0,0.29207953967546163,0.0,0.0,0.0,-0.7918308973312378,CityLearnV3MADRLRewardFunction,masac_unified_comparable_v4,E2,-0.0,1907,13.906461388535927,1.0,0.12973281717114443,0.0,8759
34,1.0,1.0,0.029411764705882353,0.0,Building_6,5,MASAC,0.7900000214576721,True,0.0,0.0,0.0,0.5324955582618713,29,8752,0.0,0.0,-0.0,262792,0.0,362.8901062011719,-0.8486409187316895,193.23736572265625,286.6831970214844,362.8901062011719,362.8901062011719,260,3.291870788939481,1.0,0.05381345582696108,0.0,0.0,0.0,-0.7918308973312378,CityLearnV3MADRLRewardFunction,masac_unified_comparable_v4,E2,-0.0,1907,13.906461388535927,1.0,0.12973281717114443,0.0,8759
44,1.0,1.0,0.022727272727272728,0.0,Building_7,6,MASAC,0.7900000214576721,True,0.0,0.0,0.0,0.5324955582618713,29,8752,0.0,0.0,-0.0,262792,0.0,12.664111137390137,-0.7269026637077332,6.743582725524902,10.004648208618164,12.664111137390137,12.664111137390137,330,3.3910981938970197,1.0,0.04400810335170139,0.0,0.0,0.0,-0.7918308973312378,CityLearnV3MADRLRewardFunction,masac_unified_comparable_v4,E2,-0.0,1907,13.906461388535927,1.0,0.12973281717114443,0.0,8759
19,0.0,0.0,0.0,0.0,Building_8,7,MASAC,0.7900000214576721,True,0.0,0.0,0.0,0.5324955582618713,29,8752,0.0,0.0,-0.0,262792,0.0,12.065996170043945,-0.7216993570327759,6.425089359283447,9.532136917114258,12.065996170043945,12.065996170043945,155,3.468346261762909,1.0,0.09718162100161276,0.0,0.0,0.0,-0.7918308973312378,CityLearnV3MADRLRewardFunction,masac_unified_comparable_v4,E2,-0.0,1907,13.906461388535927,1.0,0.12973281717114443,0.0,8759
12,0.0,0.0,0.0,0.0,Building_9,8,MASAC,0.7900000214576721,True,0.0,0.0,0.0,0.5324955582618713,29,8752,0.0,0.0,-0.0,262792,0.0,2.290161371231079,-0.5994108319282532,1.2195007801055908,1.8092275857925415,2.290161371231079,2.290161371231079,106,3.541469795032662,1.0,0.15210886679168018,0.0,0.0,0.0,-0.7918308973312378,CityLearnV3MADRLRewardFunction,masac_unified_comparable_v4,E2,-0.0,1907,13.906461388535927,1.0,0.12973281717114443,0.0,8759
8,0.0,0.0,0.0,0.0,Building_10,9,MASAC,0.7900000214576721,True,0.0,0.0,0.0,0.5324955582618713,29,8752,0.0,0.0,-0.0,262792,0.0,51.649574279785156,-0.8429056406021118,27.5031681060791,40.803165435791016,51.649574279785156,51.649574279785156,78,3.3863105884078726,1.0,0.18632345493787375,0.0,0.0,0.0,-0.7918308973312378,CityLearnV3MADRLRewardFunction,masac_unified_comparable_v4,E2,-0.0,1907,13.906461388535927,1.0,0.12973281717114443,0.0,8759
5,0.0,0.0,0.0,0.0,Building_11,10,MASAC,0.7900000214576721,True,0.0,0.0,0.0,0.5324955582618713,29,8752,0.0,0.0,-0.0,262792,0.0,71.54803466796875,-0.8454132080078125,38.0990104675293,56.52294921875,71.54803466796875,71.54803466796875,57,3.283172490395136,1.0,0.24471203597229824,0.0,0.0,0.0,-0.7918308973312378,CityLearnV3MADRLRewardFunction,masac_unified_comparable_v4,E2,-0.0,1907,13.906461388535927,1.0,0.12973281717114443,0.0,8759
5,0.0,0.0,0.0,0.0,Building_12,11,MASAC,0.7900000214576721,True,0.0,0.0,0.0,0.5324955582618713,29,8752,0.0,0.0,-0.0,262792,0.0,215.11593627929688,-0.8486018180847168,114.54827880859375,169.94158935546875,215.11593627929688,215.11593627929688,57,3.3646431899649794,1.0,0.2547228495802796,0.0,0.0,0.0,-0.7918308973312378,CityLearnV3MADRLRewardFunction,masac_unified_comparable_v4,E2,-0.0,1907,13.906461388535927,1.0,0.12973281717114443,0.0,8759
13,0.0,0.0,0.0,0.0,Building_13,12,MASAC,0.7900000214576721,True,0.0,0.0,0.0,0.5324955582618713,29,8752,0.0,0.0,-0.0,262792,0.0,2.033022403717041,-0.6137720942497253,1.0825754404067993,1.6060876846313477,2.033022403717041,2.033022403717041,113,3.390787424548255,1.0,0.12748436708893396,0.0,0.0,0.0,-0.7918308973312378,CityLearnV3MADRLRewardFunction,masac_unified_comparable_v4,E2,-0.0,1907,13.906461388535927,1.0,0.12973281717114443,0.0,8759
6,1.0,1.0,0.16666666666666666,0.0,Building_14,13,MASAC,0.7900000214576721,True,45.112091064453125,0.0,0.0,0.5324955582618713,29,8752,0.0,0.0,-0.0,262792,0.0,47.72704315185547,-0.870151937007904,25.414438247680664,37.70436477661133,47.72704315185547,2.6149520874023438,64,3.2639877192916633,1.0,0.2152618921827525,0.0,0.0,0.0,-0.7918308973312378,CityLearnV3MADRLRewardFunction,masac_unified_comparable_v4,E2,-0.0,1907,13.906461388535927,1.0,0.12973281717114443,0.0,8759
10,0.0,0.0,0.0,0.0,Building_15,14,MASAC,0.7900000214576721,True,0.0,0.0,0.0,0.5324955582618713,29,8752,0.0,0.0,-0.0,262792,0.0,19.521480560302734,-0.7759698629379272,10.395101547241211,15.42197036743164,19.521480560302734,19.521480560302734,92,3.4512257980840326,1.0,0.16320256678306538,0.0,0.0,0.0,-0.7918308973312378,CityLearnV3MADRLRewardFunction,masac_unified_comparable_v4,E2,-0.0,1907,13.906461388535927,1.0,0.12973281717114443,0.0,8759
13,0.0,0.0,0.0,0.0,Building_16,15,MASAC,0.7900000214576721,True,0.0,0.0,0.0,0.5324955582618713,29,8752,0.0,0.0,-0.0,262792,0.0,54.89390563964844,-0.8440356850624084,29.23076057434082,43.366188049316406,54.89390563964844,54.89390563964844,113,3.3676392912531474,1.0,0.12675530938184368,0.0,0.0,0.0,-0.7918308973312378,CityLearnV3MADRLRewardFunction,masac_unified_comparable_v4,E2,-0.0,1907,13.906461388535927,1.0,0.12973281717114443,0.0,8759
13,0.0,0.0,0.0,0.0,Building_17,16,MASAC,0.7900000214576721,True,0.0,0.0,0.0,0.5324955582618713,29,8752,0.0,0.0,-0.0,262792,0.0,22.46647071838379,-0.7907969951629639,11.963295936584473,17.748512268066406,22.46647071838379,22.46647071838379,113,3.2608987385935473,1.0,0.1227049699663061,0.0,0.0,0.0,-0.7918308973312378,CityLearnV3MADRLRewardFunction,masac_unified_comparable_v4,E2,-0.0,1907,13.906461388535927,1.0,0.12973281717114443,0.0,8759
6,0.0,0.0,0.0,0.0,Building_1,0,MASAC,0.7615389823913574,False,0.0,0.0,0.0,0.5324955582618713,30,0,0.0,0.0,-0.0,262800,-0.0,0.0,-0.8624751567840576,0.0,0.0,0.0,0.0,64,3.1661363163977883,1.0,0.23749964451417327,0.0,0.0,0.0,-0.8113158345222473,CityLearnV3MADRLRewardFunction,masac_unified_comparable_v4,E2,-0.0,1907,14.24626483166995,1.0,0.1560465373967173,0.0,8
8,1.0,1.0,0.125,0.0,Building_2,1,MASAC,0.7615389823913574,False,0.0,0.0,0.0,0.5324955582618713,30,0,0.0,0.0,-0.0,262800,-0.0,0.0,-0.7148979306221008,0.0,0.0,0.0,0.0,78,3.1829985935525893,1.0,0.19099749588909057,0.0,0.0,0.0,-0.8113158345222473,CityLearnV3MADRLRewardFunction,masac_unified_comparable_v4,E2,-0.0,1907,14.24626483166995,1.0,0.1560465373967173,0.0,8
10,0.0,0.0,0.0,0.0,Building_3,2,MASAC,0.7615389823913574,False,0.0,0.0,0.0,0.5324955582618713,30,0,0.0,0.0,-0.0,262800,-0.0,0.0,-0.8933406472206116,0.0,0.0,0.0,0.0,92,4.267073918154127,1.0,0.2801855479610031,0.0,0.0,0.0,-0.8113158345222473,CityLearnV3MADRLRewardFunction,masac_unified_comparable_v4,E2,-0.0,1907,14.24626483166995,1.0,0.1560465373967173,0.0,8
8,1.0,1.0,0.125,0.0,Building_4,3,MASAC,0.7615389823913574,False,0.0,0.0,0.0,0.5324955582618713,30,0,0.0,0.0,-0.0,262800,-0.0,0.0,-0.8458770513534546,0.0,0.0,0.0,0.0,78,3.1599436779412,1.0,0.1916814626266177,0.0,0.0,0.0,-0.8113158345222473,CityLearnV3MADRLRewardFunction,masac_unified_comparable_v4,E2,-0.0,1907,14.24626483166995,1.0,0.1560465373967173,0.0,8
5,0.0,0.0,0.0,0.0,Building_5,4,MASAC,0.7615389823913574,False,0.0,0.0,0.0,0.5324955582618713,30,0,0.0,0.0,-0.0,262800,-0.0,0.0,-0.854694664478302,0.0,0.0,0.0,0.0,57,3.530904738023685,1.0,0.3221018912041919,0.0,0.0,0.0,-0.8113158345222473,CityLearnV3MADRLRewardFunction,masac_unified_comparable_v4,E2,-0.0,1907,14.24626483166995,1.0,0.1560465373967173,0.0,8
34,0.0,0.0,0.0,0.0,Building_6,5,MASAC,0.7615389823913574,False,0.0,0.0,0.0,0.5324955582618713,30,0,0.0,0.0,-0.0,262800,-0.0,0.0,-0.8624105453491211,0.0,0.0,0.0,0.0,260,3.155000795757639,1.0,0.05810592908842059,0.0,0.0,0.0,-0.8113158345222473,CityLearnV3MADRLRewardFunction,masac_unified_comparable_v4,E2,-0.0,1907,14.24626483166995,1.0,0.1560465373967173,0.0,8
44,1.0,0.0,-0.022727272727272728,-1.0,Building_7,6,MASAC,0.7615389823913574,False,0.0,0.0,0.0,0.5324955582618713,30,0,0.0,0.0,-0.0,262800,-0.0,0.0,-0.8468438982963562,0.0,0.0,0.0,0.0,330,3.1735113047977617,1.0,0.04584812075464111,0.0,0.0,0.0,-0.8113158345222473,CityLearnV3MADRLRewardFunction,masac_unified_comparable_v4,E2,-0.0,1907,14.24626483166995,1.0,0.1560465373967173,0.0,8
19,0.0,0.0,0.0,0.0,Building_8,7,MASAC,0.7615389823913574,False,0.0,0.0,0.0,0.5324955582618713,30,0,0.0,0.0,-0.0,262800,-0.0,0.0,-0.7816858291625977,0.0,0.0,0.0,0.0,155,3.1787441776301,1.0,0.09646387957036495,0.0,0.0,0.0,-0.8113158345222473,CityLearnV3MADRLRewardFunction,masac_unified_comparable_v4,E2,-0.0,1907,14.24626483166995,1.0,0.1560465373967173,0.0,8
12,0.0,0.0,0.0,0.0,Building_9,8,MASAC,0.7615389823913574,False,0.0,0.0,0.0,0.5324955582618713,30,0,0.0,0.0,-0.0,262800,-0.0,0.0,-0.674139678478241,0.0,0.0,0.0,0.0,106,3.3220764382287737,1.0,0.152074426922174,0.0,0.0,0.0,-0.8113158345222473,CityLearnV3MADRLRewardFunction,masac_unified_comparable_v4,E2,-0.0,1907,14.24626483166995,1.0,0.1560465373967173,0.0,8
8,0.0,0.0,0.0,0.0,Building_10,9,MASAC,0.7615389823913574,False,0.0,0.0,0.0,0.5324955582618713,30,0,0.0,0.0,-0.0,262800,-0.0,0.0,-0.8596047759056091,0.0,0.0,0.0,0.0,78,3.1836851701762225,1.0,0.19481796885912234,0.0,0.0,0.0,-0.8113158345222473,CityLearnV3MADRLRewardFunction,masac_unified_comparable_v4,E2,-0.0,1907,14.24626483166995,1.0,0.1560465373967173,0.0,8
5,0.0,0.0,0.0,0.0,Building_11,10,MASAC,0.7615389823913574,False,0.0,0.0,0.0,0.5324955582618713,30,0,0.0,0.0,-0.0,262800,-0.0,0.0,-0.8488396406173706,0.0,0.0,0.0,0.0,57,3.8962366448866512,1.0,0.3833716987844622,0.0,0.0,0.0,-0.8113158345222473,CityLearnV3MADRLRewardFunction,masac_unified_comparable_v4,E2,-0.0,1907,14.24626483166995,1.0,0.1560465373967173,0.0,8
5,1.0,1.0,0.2,0.0,Building_12,11,MASAC,0.7615389823913574,False,0.0,0.0,0.0,0.5324955582618713,30,0,0.0,0.0,-0.0,262800,-0.0,0.0,-0.8586066961288452,0.0,0.0,0.0,0.0,57,4.124433219237585,1.0,0.42646875340295465,0.0,0.0,0.0,-0.8113158345222473,CityLearnV3MADRLRewardFunction,masac_unified_comparable_v4,E2,-0.0,1907,14.24626483166995,1.0,0.1560465373967173,0.0,8
13,0.0,0.0,0.0,0.0,Building_13,12,MASAC,0.7615389823913574,False,0.0,0.0,0.0,0.5324955582618713,30,0,0.0,0.0,-0.0,262800,-0.0,0.0,-0.7170703411102295,0.0,0.0,0.0,0.0,113,3.169145433632666,1.0,0.13130441388791114,0.0,0.0,0.0,-0.8113158345222473,CityLearnV3MADRLRewardFunction,masac_unified_comparable_v4,E2,-0.0,1907,14.24626483166995,1.0,0.1560465373967173,0.0,8
6,0.0,0.0,0.0,0.0,Building_14,13,MASAC,0.7615389823913574,False,0.0,0.0,0.0,0.5324955582618713,30,0,0.0,0.0,-0.0,262800,-0.0,0.0,-0.642397940158844,0.0,0.0,0.0,0.0,64,4.171981005639714,1.0,0.38466199769754894,0.0,0.0,0.0,-0.8113158345222473,CityLearnV3MADRLRewardFunction,masac_unified_comparable_v4,E2,-0.0,1907,14.24626483166995,1.0,0.1560465373967173,0.0,8
10,0.0,0.0,0.0,0.0,Building_15,14,MASAC,0.7615389823913574,False,0.0,0.0,0.0,0.5324955582618713,30,0,0.0,0.0,-0.0,262800,-0.0,0.0,-0.8352306485176086,0.0,0.0,0.0,0.0,92,3.234538524018539,1.0,0.16820515494834146,0.0,0.0,0.0,-0.8113158345222473,CityLearnV3MADRLRewardFunction,masac_unified_comparable_v4,E2,-0.0,1907,14.24626483166995,1.0,0.1560465373967173,0.0,8
13,0.0,0.0,0.0,0.0,Building_16,15,MASAC,0.7615389823913574,False,0.0,0.0,0.0,0.5324955582618713,30,0,0.0,0.0,-0.0,262800,-0.0,0.0,-0.8582719564437866,0.0,0.0,0.0,0.0,113,3.1507692295616248,1.0,0.13060456067653356,0.0,0.0,0.0,-0.8113158345222473,CityLearnV3MADRLRewardFunction,masac_unified_comparable_v4,E2,-0.0,1907,14.24626483166995,1.0,0.1560465373967173,0.0,8
13,0.0,0.0,0.0,0.0,Building_17,16,MASAC,0.7615389823913574,False,0.0,0.0,0.0,0.5324955582618713,30,0,0.0,0.0,-0.0,262800,-0.0,0.0,-0.8359812498092651,0.0,0.0,0.0,0.0,113,3.287543875697941,1.0,0.14194740719302038,0.0,0.0,0.0,-0.8113158345222473,CityLearnV3MADRLRewardFunction,masac_unified_comparable_v4,E2,-0.0,1907,14.24626483166995,1.0,0.1560465373967173,0.0,8
6,0.0,0.0,0.0,0.0,Building_1,0,MASAC,0.7900000214576721,True,0.0,0.0,0.0,0.5324955582618713,30,8751,0.0,0.0,-0.0,271551,0.0,446.8856201171875,-0.8162155747413635,237.96461486816406,353.0396423339844,446.8856201171875,446.8856201171875,64,3.383710107217502,1.0,0.23802789393812418,0.0,0.0,0.0,-0.7443792223930359,CityLearnV3MADRLRewardFunction,masac_unified_comparable_v4,E2,-0.0,1907,14.576630786305738,1.0,0.14261547464332344,0.0,8759
8,0.0,0.0,0.0,0.0,Building_2,1,MASAC,0.7900000214576721,True,0.0,0.0,0.0,0.5324955582618713,30,8751,0.0,0.0,-0.0,271551,0.0,5.618855953216553,-0.6235300302505493,2.992015838623047,4.438896179199219,5.618855953216553,5.618855953216553,78,3.5964456470852286,1.0,0.20521800754926142,0.0,0.0,0.0,-0.7443792223930359,CityLearnV3MADRLRewardFunction,masac_unified_comparable_v4,E2,-0.0,1907,14.576630786305738,1.0,0.14261547464332344,0.0,8759
10,0.0,0.0,0.0,0.0,Building_3,2,MASAC,0.7900000214576721,True,0.0,0.0,0.0,0.5324955582618713,30,8751,0.0,0.0,-0.0,271551,0.0,98.17061614990234,-0.8155375123023987,52.27541732788086,77.5547866821289,98.17061614990234,98.17061614990234,92,3.5208680967241306,1.0,0.17074768277614014,0.0,0.0,0.0,-0.7443792223930359,CityLearnV3MADRLRewardFunction,masac_unified_comparable_v4,E2,-0.0,1907,14.576630786305738,1.0,0.14261547464332344,0.0,8759
8,1.0,1.0,0.125,0.0,Building_4,3,MASAC,0.7900000214576721,True,0.0,0.0,0.0,0.5324955582618713,30,8751,0.0,0.0,-0.0,271551,0.0,28.84416961669922,-0.7822484374046326,15.359392166137695,22.786893844604492,28.84416961669922,28.84416961669922,78,3.4916037880195137,1.0,0.1997287074724833,0.0,0.0,0.0,-0.7443792223930359,CityLearnV3MADRLRewardFunction,masac_unified_comparable_v4,E2,-0.0,1907,14.576630786305738,1.0,0.14261547464332344,0.0,8759
5,0.0,0.0,0.0,0.0,Building_5,4,MASAC,0.7900000214576721,True,0.0,0.0,0.0,0.5324955582618713,30,8751,0.0,0.0,-0.0,271551,0.0,37.89287567138672,-0.8359532952308655,20.17778778076172,29.935373306274414,37.89287567138672,37.89287567138672,57,3.6418185949212902,1.0,0.30973456015712336,0.0,0.0,0.0,-0.7443792223930359,CityLearnV3MADRLRewardFunction,masac_unified_comparable_v4,E2,-0.0,1907,14.576630786305738,1.0,0.14261547464332344,0.0,8759
34,0.0,0.0,0.0,0.0,Building_6,5,MASAC,0.7900000214576721,True,0.0,0.0,0.0,0.5324955582618713,30,8751,0.0,0.0,-0.0,271551,0.0,350.8894348144531,-0.8162935972213745,186.84706115722656,277.2026672363281,350.8894348144531,350.8894348144531,260,3.4752645224032688,1.0,0.05966107340959402,0.0,0.0,0.0,-0.7443792223930359,CityLearnV3MADRLRewardFunction,masac_unified_comparable_v4,E2,-0.0,1907,14.576630786305738,1.0,0.14261547464332344,0.0,8759
44,1.0,0.0,-0.022727272727272728,-1.0,Building_7,6,MASAC,0.7900000214576721,True,0.0,0.0,0.0,0.5324955582618713,30,8751,0.0,0.0,-0.0,271551,0.0,18.66022491455078,-0.7381354570388794,9.936487197875977,14.741578102111816,18.66022491455078,18.66022491455078,330,3.47832692319519,1.0,0.04742497666315599,0.0,0.0,0.0,-0.7443792223930359,CityLearnV3MADRLRewardFunction,masac_unified_comparable_v4,E2,-0.0,1907,14.576630786305738,1.0,0.14261547464332344,0.0,8759
19,0.0,0.0,0.0,0.0,Building_8,7,MASAC,0.7900000214576721,True,0.0,0.0,0.0,0.5324955582618713,30,8751,0.0,0.0,-0.0,271551,0.0,19.251495361328125,-0.7417338490486145,10.251336097717285,15.2086820602417,19.251495361328125,19.251495361328125,155,3.6319169102835276,1.0,0.10686348022953157,0.0,0.0,0.0,-0.7443792223930359,CityLearnV3MADRLRewardFunction,masac_unified_comparable_v4,E2,-0.0,1907,14.576630786305738,1.0,0.14261547464332344,0.0,8759
12,0.0,0.0,0.0,0.0,Building_9,8,MASAC,0.7900000214576721,True,0.0,0.0,0.0,0.5324955582618713,30,8751,0.0,0.0,-0.0,271551,0.0,2.4506425857543945,-0.5689588189125061,1.304956316947937,1.9360077381134033,2.4506425857543945,2.4506425857543945,106,3.694823625084191,1.0,0.16645315500362864,0.0,0.0,0.0,-0.7443792223930359,CityLearnV3MADRLRewardFunction,masac_unified_comparable_v4,E2,-0.0,1907,14.576630786305738,1.0,0.14261547464332344,0.0,8759
8,0.0,0.0,0.0,0.0,Building_10,9,MASAC,0.7900000214576721,True,0.0,0.0,0.0,0.5324955582618713,30,8751,0.0,0.0,-0.0,271551,0.0,34.33414077758789,-0.7945941686630249,18.282777786254883,27.123971939086914,34.33414077758789,34.33414077758789,78,3.5329236591750437,1.0,0.20296051534704673,0.0,0.0,0.0,-0.7443792223930359,CityLearnV3MADRLRewardFunction,masac_unified_comparable_v4,E2,-0.0,1907,14.576630786305738,1.0,0.14261547464332344,0.0,8759
5,0.0,0.0,0.0,0.0,Building_11,10,MASAC,0.7900000214576721,True,0.0,0.0,0.0,0.5324955582618713,30,8751,0.0,0.0,-0.0,271551,0.0,57.917564392089844,-0.8103929162025452,30.840845108032227,45.754878997802734,57.917564392089844,57.917564392089844,57,3.427652486810703,1.0,0.26488239043637324,0.0,0.0,0.0,-0.7443792223930359,CityLearnV3MADRLRewardFunction,masac_unified_comparable_v4,E2,-0.0,1907,14.576630786305738,1.0,0.14261547464332344,0.0,8759
5,0.0,0.0,0.0,0.0,Building_12,11,MASAC,0.7900000214576721,True,0.0,0.0,0.0,0.5324955582618713,30,8751,0.0,0.0,-0.0,271551,0.0,182.6020965576172,-0.8161744475364685,97.23480224609375,144.2556610107422,182.6020965576172,182.6020965576172,57,3.5043320246422183,1.0,0.2744707988019575,0.0,0.0,0.0,-0.7443792223930359,CityLearnV3MADRLRewardFunction,masac_unified_comparable_v4,E2,-0.0,1907,14.576630786305738,1.0,0.14261547464332344,0.0,8759
13,0.0,0.0,0.0,0.0,Building_13,12,MASAC,0.7900000214576721,True,0.0,0.0,0.0,0.5324955582618713,30,8751,0.0,0.0,-0.0,271551,0.0,2.789367437362671,-0.5904919505119324,1.485325813293457,2.2036004066467285,2.789367437362671,2.789367437362671,113,3.5535939483641745,1.0,0.14029007306141136,0.0,0.0,0.0,-0.7443792223930359,CityLearnV3MADRLRewardFunction,masac_unified_comparable_v4,E2,-0.0,1907,14.576630786305738,1.0,0.14261547464332344,0.0,8759
6,0.0,0.0,0.0,0.0,Building_14,13,MASAC,0.7900000214576721,True,0.0,0.0,0.0,0.5324955582618713,30,8751,0.0,0.0,-0.0,271551,0.0,2.485826015472412,-0.5868664383888245,1.3236913681030273,1.9638025760650635,2.485826015472412,2.485826015472412,64,3.5399319517587173,1.0,0.24665657430887222,0.0,0.0,0.0,-0.7443792223930359,CityLearnV3MADRLRewardFunction,masac_unified_comparable_v4,E2,-0.0,1907,14.576630786305738,1.0,0.14261547464332344,0.0,8759
10,0.0,0.0,0.0,0.0,Building_15,14,MASAC,0.7900000214576721,True,0.0,0.0,0.0,0.5324955582618713,30,8751,0.0,0.0,-0.0,271551,0.0,20.5941162109375,-0.7490793466567993,10.966275215148926,16.269351959228516,20.5941162109375,20.5941162109375,92,3.5411016991708992,1.0,0.175001492642838,0.0,0.0,0.0,-0.7443792223930359,CityLearnV3MADRLRewardFunction,masac_unified_comparable_v4,E2,-0.0,1907,14.576630786305738,1.0,0.14261547464332344,0.0,8759
13,0.0,0.0,0.0,0.0,Building_16,15,MASAC,0.7900000214576721,True,0.0,0.0,0.0,0.5324955582618713,30,8751,0.0,0.0,-0.0,271551,0.0,103.13050842285156,-0.8154668211936951,54.91653823852539,81.47310638427734,103.13050842285156,103.13050842285156,113,3.529262194714594,1.0,0.14189753542959163,0.0,0.0,0.0,-0.7443792223930359,CityLearnV3MADRLRewardFunction,masac_unified_comparable_v4,E2,-0.0,1907,14.576630786305738,1.0,0.14261547464332344,0.0,8759
13,0.0,0.0,0.0,0.0,Building_17,16,MASAC,0.7900000214576721,True,0.0,0.0,0.0,0.5324955582618713,30,8751,0.0,0.0,-0.0,271551,0.0,21.1981143951416,-0.7527746558189392,11.287901878356934,16.746511459350586,21.1981143951416,21.1981143951416,113,3.543994773858404,1.0,0.14218601188828459,0.0,0.0,0.0,-0.7443792223930359,CityLearnV3MADRLRewardFunction,masac_unified_comparable_v4,E2,-0.0,1907,14.576630786305738,1.0,0.14261547464332344,0.0,8759
6,0.0,0.0,0.0,0.0,Building_1,0,MASAC,0.7900000214576721,False,0.0,0.0,0.0,0.5324955582618713,31,0,0.0,0.0,-0.0,271560,-0.0,0.0,-0.6431117057800293,0.0,0.0,0.0,0.0,64,3.4084758943296922,1.0,0.23575288383290172,0.0,0.0,0.0,-0.5193212628364563,CityLearnV3MADRLRewardFunction,masac_unified_comparable_v4,E2,-0.0,1907,14.552997806376073,1.0,0.13851724676377622,0.0,1
8,0.0,0.0,0.0,0.0,Building_2,1,MASAC,0.7900000214576721,False,0.0,0.0,0.0,0.5324955582618713,31,0,0.0,0.0,-0.0,271560,-0.0,0.0,-0.3915947377681732,0.0,0.0,0.0,0.0,78,3.5391858068532662,1.0,0.1970755893450517,0.0,0.0,0.0,-0.5193212628364563,CityLearnV3MADRLRewardFunction,masac_unified_comparable_v4,E2,-0.0,1907,14.552997806376073,1.0,0.13851724676377622,0.0,1
10,0.0,0.0,0.0,0.0,Building_3,2,MASAC,0.7900000214576721,False,0.0,0.0,0.0,0.5324955582618713,31,0,0.0,0.0,-0.0,271560,-0.0,0.0,-0.596118152141571,0.0,0.0,0.0,0.0,92,3.6032511935247538,1.0,0.17525063916716888,0.0,0.0,0.0,-0.5193212628364563,CityLearnV3MADRLRewardFunction,masac_unified_comparable_v4,E2,-0.0,1907,14.552997806376073,1.0,0.13851724676377622,0.0,1
8,0.0,0.0,0.0,0.0,Building_4,3,MASAC,0.7900000214576721,False,0.0,0.0,0.0,0.5324955582618713,31,0,0.0,0.0,-0.0,271560,-0.0,0.0,-0.5696827173233032,0.0,0.0,0.0,0.0,78,3.4682909177335155,1.0,0.19324687276131067,0.0,0.0,0.0,-0.5193212628364563,CityLearnV3MADRLRewardFunction,masac_unified_comparable_v4,E2,-0.0,1907,14.552997806376073,1.0,0.13851724676377622,0.0,1
5,0.0,0.0,0.0,0.0,Building_5,4,MASAC,0.7900000214576721,False,0.0,0.0,0.0,0.5324955582618713,31,0,0.0,0.0,-0.0,271560,-0.0,0.0,-0.6332944631576538,0.0,0.0,0.0,0.0,57,3.5455589984164826,1.0,0.27769984448688073,0.0,0.0,0.0,-0.5193212628364563,CityLearnV3MADRLRewardFunction,masac_unified_comparable_v4,E2,-0.0,1907,14.552997806376073,1.0,0.13851724676377622,0.0,1
34,1.0,1.0,0.029411764705882353,0.0,Building_6,5,MASAC,0.7900000214576721,False,0.0,0.0,0.0,0.5324955582618713,31,0,0.0,0.0,-0.0,271560,-0.0,0.0,-0.642471194267273,0.0,0.0,0.0,0.0,260,3.455121904685256,1.0,0.05809566129285556,0.0,0.0,0.0,-0.5193212628364563,CityLearnV3MADRLRewardFunction,masac_unified_comparable_v4,E2,-0.0,1907,14.552997806376073,1.0,0.13851724676377622,0.0,1
44,0.0,0.0,0.0,0.0,Building_7,6,MASAC,0.7900000214576721,False,0.0,0.0,0.0,0.5324955582618713,31,0,0.0,0.0,-0.0,271560,-0.0,0.0,-0.41109952330589294,0.0,0.0,0.0,0.0,330,3.5193643385838613,1.0,0.046388583743211,0.0,0.0,0.0,-0.5193212628364563,CityLearnV3MADRLRewardFunction,masac_unified_comparable_v4,E2,-0.0,1907,14.552997806376073,1.0,0.13851724676377622,0.0,1
19,0.0,0.0,0.0,0.0,Building_8,7,MASAC,0.7900000214576721,False,0.0,0.0,0.0,0.5324955582618713,31,0,0.0,0.0,-0.0,271560,-0.0,0.0,-0.3964252471923828,0.0,0.0,0.0,0.0,155,3.538013100213517,1.0,0.09923229217529297,0.0,0.0,0.0,-0.5193212628364563,CityLearnV3MADRLRewardFunction,masac_unified_comparable_v4,E2,-0.0,1907,14.552997806376073,1.0,0.13851724676377622,0.0,1
12,0.0,0.0,0.0,0.0,Building_9,8,MASAC,0.7900000214576721,False,0.0,0.0,0.0,0.5324955582618713,31,0,0.0,0.0,-0.0,271560,-0.0,0.0,-0.41996389627456665,0.0,0.0,0.0,0.0,106,3.648578886640267,1.0,0.15386552947028628,0.0,0.0,0.0,-0.5193212628364563,CityLearnV3MADRLRewardFunction,masac_unified_comparable_v4,E2,-0.0,1907,14.552997806376073,1.0,0.13851724676377622,0.0,1
8,0.0,0.0,0.0,0.0,Building_10,9,MASAC,0.7900000214576721,False,0.0,0.0,0.0,0.5324955582618713,31,0,0.0,0.0,-0.0,271560,-0.0,0.0,-0.6060099005699158,0.0,0.0,0.0,0.0,78,3.496215451128489,1.0,0.19549087731119913,0.0,0.0,0.0,-0.5193212628364563,CityLearnV3MADRLRewardFunction,masac_unified_comparable_v4,E2,-0.0,1907,14.552997806376073,1.0,0.13851724676377622,0.0,1
5,0.0,0.0,0.0,0.0,Building_11,10,MASAC,0.7900000214576721,False,0.0,0.0,0.0,0.5324955582618713,31,0,0.0,0.0,-0.0,271560,-0.0,0.0,-0.6393047571182251,0.0,0.0,0.0,0.0,57,3.627016482497293,1.0,0.2845742824046235,0.0,0.0,0.0,-0.5193212628364563,CityLearnV3MADRLRewardFunction,masac_unified_comparable_v4,E2,-0.0,1907,14.552997806376073,1.0,0.13851724676377622,0.0,1
5,0.0,0.0,0.0,0.0,Building_12,11,MASAC,0.7900000214576721,False,0.0,0.0,0.0,0.5324955582618713,31,0,0.0,0.0,-0.0,271560,-0.0,0.0,-0.6422426700592041,0.0,0.0,0.0,0.0,57,3.5853156671144046,1.0,0.2815085415515983,0.0,0.0,0.0,-0.5193212628364563,CityLearnV3MADRLRewardFunction,masac_unified_comparable_v4,E2,-0.0,1907,14.552997806376073,1.0,0.13851724676377622,0.0,1
13,0.0,0.0,0.0,0.0,Building_13,12,MASAC,0.7900000214576721,False,0.0,0.0,0.0,0.5324955582618713,31,0,0.0,0.0,-0.0,271560,-0.0,0.0,-0.3983916640281677,0.0,0.0,0.0,0.0,113,3.5260583957963973,1.0,0.13573364715660569,0.0,0.0,0.0,-0.5193212628364563,CityLearnV3MADRLRewardFunction,masac_unified_comparable_v4,E2,-0.0,1907,14.552997806376073,1.0,0.13851724676377622,0.0,1
6,0.0,0.0,0.0,0.0,Building_14,13,MASAC,0.7900000214576721,False,0.0,0.0,0.0,0.5324955582618713,31,0,0.0,0.0,-0.0,271560,-0.0,0.0,-0.40725210309028625,0.0,0.0,0.0,0.0,64,3.502813336128571,1.0,0.2381519740447402,0.0,0.0,0.0,-0.5193212628364563,CityLearnV3MADRLRewardFunction,masac_unified_comparable_v4,E2,-0.0,1907,14.552997806376073,1.0,0.13851724676377622,0.0,1
10,1.0,1.0,0.1,0.0,Building_15,14,MASAC,0.7900000214576721,False,0.0,0.0,0.0,0.5324955582618713,31,0,0.0,0.0,-0.0,271560,-0.0,0.0,-0.4188021719455719,0.0,0.0,0.0,0.0,92,3.5416362400020085,1.0,0.16798208483859248,0.0,0.0,0.0,-0.5193212628364563,CityLearnV3MADRLRewardFunction,masac_unified_comparable_v4,E2,-0.0,1907,14.552997806376073,1.0,0.13851724676377622,0.0,1
13,0.0,0.0,0.0,0.0,Building_16,15,MASAC,0.7900000214576721,False,0.0,0.0,0.0,0.5324955582618713,31,0,0.0,0.0,-0.0,271560,-0.0,0.0,-0.6364224553108215,0.0,0.0,0.0,0.0,113,3.432429264126495,1.0,0.13223498347586235,0.0,0.0,0.0,-0.5193212628364563,CityLearnV3MADRLRewardFunction,masac_unified_comparable_v4,E2,-0.0,1907,14.552997806376073,1.0,0.13851724676377622,0.0,1
13,1.0,0.0,-0.07692307692307693,-1.0,Building_17,16,MASAC,0.7900000214576721,False,0.0,0.0,0.0,0.5324955582618713,31,0,0.0,0.0,-0.0,271560,-0.0,0.0,-0.37627512216567993,0.0,0.0,0.0,0.0,113,3.5564712301139623,1.0,0.14222747120445808,0.0,0.0,0.0,-0.5193212628364563,CityLearnV3MADRLRewardFunction,masac_unified_comparable_v4,E2,-0.0,1907,14.552997806376073,1.0,0.13851724676377622,0.0,1
6,1.0,1.0,0.16666666666666666,0.0,Building_1,0,MASAC,0.7900000214576721,True,0.0,0.0,0.0,0.5324955582618713,31,8758,0.0,0.0,-0.0,280318,0.0,433.45458984375,-0.8166598081588745,230.81263732910156,342.42913818359375,433.45458984375,433.45458984375,64,3.283521947005973,1.0,0.22117482009343803,0.0,0.0,0.0,-0.7447378039360046,CityLearnV3MADRLRewardFunction,masac_unified_comparable_v4,E2,-0.0,1907,13.795905154412848,1.0,0.1284253321525528,0.0,8759
8,0.0,0.0,0.0,0.0,Building_2,1,MASAC,0.7900000214576721,True,0.0,0.0,0.0,0.5324955582618713,31,8758,0.0,0.0,-0.0,280318,0.0,15.16435432434082,-0.715110719203949,8.074951171875,11.979840278625488,15.16435432434082,15.16435432434082,78,3.410499348650354,1.0,0.1892532371939757,0.0,0.0,0.0,-0.7447378039360046,CityLearnV3MADRLRewardFunction,masac_unified_comparable_v4,E2,-0.0,1907,13.795905154412848,1.0,0.1284253321525528,0.0,8759
10,0.0,0.0,0.0,0.0,Building_3,2,MASAC,0.7900000214576721,True,0.0,0.0,0.0,0.5324955582618713,31,8758,0.0,0.0,-0.0,280318,0.0,94.53981018066406,-0.8131883144378662,50.3420295715332,74.68645477294922,94.53981018066406,94.53981018066406,92,3.2055888394493683,1.0,0.1461529461262019,0.0,0.0,0.0,-0.7447378039360046,CityLearnV3MADRLRewardFunction,masac_unified_comparable_v4,E2,-0.0,1907,13.795905154412848,1.0,0.1284253321525528,0.0,8759
8,0.0,0.0,0.0,0.0,Building_4,3,MASAC,0.7900000214576721,True,0.0,0.0,0.0,0.5324955582618713,31,8758,0.0,0.0,-0.0,280318,0.0,31.04317283630371,-0.7880012392997742,16.530351638793945,24.524106979370117,31.04317283630371,31.04317283630371,78,3.2796992024501943,1.0,0.17898448289204866,0.0,0.0,0.0,-0.7447378039360046,CityLearnV3MADRLRewardFunction,masac_unified_comparable_v4,E2,-0.0,1907,13.795905154412848,1.0,0.1284253321525528,0.0,8759
5,0.0,0.0,0.0,0.0,Building_5,4,MASAC,0.7900000214576721,True,0.0,0.0,0.0,0.5324955582618713,31,8758,0.0,0.0,-0.0,280318,0.0,38.538970947265625,-0.836482048034668,20.521831512451172,30.44578742980957,38.538970947265625,38.538970947265625,57,3.4454812106374852,1.0,0.27857728354763567,0.0,0.0,0.0,-0.7447378039360046,CityLearnV3MADRLRewardFunction,masac_unified_comparable_v4,E2,-0.0,1907,13.795905154412848,1.0,0.1284253321525528,0.0,8759
34,0.0,0.0,0.0,0.0,Building_6,5,MASAC,0.7900000214576721,True,0.0,0.0,0.0,0.5324955582618713,31,8758,0.0,0.0,-0.0,280318,0.0,362.8901062011719,-0.8164880275726318,193.23736572265625,286.6831970214844,362.8901062011719,362.8901062011719,260,3.207917447406082,1.0,0.05222250125729121,0.0,0.0,0.0,-0.7447378039360046,CityLearnV3MADRLRewardFunction,masac_unified_comparable_v4,E2,-0.0,1907,13.795905154412848,1.0,0.1284253321525528,0.0,8759
44,0.0,0.0,0.0,0.0,Building_7,6,MASAC,0.7900000214576721,True,0.0,0.0,0.0,0.5324955582618713,31,8758,0.0,0.0,-0.0,280318,0.0,12.664111137390137,-0.6944103837013245,6.743582725524902,10.004648208618164,12.664111137390137,12.664111137390137,330,3.268725474934346,1.0,0.041821347470536376,0.0,0.0,0.0,-0.7447378039360046,CityLearnV3MADRLRewardFunction,masac_unified_comparable_v4,E2,-0.0,1907,13.795905154412848,1.0,0.1284253321525528,0.0,8759
19,0.0,0.0,0.0,0.0,Building_8,7,MASAC,0.7900000214576721,True,0.0,0.0,0.0,0.5324955582618713,31,8758,0.0,0.0,-0.0,280318,0.0,12.065996170043945,-0.6895528435707092,6.425089359283447,9.532136917114258,12.065996170043945,12.065996170043945,155,3.4057076845712078,1.0,0.09559830859784157,0.0,0.0,0.0,-0.7447378039360046,CityLearnV3MADRLRewardFunction,masac_unified_comparable_v4,E2,-0.0,1907,13.795905154412848,1.0,0.1284253321525528,0.0,8759
12,0.0,0.0,0.0,0.0,Building_9,8,MASAC,0.7900000214576721,True,0.0,0.0,0.0,0.5324955582618713,31,8758,0.0,0.0,-0.0,280318,0.0,2.290161371231079,-0.5675033926963806,1.2195007801055908,1.8092275857925415,2.290161371231079,2.290161371231079,106,3.653754106259046,1.0,0.15763062393327928,0.0,0.0,0.0,-0.7447378039360046,CityLearnV3MADRLRewardFunction,masac_unified_comparable_v4,E2,-0.0,1907,13.795905154412848,1.0,0.1284253321525528,0.0,8759
8,1.0,1.0,0.125,0.0,Building_10,9,MASAC,0.7900000214576721,True,0.0,0.0,0.0,0.5324955582618713,31,8758,0.0,0.0,-0.0,280318,0.0,51.649574279785156,-0.81043541431427,27.5031681060791,40.803165435791016,51.649574279785156,51.649574279785156,78,3.3271987853293603,1.0,0.18341157547174355,0.0,0.0,0.0,-0.7447378039360046,CityLearnV3MADRLRewardFunction,masac_unified_comparable_v4,E2,-0.0,1907,13.795905154412848,1.0,0.1284253321525528,0.0,8759
5,0.0,0.0,0.0,0.0,Building_11,10,MASAC,0.7900000214576721,True,0.0,0.0,0.0,0.5324955582618713,31,8758,0.0,0.0,-0.0,280318,0.0,71.54803466796875,-0.8124285340309143,38.0990104675293,56.52294921875,71.54803466796875,71.54803466796875,57,3.253762907025608,1.0,0.23988657046044082,0.0,0.0,0.0,-0.7447378039360046,CityLearnV3MADRLRewardFunction,masac_unified_comparable_v4,E2,-0.0,1907,13.795905154412848,1.0,0.1284253321525528,0.0,8759
5,0.0,0.0,0.0,0.0,Building_12,11,MASAC,0.7900000214576721,True,0.0,0.0,0.0,0.5324955582618713,31,8758,0.0,0.0,-0.0,280318,0.0,215.11593627929688,-0.8163113594055176,114.54827880859375,169.94158935546875,215.11593627929688,215.11593627929688,57,3.2686502703047577,1.0,0.2477091731209504,0.0,0.0,0.0,-0.7447378039360046,CityLearnV3MADRLRewardFunction,masac_unified_comparable_v4,E2,-0.0,1907,13.795905154412848,1.0,0.1284253321525528,0.0,8759
13,0.0,0.0,0.0,0.0,Building_13,12,MASAC,0.7900000214576721,True,0.0,0.0,0.0,0.5324955582618713,31,8758,0.0,0.0,-0.0,280318,0.0,2.033022403717041,-0.5817973613739014,1.0825754404067993,1.6060876846313477,2.033022403717041,2.033022403717041,113,3.4107804164434796,1.0,0.12811160048024844,0.0,0.0,0.0,-0.7447378039360046,CityLearnV3MADRLRewardFunction,masac_unified_comparable_v4,E2,-0.0,1907,13.795905154412848,1.0,0.1284253321525528,0.0,8759
6,0.0,0.0,0.0,0.0,Building_14,13,MASAC,0.7900000214576721,True,0.0,0.0,0.0,0.5324955582618713,31,8758,0.0,0.0,-0.0,280318,0.0,2.6149511337280273,-0.5887780785560608,1.3924498558044434,2.0658113956451416,2.6149511337280273,2.6149511337280273,64,3.3745921238307464,1.0,0.22382190800271928,0.0,0.0,0.0,-0.7447378039360046,CityLearnV3MADRLRewardFunction,masac_unified_comparable_v4,E2,-0.0,1907,13.795905154412848,1.0,0.1284253321525528,0.0,8759
10,0.0,0.0,0.0,0.0,Building_15,14,MASAC,0.7900000214576721,True,0.0,0.0,0.0,0.5324955582618713,31,8758,0.0,0.0,-0.0,280318,0.0,19.521480560302734,-0.744061291217804,10.395101547241211,15.42197036743164,19.521480560302734,19.521480560302734,92,3.4706919986332987,1.0,0.16397747186862904,0.0,0.0,0.0,-0.7447378039360046,CityLearnV3MADRLRewardFunction,masac_unified_comparable_v4,E2,-0.0,1907,13.795905154412848,1.0,0.1284253321525528,0.0,8759
13,0.0,0.0,0.0,0.0,Building_16,15,MASAC,0.7900000214576721,True,0.0,0.0,0.0,0.5324955582618713,31,8758,0.0,0.0,-0.0,280318,0.0,54.89390563964844,-0.8100285530090332,29.23076057434082,43.366188049316406,54.89390563964844,54.89390563964844,113,3.2240860670684977,1.0,0.11981209552129812,0.0,0.0,0.0,-0.7447378039360046,CityLearnV3MADRLRewardFunction,masac_unified_comparable_v4,E2,-0.0,1907,13.795905154412848,1.0,0.1284253321525528,0.0,8759
13,0.0,0.0,0.0,0.0,Building_17,16,MASAC,0.7900000214576721,True,0.0,0.0,0.0,0.5324955582618713,31,8758,0.0,0.0,-0.0,280318,0.0,22.46647071838379,-0.7593047618865967,11.963295936584473,17.748512268066406,22.46647071838379,22.46647071838379,113,3.35906483338249,1.0,0.12631818718087356,0.0,0.0,0.0,-0.7447378039360046,CityLearnV3MADRLRewardFunction,masac_unified_comparable_v4,E2,-0.0,1907,13.795905154412848,1.0,0.1284253321525528,0.0,8759
6,0.0,0.0,0.0,0.0,Building_1,0,MASAC,0.7900000214576721,False,0.0,0.0,0.0,0.5324955582618713,32,0,0.0,0.0,-0.0,280320,-0.0,0.0,-0.7426722049713135,0.0,0.0,0.0,0.0,64,3.317127895266193,1.0,0.22163199237547815,0.0,0.0,0.0,-0.6390145421028137,CityLearnV3MADRLRewardFunction,masac_unified_comparable_v4,E2,-0.0,1907,14.18572265814959,1.0,0.13045727720608183,0.0,2
8,0.0,0.0,0.0,0.0,Building_2,1,MASAC,0.7900000214576721,False,0.0,0.0,0.0,0.5324955582618713,32,0,0.0,0.0,-0.0,280320,-0.0,0.0,-0.4987586736679077,0.0,0.0,0.0,0.0,78,3.44103018722944,1.0,0.18456308792034784,0.0,0.0,0.0,-0.6390145421028137,CityLearnV3MADRLRewardFunction,masac_unified_comparable_v4,E2,-0.0,1907,14.18572265814959,1.0,0.13045727720608183,0.0,2
10,0.0,0.0,0.0,0.0,Building_3,2,MASAC,0.7900000214576721,False,0.0,0.0,0.0,0.5324955582618713,32,0,0.0,0.0,-0.0,280320,-0.0,0.0,-0.7394809126853943,0.0,0.0,0.0,0.0,92,3.514344337873799,1.0,0.1649373202058284,0.0,0.0,0.0,-0.6390145421028137,CityLearnV3MADRLRewardFunction,masac_unified_comparable_v4,E2,-0.0,1907,14.18572265814959,1.0,0.13045727720608183,0.0,2
8,0.0,0.0,0.0,0.0,Building_4,3,MASAC,0.7900000214576721,False,0.0,0.0,0.0,0.5324955582618713,32,0,0.0,0.0,-0.0,280320,-0.0,0.0,-0.6320435404777527,0.0,0.0,0.0,0.0,78,3.3694371771529643,1.0,0.1808577495125624,0.0,0.0,0.0,-0.6390145421028137,CityLearnV3MADRLRewardFunction,masac_unified_comparable_v4,E2,-0.0,1907,14.18572265814959,1.0,0.13045727720608183,0.0,2
5,0.0,0.0,0.0,0.0,Building_5,4,MASAC,0.7900000214576721,False,0.0,0.0,0.0,0.5324955582618713,32,0,0.0,0.0,-0.0,280320,-0.0,0.0,-0.7245855331420898,0.0,0.0,0.0,0.0,57,3.452184078502731,1.0,0.26070732806335417,0.0,0.0,0.0,-0.6390145421028137,CityLearnV3MADRLRewardFunction,masac_unified_comparable_v4,E2,-0.0,1907,14.18572265814959,1.0,0.13045727720608183,0.0,2
34,0.0,0.0,0.0,0.0,Building_6,5,MASAC,0.7900000214576721,False,0.0,0.0,0.0,0.5324955582618713,32,0,0.0,0.0,-0.0,280320,-0.0,0.0,-0.7416356801986694,0.0,0.0,0.0,0.0,260,3.35486710549047,1.0,0.05432815368358906,0.0,0.0,0.0,-0.6390145421028137,CityLearnV3MADRLRewardFunction,masac_unified_comparable_v4,E2,-0.0,1907,14.18572265814959,1.0,0.13045727720608183,0.0,2
44,1.0,1.0,0.022727272727272728,0.0,Building_7,6,MASAC,0.7900000214576721,False,0.0,0.0,0.0,0.5324955582618713,32,0,0.0,0.0,-0.0,280320,-0.0,0.0,-0.5621849298477173,0.0,0.0,0.0,0.0,330,3.4223887894043474,1.0,0.04360731140230641,0.0,0.0,0.0,-0.6390145421028137,CityLearnV3MADRLRewardFunction,masac_unified_comparable_v4,E2,-0.0,1907,14.18572265814959,1.0,0.13045727720608183,0.0,2
19,0.0,0.0,0.0,0.0,Building_8,7,MASAC,0.7900000214576721,False,0.0,0.0,0.0,0.5324955582618713,32,0,0.0,0.0,-0.0,280320,-0.0,0.0,-0.5004746913909912,0.0,0.0,0.0,0.0,155,3.4410760799984605,1.0,0.09296145525670821,0.0,0.0,0.0,-0.6390145421028137,CityLearnV3MADRLRewardFunction,masac_unified_comparable_v4,E2,-0.0,1907,14.18572265814959,1.0,0.13045727720608183,0.0,2
12,0.0,0.0,0.0,0.0,Building_9,8,MASAC,0.7900000214576721,False,0.0,0.0,0.0,0.5324955582618713,32,0,0.0,0.0,-0.0,280320,-0.0,0.0,-0.5202688574790955,0.0,0.0,0.0,0.0,106,3.566230095698967,1.0,0.1469455359257617,0.0,0.0,0.0,-0.6390145421028137,CityLearnV3MADRLRewardFunction,masac_unified_comparable_v4,E2,-0.0,1907,14.18572265814959,1.0,0.13045727720608183,0.0,2
8,0.0,0.0,0.0,0.0,Building_10,9,MASAC,0.7900000214576721,False,0.0,0.0,0.0,0.5324955582618713,32,0,0.0,0.0,-0.0,280320,-0.0,0.0,-0.7276698350906372,0.0,0.0,0.0,0.0,78,3.3975796107929837,1.0,0.183917105388947,0.0,0.0,0.0,-0.6390145421028137,CityLearnV3MADRLRewardFunction,masac_unified_comparable_v4,E2,-0.0,1907,14.18572265814959,1.0,0.13045727720608183,0.0,2
5,0.0,0.0,0.0,0.0,Building_11,10,MASAC,0.7900000214576721,False,0.0,0.0,0.0,0.5324955582618713,32,0,0.0,0.0,-0.0,280320,-0.0,0.0,-0.7395617365837097,0.0,0.0,0.0,0.0,57,3.538460703674568,1.0,0.2680264040827751,0.0,0.0,0.0,-0.6390145421028137,CityLearnV3MADRLRewardFunction,masac_unified_comparable_v4,E2,-0.0,1907,14.18572265814959,1.0,0.13045727720608183,0.0,2
5,1.0,1.0,0.2,0.0,Building_12,11,MASAC,0.7900000214576721,False,0.0,0.0,0.0,0.5324955582618713,32,0,0.0,0.0,-0.0,280320,-0.0,0.0,-0.7422345280647278,0.0,0.0,0.0,0.0,57,3.5415480766182474,1.0,0.2735484345701703,0.0,0.0,0.0,-0.6390145421028137,CityLearnV3MADRLRewardFunction,masac_unified_comparable_v4,E2,-0.0,1907,14.18572265814959,1.0,0.13045727720608183,0.0,2
13,1.0,1.0,0.07692307692307693,0.0,Building_13,12,MASAC,0.7900000214576721,False,0.0,0.0,0.0,0.5324955582618713,32,0,0.0,0.0,-0.0,280320,-0.0,0.0,-0.4983995258808136,0.0,0.0,0.0,0.0,113,3.4270749030721834,1.0,0.12706806293103548,0.0,0.0,0.0,-0.6390145421028137,CityLearnV3MADRLRewardFunction,masac_unified_comparable_v4,E2,-0.0,1907,14.18572265814959,1.0,0.13045727720608183,0.0,2
6,0.0,0.0,0.0,0.0,Building_14,13,MASAC,0.7900000214576721,False,0.0,0.0,0.0,0.5324955582618713,32,0,0.0,0.0,-0.0,280320,-0.0,0.0,-0.5090596079826355,0.0,0.0,0.0,0.0,64,3.4112925712268583,1.0,0.22342824772931635,0.0,0.0,0.0,-0.6390145421028137,CityLearnV3MADRLRewardFunction,masac_unified_comparable_v4,E2,-0.0,1907,14.18572265814959,1.0,0.13045727720608183,0.0,2
10,0.0,0.0,0.0,0.0,Building_15,14,MASAC,0.7900000214576721,False,0.0,0.0,0.0,0.5324955582618713,32,0,0.0,0.0,-0.0,280320,-0.0,0.0,-0.5646897554397583,0.0,0.0,0.0,0.0,92,3.446986008301583,1.0,0.15854998435015263,0.0,0.0,0.0,-0.6390145421028137,CityLearnV3MADRLRewardFunction,masac_unified_comparable_v4,E2,-0.0,1907,14.18572265814959,1.0,0.13045727720608183,0.0,2
13,1.0,1.0,0.07692307692307693,0.0,Building_16,15,MASAC,0.7900000214576721,False,0.0,0.0,0.0,0.5324955582618713,32,0,0.0,0.0,-0.0,280320,-0.0,0.0,-0.727125346660614,0.0,0.0,0.0,0.0,113,3.3326042470380246,1.0,0.1236044536385916,0.0,0.0,0.0,-0.6390145421028137,CityLearnV3MADRLRewardFunction,masac_unified_comparable_v4,E2,-0.0,1907,14.18572265814959,1.0,0.13045727720608183,0.0,2
13,0.0,0.0,0.0,0.0,Building_17,16,MASAC,0.7900000214576721,False,0.0,0.0,0.0,0.5324955582618713,32,0,0.0,0.0,-0.0,280320,-0.0,0.0,-0.6924023628234863,0.0,0.0,0.0,0.0,113,3.502282973906715,1.0,0.13391077643738383,0.0,0.0,0.0,-0.6390145421028137,CityLearnV3MADRLRewardFunction,masac_unified_comparable_v4,E2,-0.0,1907,14.18572265814959,1.0,0.13045727720608183,0.0,2
6,0.0,0.0,0.0,0.0,Building_1,0,MASAC,0.7900000214576721,True,0.0,0.0,0.0,0.5324955582618713,32,8757,0.0,0.0,-0.0,289077,0.0,446.8856201171875,-0.8155145049095154,237.96461486816406,353.0396423339844,446.8856201171875,446.8856201171875,64,3.454738242081922,1.0,0.24417500337585807,0.0,0.0,0.0,-0.7432631254196167,CityLearnV3MADRLRewardFunction,masac_unified_comparable_v4,E2,-0.0,1907,14.414502130382216,1.0,0.14067624991844635,0.0,8759
8,0.0,0.0,0.0,0.0,Building_2,1,MASAC,0.7900000214576721,True,0.0,0.0,0.0,0.5324955582618713,32,8757,0.0,0.0,-0.0,289077,0.0,5.618855953216553,-0.6225419044494629,2.992015838623047,4.438896179199219,5.618855953216553,5.618855953216553,78,3.471940896694141,1.0,0.19680777077491468,0.0,0.0,0.0,-0.7432631254196167,CityLearnV3MADRLRewardFunction,masac_unified_comparable_v4,E2,-0.0,1907,14.414502130382216,1.0,0.14067624991844635,0.0,8759
10,1.0,1.0,0.1,0.0,Building_3,2,MASAC,0.7900000214576721,True,0.0,0.0,0.0,0.5324955582618713,32,8757,0.0,0.0,-0.0,289077,0.0,98.17061614990234,-0.8139575123786926,52.27541732788086,77.5547866821289,98.17061614990234,98.17061614990234,92,3.4384103852889853,1.0,0.1669705493942551,0.0,0.0,0.0,-0.7432631254196167,CityLearnV3MADRLRewardFunction,masac_unified_comparable_v4,E2,-0.0,1907,14.414502130382216,1.0,0.14067624991844635,0.0,8759
8,0.0,0.0,0.0,0.0,Building_4,3,MASAC,0.7900000214576721,True,0.0,0.0,0.0,0.5324955582618713,32,8757,0.0,0.0,-0.0,289077,0.0,28.84416961669922,-0.7809215784072876,15.359392166137695,22.786893844604492,28.84416961669922,28.84416961669922,78,3.4108307764642065,1.0,0.1950734922519097,0.0,0.0,0.0,-0.7432631254196167,CityLearnV3MADRLRewardFunction,masac_unified_comparable_v4,E2,-0.0,1907,14.414502130382216,1.0,0.14067624991844635,0.0,8759
5,0.0,0.0,0.0,0.0,Building_5,4,MASAC,0.7900000214576721,True,0.0,0.0,0.0,0.5324955582618713,32,8757,0.0,0.0,-0.0,289077,0.0,37.89287567138672,-0.8345187902450562,20.17778778076172,29.935373306274414,37.89287567138672,37.89287567138672,57,3.6086298459668438,1.0,0.30417275115063314,0.0,0.0,0.0,-0.7432631254196167,CityLearnV3MADRLRewardFunction,masac_unified_comparable_v4,E2,-0.0,1907,14.414502130382216,1.0,0.14067624991844635,0.0,8759
34,1.0,0.0,-0.029411764705882353,-1.0,Building_6,5,MASAC,0.7900000214576721,True,0.0,0.0,0.0,0.5324955582618713,32,8757,0.0,0.0,-0.0,289077,0.0,350.8894348144531,-0.8154038190841675,186.84706115722656,277.2026672363281,350.8894348144531,350.8894348144531,260,3.39206466892406,1.0,0.05809660519544895,0.0,0.0,0.0,-0.7432631254196167,CityLearnV3MADRLRewardFunction,masac_unified_comparable_v4,E2,-0.0,1907,14.414502130382216,1.0,0.14067624991844635,0.0,8759
44,0.0,0.0,0.0,0.0,Building_7,6,MASAC,0.7900000214576721,True,0.0,0.0,0.0,0.5324955582618713,32,8757,0.0,0.0,-0.0,289077,0.0,18.66022491455078,-0.7370373010635376,9.936487197875977,14.741578102111816,18.66022491455078,18.66022491455078,330,3.447417555358466,1.0,0.04650360106518774,0.0,0.0,0.0,-0.7432631254196167,CityLearnV3MADRLRewardFunction,masac_unified_comparable_v4,E2,-0.0,1907,14.414502130382216,1.0,0.14067624991844635,0.0,8759
19,0.0,0.0,0.0,0.0,Building_8,7,MASAC,0.7900000214576721,True,0.0,0.0,0.0,0.5324955582618713,32,8757,0.0,0.0,-0.0,289077,0.0,19.251495361328125,-0.7405297756195068,10.251336097717285,15.2086820602417,19.251495361328125,19.251495361328125,155,3.5885490829185547,1.0,0.10431991632907621,0.0,0.0,0.0,-0.7432631254196167,CityLearnV3MADRLRewardFunction,masac_unified_comparable_v4,E2,-0.0,1907,14.414502130382216,1.0,0.14067624991844635,0.0,8759
12,0.0,0.0,0.0,0.0,Building_9,8,MASAC,0.7900000214576721,True,0.0,0.0,0.0,0.5324955582618713,32,8757,0.0,0.0,-0.0,289077,0.0,2.4506425857543945,-0.5682000517845154,1.304956316947937,1.9360077381134033,2.4506425857543945,2.4506425857543945,106,3.7077298606789237,1.0,0.1679943988345704,0.0,0.0,0.0,-0.7432631254196167,CityLearnV3MADRLRewardFunction,masac_unified_comparable_v4,E2,-0.0,1907,14.414502130382216,1.0,0.14067624991844635,0.0,8759
8,0.0,0.0,0.0,0.0,Building_10,9,MASAC,0.7900000214576721,True,0.0,0.0,0.0,0.5324955582618713,32,8757,0.0,0.0,-0.0,289077,0.0,34.33414077758789,-0.7931303381919861,18.282777786254883,27.123971939086914,34.33414077758789,34.33414077758789,78,3.451270955891,1.0,0.19796045592580086,0.0,0.0,0.0,-0.7432631254196167,CityLearnV3MADRLRewardFunction,masac_unified_comparable_v4,E2,-0.0,1907,14.414502130382216,1.0,0.14067624991844635,0.0,8759
5,0.0,0.0,0.0,0.0,Building_11,10,MASAC,0.7900000214576721,True,0.0,0.0,0.0,0.5324955582618713,32,8757,0.0,0.0,-0.0,289077,0.0,57.917564392089844,-0.8114269971847534,30.840845108032227,45.754878997802734,57.917564392089844,57.917564392089844,57,3.528864658420672,1.0,0.27634684506215546,0.0,0.0,0.0,-0.7432631254196167,CityLearnV3MADRLRewardFunction,masac_unified_comparable_v4,E2,-0.0,1907,14.414502130382216,1.0,0.14067624991844635,0.0,8759
5,0.0,0.0,0.0,0.0,Building_12,11,MASAC,0.7900000214576721,True,0.0,0.0,0.0,0.5324955582618713,32,8757,0.0,0.0,-0.0,289077,0.0,182.6020965576172,-0.8130131363868713,97.23480224609375,144.2556610107422,182.6020965576172,182.6020965576172,57,3.382759868758869,1.0,0.2616712699333827,0.0,0.0,0.0,-0.7432631254196167,CityLearnV3MADRLRewardFunction,masac_unified_comparable_v4,E2,-0.0,1907,14.414502130382216,1.0,0.14067624991844635,0.0,8759
13,0.0,0.0,0.0,0.0,Building_13,12,MASAC,0.7900000214576721,True,0.0,0.0,0.0,0.5324955582618713,32,8757,0.0,0.0,-0.0,289077,0.0,2.789367437362671,-0.5896027088165283,1.485325813293457,2.2036004066467285,2.789367437362671,2.789367437362671,113,3.4443800209353888,1.0,0.13419961784265738,0.0,0.0,0.0,-0.7432631254196167,CityLearnV3MADRLRewardFunction,masac_unified_comparable_v4,E2,-0.0,1907,14.414502130382216,1.0,0.14067624991844635,0.0,8759
6,0.0,0.0,0.0,0.0,Building_14,13,MASAC,0.7900000214576721,True,0.0,0.0,0.0,0.5324955582618713,32,8757,0.0,0.0,-0.0,289077,0.0,2.485826015472412,-0.586093008518219,1.3236913681030273,1.9638025760650635,2.485826015472412,2.485826015472412,64,3.555238064367898,1.0,0.24753393419086933,0.0,0.0,0.0,-0.7432631254196167,CityLearnV3MADRLRewardFunction,masac_unified_comparable_v4,E2,-0.0,1907,14.414502130382216,1.0,0.14067624991844635,0.0,8759
10,1.0,1.0,0.1,0.0,Building_15,14,MASAC,0.7900000214576721,True,0.0,0.0,0.0,0.5324955582618713,32,8757,0.0,0.0,-0.0,289077,0.0,20.5941162109375,-0.748654842376709,10.966275215148926,16.269351959228516,20.5941162109375,20.5941162109375,92,3.5998047730815252,1.0,0.17844857178304507,0.0,0.0,0.0,-0.7432631254196167,CityLearnV3MADRLRewardFunction,masac_unified_comparable_v4,E2,-0.0,1907,14.414502130382216,1.0,0.14067624991844635,0.0,8759
13,0.0,0.0,0.0,0.0,Building_16,15,MASAC,0.7900000214576721,True,0.0,0.0,0.0,0.5324955582618713,32,8757,0.0,0.0,-0.0,289077,0.0,103.13050842285156,-0.8131462335586548,54.91653823852539,81.47310638427734,103.13050842285156,103.13050842285156,113,3.4360494206863756,1.0,0.13750383679845693,0.0,0.0,0.0,-0.7432631254196167,CityLearnV3MADRLRewardFunction,masac_unified_comparable_v4,E2,-0.0,1907,14.414502130382216,1.0,0.14067624991844635,0.0,8759
13,0.0,0.0,0.0,0.0,Building_17,16,MASAC,0.7900000214576721,True,0.0,0.0,0.0,0.5324955582618713,32,8757,0.0,0.0,-0.0,289077,0.0,21.1981143951416,-0.7517809271812439,11.287901878356934,16.746511459350586,21.1981143951416,21.1981143951416,113,3.4954515159858066,1.0,0.1405164124691381,0.0,0.0,0.0,-0.7432631254196167,CityLearnV3MADRLRewardFunction,masac_unified_comparable_v4,E2,-0.0,1907,14.414502130382216,1.0,0.14067624991844635,0.0,8759
6,0.0,0.0,0.0,0.0,Building_1,0,MASAC,0.7900000214576721,False,0.0,0.0,0.0,0.5324955582618713,33,0,0.0,0.0,-0.0,289080,-0.0,0.0,-0.6243892908096313,0.0,0.0,0.0,0.0,64,3.2930911166585046,1.0,0.22851821756921709,0.0,0.0,0.0,-0.49138692021369934,CityLearnV3MADRLRewardFunction,masac_unified_comparable_v4,E2,-0.0,1907,13.905603865967324,1.0,0.13268794814358145,0.0,3
8,0.0,0.0,0.0,0.0,Building_2,1,MASAC,0.7900000214576721,False,0.0,0.0,0.0,0.5324955582618713,33,0,0.0,0.0,-0.0,289080,-0.0,0.0,-0.3650340139865875,0.0,0.0,0.0,0.0,78,3.371037541205747,1.0,0.18798974710397232,0.0,0.0,0.0,-0.49138692021369934,CityLearnV3MADRLRewardFunction,masac_unified_comparable_v4,E2,-0.0,1907,13.905603865967324,1.0,0.13268794814358145,0.0,3
10,0.0,0.0,0.0,0.0,Building_3,2,MASAC,0.7900000214576721,False,0.0,0.0,0.0,0.5324955582618713,33,0,0.0,0.0,-0.0,289080,-0.0,0.0,-0.6186843514442444,0.0,0.0,0.0,0.0,92,3.434469679987914,1.0,0.16759331483879816,0.0,0.0,0.0,-0.49138692021369934,CityLearnV3MADRLRewardFunction,masac_unified_comparable_v4,E2,-0.0,1907,13.905603865967324,1.0,0.13268794814358145,0.0,3
8,0.0,0.0,0.0,0.0,Building_4,3,MASAC,0.7900000214576721,False,0.0,0.0,0.0,0.5324955582618713,33,0,0.0,0.0,-0.0,289080,-0.0,0.0,-0.5096250176429749,0.0,0.0,0.0,0.0,78,3.2958998137045543,1.0,0.18434909387276724,0.0,0.0,0.0,-0.49138692021369934,CityLearnV3MADRLRewardFunction,masac_unified_comparable_v4,E2,-0.0,1907,13.905603865967324,1.0,0.13268794814358145,0.0,3
5,0.0,0.0,0.0,0.0,Building_5,4,MASAC,0.7900000214576721,False,0.0,0.0,0.0,0.5324955582618713,33,0,0.0,0.0,-0.0,289080,-0.0,0.0,-0.6088606715202332,0.0,0.0,0.0,0.0,57,3.365377139093831,1.0,0.26643169736653044,0.0,0.0,0.0,-0.49138692021369934,CityLearnV3MADRLRewardFunction,masac_unified_comparable_v4,E2,-0.0,1907,13.905603865967324,1.0,0.13268794814358145,0.0,3
34,0.0,0.0,0.0,0.0,Building_6,5,MASAC,0.7900000214576721,False,0.0,0.0,0.0,0.5324955582618713,33,0,0.0,0.0,-0.0,289080,-0.0,0.0,-0.6221620440483093,0.0,0.0,0.0,0.0,260,3.2774009585958335,1.0,0.05490091448793044,0.0,0.0,0.0,-0.49138692021369934,CityLearnV3MADRLRewardFunction,masac_unified_comparable_v4,E2,-0.0,1907,13.905603865967324,1.0,0.13268794814358145,0.0,3
44,0.0,0.0,0.0,0.0,Building_7,6,MASAC,0.7900000214576721,False,0.0,0.0,0.0,0.5324955582618713,33,0,0.0,0.0,-0.0,289080,-0.0,0.0,-0.36561039090156555,0.0,0.0,0.0,0.0,330,3.353837919026103,1.0,0.04427878734740344,0.0,0.0,0.0,-0.49138692021369934,CityLearnV3MADRLRewardFunction,masac_unified_comparable_v4,E2,-0.0,1907,13.905603865967324,1.0,0.13268794814358145,0.0,3
19,1.0,0.0,-0.05263157894736842,-1.0,Building_8,7,MASAC,0.7900000214576721,False,0.0,0.0,0.0,0.5324955582618713,33,0,0.0,0.0,-0.0,289080,-0.0,0.0,-0.38755273818969727,0.0,0.0,0.0,0.0,155,3.3334500960301368,1.0,0.09299948609644366,0.0,0.0,0.0,-0.49138692021369934,CityLearnV3MADRLRewardFunction,masac_unified_comparable_v4,E2,-0.0,1907,13.905603865967324,1.0,0.13268794814358145,0.0,3
12,0.0,0.0,0.0,0.0,Building_9,8,MASAC,0.7900000214576721,False,0.0,0.0,0.0,0.5324955582618713,33,0,0.0,0.0,-0.0,289080,-0.0,0.0,-0.38959866762161255,0.0,0.0,0.0,0.0,106,3.484810704672655,1.0,0.14875163369864788,0.0,0.0,0.0,-0.49138692021369934,CityLearnV3MADRLRewardFunction,masac_unified_comparable_v4,E2,-0.0,1907,13.905603865967324,1.0,0.13268794814358145,0.0,3
8,0.0,0.0,0.0,0.0,Building_10,9,MASAC,0.7900000214576721,False,0.0,0.0,0.0,0.5324955582618713,33,0,0.0,0.0,-0.0,289080,-0.0,0.0,-0.43137454986572266,0.0,0.0,0.0,0.0,78,3.3250384172686656,1.0,0.1859010235310938,0.0,0.0,0.0,-0.49138692021369934,CityLearnV3MADRLRewardFunction,masac_unified_comparable_v4,E2,-0.0,1907,13.905603865967324,1.0,0.13268794814358145,0.0,3
5,0.0,0.0,0.0,0.0,Building_11,10,MASAC,0.7900000214576721,False,0.0,0.0,0.0,0.5324955582618713,33,0,0.0,0.0,-0.0,289080,-0.0,0.0,-0.6116082072257996,0.0,0.0,0.0,0.0,57,3.4791692147148017,1.0,0.27352401705687507,0.0,0.0,0.0,-0.49138692021369934,CityLearnV3MADRLRewardFunction,masac_unified_comparable_v4,E2,-0.0,1907,13.905603865967324,1.0,0.13268794814358145,0.0,3
5,0.0,0.0,0.0,0.0,Building_12,11,MASAC,0.7900000214576721,False,0.0,0.0,0.0,0.5324955582618713,33,0,0.0,0.0,-0.0,289080,-0.0,0.0,-0.623181164264679,0.0,0.0,0.0,0.0,57,3.441123700581301,1.0,0.2737723289613138,0.0,0.0,0.0,-0.49138692021369934,CityLearnV3MADRLRewardFunction,masac_unified_comparable_v4,E2,-0.0,1907,13.905603865967324,1.0,0.13268794814358145,0.0,3
13,1.0,1.0,0.07692307692307693,0.0,Building_13,12,MASAC,0.7900000214576721,False,0.0,0.0,0.0,0.5324955582618713,33,0,0.0,0.0,-0.0,289080,-0.0,0.0,-0.3653462827205658,0.0,0.0,0.0,0.0,113,3.3601015402824164,1.0,0.129532590508461,0.0,0.0,0.0,-0.49138692021369934,CityLearnV3MADRLRewardFunction,masac_unified_comparable_v4,E2,-0.0,1907,13.905603865967324,1.0,0.13268794814358145,0.0,3
6,0.0,0.0,0.0,0.0,Building_14,13,MASAC,0.7900000214576721,False,0.0,0.0,0.0,0.5324955582618713,33,0,0.0,0.0,-0.0,289080,-0.0,0.0,-0.3760073781013489,0.0,0.0,0.0,0.0,64,3.3770338547907257,1.0,0.22974335798062384,0.0,0.0,0.0,-0.49138692021369934,CityLearnV3MADRLRewardFunction,masac_unified_comparable_v4,E2,-0.0,1907,13.905603865967324,1.0,0.13268794814358145,0.0,3
10,0.0,0.0,0.0,0.0,Building_15,14,MASAC,0.7900000214576721,False,0.0,0.0,0.0,0.5324955582618713,33,0,0.0,0.0,-0.0,289080,-0.0,0.0,-0.37901201844215393,0.0,0.0,0.0,0.0,92,3.3706370167343525,1.0,0.1598552401461031,0.0,0.0,0.0,-0.49138692021369934,CityLearnV3MADRLRewardFunction,masac_unified_comparable_v4,E2,-0.0,1907,13.905603865967324,1.0,0.13268794814358145,0.0,3
13,0.0,0.0,0.0,0.0,Building_16,15,MASAC,0.7900000214576721,False,0.0,0.0,0.0,0.5324955582618713,33,0,0.0,0.0,-0.0,289080,-0.0,0.0,-0.5274915099143982,0.0,0.0,0.0,0.0,113,3.321229490738226,1.0,0.12844606324107247,0.0,0.0,0.0,-0.49138692021369934,CityLearnV3MADRLRewardFunction,masac_unified_comparable_v4,E2,-0.0,1907,13.905603865967324,1.0,0.13268794814358145,0.0,3
13,1.0,1.0,0.07692307692307693,0.0,Building_17,16,MASAC,0.7900000214576721,False,0.0,0.0,0.0,0.5324955582618713,33,0,0.0,0.0,-0.0,289080,-0.0,0.0,-0.5480390191078186,0.0,0.0,0.0,0.0,113,3.4408666534612267,1.0,0.13660426840054252,0.0,0.0,0.0,-0.49138692021369934,CityLearnV3MADRLRewardFunction,masac_unified_comparable_v4,E2,-0.0,1907,13.905603865967324,1.0,0.13268794814358145,0.0,3
6,0.0,0.0,0.0,0.0,Building_1,0,MASAC,0.7900000214576721,True,0.0,0.0,0.0,0.5324955582618713,33,8756,0.0,0.0,-0.0,297836,0.0,391.586669921875,-0.7639301419258118,208.51815795898438,309.3534851074219,391.586669921875,391.586669921875,64,3.419330238112267,1.0,0.2321829702705145,0.0,0.0,0.0,-0.6705988645553589,CityLearnV3MADRLRewardFunction,masac_unified_comparable_v4,E2,-0.0,1907,14.193171024321853,1.0,0.13365594837980616,0.0,8759
8,0.0,0.0,0.0,0.0,Building_2,1,MASAC,0.7900000214576721,True,0.0,0.0,0.0,0.5324955582618713,33,8756,0.0,0.0,-0.0,297836,0.0,0.1848604530096054,-0.5066781640052795,0.0984373688697815,0.14603976905345917,0.1848604530096054,0.1848604530096054,78,3.5204794159214607,1.0,0.19390764565039903,0.0,0.0,0.0,-0.6705988645553589,CityLearnV3MADRLRewardFunction,masac_unified_comparable_v4,E2,-0.0,1907,14.193171024321853,1.0,0.13365594837980616,0.0,8759
10,0.0,0.0,0.0,0.0,Building_3,2,MASAC,0.7900000214576721,True,0.0,0.0,0.0,0.5324955582618713,33,8756,0.0,0.0,-0.0,297836,0.0,39.0087890625,-0.7491549849510193,20.77200698852539,30.816944122314453,39.0087890625,39.0087890625,92,3.4057457894656973,1.0,0.15931882288144983,0.0,0.0,0.0,-0.6705988645553589,CityLearnV3MADRLRewardFunction,masac_unified_comparable_v4,E2,-0.0,1907,14.193171024321853,1.0,0.13365594837980616,0.0,8759
8,0.0,0.0,0.0,0.0,Building_4,3,MASAC,0.7900000214576721,True,0.0,0.0,0.0,0.5324955582618713,33,8756,0.0,0.0,-0.0,297836,0.0,36.67196273803711,-0.7445862889289856,19.52765655517578,28.97085189819336,36.67196273803711,36.67196273803711,78,3.265350749806047,1.0,0.17773930136209878,0.0,0.0,0.0,-0.6705988645553589,CityLearnV3MADRLRewardFunction,masac_unified_comparable_v4,E2,-0.0,1907,14.193171024321853,1.0,0.13365594837980616,0.0,8759
5,0.0,0.0,0.0,0.0,Building_5,4,MASAC,0.7900000214576721,True,0.0,0.0,0.0,0.5324955582618713,33,8756,0.0,0.0,-0.0,297836,0.0,54.225337982177734,-0.7953576445579529,28.874752044677734,42.838016510009766,54.225337982177734,54.225337982177734,57,3.5711321825969606,1.0,0.29486657626796187,0.0,0.0,0.0,-0.6705988645553589,CityLearnV3MADRLRewardFunction,masac_unified_comparable_v4,E2,-0.0,1907,14.193171024321853,1.0,0.13365594837980616,0.0,8759
34,0.0,0.0,0.0,0.0,Building_6,5,MASAC,0.7900000214576721,True,0.0,0.0,0.0,0.5324955582618713,33,8756,0.0,0.0,-0.0,297836,0.0,348.8946838378906,-0.7639248967170715,185.7848663330078,275.6268005371094,348.8946838378906,348.8946838378906,260,3.3551553863331836,1.0,0.05557160239953261,0.0,0.0,0.0,-0.6705988645553589,CityLearnV3MADRLRewardFunction,masac_unified_comparable_v4,E2,-0.0,1907,14.193171024321853,1.0,0.13365594837980616,0.0,8759
44,1.0,1.0,0.022727272727272728,0.0,Building_7,6,MASAC,0.7900000214576721,True,0.0,0.0,0.0,0.5324955582618713,33,8756,0.0,0.0,-0.0,297836,0.0,2.9800853729248047,-0.5402836203575134,1.58688223361969,2.3542675971984863,2.9800853729248047,2.9800853729248047,330,3.3623563135809764,1.0,0.043314756791700014,0.0,0.0,0.0,-0.6705988645553589,CityLearnV3MADRLRewardFunction,masac_unified_comparable_v4,E2,-0.0,1907,14.193171024321853,1.0,0.13365594837980616,0.0,8759
19,1.0,1.0,0.05263157894736842,0.0,Building_8,7,MASAC,0.7900000214576721,True,121.52303314208984,0.0,0.0,0.5324955582618713,33,8756,0.0,0.0,-0.0,297836,0.0,127.72240447998047,-0.7930435538291931,68.01161193847656,100.90070343017578,127.72240447998047,6.199371337890625,155,3.420217193003383,1.0,0.09650272073284272,0.0,0.0,0.0,-0.6705988645553589,CityLearnV3MADRLRewardFunction,masac_unified_comparable_v4,E2,-0.0,1907,14.193171024321853,1.0,0.13365594837980616,0.0,8759
12,0.0,0.0,0.0,0.0,Building_9,8,MASAC,0.7900000214576721,True,0.0,0.0,0.0,0.5324955582618713,33,8756,0.0,0.0,-0.0,297836,0.0,2.1350696086883545,-0.5128396153450012,1.1369150876998901,1.6867049932479858,2.1350696086883545,2.1350696086883545,106,3.599046374026896,1.0,0.15632688071367876,0.0,0.0,0.0,-0.6705988645553589,CityLearnV3MADRLRewardFunction,masac_unified_comparable_v4,E2,-0.0,1907,14.193171024321853,1.0,0.13365594837980616,0.0,8759
8,0.0,0.0,0.0,0.0,Building_10,9,MASAC,0.7900000214576721,True,0.0,0.0,0.0,0.5324955582618713,33,8756,0.0,0.0,-0.0,297836,0.0,16.451881408691406,-0.671863317489624,8.760553359985352,12.996986389160156,16.451881408691406,16.451881408691406,78,3.473437506886006,1.0,0.19226249546194688,0.0,0.0,0.0,-0.6705988645553589,CityLearnV3MADRLRewardFunction,masac_unified_comparable_v4,E2,-0.0,1907,14.193171024321853,1.0,0.13365594837980616,0.0,8759
5,0.0,0.0,0.0,0.0,Building_11,10,MASAC,0.7900000214576721,True,0.0,0.0,0.0,0.5324955582618713,33,8756,0.0,0.0,-0.0,297836,0.0,66.45198059082031,-0.7615522146224976,35.38538360595703,52.497066497802734,66.45198059082031,66.45198059082031,57,3.47648122201164,1.0,0.2621902525424957,0.0,0.0,0.0,-0.6705988645553589,CityLearnV3MADRLRewardFunction,masac_unified_comparable_v4,E2,-0.0,1907,14.193171024321853,1.0,0.13365594837980616,0.0,8759
5,0.0,0.0,0.0,0.0,Building_12,11,MASAC,0.7900000214576721,True,0.0,0.0,0.0,0.5324955582618713,33,8756,0.0,0.0,-0.0,297836,0.0,155.388671875,-0.7637494802474976,82.7437744140625,122.7570571899414,155.388671875,155.388671875,57,3.4410406760079253,1.0,0.2628133503491418,0.0,0.0,0.0,-0.6705988645553589,CityLearnV3MADRLRewardFunction,masac_unified_comparable_v4,E2,-0.0,1907,14.193171024321853,1.0,0.13365594837980616,0.0,8759
13,0.0,0.0,0.0,0.0,Building_13,12,MASAC,0.7900000214576721,True,0.0,0.0,0.0,0.5324955582618713,33,8756,0.0,0.0,-0.0,297836,0.0,0.1047736182808876,-0.5057013630867004,0.05579148605465889,0.08277115970849991,0.1047736182808876,0.1047736182808876,113,3.386890827473938,1.0,0.12827942909392637,0.0,0.0,0.0,-0.6705988645553589,CityLearnV3MADRLRewardFunction,masac_unified_comparable_v4,E2,-0.0,1907,14.193171024321853,1.0,0.13365594837980616,0.0,8759
6,1.0,1.0,0.16666666666666666,0.0,Building_14,13,MASAC,0.7900000214576721,True,0.0,0.0,0.0,0.5324955582618713,33,8756,0.0,0.0,-0.0,297836,0.0,1.3521205186843872,-0.520840585231781,0.7199981808662415,1.068175196647644,1.3521205186843872,1.3521205186843872,64,3.4877465090252624,1.0,0.23434024723246694,0.0,0.0,0.0,-0.6705988645553589,CityLearnV3MADRLRewardFunction,masac_unified_comparable_v4,E2,-0.0,1907,14.193171024321853,1.0,0.13365594837980616,0.0,8759
10,0.0,0.0,0.0,0.0,Building_15,14,MASAC,0.7900000214576721,True,0.0,0.0,0.0,0.5324955582618713,33,8756,0.0,0.0,-0.0,297836,0.0,15.147623062133789,-0.6623750329017639,8.066041946411133,11.966622352600098,15.147623062133789,15.147623062133789,92,3.543948480766732,1.0,0.16897000696348108,0.0,0.0,0.0,-0.6705988645553589,CityLearnV3MADRLRewardFunction,masac_unified_comparable_v4,E2,-0.0,1907,14.193171024321853,1.0,0.13365594837980616,0.0,8759
13,0.0,0.0,0.0,0.0,Building_16,15,MASAC,0.7900000214576721,True,0.0,0.0,0.0,0.5324955582618713,33,8756,0.0,0.0,-0.0,297836,0.0,11.957420349121094,-0.6359007954597473,6.367273330688477,9.446362495422363,11.957420349121094,11.957420349121094,113,3.424536118007281,1.0,0.13047938299390066,0.0,0.0,0.0,-0.6705988645553589,CityLearnV3MADRLRewardFunction,masac_unified_comparable_v4,E2,-0.0,1907,14.193171024321853,1.0,0.13365594837980616,0.0,8759
13,0.0,0.0,0.0,0.0,Building_17,16,MASAC,0.7900000214576721,True,0.0,0.0,0.0,0.5324955582618713,33,8756,0.0,0.0,-0.0,297836,0.0,23.087642669677734,-0.7083988189697266,12.2940673828125,18.239238739013672,23.087642669677734,23.087642669677734,113,3.349403183557936,1.0,0.12914597671643824,0.0,0.0,0.0,-0.6705988645553589,CityLearnV3MADRLRewardFunction,masac_unified_comparable_v4,E2,-0.0,1907,14.193171024321853,1.0,0.13365594837980616,0.0,8759
6,0.0,0.0,0.0,0.0,Building_1,0,MASAC,0.7900000214576721,False,0.0,0.0,0.0,0.5324955582618713,34,0,0.0,0.0,-0.0,297840,-0.0,0.0,-0.6626908779144287,0.0,0.0,0.0,0.0,64,3.4018264809268013,1.0,0.24622601550072432,0.0,0.0,0.0,-0.5467576384544373,CityLearnV3MADRLRewardFunction,masac_unified_comparable_v4,E2,-0.0,1907,14.57444543069141,1.0,0.1454914617926023,0.0,4
8,0.0,0.0,0.0,0.0,Building_2,1,MASAC,0.7900000214576721,False,0.0,0.0,0.0,0.5324955582618713,34,0,0.0,0.0,-0.0,297840,-0.0,0.0,-0.409723699092865,0.0,0.0,0.0,0.0,78,3.531702699274271,1.0,0.205563845542761,0.0,0.0,0.0,-0.5467576384544373,CityLearnV3MADRLRewardFunction,masac_unified_comparable_v4,E2,-0.0,1907,14.57444543069141,1.0,0.1454914617926023,0.0,4
10,0.0,0.0,0.0,0.0,Building_3,2,MASAC,0.7900000214576721,False,0.0,0.0,0.0,0.5324955582618713,34,0,0.0,0.0,-0.0,297840,-0.0,0.0,-0.6014719009399414,0.0,0.0,0.0,0.0,92,3.7402959697454206,1.0,0.19595314035920994,0.0,0.0,0.0,-0.5467576384544373,CityLearnV3MADRLRewardFunction,masac_unified_comparable_v4,E2,-0.0,1907,14.57444543069141,1.0,0.1454914617926023,0.0,4
8,0.0,0.0,0.0,0.0,Building_4,3,MASAC,0.7900000214576721,False,0.0,0.0,0.0,0.5324955582618713,34,0,0.0,0.0,-0.0,297840,-0.0,0.0,-0.5541504621505737,0.0,0.0,0.0,0.0,78,3.461867124690307,1.0,0.2018539886444043,0.0,0.0,0.0,-0.5467576384544373,CityLearnV3MADRLRewardFunction,masac_unified_comparable_v4,E2,-0.0,1907,14.57444543069141,1.0,0.1454914617926023,0.0,4
5,0.0,0.0,0.0,0.0,Building_5,4,MASAC,0.7900000214576721,False,0.0,0.0,0.0,0.5324955582618713,34,0,0.0,0.0,-0.0,297840,-0.0,0.0,-0.6433576941490173,0.0,0.0,0.0,0.0,57,3.567358596244645,1.0,0.2966691445101771,0.0,0.0,0.0,-0.5467576384544373,CityLearnV3MADRLRewardFunction,masac_unified_comparable_v4,E2,-0.0,1907,14.57444543069141,1.0,0.1454914617926023,0.0,4
34,1.0,1.0,0.029411764705882353,0.0,Building_6,5,MASAC,0.7900000214576721,False,0.0,0.0,0.0,0.5324955582618713,34,0,0.0,0.0,-0.0,297840,-0.0,0.0,-0.6616913676261902,0.0,0.0,0.0,0.0,260,3.4477557057338934,1.0,0.060652696083371455,0.0,0.0,0.0,-0.5467576384544373,CityLearnV3MADRLRewardFunction,masac_unified_comparable_v4,E2,-0.0,1907,14.57444543069141,1.0,0.1454914617926023,0.0,4
44,0.0,0.0,0.0,0.0,Building_7,6,MASAC,0.7900000214576721,False,0.0,0.0,0.0,0.5324955582618713,34,0,0.0,0.0,-0.0,297840,-0.0,0.0,-0.4252525866031647,0.0,0.0,0.0,0.0,330,3.512988983280617,1.0,0.048420624570413066,0.0,0.0,0.0,-0.5467576384544373,CityLearnV3MADRLRewardFunction,masac_unified_comparable_v4,E2,-0.0,1907,14.57444543069141,1.0,0.1454914617926023,0.0,4
19,1.0,0.0,-0.05263157894736842,-1.0,Building_8,7,MASAC,0.7900000214576721,False,0.0,0.0,0.0,0.5324955582618713,34,0,0.0,0.0,-0.0,297840,-0.0,0.0,-0.4258458912372589,0.0,0.0,0.0,0.0,155,3.4963544154653943,1.0,0.10184601276151596,0.0,0.0,0.0,-0.5467576384544373,CityLearnV3MADRLRewardFunction,masac_unified_comparable_v4,E2,-0.0,1907,14.57444543069141,1.0,0.1454914617926023,0.0,4
12,0.0,0.0,0.0,0.0,Building_9,8,MASAC,0.7900000214576721,False,0.0,0.0,0.0,0.5324955582618713,34,0,0.0,0.0,-0.0,297840,-0.0,0.0,-0.4338396489620209,0.0,0.0,0.0,0.0,106,3.6453178913802824,1.0,0.16144251774223345,0.0,0.0,0.0,-0.5467576384544373,CityLearnV3MADRLRewardFunction,masac_unified_comparable_v4,E2,-0.0,1907,14.57444543069141,1.0,0.1454914617926023,0.0,4
8,0.0,0.0,0.0,0.0,Building_10,9,MASAC,0.7900000214576721,False,0.0,0.0,0.0,0.5324955582618713,34,0,0.0,0.0,-0.0,297840,-0.0,0.0,-0.6159887313842773,0.0,0.0,0.0,0.0,78,3.4866875190045796,1.0,0.20379960890381765,0.0,0.0,0.0,-0.5467576384544373,CityLearnV3MADRLRewardFunction,masac_unified_comparable_v4,E2,-0.0,1907,14.57444543069141,1.0,0.1454914617926023,0.0,4
5,0.0,0.0,0.0,0.0,Building_11,10,MASAC,0.7900000214576721,False,0.0,0.0,0.0,0.5324955582618713,34,0,0.0,0.0,-0.0,297840,-0.0,0.0,-0.6574148535728455,0.0,0.0,0.0,0.0,57,3.59995862027185,1.0,0.29420233609383567,0.0,0.0,0.0,-0.5467576384544373,CityLearnV3MADRLRewardFunction,masac_unified_comparable_v4,E2,-0.0,1907,14.57444543069141,1.0,0.1454914617926023,0.0,4
5,0.0,0.0,0.0,0.0,Building_12,11,MASAC,0.7900000214576721,False,0.0,0.0,0.0,0.5324955582618713,34,0,0.0,0.0,-0.0,297840,-0.0,0.0,-0.6617267727851868,0.0,0.0,0.0,0.0,57,3.6278005089150427,1.0,0.3037439868376966,0.0,0.0,0.0,-0.5467576384544373,CityLearnV3MADRLRewardFunction,masac_unified_comparable_v4,E2,-0.0,1907,14.57444543069141,1.0,0.1454914617926023,0.0,4
13,0.0,0.0,0.0,0.0,Building_13,12,MASAC,0.7900000214576721,False,0.0,0.0,0.0,0.5324955582618713,34,0,0.0,0.0,-0.0,297840,-0.0,0.0,-0.4147280752658844,0.0,0.0,0.0,0.0,113,3.5179681231706463,1.0,0.14156058457045428,0.0,0.0,0.0,-0.5467576384544373,CityLearnV3MADRLRewardFunction,masac_unified_comparable_v4,E2,-0.0,1907,14.57444543069141,1.0,0.1454914617926023,0.0,4
6,0.0,0.0,0.0,0.0,Building_14,13,MASAC,0.7900000214576721,False,0.0,0.0,0.0,0.5324955582618713,34,0,0.0,0.0,-0.0,297840,-0.0,0.0,-0.4237751066684723,0.0,0.0,0.0,0.0,64,3.496015835896579,1.0,0.24858597433194518,0.0,0.0,0.0,-0.5467576384544373,CityLearnV3MADRLRewardFunction,masac_unified_comparable_v4,E2,-0.0,1907,14.57444543069141,1.0,0.1454914617926023,0.0,4
10,0.0,0.0,0.0,0.0,Building_15,14,MASAC,0.7900000214576721,False,0.0,0.0,0.0,0.5324955582618713,34,0,0.0,0.0,-0.0,297840,-0.0,0.0,-0.4383438527584076,0.0,0.0,0.0,0.0,92,3.529556622967236,1.0,0.1748181156328191,0.0,0.0,0.0,-0.5467576384544373,CityLearnV3MADRLRewardFunction,masac_unified_comparable_v4,E2,-0.0,1907,14.57444543069141,1.0,0.1454914617926023,0.0,4
13,0.0,0.0,0.0,0.0,Building_16,15,MASAC,0.7900000214576721,False,0.0,0.0,0.0,0.5324955582618713,34,0,0.0,0.0,-0.0,297840,-0.0,0.0,-0.6523132920265198,0.0,0.0,0.0,0.0,113,3.424845920658173,1.0,0.13811553263031276,0.0,0.0,0.0,-0.5467576384544373,CityLearnV3MADRLRewardFunction,masac_unified_comparable_v4,E2,-0.0,1907,14.57444543069141,1.0,0.1454914617926023,0.0,4
13,0.0,0.0,0.0,0.0,Building_17,16,MASAC,0.7900000214576721,False,0.0,0.0,0.0,0.5324955582618713,34,0,0.0,0.0,-0.0,297840,-0.0,0.0,-0.6125652194023132,0.0,0.0,0.0,0.0,113,3.5867234077449055,1.0,0.14826818885265197,0.0,0.0,0.0,-0.5467576384544373,CityLearnV3MADRLRewardFunction,masac_unified_comparable_v4,E2,-0.0,1907,14.57444543069141,1.0,0.1454914617926023,0.0,4
6,0.0,0.0,0.0,0.0,Building_1,0,MASAC,0.7900000214576721,True,0.0,0.0,0.0,0.5324955582618713,34,8755,0.0,0.0,-0.0,306595,0.0,433.45458984375,-0.7850449681282043,226.82997131347656,342.42913818359375,433.45458984375,433.45458984375,64,3.3343504050884363,1.0,0.22407530876807868,0.0,0.0,0.0,-0.6994825005531311,CityLearnV3MADRLRewardFunction,masac_unified_comparable_v4,E2,-0.0,1907,13.853328217531873,1.0,0.12906334383337986,0.0,8759
8,0.0,0.0,0.0,0.0,Building_2,1,MASAC,0.7900000214576721,True,0.0,0.0,0.0,0.5324955582618713,34,8755,0.0,0.0,-0.0,306595,0.0,15.16435432434082,-0.6829442977905273,6.4599609375,11.979840278625488,15.16435432434082,15.16435432434082,78,3.308287726422924,1.0,0.18088800555620438,0.0,0.0,0.0,-0.6994825005531311,CityLearnV3MADRLRewardFunction,masac_unified_comparable_v4,E2,-0.0,1907,13.853328217531873,1.0,0.12906334383337986,0.0,8759
10,1.0,0.0,-0.1,-1.0,Building_3,2,MASAC,0.7900000214576721,True,-476.17718505859375,0.0,0.0,0.5324955582618713,34,8755,0.0,0.0,-0.0,306595,381.63739013671875,0.0,-0.5481840968132019,-162.576171875,0.0,-381.63739013671875,94.539794921875,92,3.24914807123473,1.0,0.1500722667121369,0.0,0.0,0.0,-0.6994825005531311,CityLearnV3MADRLRewardFunction,masac_unified_comparable_v4,E2,-0.0,1907,13.853328217531873,1.0,0.12906334383337986,0.0,8759
8,0.0,0.0,0.0,0.0,Building_4,3,MASAC,0.7900000214576721,True,0.0,0.0,0.0,0.5324955582618713,34,8755,0.0,0.0,-0.0,306595,0.0,31.04317283630371,-0.7566502690315247,13.224281311035156,24.524106979370117,31.04317283630371,31.04317283630371,78,3.3240817445429327,1.0,0.18115808012393805,0.0,0.0,0.0,-0.6994825005531311,CityLearnV3MADRLRewardFunction,masac_unified_comparable_v4,E2,-0.0,1907,13.853328217531873,1.0,0.12906334383337986,0.0,8759
5,0.0,0.0,0.0,0.0,Building_5,4,MASAC,0.7900000214576721,True,0.0,0.0,0.0,0.5324955582618713,34,8755,0.0,0.0,-0.0,306595,0.0,38.538970947265625,-0.8063458800315857,16.539165496826172,30.44578742980957,38.538970947265625,38.538970947265625,57,3.5864656218543765,1.0,0.29304267335356327,0.0,0.0,0.0,-0.6994825005531311,CityLearnV3MADRLRewardFunction,masac_unified_comparable_v4,E2,-0.0,1907,13.853328217531873,1.0,0.12906334383337986,0.0,8759
34,1.0,1.0,0.029411764705882353,0.0,Building_6,5,MASAC,0.7900000214576721,True,0.0,0.0,0.0,0.5324955582618713,34,8755,0.0,0.0,-0.0,306595,0.0,362.8901062011719,-0.7850425839424133,189.25469970703125,286.6831970214844,362.8901062011719,362.8901062011719,260,3.303039942298316,1.0,0.05401116993564826,0.0,0.0,0.0,-0.6994825005531311,CityLearnV3MADRLRewardFunction,masac_unified_comparable_v4,E2,-0.0,1907,13.853328217531873,1.0,0.12906334383337986,0.0,8759
44,1.0,1.0,0.022727272727272728,0.0,Building_7,6,MASAC,0.7900000214576721,True,0.0,0.0,0.0,0.5324955582618713,34,8755,0.0,0.0,-0.0,306595,0.0,12.664111137390137,-0.6633465886116028,5.394866466522217,10.004648208618164,12.664111137390137,12.664111137390137,330,3.408372271484143,1.0,0.04419421578447024,0.0,0.0,0.0,-0.6994825005531311,CityLearnV3MADRLRewardFunction,masac_unified_comparable_v4,E2,-0.0,1907,13.853328217531873,1.0,0.12906334383337986,0.0,8759
19,0.0,0.0,0.0,0.0,Building_8,7,MASAC,0.7900000214576721,True,0.0,0.0,0.0,0.5324955582618713,34,8755,0.0,0.0,-0.0,306595,0.0,12.065996170043945,-0.6580975651741028,5.140071392059326,9.532136917114258,12.065996170043945,12.065996170043945,155,3.469846484651592,1.0,0.097218081739641,0.0,0.0,0.0,-0.6994825005531311,CityLearnV3MADRLRewardFunction,masac_unified_comparable_v4,E2,-0.0,1907,13.853328217531873,1.0,0.12906334383337986,0.0,8759
12,0.0,0.0,0.0,0.0,Building_9,8,MASAC,0.7900000214576721,True,0.0,0.0,0.0,0.5324955582618713,34,8755,0.0,0.0,-0.0,306595,0.0,2.290161371231079,-0.5358266830444336,0.9756006002426147,1.8092275857925415,2.290161371231079,2.290161371231079,106,3.5560912810338006,1.0,0.15318571382536078,0.0,0.0,0.0,-0.6994825005531311,CityLearnV3MADRLRewardFunction,masac_unified_comparable_v4,E2,-0.0,1907,13.853328217531873,1.0,0.12906334383337986,0.0,8759
8,0.0,0.0,0.0,0.0,Building_10,9,MASAC,0.7900000214576721,True,0.0,0.0,0.0,0.5324955582618713,34,8755,0.0,0.0,-0.0,306595,0.0,51.649574279785156,-0.7788093090057373,23.5205020904541,40.803165435791016,51.649574279785156,51.649574279785156,78,3.32620274447744,1.0,0.1833555226524671,0.0,0.0,0.0,-0.6994825005531311,CityLearnV3MADRLRewardFunction,masac_unified_comparable_v4,E2,-0.0,1907,13.853328217531873,1.0,0.12906334383337986,0.0,8759
5,1.0,1.0,0.2,0.0,Building_11,10,MASAC,0.7900000214576721,True,0.0,0.0,0.0,0.5324955582618713,34,8755,0.0,0.0,-0.0,306595,0.0,71.54803466796875,-0.7831230759620667,34.1163444519043,56.52294921875,71.54803466796875,71.54803466796875,57,3.389068032258569,1.0,0.25321126199866595,0.0,0.0,0.0,-0.6994825005531311,CityLearnV3MADRLRewardFunction,masac_unified_comparable_v4,E2,-0.0,1907,13.853328217531873,1.0,0.12906334383337986,0.0,8759
5,0.0,0.0,0.0,0.0,Building_12,11,MASAC,0.7900000214576721,True,0.0,0.0,0.0,0.5324955582618713,34,8755,0.0,0.0,-0.0,306595,0.0,215.11593627929688,-0.7828494310379028,110.56561279296875,169.94158935546875,215.11593627929688,215.11593627929688,57,3.220638261467453,1.0,0.2409342046369586,0.0,0.0,0.0,-0.6994825005531311,CityLearnV3MADRLRewardFunction,masac_unified_comparable_v4,E2,-0.0,1907,13.853328217531873,1.0,0.12906334383337986,0.0,8759
13,0.0,0.0,0.0,0.0,Building_13,12,MASAC,0.7900000214576721,True,0.0,0.0,0.0,0.5324955582618713,34,8755,0.0,0.0,-0.0,306595,0.0,2.033022403717041,-0.5501610040664673,0.8660603165626526,1.6060876846313477,2.033022403717041,2.033022403717041,113,3.36325103040041,1.0,0.12653894300481913,0.0,0.0,0.0,-0.6994825005531311,CityLearnV3MADRLRewardFunction,masac_unified_comparable_v4,E2,-0.0,1907,13.853328217531873,1.0,0.12906334383337986,0.0,8759
6,0.0,0.0,0.0,0.0,Building_14,13,MASAC,0.7900000214576721,True,0.0,0.0,0.0,0.5324955582618713,34,8755,0.0,0.0,-0.0,306595,0.0,2.6149511337280273,-0.557169497013092,1.1139599084854126,2.0658113956451416,2.6149511337280273,2.6149511337280273,64,3.3891428877106704,1.0,0.22461503534577787,0.0,0.0,0.0,-0.6994825005531311,CityLearnV3MADRLRewardFunction,masac_unified_comparable_v4,E2,-0.0,1907,13.853328217531873,1.0,0.12906334383337986,0.0,8759
10,0.0,0.0,0.0,0.0,Building_15,14,MASAC,0.7900000214576721,True,0.0,0.0,0.0,0.5324955582618713,34,8755,0.0,0.0,-0.0,306595,0.0,19.521480560302734,-0.7116079330444336,8.316081047058105,15.42197036743164,19.521480560302734,19.521480560302734,92,3.3352656008253674,1.0,0.15549196966964265,0.0,0.0,0.0,-0.6994825005531311,CityLearnV3MADRLRewardFunction,masac_unified_comparable_v4,E2,-0.0,1907,13.853328217531873,1.0,0.12906334383337986,0.0,8759
13,0.0,0.0,0.0,0.0,Building_16,15,MASAC,0.7900000214576721,True,0.0,0.0,0.0,0.5324955582618713,34,8755,0.0,0.0,-0.0,306595,0.0,54.89390563964844,-0.7785588502883911,25.24809455871582,43.366188049316406,54.89390563964844,54.89390563964844,113,3.227630212633536,1.0,0.12024251714480662,0.0,0.0,0.0,-0.6994825005531311,CityLearnV3MADRLRewardFunction,masac_unified_comparable_v4,E2,-0.0,1907,13.853328217531873,1.0,0.12906334383337986,0.0,8759
13,0.0,0.0,0.0,0.0,Building_17,16,MASAC,0.7900000214576721,True,0.0,0.0,0.0,0.5324955582618713,34,8755,0.0,0.0,-0.0,306595,0.0,22.46647071838379,-0.727440595626831,9.570636749267578,17.748512268066406,22.46647071838379,22.46647071838379,113,3.302858128988365,1.0,0.1244678474896777,0.0,0.0,0.0,-0.6994825005531311,CityLearnV3MADRLRewardFunction,masac_unified_comparable_v4,E2,-0.0,1907,13.853328217531873,1.0,0.12906334383337986,0.0,8759
6,0.0,0.0,0.0,0.0,Building_1,0,MASAC,0.7900000214576721,False,0.0,0.0,0.0,0.5324955582618713,35,0,0.0,0.0,-0.0,306600,-0.0,0.0,-0.7024708986282349,0.0,0.0,0.0,0.0,64,3.230302027394432,1.0,0.2269857495848555,0.0,0.0,0.0,-0.5974960923194885,CityLearnV3MADRLRewardFunction,masac_unified_comparable_v4,E2,-0.0,1907,14.027782568527693,1.0,0.13709663618971335,0.0,5
8,0.0,0.0,0.0,0.0,Building_2,1,MASAC,0.7900000214576721,False,0.0,0.0,0.0,0.5324955582618713,35,0,0.0,0.0,-0.0,306600,-0.0,0.0,-0.4577944874763489,0.0,0.0,0.0,0.0,78,3.368712775797938,1.0,0.1897770321378723,0.0,0.0,0.0,-0.5974960923194885,CityLearnV3MADRLRewardFunction,masac_unified_comparable_v4,E2,-0.0,1907,14.027782568527693,1.0,0.13709663618971335,0.0,5
10,0.0,0.0,0.0,0.0,Building_3,2,MASAC,0.7900000214576721,False,0.0,0.0,0.0,0.5324955582618713,35,0,0.0,0.0,-0.0,306600,-0.0,0.0,-0.698327898979187,0.0,0.0,0.0,0.0,92,3.7003030610600756,1.0,0.19788526397441392,0.0,0.0,0.0,-0.5974960923194885,CityLearnV3MADRLRewardFunction,masac_unified_comparable_v4,E2,-0.0,1907,14.027782568527693,1.0,0.13709663618971335,0.0,5
8,0.0,0.0,0.0,0.0,Building_4,3,MASAC,0.7900000214576721,False,0.0,0.0,0.0,0.5324955582618713,35,0,0.0,0.0,-0.0,306600,-0.0,0.0,-0.5845934152603149,0.0,0.0,0.0,0.0,78,3.2947954664264385,1.0,0.18601345769965497,0.0,0.0,0.0,-0.5974960923194885,CityLearnV3MADRLRewardFunction,masac_unified_comparable_v4,E2,-0.0,1907,14.027782568527693,1.0,0.13709663618971335,0.0,5
5,0.0,0.0,0.0,0.0,Building_5,4,MASAC,0.7900000214576721,False,0.0,0.0,0.0,0.5324955582618713,35,0,0.0,0.0,-0.0,306600,-0.0,0.0,-0.6817097067832947,0.0,0.0,0.0,0.0,57,3.412405327795951,1.0,0.276821827058468,0.0,0.0,0.0,-0.5974960923194885,CityLearnV3MADRLRewardFunction,masac_unified_comparable_v4,E2,-0.0,1907,14.027782568527693,1.0,0.13709663618971335,0.0,5
34,0.0,0.0,0.0,0.0,Building_6,5,MASAC,0.7900000214576721,False,0.0,0.0,0.0,0.5324955582618713,35,0,0.0,0.0,-0.0,306600,-0.0,0.0,-0.7013994455337524,0.0,0.0,0.0,0.0,260,3.2796292386580315,1.0,0.05586776745577271,0.0,0.0,0.0,-0.5974960923194885,CityLearnV3MADRLRewardFunction,masac_unified_comparable_v4,E2,-0.0,1907,14.027782568527693,1.0,0.13709663618971335,0.0,5
44,1.0,1.0,0.022727272727272728,0.0,Building_7,6,MASAC,0.7900000214576721,False,0.0,0.0,0.0,0.5324955582618713,35,0,0.0,0.0,-0.0,306600,-0.0,0.0,-0.519853413105011,0.0,0.0,0.0,0.0,330,3.347978683010938,1.0,0.0448055207334233,0.0,0.0,0.0,-0.5974960923194885,CityLearnV3MADRLRewardFunction,masac_unified_comparable_v4,E2,-0.0,1907,14.027782568527693,1.0,0.13709663618971335,0.0,5
19,0.0,0.0,0.0,0.0,Building_8,7,MASAC,0.7900000214576721,False,0.0,0.0,0.0,0.5324955582618713,35,0,0.0,0.0,-0.0,306600,-0.0,0.0,-0.4594804346561432,0.0,0.0,0.0,0.0,155,3.3653249169026114,1.0,0.09547849596748428,0.0,0.0,0.0,-0.5974960923194885,CityLearnV3MADRLRewardFunction,masac_unified_comparable_v4,E2,-0.0,1907,14.027782568527693,1.0,0.13709663618971335,0.0,5
12,0.0,0.0,0.0,0.0,Building_9,8,MASAC,0.7900000214576721,False,0.0,0.0,0.0,0.5324955582618713,35,0,0.0,0.0,-0.0,306600,-0.0,0.0,-0.4786154627799988,0.0,0.0,0.0,0.0,106,3.4479149642748346,1.0,0.1472144888292225,0.0,0.0,0.0,-0.5974960923194885,CityLearnV3MADRLRewardFunction,masac_unified_comparable_v4,E2,-0.0,1907,14.027782568527693,1.0,0.13709663618971335,0.0,5
8,0.0,0.0,0.0,0.0,Building_10,9,MASAC,0.7900000214576721,False,0.0,0.0,0.0,0.5324955582618713,35,0,0.0,0.0,-0.0,306600,-0.0,0.0,-0.6870959401130676,0.0,0.0,0.0,0.0,78,3.2967026049363852,1.0,0.18596204506376615,0.0,0.0,0.0,-0.5974960923194885,CityLearnV3MADRLRewardFunction,masac_unified_comparable_v4,E2,-0.0,1907,14.027782568527693,1.0,0.13709663618971335,0.0,5
5,0.0,0.0,0.0,0.0,Building_11,10,MASAC,0.7900000214576721,False,0.0,0.0,0.0,0.5324955582618713,35,0,0.0,0.0,-0.0,306600,-0.0,0.0,-0.699179470539093,0.0,0.0,0.0,0.0,57,3.6138441140798885,1.0,0.2972041754411501,0.0,0.0,0.0,-0.5974960923194885,CityLearnV3MADRLRewardFunction,masac_unified_comparable_v4,E2,-0.0,1907,14.027782568527693,1.0,0.13709663618971335,0.0,5
5,0.0,0.0,0.0,0.0,Building_12,11,MASAC,0.7900000214576721,False,0.0,0.0,0.0,0.5324955582618713,35,0,0.0,0.0,-0.0,306600,-0.0,0.0,-0.7014404535293579,0.0,0.0,0.0,0.0,57,3.5696188484825657,1.0,0.29386481528350133,0.0,0.0,0.0,-0.5974960923194885,CityLearnV3MADRLRewardFunction,masac_unified_comparable_v4,E2,-0.0,1907,14.027782568527693,1.0,0.13709663618971335,0.0,5
13,0.0,0.0,0.0,0.0,Building_13,12,MASAC,0.7900000214576721,False,0.0,0.0,0.0,0.5324955582618713,35,0,0.0,0.0,-0.0,306600,-0.0,0.0,-0.4575754404067993,0.0,0.0,0.0,0.0,113,3.3535956111508862,1.0,0.13061708675087552,0.0,0.0,0.0,-0.5974960923194885,CityLearnV3MADRLRewardFunction,masac_unified_comparable_v4,E2,-0.0,1907,14.027782568527693,1.0,0.13709663618971335,0.0,5
6,0.0,0.0,0.0,0.0,Building_14,13,MASAC,0.7900000214576721,False,0.0,0.0,0.0,0.5324955582618713,35,0,0.0,0.0,-0.0,306600,-0.0,0.0,-0.4686465561389923,0.0,0.0,0.0,0.0,64,3.455035993448212,1.0,0.24675126586225815,0.0,0.0,0.0,-0.5974960923194885,CityLearnV3MADRLRewardFunction,masac_unified_comparable_v4,E2,-0.0,1907,14.027782568527693,1.0,0.13709663618971335,0.0,5
10,0.0,0.0,0.0,0.0,Building_15,14,MASAC,0.7900000214576721,False,0.0,0.0,0.0,0.5324955582618713,35,0,0.0,0.0,-0.0,306600,-0.0,0.0,-0.524198055267334,0.0,0.0,0.0,0.0,92,3.3734807256670916,1.0,0.16294836627481424,0.0,0.0,0.0,-0.5974960923194885,CityLearnV3MADRLRewardFunction,masac_unified_comparable_v4,E2,-0.0,1907,14.027782568527693,1.0,0.13709663618971335,0.0,5
13,0.0,0.0,0.0,0.0,Building_16,15,MASAC,0.7900000214576721,False,0.0,0.0,0.0,0.5324955582618713,35,0,0.0,0.0,-0.0,306600,-0.0,0.0,-0.685204029083252,0.0,0.0,0.0,0.0,113,3.2487414972185613,1.0,0.12678493719251283,0.0,0.0,0.0,-0.5974960923194885,CityLearnV3MADRLRewardFunction,masac_unified_comparable_v4,E2,-0.0,1907,14.027782568527693,1.0,0.13709663618971335,0.0,5
13,0.0,0.0,0.0,0.0,Building_17,16,MASAC,0.7900000214576721,False,0.0,0.0,0.0,0.5324955582618713,35,0,0.0,0.0,-0.0,306600,-0.0,0.0,-0.6498476266860962,0.0,0.0,0.0,0.0,113,3.440327218771892,1.0,0.14016969140981678,0.0,0.0,0.0,-0.5974960923194885,CityLearnV3MADRLRewardFunction,masac_unified_comparable_v4,E2,-0.0,1907,14.027782568527693,1.0,0.13709663618971335,0.0,5
6,1.0,1.0,0.16666666666666666,0.0,Building_1,0,MASAC,0.7900000214576721,True,0.0,0.0,0.0,0.5324955582618713,35,8754,0.0,0.0,-0.0,315354,0.0,446.8856201171875,-0.7833965420722961,235.3733673095703,353.0396423339844,446.8856201171875,446.8856201171875,64,3.455251592109411,1.0,0.24420900223776698,0.0,0.0,0.0,-0.6972842216491699,CityLearnV3MADRLRewardFunction,masac_unified_comparable_v4,E2,-0.0,1907,14.479559513661336,1.0,0.14127426490570527,0.0,8759
8,0.0,0.0,0.0,0.0,Building_2,1,MASAC,0.7900000214576721,True,0.0,0.0,0.0,0.5324955582618713,35,8754,0.0,0.0,-0.0,315354,0.0,5.618855953216553,-0.5903821587562561,2.3936126232147217,4.438896179199219,5.618855953216553,5.618855953216553,78,3.461381126594398,1.0,0.1951109915971756,0.0,0.0,0.0,-0.6972842216491699,CityLearnV3MADRLRewardFunction,masac_unified_comparable_v4,E2,-0.0,1907,14.479559513661336,1.0,0.14127426490570527,0.0,8759
10,0.0,0.0,0.0,0.0,Building_3,2,MASAC,0.7900000214576721,True,0.0,0.0,0.0,0.5324955582618713,35,8754,0.0,0.0,-0.0,315354,0.0,98.17061614990234,-0.7799344658851624,49.684173583984375,77.5547866821289,98.17061614990234,98.17061614990234,92,3.3819622763477972,1.0,0.16205890330931413,0.0,0.0,0.0,-0.6972842216491699,CityLearnV3MADRLRewardFunction,masac_unified_comparable_v4,E2,-0.0,1907,14.479559513661336,1.0,0.14127426490570527,0.0,8759
8,0.0,0.0,0.0,0.0,Building_4,3,MASAC,0.7900000214576721,True,0.0,0.0,0.0,0.5324955582618713,35,8754,0.0,0.0,-0.0,315354,0.0,28.84416961669922,-0.7494218945503235,12.768149375915527,22.786893844604492,28.84416961669922,28.84416961669922,78,3.5056828700081786,1.0,0.20037670930226645,0.0,0.0,0.0,-0.6972842216491699,CityLearnV3MADRLRewardFunction,masac_unified_comparable_v4,E2,-0.0,1907,14.479559513661336,1.0,0.14127426490570527,0.0,8759
5,0.0,0.0,0.0,0.0,Building_5,4,MASAC,0.7900000214576721,True,0.0,0.0,0.0,0.5324955582618713,35,8754,0.0,0.0,-0.0,315354,0.0,37.89287567138672,-0.8023595213890076,17.586544036865234,29.935373306274414,37.89287567138672,37.89287567138672,57,3.5885170374133724,1.0,0.30035031887522917,0.0,0.0,0.0,-0.6972842216491699,CityLearnV3MADRLRewardFunction,masac_unified_comparable_v4,E2,-0.0,1907,14.479559513661336,1.0,0.14127426490570527,0.0,8759
34,0.0,0.0,0.0,0.0,Building_6,5,MASAC,0.7900000214576721,True,0.0,0.0,0.0,0.5324955582618713,35,8754,0.0,0.0,-0.0,315354,0.0,350.8894348144531,-0.7832487225532532,184.25582885742188,277.2026672363281,350.8894348144531,350.8894348144531,260,3.3873402588351,1.0,0.05796890957997396,0.0,0.0,0.0,-0.6972842216491699,CityLearnV3MADRLRewardFunction,masac_unified_comparable_v4,E2,-0.0,1907,14.479559513661336,1.0,0.14127426490570527,0.0,8759
44,0.0,0.0,0.0,0.0,Building_7,6,MASAC,0.7900000214576721,True,0.0,0.0,0.0,0.5324955582618713,35,8754,0.0,0.0,-0.0,315354,0.0,18.66022491455078,-0.7052645087242126,7.94918966293335,14.741578102111816,18.66022491455078,18.66022491455078,330,3.4823938435199415,1.0,0.04750782386823134,0.0,0.0,0.0,-0.6972842216491699,CityLearnV3MADRLRewardFunction,masac_unified_comparable_v4,E2,-0.0,1907,14.479559513661336,1.0,0.14127426490570527,0.0,8759
19,0.0,0.0,0.0,0.0,Building_8,7,MASAC,0.7900000214576721,True,0.0,0.0,0.0,0.5324955582618713,35,8754,0.0,0.0,-0.0,315354,0.0,19.251495361328125,-0.7084122896194458,8.201068878173828,15.2086820602417,19.251495361328125,19.251495361328125,155,3.5885724372116306,1.0,0.10432261699630369,0.0,0.0,0.0,-0.6972842216491699,CityLearnV3MADRLRewardFunction,masac_unified_comparable_v4,E2,-0.0,1907,14.479559513661336,1.0,0.14127426490570527,0.0,8759
12,0.0,0.0,0.0,0.0,Building_9,8,MASAC,0.7900000214576721,True,0.0,0.0,0.0,0.5324955582618713,35,8754,0.0,0.0,-0.0,315354,0.0,2.4506425857543945,-0.5361061692237854,1.0439649820327759,1.9360077381134033,2.4506425857543945,2.4506425857543945,106,3.729371093637439,1.0,0.1696401317164583,0.0,0.0,0.0,-0.6972842216491699,CityLearnV3MADRLRewardFunction,masac_unified_comparable_v4,E2,-0.0,1907,14.479559513661336,1.0,0.14127426490570527,0.0,8759
8,0.0,0.0,0.0,0.0,Building_10,9,MASAC,0.7900000214576721,True,0.0,0.0,0.0,0.5324955582618713,35,8754,0.0,0.0,-0.0,315354,0.0,34.33414077758789,-0.7618150115013123,15.691534042358398,27.123971939086914,34.33414077758789,34.33414077758789,78,3.5528739754411407,1.0,0.2039016818579955,0.0,0.0,0.0,-0.6972842216491699,CityLearnV3MADRLRewardFunction,masac_unified_comparable_v4,E2,-0.0,1907,14.479559513661336,1.0,0.14127426490570527,0.0,8759
5,0.0,0.0,0.0,0.0,Building_11,10,MASAC,0.7900000214576721,True,0.0,0.0,0.0,0.5324955582618713,35,8754,0.0,0.0,-0.0,315354,0.0,57.917564392089844,-0.7777499556541443,28.249603271484375,45.754878997802734,57.917564392089844,57.917564392089844,57,3.426212184240878,1.0,0.26582690236861245,0.0,0.0,0.0,-0.6972842216491699,CityLearnV3MADRLRewardFunction,masac_unified_comparable_v4,E2,-0.0,1907,14.479559513661336,1.0,0.14127426490570527,0.0,8759
5,1.0,0.0,-0.2,-1.0,Building_12,11,MASAC,0.7900000214576721,True,-470.29974365234375,0.0,0.0,0.5324955582618713,35,8754,0.0,0.0,-0.0,315354,287.6976318359375,0.0,-0.5459843873977661,-122.55816650390625,0.0,-287.6976318359375,182.60211181640625,57,3.502170129409382,1.0,0.2743286218559533,0.0,0.0,0.0,-0.6972842216491699,CityLearnV3MADRLRewardFunction,masac_unified_comparable_v4,E2,-0.0,1907,14.479559513661336,1.0,0.14127426490570527,0.0,8759
13,0.0,0.0,0.0,0.0,Building_13,12,MASAC,0.7900000214576721,True,0.0,0.0,0.0,0.5324955582618713,35,8754,0.0,0.0,-0.0,315354,0.0,2.789367437362671,-0.5575680136680603,1.1882606744766235,2.2036004066467285,2.789367437362671,2.789367437362671,113,3.5170224292803534,1.0,0.13889573474900913,0.0,0.0,0.0,-0.6972842216491699,CityLearnV3MADRLRewardFunction,masac_unified_comparable_v4,E2,-0.0,1907,14.479559513661336,1.0,0.14127426490570527,0.0,8759
6,0.0,0.0,0.0,0.0,Building_14,13,MASAC,0.7900000214576721,True,0.0,0.0,0.0,0.5324955582618713,35,8754,0.0,0.0,-0.0,315354,0.0,2.485826015472412,-0.5539682507514954,1.058953046798706,1.9638025760650635,2.485826015472412,2.485826015472412,64,3.541940705786867,1.0,0.24677446484565735,0.0,0.0,0.0,-0.6972842216491699,CityLearnV3MADRLRewardFunction,masac_unified_comparable_v4,E2,-0.0,1907,14.479559513661336,1.0,0.14127426490570527,0.0,8759
10,0.0,0.0,0.0,0.0,Building_15,14,MASAC,0.7900000214576721,True,0.0,0.0,0.0,0.5324955582618713,35,8754,0.0,0.0,-0.0,315354,0.0,20.5941162109375,-0.7165469527244568,8.77302074432373,16.269351959228516,20.5941162109375,20.5941162109375,92,3.601879396179038,1.0,0.17854711380989655,0.0,0.0,0.0,-0.6972842216491699,CityLearnV3MADRLRewardFunction,masac_unified_comparable_v4,E2,-0.0,1907,14.479559513661336,1.0,0.14127426490570527,0.0,8759
13,0.0,0.0,0.0,0.0,Building_16,15,MASAC,0.7900000214576721,True,0.0,0.0,0.0,0.5324955582618713,35,8754,0.0,0.0,-0.0,315354,0.0,103.13050842285156,-0.7827247381210327,52.325294494628906,81.47310638427734,103.13050842285156,103.13050842285156,113,3.553901912901871,1.0,0.14271204239499252,0.0,0.0,0.0,-0.6972842216491699,CityLearnV3MADRLRewardFunction,masac_unified_comparable_v4,E2,-0.0,1907,14.479559513661336,1.0,0.14127426490570527,0.0,8759
13,1.0,1.0,0.07692307692307693,0.0,Building_17,16,MASAC,0.7900000214576721,True,0.0,0.0,0.0,0.5324955582618713,35,8754,0.0,0.0,-0.0,315354,0.0,21.1981143951416,-0.7189485430717468,9.03032112121582,16.746511459350586,21.1981143951416,21.1981143951416,113,3.405877204699376,1.0,0.13510695587744756,0.0,0.0,0.0,-0.6972842216491699,CityLearnV3MADRLRewardFunction,masac_unified_comparable_v4,E2,-0.0,1907,14.479559513661336,1.0,0.14127426490570527,0.0,8759
6,0.0,0.0,0.0,0.0,Building_1,0,MASAC,0.786109983921051,False,0.0,0.0,0.0,0.5324955582618713,36,0,0.0,0.0,-0.0,315360,-0.0,0.0,-0.6480006575584412,0.0,0.0,0.0,0.0,64,3.1651688358473042,1.0,0.23322499128698837,0.0,0.0,0.0,-0.5198083519935608,CityLearnV3MADRLRewardFunction,masac_unified_comparable_v4,E2,-0.0,1907,13.947961497015864,1.0,0.1458626781308493,0.0,6
8,0.0,0.0,0.0,0.0,Building_2,1,MASAC,0.786109983921051,False,0.0,0.0,0.0,0.5324955582618713,36,0,0.0,0.0,-0.0,315360,-0.0,0.0,-0.3886909484863281,0.0,0.0,0.0,0.0,78,3.26324284078737,1.0,0.19295458499198923,0.0,0.0,0.0,-0.5198083519935608,CityLearnV3MADRLRewardFunction,masac_unified_comparable_v4,E2,-0.0,1907,13.947961497015864,1.0,0.1458626781308493,0.0,6
10,0.0,0.0,0.0,0.0,Building_3,2,MASAC,0.786109983921051,False,0.0,0.0,0.0,0.5324955582618713,36,0,0.0,0.0,-0.0,315360,-0.0,0.0,-0.6501490473747253,0.0,0.0,0.0,0.0,92,3.5801144807309995,1.0,0.19926722326477908,0.0,0.0,0.0,-0.5198083519935608,CityLearnV3MADRLRewardFunction,masac_unified_comparable_v4,E2,-0.0,1907,13.947961497015864,1.0,0.1458626781308493,0.0,6
8,0.0,0.0,0.0,0.0,Building_4,3,MASAC,0.786109983921051,False,0.0,0.0,0.0,0.5324955582618713,36,0,0.0,0.0,-0.0,315360,-0.0,0.0,-0.5721431970596313,0.0,0.0,0.0,0.0,78,3.1402929833935134,1.0,0.18496121412429672,0.0,0.0,0.0,-0.5198083519935608,CityLearnV3MADRLRewardFunction,masac_unified_comparable_v4,E2,-0.0,1907,13.947961497015864,1.0,0.1458626781308493,0.0,6
5,0.0,0.0,0.0,0.0,Building_5,4,MASAC,0.786109983921051,False,0.0,0.0,0.0,0.5324955582618713,36,0,0.0,0.0,-0.0,315360,-0.0,0.0,-0.6415141820907593,0.0,0.0,0.0,0.0,57,3.3769308484050367,1.0,0.2903074958574092,0.0,0.0,0.0,-0.5198083519935608,CityLearnV3MADRLRewardFunction,masac_unified_comparable_v4,E2,-0.0,1907,13.947961497015864,1.0,0.1458626781308493,0.0,6
34,1.0,0.0,-0.029411764705882353,-1.0,Building_6,5,MASAC,0.786109983921051,False,0.0,0.0,0.0,0.5324955582618713,36,0,0.0,0.0,-0.0,315360,-0.0,0.0,-0.6464059352874756,0.0,0.0,0.0,0.0,260,3.155616671649087,1.0,0.056231498843632065,0.0,0.0,0.0,-0.5198083519935608,CityLearnV3MADRLRewardFunction,masac_unified_comparable_v4,E2,-0.0,1907,13.947961497015864,1.0,0.1458626781308493,0.0,6
44,0.0,0.0,0.0,0.0,Building_7,6,MASAC,0.786109983921051,False,0.0,0.0,0.0,0.5324955582618713,36,0,0.0,0.0,-0.0,315360,-0.0,0.0,-0.38941246271133423,0.0,0.0,0.0,0.0,330,3.2431335550086637,1.0,0.04540951686318625,0.0,0.0,0.0,-0.5198083519935608,CityLearnV3MADRLRewardFunction,masac_unified_comparable_v4,E2,-0.0,1907,13.947961497015864,1.0,0.1458626781308493,0.0,6
19,0.0,0.0,0.0,0.0,Building_8,7,MASAC,0.786109983921051,False,0.0,0.0,0.0,0.5324955582618713,36,0,0.0,0.0,-0.0,315360,-0.0,0.0,-0.388960063457489,0.0,0.0,0.0,0.0,155,3.2580245438838484,1.0,0.09699534410310369,0.0,0.0,0.0,-0.5198083519935608,CityLearnV3MADRLRewardFunction,masac_unified_comparable_v4,E2,-0.0,1907,13.947961497015864,1.0,0.1458626781308493,0.0,6
12,0.0,0.0,0.0,0.0,Building_9,8,MASAC,0.786109983921051,False,0.0,0.0,0.0,0.5324955582618713,36,0,0.0,0.0,-0.0,315360,-0.0,0.0,-0.42200228571891785,0.0,0.0,0.0,0.0,106,3.299744302820312,1.0,0.147960174433395,0.0,0.0,0.0,-0.5198083519935608,CityLearnV3MADRLRewardFunction,masac_unified_comparable_v4,E2,-0.0,1907,13.947961497015864,1.0,0.1458626781308493,0.0,6
8,0.0,0.0,0.0,0.0,Building_10,9,MASAC,0.786109983921051,False,0.0,0.0,0.0,0.5324955582618713,36,0,0.0,0.0,-0.0,315360,-0.0,0.0,-0.45651331543922424,0.0,0.0,0.0,0.0,78,3.214406666694656,1.0,0.1907461668866185,0.0,0.0,0.0,-0.5198083519935608,CityLearnV3MADRLRewardFunction,masac_unified_comparable_v4,E2,-0.0,1907,13.947961497015864,1.0,0.1458626781308493,0.0,6
5,1.0,1.0,0.2,0.0,Building_11,10,MASAC,0.786109983921051,False,0.0,0.0,0.0,0.5324955582618713,36,0,0.0,0.0,-0.0,315360,-0.0,0.0,-0.6374463438987732,0.0,0.0,0.0,0.0,57,3.787347230864605,1.0,0.35418858776163115,0.0,0.0,0.0,-0.5198083519935608,CityLearnV3MADRLRewardFunction,masac_unified_comparable_v4,E2,-0.0,1907,13.947961497015864,1.0,0.1458626781308493,0.0,6
5,0.0,0.0,0.0,0.0,Building_12,11,MASAC,0.786109983921051,False,0.0,0.0,0.0,0.5324955582618713,36,0,0.0,0.0,-0.0,315360,-0.0,0.0,-0.6469489932060242,0.0,0.0,0.0,0.0,57,3.8734034256187075,1.0,0.36615842781764896,0.0,0.0,0.0,-0.5198083519935608,CityLearnV3MADRLRewardFunction,masac_unified_comparable_v4,E2,-0.0,1907,13.947961497015864,1.0,0.1458626781308493,0.0,6
13,0.0,0.0,0.0,0.0,Building_13,12,MASAC,0.786109983921051,False,0.0,0.0,0.0,0.5324955582618713,36,0,0.0,0.0,-0.0,315360,-0.0,0.0,-0.3890508711338043,0.0,0.0,0.0,0.0,113,3.250300834049272,1.0,0.13287733299904955,0.0,0.0,0.0,-0.5198083519935608,CityLearnV3MADRLRewardFunction,masac_unified_comparable_v4,E2,-0.0,1907,13.947961497015864,1.0,0.1458626781308493,0.0,6
6,0.0,0.0,0.0,0.0,Building_14,13,MASAC,0.786109983921051,False,0.0,0.0,0.0,0.5324955582618713,36,0,0.0,0.0,-0.0,315360,-0.0,0.0,-0.40670523047447205,0.0,0.0,0.0,0.0,64,3.951843187688459,1.0,0.33916932536521927,0.0,0.0,0.0,-0.5198083519935608,CityLearnV3MADRLRewardFunction,masac_unified_comparable_v4,E2,-0.0,1907,13.947961497015864,1.0,0.1458626781308493,0.0,6
10,0.0,0.0,0.0,0.0,Building_15,14,MASAC,0.786109983921051,False,0.0,0.0,0.0,0.5324955582618713,36,0,0.0,0.0,-0.0,315360,-0.0,0.0,-0.4027560353279114,0.0,0.0,0.0,0.0,92,3.2926399370910953,1.0,0.16580403234769145,0.0,0.0,0.0,-0.5198083519935608,CityLearnV3MADRLRewardFunction,masac_unified_comparable_v4,E2,-0.0,1907,13.947961497015864,1.0,0.1458626781308493,0.0,6
13,1.0,1.0,0.07692307692307693,0.0,Building_16,15,MASAC,0.786109983921051,False,0.0,0.0,0.0,0.5324955582618713,36,0,0.0,0.0,-0.0,315360,-0.0,0.0,-0.5698592066764832,0.0,0.0,0.0,0.0,113,3.196790665455424,1.0,0.1323858485268676,0.0,0.0,0.0,-0.5198083519935608,CityLearnV3MADRLRewardFunction,masac_unified_comparable_v4,E2,-0.0,1907,13.947961497015864,1.0,0.1458626781308493,0.0,6
13,0.0,0.0,0.0,0.0,Building_17,16,MASAC,0.786109983921051,False,0.0,0.0,0.0,0.5324955582618713,36,0,0.0,0.0,-0.0,315360,-0.0,0.0,-0.5801829099655151,0.0,0.0,0.0,0.0,113,3.300796973022704,1.0,0.13875458682104286,0.0,0.0,0.0,-0.5198083519935608,CityLearnV3MADRLRewardFunction,masac_unified_comparable_v4,E2,-0.0,1907,13.947961497015864,1.0,0.1458626781308493,0.0,6
6,0.0,0.0,0.0,0.0,Building_1,0,MASAC,0.7900000214576721,True,0.0,0.0,0.0,0.5324955582618713,36,8753,0.0,0.0,-0.0,324113,0.0,391.586669921875,-0.7357487678527832,208.51815795898438,309.3534851074219,391.586669921875,391.586669921875,64,3.4337507948079145,1.0,0.23298340663313866,0.0,0.0,0.0,-0.6296117305755615,CityLearnV3MADRLRewardFunction,masac_unified_comparable_v4,E2,-0.0,1907,14.10999238843961,1.0,0.13280023767270527,0.0,8759
8,0.0,0.0,0.0,0.0,Building_2,1,MASAC,0.7900000214576721,True,0.0,0.0,0.0,0.5324955582618713,36,8753,0.0,0.0,-0.0,324113,0.0,0.1848604530096054,-0.47848811745643616,0.0984373688697815,0.14603976905345917,0.1848604530096054,0.1848604530096054,78,3.381793315517255,1.0,0.18371726591617632,0.0,0.0,0.0,-0.6296117305755615,CityLearnV3MADRLRewardFunction,masac_unified_comparable_v4,E2,-0.0,1907,14.10999238843961,1.0,0.13280023767270527,0.0,8759
10,0.0,0.0,0.0,0.0,Building_3,2,MASAC,0.7900000214576721,True,0.0,0.0,0.0,0.5324955582618713,36,8753,0.0,0.0,-0.0,324113,0.0,39.0087890625,-0.7203841209411621,20.77200698852539,30.816944122314453,39.0087890625,39.0087890625,92,3.3275734665077796,1.0,0.15588763161845828,0.0,0.0,0.0,-0.6296117305755615,CityLearnV3MADRLRewardFunction,masac_unified_comparable_v4,E2,-0.0,1907,14.10999238843961,1.0,0.13280023767270527,0.0,8759
8,0.0,0.0,0.0,0.0,Building_4,3,MASAC,0.7900000214576721,True,0.0,0.0,0.0,0.5324955582618713,36,8753,0.0,0.0,-0.0,324113,0.0,36.67196273803711,-0.7171545624732971,19.52765655517578,28.97085189819336,36.67196273803711,36.67196273803711,78,3.3097372245018746,1.0,0.1825605787527867,0.0,0.0,0.0,-0.6296117305755615,CityLearnV3MADRLRewardFunction,masac_unified_comparable_v4,E2,-0.0,1907,14.10999238843961,1.0,0.13280023767270527,0.0,8759
5,0.0,0.0,0.0,0.0,Building_5,4,MASAC,0.7900000214576721,True,0.0,0.0,0.0,0.5324955582618713,36,8753,0.0,0.0,-0.0,324113,0.0,54.225337982177734,-0.7668604254722595,28.874752044677734,42.838016510009766,54.225337982177734,54.225337982177734,57,3.544181042139312,1.0,0.2925673804262228,0.0,0.0,0.0,-0.6296117305755615,CityLearnV3MADRLRewardFunction,masac_unified_comparable_v4,E2,-0.0,1907,14.10999238843961,1.0,0.13280023767270527,0.0,8759
34,0.0,0.0,0.0,0.0,Building_6,5,MASAC,0.7900000214576721,True,0.0,0.0,0.0,0.5324955582618713,36,8753,0.0,0.0,-0.0,324113,0.0,348.8946838378906,-0.7353069186210632,185.7848663330078,275.6268005371094,348.8946838378906,348.8946838378906,260,3.267237606059896,1.0,0.05366553159860464,0.0,0.0,0.0,-0.6296117305755615,CityLearnV3MADRLRewardFunction,masac_unified_comparable_v4,E2,-0.0,1907,14.10999238843961,1.0,0.13280023767270527,0.0,8759
44,0.0,0.0,0.0,0.0,Building_7,6,MASAC,0.7900000214576721,True,0.0,0.0,0.0,0.5324955582618713,36,8753,0.0,0.0,-0.0,324113,0.0,2.9800853729248047,-0.5121017694473267,1.58688223361969,2.3542675971984863,2.9800853729248047,2.9800853729248047,330,3.362328527994826,1.0,0.043313343077898026,0.0,0.0,0.0,-0.6296117305755615,CityLearnV3MADRLRewardFunction,masac_unified_comparable_v4,E2,-0.0,1907,14.10999238843961,1.0,0.13280023767270527,0.0,8759
19,1.0,0.0,-0.05263157894736842,-1.0,Building_8,7,MASAC,0.7900000214576721,True,0.0,0.0,0.0,0.5324955582618713,36,8753,0.0,0.0,-0.0,324113,0.0,6.19936990737915,-0.5495142936706543,3.3011369705200195,4.897502422332764,6.19936990737915,6.19936990737915,155,3.5347299053956336,1.0,0.09984102229918203,0.0,0.0,0.0,-0.6296117305755615,CityLearnV3MADRLRewardFunction,masac_unified_comparable_v4,E2,-0.0,1907,14.10999238843961,1.0,0.13280023767270527,0.0,8759
12,0.0,0.0,0.0,0.0,Building_9,8,MASAC,0.7900000214576721,True,0.0,0.0,0.0,0.5324955582618713,36,8753,0.0,0.0,-0.0,324113,0.0,2.1350696086883545,-0.48465123772621155,1.1369150876998901,1.6867049932479858,2.1350696086883545,2.1350696086883545,106,3.5932094423330696,1.0,0.15580515366680217,0.0,0.0,0.0,-0.6296117305755615,CityLearnV3MADRLRewardFunction,masac_unified_comparable_v4,E2,-0.0,1907,14.10999238843961,1.0,0.13280023767270527,0.0,8759
8,0.0,0.0,0.0,0.0,Building_10,9,MASAC,0.7900000214576721,True,0.0,0.0,0.0,0.5324955582618713,36,8753,0.0,0.0,-0.0,324113,0.0,16.451881408691406,-0.6435722708702087,8.760553359985352,12.996986389160156,16.451881408691406,16.451881408691406,78,3.4401967894540313,1.0,0.19069113974005747,0.0,0.0,0.0,-0.6296117305755615,CityLearnV3MADRLRewardFunction,masac_unified_comparable_v4,E2,-0.0,1907,14.10999238843961,1.0,0.13280023767270527,0.0,8759
5,0.0,0.0,0.0,0.0,Building_11,10,MASAC,0.7900000214576721,True,0.0,0.0,0.0,0.5324955582618713,36,8753,0.0,0.0,-0.0,324113,0.0,66.45198059082031,-0.7333712577819824,35.38538360595703,52.497066497802734,66.45198059082031,66.45198059082031,57,3.476593551233196,1.0,0.26219713740181505,0.0,0.0,0.0,-0.6296117305755615,CityLearnV3MADRLRewardFunction,masac_unified_comparable_v4,E2,-0.0,1907,14.10999238843961,1.0,0.13280023767270527,0.0,8759
5,0.0,0.0,0.0,0.0,Building_12,11,MASAC,0.7900000214576721,True,0.0,0.0,0.0,0.5324955582618713,36,8753,0.0,0.0,-0.0,324113,0.0,155.388671875,-0.7341194748878479,82.7437744140625,122.7570571899414,155.388671875,155.388671875,57,3.315419643379034,1.0,0.2520877292804551,0.0,0.0,0.0,-0.6296117305755615,CityLearnV3MADRLRewardFunction,masac_unified_comparable_v4,E2,-0.0,1907,14.10999238843961,1.0,0.13280023767270527,0.0,8759
13,0.0,0.0,0.0,0.0,Building_13,12,MASAC,0.7900000214576721,True,0.0,0.0,0.0,0.5324955582618713,36,8753,0.0,0.0,-0.0,324113,0.0,0.1047736182808876,-0.4775228798389435,0.05579148605465889,0.08277115970849991,0.1047736182808876,0.1047736182808876,113,3.5016086450909056,1.0,0.13314677155123347,0.0,0.0,0.0,-0.6296117305755615,CityLearnV3MADRLRewardFunction,masac_unified_comparable_v4,E2,-0.0,1907,14.10999238843961,1.0,0.13280023767270527,0.0,8759
6,0.0,0.0,0.0,0.0,Building_14,13,MASAC,0.7900000214576721,True,0.0,0.0,0.0,0.5324955582618713,36,8753,0.0,0.0,-0.0,324113,0.0,1.3521205186843872,-0.49263235926628113,0.7199981808662415,1.068175196647644,1.3521205186843872,1.3521205186843872,64,3.409784684016944,1.0,0.2289018896408379,0.0,0.0,0.0,-0.6296117305755615,CityLearnV3MADRLRewardFunction,masac_unified_comparable_v4,E2,-0.0,1907,14.10999238843961,1.0,0.13280023767270527,0.0,8759
10,0.0,0.0,0.0,0.0,Building_15,14,MASAC,0.7900000214576721,True,0.0,0.0,0.0,0.5324955582618713,36,8753,0.0,0.0,-0.0,324113,0.0,15.147623062133789,-0.6336790323257446,8.066041946411133,11.966622352600098,15.147623062133789,15.147623062133789,92,3.4219666333487466,1.0,0.16228982935781064,0.0,0.0,0.0,-0.6296117305755615,CityLearnV3MADRLRewardFunction,masac_unified_comparable_v4,E2,-0.0,1907,14.10999238843961,1.0,0.13280023767270527,0.0,8759
13,0.0,0.0,0.0,0.0,Building_16,15,MASAC,0.7900000214576721,True,0.0,0.0,0.0,0.5324955582618713,36,8753,0.0,0.0,-0.0,324113,0.0,11.957420349121094,-0.6078336834907532,6.367273330688477,9.446362495422363,11.957420349121094,11.957420349121094,113,3.4709450475149817,1.0,0.1320318846048507,0.0,0.0,0.0,-0.6296117305755615,CityLearnV3MADRLRewardFunction,masac_unified_comparable_v4,E2,-0.0,1907,14.10999238843961,1.0,0.13280023767270527,0.0,8759
13,0.0,0.0,0.0,0.0,Building_17,16,MASAC,0.7900000214576721,True,0.0,0.0,0.0,0.5324955582618713,36,8753,0.0,0.0,-0.0,324113,0.0,23.087642669677734,-0.680458128452301,12.2940673828125,18.239238739013672,23.087642669677734,23.087642669677734,113,3.366296403689194,1.0,0.13080154583517428,0.0,0.0,0.0,-0.6296117305755615,CityLearnV3MADRLRewardFunction,masac_unified_comparable_v4,E2,-0.0,1907,14.10999238843961,1.0,0.13280023767270527,0.0,8759
6,0.0,0.0,0.0,0.0,Building_1,0,MASAC,0.7617499828338623,False,0.0,0.0,0.0,0.5324955582618713,37,0,0.0,0.0,-0.0,324120,-0.0,0.0,-0.7242456674575806,0.0,0.0,0.0,0.0,64,3.3687602419494107,0.9829629063606262,0.2747317033354193,0.0,0.0,0.0,-0.6258478164672852,CityLearnV3MADRLRewardFunction,masac_unified_comparable_v4,E2,-0.0,1907,14.92508352300781,1.0,0.17288600041701468,0.0,7
8,0.0,0.0,0.0,0.0,Building_2,1,MASAC,0.7617499828338623,False,0.0,0.0,0.0,0.5324955582618713,37,0,0.0,0.0,-0.0,324120,-0.0,0.0,-0.48097026348114014,0.0,0.0,0.0,0.0,78,3.412179307763559,0.9829629063606262,0.22277975044189355,0.0,0.0,0.0,-0.6258478164672852,CityLearnV3MADRLRewardFunction,masac_unified_comparable_v4,E2,-0.0,1907,14.92508352300781,1.0,0.17288600041701468,0.0,7
10,1.0,0.0,-0.1,-1.0,Building_3,2,MASAC,0.7617499828338623,False,0.0,0.0,0.0,0.5324955582618713,37,0,0.0,0.0,-0.0,324120,-0.0,0.0,-0.6868377923965454,0.0,0.0,0.0,0.0,92,4.028402468518775,1.0,0.2518748091938703,0.0,0.0,0.0,-0.6258478164672852,CityLearnV3MADRLRewardFunction,masac_unified_comparable_v4,E2,-0.0,1907,14.92508352300781,1.0,0.17288600041701468,0.0,7
8,0.0,0.0,0.0,0.0,Building_4,3,MASAC,0.7617499828338623,False,0.0,0.0,0.0,0.5324955582618713,37,0,0.0,0.0,-0.0,324120,-0.0,0.0,-0.6711524724960327,0.0,0.0,0.0,0.0,78,3.482341569563229,0.9956119656562805,0.2252793917671228,0.0,0.0,0.0,-0.6258478164672852,CityLearnV3MADRLRewardFunction,masac_unified_comparable_v4,E2,-0.0,1907,14.92508352300781,1.0,0.17288600041701468,0.0,7
5,0.0,0.0,0.0,0.0,Building_5,4,MASAC,0.7617499828338623,False,0.0,0.0,0.0,0.5324955582618713,37,0,0.0,0.0,-0.0,324120,-0.0,0.0,-0.720280647277832,0.0,0.0,0.0,0.0,57,3.7162561735146236,1.0,0.3607160144469194,0.0,0.0,0.0,-0.6258478164672852,CityLearnV3MADRLRewardFunction,masac_unified_comparable_v4,E2,-0.0,1907,14.92508352300781,1.0,0.17288600041701468,0.0,7
34,0.0,0.0,0.0,0.0,Building_6,5,MASAC,0.7617499828338623,False,0.0,0.0,0.0,0.5324955582618713,37,0,0.0,0.0,-0.0,324120,-0.0,0.0,-0.7241637706756592,0.0,0.0,0.0,0.0,260,3.4217434983957866,0.9829629063606262,0.06734428589160625,0.0,0.0,0.0,-0.6258478164672852,CityLearnV3MADRLRewardFunction,masac_unified_comparable_v4,E2,-0.0,1907,14.92508352300781,1.0,0.17288600041701468,0.0,7
44,1.0,1.0,0.022727272727272728,0.0,Building_7,6,MASAC,0.7617499828338623,False,0.0,0.0,0.0,0.5324955582618713,37,0,0.0,0.0,-0.0,324120,-0.0,0.0,-0.5248851776123047,0.0,0.0,0.0,0.0,330,3.3709681776960245,0.9829629063606262,0.051623685657978056,0.0,0.0,0.0,-0.6258478164672852,CityLearnV3MADRLRewardFunction,masac_unified_comparable_v4,E2,-0.0,1907,14.92508352300781,1.0,0.17288600041701468,0.0,7
19,0.0,0.0,0.0,0.0,Building_8,7,MASAC,0.7617499828338623,False,0.0,0.0,0.0,0.5324955582618713,37,0,0.0,0.0,-0.0,324120,-0.0,0.0,-0.5102784037590027,0.0,0.0,0.0,0.0,155,3.4386420026154565,0.9829629063606262,0.11416065471787606,0.0,0.0,0.0,-0.6258478164672852,CityLearnV3MADRLRewardFunction,masac_unified_comparable_v4,E2,-0.0,1907,14.92508352300781,1.0,0.17288600041701468,0.0,7
12,1.0,1.0,0.08333333333333333,0.0,Building_9,8,MASAC,0.7617499828338623,False,0.0,0.0,0.0,0.5324955582618713,37,0,0.0,0.0,-0.0,324120,-0.0,0.0,-0.5167578458786011,0.0,0.0,0.0,0.0,106,3.46727889393287,0.9829629063606262,0.16753543326455467,0.0,0.0,0.0,-0.6258478164672852,CityLearnV3MADRLRewardFunction,masac_unified_comparable_v4,E2,-0.0,1907,14.92508352300781,1.0,0.17288600041701468,0.0,7
8,0.0,0.0,0.0,0.0,Building_10,9,MASAC,0.7617499828338623,False,0.0,0.0,0.0,0.5324955582618713,37,0,0.0,0.0,-0.0,324120,-0.0,0.0,-0.7132076025009155,0.0,0.0,0.0,0.0,78,3.361127747033117,0.9829629063606262,0.2187995369820736,0.0,0.0,0.0,-0.6258478164672852,CityLearnV3MADRLRewardFunction,masac_unified_comparable_v4,E2,-0.0,1907,14.92508352300781,1.0,0.17288600041701468,0.0,7
5,0.0,0.0,0.0,0.0,Building_11,10,MASAC,0.7617499828338623,False,0.0,0.0,0.0,0.5324955582618713,37,0,0.0,0.0,-0.0,324120,-0.0,0.0,-0.7167805433273315,0.0,0.0,0.0,0.0,57,4.048320201614463,1.0,0.4142021314616789,0.0,0.0,0.0,-0.6258478164672852,CityLearnV3MADRLRewardFunction,masac_unified_comparable_v4,E2,-0.0,1907,14.92508352300781,1.0,0.17288600041701468,0.0,7
5,0.0,0.0,0.0,0.0,Building_12,11,MASAC,0.7617499828338623,False,0.0,0.0,0.0,0.5324955582618713,37,0,0.0,0.0,-0.0,324120,-0.0,0.0,-0.7141357660293579,0.0,0.0,0.0,0.0,57,4.272977530462704,1.0,0.4641441519845996,0.0,0.0,0.0,-0.6258478164672852,CityLearnV3MADRLRewardFunction,masac_unified_comparable_v4,E2,-0.0,1907,14.92508352300781,1.0,0.17288600041701468,0.0,7
13,0.0,0.0,0.0,0.0,Building_13,12,MASAC,0.7617499828338623,False,0.0,0.0,0.0,0.5324955582618713,37,0,0.0,0.0,-0.0,324120,-0.0,0.0,-0.49704834818840027,0.0,0.0,0.0,0.0,113,3.3767486447217783,0.9829629063606262,0.15094506780130673,0.0,0.0,0.0,-0.6258478164672852,CityLearnV3MADRLRewardFunction,masac_unified_comparable_v4,E2,-0.0,1907,14.92508352300781,1.0,0.17288600041701468,0.0,7
6,0.0,0.0,0.0,0.0,Building_14,13,MASAC,0.7617499828338623,False,0.0,0.0,0.0,0.5324955582618713,37,0,0.0,0.0,-0.0,324120,-0.0,0.0,-0.5037431716918945,0.0,0.0,0.0,0.0,64,4.301349522479426,1.0,0.4186890273122117,0.0,0.0,0.0,-0.6258478164672852,CityLearnV3MADRLRewardFunction,masac_unified_comparable_v4,E2,-0.0,1907,14.92508352300781,1.0,0.17288600041701468,0.0,7
10,0.0,0.0,0.0,0.0,Building_15,14,MASAC,0.7617499828338623,False,0.0,0.0,0.0,0.5324955582618713,37,0,0.0,0.0,-0.0,324120,-0.0,0.0,-0.5275813937187195,0.0,0.0,0.0,0.0,92,3.3963388370500254,0.9829629063606262,0.18961002078393233,0.0,0.0,0.0,-0.6258478164672852,CityLearnV3MADRLRewardFunction,masac_unified_comparable_v4,E2,-0.0,1907,14.92508352300781,1.0,0.17288600041701468,0.0,7
13,0.0,0.0,0.0,0.0,Building_16,15,MASAC,0.7617499828338623,False,0.0,0.0,0.0,0.5324955582618713,37,0,0.0,0.0,-0.0,324120,-0.0,0.0,-0.7202765941619873,0.0,0.0,0.0,0.0,113,3.336309654210944,0.9829629063606262,0.14880487467862863,0.0,0.0,0.0,-0.6258478164672852,CityLearnV3MADRLRewardFunction,masac_unified_comparable_v4,E2,-0.0,1907,14.92508352300781,1.0,0.17288600041701468,0.0,7
13,0.0,0.0,0.0,0.0,Building_17,16,MASAC,0.7617499828338623,False,0.0,0.0,0.0,0.5324955582618713,37,0,0.0,0.0,-0.0,324120,-0.0,0.0,-0.6870682835578918,0.0,0.0,0.0,0.0,113,3.4883731314464144,0.9829629063606262,0.1609363912612991,0.0,0.0,0.0,-0.6258478164672852,CityLearnV3MADRLRewardFunction,masac_unified_comparable_v4,E2,-0.0,1907,14.92508352300781,1.0,0.17288600041701468,0.0,7
6,0.0,0.0,0.0,0.0,Building_1,0,MASAC,0.7900000214576721,True,0.0,0.0,0.0,0.5324955582618713,37,8752,0.0,0.0,-0.0,332872,0.0,433.45458984375,-0.8477194905281067,230.81263732910156,342.42913818359375,433.45458984375,433.45458984375,64,3.187505944085832,1.0,0.21159332455135882,0.0,0.0,0.0,-0.7918308973312378,CityLearnV3MADRLRewardFunction,masac_unified_comparable_v4,E2,-0.0,1907,13.906461388535927,1.0,0.12973281717114443,0.0,8759
8,0.0,0.0,0.0,0.0,Building_2,1,MASAC,0.7900000214576721,True,0.0,0.0,0.0,0.5324955582618713,37,8752,0.0,0.0,-0.0,332872,0.0,15.16435432434082,-0.7470934987068176,8.074951171875,11.979840278625488,15.16435432434082,15.16435432434082,78,3.410491243847313,1.0,0.18925282148978648,0.0,0.0,0.0,-0.7918308973312378,CityLearnV3MADRLRewardFunction,masac_unified_comparable_v4,E2,-0.0,1907,13.906461388535927,1.0,0.12973281717114443,0.0,8759
10,0.0,0.0,0.0,0.0,Building_3,2,MASAC,0.7900000214576721,True,0.0,0.0,0.0,0.5324955582618713,37,8752,0.0,0.0,-0.0,332872,0.0,94.53981018066406,-0.8477035760879517,50.3420295715332,74.68645477294922,94.53981018066406,94.53981018066406,92,3.3347649101473373,1.0,0.15412211596317912,0.0,0.0,0.0,-0.7918308973312378,CityLearnV3MADRLRewardFunction,masac_unified_comparable_v4,E2,-0.0,1907,13.906461388535927,1.0,0.12973281717114443,0.0,8759
8,0.0,0.0,0.0,0.0,Building_4,3,MASAC,0.7900000214576721,True,0.0,0.0,0.0,0.5324955582618713,37,8752,0.0,0.0,-0.0,332872,0.0,31.04317283630371,-0.820326030254364,16.530351638793945,24.524106979370117,31.04317283630371,31.04317283630371,78,3.3389020182824614,1.0,0.1818076545993487,0.0,0.0,0.0,-0.7918308973312378,CityLearnV3MADRLRewardFunction,masac_unified_comparable_v4,E2,-0.0,1907,13.906461388535927,1.0,0.12973281717114443,0.0,8759
5,0.0,0.0,0.0,0.0,Building_5,4,MASAC,0.7900000214576721,True,0.0,0.0,0.0,0.5324955582618713,37,8752,0.0,0.0,-0.0,332872,0.0,38.538970947265625,-0.8699818849563599,20.521831512451172,30.44578742980957,38.538970947265625,38.538970947265625,57,3.580236187658091,1.0,0.29207953967546163,0.0,0.0,0.0,-0.7918308973312378,CityLearnV3MADRLRewardFunction,masac_unified_comparable_v4,E2,-0.0,1907,13.906461388535927,1.0,0.12973281717114443,0.0,8759
34,1.0,1.0,0.029411764705882353,0.0,Building_6,5,MASAC,0.7900000214576721,True,0.0,0.0,0.0,0.5324955582618713,37,8752,0.0,0.0,-0.0,332872,0.0,362.8901062011719,-0.8486409187316895,193.23736572265625,286.6831970214844,362.8901062011719,362.8901062011719,260,3.291870788939481,1.0,0.05381345582696108,0.0,0.0,0.0,-0.7918308973312378,CityLearnV3MADRLRewardFunction,masac_unified_comparable_v4,E2,-0.0,1907,13.906461388535927,1.0,0.12973281717114443,0.0,8759
44,1.0,1.0,0.022727272727272728,0.0,Building_7,6,MASAC,0.7900000214576721,True,0.0,0.0,0.0,0.5324955582618713,37,8752,0.0,0.0,-0.0,332872,0.0,12.664111137390137,-0.7269026637077332,6.743582725524902,10.004648208618164,12.664111137390137,12.664111137390137,330,3.3910981938970197,1.0,0.04400810335170139,0.0,0.0,0.0,-0.7918308973312378,CityLearnV3MADRLRewardFunction,masac_unified_comparable_v4,E2,-0.0,1907,13.906461388535927,1.0,0.12973281717114443,0.0,8759
19,0.0,0.0,0.0,0.0,Building_8,7,MASAC,0.7900000214576721,True,0.0,0.0,0.0,0.5324955582618713,37,8752,0.0,0.0,-0.0,332872,0.0,12.065996170043945,-0.7216993570327759,6.425089359283447,9.532136917114258,12.065996170043945,12.065996170043945,155,3.468346261762909,1.0,0.09718162100161276,0.0,0.0,0.0,-0.7918308973312378,CityLearnV3MADRLRewardFunction,masac_unified_comparable_v4,E2,-0.0,1907,13.906461388535927,1.0,0.12973281717114443,0.0,8759
12,0.0,0.0,0.0,0.0,Building_9,8,MASAC,0.7900000214576721,True,0.0,0.0,0.0,0.5324955582618713,37,8752,0.0,0.0,-0.0,332872,0.0,2.290161371231079,-0.5994108319282532,1.2195007801055908,1.8092275857925415,2.290161371231079,2.290161371231079,106,3.541469795032662,1.0,0.15210886679168018,0.0,0.0,0.0,-0.7918308973312378,CityLearnV3MADRLRewardFunction,masac_unified_comparable_v4,E2,-0.0,1907,13.906461388535927,1.0,0.12973281717114443,0.0,8759
8,0.0,0.0,0.0,0.0,Building_10,9,MASAC,0.7900000214576721,True,0.0,0.0,0.0,0.5324955582618713,37,8752,0.0,0.0,-0.0,332872,0.0,51.649574279785156,-0.8429056406021118,27.5031681060791,40.803165435791016,51.649574279785156,51.649574279785156,78,3.3863105884078726,1.0,0.18632345493787375,0.0,0.0,0.0,-0.7918308973312378,CityLearnV3MADRLRewardFunction,masac_unified_comparable_v4,E2,-0.0,1907,13.906461388535927,1.0,0.12973281717114443,0.0,8759
5,0.0,0.0,0.0,0.0,Building_11,10,MASAC,0.7900000214576721,True,0.0,0.0,0.0,0.5324955582618713,37,8752,0.0,0.0,-0.0,332872,0.0,71.54803466796875,-0.8454132080078125,38.0990104675293,56.52294921875,71.54803466796875,71.54803466796875,57,3.283172490395136,1.0,0.24471203597229824,0.0,0.0,0.0,-0.7918308973312378,CityLearnV3MADRLRewardFunction,masac_unified_comparable_v4,E2,-0.0,1907,13.906461388535927,1.0,0.12973281717114443,0.0,8759
5,0.0,0.0,0.0,0.0,Building_12,11,MASAC,0.7900000214576721,True,0.0,0.0,0.0,0.5324955582618713,37,8752,0.0,0.0,-0.0,332872,0.0,215.11593627929688,-0.8486018180847168,114.54827880859375,169.94158935546875,215.11593627929688,215.11593627929688,57,3.3646431899649794,1.0,0.2547228495802796,0.0,0.0,0.0,-0.7918308973312378,CityLearnV3MADRLRewardFunction,masac_unified_comparable_v4,E2,-0.0,1907,13.906461388535927,1.0,0.12973281717114443,0.0,8759
13,0.0,0.0,0.0,0.0,Building_13,12,MASAC,0.7900000214576721,True,0.0,0.0,0.0,0.5324955582618713,37,8752,0.0,0.0,-0.0,332872,0.0,2.033022403717041,-0.6137720942497253,1.0825754404067993,1.6060876846313477,2.033022403717041,2.033022403717041,113,3.390787424548255,1.0,0.12748436708893396,0.0,0.0,0.0,-0.7918308973312378,CityLearnV3MADRLRewardFunction,masac_unified_comparable_v4,E2,-0.0,1907,13.906461388535927,1.0,0.12973281717114443,0.0,8759
6,1.0,1.0,0.16666666666666666,0.0,Building_14,13,MASAC,0.7900000214576721,True,45.112091064453125,0.0,0.0,0.5324955582618713,37,8752,0.0,0.0,-0.0,332872,0.0,47.72704315185547,-0.870151937007904,25.414438247680664,37.70436477661133,47.72704315185547,2.6149520874023438,64,3.2639877192916633,1.0,0.2152618921827525,0.0,0.0,0.0,-0.7918308973312378,CityLearnV3MADRLRewardFunction,masac_unified_comparable_v4,E2,-0.0,1907,13.906461388535927,1.0,0.12973281717114443,0.0,8759
10,0.0,0.0,0.0,0.0,Building_15,14,MASAC,0.7900000214576721,True,0.0,0.0,0.0,0.5324955582618713,37,8752,0.0,0.0,-0.0,332872,0.0,19.521480560302734,-0.7759698629379272,10.395101547241211,15.42197036743164,19.521480560302734,19.521480560302734,92,3.4512257980840326,1.0,0.16320256678306538,0.0,0.0,0.0,-0.7918308973312378,CityLearnV3MADRLRewardFunction,masac_unified_comparable_v4,E2,-0.0,1907,13.906461388535927,1.0,0.12973281717114443,0.0,8759
13,0.0,0.0,0.0,0.0,Building_16,15,MASAC,0.7900000214576721,True,0.0,0.0,0.0,0.5324955582618713,37,8752,0.0,0.0,-0.0,332872,0.0,54.89390563964844,-0.8440356850624084,29.23076057434082,43.366188049316406,54.89390563964844,54.89390563964844,113,3.3676392912531474,1.0,0.12675530938184368,0.0,0.0,0.0,-0.7918308973312378,CityLearnV3MADRLRewardFunction,masac_unified_comparable_v4,E2,-0.0,1907,13.906461388535927,1.0,0.12973281717114443,0.0,8759
13,0.0,0.0,0.0,0.0,Building_17,16,MASAC,0.7900000214576721,True,0.0,0.0,0.0,0.5324955582618713,37,8752,0.0,0.0,-0.0,332872,0.0,22.46647071838379,-0.7907969951629639,11.963295936584473,17.748512268066406,22.46647071838379,22.46647071838379,113,3.2608987385935473,1.0,0.1227049699663061,0.0,0.0,0.0,-0.7918308973312378,CityLearnV3MADRLRewardFunction,masac_unified_comparable_v4,E2,-0.0,1907,13.906461388535927,1.0,0.12973281717114443,0.0,8759
6,0.0,0.0,0.0,0.0,Building_1,0,MASAC,0.7900000214576721,False,0.0,0.0,0.0,0.5324955582618713,38,0,0.0,0.0,-0.0,332880,-0.0,0.0,-0.6431117057800293,0.0,0.0,0.0,0.0,64,3.4084758943296922,1.0,0.23575288383290172,0.0,0.0,0.0,-0.5193212628364563,CityLearnV3MADRLRewardFunction,masac_unified_comparable_v4,E2,-0.0,1907,14.552997806376073,1.0,0.13851724676377622,0.0,1
8,0.0,0.0,0.0,0.0,Building_2,1,MASAC,0.7900000214576721,False,0.0,0.0,0.0,0.5324955582618713,38,0,0.0,0.0,-0.0,332880,-0.0,0.0,-0.3915947377681732,0.0,0.0,0.0,0.0,78,3.5391858068532662,1.0,0.1970755893450517,0.0,0.0,0.0,-0.5193212628364563,CityLearnV3MADRLRewardFunction,masac_unified_comparable_v4,E2,-0.0,1907,14.552997806376073,1.0,0.13851724676377622,0.0,1
10,0.0,0.0,0.0,0.0,Building_3,2,MASAC,0.7900000214576721,False,0.0,0.0,0.0,0.5324955582618713,38,0,0.0,0.0,-0.0,332880,-0.0,0.0,-0.596118152141571,0.0,0.0,0.0,0.0,92,3.6032511935247538,1.0,0.17525063916716888,0.0,0.0,0.0,-0.5193212628364563,CityLearnV3MADRLRewardFunction,masac_unified_comparable_v4,E2,-0.0,1907,14.552997806376073,1.0,0.13851724676377622,0.0,1
8,0.0,0.0,0.0,0.0,Building_4,3,MASAC,0.7900000214576721,False,0.0,0.0,0.0,0.5324955582618713,38,0,0.0,0.0,-0.0,332880,-0.0,0.0,-0.5696827173233032,0.0,0.0,0.0,0.0,78,3.4682909177335155,1.0,0.19324687276131067,0.0,0.0,0.0,-0.5193212628364563,CityLearnV3MADRLRewardFunction,masac_unified_comparable_v4,E2,-0.0,1907,14.552997806376073,1.0,0.13851724676377622,0.0,1
5,0.0,0.0,0.0,0.0,Building_5,4,MASAC,0.7900000214576721,False,0.0,0.0,0.0,0.5324955582618713,38,0,0.0,0.0,-0.0,332880,-0.0,0.0,-0.6332944631576538,0.0,0.0,0.0,0.0,57,3.5455589984164826,1.0,0.27769984448688073,0.0,0.0,0.0,-0.5193212628364563,CityLearnV3MADRLRewardFunction,masac_unified_comparable_v4,E2,-0.0,1907,14.552997806376073,1.0,0.13851724676377622,0.0,1
34,1.0,1.0,0.029411764705882353,0.0,Building_6,5,MASAC,0.7900000214576721,False,0.0,0.0,0.0,0.5324955582618713,38,0,0.0,0.0,-0.0,332880,-0.0,0.0,-0.642471194267273,0.0,0.0,0.0,0.0,260,3.455121904685256,1.0,0.05809566129285556,0.0,0.0,0.0,-0.5193212628364563,CityLearnV3MADRLRewardFunction,masac_unified_comparable_v4,E2,-0.0,1907,14.552997806376073,1.0,0.13851724676377622,0.0,1
44,0.0,0.0,0.0,0.0,Building_7,6,MASAC,0.7900000214576721,False,0.0,0.0,0.0,0.5324955582618713,38,0,0.0,0.0,-0.0,332880,-0.0,0.0,-0.41109952330589294,0.0,0.0,0.0,0.0,330,3.5193643385838613,1.0,0.046388583743211,0.0,0.0,0.0,-0.5193212628364563,CityLearnV3MADRLRewardFunction,masac_unified_comparable_v4,E2,-0.0,1907,14.552997806376073,1.0,0.13851724676377622,0.0,1
19,0.0,0.0,0.0,0.0,Building_8,7,MASAC,0.7900000214576721,False,0.0,0.0,0.0,0.5324955582618713,38,0,0.0,0.0,-0.0,332880,-0.0,0.0,-0.3964252471923828,0.0,0.0,0.0,0.0,155,3.538013100213517,1.0,0.09923229217529297,0.0,0.0,0.0,-0.5193212628364563,CityLearnV3MADRLRewardFunction,masac_unified_comparable_v4,E2,-0.0,1907,14.552997806376073,1.0,0.13851724676377622,0.0,1
12,0.0,0.0,0.0,0.0,Building_9,8,MASAC,0.7900000214576721,False,0.0,0.0,0.0,0.5324955582618713,38,0,0.0,0.0,-0.0,332880,-0.0,0.0,-0.41996389627456665,0.0,0.0,0.0,0.0,106,3.648578886640267,1.0,0.15386552947028628,0.0,0.0,0.0,-0.5193212628364563,CityLearnV3MADRLRewardFunction,masac_unified_comparable_v4,E2,-0.0,1907,14.552997806376073,1.0,0.13851724676377622,0.0,1
8,0.0,0.0,0.0,0.0,Building_10,9,MASAC,0.7900000214576721,False,0.0,0.0,0.0,0.5324955582618713,38,0,0.0,0.0,-0.0,332880,-0.0,0.0,-0.6060099005699158,0.0,0.0,0.0,0.0,78,3.496215451128489,1.0,0.19549087731119913,0.0,0.0,0.0,-0.5193212628364563,CityLearnV3MADRLRewardFunction,masac_unified_comparable_v4,E2,-0.0,1907,14.552997806376073,1.0,0.13851724676377622,0.0,1
5,0.0,0.0,0.0,0.0,Building_11,10,MASAC,0.7900000214576721,False,0.0,0.0,0.0,0.5324955582618713,38,0,0.0,0.0,-0.0,332880,-0.0,0.0,-0.6393047571182251,0.0,0.0,0.0,0.0,57,3.627016482497293,1.0,0.2845742824046235,0.0,0.0,0.0,-0.5193212628364563,CityLearnV3MADRLRewardFunction,masac_unified_comparable_v4,E2,-0.0,1907,14.552997806376073,1.0,0.13851724676377622,0.0,1
5,0.0,0.0,0.0,0.0,Building_12,11,MASAC,0.7900000214576721,False,0.0,0.0,0.0,0.5324955582618713,38,0,0.0,0.0,-0.0,332880,-0.0,0.0,-0.6422426700592041,0.0,0.0,0.0,0.0,57,3.5853156671144046,1.0,0.2815085415515983,0.0,0.0,0.0,-0.5193212628364563,CityLearnV3MADRLRewardFunction,masac_unified_comparable_v4,E2,-0.0,1907,14.552997806376073,1.0,0.13851724676377622,0.0,1
13,0.0,0.0,0.0,0.0,Building_13,12,MASAC,0.7900000214576721,False,0.0,0.0,0.0,0.5324955582618713,38,0,0.0,0.0,-0.0,332880,-0.0,0.0,-0.3983916640281677,0.0,0.0,0.0,0.0,113,3.5260583957963973,1.0,0.13573364715660569,0.0,0.0,0.0,-0.5193212628364563,CityLearnV3MADRLRewardFunction,masac_unified_comparable_v4,E2,-0.0,1907,14.552997806376073,1.0,0.13851724676377622,0.0,1
6,0.0,0.0,0.0,0.0,Building_14,13,MASAC,0.7900000214576721,False,0.0,0.0,0.0,0.5324955582618713,38,0,0.0,0.0,-0.0,332880,-0.0,0.0,-0.40725210309028625,0.0,0.0,0.0,0.0,64,3.502813336128571,1.0,0.2381519740447402,0.0,0.0,0.0,-0.5193212628364563,CityLearnV3MADRLRewardFunction,masac_unified_comparable_v4,E2,-0.0,1907,14.552997806376073,1.0,0.13851724676377622,0.0,1
10,1.0,1.0,0.1,0.0,Building_15,14,MASAC,0.7900000214576721,False,0.0,0.0,0.0,0.5324955582618713,38,0,0.0,0.0,-0.0,332880,-0.0,0.0,-0.4188021719455719,0.0,0.0,0.0,0.0,92,3.5416362400020085,1.0,0.16798208483859248,0.0,0.0,0.0,-0.5193212628364563,CityLearnV3MADRLRewardFunction,masac_unified_comparable_v4,E2,-0.0,1907,14.552997806376073,1.0,0.13851724676377622,0.0,1
13,0.0,0.0,0.0,0.0,Building_16,15,MASAC,0.7900000214576721,False,0.0,0.0,0.0,0.5324955582618713,38,0,0.0,0.0,-0.0,332880,-0.0,0.0,-0.6364224553108215,0.0,0.0,0.0,0.0,113,3.432429264126495,1.0,0.13223498347586235,0.0,0.0,0.0,-0.5193212628364563,CityLearnV3MADRLRewardFunction,masac_unified_comparable_v4,E2,-0.0,1907,14.552997806376073,1.0,0.13851724676377622,0.0,1
13,1.0,0.0,-0.07692307692307693,-1.0,Building_17,16,MASAC,0.7900000214576721,False,0.0,0.0,0.0,0.5324955582618713,38,0,0.0,0.0,-0.0,332880,-0.0,0.0,-0.37627512216567993,0.0,0.0,0.0,0.0,113,3.5564712301139623,1.0,0.14222747120445808,0.0,0.0,0.0,-0.5193212628364563,CityLearnV3MADRLRewardFunction,masac_unified_comparable_v4,E2,-0.0,1907,14.552997806376073,1.0,0.13851724676377622,0.0,1
6,1.0,1.0,0.16666666666666666,0.0,Building_1,0,MASAC,0.7900000214576721,True,0.0,0.0,0.0,0.5324955582618713,38,8758,0.0,0.0,-0.0,341638,0.0,433.45458984375,-0.8166598081588745,230.81263732910156,342.42913818359375,433.45458984375,433.45458984375,64,3.283521947005973,1.0,0.22117482009343803,0.0,0.0,0.0,-0.7447378039360046,CityLearnV3MADRLRewardFunction,masac_unified_comparable_v4,E2,-0.0,1907,13.795905154412848,1.0,0.1284253321525528,0.0,8759
8,0.0,0.0,0.0,0.0,Building_2,1,MASAC,0.7900000214576721,True,0.0,0.0,0.0,0.5324955582618713,38,8758,0.0,0.0,-0.0,341638,0.0,15.16435432434082,-0.715110719203949,8.074951171875,11.979840278625488,15.16435432434082,15.16435432434082,78,3.410499348650354,1.0,0.1892532371939757,0.0,0.0,0.0,-0.7447378039360046,CityLearnV3MADRLRewardFunction,masac_unified_comparable_v4,E2,-0.0,1907,13.795905154412848,1.0,0.1284253321525528,0.0,8759
10,0.0,0.0,0.0,0.0,Building_3,2,MASAC,0.7900000214576721,True,0.0,0.0,0.0,0.5324955582618713,38,8758,0.0,0.0,-0.0,341638,0.0,94.53981018066406,-0.8131883144378662,50.3420295715332,74.68645477294922,94.53981018066406,94.53981018066406,92,3.2055888394493683,1.0,0.1461529461262019,0.0,0.0,0.0,-0.7447378039360046,CityLearnV3MADRLRewardFunction,masac_unified_comparable_v4,E2,-0.0,1907,13.795905154412848,1.0,0.1284253321525528,0.0,8759
8,0.0,0.0,0.0,0.0,Building_4,3,MASAC,0.7900000214576721,True,0.0,0.0,0.0,0.5324955582618713,38,8758,0.0,0.0,-0.0,341638,0.0,31.04317283630371,-0.7880012392997742,16.530351638793945,24.524106979370117,31.04317283630371,31.04317283630371,78,3.2796992024501943,1.0,0.17898448289204866,0.0,0.0,0.0,-0.7447378039360046,CityLearnV3MADRLRewardFunction,masac_unified_comparable_v4,E2,-0.0,1907,13.795905154412848,1.0,0.1284253321525528,0.0,8759
5,0.0,0.0,0.0,0.0,Building_5,4,MASAC,0.7900000214576721,True,0.0,0.0,0.0,0.5324955582618713,38,8758,0.0,0.0,-0.0,341638,0.0,38.538970947265625,-0.836482048034668,20.521831512451172,30.44578742980957,38.538970947265625,38.538970947265625,57,3.4454812106374852,1.0,0.27857728354763567,0.0,0.0,0.0,-0.7447378039360046,CityLearnV3MADRLRewardFunction,masac_unified_comparable_v4,E2,-0.0,1907,13.795905154412848,1.0,0.1284253321525528,0.0,8759
34,0.0,0.0,0.0,0.0,Building_6,5,MASAC,0.7900000214576721,True,0.0,0.0,0.0,0.5324955582618713,38,8758,0.0,0.0,-0.0,341638,0.0,362.8901062011719,-0.8164880275726318,193.23736572265625,286.6831970214844,362.8901062011719,362.8901062011719,260,3.207917447406082,1.0,0.05222250125729121,0.0,0.0,0.0,-0.7447378039360046,CityLearnV3MADRLRewardFunction,masac_unified_comparable_v4,E2,-0.0,1907,13.795905154412848,1.0,0.1284253321525528,0.0,8759
44,0.0,0.0,0.0,0.0,Building_7,6,MASAC,0.7900000214576721,True,0.0,0.0,0.0,0.5324955582618713,38,8758,0.0,0.0,-0.0,341638,0.0,12.664111137390137,-0.6944103837013245,6.743582725524902,10.004648208618164,12.664111137390137,12.664111137390137,330,3.268725474934346,1.0,0.041821347470536376,0.0,0.0,0.0,-0.7447378039360046,CityLearnV3MADRLRewardFunction,masac_unified_comparable_v4,E2,-0.0,1907,13.795905154412848,1.0,0.1284253321525528,0.0,8759
19,0.0,0.0,0.0,0.0,Building_8,7,MASAC,0.7900000214576721,True,0.0,0.0,0.0,0.5324955582618713,38,8758,0.0,0.0,-0.0,341638,0.0,12.065996170043945,-0.6895528435707092,6.425089359283447,9.532136917114258,12.065996170043945,12.065996170043945,155,3.4057076845712078,1.0,0.09559830859784157,0.0,0.0,0.0,-0.7447378039360046,CityLearnV3MADRLRewardFunction,masac_unified_comparable_v4,E2,-0.0,1907,13.795905154412848,1.0,0.1284253321525528,0.0,8759
12,0.0,0.0,0.0,0.0,Building_9,8,MASAC,0.7900000214576721,True,0.0,0.0,0.0,0.5324955582618713,38,8758,0.0,0.0,-0.0,341638,0.0,2.290161371231079,-0.5675033926963806,1.2195007801055908,1.8092275857925415,2.290161371231079,2.290161371231079,106,3.653754106259046,1.0,0.15763062393327928,0.0,0.0,0.0,-0.7447378039360046,CityLearnV3MADRLRewardFunction,masac_unified_comparable_v4,E2,-0.0,1907,13.795905154412848,1.0,0.1284253321525528,0.0,8759
8,1.0,1.0,0.125,0.0,Building_10,9,MASAC,0.7900000214576721,True,0.0,0.0,0.0,0.5324955582618713,38,8758,0.0,0.0,-0.0,341638,0.0,51.649574279785156,-0.81043541431427,27.5031681060791,40.803165435791016,51.649574279785156,51.649574279785156,78,3.3271987853293603,1.0,0.18341157547174355,0.0,0.0,0.0,-0.7447378039360046,CityLearnV3MADRLRewardFunction,masac_unified_comparable_v4,E2,-0.0,1907,13.795905154412848,1.0,0.1284253321525528,0.0,8759
5,0.0,0.0,0.0,0.0,Building_11,10,MASAC,0.7900000214576721,True,0.0,0.0,0.0,0.5324955582618713,38,8758,0.0,0.0,-0.0,341638,0.0,71.54803466796875,-0.8124285340309143,38.0990104675293,56.52294921875,71.54803466796875,71.54803466796875,57,3.253762907025608,1.0,0.23988657046044082,0.0,0.0,0.0,-0.7447378039360046,CityLearnV3MADRLRewardFunction,masac_unified_comparable_v4,E2,-0.0,1907,13.795905154412848,1.0,0.1284253321525528,0.0,8759
5,0.0,0.0,0.0,0.0,Building_12,11,MASAC,0.7900000214576721,True,0.0,0.0,0.0,0.5324955582618713,38,8758,0.0,0.0,-0.0,341638,0.0,215.11593627929688,-0.8163113594055176,114.54827880859375,169.94158935546875,215.11593627929688,215.11593627929688,57,3.2686502703047577,1.0,0.2477091731209504,0.0,0.0,0.0,-0.7447378039360046,CityLearnV3MADRLRewardFunction,masac_unified_comparable_v4,E2,-0.0,1907,13.795905154412848,1.0,0.1284253321525528,0.0,8759
13,0.0,0.0,0.0,0.0,Building_13,12,MASAC,0.7900000214576721,True,0.0,0.0,0.0,0.5324955582618713,38,8758,0.0,0.0,-0.0,341638,0.0,2.033022403717041,-0.5817973613739014,1.0825754404067993,1.6060876846313477,2.033022403717041,2.033022403717041,113,3.4107804164434796,1.0,0.12811160048024844,0.0,0.0,0.0,-0.7447378039360046,CityLearnV3MADRLRewardFunction,masac_unified_comparable_v4,E2,-0.0,1907,13.795905154412848,1.0,0.1284253321525528,0.0,8759
6,0.0,0.0,0.0,0.0,Building_14,13,MASAC,0.7900000214576721,True,0.0,0.0,0.0,0.5324955582618713,38,8758,0.0,0.0,-0.0,341638,0.0,2.6149511337280273,-0.5887780785560608,1.3924498558044434,2.0658113956451416,2.6149511337280273,2.6149511337280273,64,3.3745921238307464,1.0,0.22382190800271928,0.0,0.0,0.0,-0.7447378039360046,CityLearnV3MADRLRewardFunction,masac_unified_comparable_v4,E2,-0.0,1907,13.795905154412848,1.0,0.1284253321525528,0.0,8759
10,0.0,0.0,0.0,0.0,Building_15,14,MASAC,0.7900000214576721,True,0.0,0.0,0.0,0.5324955582618713,38,8758,0.0,0.0,-0.0,341638,0.0,19.521480560302734,-0.744061291217804,10.395101547241211,15.42197036743164,19.521480560302734,19.521480560302734,92,3.4706919986332987,1.0,0.16397747186862904,0.0,0.0,0.0,-0.7447378039360046,CityLearnV3MADRLRewardFunction,masac_unified_comparable_v4,E2,-0.0,1907,13.795905154412848,1.0,0.1284253321525528,0.0,8759
13,0.0,0.0,0.0,0.0,Building_16,15,MASAC,0.7900000214576721,True,0.0,0.0,0.0,0.5324955582618713,38,8758,0.0,0.0,-0.0,341638,0.0,54.89390563964844,-0.8100285530090332,29.23076057434082,43.366188049316406,54.89390563964844,54.89390563964844,113,3.2240860670684977,1.0,0.11981209552129812,0.0,0.0,0.0,-0.7447378039360046,CityLearnV3MADRLRewardFunction,masac_unified_comparable_v4,E2,-0.0,1907,13.795905154412848,1.0,0.1284253321525528,0.0,8759
13,0.0,0.0,0.0,0.0,Building_17,16,MASAC,0.7900000214576721,True,0.0,0.0,0.0,0.5324955582618713,38,8758,0.0,0.0,-0.0,341638,0.0,22.46647071838379,-0.7593047618865967,11.963295936584473,17.748512268066406,22.46647071838379,22.46647071838379,113,3.35906483338249,1.0,0.12631818718087356,0.0,0.0,0.0,-0.7447378039360046,CityLearnV3MADRLRewardFunction,masac_unified_comparable_v4,E2,-0.0,1907,13.795905154412848,1.0,0.1284253321525528,0.0,8759
6,0.0,0.0,0.0,0.0,Building_1,0,MASAC,0.7900000214576721,False,0.0,0.0,0.0,0.5324955582618713,39,0,0.0,0.0,-0.0,341640,-0.0,0.0,-0.7426722049713135,0.0,0.0,0.0,0.0,64,3.317127895266193,1.0,0.22163199237547815,0.0,0.0,0.0,-0.6390145421028137,CityLearnV3MADRLRewardFunction,masac_unified_comparable_v4,E2,-0.0,1907,14.18572265814959,1.0,0.13045727720608183,0.0,2
8,0.0,0.0,0.0,0.0,Building_2,1,MASAC,0.7900000214576721,False,0.0,0.0,0.0,0.5324955582618713,39,0,0.0,0.0,-0.0,341640,-0.0,0.0,-0.4987586736679077,0.0,0.0,0.0,0.0,78,3.44103018722944,1.0,0.18456308792034784,0.0,0.0,0.0,-0.6390145421028137,CityLearnV3MADRLRewardFunction,masac_unified_comparable_v4,E2,-0.0,1907,14.18572265814959,1.0,0.13045727720608183,0.0,2
10,0.0,0.0,0.0,0.0,Building_3,2,MASAC,0.7900000214576721,False,0.0,0.0,0.0,0.5324955582618713,39,0,0.0,0.0,-0.0,341640,-0.0,0.0,-0.7394809126853943,0.0,0.0,0.0,0.0,92,3.514344337873799,1.0,0.1649373202058284,0.0,0.0,0.0,-0.6390145421028137,CityLearnV3MADRLRewardFunction,masac_unified_comparable_v4,E2,-0.0,1907,14.18572265814959,1.0,0.13045727720608183,0.0,2
8,0.0,0.0,0.0,0.0,Building_4,3,MASAC,0.7900000214576721,False,0.0,0.0,0.0,0.5324955582618713,39,0,0.0,0.0,-0.0,341640,-0.0,0.0,-0.6320435404777527,0.0,0.0,0.0,0.0,78,3.3694371771529643,1.0,0.1808577495125624,0.0,0.0,0.0,-0.6390145421028137,CityLearnV3MADRLRewardFunction,masac_unified_comparable_v4,E2,-0.0,1907,14.18572265814959,1.0,0.13045727720608183,0.0,2
5,0.0,0.0,0.0,0.0,Building_5,4,MASAC,0.7900000214576721,False,0.0,0.0,0.0,0.5324955582618713,39,0,0.0,0.0,-0.0,341640,-0.0,0.0,-0.7245855331420898,0.0,0.0,0.0,0.0,57,3.452184078502731,1.0,0.26070732806335417,0.0,0.0,0.0,-0.6390145421028137,CityLearnV3MADRLRewardFunction,masac_unified_comparable_v4,E2,-0.0,1907,14.18572265814959,1.0,0.13045727720608183,0.0,2
34,0.0,0.0,0.0,0.0,Building_6,5,MASAC,0.7900000214576721,False,0.0,0.0,0.0,0.5324955582618713,39,0,0.0,0.0,-0.0,341640,-0.0,0.0,-0.7416356801986694,0.0,0.0,0.0,0.0,260,3.35486710549047,1.0,0.05432815368358906,0.0,0.0,0.0,-0.6390145421028137,CityLearnV3MADRLRewardFunction,masac_unified_comparable_v4,E2,-0.0,1907,14.18572265814959,1.0,0.13045727720608183,0.0,2
44,1.0,1.0,0.022727272727272728,0.0,Building_7,6,MASAC,0.7900000214576721,False,0.0,0.0,0.0,0.5324955582618713,39,0,0.0,0.0,-0.0,341640,-0.0,0.0,-0.5621849298477173,0.0,0.0,0.0,0.0,330,3.4223887894043474,1.0,0.04360731140230641,0.0,0.0,0.0,-0.6390145421028137,CityLearnV3MADRLRewardFunction,masac_unified_comparable_v4,E2,-0.0,1907,14.18572265814959,1.0,0.13045727720608183,0.0,2
19,0.0,0.0,0.0,0.0,Building_8,7,MASAC,0.7900000214576721,False,0.0,0.0,0.0,0.5324955582618713,39,0,0.0,0.0,-0.0,341640,-0.0,0.0,-0.5004746913909912,0.0,0.0,0.0,0.0,155,3.4410760799984605,1.0,0.09296145525670821,0.0,0.0,0.0,-0.6390145421028137,CityLearnV3MADRLRewardFunction,masac_unified_comparable_v4,E2,-0.0,1907,14.18572265814959,1.0,0.13045727720608183,0.0,2
12,0.0,0.0,0.0,0.0,Building_9,8,MASAC,0.7900000214576721,False,0.0,0.0,0.0,0.5324955582618713,39,0,0.0,0.0,-0.0,341640,-0.0,0.0,-0.5202688574790955,0.0,0.0,0.0,0.0,106,3.566230095698967,1.0,0.1469455359257617,0.0,0.0,0.0,-0.6390145421028137,CityLearnV3MADRLRewardFunction,masac_unified_comparable_v4,E2,-0.0,1907,14.18572265814959,1.0,0.13045727720608183,0.0,2
8,0.0,0.0,0.0,0.0,Building_10,9,MASAC,0.7900000214576721,False,0.0,0.0,0.0,0.5324955582618713,39,0,0.0,0.0,-0.0,341640,-0.0,0.0,-0.7276698350906372,0.0,0.0,0.0,0.0,78,3.3975796107929837,1.0,0.183917105388947,0.0,0.0,0.0,-0.6390145421028137,CityLearnV3MADRLRewardFunction,masac_unified_comparable_v4,E2,-0.0,1907,14.18572265814959,1.0,0.13045727720608183,0.0,2
5,0.0,0.0,0.0,0.0,Building_11,10,MASAC,0.7900000214576721,False,0.0,0.0,0.0,0.5324955582618713,39,0,0.0,0.0,-0.0,341640,-0.0,0.0,-0.7395617365837097,0.0,0.0,0.0,0.0,57,3.538460703674568,1.0,0.2680264040827751,0.0,0.0,0.0,-0.6390145421028137,CityLearnV3MADRLRewardFunction,masac_unified_comparable_v4,E2,-0.0,1907,14.18572265814959,1.0,0.13045727720608183,0.0,2
5,1.0,1.0,0.2,0.0,Building_12,11,MASAC,0.7900000214576721,False,0.0,0.0,0.0,0.5324955582618713,39,0,0.0,0.0,-0.0,341640,-0.0,0.0,-0.7422345280647278,0.0,0.0,0.0,0.0,57,3.5415480766182474,1.0,0.2735484345701703,0.0,0.0,0.0,-0.6390145421028137,CityLearnV3MADRLRewardFunction,masac_unified_comparable_v4,E2,-0.0,1907,14.18572265814959,1.0,0.13045727720608183,0.0,2
13,1.0,1.0,0.07692307692307693,0.0,Building_13,12,MASAC,0.7900000214576721,False,0.0,0.0,0.0,0.5324955582618713,39,0,0.0,0.0,-0.0,341640,-0.0,0.0,-0.4983995258808136,0.0,0.0,0.0,0.0,113,3.4270749030721834,1.0,0.12706806293103548,0.0,0.0,0.0,-0.6390145421028137,CityLearnV3MADRLRewardFunction,masac_unified_comparable_v4,E2,-0.0,1907,14.18572265814959,1.0,0.13045727720608183,0.0,2
6,0.0,0.0,0.0,0.0,Building_14,13,MASAC,0.7900000214576721,False,0.0,0.0,0.0,0.5324955582618713,39,0,0.0,0.0,-0.0,341640,-0.0,0.0,-0.5090596079826355,0.0,0.0,0.0,0.0,64,3.4112925712268583,1.0,0.22342824772931635,0.0,0.0,0.0,-0.6390145421028137,CityLearnV3MADRLRewardFunction,masac_unified_comparable_v4,E2,-0.0,1907,14.18572265814959,1.0,0.13045727720608183,0.0,2
10,0.0,0.0,0.0,0.0,Building_15,14,MASAC,0.7900000214576721,False,0.0,0.0,0.0,0.5324955582618713,39,0,0.0,0.0,-0.0,341640,-0.0,0.0,-0.5646897554397583,0.0,0.0,0.0,0.0,92,3.446986008301583,1.0,0.15854998435015263,0.0,0.0,0.0,-0.6390145421028137,CityLearnV3MADRLRewardFunction,masac_unified_comparable_v4,E2,-0.0,1907,14.18572265814959,1.0,0.13045727720608183,0.0,2
13,1.0,1.0,0.07692307692307693,0.0,Building_16,15,MASAC,0.7900000214576721,False,0.0,0.0,0.0,0.5324955582618713,39,0,0.0,0.0,-0.0,341640,-0.0,0.0,-0.727125346660614,0.0,0.0,0.0,0.0,113,3.3326042470380246,1.0,0.1236044536385916,0.0,0.0,0.0,-0.6390145421028137,CityLearnV3MADRLRewardFunction,masac_unified_comparable_v4,E2,-0.0,1907,14.18572265814959,1.0,0.13045727720608183,0.0,2
13,0.0,0.0,0.0,0.0,Building_17,16,MASAC,0.7900000214576721,False,0.0,0.0,0.0,0.5324955582618713,39,0,0.0,0.0,-0.0,341640,-0.0,0.0,-0.6924023628234863,0.0,0.0,0.0,0.0,113,3.502282973906715,1.0,0.13391077643738383,0.0,0.0,0.0,-0.6390145421028137,CityLearnV3MADRLRewardFunction,masac_unified_comparable_v4,E2,-0.0,1907,14.18572265814959,1.0,0.13045727720608183,0.0,2
6,0.0,0.0,0.0,0.0,Building_1,0,MASAC,0.7900000214576721,True,0.0,0.0,0.0,0.5324955582618713,39,8757,0.0,0.0,-0.0,350397,0.0,446.8856201171875,-0.8155145049095154,237.96461486816406,353.0396423339844,446.8856201171875,446.8856201171875,64,3.454738242081922,1.0,0.24417500337585807,0.0,0.0,0.0,-0.7432631254196167,CityLearnV3MADRLRewardFunction,masac_unified_comparable_v4,E2,-0.0,1907,14.414502130382216,1.0,0.14067624991844635,0.0,8759
8,0.0,0.0,0.0,0.0,Building_2,1,MASAC,0.7900000214576721,True,0.0,0.0,0.0,0.5324955582618713,39,8757,0.0,0.0,-0.0,350397,0.0,5.618855953216553,-0.6225419044494629,2.992015838623047,4.438896179199219,5.618855953216553,5.618855953216553,78,3.471940896694141,1.0,0.19680777077491468,0.0,0.0,0.0,-0.7432631254196167,CityLearnV3MADRLRewardFunction,masac_unified_comparable_v4,E2,-0.0,1907,14.414502130382216,1.0,0.14067624991844635,0.0,8759
10,1.0,1.0,0.1,0.0,Building_3,2,MASAC,0.7900000214576721,True,0.0,0.0,0.0,0.5324955582618713,39,8757,0.0,0.0,-0.0,350397,0.0,98.17061614990234,-0.8139575123786926,52.27541732788086,77.5547866821289,98.17061614990234,98.17061614990234,92,3.4384103852889853,1.0,0.1669705493942551,0.0,0.0,0.0,-0.7432631254196167,CityLearnV3MADRLRewardFunction,masac_unified_comparable_v4,E2,-0.0,1907,14.414502130382216,1.0,0.14067624991844635,0.0,8759
8,0.0,0.0,0.0,0.0,Building_4,3,MASAC,0.7900000214576721,True,0.0,0.0,0.0,0.5324955582618713,39,8757,0.0,0.0,-0.0,350397,0.0,28.84416961669922,-0.7809215784072876,15.359392166137695,22.786893844604492,28.84416961669922,28.84416961669922,78,3.4108307764642065,1.0,0.1950734922519097,0.0,0.0,0.0,-0.7432631254196167,CityLearnV3MADRLRewardFunction,masac_unified_comparable_v4,E2,-0.0,1907,14.414502130382216,1.0,0.14067624991844635,0.0,8759
5,0.0,0.0,0.0,0.0,Building_5,4,MASAC,0.7900000214576721,True,0.0,0.0,0.0,0.5324955582618713,39,8757,0.0,0.0,-0.0,350397,0.0,37.89287567138672,-0.8345187902450562,20.17778778076172,29.935373306274414,37.89287567138672,37.89287567138672,57,3.6086298459668438,1.0,0.30417275115063314,0.0,0.0,0.0,-0.7432631254196167,CityLearnV3MADRLRewardFunction,masac_unified_comparable_v4,E2,-0.0,1907,14.414502130382216,1.0,0.14067624991844635,0.0,8759
34,1.0,0.0,-0.029411764705882353,-1.0,Building_6,5,MASAC,0.7900000214576721,True,0.0,0.0,0.0,0.5324955582618713,39,8757,0.0,0.0,-0.0,350397,0.0,350.8894348144531,-0.8154038190841675,186.84706115722656,277.2026672363281,350.8894348144531,350.8894348144531,260,3.39206466892406,1.0,0.05809660519544895,0.0,0.0,0.0,-0.7432631254196167,CityLearnV3MADRLRewardFunction,masac_unified_comparable_v4,E2,-0.0,1907,14.414502130382216,1.0,0.14067624991844635,0.0,8759
44,0.0,0.0,0.0,0.0,Building_7,6,MASAC,0.7900000214576721,True,0.0,0.0,0.0,0.5324955582618713,39,8757,0.0,0.0,-0.0,350397,0.0,18.66022491455078,-0.7370373010635376,9.936487197875977,14.741578102111816,18.66022491455078,18.66022491455078,330,3.447417555358466,1.0,0.04650360106518774,0.0,0.0,0.0,-0.7432631254196167,CityLearnV3MADRLRewardFunction,masac_unified_comparable_v4,E2,-0.0,1907,14.414502130382216,1.0,0.14067624991844635,0.0,8759
19,0.0,0.0,0.0,0.0,Building_8,7,MASAC,0.7900000214576721,True,0.0,0.0,0.0,0.5324955582618713,39,8757,0.0,0.0,-0.0,350397,0.0,19.251495361328125,-0.7405297756195068,10.251336097717285,15.2086820602417,19.251495361328125,19.251495361328125,155,3.5885490829185547,1.0,0.10431991632907621,0.0,0.0,0.0,-0.7432631254196167,CityLearnV3MADRLRewardFunction,masac_unified_comparable_v4,E2,-0.0,1907,14.414502130382216,1.0,0.14067624991844635,0.0,8759
12,0.0,0.0,0.0,0.0,Building_9,8,MASAC,0.7900000214576721,True,0.0,0.0,0.0,0.5324955582618713,39,8757,0.0,0.0,-0.0,350397,0.0,2.4506425857543945,-0.5682000517845154,1.304956316947937,1.9360077381134033,2.4506425857543945,2.4506425857543945,106,3.7077298606789237,1.0,0.1679943988345704,0.0,0.0,0.0,-0.7432631254196167,CityLearnV3MADRLRewardFunction,masac_unified_comparable_v4,E2,-0.0,1907,14.414502130382216,1.0,0.14067624991844635,0.0,8759
8,0.0,0.0,0.0,0.0,Building_10,9,MASAC,0.7900000214576721,True,0.0,0.0,0.0,0.5324955582618713,39,8757,0.0,0.0,-0.0,350397,0.0,34.33414077758789,-0.7931303381919861,18.282777786254883,27.123971939086914,34.33414077758789,34.33414077758789,78,3.451270955891,1.0,0.19796045592580086,0.0,0.0,0.0,-0.7432631254196167,CityLearnV3MADRLRewardFunction,masac_unified_comparable_v4,E2,-0.0,1907,14.414502130382216,1.0,0.14067624991844635,0.0,8759
5,0.0,0.0,0.0,0.0,Building_11,10,MASAC,0.7900000214576721,True,0.0,0.0,0.0,0.5324955582618713,39,8757,0.0,0.0,-0.0,350397,0.0,57.917564392089844,-0.8114269971847534,30.840845108032227,45.754878997802734,57.917564392089844,57.917564392089844,57,3.528864658420672,1.0,0.27634684506215546,0.0,0.0,0.0,-0.7432631254196167,CityLearnV3MADRLRewardFunction,masac_unified_comparable_v4,E2,-0.0,1907,14.414502130382216,1.0,0.14067624991844635,0.0,8759
5,0.0,0.0,0.0,0.0,Building_12,11,MASAC,0.7900000214576721,True,0.0,0.0,0.0,0.5324955582618713,39,8757,0.0,0.0,-0.0,350397,0.0,182.6020965576172,-0.8130131363868713,97.23480224609375,144.2556610107422,182.6020965576172,182.6020965576172,57,3.382759868758869,1.0,0.2616712699333827,0.0,0.0,0.0,-0.7432631254196167,CityLearnV3MADRLRewardFunction,masac_unified_comparable_v4,E2,-0.0,1907,14.414502130382216,1.0,0.14067624991844635,0.0,8759
13,0.0,0.0,0.0,0.0,Building_13,12,MASAC,0.7900000214576721,True,0.0,0.0,0.0,0.5324955582618713,39,8757,0.0,0.0,-0.0,350397,0.0,2.789367437362671,-0.5896027088165283,1.485325813293457,2.2036004066467285,2.789367437362671,2.789367437362671,113,3.4443800209353888,1.0,0.13419961784265738,0.0,0.0,0.0,-0.7432631254196167,CityLearnV3MADRLRewardFunction,masac_unified_comparable_v4,E2,-0.0,1907,14.414502130382216,1.0,0.14067624991844635,0.0,8759
6,0.0,0.0,0.0,0.0,Building_14,13,MASAC,0.7900000214576721,True,0.0,0.0,0.0,0.5324955582618713,39,8757,0.0,0.0,-0.0,350397,0.0,2.485826015472412,-0.586093008518219,1.3236913681030273,1.9638025760650635,2.485826015472412,2.485826015472412,64,3.555238064367898,1.0,0.24753393419086933,0.0,0.0,0.0,-0.7432631254196167,CityLearnV3MADRLRewardFunction,masac_unified_comparable_v4,E2,-0.0,1907,14.414502130382216,1.0,0.14067624991844635,0.0,8759
10,1.0,1.0,0.1,0.0,Building_15,14,MASAC,0.7900000214576721,True,0.0,0.0,0.0,0.5324955582618713,39,8757,0.0,0.0,-0.0,350397,0.0,20.5941162109375,-0.748654842376709,10.966275215148926,16.269351959228516,20.5941162109375,20.5941162109375,92,3.5998047730815252,1.0,0.17844857178304507,0.0,0.0,0.0,-0.7432631254196167,CityLearnV3MADRLRewardFunction,masac_unified_comparable_v4,E2,-0.0,1907,14.414502130382216,1.0,0.14067624991844635,0.0,8759
13,0.0,0.0,0.0,0.0,Building_16,15,MASAC,0.7900000214576721,True,0.0,0.0,0.0,0.5324955582618713,39,8757,0.0,0.0,-0.0,350397,0.0,103.13050842285156,-0.8131462335586548,54.91653823852539,81.47310638427734,103.13050842285156,103.13050842285156,113,3.4360494206863756,1.0,0.13750383679845693,0.0,0.0,0.0,-0.7432631254196167,CityLearnV3MADRLRewardFunction,masac_unified_comparable_v4,E2,-0.0,1907,14.414502130382216,1.0,0.14067624991844635,0.0,8759
13,0.0,0.0,0.0,0.0,Building_17,16,MASAC,0.7900000214576721,True,0.0,0.0,0.0,0.5324955582618713,39,8757,0.0,0.0,-0.0,350397,0.0,21.1981143951416,-0.7517809271812439,11.287901878356934,16.746511459350586,21.1981143951416,21.1981143951416,113,3.4954515159858066,1.0,0.1405164124691381,0.0,0.0,0.0,-0.7432631254196167,CityLearnV3MADRLRewardFunction,masac_unified_comparable_v4,E2,-0.0,1907,14.414502130382216,1.0,0.14067624991844635,0.0,8759
6,0.0,0.0,0.0,0.0,Building_1,0,MASAC,0.7900000214576721,False,0.0,0.0,0.0,0.5324955582618713,40,0,0.0,0.0,-0.0,350400,-0.0,0.0,-0.6243892908096313,0.0,0.0,0.0,0.0,64,3.2930911166585046,1.0,0.22851821756921709,0.0,0.0,0.0,-0.49138692021369934,CityLearnV3MADRLRewardFunction,masac_unified_comparable_v4,E2,-0.0,1907,13.905603865967324,1.0,0.13268794814358145,0.0,3
8,0.0,0.0,0.0,0.0,Building_2,1,MASAC,0.7900000214576721,False,0.0,0.0,0.0,0.5324955582618713,40,0,0.0,0.0,-0.0,350400,-0.0,0.0,-0.3650340139865875,0.0,0.0,0.0,0.0,78,3.371037541205747,1.0,0.18798974710397232,0.0,0.0,0.0,-0.49138692021369934,CityLearnV3MADRLRewardFunction,masac_unified_comparable_v4,E2,-0.0,1907,13.905603865967324,1.0,0.13268794814358145,0.0,3
10,0.0,0.0,0.0,0.0,Building_3,2,MASAC,0.7900000214576721,False,0.0,0.0,0.0,0.5324955582618713,40,0,0.0,0.0,-0.0,350400,-0.0,0.0,-0.6186843514442444,0.0,0.0,0.0,0.0,92,3.434469679987914,1.0,0.16759331483879816,0.0,0.0,0.0,-0.49138692021369934,CityLearnV3MADRLRewardFunction,masac_unified_comparable_v4,E2,-0.0,1907,13.905603865967324,1.0,0.13268794814358145,0.0,3
8,0.0,0.0,0.0,0.0,Building_4,3,MASAC,0.7900000214576721,False,0.0,0.0,0.0,0.5324955582618713,40,0,0.0,0.0,-0.0,350400,-0.0,0.0,-0.5096250176429749,0.0,0.0,0.0,0.0,78,3.2958998137045543,1.0,0.18434909387276724,0.0,0.0,0.0,-0.49138692021369934,CityLearnV3MADRLRewardFunction,masac_unified_comparable_v4,E2,-0.0,1907,13.905603865967324,1.0,0.13268794814358145,0.0,3
5,0.0,0.0,0.0,0.0,Building_5,4,MASAC,0.7900000214576721,False,0.0,0.0,0.0,0.5324955582618713,40,0,0.0,0.0,-0.0,350400,-0.0,0.0,-0.6088606715202332,0.0,0.0,0.0,0.0,57,3.365377139093831,1.0,0.26643169736653044,0.0,0.0,0.0,-0.49138692021369934,CityLearnV3MADRLRewardFunction,masac_unified_comparable_v4,E2,-0.0,1907,13.905603865967324,1.0,0.13268794814358145,0.0,3
34,0.0,0.0,0.0,0.0,Building_6,5,MASAC,0.7900000214576721,False,0.0,0.0,0.0,0.5324955582618713,40,0,0.0,0.0,-0.0,350400,-0.0,0.0,-0.6221620440483093,0.0,0.0,0.0,0.0,260,3.2774009585958335,1.0,0.05490091448793044,0.0,0.0,0.0,-0.49138692021369934,CityLearnV3MADRLRewardFunction,masac_unified_comparable_v4,E2,-0.0,1907,13.905603865967324,1.0,0.13268794814358145,0.0,3
44,0.0,0.0,0.0,0.0,Building_7,6,MASAC,0.7900000214576721,False,0.0,0.0,0.0,0.5324955582618713,40,0,0.0,0.0,-0.0,350400,-0.0,0.0,-0.36561039090156555,0.0,0.0,0.0,0.0,330,3.353837919026103,1.0,0.04427878734740344,0.0,0.0,0.0,-0.49138692021369934,CityLearnV3MADRLRewardFunction,masac_unified_comparable_v4,E2,-0.0,1907,13.905603865967324,1.0,0.13268794814358145,0.0,3
19,1.0,0.0,-0.05263157894736842,-1.0,Building_8,7,MASAC,0.7900000214576721,False,0.0,0.0,0.0,0.5324955582618713,40,0,0.0,0.0,-0.0,350400,-0.0,0.0,-0.38755273818969727,0.0,0.0,0.0,0.0,155,3.3334500960301368,1.0,0.09299948609644366,0.0,0.0,0.0,-0.49138692021369934,CityLearnV3MADRLRewardFunction,masac_unified_comparable_v4,E2,-0.0,1907,13.905603865967324,1.0,0.13268794814358145,0.0,3
12,0.0,0.0,0.0,0.0,Building_9,8,MASAC,0.7900000214576721,False,0.0,0.0,0.0,0.5324955582618713,40,0,0.0,0.0,-0.0,350400,-0.0,0.0,-0.38959866762161255,0.0,0.0,0.0,0.0,106,3.484810704672655,1.0,0.14875163369864788,0.0,0.0,0.0,-0.49138692021369934,CityLearnV3MADRLRewardFunction,masac_unified_comparable_v4,E2,-0.0,1907,13.905603865967324,1.0,0.13268794814358145,0.0,3
8,0.0,0.0,0.0,0.0,Building_10,9,MASAC,0.7900000214576721,False,0.0,0.0,0.0,0.5324955582618713,40,0,0.0,0.0,-0.0,350400,-0.0,0.0,-0.43137454986572266,0.0,0.0,0.0,0.0,78,3.3250384172686656,1.0,0.1859010235310938,0.0,0.0,0.0,-0.49138692021369934,CityLearnV3MADRLRewardFunction,masac_unified_comparable_v4,E2,-0.0,1907,13.905603865967324,1.0,0.13268794814358145,0.0,3
5,0.0,0.0,0.0,0.0,Building_11,10,MASAC,0.7900000214576721,False,0.0,0.0,0.0,0.5324955582618713,40,0,0.0,0.0,-0.0,350400,-0.0,0.0,-0.6116082072257996,0.0,0.0,0.0,0.0,57,3.4791692147148017,1.0,0.27352401705687507,0.0,0.0,0.0,-0.49138692021369934,CityLearnV3MADRLRewardFunction,masac_unified_comparable_v4,E2,-0.0,1907,13.905603865967324,1.0,0.13268794814358145,0.0,3
5,0.0,0.0,0.0,0.0,Building_12,11,MASAC,0.7900000214576721,False,0.0,0.0,0.0,0.5324955582618713,40,0,0.0,0.0,-0.0,350400,-0.0,0.0,-0.623181164264679,0.0,0.0,0.0,0.0,57,3.441123700581301,1.0,0.2737723289613138,0.0,0.0,0.0,-0.49138692021369934,CityLearnV3MADRLRewardFunction,masac_unified_comparable_v4,E2,-0.0,1907,13.905603865967324,1.0,0.13268794814358145,0.0,3
13,1.0,1.0,0.07692307692307693,0.0,Building_13,12,MASAC,0.7900000214576721,False,0.0,0.0,0.0,0.5324955582618713,40,0,0.0,0.0,-0.0,350400,-0.0,0.0,-0.3653462827205658,0.0,0.0,0.0,0.0,113,3.3601015402824164,1.0,0.129532590508461,0.0,0.0,0.0,-0.49138692021369934,CityLearnV3MADRLRewardFunction,masac_unified_comparable_v4,E2,-0.0,1907,13.905603865967324,1.0,0.13268794814358145,0.0,3
6,0.0,0.0,0.0,0.0,Building_14,13,MASAC,0.7900000214576721,False,0.0,0.0,0.0,0.5324955582618713,40,0,0.0,0.0,-0.0,350400,-0.0,0.0,-0.3760073781013489,0.0,0.0,0.0,0.0,64,3.3770338547907257,1.0,0.22974335798062384,0.0,0.0,0.0,-0.49138692021369934,CityLearnV3MADRLRewardFunction,masac_unified_comparable_v4,E2,-0.0,1907,13.905603865967324,1.0,0.13268794814358145,0.0,3
10,0.0,0.0,0.0,0.0,Building_15,14,MASAC,0.7900000214576721,False,0.0,0.0,0.0,0.5324955582618713,40,0,0.0,0.0,-0.0,350400,-0.0,0.0,-0.37901201844215393,0.0,0.0,0.0,0.0,92,3.3706370167343525,1.0,0.1598552401461031,0.0,0.0,0.0,-0.49138692021369934,CityLearnV3MADRLRewardFunction,masac_unified_comparable_v4,E2,-0.0,1907,13.905603865967324,1.0,0.13268794814358145,0.0,3
13,0.0,0.0,0.0,0.0,Building_16,15,MASAC,0.7900000214576721,False,0.0,0.0,0.0,0.5324955582618713,40,0,0.0,0.0,-0.0,350400,-0.0,0.0,-0.5274915099143982,0.0,0.0,0.0,0.0,113,3.321229490738226,1.0,0.12844606324107247,0.0,0.0,0.0,-0.49138692021369934,CityLearnV3MADRLRewardFunction,masac_unified_comparable_v4,E2,-0.0,1907,13.905603865967324,1.0,0.13268794814358145,0.0,3
13,1.0,1.0,0.07692307692307693,0.0,Building_17,16,MASAC,0.7900000214576721,False,0.0,0.0,0.0,0.5324955582618713,40,0,0.0,0.0,-0.0,350400,-0.0,0.0,-0.5480390191078186,0.0,0.0,0.0,0.0,113,3.4408666534612267,1.0,0.13660426840054252,0.0,0.0,0.0,-0.49138692021369934,CityLearnV3MADRLRewardFunction,masac_unified_comparable_v4,E2,-0.0,1907,13.905603865967324,1.0,0.13268794814358145,0.0,3
6,0.0,0.0,0.0,0.0,Building_1,0,MASAC,0.7900000214576721,True,0.0,0.0,0.0,0.5324955582618713,40,8756,0.0,0.0,-0.0,359156,0.0,391.586669921875,-0.7639301419258118,208.51815795898438,309.3534851074219,391.586669921875,391.586669921875,64,3.419330238112267,1.0,0.2321829702705145,0.0,0.0,0.0,-0.6705988645553589,CityLearnV3MADRLRewardFunction,masac_unified_comparable_v4,E2,-0.0,1907,14.193171024321853,1.0,0.13365594837980616,0.0,8759
8,0.0,0.0,0.0,0.0,Building_2,1,MASAC,0.7900000214576721,True,0.0,0.0,0.0,0.5324955582618713,40,8756,0.0,0.0,-0.0,359156,0.0,0.1848604530096054,-0.5066781640052795,0.0984373688697815,0.14603976905345917,0.1848604530096054,0.1848604530096054,78,3.5204794159214607,1.0,0.19390764565039903,0.0,0.0,0.0,-0.6705988645553589,CityLearnV3MADRLRewardFunction,masac_unified_comparable_v4,E2,-0.0,1907,14.193171024321853,1.0,0.13365594837980616,0.0,8759
10,0.0,0.0,0.0,0.0,Building_3,2,MASAC,0.7900000214576721,True,0.0,0.0,0.0,0.5324955582618713,40,8756,0.0,0.0,-0.0,359156,0.0,39.0087890625,-0.7491549849510193,20.77200698852539,30.816944122314453,39.0087890625,39.0087890625,92,3.4057457894656973,1.0,0.15931882288144983,0.0,0.0,0.0,-0.6705988645553589,CityLearnV3MADRLRewardFunction,masac_unified_comparable_v4,E2,-0.0,1907,14.193171024321853,1.0,0.13365594837980616,0.0,8759
8,0.0,0.0,0.0,0.0,Building_4,3,MASAC,0.7900000214576721,True,0.0,0.0,0.0,0.5324955582618713,40,8756,0.0,0.0,-0.0,359156,0.0,36.67196273803711,-0.7445862889289856,19.52765655517578,28.97085189819336,36.67196273803711,36.67196273803711,78,3.265350749806047,1.0,0.17773930136209878,0.0,0.0,0.0,-0.6705988645553589,CityLearnV3MADRLRewardFunction,masac_unified_comparable_v4,E2,-0.0,1907,14.193171024321853,1.0,0.13365594837980616,0.0,8759
5,0.0,0.0,0.0,0.0,Building_5,4,MASAC,0.7900000214576721,True,0.0,0.0,0.0,0.5324955582618713,40,8756,0.0,0.0,-0.0,359156,0.0,54.225337982177734,-0.7953576445579529,28.874752044677734,42.838016510009766,54.225337982177734,54.225337982177734,57,3.5711321825969606,1.0,0.29486657626796187,0.0,0.0,0.0,-0.6705988645553589,CityLearnV3MADRLRewardFunction,masac_unified_comparable_v4,E2,-0.0,1907,14.193171024321853,1.0,0.13365594837980616,0.0,8759
34,0.0,0.0,0.0,0.0,Building_6,5,MASAC,0.7900000214576721,True,0.0,0.0,0.0,0.5324955582618713,40,8756,0.0,0.0,-0.0,359156,0.0,348.8946838378906,-0.7639248967170715,185.7848663330078,275.6268005371094,348.8946838378906,348.8946838378906,260,3.3551553863331836,1.0,0.05557160239953261,0.0,0.0,0.0,-0.6705988645553589,CityLearnV3MADRLRewardFunction,masac_unified_comparable_v4,E2,-0.0,1907,14.193171024321853,1.0,0.13365594837980616,0.0,8759
44,1.0,1.0,0.022727272727272728,0.0,Building_7,6,MASAC,0.7900000214576721,True,0.0,0.0,0.0,0.5324955582618713,40,8756,0.0,0.0,-0.0,359156,0.0,2.9800853729248047,-0.5402836203575134,1.58688223361969,2.3542675971984863,2.9800853729248047,2.9800853729248047,330,3.3623563135809764,1.0,0.043314756791700014,0.0,0.0,0.0,-0.6705988645553589,CityLearnV3MADRLRewardFunction,masac_unified_comparable_v4,E2,-0.0,1907,14.193171024321853,1.0,0.13365594837980616,0.0,8759
19,1.0,1.0,0.05263157894736842,0.0,Building_8,7,MASAC,0.7900000214576721,True,121.52303314208984,0.0,0.0,0.5324955582618713,40,8756,0.0,0.0,-0.0,359156,0.0,127.72240447998047,-0.7930435538291931,68.01161193847656,100.90070343017578,127.72240447998047,6.199371337890625,155,3.420217193003383,1.0,0.09650272073284272,0.0,0.0,0.0,-0.6705988645553589,CityLearnV3MADRLRewardFunction,masac_unified_comparable_v4,E2,-0.0,1907,14.193171024321853,1.0,0.13365594837980616,0.0,8759
12,0.0,0.0,0.0,0.0,Building_9,8,MASAC,0.7900000214576721,True,0.0,0.0,0.0,0.5324955582618713,40,8756,0.0,0.0,-0.0,359156,0.0,2.1350696086883545,-0.5128396153450012,1.1369150876998901,1.6867049932479858,2.1350696086883545,2.1350696086883545,106,3.599046374026896,1.0,0.15632688071367876,0.0,0.0,0.0,-0.6705988645553589,CityLearnV3MADRLRewardFunction,masac_unified_comparable_v4,E2,-0.0,1907,14.193171024321853,1.0,0.13365594837980616,0.0,8759
8,0.0,0.0,0.0,0.0,Building_10,9,MASAC,0.7900000214576721,True,0.0,0.0,0.0,0.5324955582618713,40,8756,0.0,0.0,-0.0,359156,0.0,16.451881408691406,-0.671863317489624,8.760553359985352,12.996986389160156,16.451881408691406,16.451881408691406,78,3.473437506886006,1.0,0.19226249546194688,0.0,0.0,0.0,-0.6705988645553589,CityLearnV3MADRLRewardFunction,masac_unified_comparable_v4,E2,-0.0,1907,14.193171024321853,1.0,0.13365594837980616,0.0,8759
5,0.0,0.0,0.0,0.0,Building_11,10,MASAC,0.7900000214576721,True,0.0,0.0,0.0,0.5324955582618713,40,8756,0.0,0.0,-0.0,359156,0.0,66.45198059082031,-0.7615522146224976,35.38538360595703,52.497066497802734,66.45198059082031,66.45198059082031,57,3.47648122201164,1.0,0.2621902525424957,0.0,0.0,0.0,-0.6705988645553589,CityLearnV3MADRLRewardFunction,masac_unified_comparable_v4,E2,-0.0,1907,14.193171024321853,1.0,0.13365594837980616,0.0,8759
5,0.0,0.0,0.0,0.0,Building_12,11,MASAC,0.7900000214576721,True,0.0,0.0,0.0,0.5324955582618713,40,8756,0.0,0.0,-0.0,359156,0.0,155.388671875,-0.7637494802474976,82.7437744140625,122.7570571899414,155.388671875,155.388671875,57,3.4410406760079253,1.0,0.2628133503491418,0.0,0.0,0.0,-0.6705988645553589,CityLearnV3MADRLRewardFunction,masac_unified_comparable_v4,E2,-0.0,1907,14.193171024321853,1.0,0.13365594837980616,0.0,8759
13,0.0,0.0,0.0,0.0,Building_13,12,MASAC,0.7900000214576721,True,0.0,0.0,0.0,0.5324955582618713,40,8756,0.0,0.0,-0.0,359156,0.0,0.1047736182808876,-0.5057013630867004,0.05579148605465889,0.08277115970849991,0.1047736182808876,0.1047736182808876,113,3.386890827473938,1.0,0.12827942909392637,0.0,0.0,0.0,-0.6705988645553589,CityLearnV3MADRLRewardFunction,masac_unified_comparable_v4,E2,-0.0,1907,14.193171024321853,1.0,0.13365594837980616,0.0,8759
6,1.0,1.0,0.16666666666666666,0.0,Building_14,13,MASAC,0.7900000214576721,True,0.0,0.0,0.0,0.5324955582618713,40,8756,0.0,0.0,-0.0,359156,0.0,1.3521205186843872,-0.520840585231781,0.7199981808662415,1.068175196647644,1.3521205186843872,1.3521205186843872,64,3.4877465090252624,1.0,0.23434024723246694,0.0,0.0,0.0,-0.6705988645553589,CityLearnV3MADRLRewardFunction,masac_unified_comparable_v4,E2,-0.0,1907,14.193171024321853,1.0,0.13365594837980616,0.0,8759
10,0.0,0.0,0.0,0.0,Building_15,14,MASAC,0.7900000214576721,True,0.0,0.0,0.0,0.5324955582618713,40,8756,0.0,0.0,-0.0,359156,0.0,15.147623062133789,-0.6623750329017639,8.066041946411133,11.966622352600098,15.147623062133789,15.147623062133789,92,3.543948480766732,1.0,0.16897000696348108,0.0,0.0,0.0,-0.6705988645553589,CityLearnV3MADRLRewardFunction,masac_unified_comparable_v4,E2,-0.0,1907,14.193171024321853,1.0,0.13365594837980616,0.0,8759
13,0.0,0.0,0.0,0.0,Building_16,15,MASAC,0.7900000214576721,True,0.0,0.0,0.0,0.5324955582618713,40,8756,0.0,0.0,-0.0,359156,0.0,11.957420349121094,-0.6359007954597473,6.367273330688477,9.446362495422363,11.957420349121094,11.957420349121094,113,3.424536118007281,1.0,0.13047938299390066,0.0,0.0,0.0,-0.6705988645553589,CityLearnV3MADRLRewardFunction,masac_unified_comparable_v4,E2,-0.0,1907,14.193171024321853,1.0,0.13365594837980616,0.0,8759
13,0.0,0.0,0.0,0.0,Building_17,16,MASAC,0.7900000214576721,True,0.0,0.0,0.0,0.5324955582618713,40,8756,0.0,0.0,-0.0,359156,0.0,23.087642669677734,-0.7083988189697266,12.2940673828125,18.239238739013672,23.087642669677734,23.087642669677734,113,3.349403183557936,1.0,0.12914597671643824,0.0,0.0,0.0,-0.6705988645553589,CityLearnV3MADRLRewardFunction,masac_unified_comparable_v4,E2,-0.0,1907,14.193171024321853,1.0,0.13365594837980616,0.0,8759
6,0.0,0.0,0.0,0.0,Building_1,0,MASAC,0.7900000214576721,False,0.0,0.0,0.0,0.5324955582618713,41,0,0.0,0.0,-0.0,359160,-0.0,0.0,-0.6626908779144287,0.0,0.0,0.0,0.0,64,3.4018264809268013,1.0,0.24622601550072432,0.0,0.0,0.0,-0.5467576384544373,CityLearnV3MADRLRewardFunction,masac_unified_comparable_v4,E2,-0.0,1907,14.57444543069141,1.0,0.1454914617926023,0.0,4
8,0.0,0.0,0.0,0.0,Building_2,1,MASAC,0.7900000214576721,False,0.0,0.0,0.0,0.5324955582618713,41,0,0.0,0.0,-0.0,359160,-0.0,0.0,-0.409723699092865,0.0,0.0,0.0,0.0,78,3.531702699274271,1.0,0.205563845542761,0.0,0.0,0.0,-0.5467576384544373,CityLearnV3MADRLRewardFunction,masac_unified_comparable_v4,E2,-0.0,1907,14.57444543069141,1.0,0.1454914617926023,0.0,4
10,0.0,0.0,0.0,0.0,Building_3,2,MASAC,0.7900000214576721,False,0.0,0.0,0.0,0.5324955582618713,41,0,0.0,0.0,-0.0,359160,-0.0,0.0,-0.6014719009399414,0.0,0.0,0.0,0.0,92,3.7402959697454206,1.0,0.19595314035920994,0.0,0.0,0.0,-0.5467576384544373,CityLearnV3MADRLRewardFunction,masac_unified_comparable_v4,E2,-0.0,1907,14.57444543069141,1.0,0.1454914617926023,0.0,4
8,0.0,0.0,0.0,0.0,Building_4,3,MASAC,0.7900000214576721,False,0.0,0.0,0.0,0.5324955582618713,41,0,0.0,0.0,-0.0,359160,-0.0,0.0,-0.5541504621505737,0.0,0.0,0.0,0.0,78,3.461867124690307,1.0,0.2018539886444043,0.0,0.0,0.0,-0.5467576384544373,CityLearnV3MADRLRewardFunction,masac_unified_comparable_v4,E2,-0.0,1907,14.57444543069141,1.0,0.1454914617926023,0.0,4
5,0.0,0.0,0.0,0.0,Building_5,4,MASAC,0.7900000214576721,False,0.0,0.0,0.0,0.5324955582618713,41,0,0.0,0.0,-0.0,359160,-0.0,0.0,-0.6433576941490173,0.0,0.0,0.0,0.0,57,3.567358596244645,1.0,0.2966691445101771,0.0,0.0,0.0,-0.5467576384544373,CityLearnV3MADRLRewardFunction,masac_unified_comparable_v4,E2,-0.0,1907,14.57444543069141,1.0,0.1454914617926023,0.0,4
34,1.0,1.0,0.029411764705882353,0.0,Building_6,5,MASAC,0.7900000214576721,False,0.0,0.0,0.0,0.5324955582618713,41,0,0.0,0.0,-0.0,359160,-0.0,0.0,-0.6616913676261902,0.0,0.0,0.0,0.0,260,3.4477557057338934,1.0,0.060652696083371455,0.0,0.0,0.0,-0.5467576384544373,CityLearnV3MADRLRewardFunction,masac_unified_comparable_v4,E2,-0.0,1907,14.57444543069141,1.0,0.1454914617926023,0.0,4
44,0.0,0.0,0.0,0.0,Building_7,6,MASAC,0.7900000214576721,False,0.0,0.0,0.0,0.5324955582618713,41,0,0.0,0.0,-0.0,359160,-0.0,0.0,-0.4252525866031647,0.0,0.0,0.0,0.0,330,3.512988983280617,1.0,0.048420624570413066,0.0,0.0,0.0,-0.5467576384544373,CityLearnV3MADRLRewardFunction,masac_unified_comparable_v4,E2,-0.0,1907,14.57444543069141,1.0,0.1454914617926023,0.0,4
19,1.0,0.0,-0.05263157894736842,-1.0,Building_8,7,MASAC,0.7900000214576721,False,0.0,0.0,0.0,0.5324955582618713,41,0,0.0,0.0,-0.0,359160,-0.0,0.0,-0.4258458912372589,0.0,0.0,0.0,0.0,155,3.4963544154653943,1.0,0.10184601276151596,0.0,0.0,0.0,-0.5467576384544373,CityLearnV3MADRLRewardFunction,masac_unified_comparable_v4,E2,-0.0,1907,14.57444543069141,1.0,0.1454914617926023,0.0,4
12,0.0,0.0,0.0,0.0,Building_9,8,MASAC,0.7900000214576721,False,0.0,0.0,0.0,0.5324955582618713,41,0,0.0,0.0,-0.0,359160,-0.0,0.0,-0.4338396489620209,0.0,0.0,0.0,0.0,106,3.6453178913802824,1.0,0.16144251774223345,0.0,0.0,0.0,-0.5467576384544373,CityLearnV3MADRLRewardFunction,masac_unified_comparable_v4,E2,-0.0,1907,14.57444543069141,1.0,0.1454914617926023,0.0,4
8,0.0,0.0,0.0,0.0,Building_10,9,MASAC,0.7900000214576721,False,0.0,0.0,0.0,0.5324955582618713,41,0,0.0,0.0,-0.0,359160,-0.0,0.0,-0.6159887313842773,0.0,0.0,0.0,0.0,78,3.4866875190045796,1.0,0.20379960890381765,0.0,0.0,0.0,-0.5467576384544373,CityLearnV3MADRLRewardFunction,masac_unified_comparable_v4,E2,-0.0,1907,14.57444543069141,1.0,0.1454914617926023,0.0,4
5,0.0,0.0,0.0,0.0,Building_11,10,MASAC,0.7900000214576721,False,0.0,0.0,0.0,0.5324955582618713,41,0,0.0,0.0,-0.0,359160,-0.0,0.0,-0.6574148535728455,0.0,0.0,0.0,0.0,57,3.59995862027185,1.0,0.29420233609383567,0.0,0.0,0.0,-0.5467576384544373,CityLearnV3MADRLRewardFunction,masac_unified_comparable_v4,E2,-0.0,1907,14.57444543069141,1.0,0.1454914617926023,0.0,4
5,0.0,0.0,0.0,0.0,Building_12,11,MASAC,0.7900000214576721,False,0.0,0.0,0.0,0.5324955582618713,41,0,0.0,0.0,-0.0,359160,-0.0,0.0,-0.6617267727851868,0.0,0.0,0.0,0.0,57,3.6278005089150427,1.0,0.3037439868376966,0.0,0.0,0.0,-0.5467576384544373,CityLearnV3MADRLRewardFunction,masac_unified_comparable_v4,E2,-0.0,1907,14.57444543069141,1.0,0.1454914617926023,0.0,4
13,0.0,0.0,0.0,0.0,Building_13,12,MASAC,0.7900000214576721,False,0.0,0.0,0.0,0.5324955582618713,41,0,0.0,0.0,-0.0,359160,-0.0,0.0,-0.4147280752658844,0.0,0.0,0.0,0.0,113,3.5179681231706463,1.0,0.14156058457045428,0.0,0.0,0.0,-0.5467576384544373,CityLearnV3MADRLRewardFunction,masac_unified_comparable_v4,E2,-0.0,1907,14.57444543069141,1.0,0.1454914617926023,0.0,4
6,0.0,0.0,0.0,0.0,Building_14,13,MASAC,0.7900000214576721,False,0.0,0.0,0.0,0.5324955582618713,41,0,0.0,0.0,-0.0,359160,-0.0,0.0,-0.4237751066684723,0.0,0.0,0.0,0.0,64,3.496015835896579,1.0,0.24858597433194518,0.0,0.0,0.0,-0.5467576384544373,CityLearnV3MADRLRewardFunction,masac_unified_comparable_v4,E2,-0.0,1907,14.57444543069141,1.0,0.1454914617926023,0.0,4
10,0.0,0.0,0.0,0.0,Building_15,14,MASAC,0.7900000214576721,False,0.0,0.0,0.0,0.5324955582618713,41,0,0.0,0.0,-0.0,359160,-0.0,0.0,-0.4383438527584076,0.0,0.0,0.0,0.0,92,3.529556622967236,1.0,0.1748181156328191,0.0,0.0,0.0,-0.5467576384544373,CityLearnV3MADRLRewardFunction,masac_unified_comparable_v4,E2,-0.0,1907,14.57444543069141,1.0,0.1454914617926023,0.0,4
13,0.0,0.0,0.0,0.0,Building_16,15,MASAC,0.7900000214576721,False,0.0,0.0,0.0,0.5324955582618713,41,0,0.0,0.0,-0.0,359160,-0.0,0.0,-0.6523132920265198,0.0,0.0,0.0,0.0,113,3.424845920658173,1.0,0.13811553263031276,0.0,0.0,0.0,-0.5467576384544373,CityLearnV3MADRLRewardFunction,masac_unified_comparable_v4,E2,-0.0,1907,14.57444543069141,1.0,0.1454914617926023,0.0,4
13,0.0,0.0,0.0,0.0,Building_17,16,MASAC,0.7900000214576721,False,0.0,0.0,0.0,0.5324955582618713,41,0,0.0,0.0,-0.0,359160,-0.0,0.0,-0.6125652194023132,0.0,0.0,0.0,0.0,113,3.5867234077449055,1.0,0.14826818885265197,0.0,0.0,0.0,-0.5467576384544373,CityLearnV3MADRLRewardFunction,masac_unified_comparable_v4,E2,-0.0,1907,14.57444543069141,1.0,0.1454914617926023,0.0,4
6,0.0,0.0,0.0,0.0,Building_1,0,MASAC,0.7900000214576721,True,0.0,0.0,0.0,0.5324955582618713,41,8755,0.0,0.0,-0.0,367915,0.0,433.45458984375,-0.7850449681282043,226.82997131347656,342.42913818359375,433.45458984375,433.45458984375,64,3.3343504050884363,1.0,0.22407530876807868,0.0,0.0,0.0,-0.6994825005531311,CityLearnV3MADRLRewardFunction,masac_unified_comparable_v4,E2,-0.0,1907,13.853328217531873,1.0,0.12906334383337986,0.0,8759
8,0.0,0.0,0.0,0.0,Building_2,1,MASAC,0.7900000214576721,True,0.0,0.0,0.0,0.5324955582618713,41,8755,0.0,0.0,-0.0,367915,0.0,15.16435432434082,-0.6829442977905273,6.4599609375,11.979840278625488,15.16435432434082,15.16435432434082,78,3.308287726422924,1.0,0.18088800555620438,0.0,0.0,0.0,-0.6994825005531311,CityLearnV3MADRLRewardFunction,masac_unified_comparable_v4,E2,-0.0,1907,13.853328217531873,1.0,0.12906334383337986,0.0,8759
10,1.0,0.0,-0.1,-1.0,Building_3,2,MASAC,0.7900000214576721,True,-476.17718505859375,0.0,0.0,0.5324955582618713,41,8755,0.0,0.0,-0.0,367915,381.63739013671875,0.0,-0.5481840968132019,-162.576171875,0.0,-381.63739013671875,94.539794921875,92,3.24914807123473,1.0,0.1500722667121369,0.0,0.0,0.0,-0.6994825005531311,CityLearnV3MADRLRewardFunction,masac_unified_comparable_v4,E2,-0.0,1907,13.853328217531873,1.0,0.12906334383337986,0.0,8759
8,0.0,0.0,0.0,0.0,Building_4,3,MASAC,0.7900000214576721,True,0.0,0.0,0.0,0.5324955582618713,41,8755,0.0,0.0,-0.0,367915,0.0,31.04317283630371,-0.7566502690315247,13.224281311035156,24.524106979370117,31.04317283630371,31.04317283630371,78,3.3240817445429327,1.0,0.18115808012393805,0.0,0.0,0.0,-0.6994825005531311,CityLearnV3MADRLRewardFunction,masac_unified_comparable_v4,E2,-0.0,1907,13.853328217531873,1.0,0.12906334383337986,0.0,8759
5,0.0,0.0,0.0,0.0,Building_5,4,MASAC,0.7900000214576721,True,0.0,0.0,0.0,0.5324955582618713,41,8755,0.0,0.0,-0.0,367915,0.0,38.538970947265625,-0.8063458800315857,16.539165496826172,30.44578742980957,38.538970947265625,38.538970947265625,57,3.5864656218543765,1.0,0.29304267335356327,0.0,0.0,0.0,-0.6994825005531311,CityLearnV3MADRLRewardFunction,masac_unified_comparable_v4,E2,-0.0,1907,13.853328217531873,1.0,0.12906334383337986,0.0,8759
34,1.0,1.0,0.029411764705882353,0.0,Building_6,5,MASAC,0.7900000214576721,True,0.0,0.0,0.0,0.5324955582618713,41,8755,0.0,0.0,-0.0,367915,0.0,362.8901062011719,-0.7850425839424133,189.25469970703125,286.6831970214844,362.8901062011719,362.8901062011719,260,3.303039942298316,1.0,0.05401116993564826,0.0,0.0,0.0,-0.6994825005531311,CityLearnV3MADRLRewardFunction,masac_unified_comparable_v4,E2,-0.0,1907,13.853328217531873,1.0,0.12906334383337986,0.0,8759
44,1.0,1.0,0.022727272727272728,0.0,Building_7,6,MASAC,0.7900000214576721,True,0.0,0.0,0.0,0.5324955582618713,41,8755,0.0,0.0,-0.0,367915,0.0,12.664111137390137,-0.6633465886116028,5.394866466522217,10.004648208618164,12.664111137390137,12.664111137390137,330,3.408372271484143,1.0,0.04419421578447024,0.0,0.0,0.0,-0.6994825005531311,CityLearnV3MADRLRewardFunction,masac_unified_comparable_v4,E2,-0.0,1907,13.853328217531873,1.0,0.12906334383337986,0.0,8759
19,0.0,0.0,0.0,0.0,Building_8,7,MASAC,0.7900000214576721,True,0.0,0.0,0.0,0.5324955582618713,41,8755,0.0,0.0,-0.0,367915,0.0,12.065996170043945,-0.6580975651741028,5.140071392059326,9.532136917114258,12.065996170043945,12.065996170043945,155,3.469846484651592,1.0,0.097218081739641,0.0,0.0,0.0,-0.6994825005531311,CityLearnV3MADRLRewardFunction,masac_unified_comparable_v4,E2,-0.0,1907,13.853328217531873,1.0,0.12906334383337986,0.0,8759
12,0.0,0.0,0.0,0.0,Building_9,8,MASAC,0.7900000214576721,True,0.0,0.0,0.0,0.5324955582618713,41,8755,0.0,0.0,-0.0,367915,0.0,2.290161371231079,-0.5358266830444336,0.9756006002426147,1.8092275857925415,2.290161371231079,2.290161371231079,106,3.5560912810338006,1.0,0.15318571382536078,0.0,0.0,0.0,-0.6994825005531311,CityLearnV3MADRLRewardFunction,masac_unified_comparable_v4,E2,-0.0,1907,13.853328217531873,1.0,0.12906334383337986,0.0,8759
8,0.0,0.0,0.0,0.0,Building_10,9,MASAC,0.7900000214576721,True,0.0,0.0,0.0,0.5324955582618713,41,8755,0.0,0.0,-0.0,367915,0.0,51.649574279785156,-0.7788093090057373,23.5205020904541,40.803165435791016,51.649574279785156,51.649574279785156,78,3.32620274447744,1.0,0.1833555226524671,0.0,0.0,0.0,-0.6994825005531311,CityLearnV3MADRLRewardFunction,masac_unified_comparable_v4,E2,-0.0,1907,13.853328217531873,1.0,0.12906334383337986,0.0,8759
5,1.0,1.0,0.2,0.0,Building_11,10,MASAC,0.7900000214576721,True,0.0,0.0,0.0,0.5324955582618713,41,8755,0.0,0.0,-0.0,367915,0.0,71.54803466796875,-0.7831230759620667,34.1163444519043,56.52294921875,71.54803466796875,71.54803466796875,57,3.389068032258569,1.0,0.25321126199866595,0.0,0.0,0.0,-0.6994825005531311,CityLearnV3MADRLRewardFunction,masac_unified_comparable_v4,E2,-0.0,1907,13.853328217531873,1.0,0.12906334383337986,0.0,8759
5,0.0,0.0,0.0,0.0,Building_12,11,MASAC,0.7900000214576721,True,0.0,0.0,0.0,0.5324955582618713,41,8755,0.0,0.0,-0.0,367915,0.0,215.11593627929688,-0.7828494310379028,110.56561279296875,169.94158935546875,215.11593627929688,215.11593627929688,57,3.220638261467453,1.0,0.2409342046369586,0.0,0.0,0.0,-0.6994825005531311,CityLearnV3MADRLRewardFunction,masac_unified_comparable_v4,E2,-0.0,1907,13.853328217531873,1.0,0.12906334383337986,0.0,8759
13,0.0,0.0,0.0,0.0,Building_13,12,MASAC,0.7900000214576721,True,0.0,0.0,0.0,0.5324955582618713,41,8755,0.0,0.0,-0.0,367915,0.0,2.033022403717041,-0.5501610040664673,0.8660603165626526,1.6060876846313477,2.033022403717041,2.033022403717041,113,3.36325103040041,1.0,0.12653894300481913,0.0,0.0,0.0,-0.6994825005531311,CityLearnV3MADRLRewardFunction,masac_unified_comparable_v4,E2,-0.0,1907,13.853328217531873,1.0,0.12906334383337986,0.0,8759
6,0.0,0.0,0.0,0.0,Building_14,13,MASAC,0.7900000214576721,True,0.0,0.0,0.0,0.5324955582618713,41,8755,0.0,0.0,-0.0,367915,0.0,2.6149511337280273,-0.557169497013092,1.1139599084854126,2.0658113956451416,2.6149511337280273,2.6149511337280273,64,3.3891428877106704,1.0,0.22461503534577787,0.0,0.0,0.0,-0.6994825005531311,CityLearnV3MADRLRewardFunction,masac_unified_comparable_v4,E2,-0.0,1907,13.853328217531873,1.0,0.12906334383337986,0.0,8759
10,0.0,0.0,0.0,0.0,Building_15,14,MASAC,0.7900000214576721,True,0.0,0.0,0.0,0.5324955582618713,41,8755,0.0,0.0,-0.0,367915,0.0,19.521480560302734,-0.7116079330444336,8.316081047058105,15.42197036743164,19.521480560302734,19.521480560302734,92,3.3352656008253674,1.0,0.15549196966964265,0.0,0.0,0.0,-0.6994825005531311,CityLearnV3MADRLRewardFunction,masac_unified_comparable_v4,E2,-0.0,1907,13.853328217531873,1.0,0.12906334383337986,0.0,8759
13,0.0,0.0,0.0,0.0,Building_16,15,MASAC,0.7900000214576721,True,0.0,0.0,0.0,0.5324955582618713,41,8755,0.0,0.0,-0.0,367915,0.0,54.89390563964844,-0.7785588502883911,25.24809455871582,43.366188049316406,54.89390563964844,54.89390563964844,113,3.227630212633536,1.0,0.12024251714480662,0.0,0.0,0.0,-0.6994825005531311,CityLearnV3MADRLRewardFunction,masac_unified_comparable_v4,E2,-0.0,1907,13.853328217531873,1.0,0.12906334383337986,0.0,8759
13,0.0,0.0,0.0,0.0,Building_17,16,MASAC,0.7900000214576721,True,0.0,0.0,0.0,0.5324955582618713,41,8755,0.0,0.0,-0.0,367915,0.0,22.46647071838379,-0.727440595626831,9.570636749267578,17.748512268066406,22.46647071838379,22.46647071838379,113,3.302858128988365,1.0,0.1244678474896777,0.0,0.0,0.0,-0.6994825005531311,CityLearnV3MADRLRewardFunction,masac_unified_comparable_v4,E2,-0.0,1907,13.853328217531873,1.0,0.12906334383337986,0.0,8759
6,0.0,0.0,0.0,0.0,Building_1,0,MASAC,0.7900000214576721,False,0.0,0.0,0.0,0.5324955582618713,42,0,0.0,0.0,-0.0,367920,-0.0,0.0,-0.7024708986282349,0.0,0.0,0.0,0.0,64,3.230302027394432,1.0,0.2269857495848555,0.0,0.0,0.0,-0.5974960923194885,CityLearnV3MADRLRewardFunction,masac_unified_comparable_v4,E2,-0.0,1907,14.027782568527693,1.0,0.13709663618971335,0.0,5
8,0.0,0.0,0.0,0.0,Building_2,1,MASAC,0.7900000214576721,False,0.0,0.0,0.0,0.5324955582618713,42,0,0.0,0.0,-0.0,367920,-0.0,0.0,-0.4577944874763489,0.0,0.0,0.0,0.0,78,3.368712775797938,1.0,0.1897770321378723,0.0,0.0,0.0,-0.5974960923194885,CityLearnV3MADRLRewardFunction,masac_unified_comparable_v4,E2,-0.0,1907,14.027782568527693,1.0,0.13709663618971335,0.0,5
10,0.0,0.0,0.0,0.0,Building_3,2,MASAC,0.7900000214576721,False,0.0,0.0,0.0,0.5324955582618713,42,0,0.0,0.0,-0.0,367920,-0.0,0.0,-0.698327898979187,0.0,0.0,0.0,0.0,92,3.7003030610600756,1.0,0.19788526397441392,0.0,0.0,0.0,-0.5974960923194885,CityLearnV3MADRLRewardFunction,masac_unified_comparable_v4,E2,-0.0,1907,14.027782568527693,1.0,0.13709663618971335,0.0,5
8,0.0,0.0,0.0,0.0,Building_4,3,MASAC,0.7900000214576721,False,0.0,0.0,0.0,0.5324955582618713,42,0,0.0,0.0,-0.0,367920,-0.0,0.0,-0.5845934152603149,0.0,0.0,0.0,0.0,78,3.2947954664264385,1.0,0.18601345769965497,0.0,0.0,0.0,-0.5974960923194885,CityLearnV3MADRLRewardFunction,masac_unified_comparable_v4,E2,-0.0,1907,14.027782568527693,1.0,0.13709663618971335,0.0,5
5,0.0,0.0,0.0,0.0,Building_5,4,MASAC,0.7900000214576721,False,0.0,0.0,0.0,0.5324955582618713,42,0,0.0,0.0,-0.0,367920,-0.0,0.0,-0.6817097067832947,0.0,0.0,0.0,0.0,57,3.412405327795951,1.0,0.276821827058468,0.0,0.0,0.0,-0.5974960923194885,CityLearnV3MADRLRewardFunction,masac_unified_comparable_v4,E2,-0.0,1907,14.027782568527693,1.0,0.13709663618971335,0.0,5
34,0.0,0.0,0.0,0.0,Building_6,5,MASAC,0.7900000214576721,False,0.0,0.0,0.0,0.5324955582618713,42,0,0.0,0.0,-0.0,367920,-0.0,0.0,-0.7013994455337524,0.0,0.0,0.0,0.0,260,3.2796292386580315,1.0,0.05586776745577271,0.0,0.0,0.0,-0.5974960923194885,CityLearnV3MADRLRewardFunction,masac_unified_comparable_v4,E2,-0.0,1907,14.027782568527693,1.0,0.13709663618971335,0.0,5
44,1.0,1.0,0.022727272727272728,0.0,Building_7,6,MASAC,0.7900000214576721,False,0.0,0.0,0.0,0.5324955582618713,42,0,0.0,0.0,-0.0,367920,-0.0,0.0,-0.519853413105011,0.0,0.0,0.0,0.0,330,3.347978683010938,1.0,0.0448055207334233,0.0,0.0,0.0,-0.5974960923194885,CityLearnV3MADRLRewardFunction,masac_unified_comparable_v4,E2,-0.0,1907,14.027782568527693,1.0,0.13709663618971335,0.0,5
19,0.0,0.0,0.0,0.0,Building_8,7,MASAC,0.7900000214576721,False,0.0,0.0,0.0,0.5324955582618713,42,0,0.0,0.0,-0.0,367920,-0.0,0.0,-0.4594804346561432,0.0,0.0,0.0,0.0,155,3.3653249169026114,1.0,0.09547849596748428,0.0,0.0,0.0,-0.5974960923194885,CityLearnV3MADRLRewardFunction,masac_unified_comparable_v4,E2,-0.0,1907,14.027782568527693,1.0,0.13709663618971335,0.0,5
12,0.0,0.0,0.0,0.0,Building_9,8,MASAC,0.7900000214576721,False,0.0,0.0,0.0,0.5324955582618713,42,0,0.0,0.0,-0.0,367920,-0.0,0.0,-0.4786154627799988,0.0,0.0,0.0,0.0,106,3.4479149642748346,1.0,0.1472144888292225,0.0,0.0,0.0,-0.5974960923194885,CityLearnV3MADRLRewardFunction,masac_unified_comparable_v4,E2,-0.0,1907,14.027782568527693,1.0,0.13709663618971335,0.0,5
8,0.0,0.0,0.0,0.0,Building_10,9,MASAC,0.7900000214576721,False,0.0,0.0,0.0,0.5324955582618713,42,0,0.0,0.0,-0.0,367920,-0.0,0.0,-0.6870959401130676,0.0,0.0,0.0,0.0,78,3.2967026049363852,1.0,0.18596204506376615,0.0,0.0,0.0,-0.5974960923194885,CityLearnV3MADRLRewardFunction,masac_unified_comparable_v4,E2,-0.0,1907,14.027782568527693,1.0,0.13709663618971335,0.0,5
5,0.0,0.0,0.0,0.0,Building_11,10,MASAC,0.7900000214576721,False,0.0,0.0,0.0,0.5324955582618713,42,0,0.0,0.0,-0.0,367920,-0.0,0.0,-0.699179470539093,0.0,0.0,0.0,0.0,57,3.6138441140798885,1.0,0.2972041754411501,0.0,0.0,0.0,-0.5974960923194885,CityLearnV3MADRLRewardFunction,masac_unified_comparable_v4,E2,-0.0,1907,14.027782568527693,1.0,0.13709663618971335,0.0,5
5,0.0,0.0,0.0,0.0,Building_12,11,MASAC,0.7900000214576721,False,0.0,0.0,0.0,0.5324955582618713,42,0,0.0,0.0,-0.0,367920,-0.0,0.0,-0.7014404535293579,0.0,0.0,0.0,0.0,57,3.5696188484825657,1.0,0.29386481528350133,0.0,0.0,0.0,-0.5974960923194885,CityLearnV3MADRLRewardFunction,masac_unified_comparable_v4,E2,-0.0,1907,14.027782568527693,1.0,0.13709663618971335,0.0,5
13,0.0,0.0,0.0,0.0,Building_13,12,MASAC,0.7900000214576721,False,0.0,0.0,0.0,0.5324955582618713,42,0,0.0,0.0,-0.0,367920,-0.0,0.0,-0.4575754404067993,0.0,0.0,0.0,0.0,113,3.3535956111508862,1.0,0.13061708675087552,0.0,0.0,0.0,-0.5974960923194885,CityLearnV3MADRLRewardFunction,masac_unified_comparable_v4,E2,-0.0,1907,14.027782568527693,1.0,0.13709663618971335,0.0,5
6,0.0,0.0,0.0,0.0,Building_14,13,MASAC,0.7900000214576721,False,0.0,0.0,0.0,0.5324955582618713,42,0,0.0,0.0,-0.0,367920,-0.0,0.0,-0.4686465561389923,0.0,0.0,0.0,0.0,64,3.455035993448212,1.0,0.24675126586225815,0.0,0.0,0.0,-0.5974960923194885,CityLearnV3MADRLRewardFunction,masac_unified_comparable_v4,E2,-0.0,1907,14.027782568527693,1.0,0.13709663618971335,0.0,5
10,0.0,0.0,0.0,0.0,Building_15,14,MASAC,0.7900000214576721,False,0.0,0.0,0.0,0.5324955582618713,42,0,0.0,0.0,-0.0,367920,-0.0,0.0,-0.524198055267334,0.0,0.0,0.0,0.0,92,3.3734807256670916,1.0,0.16294836627481424,0.0,0.0,0.0,-0.5974960923194885,CityLearnV3MADRLRewardFunction,masac_unified_comparable_v4,E2,-0.0,1907,14.027782568527693,1.0,0.13709663618971335,0.0,5
13,0.0,0.0,0.0,0.0,Building_16,15,MASAC,0.7900000214576721,False,0.0,0.0,0.0,0.5324955582618713,42,0,0.0,0.0,-0.0,367920,-0.0,0.0,-0.685204029083252,0.0,0.0,0.0,0.0,113,3.2487414972185613,1.0,0.12678493719251283,0.0,0.0,0.0,-0.5974960923194885,CityLearnV3MADRLRewardFunction,masac_unified_comparable_v4,E2,-0.0,1907,14.027782568527693,1.0,0.13709663618971335,0.0,5
13,0.0,0.0,0.0,0.0,Building_17,16,MASAC,0.7900000214576721,False,0.0,0.0,0.0,0.5324955582618713,42,0,0.0,0.0,-0.0,367920,-0.0,0.0,-0.6498476266860962,0.0,0.0,0.0,0.0,113,3.440327218771892,1.0,0.14016969140981678,0.0,0.0,0.0,-0.5974960923194885,CityLearnV3MADRLRewardFunction,masac_unified_comparable_v4,E2,-0.0,1907,14.027782568527693,1.0,0.13709663618971335,0.0,5
6,1.0,1.0,0.16666666666666666,0.0,Building_1,0,MASAC,0.7900000214576721,True,0.0,0.0,0.0,0.5324955582618713,42,8754,0.0,0.0,-0.0,376674,0.0,446.8856201171875,-0.7833965420722961,235.3733673095703,353.0396423339844,446.8856201171875,446.8856201171875,64,3.455251592109411,1.0,0.24420900223776698,0.0,0.0,0.0,-0.6972842216491699,CityLearnV3MADRLRewardFunction,masac_unified_comparable_v4,E2,-0.0,1907,14.479559513661336,1.0,0.14127426490570527,0.0,8759
8,0.0,0.0,0.0,0.0,Building_2,1,MASAC,0.7900000214576721,True,0.0,0.0,0.0,0.5324955582618713,42,8754,0.0,0.0,-0.0,376674,0.0,5.618855953216553,-0.5903821587562561,2.3936126232147217,4.438896179199219,5.618855953216553,5.618855953216553,78,3.461381126594398,1.0,0.1951109915971756,0.0,0.0,0.0,-0.6972842216491699,CityLearnV3MADRLRewardFunction,masac_unified_comparable_v4,E2,-0.0,1907,14.479559513661336,1.0,0.14127426490570527,0.0,8759
10,0.0,0.0,0.0,0.0,Building_3,2,MASAC,0.7900000214576721,True,0.0,0.0,0.0,0.5324955582618713,42,8754,0.0,0.0,-0.0,376674,0.0,98.17061614990234,-0.7799344658851624,49.684173583984375,77.5547866821289,98.17061614990234,98.17061614990234,92,3.3819622763477972,1.0,0.16205890330931413,0.0,0.0,0.0,-0.6972842216491699,CityLearnV3MADRLRewardFunction,masac_unified_comparable_v4,E2,-0.0,1907,14.479559513661336,1.0,0.14127426490570527,0.0,8759
8,0.0,0.0,0.0,0.0,Building_4,3,MASAC,0.7900000214576721,True,0.0,0.0,0.0,0.5324955582618713,42,8754,0.0,0.0,-0.0,376674,0.0,28.84416961669922,-0.7494218945503235,12.768149375915527,22.786893844604492,28.84416961669922,28.84416961669922,78,3.5056828700081786,1.0,0.20037670930226645,0.0,0.0,0.0,-0.6972842216491699,CityLearnV3MADRLRewardFunction,masac_unified_comparable_v4,E2,-0.0,1907,14.479559513661336,1.0,0.14127426490570527,0.0,8759
5,0.0,0.0,0.0,0.0,Building_5,4,MASAC,0.7900000214576721,True,0.0,0.0,0.0,0.5324955582618713,42,8754,0.0,0.0,-0.0,376674,0.0,37.89287567138672,-0.8023595213890076,17.586544036865234,29.935373306274414,37.89287567138672,37.89287567138672,57,3.5885170374133724,1.0,0.30035031887522917,0.0,0.0,0.0,-0.6972842216491699,CityLearnV3MADRLRewardFunction,masac_unified_comparable_v4,E2,-0.0,1907,14.479559513661336,1.0,0.14127426490570527,0.0,8759
34,0.0,0.0,0.0,0.0,Building_6,5,MASAC,0.7900000214576721,True,0.0,0.0,0.0,0.5324955582618713,42,8754,0.0,0.0,-0.0,376674,0.0,350.8894348144531,-0.7832487225532532,184.25582885742188,277.2026672363281,350.8894348144531,350.8894348144531,260,3.3873402588351,1.0,0.05796890957997396,0.0,0.0,0.0,-0.6972842216491699,CityLearnV3MADRLRewardFunction,masac_unified_comparable_v4,E2,-0.0,1907,14.479559513661336,1.0,0.14127426490570527,0.0,8759
44,0.0,0.0,0.0,0.0,Building_7,6,MASAC,0.7900000214576721,True,0.0,0.0,0.0,0.5324955582618713,42,8754,0.0,0.0,-0.0,376674,0.0,18.66022491455078,-0.7052645087242126,7.94918966293335,14.741578102111816,18.66022491455078,18.66022491455078,330,3.4823938435199415,1.0,0.04750782386823134,0.0,0.0,0.0,-0.6972842216491699,CityLearnV3MADRLRewardFunction,masac_unified_comparable_v4,E2,-0.0,1907,14.479559513661336,1.0,0.14127426490570527,0.0,8759
19,0.0,0.0,0.0,0.0,Building_8,7,MASAC,0.7900000214576721,True,0.0,0.0,0.0,0.5324955582618713,42,8754,0.0,0.0,-0.0,376674,0.0,19.251495361328125,-0.7084122896194458,8.201068878173828,15.2086820602417,19.251495361328125,19.251495361328125,155,3.5885724372116306,1.0,0.10432261699630369,0.0,0.0,0.0,-0.6972842216491699,CityLearnV3MADRLRewardFunction,masac_unified_comparable_v4,E2,-0.0,1907,14.479559513661336,1.0,0.14127426490570527,0.0,8759
12,0.0,0.0,0.0,0.0,Building_9,8,MASAC,0.7900000214576721,True,0.0,0.0,0.0,0.5324955582618713,42,8754,0.0,0.0,-0.0,376674,0.0,2.4506425857543945,-0.5361061692237854,1.0439649820327759,1.9360077381134033,2.4506425857543945,2.4506425857543945,106,3.729371093637439,1.0,0.1696401317164583,0.0,0.0,0.0,-0.6972842216491699,CityLearnV3MADRLRewardFunction,masac_unified_comparable_v4,E2,-0.0,1907,14.479559513661336,1.0,0.14127426490570527,0.0,8759
8,0.0,0.0,0.0,0.0,Building_10,9,MASAC,0.7900000214576721,True,0.0,0.0,0.0,0.5324955582618713,42,8754,0.0,0.0,-0.0,376674,0.0,34.33414077758789,-0.7618150115013123,15.691534042358398,27.123971939086914,34.33414077758789,34.33414077758789,78,3.5528739754411407,1.0,0.2039016818579955,0.0,0.0,0.0,-0.6972842216491699,CityLearnV3MADRLRewardFunction,masac_unified_comparable_v4,E2,-0.0,1907,14.479559513661336,1.0,0.14127426490570527,0.0,8759
5,0.0,0.0,0.0,0.0,Building_11,10,MASAC,0.7900000214576721,True,0.0,0.0,0.0,0.5324955582618713,42,8754,0.0,0.0,-0.0,376674,0.0,57.917564392089844,-0.7777499556541443,28.249603271484375,45.754878997802734,57.917564392089844,57.917564392089844,57,3.426212184240878,1.0,0.26582690236861245,0.0,0.0,0.0,-0.6972842216491699,CityLearnV3MADRLRewardFunction,masac_unified_comparable_v4,E2,-0.0,1907,14.479559513661336,1.0,0.14127426490570527,0.0,8759
5,1.0,0.0,-0.2,-1.0,Building_12,11,MASAC,0.7900000214576721,True,-470.29974365234375,0.0,0.0,0.5324955582618713,42,8754,0.0,0.0,-0.0,376674,287.6976318359375,0.0,-0.5459843873977661,-122.55816650390625,0.0,-287.6976318359375,182.60211181640625,57,3.502170129409382,1.0,0.2743286218559533,0.0,0.0,0.0,-0.6972842216491699,CityLearnV3MADRLRewardFunction,masac_unified_comparable_v4,E2,-0.0,1907,14.479559513661336,1.0,0.14127426490570527,0.0,8759
13,0.0,0.0,0.0,0.0,Building_13,12,MASAC,0.7900000214576721,True,0.0,0.0,0.0,0.5324955582618713,42,8754,0.0,0.0,-0.0,376674,0.0,2.789367437362671,-0.5575680136680603,1.1882606744766235,2.2036004066467285,2.789367437362671,2.789367437362671,113,3.5170224292803534,1.0,0.13889573474900913,0.0,0.0,0.0,-0.6972842216491699,CityLearnV3MADRLRewardFunction,masac_unified_comparable_v4,E2,-0.0,1907,14.479559513661336,1.0,0.14127426490570527,0.0,8759
6,0.0,0.0,0.0,0.0,Building_14,13,MASAC,0.7900000214576721,True,0.0,0.0,0.0,0.5324955582618713,42,8754,0.0,0.0,-0.0,376674,0.0,2.485826015472412,-0.5539682507514954,1.058953046798706,1.9638025760650635,2.485826015472412,2.485826015472412,64,3.541940705786867,1.0,0.24677446484565735,0.0,0.0,0.0,-0.6972842216491699,CityLearnV3MADRLRewardFunction,masac_unified_comparable_v4,E2,-0.0,1907,14.479559513661336,1.0,0.14127426490570527,0.0,8759
10,0.0,0.0,0.0,0.0,Building_15,14,MASAC,0.7900000214576721,True,0.0,0.0,0.0,0.5324955582618713,42,8754,0.0,0.0,-0.0,376674,0.0,20.5941162109375,-0.7165469527244568,8.77302074432373,16.269351959228516,20.5941162109375,20.5941162109375,92,3.601879396179038,1.0,0.17854711380989655,0.0,0.0,0.0,-0.6972842216491699,CityLearnV3MADRLRewardFunction,masac_unified_comparable_v4,E2,-0.0,1907,14.479559513661336,1.0,0.14127426490570527,0.0,8759
13,0.0,0.0,0.0,0.0,Building_16,15,MASAC,0.7900000214576721,True,0.0,0.0,0.0,0.5324955582618713,42,8754,0.0,0.0,-0.0,376674,0.0,103.13050842285156,-0.7827247381210327,52.325294494628906,81.47310638427734,103.13050842285156,103.13050842285156,113,3.553901912901871,1.0,0.14271204239499252,0.0,0.0,0.0,-0.6972842216491699,CityLearnV3MADRLRewardFunction,masac_unified_comparable_v4,E2,-0.0,1907,14.479559513661336,1.0,0.14127426490570527,0.0,8759
13,1.0,1.0,0.07692307692307693,0.0,Building_17,16,MASAC,0.7900000214576721,True,0.0,0.0,0.0,0.5324955582618713,42,8754,0.0,0.0,-0.0,376674,0.0,21.1981143951416,-0.7189485430717468,9.03032112121582,16.746511459350586,21.1981143951416,21.1981143951416,113,3.405877204699376,1.0,0.13510695587744756,0.0,0.0,0.0,-0.6972842216491699,CityLearnV3MADRLRewardFunction,masac_unified_comparable_v4,E2,-0.0,1907,14.479559513661336,1.0,0.14127426490570527,0.0,8759
6,0.0,0.0,0.0,0.0,Building_1,0,MASAC,0.786109983921051,False,0.0,0.0,0.0,0.5324955582618713,43,0,0.0,0.0,-0.0,376680,-0.0,0.0,-0.6480006575584412,0.0,0.0,0.0,0.0,64,3.1651688358473042,1.0,0.23322499128698837,0.0,0.0,0.0,-0.5198083519935608,CityLearnV3MADRLRewardFunction,masac_unified_comparable_v4,E2,-0.0,1907,13.947961497015864,1.0,0.1458626781308493,0.0,6
8,0.0,0.0,0.0,0.0,Building_2,1,MASAC,0.786109983921051,False,0.0,0.0,0.0,0.5324955582618713,43,0,0.0,0.0,-0.0,376680,-0.0,0.0,-0.3886909484863281,0.0,0.0,0.0,0.0,78,3.26324284078737,1.0,0.19295458499198923,0.0,0.0,0.0,-0.5198083519935608,CityLearnV3MADRLRewardFunction,masac_unified_comparable_v4,E2,-0.0,1907,13.947961497015864,1.0,0.1458626781308493,0.0,6
10,0.0,0.0,0.0,0.0,Building_3,2,MASAC,0.786109983921051,False,0.0,0.0,0.0,0.5324955582618713,43,0,0.0,0.0,-0.0,376680,-0.0,0.0,-0.6501490473747253,0.0,0.0,0.0,0.0,92,3.5801144807309995,1.0,0.19926722326477908,0.0,0.0,0.0,-0.5198083519935608,CityLearnV3MADRLRewardFunction,masac_unified_comparable_v4,E2,-0.0,1907,13.947961497015864,1.0,0.1458626781308493,0.0,6
8,0.0,0.0,0.0,0.0,Building_4,3,MASAC,0.786109983921051,False,0.0,0.0,0.0,0.5324955582618713,43,0,0.0,0.0,-0.0,376680,-0.0,0.0,-0.5721431970596313,0.0,0.0,0.0,0.0,78,3.1402929833935134,1.0,0.18496121412429672,0.0,0.0,0.0,-0.5198083519935608,CityLearnV3MADRLRewardFunction,masac_unified_comparable_v4,E2,-0.0,1907,13.947961497015864,1.0,0.1458626781308493,0.0,6
5,0.0,0.0,0.0,0.0,Building_5,4,MASAC,0.786109983921051,False,0.0,0.0,0.0,0.5324955582618713,43,0,0.0,0.0,-0.0,376680,-0.0,0.0,-0.6415141820907593,0.0,0.0,0.0,0.0,57,3.3769308484050367,1.0,0.2903074958574092,0.0,0.0,0.0,-0.5198083519935608,CityLearnV3MADRLRewardFunction,masac_unified_comparable_v4,E2,-0.0,1907,13.947961497015864,1.0,0.1458626781308493,0.0,6
34,1.0,0.0,-0.029411764705882353,-1.0,Building_6,5,MASAC,0.786109983921051,False,0.0,0.0,0.0,0.5324955582618713,43,0,0.0,0.0,-0.0,376680,-0.0,0.0,-0.6464059352874756,0.0,0.0,0.0,0.0,260,3.155616671649087,1.0,0.056231498843632065,0.0,0.0,0.0,-0.5198083519935608,CityLearnV3MADRLRewardFunction,masac_unified_comparable_v4,E2,-0.0,1907,13.947961497015864,1.0,0.1458626781308493,0.0,6
44,0.0,0.0,0.0,0.0,Building_7,6,MASAC,0.786109983921051,False,0.0,0.0,0.0,0.5324955582618713,43,0,0.0,0.0,-0.0,376680,-0.0,0.0,-0.38941246271133423,0.0,0.0,0.0,0.0,330,3.2431335550086637,1.0,0.04540951686318625,0.0,0.0,0.0,-0.5198083519935608,CityLearnV3MADRLRewardFunction,masac_unified_comparable_v4,E2,-0.0,1907,13.947961497015864,1.0,0.1458626781308493,0.0,6
19,0.0,0.0,0.0,0.0,Building_8,7,MASAC,0.786109983921051,False,0.0,0.0,0.0,0.5324955582618713,43,0,0.0,0.0,-0.0,376680,-0.0,0.0,-0.388960063457489,0.0,0.0,0.0,0.0,155,3.2580245438838484,1.0,0.09699534410310369,0.0,0.0,0.0,-0.5198083519935608,CityLearnV3MADRLRewardFunction,masac_unified_comparable_v4,E2,-0.0,1907,13.947961497015864,1.0,0.1458626781308493,0.0,6
12,0.0,0.0,0.0,0.0,Building_9,8,MASAC,0.786109983921051,False,0.0,0.0,0.0,0.5324955582618713,43,0,0.0,0.0,-0.0,376680,-0.0,0.0,-0.42200228571891785,0.0,0.0,0.0,0.0,106,3.299744302820312,1.0,0.147960174433395,0.0,0.0,0.0,-0.5198083519935608,CityLearnV3MADRLRewardFunction,masac_unified_comparable_v4,E2,-0.0,1907,13.947961497015864,1.0,0.1458626781308493,0.0,6
8,0.0,0.0,0.0,0.0,Building_10,9,MASAC,0.786109983921051,False,0.0,0.0,0.0,0.5324955582618713,43,0,0.0,0.0,-0.0,376680,-0.0,0.0,-0.45651331543922424,0.0,0.0,0.0,0.0,78,3.214406666694656,1.0,0.1907461668866185,0.0,0.0,0.0,-0.5198083519935608,CityLearnV3MADRLRewardFunction,masac_unified_comparable_v4,E2,-0.0,1907,13.947961497015864,1.0,0.1458626781308493,0.0,6
5,1.0,1.0,0.2,0.0,Building_11,10,MASAC,0.786109983921051,False,0.0,0.0,0.0,0.5324955582618713,43,0,0.0,0.0,-0.0,376680,-0.0,0.0,-0.6374463438987732,0.0,0.0,0.0,0.0,57,3.787347230864605,1.0,0.35418858776163115,0.0,0.0,0.0,-0.5198083519935608,CityLearnV3MADRLRewardFunction,masac_unified_comparable_v4,E2,-0.0,1907,13.947961497015864,1.0,0.1458626781308493,0.0,6
5,0.0,0.0,0.0,0.0,Building_12,11,MASAC,0.786109983921051,False,0.0,0.0,0.0,0.5324955582618713,43,0,0.0,0.0,-0.0,376680,-0.0,0.0,-0.6469489932060242,0.0,0.0,0.0,0.0,57,3.8734034256187075,1.0,0.36615842781764896,0.0,0.0,0.0,-0.5198083519935608,CityLearnV3MADRLRewardFunction,masac_unified_comparable_v4,E2,-0.0,1907,13.947961497015864,1.0,0.1458626781308493,0.0,6
13,0.0,0.0,0.0,0.0,Building_13,12,MASAC,0.786109983921051,False,0.0,0.0,0.0,0.5324955582618713,43,0,0.0,0.0,-0.0,376680,-0.0,0.0,-0.3890508711338043,0.0,0.0,0.0,0.0,113,3.250300834049272,1.0,0.13287733299904955,0.0,0.0,0.0,-0.5198083519935608,CityLearnV3MADRLRewardFunction,masac_unified_comparable_v4,E2,-0.0,1907,13.947961497015864,1.0,0.1458626781308493,0.0,6
6,0.0,0.0,0.0,0.0,Building_14,13,MASAC,0.786109983921051,False,0.0,0.0,0.0,0.5324955582618713,43,0,0.0,0.0,-0.0,376680,-0.0,0.0,-0.40670523047447205,0.0,0.0,0.0,0.0,64,3.951843187688459,1.0,0.33916932536521927,0.0,0.0,0.0,-0.5198083519935608,CityLearnV3MADRLRewardFunction,masac_unified_comparable_v4,E2,-0.0,1907,13.947961497015864,1.0,0.1458626781308493,0.0,6
10,0.0,0.0,0.0,0.0,Building_15,14,MASAC,0.786109983921051,False,0.0,0.0,0.0,0.5324955582618713,43,0,0.0,0.0,-0.0,376680,-0.0,0.0,-0.4027560353279114,0.0,0.0,0.0,0.0,92,3.2926399370910953,1.0,0.16580403234769145,0.0,0.0,0.0,-0.5198083519935608,CityLearnV3MADRLRewardFunction,masac_unified_comparable_v4,E2,-0.0,1907,13.947961497015864,1.0,0.1458626781308493,0.0,6
13,1.0,1.0,0.07692307692307693,0.0,Building_16,15,MASAC,0.786109983921051,False,0.0,0.0,0.0,0.5324955582618713,43,0,0.0,0.0,-0.0,376680,-0.0,0.0,-0.5698592066764832,0.0,0.0,0.0,0.0,113,3.196790665455424,1.0,0.1323858485268676,0.0,0.0,0.0,-0.5198083519935608,CityLearnV3MADRLRewardFunction,masac_unified_comparable_v4,E2,-0.0,1907,13.947961497015864,1.0,0.1458626781308493,0.0,6
13,0.0,0.0,0.0,0.0,Building_17,16,MASAC,0.786109983921051,False,0.0,0.0,0.0,0.5324955582618713,43,0,0.0,0.0,-0.0,376680,-0.0,0.0,-0.5801829099655151,0.0,0.0,0.0,0.0,113,3.300796973022704,1.0,0.13875458682104286,0.0,0.0,0.0,-0.5198083519935608,CityLearnV3MADRLRewardFunction,masac_unified_comparable_v4,E2,-0.0,1907,13.947961497015864,1.0,0.1458626781308493,0.0,6
6,0.0,0.0,0.0,0.0,Building_1,0,MASAC,0.7900000214576721,True,0.0,0.0,0.0,0.5324955582618713,43,8753,0.0,0.0,-0.0,385433,0.0,391.586669921875,-0.7357487678527832,208.51815795898438,309.3534851074219,391.586669921875,391.586669921875,64,3.4337507948079145,1.0,0.23298340663313866,0.0,0.0,0.0,-0.6296117305755615,CityLearnV3MADRLRewardFunction,masac_unified_comparable_v4,E2,-0.0,1907,14.10999238843961,1.0,0.13280023767270527,0.0,8759
8,0.0,0.0,0.0,0.0,Building_2,1,MASAC,0.7900000214576721,True,0.0,0.0,0.0,0.5324955582618713,43,8753,0.0,0.0,-0.0,385433,0.0,0.1848604530096054,-0.47848811745643616,0.0984373688697815,0.14603976905345917,0.1848604530096054,0.1848604530096054,78,3.381793315517255,1.0,0.18371726591617632,0.0,0.0,0.0,-0.6296117305755615,CityLearnV3MADRLRewardFunction,masac_unified_comparable_v4,E2,-0.0,1907,14.10999238843961,1.0,0.13280023767270527,0.0,8759
10,0.0,0.0,0.0,0.0,Building_3,2,MASAC,0.7900000214576721,True,0.0,0.0,0.0,0.5324955582618713,43,8753,0.0,0.0,-0.0,385433,0.0,39.0087890625,-0.7203841209411621,20.77200698852539,30.816944122314453,39.0087890625,39.0087890625,92,3.3275734665077796,1.0,0.15588763161845828,0.0,0.0,0.0,-0.6296117305755615,CityLearnV3MADRLRewardFunction,masac_unified_comparable_v4,E2,-0.0,1907,14.10999238843961,1.0,0.13280023767270527,0.0,8759
8,0.0,0.0,0.0,0.0,Building_4,3,MASAC,0.7900000214576721,True,0.0,0.0,0.0,0.5324955582618713,43,8753,0.0,0.0,-0.0,385433,0.0,36.67196273803711,-0.7171545624732971,19.52765655517578,28.97085189819336,36.67196273803711,36.67196273803711,78,3.3097372245018746,1.0,0.1825605787527867,0.0,0.0,0.0,-0.6296117305755615,CityLearnV3MADRLRewardFunction,masac_unified_comparable_v4,E2,-0.0,1907,14.10999238843961,1.0,0.13280023767270527,0.0,8759
5,0.0,0.0,0.0,0.0,Building_5,4,MASAC,0.7900000214576721,True,0.0,0.0,0.0,0.5324955582618713,43,8753,0.0,0.0,-0.0,385433,0.0,54.225337982177734,-0.7668604254722595,28.874752044677734,42.838016510009766,54.225337982177734,54.225337982177734,57,3.544181042139312,1.0,0.2925673804262228,0.0,0.0,0.0,-0.6296117305755615,CityLearnV3MADRLRewardFunction,masac_unified_comparable_v4,E2,-0.0,1907,14.10999238843961,1.0,0.13280023767270527,0.0,8759
34,0.0,0.0,0.0,0.0,Building_6,5,MASAC,0.7900000214576721,True,0.0,0.0,0.0,0.5324955582618713,43,8753,0.0,0.0,-0.0,385433,0.0,348.8946838378906,-0.7353069186210632,185.7848663330078,275.6268005371094,348.8946838378906,348.8946838378906,260,3.267237606059896,1.0,0.05366553159860464,0.0,0.0,0.0,-0.6296117305755615,CityLearnV3MADRLRewardFunction,masac_unified_comparable_v4,E2,-0.0,1907,14.10999238843961,1.0,0.13280023767270527,0.0,8759
44,0.0,0.0,0.0,0.0,Building_7,6,MASAC,0.7900000214576721,True,0.0,0.0,0.0,0.5324955582618713,43,8753,0.0,0.0,-0.0,385433,0.0,2.9800853729248047,-0.5121017694473267,1.58688223361969,2.3542675971984863,2.9800853729248047,2.9800853729248047,330,3.362328527994826,1.0,0.043313343077898026,0.0,0.0,0.0,-0.6296117305755615,CityLearnV3MADRLRewardFunction,masac_unified_comparable_v4,E2,-0.0,1907,14.10999238843961,1.0,0.13280023767270527,0.0,8759
19,1.0,0.0,-0.05263157894736842,-1.0,Building_8,7,MASAC,0.7900000214576721,True,0.0,0.0,0.0,0.5324955582618713,43,8753,0.0,0.0,-0.0,385433,0.0,6.19936990737915,-0.5495142936706543,3.3011369705200195,4.897502422332764,6.19936990737915,6.19936990737915,155,3.5347299053956336,1.0,0.09984102229918203,0.0,0.0,0.0,-0.6296117305755615,CityLearnV3MADRLRewardFunction,masac_unified_comparable_v4,E2,-0.0,1907,14.10999238843961,1.0,0.13280023767270527,0.0,8759
12,0.0,0.0,0.0,0.0,Building_9,8,MASAC,0.7900000214576721,True,0.0,0.0,0.0,0.5324955582618713,43,8753,0.0,0.0,-0.0,385433,0.0,2.1350696086883545,-0.48465123772621155,1.1369150876998901,1.6867049932479858,2.1350696086883545,2.1350696086883545,106,3.5932094423330696,1.0,0.15580515366680217,0.0,0.0,0.0,-0.6296117305755615,CityLearnV3MADRLRewardFunction,masac_unified_comparable_v4,E2,-0.0,1907,14.10999238843961,1.0,0.13280023767270527,0.0,8759
8,0.0,0.0,0.0,0.0,Building_10,9,MASAC,0.7900000214576721,True,0.0,0.0,0.0,0.5324955582618713,43,8753,0.0,0.0,-0.0,385433,0.0,16.451881408691406,-0.6435722708702087,8.760553359985352,12.996986389160156,16.451881408691406,16.451881408691406,78,3.4401967894540313,1.0,0.19069113974005747,0.0,0.0,0.0,-0.6296117305755615,CityLearnV3MADRLRewardFunction,masac_unified_comparable_v4,E2,-0.0,1907,14.10999238843961,1.0,0.13280023767270527,0.0,8759
5,0.0,0.0,0.0,0.0,Building_11,10,MASAC,0.7900000214576721,True,0.0,0.0,0.0,0.5324955582618713,43,8753,0.0,0.0,-0.0,385433,0.0,66.45198059082031,-0.7333712577819824,35.38538360595703,52.497066497802734,66.45198059082031,66.45198059082031,57,3.476593551233196,1.0,0.26219713740181505,0.0,0.0,0.0,-0.6296117305755615,CityLearnV3MADRLRewardFunction,masac_unified_comparable_v4,E2,-0.0,1907,14.10999238843961,1.0,0.13280023767270527,0.0,8759
5,0.0,0.0,0.0,0.0,Building_12,11,MASAC,0.7900000214576721,True,0.0,0.0,0.0,0.5324955582618713,43,8753,0.0,0.0,-0.0,385433,0.0,155.388671875,-0.7341194748878479,82.7437744140625,122.7570571899414,155.388671875,155.388671875,57,3.315419643379034,1.0,0.2520877292804551,0.0,0.0,0.0,-0.6296117305755615,CityLearnV3MADRLRewardFunction,masac_unified_comparable_v4,E2,-0.0,1907,14.10999238843961,1.0,0.13280023767270527,0.0,8759
13,0.0,0.0,0.0,0.0,Building_13,12,MASAC,0.7900000214576721,True,0.0,0.0,0.0,0.5324955582618713,43,8753,0.0,0.0,-0.0,385433,0.0,0.1047736182808876,-0.4775228798389435,0.05579148605465889,0.08277115970849991,0.1047736182808876,0.1047736182808876,113,3.5016086450909056,1.0,0.13314677155123347,0.0,0.0,0.0,-0.6296117305755615,CityLearnV3MADRLRewardFunction,masac_unified_comparable_v4,E2,-0.0,1907,14.10999238843961,1.0,0.13280023767270527,0.0,8759
6,0.0,0.0,0.0,0.0,Building_14,13,MASAC,0.7900000214576721,True,0.0,0.0,0.0,0.5324955582618713,43,8753,0.0,0.0,-0.0,385433,0.0,1.3521205186843872,-0.49263235926628113,0.7199981808662415,1.068175196647644,1.3521205186843872,1.3521205186843872,64,3.409784684016944,1.0,0.2289018896408379,0.0,0.0,0.0,-0.6296117305755615,CityLearnV3MADRLRewardFunction,masac_unified_comparable_v4,E2,-0.0,1907,14.10999238843961,1.0,0.13280023767270527,0.0,8759
10,0.0,0.0,0.0,0.0,Building_15,14,MASAC,0.7900000214576721,True,0.0,0.0,0.0,0.5324955582618713,43,8753,0.0,0.0,-0.0,385433,0.0,15.147623062133789,-0.6336790323257446,8.066041946411133,11.966622352600098,15.147623062133789,15.147623062133789,92,3.4219666333487466,1.0,0.16228982935781064,0.0,0.0,0.0,-0.6296117305755615,CityLearnV3MADRLRewardFunction,masac_unified_comparable_v4,E2,-0.0,1907,14.10999238843961,1.0,0.13280023767270527,0.0,8759
13,0.0,0.0,0.0,0.0,Building_16,15,MASAC,0.7900000214576721,True,0.0,0.0,0.0,0.5324955582618713,43,8753,0.0,0.0,-0.0,385433,0.0,11.957420349121094,-0.6078336834907532,6.367273330688477,9.446362495422363,11.957420349121094,11.957420349121094,113,3.4709450475149817,1.0,0.1320318846048507,0.0,0.0,0.0,-0.6296117305755615,CityLearnV3MADRLRewardFunction,masac_unified_comparable_v4,E2,-0.0,1907,14.10999238843961,1.0,0.13280023767270527,0.0,8759
13,0.0,0.0,0.0,0.0,Building_17,16,MASAC,0.7900000214576721,True,0.0,0.0,0.0,0.5324955582618713,43,8753,0.0,0.0,-0.0,385433,0.0,23.087642669677734,-0.680458128452301,12.2940673828125,18.239238739013672,23.087642669677734,23.087642669677734,113,3.366296403689194,1.0,0.13080154583517428,0.0,0.0,0.0,-0.6296117305755615,CityLearnV3MADRLRewardFunction,masac_unified_comparable_v4,E2,-0.0,1907,14.10999238843961,1.0,0.13280023767270527,0.0,8759
6,0.0,0.0,0.0,0.0,Building_1,0,MASAC,0.7617499828338623,False,0.0,0.0,0.0,0.5324955582618713,44,0,0.0,0.0,-0.0,385440,-0.0,0.0,-0.7242456674575806,0.0,0.0,0.0,0.0,64,3.3687602419494107,0.9829629063606262,0.2747317033354193,0.0,0.0,0.0,-0.6258478164672852,CityLearnV3MADRLRewardFunction,masac_unified_comparable_v4,E2,-0.0,1907,14.92508352300781,1.0,0.17288600041701468,0.0,7
8,0.0,0.0,0.0,0.0,Building_2,1,MASAC,0.7617499828338623,False,0.0,0.0,0.0,0.5324955582618713,44,0,0.0,0.0,-0.0,385440,-0.0,0.0,-0.48097026348114014,0.0,0.0,0.0,0.0,78,3.412179307763559,0.9829629063606262,0.22277975044189355,0.0,0.0,0.0,-0.6258478164672852,CityLearnV3MADRLRewardFunction,masac_unified_comparable_v4,E2,-0.0,1907,14.92508352300781,1.0,0.17288600041701468,0.0,7
10,1.0,0.0,-0.1,-1.0,Building_3,2,MASAC,0.7617499828338623,False,0.0,0.0,0.0,0.5324955582618713,44,0,0.0,0.0,-0.0,385440,-0.0,0.0,-0.6868377923965454,0.0,0.0,0.0,0.0,92,4.028402468518775,1.0,0.2518748091938703,0.0,0.0,0.0,-0.6258478164672852,CityLearnV3MADRLRewardFunction,masac_unified_comparable_v4,E2,-0.0,1907,14.92508352300781,1.0,0.17288600041701468,0.0,7
8,0.0,0.0,0.0,0.0,Building_4,3,MASAC,0.7617499828338623,False,0.0,0.0,0.0,0.5324955582618713,44,0,0.0,0.0,-0.0,385440,-0.0,0.0,-0.6711524724960327,0.0,0.0,0.0,0.0,78,3.482341569563229,0.9956119656562805,0.2252793917671228,0.0,0.0,0.0,-0.6258478164672852,CityLearnV3MADRLRewardFunction,masac_unified_comparable_v4,E2,-0.0,1907,14.92508352300781,1.0,0.17288600041701468,0.0,7
5,0.0,0.0,0.0,0.0,Building_5,4,MASAC,0.7617499828338623,False,0.0,0.0,0.0,0.5324955582618713,44,0,0.0,0.0,-0.0,385440,-0.0,0.0,-0.720280647277832,0.0,0.0,0.0,0.0,57,3.7162561735146236,1.0,0.3607160144469194,0.0,0.0,0.0,-0.6258478164672852,CityLearnV3MADRLRewardFunction,masac_unified_comparable_v4,E2,-0.0,1907,14.92508352300781,1.0,0.17288600041701468,0.0,7
34,0.0,0.0,0.0,0.0,Building_6,5,MASAC,0.7617499828338623,False,0.0,0.0,0.0,0.5324955582618713,44,0,0.0,0.0,-0.0,385440,-0.0,0.0,-0.7241637706756592,0.0,0.0,0.0,0.0,260,3.4217434983957866,0.9829629063606262,0.06734428589160625,0.0,0.0,0.0,-0.6258478164672852,CityLearnV3MADRLRewardFunction,masac_unified_comparable_v4,E2,-0.0,1907,14.92508352300781,1.0,0.17288600041701468,0.0,7
44,1.0,1.0,0.022727272727272728,0.0,Building_7,6,MASAC,0.7617499828338623,False,0.0,0.0,0.0,0.5324955582618713,44,0,0.0,0.0,-0.0,385440,-0.0,0.0,-0.5248851776123047,0.0,0.0,0.0,0.0,330,3.3709681776960245,0.9829629063606262,0.051623685657978056,0.0,0.0,0.0,-0.6258478164672852,CityLearnV3MADRLRewardFunction,masac_unified_comparable_v4,E2,-0.0,1907,14.92508352300781,1.0,0.17288600041701468,0.0,7
19,0.0,0.0,0.0,0.0,Building_8,7,MASAC,0.7617499828338623,False,0.0,0.0,0.0,0.5324955582618713,44,0,0.0,0.0,-0.0,385440,-0.0,0.0,-0.5102784037590027,0.0,0.0,0.0,0.0,155,3.4386420026154565,0.9829629063606262,0.11416065471787606,0.0,0.0,0.0,-0.6258478164672852,CityLearnV3MADRLRewardFunction,masac_unified_comparable_v4,E2,-0.0,1907,14.92508352300781,1.0,0.17288600041701468,0.0,7
12,1.0,1.0,0.08333333333333333,0.0,Building_9,8,MASAC,0.7617499828338623,False,0.0,0.0,0.0,0.5324955582618713,44,0,0.0,0.0,-0.0,385440,-0.0,0.0,-0.5167578458786011,0.0,0.0,0.0,0.0,106,3.46727889393287,0.9829629063606262,0.16753543326455467,0.0,0.0,0.0,-0.6258478164672852,CityLearnV3MADRLRewardFunction,masac_unified_comparable_v4,E2,-0.0,1907,14.92508352300781,1.0,0.17288600041701468,0.0,7
8,0.0,0.0,0.0,0.0,Building_10,9,MASAC,0.7617499828338623,False,0.0,0.0,0.0,0.5324955582618713,44,0,0.0,0.0,-0.0,385440,-0.0,0.0,-0.7132076025009155,0.0,0.0,0.0,0.0,78,3.361127747033117,0.9829629063606262,0.2187995369820736,0.0,0.0,0.0,-0.6258478164672852,CityLearnV3MADRLRewardFunction,masac_unified_comparable_v4,E2,-0.0,1907,14.92508352300781,1.0,0.17288600041701468,0.0,7
5,0.0,0.0,0.0,0.0,Building_11,10,MASAC,0.7617499828338623,False,0.0,0.0,0.0,0.5324955582618713,44,0,0.0,0.0,-0.0,385440,-0.0,0.0,-0.7167805433273315,0.0,0.0,0.0,0.0,57,4.048320201614463,1.0,0.4142021314616789,0.0,0.0,0.0,-0.6258478164672852,CityLearnV3MADRLRewardFunction,masac_unified_comparable_v4,E2,-0.0,1907,14.92508352300781,1.0,0.17288600041701468,0.0,7
5,0.0,0.0,0.0,0.0,Building_12,11,MASAC,0.7617499828338623,False,0.0,0.0,0.0,0.5324955582618713,44,0,0.0,0.0,-0.0,385440,-0.0,0.0,-0.7141357660293579,0.0,0.0,0.0,0.0,57,4.272977530462704,1.0,0.4641441519845996,0.0,0.0,0.0,-0.6258478164672852,CityLearnV3MADRLRewardFunction,masac_unified_comparable_v4,E2,-0.0,1907,14.92508352300781,1.0,0.17288600041701468,0.0,7
13,0.0,0.0,0.0,0.0,Building_13,12,MASAC,0.7617499828338623,False,0.0,0.0,0.0,0.5324955582618713,44,0,0.0,0.0,-0.0,385440,-0.0,0.0,-0.49704834818840027,0.0,0.0,0.0,0.0,113,3.3767486447217783,0.9829629063606262,0.15094506780130673,0.0,0.0,0.0,-0.6258478164672852,CityLearnV3MADRLRewardFunction,masac_unified_comparable_v4,E2,-0.0,1907,14.92508352300781,1.0,0.17288600041701468,0.0,7
6,0.0,0.0,0.0,0.0,Building_14,13,MASAC,0.7617499828338623,False,0.0,0.0,0.0,0.5324955582618713,44,0,0.0,0.0,-0.0,385440,-0.0,0.0,-0.5037431716918945,0.0,0.0,0.0,0.0,64,4.301349522479426,1.0,0.4186890273122117,0.0,0.0,0.0,-0.6258478164672852,CityLearnV3MADRLRewardFunction,masac_unified_comparable_v4,E2,-0.0,1907,14.92508352300781,1.0,0.17288600041701468,0.0,7
10,0.0,0.0,0.0,0.0,Building_15,14,MASAC,0.7617499828338623,False,0.0,0.0,0.0,0.5324955582618713,44,0,0.0,0.0,-0.0,385440,-0.0,0.0,-0.5275813937187195,0.0,0.0,0.0,0.0,92,3.3963388370500254,0.9829629063606262,0.18961002078393233,0.0,0.0,0.0,-0.6258478164672852,CityLearnV3MADRLRewardFunction,masac_unified_comparable_v4,E2,-0.0,1907,14.92508352300781,1.0,0.17288600041701468,0.0,7
13,0.0,0.0,0.0,0.0,Building_16,15,MASAC,0.7617499828338623,False,0.0,0.0,0.0,0.5324955582618713,44,0,0.0,0.0,-0.0,385440,-0.0,0.0,-0.7202765941619873,0.0,0.0,0.0,0.0,113,3.336309654210944,0.9829629063606262,0.14880487467862863,0.0,0.0,0.0,-0.6258478164672852,CityLearnV3MADRLRewardFunction,masac_unified_comparable_v4,E2,-0.0,1907,14.92508352300781,1.0,0.17288600041701468,0.0,7
13,0.0,0.0,0.0,0.0,Building_17,16,MASAC,0.7617499828338623,False,0.0,0.0,0.0,0.5324955582618713,44,0,0.0,0.0,-0.0,385440,-0.0,0.0,-0.6870682835578918,0.0,0.0,0.0,0.0,113,3.4883731314464144,0.9829629063606262,0.1609363912612991,0.0,0.0,0.0,-0.6258478164672852,CityLearnV3MADRLRewardFunction,masac_unified_comparable_v4,E2,-0.0,1907,14.92508352300781,1.0,0.17288600041701468,0.0,7
6,0.0,0.0,0.0,0.0,Building_1,0,MASAC,0.7900000214576721,True,0.0,0.0,0.0,0.5324955582618713,44,8752,0.0,0.0,-0.0,394192,0.0,433.45458984375,-0.8477194905281067,230.81263732910156,342.42913818359375,433.45458984375,433.45458984375,64,3.187505944085832,1.0,0.21159332455135882,0.0,0.0,0.0,-0.7918308973312378,CityLearnV3MADRLRewardFunction,masac_unified_comparable_v4,E2,-0.0,1907,13.906461388535927,1.0,0.12973281717114443,0.0,8759
8,0.0,0.0,0.0,0.0,Building_2,1,MASAC,0.7900000214576721,True,0.0,0.0,0.0,0.5324955582618713,44,8752,0.0,0.0,-0.0,394192,0.0,15.16435432434082,-0.7470934987068176,8.074951171875,11.979840278625488,15.16435432434082,15.16435432434082,78,3.410491243847313,1.0,0.18925282148978648,0.0,0.0,0.0,-0.7918308973312378,CityLearnV3MADRLRewardFunction,masac_unified_comparable_v4,E2,-0.0,1907,13.906461388535927,1.0,0.12973281717114443,0.0,8759
10,0.0,0.0,0.0,0.0,Building_3,2,MASAC,0.7900000214576721,True,0.0,0.0,0.0,0.5324955582618713,44,8752,0.0,0.0,-0.0,394192,0.0,94.53981018066406,-0.8477035760879517,50.3420295715332,74.68645477294922,94.53981018066406,94.53981018066406,92,3.3347649101473373,1.0,0.15412211596317912,0.0,0.0,0.0,-0.7918308973312378,CityLearnV3MADRLRewardFunction,masac_unified_comparable_v4,E2,-0.0,1907,13.906461388535927,1.0,0.12973281717114443,0.0,8759
8,0.0,0.0,0.0,0.0,Building_4,3,MASAC,0.7900000214576721,True,0.0,0.0,0.0,0.5324955582618713,44,8752,0.0,0.0,-0.0,394192,0.0,31.04317283630371,-0.820326030254364,16.530351638793945,24.524106979370117,31.04317283630371,31.04317283630371,78,3.3389020182824614,1.0,0.1818076545993487,0.0,0.0,0.0,-0.7918308973312378,CityLearnV3MADRLRewardFunction,masac_unified_comparable_v4,E2,-0.0,1907,13.906461388535927,1.0,0.12973281717114443,0.0,8759
5,0.0,0.0,0.0,0.0,Building_5,4,MASAC,0.7900000214576721,True,0.0,0.0,0.0,0.5324955582618713,44,8752,0.0,0.0,-0.0,394192,0.0,38.538970947265625,-0.8699818849563599,20.521831512451172,30.44578742980957,38.538970947265625,38.538970947265625,57,3.580236187658091,1.0,0.29207953967546163,0.0,0.0,0.0,-0.7918308973312378,CityLearnV3MADRLRewardFunction,masac_unified_comparable_v4,E2,-0.0,1907,13.906461388535927,1.0,0.12973281717114443,0.0,8759
34,1.0,1.0,0.029411764705882353,0.0,Building_6,5,MASAC,0.7900000214576721,True,0.0,0.0,0.0,0.5324955582618713,44,8752,0.0,0.0,-0.0,394192,0.0,362.8901062011719,-0.8486409187316895,193.23736572265625,286.6831970214844,362.8901062011719,362.8901062011719,260,3.291870788939481,1.0,0.05381345582696108,0.0,0.0,0.0,-0.7918308973312378,CityLearnV3MADRLRewardFunction,masac_unified_comparable_v4,E2,-0.0,1907,13.906461388535927,1.0,0.12973281717114443,0.0,8759
44,1.0,1.0,0.022727272727272728,0.0,Building_7,6,MASAC,0.7900000214576721,True,0.0,0.0,0.0,0.5324955582618713,44,8752,0.0,0.0,-0.0,394192,0.0,12.664111137390137,-0.7269026637077332,6.743582725524902,10.004648208618164,12.664111137390137,12.664111137390137,330,3.3910981938970197,1.0,0.04400810335170139,0.0,0.0,0.0,-0.7918308973312378,CityLearnV3MADRLRewardFunction,masac_unified_comparable_v4,E2,-0.0,1907,13.906461388535927,1.0,0.12973281717114443,0.0,8759
19,0.0,0.0,0.0,0.0,Building_8,7,MASAC,0.7900000214576721,True,0.0,0.0,0.0,0.5324955582618713,44,8752,0.0,0.0,-0.0,394192,0.0,12.065996170043945,-0.7216993570327759,6.425089359283447,9.532136917114258,12.065996170043945,12.065996170043945,155,3.468346261762909,1.0,0.09718162100161276,0.0,0.0,0.0,-0.7918308973312378,CityLearnV3MADRLRewardFunction,masac_unified_comparable_v4,E2,-0.0,1907,13.906461388535927,1.0,0.12973281717114443,0.0,8759
12,0.0,0.0,0.0,0.0,Building_9,8,MASAC,0.7900000214576721,True,0.0,0.0,0.0,0.5324955582618713,44,8752,0.0,0.0,-0.0,394192,0.0,2.290161371231079,-0.5994108319282532,1.2195007801055908,1.8092275857925415,2.290161371231079,2.290161371231079,106,3.541469795032662,1.0,0.15210886679168018,0.0,0.0,0.0,-0.7918308973312378,CityLearnV3MADRLRewardFunction,masac_unified_comparable_v4,E2,-0.0,1907,13.906461388535927,1.0,0.12973281717114443,0.0,8759
8,0.0,0.0,0.0,0.0,Building_10,9,MASAC,0.7900000214576721,True,0.0,0.0,0.0,0.5324955582618713,44,8752,0.0,0.0,-0.0,394192,0.0,51.649574279785156,-0.8429056406021118,27.5031681060791,40.803165435791016,51.649574279785156,51.649574279785156,78,3.3863105884078726,1.0,0.18632345493787375,0.0,0.0,0.0,-0.7918308973312378,CityLearnV3MADRLRewardFunction,masac_unified_comparable_v4,E2,-0.0,1907,13.906461388535927,1.0,0.12973281717114443,0.0,8759
5,0.0,0.0,0.0,0.0,Building_11,10,MASAC,0.7900000214576721,True,0.0,0.0,0.0,0.5324955582618713,44,8752,0.0,0.0,-0.0,394192,0.0,71.54803466796875,-0.8454132080078125,38.0990104675293,56.52294921875,71.54803466796875,71.54803466796875,57,3.283172490395136,1.0,0.24471203597229824,0.0,0.0,0.0,-0.7918308973312378,CityLearnV3MADRLRewardFunction,masac_unified_comparable_v4,E2,-0.0,1907,13.906461388535927,1.0,0.12973281717114443,0.0,8759
5,0.0,0.0,0.0,0.0,Building_12,11,MASAC,0.7900000214576721,True,0.0,0.0,0.0,0.5324955582618713,44,8752,0.0,0.0,-0.0,394192,0.0,215.11593627929688,-0.8486018180847168,114.54827880859375,169.94158935546875,215.11593627929688,215.11593627929688,57,3.3646431899649794,1.0,0.2547228495802796,0.0,0.0,0.0,-0.7918308973312378,CityLearnV3MADRLRewardFunction,masac_unified_comparable_v4,E2,-0.0,1907,13.906461388535927,1.0,0.12973281717114443,0.0,8759
13,0.0,0.0,0.0,0.0,Building_13,12,MASAC,0.7900000214576721,True,0.0,0.0,0.0,0.5324955582618713,44,8752,0.0,0.0,-0.0,394192,0.0,2.033022403717041,-0.6137720942497253,1.0825754404067993,1.6060876846313477,2.033022403717041,2.033022403717041,113,3.390787424548255,1.0,0.12748436708893396,0.0,0.0,0.0,-0.7918308973312378,CityLearnV3MADRLRewardFunction,masac_unified_comparable_v4,E2,-0.0,1907,13.906461388535927,1.0,0.12973281717114443,0.0,8759
6,1.0,1.0,0.16666666666666666,0.0,Building_14,13,MASAC,0.7900000214576721,True,45.112091064453125,0.0,0.0,0.5324955582618713,44,8752,0.0,0.0,-0.0,394192,0.0,47.72704315185547,-0.870151937007904,25.414438247680664,37.70436477661133,47.72704315185547,2.6149520874023438,64,3.2639877192916633,1.0,0.2152618921827525,0.0,0.0,0.0,-0.7918308973312378,CityLearnV3MADRLRewardFunction,masac_unified_comparable_v4,E2,-0.0,1907,13.906461388535927,1.0,0.12973281717114443,0.0,8759
10,0.0,0.0,0.0,0.0,Building_15,14,MASAC,0.7900000214576721,True,0.0,0.0,0.0,0.5324955582618713,44,8752,0.0,0.0,-0.0,394192,0.0,19.521480560302734,-0.7759698629379272,10.395101547241211,15.42197036743164,19.521480560302734,19.521480560302734,92,3.4512257980840326,1.0,0.16320256678306538,0.0,0.0,0.0,-0.7918308973312378,CityLearnV3MADRLRewardFunction,masac_unified_comparable_v4,E2,-0.0,1907,13.906461388535927,1.0,0.12973281717114443,0.0,8759
13,0.0,0.0,0.0,0.0,Building_16,15,MASAC,0.7900000214576721,True,0.0,0.0,0.0,0.5324955582618713,44,8752,0.0,0.0,-0.0,394192,0.0,54.89390563964844,-0.8440356850624084,29.23076057434082,43.366188049316406,54.89390563964844,54.89390563964844,113,3.3676392912531474,1.0,0.12675530938184368,0.0,0.0,0.0,-0.7918308973312378,CityLearnV3MADRLRewardFunction,masac_unified_comparable_v4,E2,-0.0,1907,13.906461388535927,1.0,0.12973281717114443,0.0,8759
13,0.0,0.0,0.0,0.0,Building_17,16,MASAC,0.7900000214576721,True,0.0,0.0,0.0,0.5324955582618713,44,8752,0.0,0.0,-0.0,394192,0.0,22.46647071838379,-0.7907969951629639,11.963295936584473,17.748512268066406,22.46647071838379,22.46647071838379,113,3.2608987385935473,1.0,0.1227049699663061,0.0,0.0,0.0,-0.7918308973312378,CityLearnV3MADRLRewardFunction,masac_unified_comparable_v4,E2,-0.0,1907,13.906461388535927,1.0,0.12973281717114443,0.0,8759
6,0.0,0.0,0.0,0.0,Building_1,0,MASAC,0.7615389823913574,False,0.0,0.0,0.0,0.5324955582618713,45,0,0.0,0.0,-0.0,394200,-0.0,0.0,-0.8624751567840576,0.0,0.0,0.0,0.0,64,3.1661363163977883,1.0,0.23749964451417327,0.0,0.0,0.0,-0.8113158345222473,CityLearnV3MADRLRewardFunction,masac_unified_comparable_v4,E2,-0.0,1907,14.24626483166995,1.0,0.1560465373967173,0.0,8
8,1.0,1.0,0.125,0.0,Building_2,1,MASAC,0.7615389823913574,False,0.0,0.0,0.0,0.5324955582618713,45,0,0.0,0.0,-0.0,394200,-0.0,0.0,-0.7148979306221008,0.0,0.0,0.0,0.0,78,3.1829985935525893,1.0,0.19099749588909057,0.0,0.0,0.0,-0.8113158345222473,CityLearnV3MADRLRewardFunction,masac_unified_comparable_v4,E2,-0.0,1907,14.24626483166995,1.0,0.1560465373967173,0.0,8
10,0.0,0.0,0.0,0.0,Building_3,2,MASAC,0.7615389823913574,False,0.0,0.0,0.0,0.5324955582618713,45,0,0.0,0.0,-0.0,394200,-0.0,0.0,-0.8933406472206116,0.0,0.0,0.0,0.0,92,4.267073918154127,1.0,0.2801855479610031,0.0,0.0,0.0,-0.8113158345222473,CityLearnV3MADRLRewardFunction,masac_unified_comparable_v4,E2,-0.0,1907,14.24626483166995,1.0,0.1560465373967173,0.0,8
8,1.0,1.0,0.125,0.0,Building_4,3,MASAC,0.7615389823913574,False,0.0,0.0,0.0,0.5324955582618713,45,0,0.0,0.0,-0.0,394200,-0.0,0.0,-0.8458770513534546,0.0,0.0,0.0,0.0,78,3.1599436779412,1.0,0.1916814626266177,0.0,0.0,0.0,-0.8113158345222473,CityLearnV3MADRLRewardFunction,masac_unified_comparable_v4,E2,-0.0,1907,14.24626483166995,1.0,0.1560465373967173,0.0,8
5,0.0,0.0,0.0,0.0,Building_5,4,MASAC,0.7615389823913574,False,0.0,0.0,0.0,0.5324955582618713,45,0,0.0,0.0,-0.0,394200,-0.0,0.0,-0.854694664478302,0.0,0.0,0.0,0.0,57,3.530904738023685,1.0,0.3221018912041919,0.0,0.0,0.0,-0.8113158345222473,CityLearnV3MADRLRewardFunction,masac_unified_comparable_v4,E2,-0.0,1907,14.24626483166995,1.0,0.1560465373967173,0.0,8
34,0.0,0.0,0.0,0.0,Building_6,5,MASAC,0.7615389823913574,False,0.0,0.0,0.0,0.5324955582618713,45,0,0.0,0.0,-0.0,394200,-0.0,0.0,-0.8624105453491211,0.0,0.0,0.0,0.0,260,3.155000795757639,1.0,0.05810592908842059,0.0,0.0,0.0,-0.8113158345222473,CityLearnV3MADRLRewardFunction,masac_unified_comparable_v4,E2,-0.0,1907,14.24626483166995,1.0,0.1560465373967173,0.0,8
44,1.0,0.0,-0.022727272727272728,-1.0,Building_7,6,MASAC,0.7615389823913574,False,0.0,0.0,0.0,0.5324955582618713,45,0,0.0,0.0,-0.0,394200,-0.0,0.0,-0.8468438982963562,0.0,0.0,0.0,0.0,330,3.1735113047977617,1.0,0.04584812075464111,0.0,0.0,0.0,-0.8113158345222473,CityLearnV3MADRLRewardFunction,masac_unified_comparable_v4,E2,-0.0,1907,14.24626483166995,1.0,0.1560465373967173,0.0,8
19,0.0,0.0,0.0,0.0,Building_8,7,MASAC,0.7615389823913574,False,0.0,0.0,0.0,0.5324955582618713,45,0,0.0,0.0,-0.0,394200,-0.0,0.0,-0.7816858291625977,0.0,0.0,0.0,0.0,155,3.1787441776301,1.0,0.09646387957036495,0.0,0.0,0.0,-0.8113158345222473,CityLearnV3MADRLRewardFunction,masac_unified_comparable_v4,E2,-0.0,1907,14.24626483166995,1.0,0.1560465373967173,0.0,8
12,0.0,0.0,0.0,0.0,Building_9,8,MASAC,0.7615389823913574,False,0.0,0.0,0.0,0.5324955582618713,45,0,0.0,0.0,-0.0,394200,-0.0,0.0,-0.674139678478241,0.0,0.0,0.0,0.0,106,3.3220764382287737,1.0,0.152074426922174,0.0,0.0,0.0,-0.8113158345222473,CityLearnV3MADRLRewardFunction,masac_unified_comparable_v4,E2,-0.0,1907,14.24626483166995,1.0,0.1560465373967173,0.0,8
8,0.0,0.0,0.0,0.0,Building_10,9,MASAC,0.7615389823913574,False,0.0,0.0,0.0,0.5324955582618713,45,0,0.0,0.0,-0.0,394200,-0.0,0.0,-0.8596047759056091,0.0,0.0,0.0,0.0,78,3.1836851701762225,1.0,0.19481796885912234,0.0,0.0,0.0,-0.8113158345222473,CityLearnV3MADRLRewardFunction,masac_unified_comparable_v4,E2,-0.0,1907,14.24626483166995,1.0,0.1560465373967173,0.0,8
5,0.0,0.0,0.0,0.0,Building_11,10,MASAC,0.7615389823913574,False,0.0,0.0,0.0,0.5324955582618713,45,0,0.0,0.0,-0.0,394200,-0.0,0.0,-0.8488396406173706,0.0,0.0,0.0,0.0,57,3.8962366448866512,1.0,0.3833716987844622,0.0,0.0,0.0,-0.8113158345222473,CityLearnV3MADRLRewardFunction,masac_unified_comparable_v4,E2,-0.0,1907,14.24626483166995,1.0,0.1560465373967173,0.0,8
5,1.0,1.0,0.2,0.0,Building_12,11,MASAC,0.7615389823913574,False,0.0,0.0,0.0,0.5324955582618713,45,0,0.0,0.0,-0.0,394200,-0.0,0.0,-0.8586066961288452,0.0,0.0,0.0,0.0,57,4.124433219237585,1.0,0.42646875340295465,0.0,0.0,0.0,-0.8113158345222473,CityLearnV3MADRLRewardFunction,masac_unified_comparable_v4,E2,-0.0,1907,14.24626483166995,1.0,0.1560465373967173,0.0,8
13,0.0,0.0,0.0,0.0,Building_13,12,MASAC,0.7615389823913574,False,0.0,0.0,0.0,0.5324955582618713,45,0,0.0,0.0,-0.0,394200,-0.0,0.0,-0.7170703411102295,0.0,0.0,0.0,0.0,113,3.169145433632666,1.0,0.13130441388791114,0.0,0.0,0.0,-0.8113158345222473,CityLearnV3MADRLRewardFunction,masac_unified_comparable_v4,E2,-0.0,1907,14.24626483166995,1.0,0.1560465373967173,0.0,8
6,0.0,0.0,0.0,0.0,Building_14,13,MASAC,0.7615389823913574,False,0.0,0.0,0.0,0.5324955582618713,45,0,0.0,0.0,-0.0,394200,-0.0,0.0,-0.642397940158844,0.0,0.0,0.0,0.0,64,4.171981005639714,1.0,0.38466199769754894,0.0,0.0,0.0,-0.8113158345222473,CityLearnV3MADRLRewardFunction,masac_unified_comparable_v4,E2,-0.0,1907,14.24626483166995,1.0,0.1560465373967173,0.0,8
10,0.0,0.0,0.0,0.0,Building_15,14,MASAC,0.7615389823913574,False,0.0,0.0,0.0,0.5324955582618713,45,0,0.0,0.0,-0.0,394200,-0.0,0.0,-0.8352306485176086,0.0,0.0,0.0,0.0,92,3.234538524018539,1.0,0.16820515494834146,0.0,0.0,0.0,-0.8113158345222473,CityLearnV3MADRLRewardFunction,masac_unified_comparable_v4,E2,-0.0,1907,14.24626483166995,1.0,0.1560465373967173,0.0,8
13,0.0,0.0,0.0,0.0,Building_16,15,MASAC,0.7615389823913574,False,0.0,0.0,0.0,0.5324955582618713,45,0,0.0,0.0,-0.0,394200,-0.0,0.0,-0.8582719564437866,0.0,0.0,0.0,0.0,113,3.1507692295616248,1.0,0.13060456067653356,0.0,0.0,0.0,-0.8113158345222473,CityLearnV3MADRLRewardFunction,masac_unified_comparable_v4,E2,-0.0,1907,14.24626483166995,1.0,0.1560465373967173,0.0,8
13,0.0,0.0,0.0,0.0,Building_17,16,MASAC,0.7615389823913574,False,0.0,0.0,0.0,0.5324955582618713,45,0,0.0,0.0,-0.0,394200,-0.0,0.0,-0.8359812498092651,0.0,0.0,0.0,0.0,113,3.287543875697941,1.0,0.14194740719302038,0.0,0.0,0.0,-0.8113158345222473,CityLearnV3MADRLRewardFunction,masac_unified_comparable_v4,E2,-0.0,1907,14.24626483166995,1.0,0.1560465373967173,0.0,8
6,0.0,0.0,0.0,0.0,Building_1,0,MASAC,0.7900000214576721,True,0.0,0.0,0.0,0.5324955582618713,45,8751,0.0,0.0,-0.0,402951,0.0,446.8856201171875,-0.8162155747413635,237.96461486816406,353.0396423339844,446.8856201171875,446.8856201171875,64,3.383710107217502,1.0,0.23802789393812418,0.0,0.0,0.0,-0.7443792223930359,CityLearnV3MADRLRewardFunction,masac_unified_comparable_v4,E2,-0.0,1907,14.576630786305738,1.0,0.14261547464332344,0.0,8759
8,0.0,0.0,0.0,0.0,Building_2,1,MASAC,0.7900000214576721,True,0.0,0.0,0.0,0.5324955582618713,45,8751,0.0,0.0,-0.0,402951,0.0,5.618855953216553,-0.6235300302505493,2.992015838623047,4.438896179199219,5.618855953216553,5.618855953216553,78,3.5964456470852286,1.0,0.20521800754926142,0.0,0.0,0.0,-0.7443792223930359,CityLearnV3MADRLRewardFunction,masac_unified_comparable_v4,E2,-0.0,1907,14.576630786305738,1.0,0.14261547464332344,0.0,8759
10,0.0,0.0,0.0,0.0,Building_3,2,MASAC,0.7900000214576721,True,0.0,0.0,0.0,0.5324955582618713,45,8751,0.0,0.0,-0.0,402951,0.0,98.17061614990234,-0.8155375123023987,52.27541732788086,77.5547866821289,98.17061614990234,98.17061614990234,92,3.5208680967241306,1.0,0.17074768277614014,0.0,0.0,0.0,-0.7443792223930359,CityLearnV3MADRLRewardFunction,masac_unified_comparable_v4,E2,-0.0,1907,14.576630786305738,1.0,0.14261547464332344,0.0,8759
8,1.0,1.0,0.125,0.0,Building_4,3,MASAC,0.7900000214576721,True,0.0,0.0,0.0,0.5324955582618713,45,8751,0.0,0.0,-0.0,402951,0.0,28.84416961669922,-0.7822484374046326,15.359392166137695,22.786893844604492,28.84416961669922,28.84416961669922,78,3.4916037880195137,1.0,0.1997287074724833,0.0,0.0,0.0,-0.7443792223930359,CityLearnV3MADRLRewardFunction,masac_unified_comparable_v4,E2,-0.0,1907,14.576630786305738,1.0,0.14261547464332344,0.0,8759
5,0.0,0.0,0.0,0.0,Building_5,4,MASAC,0.7900000214576721,True,0.0,0.0,0.0,0.5324955582618713,45,8751,0.0,0.0,-0.0,402951,0.0,37.89287567138672,-0.8359532952308655,20.17778778076172,29.935373306274414,37.89287567138672,37.89287567138672,57,3.6418185949212902,1.0,0.30973456015712336,0.0,0.0,0.0,-0.7443792223930359,CityLearnV3MADRLRewardFunction,masac_unified_comparable_v4,E2,-0.0,1907,14.576630786305738,1.0,0.14261547464332344,0.0,8759
34,0.0,0.0,0.0,0.0,Building_6,5,MASAC,0.7900000214576721,True,0.0,0.0,0.0,0.5324955582618713,45,8751,0.0,0.0,-0.0,402951,0.0,350.8894348144531,-0.8162935972213745,186.84706115722656,277.2026672363281,350.8894348144531,350.8894348144531,260,3.4752645224032688,1.0,0.05966107340959402,0.0,0.0,0.0,-0.7443792223930359,CityLearnV3MADRLRewardFunction,masac_unified_comparable_v4,E2,-0.0,1907,14.576630786305738,1.0,0.14261547464332344,0.0,8759
44,1.0,0.0,-0.022727272727272728,-1.0,Building_7,6,MASAC,0.7900000214576721,True,0.0,0.0,0.0,0.5324955582618713,45,8751,0.0,0.0,-0.0,402951,0.0,18.66022491455078,-0.7381354570388794,9.936487197875977,14.741578102111816,18.66022491455078,18.66022491455078,330,3.47832692319519,1.0,0.04742497666315599,0.0,0.0,0.0,-0.7443792223930359,CityLearnV3MADRLRewardFunction,masac_unified_comparable_v4,E2,-0.0,1907,14.576630786305738,1.0,0.14261547464332344,0.0,8759
19,0.0,0.0,0.0,0.0,Building_8,7,MASAC,0.7900000214576721,True,0.0,0.0,0.0,0.5324955582618713,45,8751,0.0,0.0,-0.0,402951,0.0,19.251495361328125,-0.7417338490486145,10.251336097717285,15.2086820602417,19.251495361328125,19.251495361328125,155,3.6319169102835276,1.0,0.10686348022953157,0.0,0.0,0.0,-0.7443792223930359,CityLearnV3MADRLRewardFunction,masac_unified_comparable_v4,E2,-0.0,1907,14.576630786305738,1.0,0.14261547464332344,0.0,8759
12,0.0,0.0,0.0,0.0,Building_9,8,MASAC,0.7900000214576721,True,0.0,0.0,0.0,0.5324955582618713,45,8751,0.0,0.0,-0.0,402951,0.0,2.4506425857543945,-0.5689588189125061,1.304956316947937,1.9360077381134033,2.4506425857543945,2.4506425857543945,106,3.694823625084191,1.0,0.16645315500362864,0.0,0.0,0.0,-0.7443792223930359,CityLearnV3MADRLRewardFunction,masac_unified_comparable_v4,E2,-0.0,1907,14.576630786305738,1.0,0.14261547464332344,0.0,8759
8,0.0,0.0,0.0,0.0,Building_10,9,MASAC,0.7900000214576721,True,0.0,0.0,0.0,0.5324955582618713,45,8751,0.0,0.0,-0.0,402951,0.0,34.33414077758789,-0.7945941686630249,18.282777786254883,27.123971939086914,34.33414077758789,34.33414077758789,78,3.5329236591750437,1.0,0.20296051534704673,0.0,0.0,0.0,-0.7443792223930359,CityLearnV3MADRLRewardFunction,masac_unified_comparable_v4,E2,-0.0,1907,14.576630786305738,1.0,0.14261547464332344,0.0,8759
5,0.0,0.0,0.0,0.0,Building_11,10,MASAC,0.7900000214576721,True,0.0,0.0,0.0,0.5324955582618713,45,8751,0.0,0.0,-0.0,402951,0.0,57.917564392089844,-0.8103929162025452,30.840845108032227,45.754878997802734,57.917564392089844,57.917564392089844,57,3.427652486810703,1.0,0.26488239043637324,0.0,0.0,0.0,-0.7443792223930359,CityLearnV3MADRLRewardFunction,masac_unified_comparable_v4,E2,-0.0,1907,14.576630786305738,1.0,0.14261547464332344,0.0,8759
5,0.0,0.0,0.0,0.0,Building_12,11,MASAC,0.7900000214576721,True,0.0,0.0,0.0,0.5324955582618713,45,8751,0.0,0.0,-0.0,402951,0.0,182.6020965576172,-0.8161744475364685,97.23480224609375,144.2556610107422,182.6020965576172,182.6020965576172,57,3.5043320246422183,1.0,0.2744707988019575,0.0,0.0,0.0,-0.7443792223930359,CityLearnV3MADRLRewardFunction,masac_unified_comparable_v4,E2,-0.0,1907,14.576630786305738,1.0,0.14261547464332344,0.0,8759
13,0.0,0.0,0.0,0.0,Building_13,12,MASAC,0.7900000214576721,True,0.0,0.0,0.0,0.5324955582618713,45,8751,0.0,0.0,-0.0,402951,0.0,2.789367437362671,-0.5904919505119324,1.485325813293457,2.2036004066467285,2.789367437362671,2.789367437362671,113,3.5535939483641745,1.0,0.14029007306141136,0.0,0.0,0.0,-0.7443792223930359,CityLearnV3MADRLRewardFunction,masac_unified_comparable_v4,E2,-0.0,1907,14.576630786305738,1.0,0.14261547464332344,0.0,8759
6,0.0,0.0,0.0,0.0,Building_14,13,MASAC,0.7900000214576721,True,0.0,0.0,0.0,0.5324955582618713,45,8751,0.0,0.0,-0.0,402951,0.0,2.485826015472412,-0.5868664383888245,1.3236913681030273,1.9638025760650635,2.485826015472412,2.485826015472412,64,3.5399319517587173,1.0,0.24665657430887222,0.0,0.0,0.0,-0.7443792223930359,CityLearnV3MADRLRewardFunction,masac_unified_comparable_v4,E2,-0.0,1907,14.576630786305738,1.0,0.14261547464332344,0.0,8759
10,0.0,0.0,0.0,0.0,Building_15,14,MASAC,0.7900000214576721,True,0.0,0.0,0.0,0.5324955582618713,45,8751,0.0,0.0,-0.0,402951,0.0,20.5941162109375,-0.7490793466567993,10.966275215148926,16.269351959228516,20.5941162109375,20.5941162109375,92,3.5411016991708992,1.0,0.175001492642838,0.0,0.0,0.0,-0.7443792223930359,CityLearnV3MADRLRewardFunction,masac_unified_comparable_v4,E2,-0.0,1907,14.576630786305738,1.0,0.14261547464332344,0.0,8759
13,0.0,0.0,0.0,0.0,Building_16,15,MASAC,0.7900000214576721,True,0.0,0.0,0.0,0.5324955582618713,45,8751,0.0,0.0,-0.0,402951,0.0,103.13050842285156,-0.8154668211936951,54.91653823852539,81.47310638427734,103.13050842285156,103.13050842285156,113,3.529262194714594,1.0,0.14189753542959163,0.0,0.0,0.0,-0.7443792223930359,CityLearnV3MADRLRewardFunction,masac_unified_comparable_v4,E2,-0.0,1907,14.576630786305738,1.0,0.14261547464332344,0.0,8759
13,0.0,0.0,0.0,0.0,Building_17,16,MASAC,0.7900000214576721,True,0.0,0.0,0.0,0.5324955582618713,45,8751,0.0,0.0,-0.0,402951,0.0,21.1981143951416,-0.7527746558189392,11.287901878356934,16.746511459350586,21.1981143951416,21.1981143951416,113,3.543994773858404,1.0,0.14218601188828459,0.0,0.0,0.0,-0.7443792223930359,CityLearnV3MADRLRewardFunction,masac_unified_comparable_v4,E2,-0.0,1907,14.576630786305738,1.0,0.14261547464332344,0.0,8759
6,0.0,0.0,0.0,0.0,Building_1,0,MASAC,0.754755973815918,False,0.0,0.0,0.0,0.5324955582618713,46,0,0.0,0.0,-0.0,402960,-0.0,0.0,-0.7049155831336975,0.0,0.0,0.0,0.0,64,3.012361675720924,1.0,0.23606847498740535,0.0,0.0,0.0,-0.5908451080322266,CityLearnV3MADRLRewardFunction,masac_unified_comparable_v4,E2,-0.0,1907,14.050489270814529,1.0,0.16069901140878493,0.0,9
8,0.0,0.0,0.0,0.0,Building_2,1,MASAC,0.754755973815918,False,0.0,0.0,0.0,0.5324955582618713,46,0,0.0,0.0,-0.0,402960,-0.0,0.0,-0.4472787082195282,0.0,0.0,0.0,0.0,78,3.1087689853504146,1.0,0.19401161500419944,0.0,0.0,0.0,-0.5908451080322266,CityLearnV3MADRLRewardFunction,masac_unified_comparable_v4,E2,-0.0,1907,14.050489270814529,1.0,0.16069901140878493,0.0,9
10,1.0,1.0,0.1,0.0,Building_3,2,MASAC,0.754755973815918,False,0.0,0.0,0.0,0.5324955582618713,46,0,0.0,0.0,-0.0,402960,-0.0,0.0,-0.7059325575828552,0.0,0.0,0.0,0.0,92,4.434625179060793,1.0,0.3088199311118249,0.0,0.0,0.0,-0.5908451080322266,CityLearnV3MADRLRewardFunction,masac_unified_comparable_v4,E2,-0.0,1907,14.050489270814529,1.0,0.16069901140878493,0.0,9
8,0.0,0.0,0.0,0.0,Building_4,3,MASAC,0.754755973815918,False,0.0,0.0,0.0,0.5324955582618713,46,0,0.0,0.0,-0.0,402960,-0.0,0.0,-0.700667142868042,0.0,0.0,0.0,0.0,78,3.09455029488937,1.0,0.20299980458684075,0.0,0.0,0.0,-0.5908451080322266,CityLearnV3MADRLRewardFunction,masac_unified_comparable_v4,E2,-0.0,1907,14.050489270814529,1.0,0.16069901140878493,0.0,9
5,0.0,0.0,0.0,0.0,Building_5,4,MASAC,0.754755973815918,False,0.0,0.0,0.0,0.5324955582618713,46,0,0.0,0.0,-0.0,402960,-0.0,0.0,-0.7003624439239502,0.0,0.0,0.0,0.0,57,3.389854552072005,1.0,0.32046071327242415,0.0,0.0,0.0,-0.5908451080322266,CityLearnV3MADRLRewardFunction,masac_unified_comparable_v4,E2,-0.0,1907,14.050489270814529,1.0,0.16069901140878493,0.0,9
34,1.0,1.0,0.029411764705882353,0.0,Building_6,5,MASAC,0.754755973815918,False,0.0,0.0,0.0,0.5324955582618713,46,0,0.0,0.0,-0.0,402960,-0.0,0.0,-0.7048671841621399,0.0,0.0,0.0,0.0,260,3.9323689842580363,1.0,0.08862544445392605,0.0,0.0,0.0,-0.5908451080322266,CityLearnV3MADRLRewardFunction,masac_unified_comparable_v4,E2,-0.0,1907,14.050489270814529,1.0,0.16069901140878493,0.0,9
44,1.0,1.0,0.022727272727272728,0.0,Building_7,6,MASAC,0.754755973815918,False,0.0,0.0,0.0,0.5324955582618713,46,0,0.0,0.0,-0.0,402960,-0.0,0.0,-0.45374399423599243,0.0,0.0,0.0,0.0,330,3.086464587210206,1.0,0.045641536274078215,0.0,0.0,0.0,-0.5908451080322266,CityLearnV3MADRLRewardFunction,masac_unified_comparable_v4,E2,-0.0,1907,14.050489270814529,1.0,0.16069901140878493,0.0,9
19,0.0,0.0,0.0,0.0,Building_8,7,MASAC,0.754755973815918,False,0.0,0.0,0.0,0.5324955582618713,46,0,0.0,0.0,-0.0,402960,-0.0,0.0,-0.4505690038204193,0.0,0.0,0.0,0.0,155,3.0799728066796246,1.0,0.09628148027845929,0.0,0.0,0.0,-0.5908451080322266,CityLearnV3MADRLRewardFunction,masac_unified_comparable_v4,E2,-0.0,1907,14.050489270814529,1.0,0.16069901140878493,0.0,9
12,0.0,0.0,0.0,0.0,Building_9,8,MASAC,0.754755973815918,False,0.0,0.0,0.0,0.5324955582618713,46,0,0.0,0.0,-0.0,402960,-0.0,0.0,-0.49335554242134094,0.0,0.0,0.0,0.0,106,3.1511608886356393,1.0,0.1475307487636664,0.0,0.0,0.0,-0.5908451080322266,CityLearnV3MADRLRewardFunction,masac_unified_comparable_v4,E2,-0.0,1907,14.050489270814529,1.0,0.16069901140878493,0.0,9
8,0.0,0.0,0.0,0.0,Building_10,9,MASAC,0.754755973815918,False,0.0,0.0,0.0,0.5324955582618713,46,0,0.0,0.0,-0.0,402960,-0.0,0.0,-0.6045204401016235,0.0,0.0,0.0,0.0,78,3.0571900452087357,1.0,0.19211879433490908,0.0,0.0,0.0,-0.5908451080322266,CityLearnV3MADRLRewardFunction,masac_unified_comparable_v4,E2,-0.0,1907,14.050489270814529,1.0,0.16069901140878493,0.0,9
5,0.0,0.0,0.0,0.0,Building_11,10,MASAC,0.754755973815918,False,0.0,0.0,0.0,0.5324955582618713,46,0,0.0,0.0,-0.0,402960,-0.0,0.0,-0.6901015043258667,0.0,0.0,0.0,0.0,57,3.6971094797653548,1.0,0.3659360724288905,0.0,0.0,0.0,-0.5908451080322266,CityLearnV3MADRLRewardFunction,masac_unified_comparable_v4,E2,-0.0,1907,14.050489270814529,1.0,0.16069901140878493,0.0,9
5,1.0,1.0,0.2,0.0,Building_12,11,MASAC,0.754755973815918,False,0.0,0.0,0.0,0.5324955582618713,46,0,0.0,0.0,-0.0,402960,-0.0,0.0,-0.7010849714279175,0.0,0.0,0.0,0.0,57,3.9948253830105296,1.0,0.4226597023866417,0.0,0.0,0.0,-0.5908451080322266,CityLearnV3MADRLRewardFunction,masac_unified_comparable_v4,E2,-0.0,1907,14.050489270814529,1.0,0.16069901140878493,0.0,9
13,0.0,0.0,0.0,0.0,Building_13,12,MASAC,0.754755973815918,False,0.0,0.0,0.0,0.5324955582618713,46,0,0.0,0.0,-0.0,402960,-0.0,0.0,-0.4504549503326416,0.0,0.0,0.0,0.0,113,3.093532271942049,1.0,0.1335256881270129,0.0,0.0,0.0,-0.5908451080322266,CityLearnV3MADRLRewardFunction,masac_unified_comparable_v4,E2,-0.0,1907,14.050489270814529,1.0,0.16069901140878493,0.0,9
6,0.0,0.0,0.0,0.0,Building_14,13,MASAC,0.754755973815918,False,0.0,0.0,0.0,0.5324955582618713,46,0,0.0,0.0,-0.0,402960,-0.0,0.0,-0.440141886472702,0.0,0.0,0.0,0.0,64,4.047492899554752,1.0,0.38061656620993745,0.0,0.0,0.0,-0.5908451080322266,CityLearnV3MADRLRewardFunction,masac_unified_comparable_v4,E2,-0.0,1907,14.050489270814529,1.0,0.16069901140878493,0.0,9
10,0.0,0.0,0.0,0.0,Building_15,14,MASAC,0.754755973815918,False,0.0,0.0,0.0,0.5324955582618713,46,0,0.0,0.0,-0.0,402960,-0.0,0.0,-0.4676487445831299,0.0,0.0,0.0,0.0,92,3.110821194883786,1.0,0.1651869589847553,0.0,0.0,0.0,-0.5908451080322266,CityLearnV3MADRLRewardFunction,masac_unified_comparable_v4,E2,-0.0,1907,14.050489270814529,1.0,0.16069901140878493,0.0,9
13,0.0,0.0,0.0,0.0,Building_16,15,MASAC,0.754755973815918,False,0.0,0.0,0.0,0.5324955582618713,46,0,0.0,0.0,-0.0,402960,-0.0,0.0,-0.6647953987121582,0.0,0.0,0.0,0.0,113,3.034626067240347,1.0,0.13154657919421398,0.0,0.0,0.0,-0.5908451080322266,CityLearnV3MADRLRewardFunction,masac_unified_comparable_v4,E2,-0.0,1907,14.050489270814529,1.0,0.16069901140878493,0.0,9
13,0.0,0.0,0.0,0.0,Building_17,16,MASAC,0.754755973815918,False,0.0,0.0,0.0,0.5324955582618713,46,0,0.0,0.0,-0.0,402960,-0.0,0.0,-0.6639268398284912,0.0,0.0,0.0,0.0,113,3.118721628171829,1.0,0.13795384226482263,0.0,0.0,0.0,-0.5908451080322266,CityLearnV3MADRLRewardFunction,masac_unified_comparable_v4,E2,-0.0,1907,14.050489270814529,1.0,0.16069901140878493,0.0,9
6,0.0,0.0,0.0,0.0,Building_1,0,MASAC,0.7900000214576721,True,0.0,0.0,0.0,0.5324955582618713,46,8750,0.0,0.0,-0.0,411710,0.0,391.586669921875,-0.7352676391601562,208.51815795898438,309.3534851074219,391.586669921875,391.586669921875,64,3.4169599203840373,1.0,0.2320475187152624,0.0,0.0,0.0,-0.6289517283439636,CityLearnV3MADRLRewardFunction,masac_unified_comparable_v4,E2,-0.0,1907,14.106529410092193,1.0,0.13251748202856012,0.0,8759
8,0.0,0.0,0.0,0.0,Building_2,1,MASAC,0.7900000214576721,True,0.0,0.0,0.0,0.5324955582618713,46,8750,0.0,0.0,-0.0,411710,0.0,0.1848604530096054,-0.47801509499549866,0.0984373688697815,0.14603976905345917,0.1848604530096054,0.1848604530096054,78,3.5046342071701457,1.0,0.19317272038031846,0.0,0.0,0.0,-0.6289517283439636,CityLearnV3MADRLRewardFunction,masac_unified_comparable_v4,E2,-0.0,1907,14.106529410092193,1.0,0.13251748202856012,0.0,8759
10,0.0,0.0,0.0,0.0,Building_3,2,MASAC,0.7900000214576721,True,0.0,0.0,0.0,0.5324955582618713,46,8750,0.0,0.0,-0.0,411710,0.0,39.0087890625,-0.7202001214027405,20.77200698852539,30.816944122314453,39.0087890625,39.0087890625,92,3.362314686985099,1.0,0.15756499313789865,0.0,0.0,0.0,-0.6289517283439636,CityLearnV3MADRLRewardFunction,masac_unified_comparable_v4,E2,-0.0,1907,14.106529410092193,1.0,0.13251748202856012,0.0,8759
8,0.0,0.0,0.0,0.0,Building_4,3,MASAC,0.7900000214576721,True,0.0,0.0,0.0,0.5324955582618713,46,8750,0.0,0.0,-0.0,411710,0.0,36.67196273803711,-0.7159279584884644,19.52765655517578,28.97085189819336,36.67196273803711,36.67196273803711,78,3.265473950030669,1.0,0.17776496135271513,0.0,0.0,0.0,-0.6289517283439636,CityLearnV3MADRLRewardFunction,masac_unified_comparable_v4,E2,-0.0,1907,14.106529410092193,1.0,0.13251748202856012,0.0,8759
5,0.0,0.0,0.0,0.0,Building_5,4,MASAC,0.7900000214576721,True,0.0,0.0,0.0,0.5324955582618713,46,8750,0.0,0.0,-0.0,411710,0.0,54.225337982177734,-0.7668655514717102,28.874752044677734,42.838016510009766,54.225337982177734,54.225337982177734,57,3.58879291366933,1.0,0.29619494524964113,0.0,0.0,0.0,-0.6289517283439636,CityLearnV3MADRLRewardFunction,masac_unified_comparable_v4,E2,-0.0,1907,14.106529410092193,1.0,0.13251748202856012,0.0,8759
34,1.0,1.0,0.029411764705882353,0.0,Building_6,5,MASAC,0.7900000214576721,True,0.0,0.0,0.0,0.5324955582618713,46,8750,0.0,0.0,-0.0,411710,0.0,348.8946838378906,-0.735267162322998,185.7848663330078,275.6268005371094,348.8946838378906,348.8946838378906,260,3.3998790288851874,1.0,0.05620480523659633,0.0,0.0,0.0,-0.6289517283439636,CityLearnV3MADRLRewardFunction,masac_unified_comparable_v4,E2,-0.0,1907,14.106529410092193,1.0,0.13251748202856012,0.0,8759
44,1.0,1.0,0.022727272727272728,0.0,Building_7,6,MASAC,0.7900000214576721,True,0.0,0.0,0.0,0.5324955582618713,46,8750,0.0,0.0,-0.0,411710,0.0,2.9800853729248047,-0.5116211175918579,1.58688223361969,2.3542675971984863,2.9800853729248047,2.9800853729248047,330,3.362327224081205,1.0,0.04331327665484313,0.0,0.0,0.0,-0.6289517283439636,CityLearnV3MADRLRewardFunction,masac_unified_comparable_v4,E2,-0.0,1907,14.106529410092193,1.0,0.13251748202856012,0.0,8759
19,0.0,0.0,0.0,0.0,Building_8,7,MASAC,0.7900000214576721,True,0.0,0.0,0.0,0.5324955582618713,46,8750,0.0,0.0,-0.0,411710,0.0,6.19936990737915,-0.548814594745636,3.3011369705200195,4.897502422332764,6.19936990737915,6.19936990737915,155,3.410455408336655,1.0,0.09577599840779458,0.0,0.0,0.0,-0.6289517283439636,CityLearnV3MADRLRewardFunction,masac_unified_comparable_v4,E2,-0.0,1907,14.106529410092193,1.0,0.13251748202856012,0.0,8759
12,0.0,0.0,0.0,0.0,Building_9,8,MASAC,0.7900000214576721,True,0.0,0.0,0.0,0.5324955582618713,46,8750,0.0,0.0,-0.0,411710,0.0,2.1350696086883545,-0.48422232270240784,1.1369150876998901,1.6867049932479858,2.1350696086883545,2.1350696086883545,106,3.6606591849186856,1.0,0.15987223330533729,0.0,0.0,0.0,-0.6289517283439636,CityLearnV3MADRLRewardFunction,masac_unified_comparable_v4,E2,-0.0,1907,14.106529410092193,1.0,0.13251748202856012,0.0,8759
8,0.0,0.0,0.0,0.0,Building_10,9,MASAC,0.7900000214576721,True,0.0,0.0,0.0,0.5324955582618713,46,8750,0.0,0.0,-0.0,411710,0.0,16.451881408691406,-0.642474353313446,8.760553359985352,12.996986389160156,16.451881408691406,16.451881408691406,78,3.33274302610227,1.0,0.18202160231960127,0.0,0.0,0.0,-0.6289517283439636,CityLearnV3MADRLRewardFunction,masac_unified_comparable_v4,E2,-0.0,1907,14.106529410092193,1.0,0.13251748202856012,0.0,8759
5,0.0,0.0,0.0,0.0,Building_11,10,MASAC,0.7900000214576721,True,0.0,0.0,0.0,0.5324955582618713,46,8750,0.0,0.0,-0.0,411710,0.0,66.45198059082031,-0.7305800914764404,35.38538360595703,52.497066497802734,66.45198059082031,66.45198059082031,57,3.3371250963727883,1.0,0.2482588709446422,0.0,0.0,0.0,-0.6289517283439636,CityLearnV3MADRLRewardFunction,masac_unified_comparable_v4,E2,-0.0,1907,14.106529410092193,1.0,0.13251748202856012,0.0,8759
5,0.0,0.0,0.0,0.0,Building_12,11,MASAC,0.7900000214576721,True,0.0,0.0,0.0,0.5324955582618713,46,8750,0.0,0.0,-0.0,411710,0.0,155.388671875,-0.732437789440155,82.7437744140625,122.7570571899414,155.388671875,155.388671875,57,3.2986841483122626,1.0,0.24879083638651328,0.0,0.0,0.0,-0.6289517283439636,CityLearnV3MADRLRewardFunction,masac_unified_comparable_v4,E2,-0.0,1907,14.106529410092193,1.0,0.13251748202856012,0.0,8759
13,0.0,0.0,0.0,0.0,Building_13,12,MASAC,0.7900000214576721,True,0.0,0.0,0.0,0.5324955582618713,46,8750,0.0,0.0,-0.0,411710,0.0,0.1047736182808876,-0.4770375192165375,0.05579148605465889,0.08277115970849991,0.1047736182808876,0.1047736182808876,113,3.363729557135487,1.0,0.12613073307855993,0.0,0.0,0.0,-0.6289517283439636,CityLearnV3MADRLRewardFunction,masac_unified_comparable_v4,E2,-0.0,1907,14.106529410092193,1.0,0.13251748202856012,0.0,8759
6,0.0,0.0,0.0,0.0,Building_14,13,MASAC,0.7900000214576721,True,0.0,0.0,0.0,0.5324955582618713,46,8750,0.0,0.0,-0.0,411710,0.0,1.3521205186843872,-0.4921768605709076,0.7199981808662415,1.068175196647644,1.3521205186843872,1.3521205186843872,64,3.483137393914906,1.0,0.23407263262197375,0.0,0.0,0.0,-0.6289517283439636,CityLearnV3MADRLRewardFunction,masac_unified_comparable_v4,E2,-0.0,1907,14.106529410092193,1.0,0.13251748202856012,0.0,8759
10,0.0,0.0,0.0,0.0,Building_15,14,MASAC,0.7900000214576721,True,0.0,0.0,0.0,0.5324955582618713,46,8750,0.0,0.0,-0.0,411710,0.0,15.147623062133789,-0.6336460113525391,8.066041946411133,11.966622352600098,15.147623062133789,15.147623062133789,92,3.522042441050949,1.0,0.16809207524942316,0.0,0.0,0.0,-0.6289517283439636,CityLearnV3MADRLRewardFunction,masac_unified_comparable_v4,E2,-0.0,1907,14.106529410092193,1.0,0.13251748202856012,0.0,8759
13,0.0,0.0,0.0,0.0,Building_16,15,MASAC,0.7900000214576721,True,0.0,0.0,0.0,0.5324955582618713,46,8750,0.0,0.0,-0.0,411710,0.0,11.957420349121094,-0.6069037914276123,6.367273330688477,9.446362495422363,11.957420349121094,11.957420349121094,113,3.33927452903325,1.0,0.12604303565700498,0.0,0.0,0.0,-0.6289517283439636,CityLearnV3MADRLRewardFunction,masac_unified_comparable_v4,E2,-0.0,1907,14.106529410092193,1.0,0.13251748202856012,0.0,8759
13,1.0,1.0,0.07692307692307693,0.0,Building_17,16,MASAC,0.7900000214576721,True,0.0,0.0,0.0,0.5324955582618713,46,8750,0.0,0.0,-0.0,411710,0.0,23.087642669677734,-0.6807223558425903,12.2940673828125,18.239238739013672,23.087642669677734,23.087642669677734,113,3.487803122122355,1.0,0.13609668928965002,0.0,0.0,0.0,-0.6289517283439636,CityLearnV3MADRLRewardFunction,masac_unified_comparable_v4,E2,-0.0,1907,14.106529410092193,1.0,0.13251748202856012,0.0,8759
6,0.0,0.0,0.0,0.0,Building_1,0,MASAC,0.7126550078392029,False,0.0,0.0,0.0,0.5324955582618713,47,0,0.0,0.0,-0.0,411720,-0.0,0.0,-0.8617687821388245,0.0,0.0,0.0,0.0,64,3.1221682695995145,0.9330127239227295,0.24228971474803984,0.0,0.0,0.0,-0.8100020885467529,CityLearnV3MADRLRewardFunction,masac_unified_comparable_v4,E2,-0.0,1907,14.659840071140065,1.0,0.16962930122263414,0.0,10
8,0.0,0.0,0.0,0.0,Building_2,1,MASAC,0.7126550078392029,False,0.0,0.0,0.0,0.5324955582618713,47,0,0.0,0.0,-0.0,411720,-0.0,0.0,-0.7043489813804626,0.0,0.0,0.0,0.0,78,3.1411189568885254,0.9693514108657837,0.19583089802509698,0.0,0.0,0.0,-0.8100020885467529,CityLearnV3MADRLRewardFunction,masac_unified_comparable_v4,E2,-0.0,1907,14.659840071140065,1.0,0.16962930122263414,0.0,10
10,0.0,0.0,0.0,0.0,Building_3,2,MASAC,0.7126550078392029,False,0.0,0.0,0.0,0.5324955582618713,47,0,0.0,0.0,-0.0,411720,-0.0,0.0,-0.9254885315895081,0.0,0.0,0.0,0.0,92,4.391738215668753,1.0,0.3002435696999664,0.0,0.0,0.0,-0.8100020885467529,CityLearnV3MADRLRewardFunction,masac_unified_comparable_v4,E2,-0.0,1907,14.659840071140065,1.0,0.16962930122263414,0.0,10
8,0.0,0.0,0.0,0.0,Building_4,3,MASAC,0.7126550078392029,False,0.0,0.0,0.0,0.5324955582618713,47,0,0.0,0.0,-0.0,411720,-0.0,0.0,-0.8602043986320496,0.0,0.0,0.0,0.0,78,3.5646826156490814,1.0,0.24620896405898607,0.0,0.0,0.0,-0.8100020885467529,CityLearnV3MADRLRewardFunction,masac_unified_comparable_v4,E2,-0.0,1907,14.659840071140065,1.0,0.16962930122263414,0.0,10
5,0.0,0.0,0.0,0.0,Building_5,4,MASAC,0.7126550078392029,False,0.0,0.0,0.0,0.5324955582618713,47,0,0.0,0.0,-0.0,411720,-0.0,0.0,-0.8604508638381958,0.0,0.0,0.0,0.0,57,3.494256339747643,1.0,0.3273534906799333,0.0,0.0,0.0,-0.8100020885467529,CityLearnV3MADRLRewardFunction,masac_unified_comparable_v4,E2,-0.0,1907,14.659840071140065,1.0,0.16962930122263414,0.0,10
34,0.0,0.0,0.0,0.0,Building_6,5,MASAC,0.7126550078392029,False,0.0,0.0,0.0,0.5324955582618713,47,0,0.0,0.0,-0.0,411720,-0.0,0.0,-0.8617693781852722,0.0,0.0,0.0,0.0,260,4.806521898431428,1.0,0.12642973801837518,0.0,0.0,0.0,-0.8100020885467529,CityLearnV3MADRLRewardFunction,masac_unified_comparable_v4,E2,-0.0,1907,14.659840071140065,1.0,0.16962930122263414,0.0,10
44,1.0,1.0,0.022727272727272728,0.0,Building_7,6,MASAC,0.7126550078392029,False,0.0,0.0,0.0,0.5324955582618713,47,0,0.0,0.0,-0.0,411720,-0.0,0.0,-0.8084697723388672,0.0,0.0,0.0,0.0,330,3.1234478705432966,0.9330127239227295,0.045974361049858005,0.0,0.0,0.0,-0.8100020885467529,CityLearnV3MADRLRewardFunction,masac_unified_comparable_v4,E2,-0.0,1907,14.659840071140065,1.0,0.16962930122263414,0.0,10
19,1.0,1.0,0.05263157894736842,0.0,Building_8,7,MASAC,0.7126550078392029,False,0.0,0.0,0.0,0.5324955582618713,47,0,0.0,0.0,-0.0,411720,-0.0,0.0,-0.8028320670127869,0.0,0.0,0.0,0.0,155,3.1390765498917776,0.9522910714149475,0.09813445950708082,0.0,0.0,0.0,-0.8100020885467529,CityLearnV3MADRLRewardFunction,masac_unified_comparable_v4,E2,-0.0,1907,14.659840071140065,1.0,0.16962930122263414,0.0,10
12,0.0,0.0,0.0,0.0,Building_9,8,MASAC,0.7126550078392029,False,0.0,0.0,0.0,0.5324955582618713,47,0,0.0,0.0,-0.0,411720,-0.0,0.0,-0.6618787050247192,0.0,0.0,0.0,0.0,106,3.3189608525734227,0.9783581495285034,0.15592534534352007,0.0,0.0,0.0,-0.8100020885467529,CityLearnV3MADRLRewardFunction,masac_unified_comparable_v4,E2,-0.0,1907,14.659840071140065,1.0,0.16962930122263414,0.0,10
8,0.0,0.0,0.0,0.0,Building_10,9,MASAC,0.7126550078392029,False,0.0,0.0,0.0,0.5324955582618713,47,0,0.0,0.0,-0.0,411720,-0.0,0.0,-0.8615257740020752,0.0,0.0,0.0,0.0,78,3.1168094483516375,0.9330127239227295,0.19707694597757205,0.0,0.0,0.0,-0.8100020885467529,CityLearnV3MADRLRewardFunction,masac_unified_comparable_v4,E2,-0.0,1907,14.659840071140065,1.0,0.16962930122263414,0.0,10
5,0.0,0.0,0.0,0.0,Building_11,10,MASAC,0.7126550078392029,False,0.0,0.0,0.0,0.5324955582618713,47,0,0.0,0.0,-0.0,411720,-0.0,0.0,-0.8499908447265625,0.0,0.0,0.0,0.0,57,3.789469245274072,1.0,0.37375590701897937,0.0,0.0,0.0,-0.8100020885467529,CityLearnV3MADRLRewardFunction,masac_unified_comparable_v4,E2,-0.0,1907,14.659840071140065,1.0,0.16962930122263414,0.0,10
5,0.0,0.0,0.0,0.0,Building_12,11,MASAC,0.7126550078392029,False,0.0,0.0,0.0,0.5324955582618713,47,0,0.0,0.0,-0.0,411720,-0.0,0.0,-0.8399970531463623,0.0,0.0,0.0,0.0,57,4.02860229984368,1.0,0.41892805849120285,0.0,0.0,0.0,-0.8100020885467529,CityLearnV3MADRLRewardFunction,masac_unified_comparable_v4,E2,-0.0,1907,14.659840071140065,1.0,0.16962930122263414,0.0,10
13,0.0,0.0,0.0,0.0,Building_13,12,MASAC,0.7126550078392029,False,0.0,0.0,0.0,0.5324955582618713,47,0,0.0,0.0,-0.0,411720,-0.0,0.0,-0.7392699718475342,0.0,0.0,0.0,0.0,113,3.173242651621284,0.9330127239227295,0.1362289992053952,0.0,0.0,0.0,-0.8100020885467529,CityLearnV3MADRLRewardFunction,masac_unified_comparable_v4,E2,-0.0,1907,14.659840071140065,1.0,0.16962930122263414,0.0,10
6,0.0,0.0,0.0,0.0,Building_14,13,MASAC,0.7126550078392029,False,0.0,0.0,0.0,0.5324955582618713,47,0,0.0,0.0,-0.0,411720,-0.0,0.0,-0.6100236177444458,0.0,0.0,0.0,0.0,64,4.135580020919717,1.0,0.3914875634945929,0.0,0.0,0.0,-0.8100020885467529,CityLearnV3MADRLRewardFunction,masac_unified_comparable_v4,E2,-0.0,1907,14.659840071140065,1.0,0.16962930122263414,0.0,10
10,0.0,0.0,0.0,0.0,Building_15,14,MASAC,0.7126550078392029,False,0.0,0.0,0.0,0.5324955582618713,47,0,0.0,0.0,-0.0,411720,-0.0,0.0,-0.816785991191864,0.0,0.0,0.0,0.0,92,3.1209022807520856,0.9605019092559814,0.16525342704161353,0.0,0.0,0.0,-0.8100020885467529,CityLearnV3MADRLRewardFunction,masac_unified_comparable_v4,E2,-0.0,1907,14.659840071140065,1.0,0.16962930122263414,0.0,10
13,0.0,0.0,0.0,0.0,Building_16,15,MASAC,0.7126550078392029,False,0.0,0.0,0.0,0.5324955582618713,47,0,0.0,0.0,-0.0,411720,-0.0,0.0,-0.8592729568481445,0.0,0.0,0.0,0.0,113,3.1132668063933635,0.9330127239227295,0.13376186445223548,0.0,0.0,0.0,-0.8100020885467529,CityLearnV3MADRLRewardFunction,masac_unified_comparable_v4,E2,-0.0,1907,14.659840071140065,1.0,0.16962930122263414,0.0,10
13,0.0,0.0,0.0,0.0,Building_17,16,MASAC,0.7126550078392029,False,0.0,0.0,0.0,0.5324955582618713,47,0,0.0,0.0,-0.0,411720,-0.0,0.0,-0.8459576964378357,0.0,0.0,0.0,0.0,113,3.2334416135650366,0.9330127239227295,0.14257695077531105,0.0,0.0,0.0,-0.8100020885467529,CityLearnV3MADRLRewardFunction,masac_unified_comparable_v4,E2,-0.0,1907,14.659840071140065,1.0,0.16962930122263414,0.0,10
6,0.0,0.0,0.0,0.0,Building_1,0,MASAC,0.7900000214576721,True,0.0,0.0,0.0,0.5324955582618713,47,8749,0.0,0.0,-0.0,420469,0.0,433.45458984375,-0.8064797520637512,230.81263732910156,342.42913818359375,433.45458984375,433.45458984375,64,3.3168554411946687,1.0,0.22313697054050863,0.0,0.0,0.0,-0.7301728129386902,CityLearnV3MADRLRewardFunction,masac_unified_comparable_v4,E2,-0.0,1907,13.868107683075616,1.0,0.12937522346498645,0.0,8759
8,0.0,0.0,0.0,0.0,Building_2,1,MASAC,0.7900000214576721,True,0.0,0.0,0.0,0.5324955582618713,47,8749,0.0,0.0,-0.0,420469,0.0,15.16435432434082,-0.7046098709106445,8.074951171875,11.979840278625488,15.16435432434082,15.16435432434082,78,3.335726448660914,1.0,0.18436863999336195,0.0,0.0,0.0,-0.7301728129386902,CityLearnV3MADRLRewardFunction,masac_unified_comparable_v4,E2,-0.0,1907,13.868107683075616,1.0,0.12937522346498645,0.0,8759
10,0.0,0.0,0.0,0.0,Building_3,2,MASAC,0.7900000214576721,True,0.0,0.0,0.0,0.5324955582618713,47,8749,0.0,0.0,-0.0,420469,0.0,94.53981018066406,-0.805540919303894,50.3420295715332,74.68645477294922,94.53981018066406,94.53981018066406,92,3.3349477622712937,1.0,0.15412914412825005,0.0,0.0,0.0,-0.7301728129386902,CityLearnV3MADRLRewardFunction,masac_unified_comparable_v4,E2,-0.0,1907,13.868107683075616,1.0,0.12937522346498645,0.0,8759
8,0.0,0.0,0.0,0.0,Building_4,3,MASAC,0.7900000214576721,True,0.0,0.0,0.0,0.5324955582618713,47,8749,0.0,0.0,-0.0,420469,0.0,31.04317283630371,-0.7780850529670715,16.530351638793945,24.524106979370117,31.04317283630371,31.04317283630371,78,3.3240444237100344,1.0,0.18115640431642532,0.0,0.0,0.0,-0.7301728129386902,CityLearnV3MADRLRewardFunction,masac_unified_comparable_v4,E2,-0.0,1907,13.868107683075616,1.0,0.12937522346498645,0.0,8759
5,1.0,0.0,-0.2,-1.0,Building_5,4,MASAC,0.7900000214576721,True,-26.318214416503906,0.0,0.0,0.5324955582618713,47,8749,0.0,0.0,-0.0,420469,0.0,12.220756530761719,-0.7470917105674744,6.507498741149902,9.654397964477539,12.220756530761719,38.538970947265625,57,3.5802076405789736,1.0,0.2920777463076407,0.0,0.0,0.0,-0.7301728129386902,CityLearnV3MADRLRewardFunction,masac_unified_comparable_v4,E2,-0.0,1907,13.868107683075616,1.0,0.12937522346498645,0.0,8759
34,0.0,0.0,0.0,0.0,Building_6,5,MASAC,0.7900000214576721,True,0.0,0.0,0.0,0.5324955582618713,47,8749,0.0,0.0,-0.0,420469,0.0,362.8901062011719,-0.8064790964126587,193.23736572265625,286.6831970214844,362.8901062011719,362.8901062011719,260,3.3320564486492215,1.0,0.05440126376656385,0.0,0.0,0.0,-0.7301728129386902,CityLearnV3MADRLRewardFunction,masac_unified_comparable_v4,E2,-0.0,1907,13.868107683075616,1.0,0.12937522346498645,0.0,8759
44,0.0,0.0,0.0,0.0,Building_7,6,MASAC,0.7900000214576721,True,0.0,0.0,0.0,0.5324955582618713,47,8749,0.0,0.0,-0.0,420469,0.0,12.664111137390137,-0.6845492720603943,6.743582725524902,10.004648208618164,12.664111137390137,12.664111137390137,330,3.3275230146567805,1.0,0.04318929754874923,0.0,0.0,0.0,-0.7301728129386902,CityLearnV3MADRLRewardFunction,masac_unified_comparable_v4,E2,-0.0,1907,13.868107683075616,1.0,0.12937522346498645,0.0,8759
19,0.0,0.0,0.0,0.0,Building_8,7,MASAC,0.7900000214576721,True,0.0,0.0,0.0,0.5324955582618713,47,8749,0.0,0.0,-0.0,420469,0.0,12.065996170043945,-0.6790039539337158,6.425089359283447,9.532136917114258,12.065996170043945,12.065996170043945,155,3.3276633305525443,1.0,0.09208114002981493,0.0,0.0,0.0,-0.7301728129386902,CityLearnV3MADRLRewardFunction,masac_unified_comparable_v4,E2,-0.0,1907,13.868107683075616,1.0,0.12937522346498645,0.0,8759
12,0.0,0.0,0.0,0.0,Building_9,8,MASAC,0.7900000214576721,True,0.0,0.0,0.0,0.5324955582618713,47,8749,0.0,0.0,-0.0,420469,0.0,2.290161371231079,-0.557315468788147,1.2195007801055908,1.8092275857925415,2.290161371231079,2.290161371231079,106,3.639741316383393,1.0,0.15712639731618594,0.0,0.0,0.0,-0.7301728129386902,CityLearnV3MADRLRewardFunction,masac_unified_comparable_v4,E2,-0.0,1907,13.868107683075616,1.0,0.12937522346498645,0.0,8759
8,0.0,0.0,0.0,0.0,Building_10,9,MASAC,0.7900000214576721,True,0.0,0.0,0.0,0.5324955582618713,47,8749,0.0,0.0,-0.0,420469,0.0,51.649574279785156,-0.8007564544677734,27.5031681060791,40.803165435791016,51.649574279785156,51.649574279785156,78,3.3884853804241017,1.0,0.1864187688781665,0.0,0.0,0.0,-0.7301728129386902,CityLearnV3MADRLRewardFunction,masac_unified_comparable_v4,E2,-0.0,1907,13.868107683075616,1.0,0.12937522346498645,0.0,8759
5,0.0,0.0,0.0,0.0,Building_11,10,MASAC,0.7900000214576721,True,0.0,0.0,0.0,0.5324955582618713,47,8749,0.0,0.0,-0.0,420469,0.0,71.54803466796875,-0.8037018179893494,38.0990104675293,56.52294921875,71.54803466796875,71.54803466796875,57,3.3074002732998027,1.0,0.24722001538203472,0.0,0.0,0.0,-0.7301728129386902,CityLearnV3MADRLRewardFunction,masac_unified_comparable_v4,E2,-0.0,1907,13.868107683075616,1.0,0.12937522346498645,0.0,8759
5,0.0,0.0,0.0,0.0,Building_12,11,MASAC,0.7900000214576721,True,0.0,0.0,0.0,0.5324955582618713,47,8749,0.0,0.0,-0.0,420469,0.0,215.11593627929688,-0.8063544631004333,114.54827880859375,169.94158935546875,215.11593627929688,215.11593627929688,57,3.309837621535973,1.0,0.2511335070195951,0.0,0.0,0.0,-0.7301728129386902,CityLearnV3MADRLRewardFunction,masac_unified_comparable_v4,E2,-0.0,1907,13.868107683075616,1.0,0.12937522346498645,0.0,8759
13,1.0,1.0,0.07692307692307693,0.0,Building_13,12,MASAC,0.7900000214576721,True,0.0,0.0,0.0,0.5324955582618713,47,8749,0.0,0.0,-0.0,420469,0.0,2.033022403717041,-0.5716163516044617,1.0825754404067993,1.6060876846313477,2.033022403717041,2.033022403717041,113,3.410883724379943,1.0,0.12811473473510912,0.0,0.0,0.0,-0.7301728129386902,CityLearnV3MADRLRewardFunction,masac_unified_comparable_v4,E2,-0.0,1907,13.868107683075616,1.0,0.12937522346498645,0.0,8759
6,0.0,0.0,0.0,0.0,Building_14,13,MASAC,0.7900000214576721,True,0.0,0.0,0.0,0.5324955582618713,47,8749,0.0,0.0,-0.0,420469,0.0,2.6149511337280273,-0.578511655330658,1.3924498558044434,2.0658113956451416,2.6149511337280273,2.6149511337280273,64,3.2601526507867202,1.0,0.21474714274518192,0.0,0.0,0.0,-0.7301728129386902,CityLearnV3MADRLRewardFunction,masac_unified_comparable_v4,E2,-0.0,1907,13.868107683075616,1.0,0.12937522346498645,0.0,8759
10,1.0,1.0,0.1,0.0,Building_15,14,MASAC,0.7900000214576721,True,0.0,0.0,0.0,0.5324955582618713,47,8749,0.0,0.0,-0.0,420469,0.0,19.521480560302734,-0.7338374257087708,10.395101547241211,15.42197036743164,19.521480560302734,19.521480560302734,92,3.4592966959153846,1.0,0.16353045646911082,0.0,0.0,0.0,-0.7301728129386902,CityLearnV3MADRLRewardFunction,masac_unified_comparable_v4,E2,-0.0,1907,13.868107683075616,1.0,0.12937522346498645,0.0,8759
13,0.0,0.0,0.0,0.0,Building_16,15,MASAC,0.7900000214576721,True,0.0,0.0,0.0,0.5324955582618713,47,8749,0.0,0.0,-0.0,420469,0.0,54.89390563964844,-0.8004160523414612,29.23076057434082,43.366188049316406,54.89390563964844,54.89390563964844,113,3.2423854250312885,1.0,0.12151716590191411,0.0,0.0,0.0,-0.7301728129386902,CityLearnV3MADRLRewardFunction,masac_unified_comparable_v4,E2,-0.0,1907,13.868107683075616,1.0,0.12937522346498645,0.0,8759
13,0.0,0.0,0.0,0.0,Building_17,16,MASAC,0.7900000214576721,True,0.0,0.0,0.0,0.5324955582618713,47,8749,0.0,0.0,-0.0,420469,0.0,22.46647071838379,-0.7485890984535217,11.963295936584473,17.748512268066406,22.46647071838379,22.46647071838379,113,3.2546014544662536,1.0,0.12238857110517215,0.0,0.0,0.0,-0.7301728129386902,CityLearnV3MADRLRewardFunction,masac_unified_comparable_v4,E2,-0.0,1907,13.868107683075616,1.0,0.12937522346498645,0.0,8759
6,0.0,0.0,0.0,0.0,Building_1,0,MASAC,0.7063130140304565,False,0.0,0.0,0.0,0.5324955582618713,48,0,0.0,0.0,-0.0,420480,-0.0,0.0,-0.9122511148452759,0.0,0.0,0.0,0.0,64,3.0817274594525403,1.0,0.23398341209394857,0.0,-0.0,387.1050535354614,-0.8811261057853699,CityLearnV3MADRLRewardFunction,masac_unified_comparable_v4,E2,-387.1050535354614,1907,14.694384237888142,1.0,0.1682225566732931,0.0,11
8,1.0,1.0,0.125,0.0,Building_2,1,MASAC,0.7063130140304565,False,0.0,0.0,0.0,0.5324955582618713,48,0,0.0,0.0,-0.0,420480,-0.0,0.0,-0.8652359247207642,0.0,0.0,0.0,0.0,78,3.0878296655004696,1.0,0.18710125075318876,0.0,-0.0,221.7464208984375,-0.8811261057853699,CityLearnV3MADRLRewardFunction,masac_unified_comparable_v4,E2,-221.7464208984375,1907,14.694384237888142,1.0,0.1682225566732931,0.0,11
10,1.0,1.0,0.1,0.0,Building_3,2,MASAC,0.7063130140304565,False,0.0,0.0,0.0,0.5324955582618713,48,0,0.0,0.0,-0.0,420480,-0.0,0.0,-0.9860917329788208,0.0,0.0,0.0,0.0,92,4.229883018002967,1.0,0.2800431510676508,0.0,-0.0,162.44882873535155,-0.8811261057853699,CityLearnV3MADRLRewardFunction,masac_unified_comparable_v4,E2,-162.44882873535155,1907,14.694384237888142,1.0,0.1682225566732931,0.0,11
8,0.0,0.0,0.0,0.0,Building_4,3,MASAC,0.7063130140304565,False,0.0,0.0,0.0,0.5324955582618713,48,0,0.0,0.0,-0.0,420480,-0.0,0.0,-0.9116842150688171,0.0,0.0,0.0,0.0,78,3.8792376123272834,1.0,0.28420644941238254,0.0,-0.0,68.90947340087891,-0.8811261057853699,CityLearnV3MADRLRewardFunction,masac_unified_comparable_v4,E2,-68.90947340087891,1907,14.694384237888142,1.0,0.1682225566732931,0.0,11
5,0.0,0.0,0.0,0.0,Building_5,4,MASAC,0.7063130140304565,False,0.0,0.0,0.0,0.5324955582618713,48,0,0.0,0.0,-0.0,420480,-0.0,0.0,-0.9128792881965637,0.0,0.0,0.0,0.0,57,3.4252774112256854,1.0,0.311380292370654,0.0,-0.0,28.555298928070073,-0.8811261057853699,CityLearnV3MADRLRewardFunction,masac_unified_comparable_v4,E2,-28.555298928070073,1907,14.694384237888142,1.0,0.1682225566732931,0.0,11
34,0.0,0.0,0.0,0.0,Building_6,5,MASAC,0.7063130140304565,False,0.0,0.0,0.0,0.5324955582618713,48,0,0.0,0.0,-0.0,420480,-0.0,0.0,-0.8640214800834656,0.0,0.0,0.0,0.0,260,5.428585286809541,1.0,0.1555725327764566,0.0,-0.0,574.7567018722533,-0.8811261057853699,CityLearnV3MADRLRewardFunction,masac_unified_comparable_v4,E2,-574.7567018722533,1907,14.694384237888142,1.0,0.1682225566732931,0.0,11
44,0.0,0.0,0.0,0.0,Building_7,6,MASAC,0.7063130140304565,False,0.0,0.0,0.0,0.5324955582618713,48,0,0.0,0.0,-0.0,420480,-0.0,0.0,-0.9060585498809814,0.0,0.0,0.0,0.0,330,3.047938081925128,1.0,0.043795651716716365,0.0,-0.0,219.98439057540892,-0.8811261057853699,CityLearnV3MADRLRewardFunction,masac_unified_comparable_v4,E2,-219.98439057540892,1907,14.694384237888142,1.0,0.1682225566732931,0.0,11
19,0.0,0.0,0.0,0.0,Building_8,7,MASAC,0.7063130140304565,False,0.0,0.0,0.0,0.5324955582618713,48,0,0.0,0.0,-0.0,420480,-0.0,0.0,-0.8851327896118164,0.0,0.0,0.0,0.0,155,3.125245999939293,1.0,0.09565702040169027,0.0,-0.0,585.336600744629,-0.8811261057853699,CityLearnV3MADRLRewardFunction,masac_unified_comparable_v4,E2,-585.336600744629,1907,14.694384237888142,1.0,0.1682225566732931,0.0,11
12,0.0,0.0,0.0,0.0,Building_9,8,MASAC,0.7063130140304565,False,0.0,0.0,0.0,0.5324955582618713,48,0,0.0,0.0,-0.0,420480,-0.0,0.0,-0.7273532152175903,0.0,0.0,0.0,0.0,106,3.2201049075579986,1.0,0.14689356875869464,0.0,-0.0,120.84258842544554,-0.8811261057853699,CityLearnV3MADRLRewardFunction,masac_unified_comparable_v4,E2,-120.84258842544554,1907,14.694384237888142,1.0,0.1682225566732931,0.0,11
8,0.0,0.0,0.0,0.0,Building_10,9,MASAC,0.7063130140304565,False,0.0,0.0,0.0,0.5324955582618713,48,0,0.0,0.0,-0.0,420480,-0.0,0.0,-0.9121765494346619,0.0,0.0,0.0,0.0,78,3.130399420979227,1.0,0.19405480751242393,0.0,-0.0,395.46037368392945,-0.8811261057853699,CityLearnV3MADRLRewardFunction,masac_unified_comparable_v4,E2,-395.46037368392945,1907,14.694384237888142,1.0,0.1682225566732931,0.0,11
5,0.0,0.0,0.0,0.0,Building_11,10,MASAC,0.7063130140304565,False,0.0,0.0,0.0,0.5324955582618713,48,0,0.0,0.0,-0.0,420480,-0.0,0.0,-0.899712324142456,0.0,0.0,0.0,0.0,57,3.731343967405052,1.0,0.3591712370776294,0.0,-0.0,1171.8943623680116,-0.8811261057853699,CityLearnV3MADRLRewardFunction,masac_unified_comparable_v4,E2,-1171.8943623680116,1907,14.694384237888142,1.0,0.1682225566732931,0.0,11
5,1.0,0.0,-0.2,-1.0,Building_12,11,MASAC,0.7063130140304565,False,0.0,0.0,0.0,0.5324955582618713,48,0,0.0,0.0,-0.0,420480,-0.0,0.0,-0.8700202107429504,0.0,0.0,0.0,0.0,57,3.97969084311959,1.0,0.40520563028883516,0.0,-0.0,506.2779929351807,-0.8811261057853699,CityLearnV3MADRLRewardFunction,masac_unified_comparable_v4,E2,-506.2779929351807,1907,14.694384237888142,1.0,0.1682225566732931,0.0,11
13,0.0,0.0,0.0,0.0,Building_13,12,MASAC,0.7063130140304565,False,0.0,0.0,0.0,0.5324955582618713,48,0,0.0,0.0,-0.0,420480,-0.0,0.0,-0.8305561542510986,0.0,0.0,0.0,0.0,113,3.077033831282508,1.0,0.12834834096442282,0.0,-0.0,74.1133517791748,-0.8811261057853699,CityLearnV3MADRLRewardFunction,masac_unified_comparable_v4,E2,-74.1133517791748,1907,14.694384237888142,1.0,0.1682225566732931,0.0,11
6,0.0,0.0,0.0,0.0,Building_14,13,MASAC,0.7063130140304565,False,0.0,0.0,0.0,0.5324955582618713,48,0,0.0,0.0,-0.0,420480,-0.0,0.0,-0.7878507971763611,0.0,0.0,0.0,0.0,64,3.8564522820280387,1.0,0.33965527976397425,0.0,-0.0,493.4720772193908,-0.8811261057853699,CityLearnV3MADRLRewardFunction,masac_unified_comparable_v4,E2,-493.4720772193908,1907,14.694384237888142,1.0,0.1682225566732931,0.0,11
10,0.0,0.0,0.0,0.0,Building_15,14,MASAC,0.7063130140304565,False,0.0,0.0,0.0,0.5324955582618713,48,0,0.0,0.0,-0.0,420480,-0.0,0.0,-0.8981430530548096,0.0,0.0,0.0,0.0,92,3.165402278641008,1.0,0.16848672497207703,0.0,-0.0,271.2505683425903,-0.8811261057853699,CityLearnV3MADRLRewardFunction,masac_unified_comparable_v4,E2,-271.2505683425903,1907,14.694384237888142,1.0,0.1682225566732931,0.0,11
13,0.0,0.0,0.0,0.0,Building_16,15,MASAC,0.7063130140304565,False,0.0,0.0,0.0,0.5324955582618713,48,0,0.0,0.0,-0.0,420480,-0.0,0.0,-0.9092484712600708,0.0,0.0,0.0,0.0,113,3.058135378176181,1.0,0.12786172205104238,0.0,-0.0,282.38809242553714,-0.8811261057853699,CityLearnV3MADRLRewardFunction,masac_unified_comparable_v4,E2,-282.38809242553714,1907,14.694384237888142,1.0,0.1682225566732931,0.0,11
13,1.0,1.0,0.07692307692307693,0.0,Building_17,16,MASAC,0.7063130140304565,False,0.0,0.0,0.0,0.5324955582618713,48,0,0.0,0.0,-0.0,420480,-0.0,0.0,-0.9007289409637451,0.0,0.0,0.0,0.0,113,3.170485190499626,1.0,0.13589061803258626,0.0,-0.0,44.20090156173706,-0.8811261057853699,CityLearnV3MADRLRewardFunction,masac_unified_comparable_v4,E2,-44.20090156173706,1907,14.694384237888142,1.0,0.1682225566732931,0.0,11
6,0.0,0.0,0.0,0.0,Building_1,0,MASAC,0.7900000214576721,True,0.0,0.0,0.0,0.5324955582618713,48,8748,0.0,0.0,-0.0,429228,0.0,446.8856201171875,-0.8159615993499756,237.96461486816406,353.0396423339844,446.8856201171875,446.8856201171875,64,3.503198034045723,1.0,0.24707943806424737,0.0,0.0,0.0,-0.7438695430755615,CityLearnV3MADRLRewardFunction,masac_unified_comparable_v4,E2,-0.0,1907,14.55840821040244,1.0,0.14221535587520204,0.0,8759
8,0.0,0.0,0.0,0.0,Building_2,1,MASAC,0.7900000214576721,True,0.0,0.0,0.0,0.5324955582618713,48,8748,0.0,0.0,-0.0,429228,0.0,5.618855953216553,-0.6231940388679504,2.992015838623047,4.438896179199219,5.618855953216553,5.618855953216553,78,3.5968274207411803,1.0,0.205237213235635,0.0,0.0,0.0,-0.7438695430755615,CityLearnV3MADRLRewardFunction,masac_unified_comparable_v4,E2,-0.0,1907,14.55840821040244,1.0,0.14221535587520204,0.0,8759
10,1.0,1.0,0.1,0.0,Building_3,2,MASAC,0.7900000214576721,True,0.0,0.0,0.0,0.5324955582618713,48,8748,0.0,0.0,-0.0,429228,0.0,98.17061614990234,-0.81495201587677,52.27541732788086,77.5547866821289,98.17061614990234,98.17061614990234,92,3.484918664702777,1.0,0.169278835148915,0.0,0.0,0.0,-0.7438695430755615,CityLearnV3MADRLRewardFunction,masac_unified_comparable_v4,E2,-0.0,1907,14.55840821040244,1.0,0.14221535587520204,0.0,8759
8,0.0,0.0,0.0,0.0,Building_4,3,MASAC,0.7900000214576721,True,0.0,0.0,0.0,0.5324955582618713,48,8748,0.0,0.0,-0.0,429228,0.0,28.84416961669922,-0.7808142900466919,15.359392166137695,22.786893844604492,28.84416961669922,28.84416961669922,78,3.3684366472161575,1.0,0.19059761460774985,0.0,0.0,0.0,-0.7438695430755615,CityLearnV3MADRLRewardFunction,masac_unified_comparable_v4,E2,-0.0,1907,14.55840821040244,1.0,0.14221535587520204,0.0,8759
5,0.0,0.0,0.0,0.0,Building_5,4,MASAC,0.7900000214576721,True,0.0,0.0,0.0,0.5324955582618713,48,8748,0.0,0.0,-0.0,429228,0.0,37.89287567138672,-0.8349809050559998,20.17778778076172,29.935373306274414,37.89287567138672,37.89287567138672,57,3.6090994948325363,1.0,0.3043050371241151,0.0,0.0,0.0,-0.7438695430755615,CityLearnV3MADRLRewardFunction,masac_unified_comparable_v4,E2,-0.0,1907,14.55840821040244,1.0,0.14221535587520204,0.0,8759
34,1.0,1.0,0.029411764705882353,0.0,Building_6,5,MASAC,0.7900000214576721,True,0.0,0.0,0.0,0.5324955582618713,48,8748,0.0,0.0,-0.0,429228,0.0,350.8894348144531,-0.8159602880477905,186.84706115722656,277.2026672363281,350.8894348144531,350.8894348144531,260,3.5008416970647995,1.0,0.06002130302099081,0.0,0.0,0.0,-0.7438695430755615,CityLearnV3MADRLRewardFunction,masac_unified_comparable_v4,E2,-0.0,1907,14.55840821040244,1.0,0.14221535587520204,0.0,8759
44,1.0,1.0,0.022727272727272728,0.0,Building_7,6,MASAC,0.7900000214576721,True,0.0,0.0,0.0,0.5324955582618713,48,8748,0.0,0.0,-0.0,429228,0.0,18.66022491455078,-0.7380802631378174,9.936487197875977,14.741578102111816,18.66022491455078,18.66022491455078,330,3.5281781022666143,1.0,0.048251352436614756,0.0,0.0,0.0,-0.7438695430755615,CityLearnV3MADRLRewardFunction,masac_unified_comparable_v4,E2,-0.0,1907,14.55840821040244,1.0,0.14221535587520204,0.0,8759
19,0.0,0.0,0.0,0.0,Building_8,7,MASAC,0.7900000214576721,True,0.0,0.0,0.0,0.5324955582618713,48,8748,0.0,0.0,-0.0,429228,0.0,19.251495361328125,-0.741044282913208,10.251336097717285,15.2086820602417,19.251495361328125,19.251495361328125,155,3.5926294150543114,1.0,0.10472799347292992,0.0,0.0,0.0,-0.7438695430755615,CityLearnV3MADRLRewardFunction,masac_unified_comparable_v4,E2,-0.0,1907,14.55840821040244,1.0,0.14221535587520204,0.0,8759
12,0.0,0.0,0.0,0.0,Building_9,8,MASAC,0.7900000214576721,True,0.0,0.0,0.0,0.5324955582618713,48,8748,0.0,0.0,-0.0,429228,0.0,2.4506425857543945,-0.5686236023902893,1.304956316947937,1.9360077381134033,2.4506425857543945,2.4506425857543945,106,3.6947731225009033,1.0,0.16644478308142358,0.0,0.0,0.0,-0.7438695430755615,CityLearnV3MADRLRewardFunction,masac_unified_comparable_v4,E2,-0.0,1907,14.55840821040244,1.0,0.14221535587520204,0.0,8759
8,0.0,0.0,0.0,0.0,Building_10,9,MASAC,0.7900000214576721,True,0.0,0.0,0.0,0.5324955582618713,48,8748,0.0,0.0,-0.0,429228,0.0,34.33414077758789,-0.7938063740730286,18.282777786254883,27.123971939086914,34.33414077758789,34.33414077758789,78,3.4732798880664295,1.0,0.19958962509647393,0.0,0.0,0.0,-0.7438695430755615,CityLearnV3MADRLRewardFunction,masac_unified_comparable_v4,E2,-0.0,1907,14.55840821040244,1.0,0.14221535587520204,0.0,8759
5,0.0,0.0,0.0,0.0,Building_11,10,MASAC,0.7900000214576721,True,0.0,0.0,0.0,0.5324955582618713,48,8748,0.0,0.0,-0.0,429228,0.0,57.917564392089844,-0.8121595978736877,30.840845108032227,45.754878997802734,57.917564392089844,57.917564392089844,57,3.5642241649750175,1.0,0.2787056946963595,0.0,0.0,0.0,-0.7438695430755615,CityLearnV3MADRLRewardFunction,masac_unified_comparable_v4,E2,-0.0,1907,14.55840821040244,1.0,0.14221535587520204,0.0,8759
5,0.0,0.0,0.0,0.0,Building_12,11,MASAC,0.7900000214576721,True,0.0,0.0,0.0,0.5324955582618713,48,8748,0.0,0.0,-0.0,429228,0.0,182.6020965576172,-0.815839409828186,97.23480224609375,144.2556610107422,182.6020965576172,182.6020965576172,57,3.5043295341895893,1.0,0.27447063567345603,0.0,0.0,0.0,-0.7438695430755615,CityLearnV3MADRLRewardFunction,masac_unified_comparable_v4,E2,-0.0,1907,14.55840821040244,1.0,0.14221535587520204,0.0,8759
13,0.0,0.0,0.0,0.0,Building_13,12,MASAC,0.7900000214576721,True,0.0,0.0,0.0,0.5324955582618713,48,8748,0.0,0.0,-0.0,429228,0.0,2.789367437362671,-0.5901551246643066,1.485325813293457,2.2036004066467285,2.789367437362671,2.789367437362671,113,3.5508036012604913,1.0,0.14019193744237443,0.0,0.0,0.0,-0.7438695430755615,CityLearnV3MADRLRewardFunction,masac_unified_comparable_v4,E2,-0.0,1907,14.55840821040244,1.0,0.14221535587520204,0.0,8759
6,0.0,0.0,0.0,0.0,Building_14,13,MASAC,0.7900000214576721,True,0.0,0.0,0.0,0.5324955582618713,48,8748,0.0,0.0,-0.0,429228,0.0,2.485826015472412,-0.5865392684936523,1.3236913681030273,1.9638025760650635,2.485826015472412,2.485826015472412,64,3.555385296499883,1.0,0.24754215124994516,0.0,0.0,0.0,-0.7438695430755615,CityLearnV3MADRLRewardFunction,masac_unified_comparable_v4,E2,-0.0,1907,14.55840821040244,1.0,0.14221535587520204,0.0,8759
10,0.0,0.0,0.0,0.0,Building_15,14,MASAC,0.7900000214576721,True,0.0,0.0,0.0,0.5324955582618713,48,8748,0.0,0.0,-0.0,429228,0.0,20.5941162109375,-0.7492671012878418,10.966275215148926,16.269351959228516,20.5941162109375,20.5941162109375,92,3.637176063694808,1.0,0.18009083588486133,0.0,0.0,0.0,-0.7438695430755615,CityLearnV3MADRLRewardFunction,masac_unified_comparable_v4,E2,-0.0,1907,14.55840821040244,1.0,0.14221535587520204,0.0,8759
13,0.0,0.0,0.0,0.0,Building_16,15,MASAC,0.7900000214576721,True,0.0,0.0,0.0,0.5324955582618713,48,8748,0.0,0.0,-0.0,429228,0.0,103.13050842285156,-0.8126145601272583,54.91653823852539,81.47310638427734,103.13050842285156,103.13050842285156,113,3.418396395129087,1.0,0.1357604223015034,0.0,0.0,0.0,-0.7438695430755615,CityLearnV3MADRLRewardFunction,masac_unified_comparable_v4,E2,-0.0,1907,14.55840821040244,1.0,0.14221535587520204,0.0,8759
13,0.0,0.0,0.0,0.0,Building_17,16,MASAC,0.7900000214576721,True,0.0,0.0,0.0,0.5324955582618713,48,8748,0.0,0.0,-0.0,429228,0.0,21.1981143951416,-0.7517886757850647,11.287901878356934,16.746511459350586,21.1981143951416,21.1981143951416,113,3.42748422081165,1.0,0.13717043531679474,0.0,0.0,0.0,-0.7438695430755615,CityLearnV3MADRLRewardFunction,masac_unified_comparable_v4,E2,-0.0,1907,14.55840821040244,1.0,0.14221535587520204,0.0,8759
6,0.0,0.0,0.0,0.0,Building_1,0,MASAC,0.7188270092010498,False,0.0,0.0,0.0,0.5324955582618713,49,0,0.0,0.0,-0.0,429240,-0.0,0.0,-0.5586344599723816,0.0,0.0,0.0,0.0,64,2.9123046425824435,1.0,0.2360532257007435,0.0,-0.0,281.3193577285766,-0.3909713625907898,CityLearnV3MADRLRewardFunction,masac_unified_comparable_v4,E2,-281.3193577285766,1907,14.649572281098388,1.0,0.17834218491042667,0.0,12
8,1.0,1.0,0.125,0.0,Building_2,1,MASAC,0.7188270092010498,False,0.0,0.0,0.0,0.5324955582618713,49,0,0.0,0.0,-0.0,429240,-0.0,0.0,-0.29279929399490356,0.0,0.0,0.0,0.0,78,2.9957498759886163,1.0,0.19454099925664756,0.0,-0.0,161.202275390625,-0.3909713625907898,CityLearnV3MADRLRewardFunction,masac_unified_comparable_v4,E2,-161.202275390625,1907,14.649572281098388,1.0,0.17834218491042667,0.0,12
10,0.0,0.0,0.0,0.0,Building_3,2,MASAC,0.7188270092010498,False,0.0,0.0,0.0,0.5324955582618713,49,0,0.0,0.0,-0.0,429240,-0.0,0.0,-0.5119519233703613,0.0,0.0,0.0,0.0,92,4.073360309336583,1.0,0.27307114523390064,0.0,-0.0,117.0440712463379,-0.3909713625907898,CityLearnV3MADRLRewardFunction,masac_unified_comparable_v4,E2,-117.0440712463379,1907,14.649572281098388,1.0,0.17834218491042667,0.0,12
8,1.0,1.0,0.125,0.0,Building_4,3,MASAC,0.7188270092010498,False,0.0,0.0,0.0,0.5324955582618713,49,0,0.0,0.0,-0.0,429240,-0.0,0.0,-0.5286007523536682,0.0,0.0,0.0,0.0,78,3.9352216735468377,1.0,0.3010008746328262,0.0,-0.0,49.95818312835694,-0.3909713625907898,CityLearnV3MADRLRewardFunction,masac_unified_comparable_v4,E2,-49.95818312835694,1907,14.649572281098388,1.0,0.17834218491042667,0.0,12
5,0.0,0.0,0.0,0.0,Building_5,4,MASAC,0.7188270092010498,False,0.0,0.0,0.0,0.5324955582618713,49,0,0.0,0.0,-0.0,429240,-0.0,0.0,-0.5602174997329712,0.0,0.0,0.0,0.0,57,3.283455464970795,1.0,0.3116958258314091,0.0,-0.0,20.194439627075198,-0.3909713625907898,CityLearnV3MADRLRewardFunction,masac_unified_comparable_v4,E2,-20.194439627075198,1907,14.649572281098388,1.0,0.17834218491042667,0.0,12
34,1.0,1.0,0.029411764705882353,0.0,Building_6,5,MASAC,0.7188270092010498,False,0.0,0.0,0.0,0.5324955582618713,49,0,0.0,0.0,-0.0,429240,-0.0,0.0,-0.5107043385505676,0.0,0.0,0.0,0.0,260,6.057072328249122,1.0,0.19468801746574732,0.0,-0.0,418.8608566184997,-0.3909713625907898,CityLearnV3MADRLRewardFunction,masac_unified_comparable_v4,E2,-418.8608566184997,1907,14.649572281098388,1.0,0.17834218491042667,0.0,12
44,0.0,0.0,0.0,0.0,Building_7,6,MASAC,0.7188270092010498,False,0.0,0.0,0.0,0.5324955582618713,49,0,0.0,0.0,-0.0,429240,-0.0,0.0,-0.2932252883911133,0.0,0.0,0.0,0.0,330,2.97572657725828,1.0,0.0457902563114961,0.0,-0.0,158.35109836349488,-0.3909713625907898,CityLearnV3MADRLRewardFunction,masac_unified_comparable_v4,E2,-158.35109836349488,1907,14.649572281098388,1.0,0.17834218491042667,0.0,12
19,0.0,0.0,0.0,0.0,Building_8,7,MASAC,0.7188270092010498,False,0.0,0.0,0.0,0.5324955582618713,49,0,0.0,0.0,-0.0,429240,-0.0,0.0,-0.2918189465999603,0.0,0.0,0.0,0.0,155,2.990253177451118,1.0,0.09829285788920618,0.0,-0.0,426.6160990707398,-0.3909713625907898,CityLearnV3MADRLRewardFunction,masac_unified_comparable_v4,E2,-426.6160990707398,1907,14.649572281098388,1.0,0.17834218491042667,0.0,12
12,0.0,0.0,0.0,0.0,Building_9,8,MASAC,0.7188270092010498,False,0.0,0.0,0.0,0.5324955582618713,49,0,0.0,0.0,-0.0,429240,-0.0,0.0,-0.29744139313697815,0.0,0.0,0.0,0.0,106,3.6612300427598297,1.0,0.19257339677017815,0.0,-0.0,86.79035798797607,-0.3909713625907898,CityLearnV3MADRLRewardFunction,masac_unified_comparable_v4,E2,-86.79035798797607,1907,14.649572281098388,1.0,0.17834218491042667,0.0,12
8,0.0,0.0,0.0,0.0,Building_10,9,MASAC,0.7188270092010498,False,0.0,0.0,0.0,0.5324955582618713,49,0,0.0,0.0,-0.0,429240,-0.0,0.0,-0.292050838470459,0.0,0.0,0.0,0.0,78,2.911164358296262,1.0,0.18976492778613016,0.0,-0.0,287.44305163421626,-0.3909713625907898,CityLearnV3MADRLRewardFunction,masac_unified_comparable_v4,E2,-287.44305163421626,1907,14.649572281098388,1.0,0.17834218491042667,0.0,12
5,0.0,0.0,0.0,0.0,Building_11,10,MASAC,0.7188270092010498,False,0.0,0.0,0.0,0.5324955582618713,49,0,0.0,0.0,-0.0,429240,-0.0,0.0,-0.27668526768684387,0.0,0.0,0.0,0.0,57,3.6115211574427875,1.0,0.3644312455465919,0.0,-0.0,849.3286675941469,-0.3909713625907898,CityLearnV3MADRLRewardFunction,masac_unified_comparable_v4,E2,-849.3286675941469,1907,14.649572281098388,1.0,0.17834218491042667,0.0,12
5,0.0,0.0,0.0,0.0,Building_12,11,MASAC,0.7188270092010498,False,0.0,0.0,0.0,0.5324955582618713,49,0,0.0,0.0,-0.0,429240,-0.0,0.0,-0.5343162417411804,0.0,0.0,0.0,0.0,57,3.872956588976366,1.0,0.40968403311675056,0.0,-0.0,368.6661890220642,-0.3909713625907898,CityLearnV3MADRLRewardFunction,masac_unified_comparable_v4,E2,-368.6661890220642,1907,14.649572281098388,1.0,0.17834218491042667,0.0,12
13,1.0,1.0,0.07692307692307693,0.0,Building_13,12,MASAC,0.7188270092010498,False,0.0,0.0,0.0,0.5324955582618713,49,0,0.0,0.0,-0.0,429240,-0.0,0.0,-0.2985858619213104,0.0,0.0,0.0,0.0,113,2.981155047581882,1.0,0.1338754948723105,0.0,-0.0,53.42622730865478,-0.3909713625907898,CityLearnV3MADRLRewardFunction,masac_unified_comparable_v4,E2,-53.42622730865478,1907,14.649572281098388,1.0,0.17834218491042667,0.0,12
6,0.0,0.0,0.0,0.0,Building_14,13,MASAC,0.7188270092010498,False,0.0,0.0,0.0,0.5324955582618713,49,0,0.0,0.0,-0.0,429240,-0.0,0.0,-0.2979106605052948,0.0,0.0,0.0,0.0,64,3.7723710987700723,1.0,0.34804241289384663,0.0,-0.0,359.2798086639404,-0.3909713625907898,CityLearnV3MADRLRewardFunction,masac_unified_comparable_v4,E2,-359.2798086639404,1907,14.649572281098388,1.0,0.17834218491042667,0.0,12
10,0.0,0.0,0.0,0.0,Building_15,14,MASAC,0.7188270092010498,False,0.0,0.0,0.0,0.5324955582618713,49,0,0.0,0.0,-0.0,429240,-0.0,0.0,-0.292428582906723,0.0,0.0,0.0,0.0,92,2.9964776886000433,1.0,0.16558215536339127,0.0,-0.0,196.41248104400637,-0.3909713625907898,CityLearnV3MADRLRewardFunction,masac_unified_comparable_v4,E2,-196.41248104400637,1907,14.649572281098388,1.0,0.17834218491042667,0.0,12
13,1.0,1.0,0.07692307692307693,0.0,Building_16,15,MASAC,0.7188270092010498,False,0.0,0.0,0.0,0.5324955582618713,49,0,0.0,0.0,-0.0,429240,-0.0,0.0,-0.2950335741043091,0.0,0.0,0.0,0.0,113,2.9362057823620793,1.0,0.1320635075062777,0.0,-0.0,204.57459415283205,-0.3909713625907898,CityLearnV3MADRLRewardFunction,masac_unified_comparable_v4,E2,-204.57459415283205,1907,14.649572281098388,1.0,0.17834218491042667,0.0,12
13,1.0,1.0,0.07692307692307693,0.0,Building_17,16,MASAC,0.7188270092010498,False,0.0,0.0,0.0,0.5324955582618713,49,0,0.0,0.0,-0.0,429240,-0.0,0.0,-0.5141075849533081,0.0,0.0,0.0,0.0,113,3.0280881119725027,1.0,0.13793105477121023,0.0,-0.0,32.02519646301269,-0.3909713625907898,CityLearnV3MADRLRewardFunction,masac_unified_comparable_v4,E2,-32.02519646301269,1907,14.649572281098388,1.0,0.17834218491042667,0.0,12
6,0.0,0.0,0.0,0.0,Building_1,0,MASAC,0.7900000214576721,True,0.0,0.0,0.0,0.5324955582618713,49,8747,0.0,0.0,-0.0,437987,0.0,391.586669921875,-0.737041175365448,208.51815795898438,309.3534851074219,391.586669921875,391.586669921875,64,3.436582663551108,1.0,0.23313615936785936,0.0,0.0,0.0,-0.6310113668441772,CityLearnV3MADRLRewardFunction,masac_unified_comparable_v4,E2,-0.0,1907,14.253112000059469,1.0,0.13446307061196125,0.0,8759
8,0.0,0.0,0.0,0.0,Building_2,1,MASAC,0.7900000214576721,True,0.0,0.0,0.0,0.5324955582618713,49,8747,0.0,0.0,-0.0,437987,0.0,0.1848604530096054,-0.47978436946868896,0.0984373688697815,0.14603976905345917,0.1848604530096054,0.1848604530096054,78,3.424569873772302,1.0,0.18849147092073393,0.0,0.0,0.0,-0.6310113668441772,CityLearnV3MADRLRewardFunction,masac_unified_comparable_v4,E2,-0.0,1907,14.253112000059469,1.0,0.13446307061196125,0.0,8759
10,0.0,0.0,0.0,0.0,Building_3,2,MASAC,0.7900000214576721,True,0.0,0.0,0.0,0.5324955582618713,49,8747,0.0,0.0,-0.0,437987,0.0,39.0087890625,-0.7212502360343933,20.77200698852539,30.816944122314453,39.0087890625,39.0087890625,92,3.2913689047127743,1.0,0.1536066007354985,0.0,0.0,0.0,-0.6310113668441772,CityLearnV3MADRLRewardFunction,masac_unified_comparable_v4,E2,-0.0,1907,14.253112000059469,1.0,0.13446307061196125,0.0,8759
8,0.0,0.0,0.0,0.0,Building_4,3,MASAC,0.7900000214576721,True,0.0,0.0,0.0,0.5324955582618713,49,8747,0.0,0.0,-0.0,437987,0.0,36.67196273803711,-0.7191246747970581,19.52765655517578,28.97085189819336,36.67196273803711,36.67196273803711,78,3.393978835570517,1.0,0.1873146490408824,0.0,0.0,0.0,-0.6310113668441772,CityLearnV3MADRLRewardFunction,masac_unified_comparable_v4,E2,-0.0,1907,14.253112000059469,1.0,0.13446307061196125,0.0,8759
5,0.0,0.0,0.0,0.0,Building_5,4,MASAC,0.7900000214576721,True,0.0,0.0,0.0,0.5324955582618713,49,8747,0.0,0.0,-0.0,437987,0.0,54.225337982177734,-0.7669172883033752,28.874752044677734,42.838016510009766,54.225337982177734,54.225337982177734,57,3.4880214644423826,1.0,0.2847555731995064,0.0,0.0,0.0,-0.6310113668441772,CityLearnV3MADRLRewardFunction,masac_unified_comparable_v4,E2,-0.0,1907,14.253112000059469,1.0,0.13446307061196125,0.0,8759
34,0.0,0.0,0.0,0.0,Building_6,5,MASAC,0.7900000214576721,True,0.0,0.0,0.0,0.5324955582618713,49,8747,0.0,0.0,-0.0,437987,0.0,348.8946838378906,-0.7370378971099854,185.7848663330078,275.6268005371094,348.8946838378906,348.8946838378906,260,3.36938052896946,1.0,0.055784780933306764,0.0,0.0,0.0,-0.6310113668441772,CityLearnV3MADRLRewardFunction,masac_unified_comparable_v4,E2,-0.0,1907,14.253112000059469,1.0,0.13446307061196125,0.0,8759
44,1.0,1.0,0.022727272727272728,0.0,Building_7,6,MASAC,0.7900000214576721,True,0.0,0.0,0.0,0.5324955582618713,49,8747,0.0,0.0,-0.0,437987,0.0,2.9800853729248047,-0.513515055179596,1.58688223361969,2.3542675971984863,2.9800853729248047,2.9800853729248047,330,3.480639638428721,1.0,0.045500370476282005,0.0,0.0,0.0,-0.6310113668441772,CityLearnV3MADRLRewardFunction,masac_unified_comparable_v4,E2,-0.0,1907,14.253112000059469,1.0,0.13446307061196125,0.0,8759
19,0.0,0.0,0.0,0.0,Building_8,7,MASAC,0.7900000214576721,True,0.0,0.0,0.0,0.5324955582618713,49,8747,0.0,0.0,-0.0,437987,0.0,6.19936990737915,-0.5508067011833191,3.3011369705200195,4.897502422332764,6.19936990737915,6.19936990737915,155,3.534732080591103,1.0,0.09984107190562833,0.0,0.0,0.0,-0.6310113668441772,CityLearnV3MADRLRewardFunction,masac_unified_comparable_v4,E2,-0.0,1907,14.253112000059469,1.0,0.13446307061196125,0.0,8759
12,1.0,1.0,0.08333333333333333,0.0,Building_9,8,MASAC,0.7900000214576721,True,0.0,0.0,0.0,0.5324955582618713,49,8747,0.0,0.0,-0.0,437987,0.0,2.1350696086883545,-0.4859957993030548,1.1369150876998901,1.6867049932479858,2.1350696086883545,2.1350696086883545,106,3.6613986942175147,1.0,0.15990478081523246,0.0,0.0,0.0,-0.6310113668441772,CityLearnV3MADRLRewardFunction,masac_unified_comparable_v4,E2,-0.0,1907,14.253112000059469,1.0,0.13446307061196125,0.0,8759
8,0.0,0.0,0.0,0.0,Building_10,9,MASAC,0.7900000214576721,True,0.0,0.0,0.0,0.5324955582618713,49,8747,0.0,0.0,-0.0,437987,0.0,16.451881408691406,-0.6444580554962158,8.760553359985352,12.996986389160156,16.451881408691406,16.451881408691406,78,3.3839115743143444,1.0,0.18647011952140394,0.0,0.0,0.0,-0.6310113668441772,CityLearnV3MADRLRewardFunction,masac_unified_comparable_v4,E2,-0.0,1907,14.253112000059469,1.0,0.13446307061196125,0.0,8759
5,0.0,0.0,0.0,0.0,Building_11,10,MASAC,0.7900000214576721,True,0.0,0.0,0.0,0.5324955582618713,49,8747,0.0,0.0,-0.0,437987,0.0,66.45198059082031,-0.7346727252006531,35.38538360595703,52.497066497802734,66.45198059082031,66.45198059082031,57,3.4778917376933807,1.0,0.2622765255601783,0.0,0.0,0.0,-0.6310113668441772,CityLearnV3MADRLRewardFunction,masac_unified_comparable_v4,E2,-0.0,1907,14.253112000059469,1.0,0.13446307061196125,0.0,8759
5,0.0,0.0,0.0,0.0,Building_12,11,MASAC,0.7900000214576721,True,0.0,0.0,0.0,0.5324955582618713,49,8747,0.0,0.0,-0.0,437987,0.0,155.388671875,-0.736856997013092,82.7437744140625,122.7570571899414,155.388671875,155.388671875,57,3.4397425301151805,1.0,0.26273480815845623,0.0,0.0,0.0,-0.6310113668441772,CityLearnV3MADRLRewardFunction,masac_unified_comparable_v4,E2,-0.0,1907,14.253112000059469,1.0,0.13446307061196125,0.0,8759
13,0.0,0.0,0.0,0.0,Building_13,12,MASAC,0.7900000214576721,True,0.0,0.0,0.0,0.5324955582618713,49,8747,0.0,0.0,-0.0,437987,0.0,0.1047736182808876,-0.47881484031677246,0.05579148605465889,0.08277115970849991,0.1047736182808876,0.1047736182808876,113,3.4823657627242275,1.0,0.13252625924296083,0.0,0.0,0.0,-0.6310113668441772,CityLearnV3MADRLRewardFunction,masac_unified_comparable_v4,E2,-0.0,1907,14.253112000059469,1.0,0.13446307061196125,0.0,8759
6,0.0,0.0,0.0,0.0,Building_14,13,MASAC,0.7900000214576721,True,0.0,0.0,0.0,0.5324955582618713,49,8747,0.0,0.0,-0.0,437987,0.0,1.3521205186843872,-0.4939322769641876,0.7199981808662415,1.068175196647644,1.3521205186843872,1.3521205186843872,64,3.4285166493345955,1.0,0.23044648440554738,0.0,0.0,0.0,-0.6310113668441772,CityLearnV3MADRLRewardFunction,masac_unified_comparable_v4,E2,-0.0,1907,14.253112000059469,1.0,0.13446307061196125,0.0,8759
10,0.0,0.0,0.0,0.0,Building_15,14,MASAC,0.7900000214576721,True,0.0,0.0,0.0,0.5324955582618713,49,8747,0.0,0.0,-0.0,437987,0.0,15.147623062133789,-0.6354271769523621,8.066041946411133,11.966622352600098,15.147623062133789,15.147623062133789,92,3.5246129259532,1.0,0.16819876108480536,0.0,0.0,0.0,-0.6310113668441772,CityLearnV3MADRLRewardFunction,masac_unified_comparable_v4,E2,-0.0,1907,14.253112000059469,1.0,0.13446307061196125,0.0,8759
13,0.0,0.0,0.0,0.0,Building_16,15,MASAC,0.7900000214576721,True,0.0,0.0,0.0,0.5324955582618713,49,8747,0.0,0.0,-0.0,437987,0.0,11.957420349121094,-0.6090788841247559,6.367273330688477,9.446362495422363,11.957420349121094,11.957420349121094,113,3.4505696314360335,1.0,0.13138254896729393,0.0,0.0,0.0,-0.6310113668441772,CityLearnV3MADRLRewardFunction,masac_unified_comparable_v4,E2,-0.0,1907,14.253112000059469,1.0,0.13446307061196125,0.0,8759
13,0.0,0.0,0.0,0.0,Building_17,16,MASAC,0.7900000214576721,True,0.0,0.0,0.0,0.5324955582618713,49,8747,0.0,0.0,-0.0,437987,0.0,23.087642669677734,-0.6824790835380554,12.2940673828125,18.239238739013672,23.087642669677734,23.087642669677734,113,3.4839397909479426,1.0,0.13597609959872423,0.0,0.0,0.0,-0.6310113668441772,CityLearnV3MADRLRewardFunction,masac_unified_comparable_v4,E2,-0.0,1907,14.253112000059469,1.0,0.13446307061196125,0.0,8759
