action_dim,action_l2,action_max,action_mean,action_min,agent,agent_index,algorithm,carbon_intensity,done,electrical_storage_electricity_consumption_kwh,electrical_storage_energy_balance_kwh,electrical_storage_soc,electricity_price,episode,episode_step,ev_charge_kwh,ev_electricity_consumption_kwh,ev_v2g_export_kwh,global_step,grid_export_kwh,grid_import_kwh,individual_reward,net_electricity_consumption_cost,net_electricity_consumption_emission,net_electricity_consumption_kwh,net_electricity_consumption_without_storage_kwh,observation_dim,observation_l2,observation_max,observation_mean,observation_min,pv_export_kwh,pv_generation_kwh,reward,reward_function,reward_profile,scenario,solar_generation_raw_kwh,state_dim,state_l2,state_max,state_mean,state_min,time_step
6,0.5945677909948657,0.4303787350654602,0.1603994481265545,-0.15269039571285248,Building_1,0,MATD3,0.7900000214576721,False,0.0,0.0,0.0,0.5324955582618713,0,0,0.0,0.0,-0.0,0,-0.0,0.0,-0.5569316744804382,0.0,0.0,0.0,0.0,64,3.3666377927207174,1.0,0.2313632492441684,0.0,0.0,0.0,-0.3960905075073242,CityLearnV3MADRLRewardFunction,matd3_unified_comparable_v4,E2,-0.0,1907,14.132491099134349,1.0,0.13340107325316022,0.0,1
8,0.49741736775207473,0.34127575159072876,0.10190034098923206,0.0,Building_2,1,MATD3,0.7900000214576721,False,0.0,0.0,0.0,0.5324955582618713,0,0,0.0,0.0,-0.0,0,-0.0,0.0,-0.4661182463169098,0.0,0.0,0.0,0.0,78,3.4500947021564015,1.0,0.19085355618825325,0.0,0.0,0.0,-0.3960905075073242,CityLearnV3MADRLRewardFunction,matd3_unified_comparable_v4,E2,-0.0,1907,14.132491099134349,1.0,0.13340107325316022,0.0,1
10,1.2210470752468654,0.8585923910140991,0.1317369133234024,-0.6336172819137573,Building_3,2,MATD3,0.7900000214576721,False,0.0,0.0,0.0,0.5324955582618713,0,0,0.0,0.0,-0.0,0,-0.0,0.0,-0.5557823777198792,0.0,0.0,0.0,0.0,92,3.49978409754428,1.0,0.16923070626090403,0.0,0.0,0.0,-0.3960905075073242,CityLearnV3MADRLRewardFunction,matd3_unified_comparable_v4,E2,-0.0,1907,14.132491099134349,1.0,0.13340107325316022,0.0,1
8,0.8903083773354457,0.30640164017677307,0.04398526810109615,-0.7290518879890442,Building_4,3,MATD3,0.7900000214576721,False,0.0,0.0,0.0,0.5324955582618713,0,0,0.0,0.0,-0.0,0,-0.0,0.0,-0.2900957465171814,0.0,0.0,0.0,0.0,78,3.317472013470383,1.0,0.18130276524103606,0.0,0.0,0.0,-0.3960905075073242,CityLearnV3MADRLRewardFunction,matd3_unified_comparable_v4,E2,-0.0,1907,14.132491099134349,1.0,0.13340107325316022,0.0,1
5,1.3684001527229435,0.8561626076698303,0.0038745224475860594,-0.9363221526145935,Building_5,4,MATD3,0.7900000214576721,False,0.0,0.0,0.0,0.5324955582618713,0,0,0.0,0.0,-0.0,0,-0.0,0.0,-0.379543662071228,0.0,0.0,0.0,0.0,57,3.3826503954760545,1.0,0.26178047884451716,0.0,0.0,0.0,-0.3960905075073242,CityLearnV3MADRLRewardFunction,matd3_unified_comparable_v4,E2,-0.0,1907,14.132491099134349,1.0,0.13340107325316022,0.0,1
34,2.260096667478653,0.9055833220481873,0.21675154473632574,-0.2887745201587677,Building_6,5,MATD3,0.7900000214576721,False,0.0,0.0,0.0,0.5324955582618713,0,0,0.0,0.0,-0.0,0,-0.0,0.0,-0.5568673610687256,0.0,0.0,0.0,0.0,260,3.3623080595570563,1.0,0.0558718866453721,0.0,0.0,0.0,-0.3960905075073242,CityLearnV3MADRLRewardFunction,matd3_unified_comparable_v4,E2,-0.0,1907,14.132491099134349,1.0,0.13340107325316022,0.0,1
44,3.3810681844149024,0.9636587500572205,0.28280706877227535,-0.7350247502326965,Building_7,6,MATD3,0.7900000214576721,False,0.0,0.0,0.0,0.5324955582618713,0,0,0.0,0.0,-0.0,0,-0.0,0.0,-0.5545907020568848,0.0,0.0,0.0,0.0,330,3.440783621552349,1.0,0.04506144808097319,0.0,0.0,0.0,-0.3960905075073242,CityLearnV3MADRLRewardFunction,matd3_unified_comparable_v4,E2,-0.0,1907,14.132491099134349,1.0,0.13340107325316022,0.0,1
19,1.6342621590309747,0.7211023569107056,0.06017896493798808,-0.8892513513565063,Building_8,7,MATD3,0.7900000214576721,False,0.0,0.0,0.0,0.5324955582618713,0,0,0.0,0.0,-0.0,0,-0.0,0.0,-0.5522250533103943,0.0,0.0,0.0,0.0,155,3.4537294488156673,1.0,0.09624094376640935,0.0,0.0,0.0,-0.3960905075073242,CityLearnV3MADRLRewardFunction,matd3_unified_comparable_v4,E2,-0.0,1907,14.132491099134349,1.0,0.13340107325316022,0.0,1
12,1.284654650177608,0.9128114581108093,0.1770308205547432,-0.13919511437416077,Building_9,8,MATD3,0.7900000214576721,False,0.0,0.0,0.0,0.5324955582618713,0,0,0.0,0.0,-0.0,0,-0.0,0.0,-0.2976631820201874,0.0,0.0,0.0,0.0,106,3.5316897075032445,1.0,0.14843273907899857,0.0,0.0,0.0,-0.3960905075073242,CityLearnV3MADRLRewardFunction,matd3_unified_comparable_v4,E2,-0.0,1907,14.132491099134349,1.0,0.13340107325316022,0.0,1
8,1.6402918645223028,0.8906030654907227,-0.020982863381505013,-0.8007701635360718,Building_10,9,MATD3,0.7900000214576721,False,0.0,0.0,0.0,0.5324955582618713,0,0,0.0,0.0,-0.0,0,-0.0,0.0,-0.29008376598358154,0.0,0.0,0.0,0.0,78,3.372622022040844,1.0,0.18619261289206454,0.0,0.0,0.0,-0.3960905075073242,CityLearnV3MADRLRewardFunction,matd3_unified_comparable_v4,E2,-0.0,1907,14.132491099134349,1.0,0.13340107325316022,0.0,1
5,1.4341117676282724,0.8499338030815125,0.0640706717967987,-0.9079853892326355,Building_11,10,MATD3,0.7900000214576721,False,0.0,0.0,0.0,0.5324955582618713,0,0,0.0,0.0,-0.0,0,-0.0,0.0,-0.2902396023273468,0.0,0.0,0.0,0.0,57,3.536411129681706,1.0,0.2791949164187699,0.0,0.0,0.0,-0.3960905075073242,CityLearnV3MADRLRewardFunction,matd3_unified_comparable_v4,E2,-0.0,1907,14.132491099134349,1.0,0.13340107325316022,0.0,1
5,1.4449220665077245,0.9355893731117249,0.23943508565425872,-0.7374213337898254,Building_12,11,MATD3,0.7900000214576721,False,0.0,0.0,0.0,0.5324955582618713,0,0,0.0,0.0,-0.0,0,-0.0,0.0,-0.29008349776268005,0.0,0.0,0.0,0.0,57,3.4587102876292923,1.0,0.27204686494772895,0.0,0.0,0.0,-0.3960905075073242,CityLearnV3MADRLRewardFunction,matd3_unified_comparable_v4,E2,-0.0,1907,14.132491099134349,1.0,0.13340107325316022,0.0,1
13,1.3543731018076766,0.897722065448761,0.09306985025222485,-0.8210108876228333,Building_13,12,MATD3,0.7900000214576721,False,0.0,0.0,0.0,0.5324955582618713,0,0,0.0,0.0,-0.0,0,-0.0,0.0,-0.29060643911361694,0.0,0.0,0.0,0.0,113,3.3864684910798215,1.0,0.12830441570387477,0.0,0.0,0.0,-0.3960905075073242,CityLearnV3MADRLRewardFunction,matd3_unified_comparable_v4,E2,-0.0,1907,14.132491099134349,1.0,0.13340107325316022,0.0,1
6,1.5680665972940528,0.9042853713035583,-0.008761356274286905,-0.6790646910667419,Building_14,13,MATD3,0.7900000214576721,False,0.0,0.0,0.0,0.5324955582618713,0,0,0.0,0.0,-0.0,0,-0.0,0.0,-0.2930811047554016,0.0,0.0,0.0,0.0,64,3.4176257978387627,1.0,0.2293571645859629,0.0,0.0,0.0,-0.3960905075073242,CityLearnV3MADRLRewardFunction,matd3_unified_comparable_v4,E2,-0.0,1907,14.132491099134349,1.0,0.13340107325316022,0.0,1
10,1.8194330739586817,0.9985559582710266,0.457508784532547,0.0,Building_15,14,MATD3,0.7900000214576721,False,0.0,0.0,0.0,0.5324955582618713,0,0,0.0,0.0,-0.0,0,-0.0,0.0,-0.48708653450012207,0.0,0.0,0.0,0.0,92,3.444360116417206,1.0,0.1619048738123282,0.0,0.0,0.0,-0.3960905075073242,CityLearnV3MADRLRewardFunction,matd3_unified_comparable_v4,E2,-0.0,1907,14.132491099134349,1.0,0.13340107325316022,0.0,1
13,0.9911080198037021,0.714249849319458,0.13099328715067643,-0.15258729457855225,Building_16,15,MATD3,0.7900000214576721,False,0.0,0.0,0.0,0.5324955582618713,0,0,0.0,0.0,-0.0,0,-0.0,0.0,-0.2921951711177826,0.0,0.0,0.0,0.0,113,3.3754465156127273,1.0,0.12907812619103795,0.0,0.0,0.0,-0.3960905075073242,CityLearnV3MADRLRewardFunction,matd3_unified_comparable_v4,E2,-0.0,1907,14.132491099134349,1.0,0.13340107325316022,0.0,1
13,1.2216956371563361,0.7125523686408997,0.016985646807230435,-0.6008077263832092,Building_17,16,MATD3,0.7900000214576721,False,0.0,0.0,0.0,0.5324955582618713,0,0,0.0,0.0,-0.0,0,-0.0,0.0,-0.2903439998626709,0.0,0.0,0.0,0.0,113,3.463990606653487,1.0,0.13645459184076933,0.0,0.0,0.0,-0.3960905075073242,CityLearnV3MADRLRewardFunction,matd3_unified_comparable_v4,E2,-0.0,1907,14.132491099134349,1.0,0.13340107325316022,0.0,1
6,0.8773616496065099,0.2565498352050781,-0.15444351236025491,-0.6360555291175842,Building_1,0,MATD3,0.7900000214576721,True,412.7886962890625,0.0,0.0,0.5324955582618713,0,8758,0.0,0.0,-0.0,8758,0.0,804.3753662109375,-0.7559261918067932,414.4009704589844,635.45654296875,804.3753662109375,391.586669921875,64,3.322240569889417,1.0,0.22364873625338078,0.0,0.0,0.0,-0.6243832111358643,CityLearnV3MADRLRewardFunction,matd3_unified_comparable_v4,E2,-0.0,1907,14.089074056138879,1.0,0.13249351495244957,0.0,8759
8,0.7961408994046424,0.5269593596458435,0.026462307199835777,-0.5256354808807373,Building_2,1,MATD3,0.7900000214576721,True,-3.2356910705566406,0.0,0.0,0.5324955582618713,0,8758,0.0,0.0,-0.0,8758,3.050830602645874,0.0,-0.4813261032104492,-1.2996430397033691,0.0,-3.050830602645874,0.1848604679107666,78,3.4408783687122675,1.0,0.18957706942008093,0.0,0.0,0.0,-0.6243832111358643,CityLearnV3MADRLRewardFunction,matd3_unified_comparable_v4,E2,-0.0,1907,14.089074056138879,1.0,0.13249351495244957,0.0,8759
10,1.5044436751332317,0.9680898785591125,0.31819097250699996,-0.09422618895769119,Building_3,2,MATD3,0.7900000214576721,True,471.3732604980469,0.0,0.0,0.5324955582618713,0,8758,0.0,0.0,-0.0,8758,0.0,510.3820495605469,-0.7617819309234619,257.850830078125,403.20184326171875,510.3820495605469,39.0087890625,92,3.3152083962501733,1.0,0.15532664954662323,0.0,0.0,0.0,-0.6243832111358643,CityLearnV3MADRLRewardFunction,matd3_unified_comparable_v4,E2,-0.0,1907,14.089074056138879,1.0,0.13249351495244957,0.0,8759
8,1.1712286929231106,0.9688475728034973,0.2600725516676903,0.0,Building_4,3,MATD3,0.7900000214576721,True,125.61652374267578,0.0,0.0,0.5324955582618713,0,8758,0.0,0.0,-0.0,8758,0.0,162.28848266601562,-0.7605710625648499,72.49254608154297,128.20790100097656,162.28848266601562,36.671958923339844,78,3.265346126099319,1.0,0.1777383333597428,0.0,0.0,0.0,-0.6243832111358643,CityLearnV3MADRLRewardFunction,matd3_unified_comparable_v4,E2,-0.0,1907,14.089074056138879,1.0,0.13249351495244957,0.0,8759
5,0.40351072189022735,0.21524152159690857,0.0321686178445816,-0.26700371503829956,Building_5,4,MATD3,0.7900000214576721,True,0.10532480478286743,0.0,0.0,0.5324955582618713,0,8758,0.0,0.0,-0.0,8758,0.0,52.354835510253906,-0.7286160588264465,22.302974700927734,41.360321044921875,52.354835510253906,54.225337982177734,57,3.607661010369386,1.0,0.2961454127441373,0.0,0.0,0.0,-0.6243832111358643,CityLearnV3MADRLRewardFunction,matd3_unified_comparable_v4,E2,-0.0,1907,14.089074056138879,1.0,0.13249351495244957,0.0,8759
34,1.7410735013528051,0.8519611358642578,0.104349836049711,-0.7580738663673401,Building_6,5,MATD3,0.7900000214576721,True,-7.191686563601252e-06,0.0,0.0,0.5324955582618713,0,8758,0.0,0.0,-0.0,8758,0.0,348.8946838378906,-0.730476975440979,171.85952758789062,275.6268005371094,348.8946838378906,348.8946838378906,260,3.2556860654692144,1.0,0.05312848647053425,0.0,0.0,0.0,-0.6243832111358643,CityLearnV3MADRLRewardFunction,matd3_unified_comparable_v4,E2,-0.0,1907,14.089074056138879,1.0,0.13249351495244957,0.0,8759
44,3.565852678493495,0.9916324615478516,0.26082950618795375,-0.9622515439987183,Building_7,6,MATD3,0.7900000214576721,True,-64.1648178100586,0.0,0.0,0.5324955582618713,0,8758,0.0,0.0,-0.0,8758,61.184730529785156,0.0,-0.49195486307144165,-26.064477920532227,0.0,-61.184730529785156,2.9800872802734375,330,3.3732194661325154,1.0,0.04359498671961553,0.0,0.0,0.0,-0.6243832111358643,CityLearnV3MADRLRewardFunction,matd3_unified_comparable_v4,E2,-0.0,1907,14.089074056138879,1.0,0.13249351495244957,0.0,8759
19,1.7785569114732676,0.8997445702552795,0.23867293800178327,-0.7076694369316101,Building_8,7,MATD3,0.7900000214576721,True,25.594768524169922,0.0,0.0,0.5324955582618713,0,8758,0.0,0.0,-0.0,8758,0.0,31.794137954711914,-0.7247765064239502,13.544189453125,25.11737060546875,31.794137954711914,6.199369430541992,155,3.520859836398369,1.0,0.0995168145625822,0.0,0.0,0.0,-0.6243832111358643,CityLearnV3MADRLRewardFunction,matd3_unified_comparable_v4,E2,-0.0,1907,14.089074056138879,1.0,0.13249351495244957,0.0,8759
12,1.8306783564442524,0.8852435946464539,0.2130873774488767,-0.980928897857666,Building_9,8,MATD3,0.7900000214576721,True,-27.876632690429688,0.0,0.0,0.5324955582618713,0,8758,0.0,0.0,-0.0,8758,25.74156379699707,0.0,-0.48143553733825684,-10.965814590454102,0.0,-25.74156379699707,2.135068893432617,106,3.6692992076073514,1.0,0.160229836432439,0.0,0.0,0.0,-0.6243832111358643,CityLearnV3MADRLRewardFunction,matd3_unified_comparable_v4,E2,-0.0,1907,14.089074056138879,1.0,0.13249351495244957,0.0,8759
8,1.6897982613390907,0.9563702344894409,0.10046857222914696,-0.820183515548706,Building_10,9,MATD3,0.7900000214576721,True,-150.70306396484375,0.0,0.0,0.5324955582618713,0,8758,0.0,0.0,-0.0,8758,134.25119018554688,0.0,-0.49155232310295105,-57.190528869628906,0.0,-134.25119018554688,16.451873779296875,78,3.387349407063468,1.0,0.18748543535669646,0.0,0.0,0.0,-0.6243832111358643,CityLearnV3MADRLRewardFunction,matd3_unified_comparable_v4,E2,-0.0,1907,14.089074056138879,1.0,0.13249351495244957,0.0,8759
5,1.232722775857417,0.6997664570808411,0.24515132904052733,-0.6148651838302612,Building_11,10,MATD3,0.7900000214576721,True,231.92822265625,0.0,0.0,0.5324955582618713,0,8758,0.0,0.0,-0.0,8758,0.0,298.38018798828125,-0.7610809206962585,144.9607696533203,235.72035217285156,298.38018798828125,66.45196533203125,57,3.3634552864026124,1.0,0.2530762140165296,0.0,0.0,0.0,-0.6243832111358643,CityLearnV3MADRLRewardFunction,matd3_unified_comparable_v4,E2,-0.0,1907,14.089074056138879,1.0,0.13249351495244957,0.0,8759
5,1.1875024076633516,0.5392630100250244,-0.18814064264297486,-0.8499998450279236,Building_12,11,MATD3,0.7900000214576721,True,-815.9998779296875,0.0,0.0,0.5324955582618713,0,8758,0.0,0.0,-0.0,8758,660.6112060546875,0.0,-0.4949442744255066,-281.41802978515625,0.0,-660.6112060546875,155.388671875,57,3.3435686640222726,1.0,0.2553196818682185,0.0,0.0,0.0,-0.6243832111358643,CityLearnV3MADRLRewardFunction,matd3_unified_comparable_v4,E2,-0.0,1907,14.089074056138879,1.0,0.13249351495244957,0.0,8759
13,1.4253433736025118,0.8336774110794067,0.210131796506735,-0.06919354200363159,Building_13,12,MATD3,0.7900000214576721,True,-4.774354457855225,0.0,0.0,0.5324955582618713,0,8758,0.0,0.0,-0.0,8758,4.669580936431885,0.0,-0.48399150371551514,-1.989224910736084,0.0,-4.669580936431885,0.10477352142333984,113,3.389070910792241,1.0,0.1279422759482291,0.0,0.0,0.0,-0.6243832111358643,CityLearnV3MADRLRewardFunction,matd3_unified_comparable_v4,E2,-0.0,1907,14.089074056138879,1.0,0.13249351495244957,0.0,8759
6,1.2220257859288435,0.6071459650993347,-0.06731368601322174,-0.8910947442054749,Building_14,13,MATD3,0.7900000214576721,True,8.846972465515137,0.0,0.0,0.5324955582618713,0,8758,0.0,0.0,-0.0,8758,0.0,10.199092864990234,-0.605726957321167,4.3447771072387695,8.057283401489258,10.199092864990234,1.3521203994750977,64,3.49084534926822,1.0,0.23451858526095748,0.0,0.0,0.0,-0.6243832111358643,CityLearnV3MADRLRewardFunction,matd3_unified_comparable_v4,E2,-0.0,1907,14.089074056138879,1.0,0.13249351495244957,0.0,8759
10,1.1834911926036624,0.8101291060447693,0.18760643005371094,-0.15049105882644653,Building_15,14,MATD3,0.7900000214576721,True,-15.651069641113281,0.0,0.0,0.5324955582618713,0,8758,0.0,0.0,-0.0,8758,0.5034465789794922,0.0,-0.49050065875053406,-0.21446645259857178,0.0,-0.5034465789794922,15.147623062133789,92,3.5161654790878467,1.0,0.1678348773199579,0.0,0.0,0.0,-0.6243832111358643,CityLearnV3MADRLRewardFunction,matd3_unified_comparable_v4,E2,-0.0,1907,14.089074056138879,1.0,0.13249351495244957,0.0,8759
13,1.0486198891037557,0.8716813921928406,0.15675902767823294,0.0,Building_16,15,MATD3,0.7900000214576721,True,0.7260911464691162,0.0,0.0,0.5324955582618713,0,8758,0.0,0.0,-0.0,8758,0.0,12.683511734008789,-0.6105321645736694,5.403131008148193,10.019974708557129,12.683511734008789,11.957420349121094,113,3.4706253939596303,1.0,0.13202202979442293,0.0,0.0,0.0,-0.6243832111358643,CityLearnV3MADRLRewardFunction,matd3_unified_comparable_v4,E2,-0.0,1907,14.089074056138879,1.0,0.13249351495244957,0.0,8759
13,1.4426248681624634,0.9387962818145752,0.19455345060962898,0.0,Building_17,16,MATD3,0.7900000214576721,True,106.11563873291016,0.0,0.0,0.5324955582618713,0,8758,0.0,0.0,-0.0,8758,0.0,129.20327758789062,-0.7593203186988831,55.040138244628906,102.07059478759766,129.20327758789062,23.08763885498047,113,3.327397984706958,1.0,0.1282571365611743,0.0,0.0,0.0,-0.6243832111358643,CityLearnV3MADRLRewardFunction,matd3_unified_comparable_v4,E2,-0.0,1907,14.089074056138879,1.0,0.13249351495244957,0.0,8759
6,1.3557588466099797,0.7426707744598389,0.16975427667299905,-0.8226286172866821,Building_1,0,MATD3,0.7900000214576721,False,0.0,0.0,0.0,0.5324955582618713,1,0,0.0,0.0,-0.0,8760,-0.0,0.0,-0.7304650545120239,0.0,0.0,0.0,0.0,64,3.4888711207961847,1.0,0.24240408558398485,0.0,0.0,0.0,-0.5796223878860474,CityLearnV3MADRLRewardFunction,matd3_unified_comparable_v4,E2,-0.0,1907,14.65033583091365,1.0,0.13942930539537615,0.0,2
8,1.631740470252292,0.9893662333488464,0.17422863468527794,-0.8606970310211182,Building_2,1,MATD3,0.7900000214576721,False,0.0,0.0,0.0,0.5324955582618713,1,0,0.0,0.0,-0.0,8760,-0.0,0.0,-0.650313138961792,0.0,0.0,0.0,0.0,78,3.5316109118172307,1.0,0.19608223552887255,0.0,0.0,0.0,-0.5796223878860474,CityLearnV3MADRLRewardFunction,matd3_unified_comparable_v4,E2,-0.0,1907,14.65033583091365,1.0,0.13942930539537615,0.0,2
10,1.5051579688713037,0.9841446280479431,0.29015136882662773,-0.3244558870792389,Building_3,2,MATD3,0.7900000214576721,False,0.0,0.0,0.0,0.5324955582618713,1,0,0.0,0.0,-0.0,8760,-0.0,0.0,-0.46172043681144714,0.0,0.0,0.0,0.0,92,3.607050660641787,1.0,0.17556359270668548,0.0,0.0,0.0,-0.5796223878860474,CityLearnV3MADRLRewardFunction,matd3_unified_comparable_v4,E2,-0.0,1907,14.65033583091365,1.0,0.13942930539537615,0.0,2
8,1.5082100388414013,0.9981922507286072,0.36536958534270525,0.0,Building_4,3,MATD3,0.7900000214576721,False,0.0,0.0,0.0,0.5324955582618713,1,0,0.0,0.0,-0.0,8760,-0.0,0.0,-0.672702968120575,0.0,0.0,0.0,0.0,78,3.578413181663621,1.0,0.1999326099952062,0.0,0.0,0.0,-0.5796223878860474,CityLearnV3MADRLRewardFunction,matd3_unified_comparable_v4,E2,-0.0,1907,14.65033583091365,1.0,0.13942930539537615,0.0,2
5,0.9099787094552122,0.821681022644043,0.09557988569140434,-0.38846486806869507,Building_5,4,MATD3,0.7900000214576721,False,0.0,0.0,0.0,0.5324955582618713,1,0,0.0,0.0,-0.0,8760,-0.0,0.0,-0.47223421931266785,0.0,0.0,0.0,0.0,57,3.5495663038330467,1.0,0.2776592275814006,0.0,0.0,0.0,-0.5796223878860474,CityLearnV3MADRLRewardFunction,matd3_unified_comparable_v4,E2,-0.0,1907,14.65033583091365,1.0,0.13942930539537615,0.0,2
34,2.528290493500978,0.9635912775993347,0.1700993068584734,-0.9144876003265381,Building_6,5,MATD3,0.7900000214576721,False,0.0,0.0,0.0,0.5324955582618713,1,0,0.0,0.0,-0.0,8760,-0.0,0.0,-0.7246978282928467,0.0,0.0,0.0,0.0,260,3.4905257420811187,1.0,0.05890836879037894,0.0,0.0,0.0,-0.5796223878860474,CityLearnV3MADRLRewardFunction,matd3_unified_comparable_v4,E2,-0.0,1907,14.65033583091365,1.0,0.13942930539537615,0.0,2
44,3.2305557831577065,0.9992875456809998,0.29459322298961604,-0.7492375373840332,Building_7,6,MATD3,0.7900000214576721,False,0.0,0.0,0.0,0.5324955582618713,1,0,0.0,0.0,-0.0,8760,-0.0,0.0,-0.45951640605926514,0.0,0.0,0.0,0.0,330,3.493036575614181,1.0,0.04557569722334544,0.0,0.0,0.0,-0.5796223878860474,CityLearnV3MADRLRewardFunction,matd3_unified_comparable_v4,E2,-0.0,1907,14.65033583091365,1.0,0.13942930539537615,0.0,2
19,2.3642077446911482,0.9328122138977051,0.31430979739678533,-0.7095761895179749,Building_8,7,MATD3,0.7900000214576721,False,0.0,0.0,0.0,0.5324955582618713,1,0,0.0,0.0,-0.0,8760,-0.0,0.0,-0.45465075969696045,0.0,0.0,0.0,0.0,155,3.5689131444966997,1.0,0.10045233157373244,0.0,0.0,0.0,-0.5796223878860474,CityLearnV3MADRLRewardFunction,matd3_unified_comparable_v4,E2,-0.0,1907,14.65033583091365,1.0,0.13942930539537615,0.0,2
12,1.268688200725391,0.8795072436332703,0.18086704852369925,-0.23420780897140503,Building_9,8,MATD3,0.7900000214576721,False,0.0,0.0,0.0,0.5324955582618713,1,0,0.0,0.0,-0.0,8760,-0.0,0.0,-0.46641257405281067,0.0,0.0,0.0,0.0,106,3.65680493060882,1.0,0.1542399967757036,0.0,0.0,0.0,-0.5796223878860474,CityLearnV3MADRLRewardFunction,matd3_unified_comparable_v4,E2,-0.0,1907,14.65033583091365,1.0,0.13942930539537615,0.0,2
8,1.1210302675702553,0.705467939376831,0.062388721853494644,-0.520658552646637,Building_10,9,MATD3,0.7900000214576721,False,0.0,0.0,0.0,0.5324955582618713,1,0,0.0,0.0,-0.0,8760,-0.0,0.0,-0.7229984998703003,0.0,0.0,0.0,0.0,78,3.4911221312368923,1.0,0.19455991465693864,0.0,0.0,0.0,-0.5796223878860474,CityLearnV3MADRLRewardFunction,matd3_unified_comparable_v4,E2,-0.0,1907,14.65033583091365,1.0,0.13942930539537615,0.0,2
5,0.852620136760308,0.7429195642471313,0.2322574734687805,0.0,Building_11,10,MATD3,0.7900000214576721,False,0.0,0.0,0.0,0.5324955582618713,1,0,0.0,0.0,-0.0,8760,-0.0,0.0,-0.7292115092277527,0.0,0.0,0.0,0.0,57,3.675379796200638,1.0,0.28937323116942454,0.0,0.0,0.0,-0.5796223878860474,CityLearnV3MADRLRewardFunction,matd3_unified_comparable_v4,E2,-0.0,1907,14.65033583091365,1.0,0.13942930539537615,0.0,2
5,1.2427981572940696,0.9800389409065247,0.15454429984092713,-0.4429466128349304,Building_12,11,MATD3,0.7900000214576721,False,0.0,0.0,0.0,0.5324955582618713,1,0,0.0,0.0,-0.0,8760,-0.0,0.0,-0.4635142982006073,0.0,0.0,0.0,0.0,57,3.568076669870473,1.0,0.27925443976071845,0.0,0.0,0.0,-0.5796223878860474,CityLearnV3MADRLRewardFunction,matd3_unified_comparable_v4,E2,-0.0,1907,14.65033583091365,1.0,0.13942930539537615,0.0,2
13,1.748646980826041,0.8286473751068115,0.3843457559840037,0.0,Building_13,12,MATD3,0.7900000214576721,False,0.0,0.0,0.0,0.5324955582618713,1,0,0.0,0.0,-0.0,8760,-0.0,0.0,-0.698108971118927,0.0,0.0,0.0,0.0,113,3.5615432051666325,1.0,0.13750434475662435,0.0,0.0,0.0,-0.5796223878860474,CityLearnV3MADRLRewardFunction,matd3_unified_comparable_v4,E2,-0.0,1907,14.65033583091365,1.0,0.13942930539537615,0.0,2
6,0.9198982559247767,0.4560273289680481,-0.03307021223008633,-0.5395822525024414,Building_14,13,MATD3,0.7900000214576721,False,0.0,0.0,0.0,0.5324955582618713,1,0,0.0,0.0,-0.0,8760,-0.0,0.0,-0.4908878803253174,0.0,0.0,0.0,0.0,64,3.5265124618147117,1.0,0.24029699293896556,0.0,0.0,0.0,-0.5796223878860474,CityLearnV3MADRLRewardFunction,matd3_unified_comparable_v4,E2,-0.0,1907,14.65033583091365,1.0,0.13942930539537615,0.0,2
10,1.1624076859083636,0.8895420432090759,0.21343174576759338,-0.11506837606430054,Building_15,14,MATD3,0.7900000214576721,False,0.0,0.0,0.0,0.5324955582618713,1,0,0.0,0.0,-0.0,8760,-0.0,0.0,-0.4567441940307617,0.0,0.0,0.0,0.0,92,3.5580496745821026,1.0,0.16913320893502753,0.0,0.0,0.0,-0.5796223878860474,CityLearnV3MADRLRewardFunction,matd3_unified_comparable_v4,E2,-0.0,1907,14.65033583091365,1.0,0.13942930539537615,0.0,2
13,1.762665494231451,0.9351180195808411,0.3437897070096089,0.0,Building_16,15,MATD3,0.7900000214576721,False,0.0,0.0,0.0,0.5324955582618713,1,0,0.0,0.0,-0.0,8760,-0.0,0.0,-0.7311645746231079,0.0,0.0,0.0,0.0,113,3.4749184849443893,1.0,0.13411455212441165,0.0,0.0,0.0,-0.5796223878860474,CityLearnV3MADRLRewardFunction,matd3_unified_comparable_v4,E2,-0.0,1907,14.65033583091365,1.0,0.13942930539537615,0.0,2
13,2.175037034196419,0.9047091007232666,0.3397053090425638,-0.9219534397125244,Building_17,16,MATD3,0.7900000214576721,False,0.0,0.0,0.0,0.5324955582618713,1,0,0.0,0.0,-0.0,8760,-0.0,0.0,-0.4682369828224182,0.0,0.0,0.0,0.0,113,3.577003060511182,1.0,0.14172463481668876,0.0,0.0,0.0,-0.5796223878860474,CityLearnV3MADRLRewardFunction,matd3_unified_comparable_v4,E2,-0.0,1907,14.65033583091365,1.0,0.13942930539537615,0.0,2
6,1.3610819186574186,0.9695410132408142,0.10861435035864513,-0.7065224647521973,Building_1,0,MATD3,0.7900000214576721,True,-1136.794677734375,0.0,0.0,0.5324955582618713,1,8757,0.0,0.0,-0.0,17517,703.340087890625,0.0,-0.5119677186012268,-299.6203918457031,0.0,-703.340087890625,433.45458984375,64,3.2574299326796994,1.0,0.21892452496103942,0.0,0.0,0.0,-0.647771954536438,CityLearnV3MADRLRewardFunction,matd3_unified_comparable_v4,E2,-0.0,1907,13.824034322033393,1.0,0.12884494549178238,0.0,8759
8,1.3378425438247434,0.9872577786445618,0.265876442193985,-0.32015177607536316,Building_2,1,MATD3,0.7900000214576721,True,23.527278900146484,0.0,0.0,0.5324955582618713,1,8757,0.0,0.0,-0.0,17517,0.0,38.69163513183594,-0.7616795301437378,16.482498168945312,30.56639289855957,38.69163513183594,15.164356231689453,78,3.374224292465965,1.0,0.18718992995145994,0.0,0.0,0.0,-0.647771954536438,CityLearnV3MADRLRewardFunction,matd3_unified_comparable_v4,E2,-0.0,1907,13.824034322033393,1.0,0.12884494549178238,0.0,8759
10,1.5983799294643626,0.9543981552124023,0.13979216143488885,-0.7470598220825195,Building_3,2,MATD3,0.7900000214576721,True,367.0425109863281,0.0,0.0,0.5324955582618713,1,8757,0.0,0.0,-0.0,17517,0.0,461.58233642578125,-0.7786978483200073,199.62652587890625,364.6500549316406,461.58233642578125,94.53982543945312,92,3.2922424651668214,1.0,0.1523194382696048,0.0,0.0,0.0,-0.647771954536438,CityLearnV3MADRLRewardFunction,matd3_unified_comparable_v4,E2,-0.0,1907,13.824034322033393,1.0,0.12884494549178238,0.0,8759
8,1.435579420394119,0.9375157356262207,0.20589098054915667,-0.6720747351646423,Building_4,3,MATD3,0.7900000214576721,True,-9.939602851867676,0.0,0.0,0.5324955582618713,1,8757,0.0,0.0,-0.0,17517,0.0,21.10356903076172,-0.6980583667755127,8.990045547485352,16.67181968688965,21.10356903076172,31.043170928955078,78,3.2439243672734737,1.0,0.17662395556003618,0.0,0.0,0.0,-0.647771954536438,CityLearnV3MADRLRewardFunction,matd3_unified_comparable_v4,E2,-0.0,1907,13.824034322033393,1.0,0.12884494549178238,0.0,8759
5,1.3532029554385088,0.9857553243637085,0.01173858642578125,-0.9270623922348022,Building_5,4,MATD3,0.7900000214576721,True,-28.68878746032715,0.0,0.0,0.5324955582618713,1,8757,0.0,0.0,-0.0,17517,0.0,17.144773483276367,-0.729518473148346,7.30361270904541,13.544370651245117,17.144773483276367,38.538970947265625,57,3.569818481720822,1.0,0.29056000500394585,0.0,0.0,0.0,-0.647771954536438,CityLearnV3MADRLRewardFunction,matd3_unified_comparable_v4,E2,-0.0,1907,13.824034322033393,1.0,0.12884494549178238,0.0,8759
34,2.0991617489950016,0.9282126426696777,0.15708223993287368,-0.35418614745140076,Building_6,5,MATD3,0.7900000214576721,True,0.0,0.0,0.0,0.5324955582618713,1,8757,0.0,0.0,-0.0,17517,0.0,362.8901062011719,-0.7476039528846741,154.5898895263672,286.6831970214844,362.8901062011719,362.8901062011719,260,3.184793263789324,1.0,0.05132468033295411,0.0,0.0,0.0,-0.647771954536438,CityLearnV3MADRLRewardFunction,matd3_unified_comparable_v4,E2,-0.0,1907,13.824034322033393,1.0,0.12884494549178238,0.0,8759
44,3.041463785175372,0.9235988259315491,0.2669842659749768,-0.8184155821800232,Building_7,6,MATD3,0.7900000214576721,True,-196.41973876953125,0.0,0.0,0.5324955582618713,1,8757,0.0,0.0,-0.0,17517,183.75563049316406,0.0,-0.5120023488998413,-78.27924346923828,0.0,-183.75563049316406,12.664108276367188,330,3.3652412436882475,1.0,0.04369413570472688,0.0,0.0,0.0,-0.647771954536438,CityLearnV3MADRLRewardFunction,matd3_unified_comparable_v4,E2,-0.0,1907,13.824034322033393,1.0,0.12884494549178238,0.0,8759
19,2.2642294367375166,0.9344901442527771,0.1943216174840927,-0.9043766856193542,Building_8,7,MATD3,0.7900000214576721,True,75.17011260986328,0.0,0.0,0.5324955582618713,1,8757,0.0,0.0,-0.0,17517,0.0,87.2361068725586,-0.775852382183075,37.16227340698242,68.9165267944336,87.2361068725586,12.065994262695312,155,3.3332587273805645,1.0,0.09290303712890995,0.0,0.0,0.0,-0.647771954536438,CityLearnV3MADRLRewardFunction,matd3_unified_comparable_v4,E2,-0.0,1907,13.824034322033393,1.0,0.12884494549178238,0.0,8759
12,1.4056546695121588,0.8582760095596313,0.19530826061964035,-0.560528576374054,Building_9,8,MATD3,0.7900000214576721,True,-16.81585693359375,0.0,0.0,0.5324955582618713,1,8757,0.0,0.0,-0.0,17517,14.52569580078125,0.0,-0.50096595287323,-6.187894821166992,0.0,-14.52569580078125,2.2901611328125,106,3.5661023598180055,1.0,0.15381565732213687,0.0,0.0,0.0,-0.647771954536438,CityLearnV3MADRLRewardFunction,matd3_unified_comparable_v4,E2,-0.0,1907,13.824034322033393,1.0,0.12884494549178238,0.0,8759
8,0.8878495676041593,0.18285337090492249,-0.09021007735282183,-0.7397305965423584,Building_10,9,MATD3,0.7900000214576721,True,-437.1807861328125,0.0,0.0,0.5324955582618713,1,8757,0.0,0.0,-0.0,17517,385.5312194824219,0.0,-0.5119921565055847,-164.23492431640625,0.0,-385.5312194824219,51.649566650390625,78,3.329457490662194,1.0,0.18347240124757475,0.0,0.0,0.0,-0.647771954536438,CityLearnV3MADRLRewardFunction,matd3_unified_comparable_v4,E2,-0.0,1907,13.824034322033393,1.0,0.12884494549178238,0.0,8759
5,1.0483900256266312,0.7963536381721497,0.23646807670593262,-0.3971472680568695,Building_11,10,MATD3,0.7900000214576721,True,-2.4631213818793185e-05,0.0,0.0,0.5324955582618713,1,8757,0.0,0.0,-0.0,17517,0.0,71.54801177978516,-0.7469988465309143,30.479198455810547,56.52293014526367,71.54801177978516,71.54803466796875,57,3.39703206666812,1.0,0.2536924733012392,0.0,0.0,0.0,-0.647771954536438,CityLearnV3MADRLRewardFunction,matd3_unified_comparable_v4,E2,-0.0,1907,13.824034322033393,1.0,0.12884494549178238,0.0,8759
5,1.2163188012004529,0.8630020022392273,0.4551622927188873,0.0,Building_12,11,MATD3,0.7900000214576721,True,0.03228948265314102,0.0,0.0,0.5324955582618713,1,8757,0.0,0.0,-0.0,17517,0.0,215.14822387695312,-0.7488281726837158,91.65238189697266,169.96710205078125,215.14822387695312,215.11593627929688,57,3.3654068061876137,1.0,0.2547682756394671,0.0,0.0,0.0,-0.647771954536438,CityLearnV3MADRLRewardFunction,matd3_unified_comparable_v4,E2,-0.0,1907,13.824034322033393,1.0,0.12884494549178238,0.0,8759
13,1.2777696306412623,0.6464722752571106,0.08387476893571708,-0.5782907009124756,Building_13,12,MATD3,0.7900000214576721,True,-19.477567672729492,0.0,0.0,0.5324955582618713,1,8757,0.0,0.0,-0.0,17517,17.44454574584961,0.0,-0.5153077244758606,-7.431314468383789,0.0,-17.44454574584961,2.033021926879883,113,3.411907606111212,1.0,0.12814579139241075,0.0,0.0,0.0,-0.647771954536438,CityLearnV3MADRLRewardFunction,matd3_unified_comparable_v4,E2,-0.0,1907,13.824034322033393,1.0,0.12884494549178238,0.0,8759
6,0.901058927705743,0.4354064464569092,0.04856640845537186,-0.6776427626609802,Building_14,13,MATD3,0.7900000214576721,True,-0.06662184745073318,0.0,0.0,0.5324955582618713,1,8757,0.0,0.0,-0.0,17517,0.0,2.5483293533325195,-0.5202633738517761,1.0855792760849,2.0131802558898926,2.5483293533325195,2.6149511337280273,64,3.2459011314906197,1.0,0.21219388069584966,0.0,0.0,0.0,-0.647771954536438,CityLearnV3MADRLRewardFunction,matd3_unified_comparable_v4,E2,-0.0,1907,13.824034322033393,1.0,0.12884494549178238,0.0,8759
10,1.2423381007066,0.8404873609542847,0.14439087957143784,-0.5159227252006531,Building_15,14,MATD3,0.7900000214576721,True,-24.279338836669922,0.0,0.0,0.5324955582618713,1,8757,0.0,0.0,-0.0,17517,4.7578582763671875,0.0,-0.5134683847427368,-2.0268306732177734,0.0,-4.7578582763671875,19.521480560302734,92,3.476852980002609,1.0,0.16421505598270375,0.0,0.0,0.0,-0.647771954536438,CityLearnV3MADRLRewardFunction,matd3_unified_comparable_v4,E2,-0.0,1907,13.824034322033393,1.0,0.12884494549178238,0.0,8759
13,1.0834522453806281,0.7983958125114441,0.15775975670952064,-0.09665647894144058,Building_16,15,MATD3,0.7900000214576721,True,-34.50636291503906,0.0,0.0,0.5324955582618713,1,8757,0.0,0.0,-0.0,17517,0.0,20.387542724609375,-0.694010317325592,8.685020446777344,16.106159210205078,20.387542724609375,54.89390563964844,113,3.2756132926457053,1.0,0.12338993091762593,0.0,0.0,0.0,-0.647771954536438,CityLearnV3MADRLRewardFunction,matd3_unified_comparable_v4,E2,-0.0,1907,13.824034322033393,1.0,0.12884494549178238,0.0,8759
13,1.6443421192424243,0.9326314926147461,0.3602623865008354,0.0,Building_17,16,MATD3,0.7900000214576721,True,16.721744537353516,0.0,0.0,0.5324955582618713,1,8757,0.0,0.0,-0.0,17517,0.0,39.18821716308594,-0.7449073791503906,16.694042205810547,30.95869255065918,39.18821716308594,22.466472625732422,113,3.2803209500973907,1.0,0.12274865094011864,0.0,0.0,0.0,-0.647771954536438,CityLearnV3MADRLRewardFunction,matd3_unified_comparable_v4,E2,-0.0,1907,13.824034322033393,1.0,0.12884494549178238,0.0,8759
6,2.0,1.0,0.0,-1.0,Building_1,0,MATD3,0.7900000214576721,True,0.0001155230711447075,0.0,0.0,0.5324955582618713,0,8756,0.0,0.0,-0.0,8756,0.0,446.8857421875,-0.8117042183876038,237.9646759033203,353.03973388671875,446.8857421875,446.8856201171875,64,3.503223809452118,1.0,0.2470808490179479,0.0,0.0,0.0,-0.7378185987472534,CityLearnV3MADRLRewardFunction,matd3_unified_comparable_v4,E2,-0.0,1907,14.402975250972949,1.0,0.13986380433826842,0.0,8759
8,2.0,1.0,0.25,-1.0,Building_2,1,MATD3,0.7900000214576721,True,-4.2703804865595885e-06,0.0,0.0,0.5324955582618713,0,8756,0.0,0.0,-0.0,8756,0.0,5.618851661682129,-0.6189379096031189,2.992013454437256,4.438892841339111,5.618851661682129,5.618855953216553,78,3.5967863477092896,1.0,0.20523372712807778,0.0,0.0,0.0,-0.7378185987472534,CityLearnV3MADRLRewardFunction,matd3_unified_comparable_v4,E2,-0.0,1907,14.402975250972949,1.0,0.13986380433826842,0.0,8759
10,2.5422402584212995,1.0,0.5078979134559631,-0.5998765230178833,Building_3,2,MATD3,0.7900000214576721,True,-6.375868906616233e-06,0.0,0.0,0.5324955582618713,0,8756,0.0,0.0,-0.0,8756,0.0,98.17060852050781,-0.8082408905029297,52.275413513183594,77.55477905273438,98.17060852050781,98.17061614990234,92,3.381958299639875,1.0,0.16205817250453908,0.0,0.0,0.0,-0.7378185987472534,CityLearnV3MADRLRewardFunction,matd3_unified_comparable_v4,E2,-0.0,1907,14.402975250972949,1.0,0.13986380433826842,0.0,8759
8,2.23606797749979,1.0,0.375,-1.0,Building_4,3,MATD3,0.7900000214576721,True,-2.8620024750125594e-06,0.0,0.0,0.5324955582618713,0,8756,0.0,0.0,-0.0,8756,0.0,28.844165802001953,-0.7777288556098938,15.359390258789062,22.78689193725586,28.844165802001953,28.84416961669922,78,3.5057306755257955,1.0,0.2003788581261268,0.0,0.0,0.0,-0.7378185987472534,CityLearnV3MADRLRewardFunction,matd3_unified_comparable_v4,E2,-0.0,1907,14.402975250972949,1.0,0.13986380433826842,0.0,8759
5,2.0,1.0,0.0,-1.0,Building_5,4,MATD3,0.7900000214576721,True,-6.506967338282266e-07,0.0,0.0,0.5324955582618713,0,8756,0.0,0.0,-0.0,8756,0.0,37.89287567138672,-0.8088148236274719,20.17778778076172,29.935373306274414,37.89287567138672,37.89287567138672,57,3.588453240945223,1.0,0.3001710743757716,0.0,0.0,0.0,-0.7378185987472534,CityLearnV3MADRLRewardFunction,matd3_unified_comparable_v4,E2,-0.0,1907,14.402975250972949,1.0,0.13986380433826842,0.0,8759
34,4.290099319340304,1.0,0.3433271777980468,-1.0,Building_6,5,MATD3,0.7900000214576721,True,-7.09893720340915e-06,0.0,0.0,0.5324955582618713,0,8756,0.0,0.0,-0.0,8756,0.0,350.8894348144531,-0.8103769421577454,186.84706115722656,277.2026672363281,350.8894348144531,350.8894348144531,260,3.361123904624985,1.0,0.056946806323069796,0.0,0.0,0.0,-0.7378185987472534,CityLearnV3MADRLRewardFunction,matd3_unified_comparable_v4,E2,-0.0,1907,14.402975250972949,1.0,0.13986380433826842,0.0,8759
44,4.1366935199840515,1.0,0.3369277241555127,-1.0,Building_7,6,MATD3,0.7900000214576721,True,-2.7540811515791574e-06,0.0,0.0,0.5324955582618713,0,8756,0.0,0.0,-0.0,8756,0.0,18.66022300720215,-0.7332261204719543,9.93648624420166,14.741576194763184,18.66022300720215,18.66022491455078,330,3.447417555358466,1.0,0.04650360106518774,0.0,0.0,0.0,-0.7378185987472534,CityLearnV3MADRLRewardFunction,matd3_unified_comparable_v4,E2,-0.0,1907,14.402975250972949,1.0,0.13986380433826842,0.0,8759
19,3.1476513992540873,1.0,0.3133019899067126,-1.0,Building_8,7,MATD3,0.7900000214576721,True,0.0,0.0,0.0,0.5324955582618713,0,8756,0.0,0.0,-0.0,8756,0.0,19.251495361328125,-0.7367185950279236,10.251336097717285,15.2086820602417,19.251495361328125,19.251495361328125,155,3.588548862842484,1.0,0.1043198908528974,0.0,0.0,0.0,-0.7378185987472534,CityLearnV3MADRLRewardFunction,matd3_unified_comparable_v4,E2,-0.0,1907,14.402975250972949,1.0,0.13986380433826842,0.0,8759
12,2.449489742783178,1.0,0.3333333333333333,-1.0,Building_9,8,MATD3,0.7900000214576721,True,0.0,0.0,0.0,0.5324955582618713,0,8756,0.0,0.0,-0.0,8756,0.0,2.4506425857543945,-0.5643649101257324,1.304956316947937,1.9360077381134033,2.4506425857543945,2.4506425857543945,106,3.694228222914233,1.0,0.1663521003891837,0.0,0.0,0.0,-0.7378185987472534,CityLearnV3MADRLRewardFunction,matd3_unified_comparable_v4,E2,-0.0,1907,14.402975250972949,1.0,0.13986380433826842,0.0,8759
8,2.449489742783178,1.0,0.5,-1.0,Building_10,9,MATD3,0.7900000214576721,True,2.810611192671786e-07,0.0,0.0,0.5324955582618713,0,8756,0.0,0.0,-0.0,8756,0.0,34.33414077758789,-0.7901225090026855,18.282777786254883,27.123971939086914,34.33414077758789,34.33414077758789,78,3.552998272720976,1.0,0.20390734506341127,0.0,0.0,0.0,-0.7378185987472534,CityLearnV3MADRLRewardFunction,matd3_unified_comparable_v4,E2,-0.0,1907,14.402975250972949,1.0,0.13986380433826842,0.0,8759
5,1.974252542625446,1.0,0.38949122428894045,-1.0,Building_11,10,MATD3,0.7900000214576721,True,0.0,0.0,0.0,0.5324955582618713,0,8756,0.0,0.0,-0.0,8756,0.0,57.917564392089844,-0.8057622313499451,30.840845108032227,45.754878997802734,57.917564392089844,57.917564392089844,57,3.4269312327582298,1.0,0.26467185506695196,0.0,0.0,0.0,-0.7378185987472534,CityLearnV3MADRLRewardFunction,matd3_unified_comparable_v4,E2,-0.0,1907,14.402975250972949,1.0,0.13986380433826842,0.0,8759
5,1.7482664449686025,1.0,0.2475123405456543,-1.0,Building_12,11,MATD3,0.7900000214576721,True,0.0,0.0,0.0,0.5324955582618713,0,8756,0.0,0.0,-0.0,8756,0.0,182.6020965576172,-0.8091268539428711,97.23480224609375,144.2556610107422,182.6020965576172,182.6020965576172,57,3.382213990677713,1.0,0.2615128771254891,0.0,0.0,0.0,-0.7378185987472534,CityLearnV3MADRLRewardFunction,matd3_unified_comparable_v4,E2,-0.0,1907,14.402975250972949,1.0,0.13986380433826842,0.0,8759
13,3.0,1.0,0.6923076923076923,0.0,Building_13,12,MATD3,0.7900000214576721,True,6.305357942437695e-07,0.0,0.0,0.5324955582618713,0,8756,0.0,0.0,-0.0,8756,0.0,2.789368152618408,-0.5859152674674988,1.4853261709213257,2.2036008834838867,2.789368152618408,2.789367437362671,113,3.580383600144423,1.0,0.14118053375092227,0.0,0.0,0.0,-0.7378185987472534,CityLearnV3MADRLRewardFunction,matd3_unified_comparable_v4,E2,-0.0,1907,14.402975250972949,1.0,0.13986380433826842,0.0,8759
6,1.7678577497581855,1.0,-0.10766548415025075,-1.0,Building_14,13,MATD3,0.7900000214576721,True,0.0,0.0,0.0,0.5324955582618713,0,8756,0.0,0.0,-0.0,8756,0.0,2.485826015472412,-0.5821707248687744,1.3236913681030273,1.9638025760650635,2.485826015472412,2.485826015472412,64,3.418988535353043,1.0,0.23511040955781937,0.0,0.0,0.0,-0.7378185987472534,CityLearnV3MADRLRewardFunction,matd3_unified_comparable_v4,E2,-0.0,1907,14.402975250972949,1.0,0.13986380433826842,0.0,8759
10,2.515738765496253,1.0,0.25735342502593994,-1.0,Building_15,14,MATD3,0.7900000214576721,True,0.0,0.0,0.0,0.5324955582618713,0,8756,0.0,0.0,-0.0,8756,0.0,20.5941162109375,-0.7441396713256836,10.966275215148926,16.269351959228516,20.5941162109375,20.5941162109375,92,3.5109894781092135,1.0,0.1717150945054448,0.0,0.0,0.0,-0.7378185987472534,CityLearnV3MADRLRewardFunction,matd3_unified_comparable_v4,E2,-0.0,1907,14.402975250972949,1.0,0.13986380433826842,0.0,8759
13,2.449489742783178,1.0,0.15384615384615385,-1.0,Building_16,15,MATD3,0.7900000214576721,True,-4.510138296609512e-06,0.0,0.0,0.5324955582618713,0,8756,0.0,0.0,-0.0,8756,0.0,103.13050079345703,-0.8083106279373169,54.916534423828125,81.47309875488281,103.13050079345703,103.13050842285156,113,3.417882445233487,1.0,0.13568432576360956,0.0,0.0,0.0,-0.7378185987472534,CityLearnV3MADRLRewardFunction,matd3_unified_comparable_v4,E2,-0.0,1907,14.402975250972949,1.0,0.13986380433826842,0.0,8759
13,3.0,1.0,0.38461538461538464,-1.0,Building_17,16,MATD3,0.7900000214576721,True,0.0,0.0,0.0,0.5324955582618713,0,8756,0.0,0.0,-0.0,8756,0.0,21.1981143951416,-0.747255265712738,11.287901878356934,16.746511459350586,21.1981143951416,21.1981143951416,113,3.4058759927261364,1.0,0.1351067732393214,0.0,0.0,0.0,-0.7378185987472534,CityLearnV3MADRLRewardFunction,matd3_unified_comparable_v4,E2,-0.0,1907,14.402975250972949,1.0,0.13986380433826842,0.0,8759
6,0.5945677909948657,0.4303787350654602,0.1603994481265545,-0.15269039571285248,Building_1,0,MATD3,0.7900000214576721,False,0.0,0.0,0.0,0.5324955582618713,2,0,0.0,0.0,-0.0,17520,-0.0,0.0,-0.5569316744804382,0.0,0.0,0.0,0.0,64,3.3666377927207174,1.0,0.2313632492441684,0.0,0.0,0.0,-0.3960905075073242,CityLearnV3MADRLRewardFunction,matd3_unified_comparable_v4,E2,-0.0,1907,14.132491099134349,1.0,0.13340107325316022,0.0,1
8,0.49741736775207473,0.34127575159072876,0.10190034098923206,0.0,Building_2,1,MATD3,0.7900000214576721,False,0.0,0.0,0.0,0.5324955582618713,2,0,0.0,0.0,-0.0,17520,-0.0,0.0,-0.4661182463169098,0.0,0.0,0.0,0.0,78,3.4500947021564015,1.0,0.19085355618825325,0.0,0.0,0.0,-0.3960905075073242,CityLearnV3MADRLRewardFunction,matd3_unified_comparable_v4,E2,-0.0,1907,14.132491099134349,1.0,0.13340107325316022,0.0,1
10,1.2210470752468654,0.8585923910140991,0.1317369133234024,-0.6336172819137573,Building_3,2,MATD3,0.7900000214576721,False,0.0,0.0,0.0,0.5324955582618713,2,0,0.0,0.0,-0.0,17520,-0.0,0.0,-0.5557823777198792,0.0,0.0,0.0,0.0,92,3.49978409754428,1.0,0.16923070626090403,0.0,0.0,0.0,-0.3960905075073242,CityLearnV3MADRLRewardFunction,matd3_unified_comparable_v4,E2,-0.0,1907,14.132491099134349,1.0,0.13340107325316022,0.0,1
8,0.8903083773354457,0.30640164017677307,0.04398526810109615,-0.7290518879890442,Building_4,3,MATD3,0.7900000214576721,False,0.0,0.0,0.0,0.5324955582618713,2,0,0.0,0.0,-0.0,17520,-0.0,0.0,-0.2900957465171814,0.0,0.0,0.0,0.0,78,3.317472013470383,1.0,0.18130276524103606,0.0,0.0,0.0,-0.3960905075073242,CityLearnV3MADRLRewardFunction,matd3_unified_comparable_v4,E2,-0.0,1907,14.132491099134349,1.0,0.13340107325316022,0.0,1
5,1.3684001527229435,0.8561626076698303,0.0038745224475860594,-0.9363221526145935,Building_5,4,MATD3,0.7900000214576721,False,0.0,0.0,0.0,0.5324955582618713,2,0,0.0,0.0,-0.0,17520,-0.0,0.0,-0.379543662071228,0.0,0.0,0.0,0.0,57,3.3826503954760545,1.0,0.26178047884451716,0.0,0.0,0.0,-0.3960905075073242,CityLearnV3MADRLRewardFunction,matd3_unified_comparable_v4,E2,-0.0,1907,14.132491099134349,1.0,0.13340107325316022,0.0,1
34,2.260096667478653,0.9055833220481873,0.21675154473632574,-0.2887745201587677,Building_6,5,MATD3,0.7900000214576721,False,0.0,0.0,0.0,0.5324955582618713,2,0,0.0,0.0,-0.0,17520,-0.0,0.0,-0.5568673610687256,0.0,0.0,0.0,0.0,260,3.3623080595570563,1.0,0.0558718866453721,0.0,0.0,0.0,-0.3960905075073242,CityLearnV3MADRLRewardFunction,matd3_unified_comparable_v4,E2,-0.0,1907,14.132491099134349,1.0,0.13340107325316022,0.0,1
44,3.3810681844149024,0.9636587500572205,0.28280706877227535,-0.7350247502326965,Building_7,6,MATD3,0.7900000214576721,False,0.0,0.0,0.0,0.5324955582618713,2,0,0.0,0.0,-0.0,17520,-0.0,0.0,-0.5545907020568848,0.0,0.0,0.0,0.0,330,3.440783621552349,1.0,0.04506144808097319,0.0,0.0,0.0,-0.3960905075073242,CityLearnV3MADRLRewardFunction,matd3_unified_comparable_v4,E2,-0.0,1907,14.132491099134349,1.0,0.13340107325316022,0.0,1
19,1.6342621590309747,0.7211023569107056,0.06017896493798808,-0.8892513513565063,Building_8,7,MATD3,0.7900000214576721,False,0.0,0.0,0.0,0.5324955582618713,2,0,0.0,0.0,-0.0,17520,-0.0,0.0,-0.5522250533103943,0.0,0.0,0.0,0.0,155,3.4537294488156673,1.0,0.09624094376640935,0.0,0.0,0.0,-0.3960905075073242,CityLearnV3MADRLRewardFunction,matd3_unified_comparable_v4,E2,-0.0,1907,14.132491099134349,1.0,0.13340107325316022,0.0,1
12,1.284654650177608,0.9128114581108093,0.1770308205547432,-0.13919511437416077,Building_9,8,MATD3,0.7900000214576721,False,0.0,0.0,0.0,0.5324955582618713,2,0,0.0,0.0,-0.0,17520,-0.0,0.0,-0.2976631820201874,0.0,0.0,0.0,0.0,106,3.5316897075032445,1.0,0.14843273907899857,0.0,0.0,0.0,-0.3960905075073242,CityLearnV3MADRLRewardFunction,matd3_unified_comparable_v4,E2,-0.0,1907,14.132491099134349,1.0,0.13340107325316022,0.0,1
8,1.6402918645223028,0.8906030654907227,-0.020982863381505013,-0.8007701635360718,Building_10,9,MATD3,0.7900000214576721,False,0.0,0.0,0.0,0.5324955582618713,2,0,0.0,0.0,-0.0,17520,-0.0,0.0,-0.29008376598358154,0.0,0.0,0.0,0.0,78,3.372622022040844,1.0,0.18619261289206454,0.0,0.0,0.0,-0.3960905075073242,CityLearnV3MADRLRewardFunction,matd3_unified_comparable_v4,E2,-0.0,1907,14.132491099134349,1.0,0.13340107325316022,0.0,1
5,1.4341117676282724,0.8499338030815125,0.0640706717967987,-0.9079853892326355,Building_11,10,MATD3,0.7900000214576721,False,0.0,0.0,0.0,0.5324955582618713,2,0,0.0,0.0,-0.0,17520,-0.0,0.0,-0.2902396023273468,0.0,0.0,0.0,0.0,57,3.536411129681706,1.0,0.2791949164187699,0.0,0.0,0.0,-0.3960905075073242,CityLearnV3MADRLRewardFunction,matd3_unified_comparable_v4,E2,-0.0,1907,14.132491099134349,1.0,0.13340107325316022,0.0,1
5,1.4449220665077245,0.9355893731117249,0.23943508565425872,-0.7374213337898254,Building_12,11,MATD3,0.7900000214576721,False,0.0,0.0,0.0,0.5324955582618713,2,0,0.0,0.0,-0.0,17520,-0.0,0.0,-0.29008349776268005,0.0,0.0,0.0,0.0,57,3.4587102876292923,1.0,0.27204686494772895,0.0,0.0,0.0,-0.3960905075073242,CityLearnV3MADRLRewardFunction,matd3_unified_comparable_v4,E2,-0.0,1907,14.132491099134349,1.0,0.13340107325316022,0.0,1
13,1.3543731018076766,0.897722065448761,0.09306985025222485,-0.8210108876228333,Building_13,12,MATD3,0.7900000214576721,False,0.0,0.0,0.0,0.5324955582618713,2,0,0.0,0.0,-0.0,17520,-0.0,0.0,-0.29060643911361694,0.0,0.0,0.0,0.0,113,3.3864684910798215,1.0,0.12830441570387477,0.0,0.0,0.0,-0.3960905075073242,CityLearnV3MADRLRewardFunction,matd3_unified_comparable_v4,E2,-0.0,1907,14.132491099134349,1.0,0.13340107325316022,0.0,1
6,1.5680665972940528,0.9042853713035583,-0.008761356274286905,-0.6790646910667419,Building_14,13,MATD3,0.7900000214576721,False,0.0,0.0,0.0,0.5324955582618713,2,0,0.0,0.0,-0.0,17520,-0.0,0.0,-0.2930811047554016,0.0,0.0,0.0,0.0,64,3.4176257978387627,1.0,0.2293571645859629,0.0,0.0,0.0,-0.3960905075073242,CityLearnV3MADRLRewardFunction,matd3_unified_comparable_v4,E2,-0.0,1907,14.132491099134349,1.0,0.13340107325316022,0.0,1
10,1.8194330739586817,0.9985559582710266,0.457508784532547,0.0,Building_15,14,MATD3,0.7900000214576721,False,0.0,0.0,0.0,0.5324955582618713,2,0,0.0,0.0,-0.0,17520,-0.0,0.0,-0.48708653450012207,0.0,0.0,0.0,0.0,92,3.444360116417206,1.0,0.1619048738123282,0.0,0.0,0.0,-0.3960905075073242,CityLearnV3MADRLRewardFunction,matd3_unified_comparable_v4,E2,-0.0,1907,14.132491099134349,1.0,0.13340107325316022,0.0,1
13,0.9911080198037021,0.714249849319458,0.13099328715067643,-0.15258729457855225,Building_16,15,MATD3,0.7900000214576721,False,0.0,0.0,0.0,0.5324955582618713,2,0,0.0,0.0,-0.0,17520,-0.0,0.0,-0.2921951711177826,0.0,0.0,0.0,0.0,113,3.3754465156127273,1.0,0.12907812619103795,0.0,0.0,0.0,-0.3960905075073242,CityLearnV3MADRLRewardFunction,matd3_unified_comparable_v4,E2,-0.0,1907,14.132491099134349,1.0,0.13340107325316022,0.0,1
13,1.2216956371563361,0.7125523686408997,0.016985646807230435,-0.6008077263832092,Building_17,16,MATD3,0.7900000214576721,False,0.0,0.0,0.0,0.5324955582618713,2,0,0.0,0.0,-0.0,17520,-0.0,0.0,-0.2903439998626709,0.0,0.0,0.0,0.0,113,3.463990606653487,1.0,0.13645459184076933,0.0,0.0,0.0,-0.3960905075073242,CityLearnV3MADRLRewardFunction,matd3_unified_comparable_v4,E2,-0.0,1907,14.132491099134349,1.0,0.13340107325316022,0.0,1
6,0.8773616496065099,0.2565498352050781,-0.15444351236025491,-0.6360555291175842,Building_1,0,MATD3,0.7900000214576721,True,412.7886962890625,0.0,0.0,0.5324955582618713,2,8758,0.0,0.0,-0.0,26278,0.0,804.3753662109375,-0.7559261918067932,414.4009704589844,635.45654296875,804.3753662109375,391.586669921875,64,3.322240569889417,1.0,0.22364873625338078,0.0,0.0,0.0,-0.6243832111358643,CityLearnV3MADRLRewardFunction,matd3_unified_comparable_v4,E2,-0.0,1907,14.089074056138879,1.0,0.13249351495244957,0.0,8759
8,0.7961408994046424,0.5269593596458435,0.026462307199835777,-0.5256354808807373,Building_2,1,MATD3,0.7900000214576721,True,-3.2356910705566406,0.0,0.0,0.5324955582618713,2,8758,0.0,0.0,-0.0,26278,3.050830602645874,0.0,-0.4813261032104492,-1.2996430397033691,0.0,-3.050830602645874,0.1848604679107666,78,3.4408783687122675,1.0,0.18957706942008093,0.0,0.0,0.0,-0.6243832111358643,CityLearnV3MADRLRewardFunction,matd3_unified_comparable_v4,E2,-0.0,1907,14.089074056138879,1.0,0.13249351495244957,0.0,8759
10,1.5044436751332317,0.9680898785591125,0.31819097250699996,-0.09422618895769119,Building_3,2,MATD3,0.7900000214576721,True,471.3732604980469,0.0,0.0,0.5324955582618713,2,8758,0.0,0.0,-0.0,26278,0.0,510.3820495605469,-0.7617819309234619,257.850830078125,403.20184326171875,510.3820495605469,39.0087890625,92,3.3152083962501733,1.0,0.15532664954662323,0.0,0.0,0.0,-0.6243832111358643,CityLearnV3MADRLRewardFunction,matd3_unified_comparable_v4,E2,-0.0,1907,14.089074056138879,1.0,0.13249351495244957,0.0,8759
8,1.1712286929231106,0.9688475728034973,0.2600725516676903,0.0,Building_4,3,MATD3,0.7900000214576721,True,125.61652374267578,0.0,0.0,0.5324955582618713,2,8758,0.0,0.0,-0.0,26278,0.0,162.28848266601562,-0.7605710625648499,72.49254608154297,128.20790100097656,162.28848266601562,36.671958923339844,78,3.265346126099319,1.0,0.1777383333597428,0.0,0.0,0.0,-0.6243832111358643,CityLearnV3MADRLRewardFunction,matd3_unified_comparable_v4,E2,-0.0,1907,14.089074056138879,1.0,0.13249351495244957,0.0,8759
5,0.40351072189022735,0.21524152159690857,0.0321686178445816,-0.26700371503829956,Building_5,4,MATD3,0.7900000214576721,True,0.10532480478286743,0.0,0.0,0.5324955582618713,2,8758,0.0,0.0,-0.0,26278,0.0,52.354835510253906,-0.7286160588264465,22.302974700927734,41.360321044921875,52.354835510253906,54.225337982177734,57,3.607661010369386,1.0,0.2961454127441373,0.0,0.0,0.0,-0.6243832111358643,CityLearnV3MADRLRewardFunction,matd3_unified_comparable_v4,E2,-0.0,1907,14.089074056138879,1.0,0.13249351495244957,0.0,8759
34,1.7410735013528051,0.8519611358642578,0.104349836049711,-0.7580738663673401,Building_6,5,MATD3,0.7900000214576721,True,-7.191686563601252e-06,0.0,0.0,0.5324955582618713,2,8758,0.0,0.0,-0.0,26278,0.0,348.8946838378906,-0.730476975440979,171.85952758789062,275.6268005371094,348.8946838378906,348.8946838378906,260,3.2556860654692144,1.0,0.05312848647053425,0.0,0.0,0.0,-0.6243832111358643,CityLearnV3MADRLRewardFunction,matd3_unified_comparable_v4,E2,-0.0,1907,14.089074056138879,1.0,0.13249351495244957,0.0,8759
44,3.565852678493495,0.9916324615478516,0.26082950618795375,-0.9622515439987183,Building_7,6,MATD3,0.7900000214576721,True,-64.1648178100586,0.0,0.0,0.5324955582618713,2,8758,0.0,0.0,-0.0,26278,61.184730529785156,0.0,-0.49195486307144165,-26.064477920532227,0.0,-61.184730529785156,2.9800872802734375,330,3.3732194661325154,1.0,0.04359498671961553,0.0,0.0,0.0,-0.6243832111358643,CityLearnV3MADRLRewardFunction,matd3_unified_comparable_v4,E2,-0.0,1907,14.089074056138879,1.0,0.13249351495244957,0.0,8759
19,1.7785569114732676,0.8997445702552795,0.23867293800178327,-0.7076694369316101,Building_8,7,MATD3,0.7900000214576721,True,25.594768524169922,0.0,0.0,0.5324955582618713,2,8758,0.0,0.0,-0.0,26278,0.0,31.794137954711914,-0.7247765064239502,13.544189453125,25.11737060546875,31.794137954711914,6.199369430541992,155,3.520859836398369,1.0,0.0995168145625822,0.0,0.0,0.0,-0.6243832111358643,CityLearnV3MADRLRewardFunction,matd3_unified_comparable_v4,E2,-0.0,1907,14.089074056138879,1.0,0.13249351495244957,0.0,8759
12,1.8306783564442524,0.8852435946464539,0.2130873774488767,-0.980928897857666,Building_9,8,MATD3,0.7900000214576721,True,-27.876632690429688,0.0,0.0,0.5324955582618713,2,8758,0.0,0.0,-0.0,26278,25.74156379699707,0.0,-0.48143553733825684,-10.965814590454102,0.0,-25.74156379699707,2.135068893432617,106,3.6692992076073514,1.0,0.160229836432439,0.0,0.0,0.0,-0.6243832111358643,CityLearnV3MADRLRewardFunction,matd3_unified_comparable_v4,E2,-0.0,1907,14.089074056138879,1.0,0.13249351495244957,0.0,8759
8,1.6897982613390907,0.9563702344894409,0.10046857222914696,-0.820183515548706,Building_10,9,MATD3,0.7900000214576721,True,-150.70306396484375,0.0,0.0,0.5324955582618713,2,8758,0.0,0.0,-0.0,26278,134.25119018554688,0.0,-0.49155232310295105,-57.190528869628906,0.0,-134.25119018554688,16.451873779296875,78,3.387349407063468,1.0,0.18748543535669646,0.0,0.0,0.0,-0.6243832111358643,CityLearnV3MADRLRewardFunction,matd3_unified_comparable_v4,E2,-0.0,1907,14.089074056138879,1.0,0.13249351495244957,0.0,8759
5,1.232722775857417,0.6997664570808411,0.24515132904052733,-0.6148651838302612,Building_11,10,MATD3,0.7900000214576721,True,231.92822265625,0.0,0.0,0.5324955582618713,2,8758,0.0,0.0,-0.0,26278,0.0,298.38018798828125,-0.7610809206962585,144.9607696533203,235.72035217285156,298.38018798828125,66.45196533203125,57,3.3634552864026124,1.0,0.2530762140165296,0.0,0.0,0.0,-0.6243832111358643,CityLearnV3MADRLRewardFunction,matd3_unified_comparable_v4,E2,-0.0,1907,14.089074056138879,1.0,0.13249351495244957,0.0,8759
5,1.1875024076633516,0.5392630100250244,-0.18814064264297486,-0.8499998450279236,Building_12,11,MATD3,0.7900000214576721,True,-815.9998779296875,0.0,0.0,0.5324955582618713,2,8758,0.0,0.0,-0.0,26278,660.6112060546875,0.0,-0.4949442744255066,-281.41802978515625,0.0,-660.6112060546875,155.388671875,57,3.3435686640222726,1.0,0.2553196818682185,0.0,0.0,0.0,-0.6243832111358643,CityLearnV3MADRLRewardFunction,matd3_unified_comparable_v4,E2,-0.0,1907,14.089074056138879,1.0,0.13249351495244957,0.0,8759
13,1.4253433736025118,0.8336774110794067,0.210131796506735,-0.06919354200363159,Building_13,12,MATD3,0.7900000214576721,True,-4.774354457855225,0.0,0.0,0.5324955582618713,2,8758,0.0,0.0,-0.0,26278,4.669580936431885,0.0,-0.48399150371551514,-1.989224910736084,0.0,-4.669580936431885,0.10477352142333984,113,3.389070910792241,1.0,0.1279422759482291,0.0,0.0,0.0,-0.6243832111358643,CityLearnV3MADRLRewardFunction,matd3_unified_comparable_v4,E2,-0.0,1907,14.089074056138879,1.0,0.13249351495244957,0.0,8759
6,1.2220257859288435,0.6071459650993347,-0.06731368601322174,-0.8910947442054749,Building_14,13,MATD3,0.7900000214576721,True,8.846972465515137,0.0,0.0,0.5324955582618713,2,8758,0.0,0.0,-0.0,26278,0.0,10.199092864990234,-0.605726957321167,4.3447771072387695,8.057283401489258,10.199092864990234,1.3521203994750977,64,3.49084534926822,1.0,0.23451858526095748,0.0,0.0,0.0,-0.6243832111358643,CityLearnV3MADRLRewardFunction,matd3_unified_comparable_v4,E2,-0.0,1907,14.089074056138879,1.0,0.13249351495244957,0.0,8759
10,1.1834911926036624,0.8101291060447693,0.18760643005371094,-0.15049105882644653,Building_15,14,MATD3,0.7900000214576721,True,-15.651069641113281,0.0,0.0,0.5324955582618713,2,8758,0.0,0.0,-0.0,26278,0.5034465789794922,0.0,-0.49050065875053406,-0.21446645259857178,0.0,-0.5034465789794922,15.147623062133789,92,3.5161654790878467,1.0,0.1678348773199579,0.0,0.0,0.0,-0.6243832111358643,CityLearnV3MADRLRewardFunction,matd3_unified_comparable_v4,E2,-0.0,1907,14.089074056138879,1.0,0.13249351495244957,0.0,8759
13,1.0486198891037557,0.8716813921928406,0.15675902767823294,0.0,Building_16,15,MATD3,0.7900000214576721,True,0.7260911464691162,0.0,0.0,0.5324955582618713,2,8758,0.0,0.0,-0.0,26278,0.0,12.683511734008789,-0.6105321645736694,5.403131008148193,10.019974708557129,12.683511734008789,11.957420349121094,113,3.4706253939596303,1.0,0.13202202979442293,0.0,0.0,0.0,-0.6243832111358643,CityLearnV3MADRLRewardFunction,matd3_unified_comparable_v4,E2,-0.0,1907,14.089074056138879,1.0,0.13249351495244957,0.0,8759
13,1.4426248681624634,0.9387962818145752,0.19455345060962898,0.0,Building_17,16,MATD3,0.7900000214576721,True,106.11563873291016,0.0,0.0,0.5324955582618713,2,8758,0.0,0.0,-0.0,26278,0.0,129.20327758789062,-0.7593203186988831,55.040138244628906,102.07059478759766,129.20327758789062,23.08763885498047,113,3.327397984706958,1.0,0.1282571365611743,0.0,0.0,0.0,-0.6243832111358643,CityLearnV3MADRLRewardFunction,matd3_unified_comparable_v4,E2,-0.0,1907,14.089074056138879,1.0,0.13249351495244957,0.0,8759
6,1.3557588466099797,0.7426707744598389,0.16975427667299905,-0.8226286172866821,Building_1,0,MATD3,0.7900000214576721,False,0.0,0.0,0.0,0.5324955582618713,3,0,0.0,0.0,-0.0,26280,-0.0,0.0,-0.7304650545120239,0.0,0.0,0.0,0.0,64,3.4888711207961847,1.0,0.24240408558398485,0.0,0.0,0.0,-0.5796223878860474,CityLearnV3MADRLRewardFunction,matd3_unified_comparable_v4,E2,-0.0,1907,14.65033583091365,1.0,0.13942930539537615,0.0,2
8,1.631740470252292,0.9893662333488464,0.17422863468527794,-0.8606970310211182,Building_2,1,MATD3,0.7900000214576721,False,0.0,0.0,0.0,0.5324955582618713,3,0,0.0,0.0,-0.0,26280,-0.0,0.0,-0.650313138961792,0.0,0.0,0.0,0.0,78,3.5316109118172307,1.0,0.19608223552887255,0.0,0.0,0.0,-0.5796223878860474,CityLearnV3MADRLRewardFunction,matd3_unified_comparable_v4,E2,-0.0,1907,14.65033583091365,1.0,0.13942930539537615,0.0,2
10,1.5051579688713037,0.9841446280479431,0.29015136882662773,-0.3244558870792389,Building_3,2,MATD3,0.7900000214576721,False,0.0,0.0,0.0,0.5324955582618713,3,0,0.0,0.0,-0.0,26280,-0.0,0.0,-0.46172043681144714,0.0,0.0,0.0,0.0,92,3.607050660641787,1.0,0.17556359270668548,0.0,0.0,0.0,-0.5796223878860474,CityLearnV3MADRLRewardFunction,matd3_unified_comparable_v4,E2,-0.0,1907,14.65033583091365,1.0,0.13942930539537615,0.0,2
8,1.5082100388414013,0.9981922507286072,0.36536958534270525,0.0,Building_4,3,MATD3,0.7900000214576721,False,0.0,0.0,0.0,0.5324955582618713,3,0,0.0,0.0,-0.0,26280,-0.0,0.0,-0.672702968120575,0.0,0.0,0.0,0.0,78,3.578413181663621,1.0,0.1999326099952062,0.0,0.0,0.0,-0.5796223878860474,CityLearnV3MADRLRewardFunction,matd3_unified_comparable_v4,E2,-0.0,1907,14.65033583091365,1.0,0.13942930539537615,0.0,2
5,0.9099787094552122,0.821681022644043,0.09557988569140434,-0.38846486806869507,Building_5,4,MATD3,0.7900000214576721,False,0.0,0.0,0.0,0.5324955582618713,3,0,0.0,0.0,-0.0,26280,-0.0,0.0,-0.47223421931266785,0.0,0.0,0.0,0.0,57,3.5495663038330467,1.0,0.2776592275814006,0.0,0.0,0.0,-0.5796223878860474,CityLearnV3MADRLRewardFunction,matd3_unified_comparable_v4,E2,-0.0,1907,14.65033583091365,1.0,0.13942930539537615,0.0,2
34,2.528290493500978,0.9635912775993347,0.1700993068584734,-0.9144876003265381,Building_6,5,MATD3,0.7900000214576721,False,0.0,0.0,0.0,0.5324955582618713,3,0,0.0,0.0,-0.0,26280,-0.0,0.0,-0.7246978282928467,0.0,0.0,0.0,0.0,260,3.4905257420811187,1.0,0.05890836879037894,0.0,0.0,0.0,-0.5796223878860474,CityLearnV3MADRLRewardFunction,matd3_unified_comparable_v4,E2,-0.0,1907,14.65033583091365,1.0,0.13942930539537615,0.0,2
44,3.2305557831577065,0.9992875456809998,0.29459322298961604,-0.7492375373840332,Building_7,6,MATD3,0.7900000214576721,False,0.0,0.0,0.0,0.5324955582618713,3,0,0.0,0.0,-0.0,26280,-0.0,0.0,-0.45951640605926514,0.0,0.0,0.0,0.0,330,3.493036575614181,1.0,0.04557569722334544,0.0,0.0,0.0,-0.5796223878860474,CityLearnV3MADRLRewardFunction,matd3_unified_comparable_v4,E2,-0.0,1907,14.65033583091365,1.0,0.13942930539537615,0.0,2
19,2.3642077446911482,0.9328122138977051,0.31430979739678533,-0.7095761895179749,Building_8,7,MATD3,0.7900000214576721,False,0.0,0.0,0.0,0.5324955582618713,3,0,0.0,0.0,-0.0,26280,-0.0,0.0,-0.45465075969696045,0.0,0.0,0.0,0.0,155,3.5689131444966997,1.0,0.10045233157373244,0.0,0.0,0.0,-0.5796223878860474,CityLearnV3MADRLRewardFunction,matd3_unified_comparable_v4,E2,-0.0,1907,14.65033583091365,1.0,0.13942930539537615,0.0,2
12,1.268688200725391,0.8795072436332703,0.18086704852369925,-0.23420780897140503,Building_9,8,MATD3,0.7900000214576721,False,0.0,0.0,0.0,0.5324955582618713,3,0,0.0,0.0,-0.0,26280,-0.0,0.0,-0.46641257405281067,0.0,0.0,0.0,0.0,106,3.65680493060882,1.0,0.1542399967757036,0.0,0.0,0.0,-0.5796223878860474,CityLearnV3MADRLRewardFunction,matd3_unified_comparable_v4,E2,-0.0,1907,14.65033583091365,1.0,0.13942930539537615,0.0,2
8,1.1210302675702553,0.705467939376831,0.062388721853494644,-0.520658552646637,Building_10,9,MATD3,0.7900000214576721,False,0.0,0.0,0.0,0.5324955582618713,3,0,0.0,0.0,-0.0,26280,-0.0,0.0,-0.7229984998703003,0.0,0.0,0.0,0.0,78,3.4911221312368923,1.0,0.19455991465693864,0.0,0.0,0.0,-0.5796223878860474,CityLearnV3MADRLRewardFunction,matd3_unified_comparable_v4,E2,-0.0,1907,14.65033583091365,1.0,0.13942930539537615,0.0,2
5,0.852620136760308,0.7429195642471313,0.2322574734687805,0.0,Building_11,10,MATD3,0.7900000214576721,False,0.0,0.0,0.0,0.5324955582618713,3,0,0.0,0.0,-0.0,26280,-0.0,0.0,-0.7292115092277527,0.0,0.0,0.0,0.0,57,3.675379796200638,1.0,0.28937323116942454,0.0,0.0,0.0,-0.5796223878860474,CityLearnV3MADRLRewardFunction,matd3_unified_comparable_v4,E2,-0.0,1907,14.65033583091365,1.0,0.13942930539537615,0.0,2
5,1.2427981572940696,0.9800389409065247,0.15454429984092713,-0.4429466128349304,Building_12,11,MATD3,0.7900000214576721,False,0.0,0.0,0.0,0.5324955582618713,3,0,0.0,0.0,-0.0,26280,-0.0,0.0,-0.4635142982006073,0.0,0.0,0.0,0.0,57,3.568076669870473,1.0,0.27925443976071845,0.0,0.0,0.0,-0.5796223878860474,CityLearnV3MADRLRewardFunction,matd3_unified_comparable_v4,E2,-0.0,1907,14.65033583091365,1.0,0.13942930539537615,0.0,2
13,1.748646980826041,0.8286473751068115,0.3843457559840037,0.0,Building_13,12,MATD3,0.7900000214576721,False,0.0,0.0,0.0,0.5324955582618713,3,0,0.0,0.0,-0.0,26280,-0.0,0.0,-0.698108971118927,0.0,0.0,0.0,0.0,113,3.5615432051666325,1.0,0.13750434475662435,0.0,0.0,0.0,-0.5796223878860474,CityLearnV3MADRLRewardFunction,matd3_unified_comparable_v4,E2,-0.0,1907,14.65033583091365,1.0,0.13942930539537615,0.0,2
6,0.9198982559247767,0.4560273289680481,-0.03307021223008633,-0.5395822525024414,Building_14,13,MATD3,0.7900000214576721,False,0.0,0.0,0.0,0.5324955582618713,3,0,0.0,0.0,-0.0,26280,-0.0,0.0,-0.4908878803253174,0.0,0.0,0.0,0.0,64,3.5265124618147117,1.0,0.24029699293896556,0.0,0.0,0.0,-0.5796223878860474,CityLearnV3MADRLRewardFunction,matd3_unified_comparable_v4,E2,-0.0,1907,14.65033583091365,1.0,0.13942930539537615,0.0,2
10,1.1624076859083636,0.8895420432090759,0.21343174576759338,-0.11506837606430054,Building_15,14,MATD3,0.7900000214576721,False,0.0,0.0,0.0,0.5324955582618713,3,0,0.0,0.0,-0.0,26280,-0.0,0.0,-0.4567441940307617,0.0,0.0,0.0,0.0,92,3.5580496745821026,1.0,0.16913320893502753,0.0,0.0,0.0,-0.5796223878860474,CityLearnV3MADRLRewardFunction,matd3_unified_comparable_v4,E2,-0.0,1907,14.65033583091365,1.0,0.13942930539537615,0.0,2
13,1.762665494231451,0.9351180195808411,0.3437897070096089,0.0,Building_16,15,MATD3,0.7900000214576721,False,0.0,0.0,0.0,0.5324955582618713,3,0,0.0,0.0,-0.0,26280,-0.0,0.0,-0.7311645746231079,0.0,0.0,0.0,0.0,113,3.4749184849443893,1.0,0.13411455212441165,0.0,0.0,0.0,-0.5796223878860474,CityLearnV3MADRLRewardFunction,matd3_unified_comparable_v4,E2,-0.0,1907,14.65033583091365,1.0,0.13942930539537615,0.0,2
13,2.175037034196419,0.9047091007232666,0.3397053090425638,-0.9219534397125244,Building_17,16,MATD3,0.7900000214576721,False,0.0,0.0,0.0,0.5324955582618713,3,0,0.0,0.0,-0.0,26280,-0.0,0.0,-0.4682369828224182,0.0,0.0,0.0,0.0,113,3.577003060511182,1.0,0.14172463481668876,0.0,0.0,0.0,-0.5796223878860474,CityLearnV3MADRLRewardFunction,matd3_unified_comparable_v4,E2,-0.0,1907,14.65033583091365,1.0,0.13942930539537615,0.0,2
6,1.3610819186574186,0.9695410132408142,0.10861435035864513,-0.7065224647521973,Building_1,0,MATD3,0.7900000214576721,True,-1136.794677734375,0.0,0.0,0.5324955582618713,3,8757,0.0,0.0,-0.0,35037,703.340087890625,0.0,-0.5119677186012268,-299.6203918457031,0.0,-703.340087890625,433.45458984375,64,3.2574299326796994,1.0,0.21892452496103942,0.0,0.0,0.0,-0.647771954536438,CityLearnV3MADRLRewardFunction,matd3_unified_comparable_v4,E2,-0.0,1907,13.824034322033393,1.0,0.12884494549178238,0.0,8759
8,1.3378425438247434,0.9872577786445618,0.265876442193985,-0.32015177607536316,Building_2,1,MATD3,0.7900000214576721,True,23.527278900146484,0.0,0.0,0.5324955582618713,3,8757,0.0,0.0,-0.0,35037,0.0,38.69163513183594,-0.7616795301437378,16.482498168945312,30.56639289855957,38.69163513183594,15.164356231689453,78,3.374224292465965,1.0,0.18718992995145994,0.0,0.0,0.0,-0.647771954536438,CityLearnV3MADRLRewardFunction,matd3_unified_comparable_v4,E2,-0.0,1907,13.824034322033393,1.0,0.12884494549178238,0.0,8759
10,1.5983799294643626,0.9543981552124023,0.13979216143488885,-0.7470598220825195,Building_3,2,MATD3,0.7900000214576721,True,367.0425109863281,0.0,0.0,0.5324955582618713,3,8757,0.0,0.0,-0.0,35037,0.0,461.58233642578125,-0.7786978483200073,199.62652587890625,364.6500549316406,461.58233642578125,94.53982543945312,92,3.2922424651668214,1.0,0.1523194382696048,0.0,0.0,0.0,-0.647771954536438,CityLearnV3MADRLRewardFunction,matd3_unified_comparable_v4,E2,-0.0,1907,13.824034322033393,1.0,0.12884494549178238,0.0,8759
8,1.435579420394119,0.9375157356262207,0.20589098054915667,-0.6720747351646423,Building_4,3,MATD3,0.7900000214576721,True,-9.939602851867676,0.0,0.0,0.5324955582618713,3,8757,0.0,0.0,-0.0,35037,0.0,21.10356903076172,-0.6980583667755127,8.990045547485352,16.67181968688965,21.10356903076172,31.043170928955078,78,3.2439243672734737,1.0,0.17662395556003618,0.0,0.0,0.0,-0.647771954536438,CityLearnV3MADRLRewardFunction,matd3_unified_comparable_v4,E2,-0.0,1907,13.824034322033393,1.0,0.12884494549178238,0.0,8759
5,1.3532029554385088,0.9857553243637085,0.01173858642578125,-0.9270623922348022,Building_5,4,MATD3,0.7900000214576721,True,-28.68878746032715,0.0,0.0,0.5324955582618713,3,8757,0.0,0.0,-0.0,35037,0.0,17.144773483276367,-0.729518473148346,7.30361270904541,13.544370651245117,17.144773483276367,38.538970947265625,57,3.569818481720822,1.0,0.29056000500394585,0.0,0.0,0.0,-0.647771954536438,CityLearnV3MADRLRewardFunction,matd3_unified_comparable_v4,E2,-0.0,1907,13.824034322033393,1.0,0.12884494549178238,0.0,8759
34,2.0991617489950016,0.9282126426696777,0.15708223993287368,-0.35418614745140076,Building_6,5,MATD3,0.7900000214576721,True,0.0,0.0,0.0,0.5324955582618713,3,8757,0.0,0.0,-0.0,35037,0.0,362.8901062011719,-0.7476039528846741,154.5898895263672,286.6831970214844,362.8901062011719,362.8901062011719,260,3.184793263789324,1.0,0.05132468033295411,0.0,0.0,0.0,-0.647771954536438,CityLearnV3MADRLRewardFunction,matd3_unified_comparable_v4,E2,-0.0,1907,13.824034322033393,1.0,0.12884494549178238,0.0,8759
44,3.041463785175372,0.9235988259315491,0.2669842659749768,-0.8184155821800232,Building_7,6,MATD3,0.7900000214576721,True,-196.41973876953125,0.0,0.0,0.5324955582618713,3,8757,0.0,0.0,-0.0,35037,183.75563049316406,0.0,-0.5120023488998413,-78.27924346923828,0.0,-183.75563049316406,12.664108276367188,330,3.3652412436882475,1.0,0.04369413570472688,0.0,0.0,0.0,-0.647771954536438,CityLearnV3MADRLRewardFunction,matd3_unified_comparable_v4,E2,-0.0,1907,13.824034322033393,1.0,0.12884494549178238,0.0,8759
19,2.2642294367375166,0.9344901442527771,0.1943216174840927,-0.9043766856193542,Building_8,7,MATD3,0.7900000214576721,True,75.17011260986328,0.0,0.0,0.5324955582618713,3,8757,0.0,0.0,-0.0,35037,0.0,87.2361068725586,-0.775852382183075,37.16227340698242,68.9165267944336,87.2361068725586,12.065994262695312,155,3.3332587273805645,1.0,0.09290303712890995,0.0,0.0,0.0,-0.647771954536438,CityLearnV3MADRLRewardFunction,matd3_unified_comparable_v4,E2,-0.0,1907,13.824034322033393,1.0,0.12884494549178238,0.0,8759
12,1.4056546695121588,0.8582760095596313,0.19530826061964035,-0.560528576374054,Building_9,8,MATD3,0.7900000214576721,True,-16.81585693359375,0.0,0.0,0.5324955582618713,3,8757,0.0,0.0,-0.0,35037,14.52569580078125,0.0,-0.50096595287323,-6.187894821166992,0.0,-14.52569580078125,2.2901611328125,106,3.5661023598180055,1.0,0.15381565732213687,0.0,0.0,0.0,-0.647771954536438,CityLearnV3MADRLRewardFunction,matd3_unified_comparable_v4,E2,-0.0,1907,13.824034322033393,1.0,0.12884494549178238,0.0,8759
8,0.8878495676041593,0.18285337090492249,-0.09021007735282183,-0.7397305965423584,Building_10,9,MATD3,0.7900000214576721,True,-437.1807861328125,0.0,0.0,0.5324955582618713,3,8757,0.0,0.0,-0.0,35037,385.5312194824219,0.0,-0.5119921565055847,-164.23492431640625,0.0,-385.5312194824219,51.649566650390625,78,3.329457490662194,1.0,0.18347240124757475,0.0,0.0,0.0,-0.647771954536438,CityLearnV3MADRLRewardFunction,matd3_unified_comparable_v4,E2,-0.0,1907,13.824034322033393,1.0,0.12884494549178238,0.0,8759
5,1.0483900256266312,0.7963536381721497,0.23646807670593262,-0.3971472680568695,Building_11,10,MATD3,0.7900000214576721,True,-2.4631213818793185e-05,0.0,0.0,0.5324955582618713,3,8757,0.0,0.0,-0.0,35037,0.0,71.54801177978516,-0.7469988465309143,30.479198455810547,56.52293014526367,71.54801177978516,71.54803466796875,57,3.39703206666812,1.0,0.2536924733012392,0.0,0.0,0.0,-0.647771954536438,CityLearnV3MADRLRewardFunction,matd3_unified_comparable_v4,E2,-0.0,1907,13.824034322033393,1.0,0.12884494549178238,0.0,8759
5,1.2163188012004529,0.8630020022392273,0.4551622927188873,0.0,Building_12,11,MATD3,0.7900000214576721,True,0.03228948265314102,0.0,0.0,0.5324955582618713,3,8757,0.0,0.0,-0.0,35037,0.0,215.14822387695312,-0.7488281726837158,91.65238189697266,169.96710205078125,215.14822387695312,215.11593627929688,57,3.3654068061876137,1.0,0.2547682756394671,0.0,0.0,0.0,-0.647771954536438,CityLearnV3MADRLRewardFunction,matd3_unified_comparable_v4,E2,-0.0,1907,13.824034322033393,1.0,0.12884494549178238,0.0,8759
13,1.2777696306412623,0.6464722752571106,0.08387476893571708,-0.5782907009124756,Building_13,12,MATD3,0.7900000214576721,True,-19.477567672729492,0.0,0.0,0.5324955582618713,3,8757,0.0,0.0,-0.0,35037,17.44454574584961,0.0,-0.5153077244758606,-7.431314468383789,0.0,-17.44454574584961,2.033021926879883,113,3.411907606111212,1.0,0.12814579139241075,0.0,0.0,0.0,-0.647771954536438,CityLearnV3MADRLRewardFunction,matd3_unified_comparable_v4,E2,-0.0,1907,13.824034322033393,1.0,0.12884494549178238,0.0,8759
6,0.901058927705743,0.4354064464569092,0.04856640845537186,-0.6776427626609802,Building_14,13,MATD3,0.7900000214576721,True,-0.06662184745073318,0.0,0.0,0.5324955582618713,3,8757,0.0,0.0,-0.0,35037,0.0,2.5483293533325195,-0.5202633738517761,1.0855792760849,2.0131802558898926,2.5483293533325195,2.6149511337280273,64,3.2459011314906197,1.0,0.21219388069584966,0.0,0.0,0.0,-0.647771954536438,CityLearnV3MADRLRewardFunction,matd3_unified_comparable_v4,E2,-0.0,1907,13.824034322033393,1.0,0.12884494549178238,0.0,8759
10,1.2423381007066,0.8404873609542847,0.14439087957143784,-0.5159227252006531,Building_15,14,MATD3,0.7900000214576721,True,-24.279338836669922,0.0,0.0,0.5324955582618713,3,8757,0.0,0.0,-0.0,35037,4.7578582763671875,0.0,-0.5134683847427368,-2.0268306732177734,0.0,-4.7578582763671875,19.521480560302734,92,3.476852980002609,1.0,0.16421505598270375,0.0,0.0,0.0,-0.647771954536438,CityLearnV3MADRLRewardFunction,matd3_unified_comparable_v4,E2,-0.0,1907,13.824034322033393,1.0,0.12884494549178238,0.0,8759
13,1.0834522453806281,0.7983958125114441,0.15775975670952064,-0.09665647894144058,Building_16,15,MATD3,0.7900000214576721,True,-34.50636291503906,0.0,0.0,0.5324955582618713,3,8757,0.0,0.0,-0.0,35037,0.0,20.387542724609375,-0.694010317325592,8.685020446777344,16.106159210205078,20.387542724609375,54.89390563964844,113,3.2756132926457053,1.0,0.12338993091762593,0.0,0.0,0.0,-0.647771954536438,CityLearnV3MADRLRewardFunction,matd3_unified_comparable_v4,E2,-0.0,1907,13.824034322033393,1.0,0.12884494549178238,0.0,8759
13,1.6443421192424243,0.9326314926147461,0.3602623865008354,0.0,Building_17,16,MATD3,0.7900000214576721,True,16.721744537353516,0.0,0.0,0.5324955582618713,3,8757,0.0,0.0,-0.0,35037,0.0,39.18821716308594,-0.7449073791503906,16.694042205810547,30.95869255065918,39.18821716308594,22.466472625732422,113,3.2803209500973907,1.0,0.12274865094011864,0.0,0.0,0.0,-0.647771954536438,CityLearnV3MADRLRewardFunction,matd3_unified_comparable_v4,E2,-0.0,1907,13.824034322033393,1.0,0.12884494549178238,0.0,8759
6,1.8474949401651735,1.0,0.6071392595767975,0.0,Building_1,0,MATD3,0.7900000214576721,True,-2.591028533061035e-05,0.0,0.0,0.5324955582618713,1,8755,0.0,0.0,-0.0,17515,0.0,391.5866394042969,-0.7388964891433716,208.5181427001953,309.35345458984375,391.5866394042969,391.586669921875,64,3.436595653999613,1.0,0.23313685692846775,0.0,0.0,0.0,-0.6341236233711243,CityLearnV3MADRLRewardFunction,matd3_unified_comparable_v4,E2,-0.0,1907,14.00340314561748,1.0,0.13091020030567768,0.0,8759
8,2.449489742783178,1.0,0.5,-1.0,Building_2,1,MATD3,0.7900000214576721,True,-7.45059693940675e-08,0.0,0.0,0.5324955582618713,1,8755,0.0,0.0,-0.0,17515,0.0,0.18486037850379944,-0.48164403438568115,0.09843733161687851,0.1460397094488144,0.18486037850379944,0.1848604530096054,78,3.520597752596835,1.0,0.19391298790772757,0.0,0.0,0.0,-0.6341236233711243,CityLearnV3MADRLRewardFunction,matd3_unified_comparable_v4,E2,-0.0,1907,14.00340314561748,1.0,0.13091020030567768,0.0,8759
10,2.449489742783178,1.0,0.2,-1.0,Building_3,2,MATD3,0.7900000214576721,True,0.0,0.0,0.0,0.5324955582618713,1,8755,0.0,0.0,-0.0,17515,0.0,39.0087890625,-0.7225374579429626,20.77200698852539,30.816944122314453,39.0087890625,39.0087890625,92,3.2643349760543376,1.0,0.15071380041215732,0.0,0.0,0.0,-0.6341236233711243,CityLearnV3MADRLRewardFunction,matd3_unified_comparable_v4,E2,-0.0,1907,14.00340314561748,1.0,0.13091020030567768,0.0,8759
8,2.0,1.0,0.0,-1.0,Building_4,3,MATD3,0.7900000214576721,True,0.0,0.0,0.0,0.5324955582618713,1,8755,0.0,0.0,-0.0,17515,0.0,36.67196273803711,-0.7195426225662231,19.52765655517578,28.97085189819336,36.67196273803711,36.67196273803711,78,3.2650679327162457,1.0,0.1776794059536396,0.0,0.0,0.0,-0.6341236233711243,CityLearnV3MADRLRewardFunction,matd3_unified_comparable_v4,E2,-0.0,1907,14.00340314561748,1.0,0.13091020030567768,0.0,8759
5,1.7406917009456309,1.0,0.23464540243148804,-1.0,Building_5,4,MATD3,0.7900000214576721,True,0.0,0.0,0.0,0.5324955582618713,1,8755,0.0,0.0,-0.0,17515,0.0,60.26204299926758,-0.8005566596984863,32.089271545410156,47.60701370239258,60.26204299926758,54.225337982177734,57,3.569266383478027,1.0,0.29216772161032023,0.0,0.0,0.0,-0.6341236233711243,CityLearnV3MADRLRewardFunction,matd3_unified_comparable_v4,E2,-0.0,1907,14.00340314561748,1.0,0.13091020030567768,0.0,8759
34,3.8473832111127497,1.0,0.2616395336740157,-1.0,Building_6,5,MATD3,0.7900000214576721,True,0.0,0.0,0.0,0.5324955582618713,1,8755,0.0,0.0,-0.0,17515,0.0,348.8946838378906,-0.7375227212905884,185.7848663330078,275.6268005371094,348.8946838378906,348.8946838378906,260,3.2554705069875767,1.0,0.05311486892975294,0.0,0.0,0.0,-0.6341236233711243,CityLearnV3MADRLRewardFunction,matd3_unified_comparable_v4,E2,-0.0,1907,14.00340314561748,1.0,0.13091020030567768,0.0,8759
44,4.691147655338671,1.0,0.4564287110485814,-1.0,Building_7,6,MATD3,0.7900000214576721,True,0.0,0.0,0.0,0.5324955582618713,1,8755,0.0,0.0,-0.0,17515,0.0,2.9800853729248047,-0.5152494311332703,1.58688223361969,2.3542675971984863,2.9800853729248047,2.9800853729248047,330,3.362323585222599,1.0,0.04331309124827385,0.0,0.0,0.0,-0.6341236233711243,CityLearnV3MADRLRewardFunction,matd3_unified_comparable_v4,E2,-0.0,1907,14.00340314561748,1.0,0.13091020030567768,0.0,8759
19,3.036990594716074,1.0,0.1827662555794967,-1.0,Building_8,7,MATD3,0.7900000214576721,True,0.0,0.0,0.0,0.5324955582618713,1,8755,0.0,0.0,-0.0,17515,0.0,6.19936990737915,-0.5523836612701416,3.3011369705200195,4.897502422332764,6.19936990737915,6.19936990737915,155,3.3962261274741334,1.0,0.09467931918559536,0.0,0.0,0.0,-0.6341236233711243,CityLearnV3MADRLRewardFunction,matd3_unified_comparable_v4,E2,-0.0,1907,14.00340314561748,1.0,0.13091020030567768,0.0,8759
12,1.7320508075688772,1.0,0.08333333333333333,-1.0,Building_9,8,MATD3,0.7900000214576721,True,0.0,0.0,0.0,0.5324955582618713,1,8755,0.0,0.0,-0.0,17515,0.0,2.1350696086883545,-0.4877806603908539,1.1369150876998901,1.6867049932479858,2.1350696086883545,2.1350696086883545,106,3.5815197403337824,1.0,0.15437126440821952,0.0,0.0,0.0,-0.6341236233711243,CityLearnV3MADRLRewardFunction,matd3_unified_comparable_v4,E2,-0.0,1907,14.00340314561748,1.0,0.13091020030567768,0.0,8759
8,2.6457513110645907,1.0,0.625,-1.0,Building_10,9,MATD3,0.7900000214576721,True,4.05476112064207e-06,0.0,0.0,0.5324955582618713,1,8755,0.0,0.0,-0.0,17515,0.0,16.451885223388672,-0.6468303203582764,8.7605562210083,12.996989250183105,16.451885223388672,16.451881408691406,78,3.473783397409411,1.0,0.19227790861175612,0.0,0.0,0.0,-0.6341236233711243,CityLearnV3MADRLRewardFunction,matd3_unified_comparable_v4,E2,-0.0,1907,14.00340314561748,1.0,0.13091020030567768,0.0,8759
5,1.7320508075688772,1.0,0.2,-1.0,Building_11,10,MATD3,0.7900000214576721,True,0.0,0.0,0.0,0.5324955582618713,1,8755,0.0,0.0,-0.0,17515,0.0,66.45198059082031,-0.7342050075531006,35.38538360595703,52.497066497802734,66.45198059082031,66.45198059082031,57,3.3370684326624835,1.0,0.24824231287889315,0.0,0.0,0.0,-0.6341236233711243,CityLearnV3MADRLRewardFunction,matd3_unified_comparable_v4,E2,-0.0,1907,14.00340314561748,1.0,0.13091020030567768,0.0,8759
5,2.0,1.0,0.4,-1.0,Building_12,11,MATD3,0.7900000214576721,True,0.0,0.0,0.0,0.5324955582618713,1,8755,0.0,0.0,-0.0,17515,0.0,155.388671875,-0.7360612750053406,82.7437744140625,122.7570571899414,155.388671875,155.388671875,57,3.2986450553893563,1.0,0.24877953738497013,0.0,0.0,0.0,-0.6341236233711243,CityLearnV3MADRLRewardFunction,matd3_unified_comparable_v4,E2,-0.0,1907,14.00340314561748,1.0,0.13091020030567768,0.0,8759
13,2.8284271247461903,1.0,0.6153846153846154,0.0,Building_13,12,MATD3,0.7900000214576721,True,-3.940150236303452e-06,0.0,0.0,0.5324955582618713,1,8755,0.0,0.0,-0.0,17515,0.0,0.10476967692375183,-0.4806705117225647,0.055789388716220856,0.0827680453658104,0.10476967692375183,0.1047736182808876,113,3.5034903058070705,1.0,0.13320528907058513,0.0,0.0,0.0,-0.6341236233711243,CityLearnV3MADRLRewardFunction,matd3_unified_comparable_v4,E2,-0.0,1907,14.00340314561748,1.0,0.13091020030567768,0.0,8759
6,1.7320508075688772,0.0,-0.5,-1.0,Building_14,13,MATD3,0.7900000214576721,True,0.0,0.0,0.0,0.5324955582618713,1,8755,0.0,0.0,-0.0,17515,0.0,1.3521205186843872,-0.49574971199035645,0.7199981808662415,1.068175196647644,1.3521205186843872,1.3521205186843872,64,3.3627989173264545,1.0,0.22267394256778061,0.0,0.0,0.0,-0.6341236233711243,CityLearnV3MADRLRewardFunction,matd3_unified_comparable_v4,E2,-0.0,1907,14.00340314561748,1.0,0.13091020030567768,0.0,8759
10,2.6457513110645907,1.0,0.3,-1.0,Building_15,14,MATD3,0.7900000214576721,True,0.0,0.0,0.0,0.5324955582618713,1,8755,0.0,0.0,-0.0,17515,0.0,15.147623062133789,-0.6366702914237976,8.066041946411133,11.966622352600098,15.147623062133789,15.147623062133789,92,3.4062206102198083,1.0,0.16028831105517305,0.0,0.0,0.0,-0.6341236233711243,CityLearnV3MADRLRewardFunction,matd3_unified_comparable_v4,E2,-0.0,1907,14.00340314561748,1.0,0.13091020030567768,0.0,8759
13,2.449489742783178,1.0,0.3076923076923077,-1.0,Building_16,15,MATD3,0.7900000214576721,True,0.0,0.0,0.0,0.5324955582618713,1,8755,0.0,0.0,-0.0,17515,0.0,11.957420349121094,-0.61044842004776,6.367273330688477,9.446362495422363,11.957420349121094,11.957420349121094,113,3.329471900994795,1.0,0.1249398920124611,0.0,0.0,0.0,-0.6341236233711243,CityLearnV3MADRLRewardFunction,matd3_unified_comparable_v4,E2,-0.0,1907,14.00340314561748,1.0,0.13091020030567768,0.0,8759
13,2.6457513110645907,1.0,0.23076923076923078,-1.0,Building_17,16,MATD3,0.7900000214576721,True,0.0,0.0,0.0,0.5324955582618713,1,8755,0.0,0.0,-0.0,17515,0.0,23.087642669677734,-0.6833521127700806,12.2940673828125,18.239238739013672,23.087642669677734,23.087642669677734,113,3.3488064918118936,1.0,0.129059622773027,0.0,0.0,0.0,-0.6341236233711243,CityLearnV3MADRLRewardFunction,matd3_unified_comparable_v4,E2,-0.0,1907,14.00340314561748,1.0,0.13091020030567768,0.0,8759
6,2.0,1.0,0.6666666666666666,0.0,Building_1,0,MATD3,0.7900000214576721,True,-2.591028533061035e-05,0.0,0.0,0.5324955582618713,2,8754,0.0,0.0,-0.0,26274,0.0,433.4545593261719,-0.8207975029945374,230.8126220703125,342.4291076660156,433.4545593261719,433.45458984375,64,3.3346950690998187,1.0,0.22409327677451074,0.0,0.0,0.0,-0.7506435513496399,CityLearnV3MADRLRewardFunction,matd3_unified_comparable_v4,E2,-0.0,1907,13.66391738075063,1.0,0.12636748058052355,0.0,8759
8,2.449489742783178,1.0,0.5,-1.0,Building_2,1,MATD3,0.7900000214576721,True,-7.45059693940675e-08,0.0,0.0,0.5324955582618713,2,8754,0.0,0.0,-0.0,26274,0.0,15.16435432434082,-0.7193691730499268,8.074951171875,11.979840278625488,15.16435432434082,15.16435432434082,78,3.4503282414222163,1.0,0.19114438100503042,0.0,0.0,0.0,-0.7506435513496399,CityLearnV3MADRLRewardFunction,matd3_unified_comparable_v4,E2,-0.0,1907,13.66391738075063,1.0,0.12636748058052355,0.0,8759
10,2.6457513110645907,1.0,0.3,-1.0,Building_3,2,MATD3,0.7900000214576721,True,0.0,0.0,0.0,0.5324955582618713,2,8754,0.0,0.0,-0.0,26274,0.0,94.53981018066406,-0.817276120185852,50.3420295715332,74.68645477294922,94.53981018066406,94.53981018066406,92,3.204969290194373,1.0,0.14604751976287883,0.0,0.0,0.0,-0.7506435513496399,CityLearnV3MADRLRewardFunction,matd3_unified_comparable_v4,E2,-0.0,1907,13.66391738075063,1.0,0.12636748058052355,0.0,8759
8,2.23606797749979,1.0,0.125,-1.0,Building_4,3,MATD3,0.7900000214576721,True,0.0,0.0,0.0,0.5324955582618713,2,8754,0.0,0.0,-0.0,26274,0.0,31.04317283630371,-0.7911568880081177,16.530351638793945,24.524106979370117,31.04317283630371,31.04317283630371,78,3.1916766443122158,1.0,0.17149378894231257,0.0,0.0,0.0,-0.7506435513496399,CityLearnV3MADRLRewardFunction,matd3_unified_comparable_v4,E2,-0.0,1907,13.66391738075063,1.0,0.12636748058052355,0.0,8759
5,1.7320508075688772,1.0,0.2,-1.0,Building_5,4,MATD3,0.7900000214576721,True,0.0,0.0,0.0,0.5324955582618713,2,8754,0.0,0.0,-0.0,26274,0.0,44.57567596435547,-0.8766364455223083,23.73634910583496,35.21478271484375,44.57567596435547,38.538970947265625,57,3.52707183687306,1.0,0.28582403926472916,0.0,0.0,0.0,-0.7506435513496399,CityLearnV3MADRLRewardFunction,matd3_unified_comparable_v4,E2,-0.0,1907,13.66391738075063,1.0,0.12636748058052355,0.0,8759
34,4.0129770510019664,1.0,0.3036019635551116,-1.0,Building_6,5,MATD3,0.7900000214576721,True,0.0,0.0,0.0,0.5324955582618713,2,8754,0.0,0.0,-0.0,26274,0.0,362.8901062011719,-0.819501519203186,193.23736572265625,286.6831970214844,362.8901062011719,362.8901062011719,260,3.184578026920365,1.0,0.05131137789441989,0.0,0.0,0.0,-0.7506435513496399,CityLearnV3MADRLRewardFunction,matd3_unified_comparable_v4,E2,-0.0,1907,13.66391738075063,1.0,0.12636748058052355,0.0,8759
44,4.640809821284313,1.0,0.44847458736463025,-1.0,Building_7,6,MATD3,0.7900000214576721,True,0.0,0.0,0.0,0.5324955582618713,2,8754,0.0,0.0,-0.0,26274,0.0,12.664111137390137,-0.6985440850257874,6.743582725524902,10.004648208618164,12.664111137390137,12.664111137390137,330,3.268482945333741,1.0,0.041809449570648596,0.0,0.0,0.0,-0.7506435513496399,CityLearnV3MADRLRewardFunction,matd3_unified_comparable_v4,E2,-0.0,1907,13.66391738075063,1.0,0.12636748058052355,0.0,8759
19,3.0719288297929954,1.0,0.1926772719935367,-1.0,Building_8,7,MATD3,0.7900000214576721,True,0.0,0.0,0.0,0.5324955582618713,2,8754,0.0,0.0,-0.0,26274,0.0,12.065996170043945,-0.6933150291442871,6.425089359283447,9.532136917114258,12.065996170043945,12.065996170043945,155,3.327079593304185,1.0,0.09201990635164323,0.0,0.0,0.0,-0.7506435513496399,CityLearnV3MADRLRewardFunction,matd3_unified_comparable_v4,E2,-0.0,1907,13.66391738075063,1.0,0.12636748058052355,0.0,8759
12,2.0,1.0,0.16666666666666666,-1.0,Building_9,8,MATD3,0.7900000214576721,True,0.0,0.0,0.0,0.5324955582618713,2,8754,0.0,0.0,-0.0,26274,0.0,2.290161371231079,-0.571539044380188,1.2195007801055908,1.8092275857925415,2.290161371231079,2.290161371231079,106,3.524763688463799,1.0,0.1502447155005527,0.0,0.0,0.0,-0.7506435513496399,CityLearnV3MADRLRewardFunction,matd3_unified_comparable_v4,E2,-0.0,1907,13.66391738075063,1.0,0.12636748058052355,0.0,8759
8,2.6457513110645907,1.0,0.625,-1.0,Building_10,9,MATD3,0.7900000214576721,True,4.05476112064207e-06,0.0,0.0,0.5324955582618713,2,8754,0.0,0.0,-0.0,26274,0.0,51.64957809448242,-0.8150845766067505,27.503170013427734,40.80316925048828,51.64957809448242,51.649574279785156,78,3.3900668691069975,1.0,0.18648767337585107,0.0,0.0,0.0,-0.7506435513496399,CityLearnV3MADRLRewardFunction,matd3_unified_comparable_v4,E2,-0.0,1907,13.66391738075063,1.0,0.12636748058052355,0.0,8759
5,1.7320508075688772,1.0,0.2,-1.0,Building_11,10,MATD3,0.7900000214576721,True,0.0,0.0,0.0,0.5324955582618713,2,8754,0.0,0.0,-0.0,26274,0.0,71.54803466796875,-0.8165180683135986,38.0990104675293,56.52294921875,71.54803466796875,71.54803466796875,57,3.2529987469196797,1.0,0.239674755421124,0.0,0.0,0.0,-0.7506435513496399,CityLearnV3MADRLRewardFunction,matd3_unified_comparable_v4,E2,-0.0,1907,13.66391738075063,1.0,0.12636748058052355,0.0,8759
5,1.9849536766219475,1.0,0.3939114332199097,-1.0,Building_12,11,MATD3,0.7900000214576721,True,0.0,0.0,0.0,0.5324955582618713,2,8754,0.0,0.0,-0.0,26274,0.0,215.11593627929688,-0.8185076713562012,114.54827880859375,169.94158935546875,215.11593627929688,215.11593627929688,57,3.2199753522224124,1.0,0.24075160789908023,0.0,0.0,0.0,-0.7506435513496399,CityLearnV3MADRLRewardFunction,matd3_unified_comparable_v4,E2,-0.0,1907,13.66391738075063,1.0,0.12636748058052355,0.0,8759
13,2.8284271247461903,1.0,0.6153846153846154,0.0,Building_13,12,MATD3,0.7900000214576721,True,-3.940150236303452e-06,0.0,0.0,0.5324955582618713,2,8754,0.0,0.0,-0.0,26274,0.0,2.0330183506011963,-0.5859344005584717,1.0825732946395874,1.6060845851898193,2.0330183506011963,2.033022403717041,113,3.4123216014469584,1.0,0.12815825298296668,0.0,0.0,0.0,-0.7506435513496399,CityLearnV3MADRLRewardFunction,matd3_unified_comparable_v4,E2,-0.0,1907,13.66391738075063,1.0,0.12636748058052355,0.0,8759
6,1.9512653610562511,0.898574709892273,-0.35023754835128784,-1.0,Building_14,13,MATD3,0.7900000214576721,True,0.0,0.0,0.0,0.5324955582618713,2,8754,0.0,0.0,-0.0,26274,0.0,2.6149511337280273,-0.5928051471710205,1.3924498558044434,2.0658113956451416,2.6149511337280273,2.6149511337280273,64,3.246010192556302,1.0,0.21219419362023473,0.0,0.0,0.0,-0.7506435513496399,CityLearnV3MADRLRewardFunction,matd3_unified_comparable_v4,E2,-0.0,1907,13.66391738075063,1.0,0.12636748058052355,0.0,8759
10,2.6457513110645907,1.0,0.3,-1.0,Building_15,14,MATD3,0.7900000214576721,True,0.0,0.0,0.0,0.5324955582618713,2,8754,0.0,0.0,-0.0,26274,0.0,19.521480560302734,-0.7473602890968323,10.395101547241211,15.42197036743164,19.521480560302734,19.521480560302734,92,3.3352580267821357,1.0,0.15549059633327567,0.0,0.0,0.0,-0.7506435513496399,CityLearnV3MADRLRewardFunction,matd3_unified_comparable_v4,E2,-0.0,1907,13.66391738075063,1.0,0.12636748058052355,0.0,8759
13,2.449489742783178,1.0,0.3076923076923077,-1.0,Building_16,15,MATD3,0.7900000214576721,True,0.0,0.0,0.0,0.5324955582618713,2,8754,0.0,0.0,-0.0,26274,0.0,54.89390563964844,-0.8141321539878845,29.23076057434082,43.366188049316406,54.89390563964844,54.89390563964844,113,3.2233941880861243,1.0,0.11971595718533593,0.0,0.0,0.0,-0.7506435513496399,CityLearnV3MADRLRewardFunction,matd3_unified_comparable_v4,E2,-0.0,1907,13.66391738075063,1.0,0.12636748058052355,0.0,8759
13,2.6457513110645907,1.0,0.23076923076923078,-1.0,Building_17,16,MATD3,0.7900000214576721,True,0.0,0.0,0.0,0.5324955582618713,2,8754,0.0,0.0,-0.0,26274,0.0,22.46647071838379,-0.7624621391296387,11.963295936584473,17.748512268066406,22.46647071838379,22.46647071838379,113,3.212997057217479,1.0,0.11923809085799529,0.0,0.0,0.0,-0.7506435513496399,CityLearnV3MADRLRewardFunction,matd3_unified_comparable_v4,E2,-0.0,1907,13.66391738075063,1.0,0.12636748058052355,0.0,8759
6,2.0,1.0,0.6666666666666666,0.0,Building_1,0,MATD3,0.7900000214576721,True,-2.591028533061035e-05,0.0,0.0,0.5324955582618713,3,8753,0.0,0.0,-0.0,35033,0.0,446.8855895996094,-0.8195382952690125,237.96458435058594,353.03961181640625,446.8855895996094,446.8856201171875,64,3.503224370920406,1.0,0.24708087975159287,0.0,0.0,0.0,-0.7490049004554749,CityLearnV3MADRLRewardFunction,matd3_unified_comparable_v4,E2,-0.0,1907,14.394457422498709,1.0,0.13978055380890367,0.0,8759
8,2.449489742783178,1.0,0.5,-1.0,Building_2,1,MATD3,0.7900000214576721,True,-7.45059693940675e-08,0.0,0.0,0.5324955582618713,3,8753,0.0,0.0,-0.0,35033,0.0,5.618855953216553,-0.6267721056938171,2.992015838623047,4.438896179199219,5.618855953216553,5.618855953216553,78,3.5967874580055867,1.0,0.20523377832693931,0.0,0.0,0.0,-0.7490049004554749,CityLearnV3MADRLRewardFunction,matd3_unified_comparable_v4,E2,-0.0,1907,14.394457422498709,1.0,0.13978055380890367,0.0,8759
10,2.6457513110645907,1.0,0.3,-1.0,Building_3,2,MATD3,0.7900000214576721,True,0.0,0.0,0.0,0.5324955582618713,3,8753,0.0,0.0,-0.0,35033,0.0,98.17061614990234,-0.8160744309425354,52.27541732788086,77.5547866821289,98.17061614990234,98.17061614990234,92,3.3819518729175577,1.0,0.16205699093963788,0.0,0.0,0.0,-0.7490049004554749,CityLearnV3MADRLRewardFunction,matd3_unified_comparable_v4,E2,-0.0,1907,14.394457422498709,1.0,0.13978055380890367,0.0,8759
8,2.449489742783178,1.0,0.25,-1.0,Building_4,3,MATD3,0.7900000214576721,True,0.0,0.0,0.0,0.5324955582618713,3,8753,0.0,0.0,-0.0,35033,0.0,28.84416961669922,-0.7843237519264221,15.359392166137695,22.786893844604492,28.84416961669922,28.84416961669922,78,3.365757821671856,1.0,0.19006271679431963,0.0,0.0,0.0,-0.7490049004554749,CityLearnV3MADRLRewardFunction,matd3_unified_comparable_v4,E2,-0.0,1907,14.394457422498709,1.0,0.13978055380890367,0.0,8759
5,1.7320508075688772,1.0,0.2,-1.0,Building_5,4,MATD3,0.7900000214576721,True,0.0,0.0,0.0,0.5324955582618713,3,8753,0.0,0.0,-0.0,35033,0.0,43.92958068847656,-0.8749144077301025,23.39230728149414,34.704368591308594,43.92958068847656,37.89287567138672,57,3.687173301001371,1.0,0.31158173084259033,0.0,0.0,0.0,-0.7490049004554749,CityLearnV3MADRLRewardFunction,matd3_unified_comparable_v4,E2,-0.0,1907,14.394457422498709,1.0,0.13978055380890367,0.0,8759
34,4.242640687119285,1.0,0.35294117647058826,-1.0,Building_6,5,MATD3,0.7900000214576721,True,0.0,0.0,0.0,0.5324955582618713,3,8753,0.0,0.0,-0.0,35033,0.0,350.8894348144531,-0.8181754946708679,186.84706115722656,277.2026672363281,350.8894348144531,350.8894348144531,260,3.3609150752866683,1.0,0.05693318809454258,0.0,0.0,0.0,-0.7490049004554749,CityLearnV3MADRLRewardFunction,matd3_unified_comparable_v4,E2,-0.0,1907,14.394457422498709,1.0,0.13978055380890367,0.0,8759
44,4.7123695779338375,1.0,0.4648714187470349,-1.0,Building_7,6,MATD3,0.7900000214576721,True,0.0,0.0,0.0,0.5324955582618713,3,8753,0.0,0.0,-0.0,35033,0.0,18.66022491455078,-0.741060197353363,9.936487197875977,14.741578102111816,18.66022491455078,18.66022491455078,330,3.4474140676939835,1.0,0.046503418864625876,0.0,0.0,0.0,-0.7490049004554749,CityLearnV3MADRLRewardFunction,matd3_unified_comparable_v4,E2,-0.0,1907,14.394457422498709,1.0,0.13978055380890367,0.0,8759
19,3.1622776601683795,1.0,0.21052631578947367,-1.0,Building_8,7,MATD3,0.7900000214576721,True,0.0,0.0,0.0,0.5324955582618713,3,8753,0.0,0.0,-0.0,35033,0.0,19.251495361328125,-0.7445526123046875,10.251336097717285,15.2086820602417,19.251495361328125,19.251495361328125,155,3.5885433590282907,1.0,0.10431925356388091,0.0,0.0,0.0,-0.7490049004554749,CityLearnV3MADRLRewardFunction,matd3_unified_comparable_v4,E2,-0.0,1907,14.394457422498709,1.0,0.13978055380890367,0.0,8759
12,2.0,1.0,0.16666666666666666,-1.0,Building_9,8,MATD3,0.7900000214576721,True,0.0,0.0,0.0,0.5324955582618713,3,8753,0.0,0.0,-0.0,35033,0.0,2.4506425857543945,-0.5721989870071411,1.304956316947937,1.9360077381134033,2.4506425857543945,2.4506425857543945,106,3.69422321994266,1.0,0.16635122839009986,0.0,0.0,0.0,-0.7490049004554749,CityLearnV3MADRLRewardFunction,matd3_unified_comparable_v4,E2,-0.0,1907,14.394457422498709,1.0,0.13978055380890367,0.0,8759
8,2.6457513110645907,1.0,0.625,-1.0,Building_10,9,MATD3,0.7900000214576721,True,4.05476112064207e-06,0.0,0.0,0.5324955582618713,3,8753,0.0,0.0,-0.0,35033,0.0,34.334144592285156,-0.797956645488739,18.282779693603516,27.12397575378418,34.334144592285156,34.33414077758789,78,3.553005704318034,1.0,0.2039076835872271,0.0,0.0,0.0,-0.7490049004554749,CityLearnV3MADRLRewardFunction,matd3_unified_comparable_v4,E2,-0.0,1907,14.394457422498709,1.0,0.13978055380890367,0.0,8759
5,1.7320508075688772,1.0,0.2,-1.0,Building_11,10,MATD3,0.7900000214576721,True,0.0,0.0,0.0,0.5324955582618713,3,8753,0.0,0.0,-0.0,35033,0.0,57.917564392089844,-0.8135960102081299,30.840845108032227,45.754878997802734,57.917564392089844,57.917564392089844,57,3.4269249047087063,1.0,0.2646699521625251,0.0,0.0,0.0,-0.7490049004554749,CityLearnV3MADRLRewardFunction,matd3_unified_comparable_v4,E2,-0.0,1907,14.394457422498709,1.0,0.13978055380890367,0.0,8759
5,2.0,1.0,0.4,-1.0,Building_12,11,MATD3,0.7900000214576721,True,0.0,0.0,0.0,0.5324955582618713,3,8753,0.0,0.0,-0.0,35033,0.0,182.6020965576172,-0.8169601559638977,97.23480224609375,144.2556610107422,182.6020965576172,182.6020965576172,57,3.38220839408873,1.0,0.2615112162995757,0.0,0.0,0.0,-0.7490049004554749,CityLearnV3MADRLRewardFunction,matd3_unified_comparable_v4,E2,-0.0,1907,14.394457422498709,1.0,0.13978055380890367,0.0,8759
13,2.8284271247461903,1.0,0.6153846153846154,0.0,Building_13,12,MATD3,0.7900000214576721,True,-3.940150236303452e-06,0.0,0.0,0.5324955582618713,3,8753,0.0,0.0,-0.0,35033,0.0,2.789363384246826,-0.5937492847442627,1.4853236675262451,2.203597068786621,2.789363384246826,2.789367437362671,113,3.5803868130996173,1.0,0.14118063555354565,0.0,0.0,0.0,-0.7490049004554749,CityLearnV3MADRLRewardFunction,matd3_unified_comparable_v4,E2,-0.0,1907,14.394457422498709,1.0,0.13978055380890367,0.0,8759
6,2.0,1.0,-0.3333333333333333,-1.0,Building_14,13,MATD3,0.7900000214576721,True,0.0,0.0,0.0,0.5324955582618713,3,8753,0.0,0.0,-0.0,35033,0.0,2.485826015472412,-0.5900048017501831,1.3236913681030273,1.9638025760650635,2.485826015472412,2.485826015472412,64,3.418981692118897,1.0,0.23510858113877475,0.0,0.0,0.0,-0.7490049004554749,CityLearnV3MADRLRewardFunction,matd3_unified_comparable_v4,E2,-0.0,1907,14.394457422498709,1.0,0.13978055380890367,0.0,8759
10,2.6457513110645907,1.0,0.3,-1.0,Building_15,14,MATD3,0.7900000214576721,True,0.0,0.0,0.0,0.5324955582618713,3,8753,0.0,0.0,-0.0,35033,0.0,20.5941162109375,-0.7519736289978027,10.966275215148926,16.269351959228516,20.5941162109375,20.5941162109375,92,3.5109822890869915,1.0,0.17171372230286183,0.0,0.0,0.0,-0.7490049004554749,CityLearnV3MADRLRewardFunction,matd3_unified_comparable_v4,E2,-0.0,1907,14.394457422498709,1.0,0.13978055380890367,0.0,8759
13,2.449489742783178,1.0,0.3076923076923077,-1.0,Building_16,15,MATD3,0.7900000214576721,True,0.0,0.0,0.0,0.5324955582618713,3,8753,0.0,0.0,-0.0,35033,0.0,103.13050842285156,-0.8161440491676331,54.91653823852539,81.47310638427734,103.13050842285156,103.13050842285156,113,3.4178754577396515,1.0,0.13568326870424557,0.0,0.0,0.0,-0.7490049004554749,CityLearnV3MADRLRewardFunction,matd3_unified_comparable_v4,E2,-0.0,1907,14.394457422498709,1.0,0.13978055380890367,0.0,8759
13,2.551640602875011,1.0,0.20882704166265634,-1.0,Building_17,16,MATD3,0.7900000214576721,True,0.0,0.0,0.0,0.5324955582618713,3,8753,0.0,0.0,-0.0,35033,0.0,21.1981143951416,-0.755089282989502,11.287901878356934,16.746511459350586,21.1981143951416,21.1981143951416,113,3.40587103762136,1.0,0.13510602633510016,0.0,0.0,0.0,-0.7490049004554749,CityLearnV3MADRLRewardFunction,matd3_unified_comparable_v4,E2,-0.0,1907,14.394457422498709,1.0,0.13978055380890367,0.0,8759
6,2.0,1.0,0.6666666666666666,0.0,Building_1,0,MATD3,0.777534008026123,False,0.0,0.0,0.0,0.5324955582618713,4,0,0.0,0.0,-0.0,35040,-0.0,0.0,-0.665152907371521,0.0,0.0,0.0,0.0,64,3.245630868595656,1.0,0.24514785259088967,0.0,0.0,0.0,-0.5421935319900513,CityLearnV3MADRLRewardFunction,matd3_unified_comparable_v4,E2,-0.0,1907,14.066621971819497,1.0,0.15152277774018771,0.0,7
8,2.449489742783178,1.0,0.5,-1.0,Building_2,1,MATD3,0.777534008026123,False,0.0,0.0,0.0,0.5324955582618713,4,0,0.0,0.0,-0.0,35040,-0.0,0.0,-0.4059942662715912,0.0,0.0,0.0,0.0,78,3.3427166841051044,1.0,0.20104252404939288,0.0,0.0,0.0,-0.5421935319900513,CityLearnV3MADRLRewardFunction,matd3_unified_comparable_v4,E2,-0.0,1907,14.066621971819497,1.0,0.15152277774018771,0.0,7
10,2.6457513110645907,1.0,0.3,-1.0,Building_3,2,MATD3,0.777534008026123,False,0.0,0.0,0.0,0.5324955582618713,4,0,0.0,0.0,-0.0,35040,-0.0,0.0,-0.667329728603363,0.0,0.0,0.0,0.0,92,3.8000367536881874,1.0,0.2238633643289137,0.0,0.0,0.0,-0.5421935319900513,CityLearnV3MADRLRewardFunction,matd3_unified_comparable_v4,E2,-0.0,1907,14.066621971819497,1.0,0.15152277774018771,0.0,7
8,2.449489742783178,1.0,0.25,-1.0,Building_4,3,MATD3,0.777534008026123,False,0.0,0.0,0.0,0.5324955582618713,4,0,0.0,0.0,-0.0,35040,-0.0,0.0,-0.610418438911438,0.0,0.0,0.0,0.0,78,3.094278158556004,1.0,0.18596666183274907,0.0,0.0,0.0,-0.5421935319900513,CityLearnV3MADRLRewardFunction,matd3_unified_comparable_v4,E2,-0.0,1907,14.066621971819497,1.0,0.15152277774018771,0.0,7
5,1.7320508075688772,1.0,0.2,-1.0,Building_5,4,MATD3,0.777534008026123,False,0.0,0.0,0.0,0.5324955582618713,4,0,0.0,0.0,-0.0,35040,-0.0,0.0,-0.6601783037185669,0.0,0.0,0.0,0.0,57,3.4375674638930773,1.0,0.30971395343607455,0.0,0.0,0.0,-0.5421935319900513,CityLearnV3MADRLRewardFunction,matd3_unified_comparable_v4,E2,-0.0,1907,14.066621971819497,1.0,0.15152277774018771,0.0,7
34,4.242640687119285,1.0,0.35294117647058826,-1.0,Building_6,5,MATD3,0.777534008026123,False,0.0,0.0,0.0,0.5324955582618713,4,0,0.0,0.0,-0.0,35040,-0.0,0.0,-0.6622283458709717,0.0,0.0,0.0,0.0,260,3.077430332389422,1.0,0.055458724359050394,0.0,0.0,0.0,-0.5421935319900513,CityLearnV3MADRLRewardFunction,matd3_unified_comparable_v4,E2,-0.0,1907,14.066621971819497,1.0,0.15152277774018771,0.0,7
44,4.707719368250691,1.0,0.4637105397202752,-1.0,Building_7,6,MATD3,0.777534008026123,False,0.0,0.0,0.0,0.5324955582618713,4,0,0.0,0.0,-0.0,35040,-0.0,0.0,-0.4076003134250641,0.0,0.0,0.0,0.0,330,3.1742716557764554,1.0,0.04488641942823023,0.0,0.0,0.0,-0.5421935319900513,CityLearnV3MADRLRewardFunction,matd3_unified_comparable_v4,E2,-0.0,1907,14.066621971819497,1.0,0.15152277774018771,0.0,7
19,3.1622776601683795,1.0,0.21052631578947367,-1.0,Building_8,7,MATD3,0.777534008026123,False,0.0,0.0,0.0,0.5324955582618713,4,0,0.0,0.0,-0.0,35040,-0.0,0.0,-0.4066157341003418,0.0,0.0,0.0,0.0,155,3.191154419709635,1.0,0.09593120953368564,0.0,0.0,0.0,-0.5421935319900513,CityLearnV3MADRLRewardFunction,matd3_unified_comparable_v4,E2,-0.0,1907,14.066621971819497,1.0,0.15152277774018771,0.0,7
12,2.0,1.0,0.16666666666666666,-1.0,Building_9,8,MATD3,0.777534008026123,False,0.0,0.0,0.0,0.5324955582618713,4,0,0.0,0.0,-0.0,35040,-0.0,0.0,-0.4484432637691498,0.0,0.0,0.0,0.0,106,3.2215287964353894,1.0,0.1454650667004006,0.0,0.0,0.0,-0.5421935319900513,CityLearnV3MADRLRewardFunction,matd3_unified_comparable_v4,E2,-0.0,1907,14.066621971819497,1.0,0.15152277774018771,0.0,7
8,2.6457513110645907,1.0,0.625,-1.0,Building_10,9,MATD3,0.777534008026123,False,0.0,0.0,0.0,0.5324955582618713,4,0,0.0,0.0,-0.0,35040,-0.0,0.0,-0.47850218415260315,0.0,0.0,0.0,0.0,78,3.294164948797228,1.0,0.19875036294643694,0.0,0.0,0.0,-0.5421935319900513,CityLearnV3MADRLRewardFunction,matd3_unified_comparable_v4,E2,-0.0,1907,14.066621971819497,1.0,0.15152277774018771,0.0,7
5,1.7320508075688772,1.0,0.2,-1.0,Building_11,10,MATD3,0.777534008026123,False,0.0,0.0,0.0,0.5324955582618713,4,0,0.0,0.0,-0.0,35040,-0.0,0.0,-0.6706963777542114,0.0,0.0,0.0,0.0,57,3.81382855479248,1.0,0.36933058436567845,0.0,0.0,0.0,-0.5421935319900513,CityLearnV3MADRLRewardFunction,matd3_unified_comparable_v4,E2,-0.0,1907,14.066621971819497,1.0,0.15152277774018771,0.0,7
5,2.0,1.0,0.4,-1.0,Building_12,11,MATD3,0.777534008026123,False,0.0,0.0,0.0,0.5324955582618713,4,0,0.0,0.0,-0.0,35040,-0.0,0.0,-0.6542419791221619,0.0,0.0,0.0,0.0,57,4.066886249689645,1.0,0.4172500083222985,0.0,0.0,0.0,-0.5421935319900513,CityLearnV3MADRLRewardFunction,matd3_unified_comparable_v4,E2,-0.0,1907,14.066621971819497,1.0,0.15152277774018771,0.0,7
13,2.8284271247461903,1.0,0.6153846153846154,0.0,Building_13,12,MATD3,0.777534008026123,False,0.0,0.0,0.0,0.5324955582618713,4,0,0.0,0.0,-0.0,35040,-0.0,0.0,-0.4068724513053894,0.0,0.0,0.0,0.0,113,3.3264897538477123,1.0,0.1382677725936591,0.0,0.0,0.0,-0.5421935319900513,CityLearnV3MADRLRewardFunction,matd3_unified_comparable_v4,E2,-0.0,1907,14.066621971819497,1.0,0.15152277774018771,0.0,7
6,2.0,1.0,-0.3333333333333333,-1.0,Building_14,13,MATD3,0.777534008026123,False,0.0,0.0,0.0,0.5324955582618713,4,0,0.0,0.0,-0.0,35040,-0.0,0.0,-0.4340883493423462,0.0,0.0,0.0,0.0,64,4.115473849645815,1.0,0.38073461271415,0.0,0.0,0.0,-0.5421935319900513,CityLearnV3MADRLRewardFunction,matd3_unified_comparable_v4,E2,-0.0,1907,14.066621971819497,1.0,0.15152277774018771,0.0,7
10,2.6457513110645907,1.0,0.3,-1.0,Building_15,14,MATD3,0.777534008026123,False,0.0,0.0,0.0,0.5324955582618713,4,0,0.0,0.0,-0.0,35040,-0.0,0.0,-0.4202464520931244,0.0,0.0,0.0,0.0,92,3.194028875361301,1.0,0.16221473026899216,0.0,0.0,0.0,-0.5421935319900513,CityLearnV3MADRLRewardFunction,matd3_unified_comparable_v4,E2,-0.0,1907,14.066621971819497,1.0,0.15152277774018771,0.0,7
13,2.449489742783178,1.0,0.3076923076923077,-1.0,Building_16,15,MATD3,0.777534008026123,False,0.0,0.0,0.0,0.5324955582618713,4,0,0.0,0.0,-0.0,35040,-0.0,0.0,-0.6091947555541992,0.0,0.0,0.0,0.0,113,3.117140992335551,1.0,0.12927561135451615,0.0,0.0,0.0,-0.5421935319900513,CityLearnV3MADRLRewardFunction,matd3_unified_comparable_v4,E2,-0.0,1907,14.066621971819497,1.0,0.15152277774018771,0.0,7
13,2.580113066215986,1.0,0.21619578049733087,-1.0,Building_17,16,MATD3,0.777534008026123,False,0.0,0.0,0.0,0.5324955582618713,4,0,0.0,0.0,-0.0,35040,-0.0,0.0,-0.6094862222671509,0.0,0.0,0.0,0.0,113,3.2194033398212305,1.0,0.13670280576576438,0.0,0.0,0.0,-0.5421935319900513,CityLearnV3MADRLRewardFunction,matd3_unified_comparable_v4,E2,-0.0,1907,14.066621971819497,1.0,0.15152277774018771,0.0,7
6,2.0,1.0,0.6666666666666666,0.0,Building_1,0,MATD3,0.7900000214576721,True,-2.591028533061035e-05,0.0,0.0,0.5324955582618713,4,8752,0.0,0.0,-0.0,43792,0.0,391.5866394042969,-0.7392153739929199,208.5181427001953,309.35345458984375,391.5866394042969,391.586669921875,64,3.436595653999613,1.0,0.23313685692846775,0.0,0.0,0.0,-0.6345791816711426,CityLearnV3MADRLRewardFunction,matd3_unified_comparable_v4,E2,-0.0,1907,14.037640142695526,1.0,0.13132976930867832,0.0,8759
8,2.23606797749979,1.0,0.375,-1.0,Building_2,1,MATD3,0.7900000214576721,True,-7.45059693940675e-08,0.0,0.0,0.5324955582618713,4,8752,0.0,0.0,-0.0,43792,0.0,0.18486037850379944,-0.4819629192352295,0.09843733161687851,0.1460397094488144,0.18486037850379944,0.1848604530096054,78,3.520597752596835,1.0,0.19391298790772757,0.0,0.0,0.0,-0.6345791816711426,CityLearnV3MADRLRewardFunction,matd3_unified_comparable_v4,E2,-0.0,1907,14.037640142695526,1.0,0.13132976930867832,0.0,8759
10,2.8284271247461903,1.0,0.4,-1.0,Building_3,2,MATD3,0.7900000214576721,True,0.0,0.0,0.0,0.5324955582618713,4,8752,0.0,0.0,-0.0,43792,0.0,39.0087890625,-0.722856342792511,20.77200698852539,30.816944122314453,39.0087890625,39.0087890625,92,3.2643349760543376,1.0,0.15071380041215732,0.0,0.0,0.0,-0.6345791816711426,CityLearnV3MADRLRewardFunction,matd3_unified_comparable_v4,E2,-0.0,1907,14.037640142695526,1.0,0.13132976930867832,0.0,8759
8,2.449489742783178,1.0,0.25,-1.0,Building_4,3,MATD3,0.7900000214576721,True,0.0,0.0,0.0,0.5324955582618713,4,8752,0.0,0.0,-0.0,43792,0.0,36.67196273803711,-0.7198615670204163,19.52765655517578,28.97085189819336,36.67196273803711,36.67196273803711,78,3.2650679327162457,1.0,0.1776794059536396,0.0,0.0,0.0,-0.6345791816711426,CityLearnV3MADRLRewardFunction,matd3_unified_comparable_v4,E2,-0.0,1907,14.037640142695526,1.0,0.13132976930867832,0.0,8759
5,1.7320508075688772,1.0,0.2,-1.0,Building_5,4,MATD3,0.7900000214576721,True,0.0,0.0,0.0,0.5324955582618713,4,8752,0.0,0.0,-0.0,43792,0.0,60.26204299926758,-0.8008755445480347,32.089271545410156,47.60701370239258,60.26204299926758,54.225337982177734,57,3.569266383478027,1.0,0.29216772161032023,0.0,0.0,0.0,-0.6345791816711426,CityLearnV3MADRLRewardFunction,matd3_unified_comparable_v4,E2,-0.0,1907,14.037640142695526,1.0,0.13132976930867832,0.0,8759
34,4.358898943540674,1.0,0.38235294117647056,-1.0,Building_6,5,MATD3,0.7900000214576721,True,0.0,0.0,0.0,0.5324955582618713,4,8752,0.0,0.0,-0.0,43792,0.0,348.8946838378906,-0.7378416061401367,185.7848663330078,275.6268005371094,348.8946838378906,348.8946838378906,260,3.2554705069875767,1.0,0.05311486892975294,0.0,0.0,0.0,-0.6345791816711426,CityLearnV3MADRLRewardFunction,matd3_unified_comparable_v4,E2,-0.0,1907,14.037640142695526,1.0,0.13132976930867832,0.0,8759
44,4.69041575982343,1.0,0.45454545454545453,-1.0,Building_7,6,MATD3,0.7900000214576721,True,0.0,0.0,0.0,0.5324955582618713,4,8752,0.0,0.0,-0.0,43792,0.0,2.9800853729248047,-0.5155683159828186,1.58688223361969,2.3542675971984863,2.9800853729248047,2.9800853729248047,330,3.362323585222599,1.0,0.04331309124827385,0.0,0.0,0.0,-0.6345791816711426,CityLearnV3MADRLRewardFunction,matd3_unified_comparable_v4,E2,-0.0,1907,14.037640142695526,1.0,0.13132976930867832,0.0,8759
19,3.1622776601683795,1.0,0.21052631578947367,-1.0,Building_8,7,MATD3,0.7900000214576721,True,0.0,0.0,0.0,0.5324955582618713,4,8752,0.0,0.0,-0.0,43792,0.0,6.19936990737915,-0.5527025461196899,3.3011369705200195,4.897502422332764,6.19936990737915,6.19936990737915,155,3.3962261274741334,1.0,0.09467931918559536,0.0,0.0,0.0,-0.6345791816711426,CityLearnV3MADRLRewardFunction,matd3_unified_comparable_v4,E2,-0.0,1907,14.037640142695526,1.0,0.13132976930867832,0.0,8759
12,2.0,1.0,0.16666666666666666,-1.0,Building_9,8,MATD3,0.7900000214576721,True,0.0,0.0,0.0,0.5324955582618713,4,8752,0.0,0.0,-0.0,43792,0.0,2.1350696086883545,-0.4880995452404022,1.1369150876998901,1.6867049932479858,2.1350696086883545,2.1350696086883545,106,3.5815197403337824,1.0,0.15437126440821952,0.0,0.0,0.0,-0.6345791816711426,CityLearnV3MADRLRewardFunction,matd3_unified_comparable_v4,E2,-0.0,1907,14.037640142695526,1.0,0.13132976930867832,0.0,8759
8,2.6457513110645907,1.0,0.625,-1.0,Building_10,9,MATD3,0.7900000214576721,True,4.05476112064207e-06,0.0,0.0,0.5324955582618713,4,8752,0.0,0.0,-0.0,43792,0.0,16.451885223388672,-0.6471492052078247,8.7605562210083,12.996989250183105,16.451885223388672,16.451881408691406,78,3.473783397409411,1.0,0.19227790861175612,0.0,0.0,0.0,-0.6345791816711426,CityLearnV3MADRLRewardFunction,matd3_unified_comparable_v4,E2,-0.0,1907,14.037640142695526,1.0,0.13132976930867832,0.0,8759
5,1.7320508075688772,1.0,0.6,0.0,Building_11,10,MATD3,0.7900000214576721,True,2.996446710312739e-05,0.0,0.0,0.5324955582618713,4,8752,0.0,0.0,-0.0,43792,0.0,66.45201110839844,-0.7368472218513489,35.385398864746094,52.49708938598633,66.45201110839844,66.45198059082031,57,3.477940028436347,1.0,0.2622794723301603,0.0,0.0,0.0,-0.6345791816711426,CityLearnV3MADRLRewardFunction,matd3_unified_comparable_v4,E2,-0.0,1907,14.037640142695526,1.0,0.13132976930867832,0.0,8759
5,1.7320508075688772,1.0,0.2,-1.0,Building_12,11,MATD3,0.7900000214576721,True,0.0,0.0,0.0,0.5324955582618713,4,8752,0.0,0.0,-0.0,43792,0.0,155.388671875,-0.7363801598548889,82.7437744140625,122.7570571899414,155.388671875,155.388671875,57,3.2986450553893563,1.0,0.24877953738497013,0.0,0.0,0.0,-0.6345791816711426,CityLearnV3MADRLRewardFunction,matd3_unified_comparable_v4,E2,-0.0,1907,14.037640142695526,1.0,0.13132976930867832,0.0,8759
13,2.8284271247461903,1.0,0.6153846153846154,0.0,Building_13,12,MATD3,0.7900000214576721,True,-3.940150236303452e-06,0.0,0.0,0.5324955582618713,4,8752,0.0,0.0,-0.0,43792,0.0,0.10476967692375183,-0.4809894263744354,0.055789388716220856,0.0827680453658104,0.10476967692375183,0.1047736182808876,113,3.5034903058070705,1.0,0.13320528907058513,0.0,0.0,0.0,-0.6345791816711426,CityLearnV3MADRLRewardFunction,matd3_unified_comparable_v4,E2,-0.0,1907,14.037640142695526,1.0,0.13132976930867832,0.0,8759
6,2.0,1.0,-0.3333333333333333,-1.0,Building_14,13,MATD3,0.7900000214576721,True,0.0,0.0,0.0,0.5324955582618713,4,8752,0.0,0.0,-0.0,43792,0.0,1.3521205186843872,-0.4960685968399048,0.7199981808662415,1.068175196647644,1.3521205186843872,1.3521205186843872,64,3.3627989173264545,1.0,0.22267394256778061,0.0,0.0,0.0,-0.6345791816711426,CityLearnV3MADRLRewardFunction,matd3_unified_comparable_v4,E2,-0.0,1907,14.037640142695526,1.0,0.13132976930867832,0.0,8759
10,2.6457513110645907,1.0,0.3,-1.0,Building_15,14,MATD3,0.7900000214576721,True,0.0,0.0,0.0,0.5324955582618713,4,8752,0.0,0.0,-0.0,43792,0.0,15.147623062133789,-0.636989176273346,8.066041946411133,11.966622352600098,15.147623062133789,15.147623062133789,92,3.4062206102198083,1.0,0.16028831105517305,0.0,0.0,0.0,-0.6345791816711426,CityLearnV3MADRLRewardFunction,matd3_unified_comparable_v4,E2,-0.0,1907,14.037640142695526,1.0,0.13132976930867832,0.0,8759
13,2.449489742783178,1.0,0.3076923076923077,-1.0,Building_16,15,MATD3,0.7900000214576721,True,0.0,0.0,0.0,0.5324955582618713,4,8752,0.0,0.0,-0.0,43792,0.0,11.957420349121094,-0.6107673048973083,6.367273330688477,9.446362495422363,11.957420349121094,11.957420349121094,113,3.329471900994795,1.0,0.1249398920124611,0.0,0.0,0.0,-0.6345791816711426,CityLearnV3MADRLRewardFunction,matd3_unified_comparable_v4,E2,-0.0,1907,14.037640142695526,1.0,0.13132976930867832,0.0,8759
13,2.6457513110645907,1.0,0.23076923076923078,-1.0,Building_17,16,MATD3,0.7900000214576721,True,0.0,0.0,0.0,0.5324955582618713,4,8752,0.0,0.0,-0.0,43792,0.0,23.087642669677734,-0.6836709976196289,12.2940673828125,18.239238739013672,23.087642669677734,23.087642669677734,113,3.3488064918118936,1.0,0.129059622773027,0.0,0.0,0.0,-0.6345791816711426,CityLearnV3MADRLRewardFunction,matd3_unified_comparable_v4,E2,-0.0,1907,14.037640142695526,1.0,0.13132976930867832,0.0,8759
6,2.0,1.0,0.6666666666666666,0.0,Building_1,0,MATD3,0.7393829822540283,False,0.0,0.0,0.0,0.5324955582618713,5,0,0.0,0.0,-0.0,43800,-0.0,0.0,-0.8079361319541931,0.0,0.0,0.0,0.0,64,3.421020082434524,0.9999988675117493,0.27440055925399065,0.0,0.0,0.0,-0.734360933303833,CityLearnV3MADRLRewardFunction,matd3_unified_comparable_v4,E2,-0.0,1907,14.854298120649382,1.0,0.17102587958538976,0.0,8
8,2.23606797749979,1.0,0.375,-1.0,Building_2,1,MATD3,0.7393829822540283,False,0.0,0.0,0.0,0.5324955582618713,5,0,0.0,0.0,-0.0,43800,-0.0,0.0,-0.5975531935691833,0.0,0.0,0.0,0.0,78,3.446447693189978,0.999998927116394,0.22119345406118113,0.0,0.0,0.0,-0.734360933303833,CityLearnV3MADRLRewardFunction,matd3_unified_comparable_v4,E2,-0.0,1907,14.854298120649382,1.0,0.17102587958538976,0.0,8
10,2.8284271247461903,1.0,0.4,-1.0,Building_3,2,MATD3,0.7393829822540283,False,0.0,0.0,0.0,0.5324955582618713,5,0,0.0,0.0,-0.0,43800,-0.0,0.0,-0.8069491386413574,0.0,0.0,0.0,0.0,92,4.320831279092004,1.0,0.29019276935445226,0.0,0.0,0.0,-0.734360933303833,CityLearnV3MADRLRewardFunction,matd3_unified_comparable_v4,E2,-0.0,1907,14.854298120649382,1.0,0.17102587958538976,0.0,8
8,2.449489742783178,1.0,0.25,-1.0,Building_4,3,MATD3,0.7393829822540283,False,0.0,0.0,0.0,0.5324955582618713,5,0,0.0,0.0,-0.0,43800,-0.0,0.0,-0.7895663380622864,0.0,0.0,0.0,0.0,78,3.2930017350046548,0.9330127239227295,0.21162938269285056,0.0,0.0,0.0,-0.734360933303833,CityLearnV3MADRLRewardFunction,matd3_unified_comparable_v4,E2,-0.0,1907,14.854298120649382,1.0,0.17102587958538976,0.0,8
5,1.7320508075688772,1.0,0.2,-1.0,Building_5,4,MATD3,0.7393829822540283,False,0.0,0.0,0.0,0.5324955582618713,5,0,0.0,0.0,-0.0,43800,-0.0,0.0,-0.7993595004081726,0.0,0.0,0.0,0.0,57,3.64231218622901,1.0,0.3468111035855193,0.0,0.0,0.0,-0.734360933303833,CityLearnV3MADRLRewardFunction,matd3_unified_comparable_v4,E2,-0.0,1907,14.854298120649382,1.0,0.17102587958538976,0.0,8
34,4.358898943540674,1.0,0.38235294117647056,-1.0,Building_6,5,MATD3,0.7393829822540283,False,0.0,0.0,0.0,0.5324955582618713,5,0,0.0,0.0,-0.0,43800,-0.0,0.0,-0.8067787885665894,0.0,0.0,0.0,0.0,260,3.2859498779621887,0.9330127239227295,0.06406619514410312,0.0,0.0,0.0,-0.734360933303833,CityLearnV3MADRLRewardFunction,matd3_unified_comparable_v4,E2,-0.0,1907,14.854298120649382,1.0,0.17102587958538976,0.0,8
44,4.69041575982343,1.0,0.45454545454545453,-1.0,Building_7,6,MATD3,0.7393829822540283,False,0.0,0.0,0.0,0.5324955582618713,5,0,0.0,0.0,-0.0,43800,-0.0,0.0,-0.6959529519081116,0.0,0.0,0.0,0.0,330,3.282846689442219,0.9330127239227295,0.049527772041884334,0.0,0.0,0.0,-0.734360933303833,CityLearnV3MADRLRewardFunction,matd3_unified_comparable_v4,E2,-0.0,1907,14.854298120649382,1.0,0.17102587958538976,0.0,8
19,3.1622776601683795,1.0,0.21052631578947367,-1.0,Building_8,7,MATD3,0.7393829822540283,False,0.0,0.0,0.0,0.5324955582618713,5,0,0.0,0.0,-0.0,43800,-0.0,0.0,-0.6927406191825867,0.0,0.0,0.0,0.0,155,3.2973989108216664,0.9497137069702148,0.10576419234275818,0.0,0.0,0.0,-0.734360933303833,CityLearnV3MADRLRewardFunction,matd3_unified_comparable_v4,E2,-0.0,1907,14.854298120649382,1.0,0.17102587958538976,0.0,8
12,2.0,1.0,0.16666666666666666,-1.0,Building_9,8,MATD3,0.7393829822540283,False,0.0,0.0,0.0,0.5324955582618713,5,0,0.0,0.0,-0.0,43800,-0.0,0.0,-0.6108053922653198,0.0,0.0,0.0,0.0,106,3.4355258114015377,0.978480339050293,0.1655256595673426,0.0,0.0,0.0,-0.734360933303833,CityLearnV3MADRLRewardFunction,matd3_unified_comparable_v4,E2,-0.0,1907,14.854298120649382,1.0,0.17102587958538976,0.0,8
8,2.6457513110645907,1.0,0.625,-1.0,Building_10,9,MATD3,0.7393829822540283,False,0.0,0.0,0.0,0.5324955582618713,5,0,0.0,0.0,-0.0,43800,-0.0,0.0,-0.8073552250862122,0.0,0.0,0.0,0.0,78,3.4206352099095714,0.9999988675117493,0.224617916230972,0.0,0.0,0.0,-0.734360933303833,CityLearnV3MADRLRewardFunction,matd3_unified_comparable_v4,E2,-0.0,1907,14.854298120649382,1.0,0.17102587958538976,0.0,8
5,1.7320508075688772,1.0,0.6,0.0,Building_11,10,MATD3,0.7393829822540283,False,0.0,0.0,0.0,0.5324955582618713,5,0,0.0,0.0,-0.0,43800,-0.0,0.0,-0.8126530051231384,0.0,0.0,0.0,0.0,57,4.10740882971568,1.0,0.42154329623046677,0.0,0.0,0.0,-0.734360933303833,CityLearnV3MADRLRewardFunction,matd3_unified_comparable_v4,E2,-0.0,1907,14.854298120649382,1.0,0.17102587958538976,0.0,8
5,1.7320508075688772,1.0,0.2,-1.0,Building_12,11,MATD3,0.7393829822540283,False,0.0,0.0,0.0,0.5324955582618713,5,0,0.0,0.0,-0.0,43800,-0.0,0.0,-0.8023189306259155,0.0,0.0,0.0,0.0,57,4.222391075944592,1.0,0.4518792009667346,0.0,0.0,0.0,-0.734360933303833,CityLearnV3MADRLRewardFunction,matd3_unified_comparable_v4,E2,-0.0,1907,14.854298120649382,1.0,0.17102587958538976,0.0,8
13,2.8284271247461903,1.0,0.6153846153846154,0.0,Building_13,12,MATD3,0.7393829822540283,False,0.0,0.0,0.0,0.5324955582618713,5,0,0.0,0.0,-0.0,43800,-0.0,0.0,-0.6370868682861328,0.0,0.0,0.0,0.0,113,3.454910344737632,0.9999988675117493,0.15538712004117206,0.0,0.0,0.0,-0.734360933303833,CityLearnV3MADRLRewardFunction,matd3_unified_comparable_v4,E2,-0.0,1907,14.854298120649382,1.0,0.17102587958538976,0.0,8
6,2.0,1.0,-0.3333333333333333,-1.0,Building_14,13,MATD3,0.7393829822540283,False,0.0,0.0,0.0,0.5324955582618713,5,0,0.0,0.0,-0.0,43800,-0.0,0.0,-0.5070616006851196,0.0,0.0,0.0,0.0,64,4.297459743331586,1.0,0.4094780976884067,0.0,0.0,0.0,-0.734360933303833,CityLearnV3MADRLRewardFunction,matd3_unified_comparable_v4,E2,-0.0,1907,14.854298120649382,1.0,0.17102587958538976,0.0,8
10,2.6457513110645907,1.0,0.3,-1.0,Building_15,14,MATD3,0.7393829822540283,False,0.0,0.0,0.0,0.5324955582618713,5,0,0.0,0.0,-0.0,43800,-0.0,0.0,-0.7249429225921631,0.0,0.0,0.0,0.0,92,3.305745730788793,0.9581499099731445,0.18040293536108473,0.0,0.0,0.0,-0.734360933303833,CityLearnV3MADRLRewardFunction,matd3_unified_comparable_v4,E2,-0.0,1907,14.854298120649382,1.0,0.17102587958538976,0.0,8
13,2.449489742783178,1.0,0.3076923076923077,-1.0,Building_16,15,MATD3,0.7393829822540283,False,0.0,0.0,0.0,0.5324955582618713,5,0,0.0,0.0,-0.0,43800,-0.0,0.0,-0.8038419485092163,0.0,0.0,0.0,0.0,113,3.274159137233303,0.9330127239227295,0.14482825321961293,0.0,0.0,0.0,-0.734360933303833,CityLearnV3MADRLRewardFunction,matd3_unified_comparable_v4,E2,-0.0,1907,14.854298120649382,1.0,0.17102587958538976,0.0,8
13,2.6457513110645907,1.0,0.23076923076923078,-1.0,Building_17,16,MATD3,0.7393829822540283,False,0.0,0.0,0.0,0.5324955582618713,5,0,0.0,0.0,-0.0,43800,-0.0,0.0,-0.7812341451644897,0.0,0.0,0.0,0.0,113,3.403807778764571,0.9330127239227295,0.1538472309444858,0.0,0.0,0.0,-0.734360933303833,CityLearnV3MADRLRewardFunction,matd3_unified_comparable_v4,E2,-0.0,1907,14.854298120649382,1.0,0.17102587958538976,0.0,8
6,2.0,1.0,0.6666666666666666,0.0,Building_1,0,MATD3,0.7900000214576721,True,-2.591028533061035e-05,0.0,0.0,0.5324955582618713,5,8751,0.0,0.0,-0.0,52551,0.0,433.4545593261719,-0.8211289644241333,230.8126220703125,342.4291076660156,433.4545593261719,433.45458984375,64,3.3346950690998187,1.0,0.22409327677451074,0.0,0.0,0.0,-0.7511171102523804,CityLearnV3MADRLRewardFunction,matd3_unified_comparable_v4,E2,-0.0,1907,13.6990030625564,1.0,0.1267870510525427,0.0,8759
8,2.23606797749979,1.0,0.375,-1.0,Building_2,1,MATD3,0.7900000214576721,True,-7.45059693940675e-08,0.0,0.0,0.5324955582618713,5,8751,0.0,0.0,-0.0,52551,0.0,15.16435432434082,-0.7197006344795227,8.074951171875,11.979840278625488,15.16435432434082,15.16435432434082,78,3.4503282414222163,1.0,0.19114438100503042,0.0,0.0,0.0,-0.7511171102523804,CityLearnV3MADRLRewardFunction,matd3_unified_comparable_v4,E2,-0.0,1907,13.6990030625564,1.0,0.1267870510525427,0.0,8759
10,2.8284271247461903,1.0,0.4,-1.0,Building_3,2,MATD3,0.7900000214576721,True,0.0,0.0,0.0,0.5324955582618713,5,8751,0.0,0.0,-0.0,52551,0.0,94.53981018066406,-0.817607581615448,50.3420295715332,74.68645477294922,94.53981018066406,94.53981018066406,92,3.204969290194373,1.0,0.14604751976287883,0.0,0.0,0.0,-0.7511171102523804,CityLearnV3MADRLRewardFunction,matd3_unified_comparable_v4,E2,-0.0,1907,13.6990030625564,1.0,0.1267870510525427,0.0,8759
8,2.449489742783178,1.0,0.25,-1.0,Building_4,3,MATD3,0.7900000214576721,True,0.0,0.0,0.0,0.5324955582618713,5,8751,0.0,0.0,-0.0,52551,0.0,31.04317283630371,-0.7914883494377136,16.530351638793945,24.524106979370117,31.04317283630371,31.04317283630371,78,3.1916766443122158,1.0,0.17149378894231257,0.0,0.0,0.0,-0.7511171102523804,CityLearnV3MADRLRewardFunction,matd3_unified_comparable_v4,E2,-0.0,1907,13.6990030625564,1.0,0.1267870510525427,0.0,8759
5,1.7320508075688772,1.0,0.2,-1.0,Building_5,4,MATD3,0.7900000214576721,True,0.0,0.0,0.0,0.5324955582618713,5,8751,0.0,0.0,-0.0,52551,0.0,44.57567596435547,-0.8769679069519043,23.73634910583496,35.21478271484375,44.57567596435547,38.538970947265625,57,3.52707183687306,1.0,0.28582403926472916,0.0,0.0,0.0,-0.7511171102523804,CityLearnV3MADRLRewardFunction,matd3_unified_comparable_v4,E2,-0.0,1907,13.6990030625564,1.0,0.1267870510525427,0.0,8759
34,4.358898943540674,1.0,0.38235294117647056,-1.0,Building_6,5,MATD3,0.7900000214576721,True,0.0,0.0,0.0,0.5324955582618713,5,8751,0.0,0.0,-0.0,52551,0.0,362.8901062011719,-0.819832980632782,193.23736572265625,286.6831970214844,362.8901062011719,362.8901062011719,260,3.184578026920365,1.0,0.05131137789441989,0.0,0.0,0.0,-0.7511171102523804,CityLearnV3MADRLRewardFunction,matd3_unified_comparable_v4,E2,-0.0,1907,13.6990030625564,1.0,0.1267870510525427,0.0,8759
44,4.660714745571592,1.0,0.412503182888031,-1.0,Building_7,6,MATD3,0.7900000214576721,True,0.0,0.0,0.0,0.5324955582618713,5,8751,0.0,0.0,-0.0,52551,0.0,12.664111137390137,-0.6988755464553833,6.743582725524902,10.004648208618164,12.664111137390137,12.664111137390137,330,3.268482945333741,1.0,0.041809449570648596,0.0,0.0,0.0,-0.7511171102523804,CityLearnV3MADRLRewardFunction,matd3_unified_comparable_v4,E2,-0.0,1907,13.6990030625564,1.0,0.1267870510525427,0.0,8759
19,3.1622776601683795,1.0,0.21052631578947367,-1.0,Building_8,7,MATD3,0.7900000214576721,True,0.0,0.0,0.0,0.5324955582618713,5,8751,0.0,0.0,-0.0,52551,0.0,12.065996170043945,-0.6936464905738831,6.425089359283447,9.532136917114258,12.065996170043945,12.065996170043945,155,3.327079593304185,1.0,0.09201990635164323,0.0,0.0,0.0,-0.7511171102523804,CityLearnV3MADRLRewardFunction,matd3_unified_comparable_v4,E2,-0.0,1907,13.6990030625564,1.0,0.1267870510525427,0.0,8759
12,2.23606797749979,1.0,0.25,-1.0,Building_9,8,MATD3,0.7900000214576721,True,0.0,0.0,0.0,0.5324955582618713,5,8751,0.0,0.0,-0.0,52551,0.0,2.290161371231079,-0.5718705058097839,1.2195007801055908,1.8092275857925415,2.290161371231079,2.290161371231079,106,3.524763688463799,1.0,0.1502447155005527,0.0,0.0,0.0,-0.7511171102523804,CityLearnV3MADRLRewardFunction,matd3_unified_comparable_v4,E2,-0.0,1907,13.6990030625564,1.0,0.1267870510525427,0.0,8759
8,2.6457513110645907,1.0,0.375,-1.0,Building_10,9,MATD3,0.7900000214576721,True,4.05476112064207e-06,0.0,0.0,0.5324955582618713,5,8751,0.0,0.0,-0.0,52551,0.0,51.64957809448242,-0.8154160380363464,27.503170013427734,40.80316925048828,51.64957809448242,51.649574279785156,78,3.3900668691069975,1.0,0.18648767337585107,0.0,0.0,0.0,-0.7511171102523804,CityLearnV3MADRLRewardFunction,matd3_unified_comparable_v4,E2,-0.0,1907,13.6990030625564,1.0,0.1267870510525427,0.0,8759
5,1.7320508075688772,1.0,0.6,0.0,Building_11,10,MATD3,0.7900000214576721,True,-4.3632415327010676e-05,0.0,0.0,0.5324955582618713,5,8751,0.0,0.0,-0.0,52551,0.0,71.54798889160156,-0.8192644715309143,38.0989875793457,56.522911071777344,71.54798889160156,71.54803466796875,57,3.3973589105967985,1.0,0.2537119640200807,0.0,0.0,0.0,-0.7511171102523804,CityLearnV3MADRLRewardFunction,matd3_unified_comparable_v4,E2,-0.0,1907,13.6990030625564,1.0,0.1267870510525427,0.0,8759
5,1.7320508075688772,1.0,0.2,-1.0,Building_12,11,MATD3,0.7900000214576721,True,0.0,0.0,0.0,0.5324955582618713,5,8751,0.0,0.0,-0.0,52551,0.0,215.11593627929688,-0.8188391327857971,114.54827880859375,169.94158935546875,215.11593627929688,215.11593627929688,57,3.2199753522224124,1.0,0.24075160789908023,0.0,0.0,0.0,-0.7511171102523804,CityLearnV3MADRLRewardFunction,matd3_unified_comparable_v4,E2,-0.0,1907,13.6990030625564,1.0,0.1267870510525427,0.0,8759
13,2.8284271247461903,1.0,0.6153846153846154,0.0,Building_13,12,MATD3,0.7900000214576721,True,-3.940150236303452e-06,0.0,0.0,0.5324955582618713,5,8751,0.0,0.0,-0.0,52551,0.0,2.0330183506011963,-0.5862658619880676,1.0825732946395874,1.6060845851898193,2.0330183506011963,2.033022403717041,113,3.4123216014469584,1.0,0.12815825298296668,0.0,0.0,0.0,-0.7511171102523804,CityLearnV3MADRLRewardFunction,matd3_unified_comparable_v4,E2,-0.0,1907,13.6990030625564,1.0,0.1267870510525427,0.0,8759
6,2.0,1.0,-0.3333333333333333,-1.0,Building_14,13,MATD3,0.7900000214576721,True,0.0,0.0,0.0,0.5324955582618713,5,8751,0.0,0.0,-0.0,52551,0.0,2.6149511337280273,-0.5931366086006165,1.3924498558044434,2.0658113956451416,2.6149511337280273,2.6149511337280273,64,3.246010192556302,1.0,0.21219419362023473,0.0,0.0,0.0,-0.7511171102523804,CityLearnV3MADRLRewardFunction,matd3_unified_comparable_v4,E2,-0.0,1907,13.6990030625564,1.0,0.1267870510525427,0.0,8759
10,2.6457513110645907,1.0,0.3,-1.0,Building_15,14,MATD3,0.7900000214576721,True,0.0,0.0,0.0,0.5324955582618713,5,8751,0.0,0.0,-0.0,52551,0.0,19.521480560302734,-0.7476917505264282,10.395101547241211,15.42197036743164,19.521480560302734,19.521480560302734,92,3.3352580267821357,1.0,0.15549059633327567,0.0,0.0,0.0,-0.7511171102523804,CityLearnV3MADRLRewardFunction,matd3_unified_comparable_v4,E2,-0.0,1907,13.6990030625564,1.0,0.1267870510525427,0.0,8759
13,2.449489742783178,1.0,0.3076923076923077,-1.0,Building_16,15,MATD3,0.7900000214576721,True,0.0,0.0,0.0,0.5324955582618713,5,8751,0.0,0.0,-0.0,52551,0.0,54.89390563964844,-0.8144636154174805,29.23076057434082,43.366188049316406,54.89390563964844,54.89390563964844,113,3.2233941880861243,1.0,0.11971595718533593,0.0,0.0,0.0,-0.7511171102523804,CityLearnV3MADRLRewardFunction,matd3_unified_comparable_v4,E2,-0.0,1907,13.6990030625564,1.0,0.1267870510525427,0.0,8759
13,2.449489742783178,1.0,0.15384615384615385,-1.0,Building_17,16,MATD3,0.7900000214576721,True,0.0,0.0,0.0,0.5324955582618713,5,8751,0.0,0.0,-0.0,52551,0.0,22.46647071838379,-0.7627936005592346,11.963295936584473,17.748512268066406,22.46647071838379,22.46647071838379,113,3.212997057217479,1.0,0.11923809085799529,0.0,0.0,0.0,-0.7511171102523804,CityLearnV3MADRLRewardFunction,matd3_unified_comparable_v4,E2,-0.0,1907,13.6990030625564,1.0,0.1267870510525427,0.0,8759
6,0.5945677909948657,0.4303787350654602,0.1603994481265545,-0.15269039571285248,Building_1,0,MATD3,0.7900000214576721,False,0.0,0.0,0.0,0.5324955582618713,6,0,0.0,0.0,-0.0,52560,-0.0,0.0,-0.5569316744804382,0.0,0.0,0.0,0.0,64,3.3666377927207174,1.0,0.2313632492441684,0.0,0.0,0.0,-0.3960905075073242,CityLearnV3MADRLRewardFunction,matd3_unified_comparable_v4,E2,-0.0,1907,14.132491099134349,1.0,0.13340107325316022,0.0,1
8,0.49741736775207473,0.34127575159072876,0.10190034098923206,0.0,Building_2,1,MATD3,0.7900000214576721,False,0.0,0.0,0.0,0.5324955582618713,6,0,0.0,0.0,-0.0,52560,-0.0,0.0,-0.4661182463169098,0.0,0.0,0.0,0.0,78,3.4500947021564015,1.0,0.19085355618825325,0.0,0.0,0.0,-0.3960905075073242,CityLearnV3MADRLRewardFunction,matd3_unified_comparable_v4,E2,-0.0,1907,14.132491099134349,1.0,0.13340107325316022,0.0,1
10,1.2210470752468654,0.8585923910140991,0.1317369133234024,-0.6336172819137573,Building_3,2,MATD3,0.7900000214576721,False,0.0,0.0,0.0,0.5324955582618713,6,0,0.0,0.0,-0.0,52560,-0.0,0.0,-0.5557823777198792,0.0,0.0,0.0,0.0,92,3.49978409754428,1.0,0.16923070626090403,0.0,0.0,0.0,-0.3960905075073242,CityLearnV3MADRLRewardFunction,matd3_unified_comparable_v4,E2,-0.0,1907,14.132491099134349,1.0,0.13340107325316022,0.0,1
8,0.8903083773354457,0.30640164017677307,0.04398526810109615,-0.7290518879890442,Building_4,3,MATD3,0.7900000214576721,False,0.0,0.0,0.0,0.5324955582618713,6,0,0.0,0.0,-0.0,52560,-0.0,0.0,-0.2900957465171814,0.0,0.0,0.0,0.0,78,3.317472013470383,1.0,0.18130276524103606,0.0,0.0,0.0,-0.3960905075073242,CityLearnV3MADRLRewardFunction,matd3_unified_comparable_v4,E2,-0.0,1907,14.132491099134349,1.0,0.13340107325316022,0.0,1
5,1.3684001527229435,0.8561626076698303,0.0038745224475860594,-0.9363221526145935,Building_5,4,MATD3,0.7900000214576721,False,0.0,0.0,0.0,0.5324955582618713,6,0,0.0,0.0,-0.0,52560,-0.0,0.0,-0.379543662071228,0.0,0.0,0.0,0.0,57,3.3826503954760545,1.0,0.26178047884451716,0.0,0.0,0.0,-0.3960905075073242,CityLearnV3MADRLRewardFunction,matd3_unified_comparable_v4,E2,-0.0,1907,14.132491099134349,1.0,0.13340107325316022,0.0,1
34,2.260096667478653,0.9055833220481873,0.21675154473632574,-0.2887745201587677,Building_6,5,MATD3,0.7900000214576721,False,0.0,0.0,0.0,0.5324955582618713,6,0,0.0,0.0,-0.0,52560,-0.0,0.0,-0.5568673610687256,0.0,0.0,0.0,0.0,260,3.3623080595570563,1.0,0.0558718866453721,0.0,0.0,0.0,-0.3960905075073242,CityLearnV3MADRLRewardFunction,matd3_unified_comparable_v4,E2,-0.0,1907,14.132491099134349,1.0,0.13340107325316022,0.0,1
44,3.3810681844149024,0.9636587500572205,0.28280706877227535,-0.7350247502326965,Building_7,6,MATD3,0.7900000214576721,False,0.0,0.0,0.0,0.5324955582618713,6,0,0.0,0.0,-0.0,52560,-0.0,0.0,-0.5545907020568848,0.0,0.0,0.0,0.0,330,3.440783621552349,1.0,0.04506144808097319,0.0,0.0,0.0,-0.3960905075073242,CityLearnV3MADRLRewardFunction,matd3_unified_comparable_v4,E2,-0.0,1907,14.132491099134349,1.0,0.13340107325316022,0.0,1
19,1.6342621590309747,0.7211023569107056,0.06017896493798808,-0.8892513513565063,Building_8,7,MATD3,0.7900000214576721,False,0.0,0.0,0.0,0.5324955582618713,6,0,0.0,0.0,-0.0,52560,-0.0,0.0,-0.5522250533103943,0.0,0.0,0.0,0.0,155,3.4537294488156673,1.0,0.09624094376640935,0.0,0.0,0.0,-0.3960905075073242,CityLearnV3MADRLRewardFunction,matd3_unified_comparable_v4,E2,-0.0,1907,14.132491099134349,1.0,0.13340107325316022,0.0,1
12,1.284654650177608,0.9128114581108093,0.1770308205547432,-0.13919511437416077,Building_9,8,MATD3,0.7900000214576721,False,0.0,0.0,0.0,0.5324955582618713,6,0,0.0,0.0,-0.0,52560,-0.0,0.0,-0.2976631820201874,0.0,0.0,0.0,0.0,106,3.5316897075032445,1.0,0.14843273907899857,0.0,0.0,0.0,-0.3960905075073242,CityLearnV3MADRLRewardFunction,matd3_unified_comparable_v4,E2,-0.0,1907,14.132491099134349,1.0,0.13340107325316022,0.0,1
8,1.6402918645223028,0.8906030654907227,-0.020982863381505013,-0.8007701635360718,Building_10,9,MATD3,0.7900000214576721,False,0.0,0.0,0.0,0.5324955582618713,6,0,0.0,0.0,-0.0,52560,-0.0,0.0,-0.29008376598358154,0.0,0.0,0.0,0.0,78,3.372622022040844,1.0,0.18619261289206454,0.0,0.0,0.0,-0.3960905075073242,CityLearnV3MADRLRewardFunction,matd3_unified_comparable_v4,E2,-0.0,1907,14.132491099134349,1.0,0.13340107325316022,0.0,1
5,1.4341117676282724,0.8499338030815125,0.0640706717967987,-0.9079853892326355,Building_11,10,MATD3,0.7900000214576721,False,0.0,0.0,0.0,0.5324955582618713,6,0,0.0,0.0,-0.0,52560,-0.0,0.0,-0.2902396023273468,0.0,0.0,0.0,0.0,57,3.536411129681706,1.0,0.2791949164187699,0.0,0.0,0.0,-0.3960905075073242,CityLearnV3MADRLRewardFunction,matd3_unified_comparable_v4,E2,-0.0,1907,14.132491099134349,1.0,0.13340107325316022,0.0,1
5,1.4449220665077245,0.9355893731117249,0.23943508565425872,-0.7374213337898254,Building_12,11,MATD3,0.7900000214576721,False,0.0,0.0,0.0,0.5324955582618713,6,0,0.0,0.0,-0.0,52560,-0.0,0.0,-0.29008349776268005,0.0,0.0,0.0,0.0,57,3.4587102876292923,1.0,0.27204686494772895,0.0,0.0,0.0,-0.3960905075073242,CityLearnV3MADRLRewardFunction,matd3_unified_comparable_v4,E2,-0.0,1907,14.132491099134349,1.0,0.13340107325316022,0.0,1
13,1.3543731018076766,0.897722065448761,0.09306985025222485,-0.8210108876228333,Building_13,12,MATD3,0.7900000214576721,False,0.0,0.0,0.0,0.5324955582618713,6,0,0.0,0.0,-0.0,52560,-0.0,0.0,-0.29060643911361694,0.0,0.0,0.0,0.0,113,3.3864684910798215,1.0,0.12830441570387477,0.0,0.0,0.0,-0.3960905075073242,CityLearnV3MADRLRewardFunction,matd3_unified_comparable_v4,E2,-0.0,1907,14.132491099134349,1.0,0.13340107325316022,0.0,1
6,1.5680665972940528,0.9042853713035583,-0.008761356274286905,-0.6790646910667419,Building_14,13,MATD3,0.7900000214576721,False,0.0,0.0,0.0,0.5324955582618713,6,0,0.0,0.0,-0.0,52560,-0.0,0.0,-0.2930811047554016,0.0,0.0,0.0,0.0,64,3.4176257978387627,1.0,0.2293571645859629,0.0,0.0,0.0,-0.3960905075073242,CityLearnV3MADRLRewardFunction,matd3_unified_comparable_v4,E2,-0.0,1907,14.132491099134349,1.0,0.13340107325316022,0.0,1
10,1.8194330739586817,0.9985559582710266,0.457508784532547,0.0,Building_15,14,MATD3,0.7900000214576721,False,0.0,0.0,0.0,0.5324955582618713,6,0,0.0,0.0,-0.0,52560,-0.0,0.0,-0.48708653450012207,0.0,0.0,0.0,0.0,92,3.444360116417206,1.0,0.1619048738123282,0.0,0.0,0.0,-0.3960905075073242,CityLearnV3MADRLRewardFunction,matd3_unified_comparable_v4,E2,-0.0,1907,14.132491099134349,1.0,0.13340107325316022,0.0,1
13,0.9911080198037021,0.714249849319458,0.13099328715067643,-0.15258729457855225,Building_16,15,MATD3,0.7900000214576721,False,0.0,0.0,0.0,0.5324955582618713,6,0,0.0,0.0,-0.0,52560,-0.0,0.0,-0.2921951711177826,0.0,0.0,0.0,0.0,113,3.3754465156127273,1.0,0.12907812619103795,0.0,0.0,0.0,-0.3960905075073242,CityLearnV3MADRLRewardFunction,matd3_unified_comparable_v4,E2,-0.0,1907,14.132491099134349,1.0,0.13340107325316022,0.0,1
13,1.2216956371563361,0.7125523686408997,0.016985646807230435,-0.6008077263832092,Building_17,16,MATD3,0.7900000214576721,False,0.0,0.0,0.0,0.5324955582618713,6,0,0.0,0.0,-0.0,52560,-0.0,0.0,-0.2903439998626709,0.0,0.0,0.0,0.0,113,3.463990606653487,1.0,0.13645459184076933,0.0,0.0,0.0,-0.3960905075073242,CityLearnV3MADRLRewardFunction,matd3_unified_comparable_v4,E2,-0.0,1907,14.132491099134349,1.0,0.13340107325316022,0.0,1
6,0.8773616496065099,0.2565498352050781,-0.15444351236025491,-0.6360555291175842,Building_1,0,MATD3,0.7900000214576721,True,412.7886962890625,0.0,0.0,0.5324955582618713,6,8758,0.0,0.0,-0.0,61318,0.0,804.3753662109375,-0.7559261918067932,414.4009704589844,635.45654296875,804.3753662109375,391.586669921875,64,3.322240569889417,1.0,0.22364873625338078,0.0,0.0,0.0,-0.6243832111358643,CityLearnV3MADRLRewardFunction,matd3_unified_comparable_v4,E2,-0.0,1907,14.089074056138879,1.0,0.13249351495244957,0.0,8759
8,0.7961408994046424,0.5269593596458435,0.026462307199835777,-0.5256354808807373,Building_2,1,MATD3,0.7900000214576721,True,-3.2356910705566406,0.0,0.0,0.5324955582618713,6,8758,0.0,0.0,-0.0,61318,3.050830602645874,0.0,-0.4813261032104492,-1.2996430397033691,0.0,-3.050830602645874,0.1848604679107666,78,3.4408783687122675,1.0,0.18957706942008093,0.0,0.0,0.0,-0.6243832111358643,CityLearnV3MADRLRewardFunction,matd3_unified_comparable_v4,E2,-0.0,1907,14.089074056138879,1.0,0.13249351495244957,0.0,8759
10,1.5044436751332317,0.9680898785591125,0.31819097250699996,-0.09422618895769119,Building_3,2,MATD3,0.7900000214576721,True,471.3732604980469,0.0,0.0,0.5324955582618713,6,8758,0.0,0.0,-0.0,61318,0.0,510.3820495605469,-0.7617819309234619,257.850830078125,403.20184326171875,510.3820495605469,39.0087890625,92,3.3152083962501733,1.0,0.15532664954662323,0.0,0.0,0.0,-0.6243832111358643,CityLearnV3MADRLRewardFunction,matd3_unified_comparable_v4,E2,-0.0,1907,14.089074056138879,1.0,0.13249351495244957,0.0,8759
8,1.1712286929231106,0.9688475728034973,0.2600725516676903,0.0,Building_4,3,MATD3,0.7900000214576721,True,125.61652374267578,0.0,0.0,0.5324955582618713,6,8758,0.0,0.0,-0.0,61318,0.0,162.28848266601562,-0.7605710625648499,72.49254608154297,128.20790100097656,162.28848266601562,36.671958923339844,78,3.265346126099319,1.0,0.1777383333597428,0.0,0.0,0.0,-0.6243832111358643,CityLearnV3MADRLRewardFunction,matd3_unified_comparable_v4,E2,-0.0,1907,14.089074056138879,1.0,0.13249351495244957,0.0,8759
5,0.40351072189022735,0.21524152159690857,0.0321686178445816,-0.26700371503829956,Building_5,4,MATD3,0.7900000214576721,True,0.10532480478286743,0.0,0.0,0.5324955582618713,6,8758,0.0,0.0,-0.0,61318,0.0,52.354835510253906,-0.7286160588264465,22.302974700927734,41.360321044921875,52.354835510253906,54.225337982177734,57,3.607661010369386,1.0,0.2961454127441373,0.0,0.0,0.0,-0.6243832111358643,CityLearnV3MADRLRewardFunction,matd3_unified_comparable_v4,E2,-0.0,1907,14.089074056138879,1.0,0.13249351495244957,0.0,8759
34,1.7410735013528051,0.8519611358642578,0.104349836049711,-0.7580738663673401,Building_6,5,MATD3,0.7900000214576721,True,-7.191686563601252e-06,0.0,0.0,0.5324955582618713,6,8758,0.0,0.0,-0.0,61318,0.0,348.8946838378906,-0.730476975440979,171.85952758789062,275.6268005371094,348.8946838378906,348.8946838378906,260,3.2556860654692144,1.0,0.05312848647053425,0.0,0.0,0.0,-0.6243832111358643,CityLearnV3MADRLRewardFunction,matd3_unified_comparable_v4,E2,-0.0,1907,14.089074056138879,1.0,0.13249351495244957,0.0,8759
44,3.565852678493495,0.9916324615478516,0.26082950618795375,-0.9622515439987183,Building_7,6,MATD3,0.7900000214576721,True,-64.1648178100586,0.0,0.0,0.5324955582618713,6,8758,0.0,0.0,-0.0,61318,61.184730529785156,0.0,-0.49195486307144165,-26.064477920532227,0.0,-61.184730529785156,2.9800872802734375,330,3.3732194661325154,1.0,0.04359498671961553,0.0,0.0,0.0,-0.6243832111358643,CityLearnV3MADRLRewardFunction,matd3_unified_comparable_v4,E2,-0.0,1907,14.089074056138879,1.0,0.13249351495244957,0.0,8759
19,1.7785569114732676,0.8997445702552795,0.23867293800178327,-0.7076694369316101,Building_8,7,MATD3,0.7900000214576721,True,25.594768524169922,0.0,0.0,0.5324955582618713,6,8758,0.0,0.0,-0.0,61318,0.0,31.794137954711914,-0.7247765064239502,13.544189453125,25.11737060546875,31.794137954711914,6.199369430541992,155,3.520859836398369,1.0,0.0995168145625822,0.0,0.0,0.0,-0.6243832111358643,CityLearnV3MADRLRewardFunction,matd3_unified_comparable_v4,E2,-0.0,1907,14.089074056138879,1.0,0.13249351495244957,0.0,8759
12,1.8306783564442524,0.8852435946464539,0.2130873774488767,-0.980928897857666,Building_9,8,MATD3,0.7900000214576721,True,-27.876632690429688,0.0,0.0,0.5324955582618713,6,8758,0.0,0.0,-0.0,61318,25.74156379699707,0.0,-0.48143553733825684,-10.965814590454102,0.0,-25.74156379699707,2.135068893432617,106,3.6692992076073514,1.0,0.160229836432439,0.0,0.0,0.0,-0.6243832111358643,CityLearnV3MADRLRewardFunction,matd3_unified_comparable_v4,E2,-0.0,1907,14.089074056138879,1.0,0.13249351495244957,0.0,8759
8,1.6897982613390907,0.9563702344894409,0.10046857222914696,-0.820183515548706,Building_10,9,MATD3,0.7900000214576721,True,-150.70306396484375,0.0,0.0,0.5324955582618713,6,8758,0.0,0.0,-0.0,61318,134.25119018554688,0.0,-0.49155232310295105,-57.190528869628906,0.0,-134.25119018554688,16.451873779296875,78,3.387349407063468,1.0,0.18748543535669646,0.0,0.0,0.0,-0.6243832111358643,CityLearnV3MADRLRewardFunction,matd3_unified_comparable_v4,E2,-0.0,1907,14.089074056138879,1.0,0.13249351495244957,0.0,8759
5,1.232722775857417,0.6997664570808411,0.24515132904052733,-0.6148651838302612,Building_11,10,MATD3,0.7900000214576721,True,231.92822265625,0.0,0.0,0.5324955582618713,6,8758,0.0,0.0,-0.0,61318,0.0,298.38018798828125,-0.7610809206962585,144.9607696533203,235.72035217285156,298.38018798828125,66.45196533203125,57,3.3634552864026124,1.0,0.2530762140165296,0.0,0.0,0.0,-0.6243832111358643,CityLearnV3MADRLRewardFunction,matd3_unified_comparable_v4,E2,-0.0,1907,14.089074056138879,1.0,0.13249351495244957,0.0,8759
5,1.1875024076633516,0.5392630100250244,-0.18814064264297486,-0.8499998450279236,Building_12,11,MATD3,0.7900000214576721,True,-815.9998779296875,0.0,0.0,0.5324955582618713,6,8758,0.0,0.0,-0.0,61318,660.6112060546875,0.0,-0.4949442744255066,-281.41802978515625,0.0,-660.6112060546875,155.388671875,57,3.3435686640222726,1.0,0.2553196818682185,0.0,0.0,0.0,-0.6243832111358643,CityLearnV3MADRLRewardFunction,matd3_unified_comparable_v4,E2,-0.0,1907,14.089074056138879,1.0,0.13249351495244957,0.0,8759
13,1.4253433736025118,0.8336774110794067,0.210131796506735,-0.06919354200363159,Building_13,12,MATD3,0.7900000214576721,True,-4.774354457855225,0.0,0.0,0.5324955582618713,6,8758,0.0,0.0,-0.0,61318,4.669580936431885,0.0,-0.48399150371551514,-1.989224910736084,0.0,-4.669580936431885,0.10477352142333984,113,3.389070910792241,1.0,0.1279422759482291,0.0,0.0,0.0,-0.6243832111358643,CityLearnV3MADRLRewardFunction,matd3_unified_comparable_v4,E2,-0.0,1907,14.089074056138879,1.0,0.13249351495244957,0.0,8759
6,1.2220257859288435,0.6071459650993347,-0.06731368601322174,-0.8910947442054749,Building_14,13,MATD3,0.7900000214576721,True,8.846972465515137,0.0,0.0,0.5324955582618713,6,8758,0.0,0.0,-0.0,61318,0.0,10.199092864990234,-0.605726957321167,4.3447771072387695,8.057283401489258,10.199092864990234,1.3521203994750977,64,3.49084534926822,1.0,0.23451858526095748,0.0,0.0,0.0,-0.6243832111358643,CityLearnV3MADRLRewardFunction,matd3_unified_comparable_v4,E2,-0.0,1907,14.089074056138879,1.0,0.13249351495244957,0.0,8759
10,1.1834911926036624,0.8101291060447693,0.18760643005371094,-0.15049105882644653,Building_15,14,MATD3,0.7900000214576721,True,-15.651069641113281,0.0,0.0,0.5324955582618713,6,8758,0.0,0.0,-0.0,61318,0.5034465789794922,0.0,-0.49050065875053406,-0.21446645259857178,0.0,-0.5034465789794922,15.147623062133789,92,3.5161654790878467,1.0,0.1678348773199579,0.0,0.0,0.0,-0.6243832111358643,CityLearnV3MADRLRewardFunction,matd3_unified_comparable_v4,E2,-0.0,1907,14.089074056138879,1.0,0.13249351495244957,0.0,8759
13,1.0486198891037557,0.8716813921928406,0.15675902767823294,0.0,Building_16,15,MATD3,0.7900000214576721,True,0.7260911464691162,0.0,0.0,0.5324955582618713,6,8758,0.0,0.0,-0.0,61318,0.0,12.683511734008789,-0.6105321645736694,5.403131008148193,10.019974708557129,12.683511734008789,11.957420349121094,113,3.4706253939596303,1.0,0.13202202979442293,0.0,0.0,0.0,-0.6243832111358643,CityLearnV3MADRLRewardFunction,matd3_unified_comparable_v4,E2,-0.0,1907,14.089074056138879,1.0,0.13249351495244957,0.0,8759
13,1.4426248681624634,0.9387962818145752,0.19455345060962898,0.0,Building_17,16,MATD3,0.7900000214576721,True,106.11563873291016,0.0,0.0,0.5324955582618713,6,8758,0.0,0.0,-0.0,61318,0.0,129.20327758789062,-0.7593203186988831,55.040138244628906,102.07059478759766,129.20327758789062,23.08763885498047,113,3.327397984706958,1.0,0.1282571365611743,0.0,0.0,0.0,-0.6243832111358643,CityLearnV3MADRLRewardFunction,matd3_unified_comparable_v4,E2,-0.0,1907,14.089074056138879,1.0,0.13249351495244957,0.0,8759
6,1.3557588466099797,0.7426707744598389,0.16975427667299905,-0.8226286172866821,Building_1,0,MATD3,0.7900000214576721,False,0.0,0.0,0.0,0.5324955582618713,7,0,0.0,0.0,-0.0,61320,-0.0,0.0,-0.7304650545120239,0.0,0.0,0.0,0.0,64,3.4888711207961847,1.0,0.24240408558398485,0.0,0.0,0.0,-0.5796223878860474,CityLearnV3MADRLRewardFunction,matd3_unified_comparable_v4,E2,-0.0,1907,14.65033583091365,1.0,0.13942930539537615,0.0,2
8,1.631740470252292,0.9893662333488464,0.17422863468527794,-0.8606970310211182,Building_2,1,MATD3,0.7900000214576721,False,0.0,0.0,0.0,0.5324955582618713,7,0,0.0,0.0,-0.0,61320,-0.0,0.0,-0.650313138961792,0.0,0.0,0.0,0.0,78,3.5316109118172307,1.0,0.19608223552887255,0.0,0.0,0.0,-0.5796223878860474,CityLearnV3MADRLRewardFunction,matd3_unified_comparable_v4,E2,-0.0,1907,14.65033583091365,1.0,0.13942930539537615,0.0,2
10,1.5051579688713037,0.9841446280479431,0.29015136882662773,-0.3244558870792389,Building_3,2,MATD3,0.7900000214576721,False,0.0,0.0,0.0,0.5324955582618713,7,0,0.0,0.0,-0.0,61320,-0.0,0.0,-0.46172043681144714,0.0,0.0,0.0,0.0,92,3.607050660641787,1.0,0.17556359270668548,0.0,0.0,0.0,-0.5796223878860474,CityLearnV3MADRLRewardFunction,matd3_unified_comparable_v4,E2,-0.0,1907,14.65033583091365,1.0,0.13942930539537615,0.0,2
8,1.5082100388414013,0.9981922507286072,0.36536958534270525,0.0,Building_4,3,MATD3,0.7900000214576721,False,0.0,0.0,0.0,0.5324955582618713,7,0,0.0,0.0,-0.0,61320,-0.0,0.0,-0.672702968120575,0.0,0.0,0.0,0.0,78,3.578413181663621,1.0,0.1999326099952062,0.0,0.0,0.0,-0.5796223878860474,CityLearnV3MADRLRewardFunction,matd3_unified_comparable_v4,E2,-0.0,1907,14.65033583091365,1.0,0.13942930539537615,0.0,2
5,0.9099787094552122,0.821681022644043,0.09557988569140434,-0.38846486806869507,Building_5,4,MATD3,0.7900000214576721,False,0.0,0.0,0.0,0.5324955582618713,7,0,0.0,0.0,-0.0,61320,-0.0,0.0,-0.47223421931266785,0.0,0.0,0.0,0.0,57,3.5495663038330467,1.0,0.2776592275814006,0.0,0.0,0.0,-0.5796223878860474,CityLearnV3MADRLRewardFunction,matd3_unified_comparable_v4,E2,-0.0,1907,14.65033583091365,1.0,0.13942930539537615,0.0,2
34,2.528290493500978,0.9635912775993347,0.1700993068584734,-0.9144876003265381,Building_6,5,MATD3,0.7900000214576721,False,0.0,0.0,0.0,0.5324955582618713,7,0,0.0,0.0,-0.0,61320,-0.0,0.0,-0.7246978282928467,0.0,0.0,0.0,0.0,260,3.4905257420811187,1.0,0.05890836879037894,0.0,0.0,0.0,-0.5796223878860474,CityLearnV3MADRLRewardFunction,matd3_unified_comparable_v4,E2,-0.0,1907,14.65033583091365,1.0,0.13942930539537615,0.0,2
44,3.2305557831577065,0.9992875456809998,0.29459322298961604,-0.7492375373840332,Building_7,6,MATD3,0.7900000214576721,False,0.0,0.0,0.0,0.5324955582618713,7,0,0.0,0.0,-0.0,61320,-0.0,0.0,-0.45951640605926514,0.0,0.0,0.0,0.0,330,3.493036575614181,1.0,0.04557569722334544,0.0,0.0,0.0,-0.5796223878860474,CityLearnV3MADRLRewardFunction,matd3_unified_comparable_v4,E2,-0.0,1907,14.65033583091365,1.0,0.13942930539537615,0.0,2
19,2.3642077446911482,0.9328122138977051,0.31430979739678533,-0.7095761895179749,Building_8,7,MATD3,0.7900000214576721,False,0.0,0.0,0.0,0.5324955582618713,7,0,0.0,0.0,-0.0,61320,-0.0,0.0,-0.45465075969696045,0.0,0.0,0.0,0.0,155,3.5689131444966997,1.0,0.10045233157373244,0.0,0.0,0.0,-0.5796223878860474,CityLearnV3MADRLRewardFunction,matd3_unified_comparable_v4,E2,-0.0,1907,14.65033583091365,1.0,0.13942930539537615,0.0,2
12,1.268688200725391,0.8795072436332703,0.18086704852369925,-0.23420780897140503,Building_9,8,MATD3,0.7900000214576721,False,0.0,0.0,0.0,0.5324955582618713,7,0,0.0,0.0,-0.0,61320,-0.0,0.0,-0.46641257405281067,0.0,0.0,0.0,0.0,106,3.65680493060882,1.0,0.1542399967757036,0.0,0.0,0.0,-0.5796223878860474,CityLearnV3MADRLRewardFunction,matd3_unified_comparable_v4,E2,-0.0,1907,14.65033583091365,1.0,0.13942930539537615,0.0,2
8,1.1210302675702553,0.705467939376831,0.062388721853494644,-0.520658552646637,Building_10,9,MATD3,0.7900000214576721,False,0.0,0.0,0.0,0.5324955582618713,7,0,0.0,0.0,-0.0,61320,-0.0,0.0,-0.7229984998703003,0.0,0.0,0.0,0.0,78,3.4911221312368923,1.0,0.19455991465693864,0.0,0.0,0.0,-0.5796223878860474,CityLearnV3MADRLRewardFunction,matd3_unified_comparable_v4,E2,-0.0,1907,14.65033583091365,1.0,0.13942930539537615,0.0,2
5,0.852620136760308,0.7429195642471313,0.2322574734687805,0.0,Building_11,10,MATD3,0.7900000214576721,False,0.0,0.0,0.0,0.5324955582618713,7,0,0.0,0.0,-0.0,61320,-0.0,0.0,-0.7292115092277527,0.0,0.0,0.0,0.0,57,3.675379796200638,1.0,0.28937323116942454,0.0,0.0,0.0,-0.5796223878860474,CityLearnV3MADRLRewardFunction,matd3_unified_comparable_v4,E2,-0.0,1907,14.65033583091365,1.0,0.13942930539537615,0.0,2
5,1.2427981572940696,0.9800389409065247,0.15454429984092713,-0.4429466128349304,Building_12,11,MATD3,0.7900000214576721,False,0.0,0.0,0.0,0.5324955582618713,7,0,0.0,0.0,-0.0,61320,-0.0,0.0,-0.4635142982006073,0.0,0.0,0.0,0.0,57,3.568076669870473,1.0,0.27925443976071845,0.0,0.0,0.0,-0.5796223878860474,CityLearnV3MADRLRewardFunction,matd3_unified_comparable_v4,E2,-0.0,1907,14.65033583091365,1.0,0.13942930539537615,0.0,2
13,1.748646980826041,0.8286473751068115,0.3843457559840037,0.0,Building_13,12,MATD3,0.7900000214576721,False,0.0,0.0,0.0,0.5324955582618713,7,0,0.0,0.0,-0.0,61320,-0.0,0.0,-0.698108971118927,0.0,0.0,0.0,0.0,113,3.5615432051666325,1.0,0.13750434475662435,0.0,0.0,0.0,-0.5796223878860474,CityLearnV3MADRLRewardFunction,matd3_unified_comparable_v4,E2,-0.0,1907,14.65033583091365,1.0,0.13942930539537615,0.0,2
6,0.9198982559247767,0.4560273289680481,-0.03307021223008633,-0.5395822525024414,Building_14,13,MATD3,0.7900000214576721,False,0.0,0.0,0.0,0.5324955582618713,7,0,0.0,0.0,-0.0,61320,-0.0,0.0,-0.4908878803253174,0.0,0.0,0.0,0.0,64,3.5265124618147117,1.0,0.24029699293896556,0.0,0.0,0.0,-0.5796223878860474,CityLearnV3MADRLRewardFunction,matd3_unified_comparable_v4,E2,-0.0,1907,14.65033583091365,1.0,0.13942930539537615,0.0,2
10,1.1624076859083636,0.8895420432090759,0.21343174576759338,-0.11506837606430054,Building_15,14,MATD3,0.7900000214576721,False,0.0,0.0,0.0,0.5324955582618713,7,0,0.0,0.0,-0.0,61320,-0.0,0.0,-0.4567441940307617,0.0,0.0,0.0,0.0,92,3.5580496745821026,1.0,0.16913320893502753,0.0,0.0,0.0,-0.5796223878860474,CityLearnV3MADRLRewardFunction,matd3_unified_comparable_v4,E2,-0.0,1907,14.65033583091365,1.0,0.13942930539537615,0.0,2
13,1.762665494231451,0.9351180195808411,0.3437897070096089,0.0,Building_16,15,MATD3,0.7900000214576721,False,0.0,0.0,0.0,0.5324955582618713,7,0,0.0,0.0,-0.0,61320,-0.0,0.0,-0.7311645746231079,0.0,0.0,0.0,0.0,113,3.4749184849443893,1.0,0.13411455212441165,0.0,0.0,0.0,-0.5796223878860474,CityLearnV3MADRLRewardFunction,matd3_unified_comparable_v4,E2,-0.0,1907,14.65033583091365,1.0,0.13942930539537615,0.0,2
13,2.175037034196419,0.9047091007232666,0.3397053090425638,-0.9219534397125244,Building_17,16,MATD3,0.7900000214576721,False,0.0,0.0,0.0,0.5324955582618713,7,0,0.0,0.0,-0.0,61320,-0.0,0.0,-0.4682369828224182,0.0,0.0,0.0,0.0,113,3.577003060511182,1.0,0.14172463481668876,0.0,0.0,0.0,-0.5796223878860474,CityLearnV3MADRLRewardFunction,matd3_unified_comparable_v4,E2,-0.0,1907,14.65033583091365,1.0,0.13942930539537615,0.0,2
6,1.3610819186574186,0.9695410132408142,0.10861435035864513,-0.7065224647521973,Building_1,0,MATD3,0.7900000214576721,True,-1136.794677734375,0.0,0.0,0.5324955582618713,7,8757,0.0,0.0,-0.0,70077,703.340087890625,0.0,-0.5119677186012268,-299.6203918457031,0.0,-703.340087890625,433.45458984375,64,3.2574299326796994,1.0,0.21892452496103942,0.0,0.0,0.0,-0.647771954536438,CityLearnV3MADRLRewardFunction,matd3_unified_comparable_v4,E2,-0.0,1907,13.824034322033393,1.0,0.12884494549178238,0.0,8759
8,1.3378425438247434,0.9872577786445618,0.265876442193985,-0.32015177607536316,Building_2,1,MATD3,0.7900000214576721,True,23.527278900146484,0.0,0.0,0.5324955582618713,7,8757,0.0,0.0,-0.0,70077,0.0,38.69163513183594,-0.7616795301437378,16.482498168945312,30.56639289855957,38.69163513183594,15.164356231689453,78,3.374224292465965,1.0,0.18718992995145994,0.0,0.0,0.0,-0.647771954536438,CityLearnV3MADRLRewardFunction,matd3_unified_comparable_v4,E2,-0.0,1907,13.824034322033393,1.0,0.12884494549178238,0.0,8759
10,1.5983799294643626,0.9543981552124023,0.13979216143488885,-0.7470598220825195,Building_3,2,MATD3,0.7900000214576721,True,367.0425109863281,0.0,0.0,0.5324955582618713,7,8757,0.0,0.0,-0.0,70077,0.0,461.58233642578125,-0.7786978483200073,199.62652587890625,364.6500549316406,461.58233642578125,94.53982543945312,92,3.2922424651668214,1.0,0.1523194382696048,0.0,0.0,0.0,-0.647771954536438,CityLearnV3MADRLRewardFunction,matd3_unified_comparable_v4,E2,-0.0,1907,13.824034322033393,1.0,0.12884494549178238,0.0,8759
8,1.435579420394119,0.9375157356262207,0.20589098054915667,-0.6720747351646423,Building_4,3,MATD3,0.7900000214576721,True,-9.939602851867676,0.0,0.0,0.5324955582618713,7,8757,0.0,0.0,-0.0,70077,0.0,21.10356903076172,-0.6980583667755127,8.990045547485352,16.67181968688965,21.10356903076172,31.043170928955078,78,3.2439243672734737,1.0,0.17662395556003618,0.0,0.0,0.0,-0.647771954536438,CityLearnV3MADRLRewardFunction,matd3_unified_comparable_v4,E2,-0.0,1907,13.824034322033393,1.0,0.12884494549178238,0.0,8759
5,1.3532029554385088,0.9857553243637085,0.01173858642578125,-0.9270623922348022,Building_5,4,MATD3,0.7900000214576721,True,-28.68878746032715,0.0,0.0,0.5324955582618713,7,8757,0.0,0.0,-0.0,70077,0.0,17.144773483276367,-0.729518473148346,7.30361270904541,13.544370651245117,17.144773483276367,38.538970947265625,57,3.569818481720822,1.0,0.29056000500394585,0.0,0.0,0.0,-0.647771954536438,CityLearnV3MADRLRewardFunction,matd3_unified_comparable_v4,E2,-0.0,1907,13.824034322033393,1.0,0.12884494549178238,0.0,8759
34,2.0991617489950016,0.9282126426696777,0.15708223993287368,-0.35418614745140076,Building_6,5,MATD3,0.7900000214576721,True,0.0,0.0,0.0,0.5324955582618713,7,8757,0.0,0.0,-0.0,70077,0.0,362.8901062011719,-0.7476039528846741,154.5898895263672,286.6831970214844,362.8901062011719,362.8901062011719,260,3.184793263789324,1.0,0.05132468033295411,0.0,0.0,0.0,-0.647771954536438,CityLearnV3MADRLRewardFunction,matd3_unified_comparable_v4,E2,-0.0,1907,13.824034322033393,1.0,0.12884494549178238,0.0,8759
44,3.041463785175372,0.9235988259315491,0.2669842659749768,-0.8184155821800232,Building_7,6,MATD3,0.7900000214576721,True,-196.41973876953125,0.0,0.0,0.5324955582618713,7,8757,0.0,0.0,-0.0,70077,183.75563049316406,0.0,-0.5120023488998413,-78.27924346923828,0.0,-183.75563049316406,12.664108276367188,330,3.3652412436882475,1.0,0.04369413570472688,0.0,0.0,0.0,-0.647771954536438,CityLearnV3MADRLRewardFunction,matd3_unified_comparable_v4,E2,-0.0,1907,13.824034322033393,1.0,0.12884494549178238,0.0,8759
19,2.2642294367375166,0.9344901442527771,0.1943216174840927,-0.9043766856193542,Building_8,7,MATD3,0.7900000214576721,True,75.17011260986328,0.0,0.0,0.5324955582618713,7,8757,0.0,0.0,-0.0,70077,0.0,87.2361068725586,-0.775852382183075,37.16227340698242,68.9165267944336,87.2361068725586,12.065994262695312,155,3.3332587273805645,1.0,0.09290303712890995,0.0,0.0,0.0,-0.647771954536438,CityLearnV3MADRLRewardFunction,matd3_unified_comparable_v4,E2,-0.0,1907,13.824034322033393,1.0,0.12884494549178238,0.0,8759
12,1.4056546695121588,0.8582760095596313,0.19530826061964035,-0.560528576374054,Building_9,8,MATD3,0.7900000214576721,True,-16.81585693359375,0.0,0.0,0.5324955582618713,7,8757,0.0,0.0,-0.0,70077,14.52569580078125,0.0,-0.50096595287323,-6.187894821166992,0.0,-14.52569580078125,2.2901611328125,106,3.5661023598180055,1.0,0.15381565732213687,0.0,0.0,0.0,-0.647771954536438,CityLearnV3MADRLRewardFunction,matd3_unified_comparable_v4,E2,-0.0,1907,13.824034322033393,1.0,0.12884494549178238,0.0,8759
8,0.8878495676041593,0.18285337090492249,-0.09021007735282183,-0.7397305965423584,Building_10,9,MATD3,0.7900000214576721,True,-437.1807861328125,0.0,0.0,0.5324955582618713,7,8757,0.0,0.0,-0.0,70077,385.5312194824219,0.0,-0.5119921565055847,-164.23492431640625,0.0,-385.5312194824219,51.649566650390625,78,3.329457490662194,1.0,0.18347240124757475,0.0,0.0,0.0,-0.647771954536438,CityLearnV3MADRLRewardFunction,matd3_unified_comparable_v4,E2,-0.0,1907,13.824034322033393,1.0,0.12884494549178238,0.0,8759
5,1.0483900256266312,0.7963536381721497,0.23646807670593262,-0.3971472680568695,Building_11,10,MATD3,0.7900000214576721,True,-2.4631213818793185e-05,0.0,0.0,0.5324955582618713,7,8757,0.0,0.0,-0.0,70077,0.0,71.54801177978516,-0.7469988465309143,30.479198455810547,56.52293014526367,71.54801177978516,71.54803466796875,57,3.39703206666812,1.0,0.2536924733012392,0.0,0.0,0.0,-0.647771954536438,CityLearnV3MADRLRewardFunction,matd3_unified_comparable_v4,E2,-0.0,1907,13.824034322033393,1.0,0.12884494549178238,0.0,8759
5,1.2163188012004529,0.8630020022392273,0.4551622927188873,0.0,Building_12,11,MATD3,0.7900000214576721,True,0.03228948265314102,0.0,0.0,0.5324955582618713,7,8757,0.0,0.0,-0.0,70077,0.0,215.14822387695312,-0.7488281726837158,91.65238189697266,169.96710205078125,215.14822387695312,215.11593627929688,57,3.3654068061876137,1.0,0.2547682756394671,0.0,0.0,0.0,-0.647771954536438,CityLearnV3MADRLRewardFunction,matd3_unified_comparable_v4,E2,-0.0,1907,13.824034322033393,1.0,0.12884494549178238,0.0,8759
13,1.2777696306412623,0.6464722752571106,0.08387476893571708,-0.5782907009124756,Building_13,12,MATD3,0.7900000214576721,True,-19.477567672729492,0.0,0.0,0.5324955582618713,7,8757,0.0,0.0,-0.0,70077,17.44454574584961,0.0,-0.5153077244758606,-7.431314468383789,0.0,-17.44454574584961,2.033021926879883,113,3.411907606111212,1.0,0.12814579139241075,0.0,0.0,0.0,-0.647771954536438,CityLearnV3MADRLRewardFunction,matd3_unified_comparable_v4,E2,-0.0,1907,13.824034322033393,1.0,0.12884494549178238,0.0,8759
6,0.901058927705743,0.4354064464569092,0.04856640845537186,-0.6776427626609802,Building_14,13,MATD3,0.7900000214576721,True,-0.06662184745073318,0.0,0.0,0.5324955582618713,7,8757,0.0,0.0,-0.0,70077,0.0,2.5483293533325195,-0.5202633738517761,1.0855792760849,2.0131802558898926,2.5483293533325195,2.6149511337280273,64,3.2459011314906197,1.0,0.21219388069584966,0.0,0.0,0.0,-0.647771954536438,CityLearnV3MADRLRewardFunction,matd3_unified_comparable_v4,E2,-0.0,1907,13.824034322033393,1.0,0.12884494549178238,0.0,8759
10,1.2423381007066,0.8404873609542847,0.14439087957143784,-0.5159227252006531,Building_15,14,MATD3,0.7900000214576721,True,-24.279338836669922,0.0,0.0,0.5324955582618713,7,8757,0.0,0.0,-0.0,70077,4.7578582763671875,0.0,-0.5134683847427368,-2.0268306732177734,0.0,-4.7578582763671875,19.521480560302734,92,3.476852980002609,1.0,0.16421505598270375,0.0,0.0,0.0,-0.647771954536438,CityLearnV3MADRLRewardFunction,matd3_unified_comparable_v4,E2,-0.0,1907,13.824034322033393,1.0,0.12884494549178238,0.0,8759
13,1.0834522453806281,0.7983958125114441,0.15775975670952064,-0.09665647894144058,Building_16,15,MATD3,0.7900000214576721,True,-34.50636291503906,0.0,0.0,0.5324955582618713,7,8757,0.0,0.0,-0.0,70077,0.0,20.387542724609375,-0.694010317325592,8.685020446777344,16.106159210205078,20.387542724609375,54.89390563964844,113,3.2756132926457053,1.0,0.12338993091762593,0.0,0.0,0.0,-0.647771954536438,CityLearnV3MADRLRewardFunction,matd3_unified_comparable_v4,E2,-0.0,1907,13.824034322033393,1.0,0.12884494549178238,0.0,8759
13,1.6443421192424243,0.9326314926147461,0.3602623865008354,0.0,Building_17,16,MATD3,0.7900000214576721,True,16.721744537353516,0.0,0.0,0.5324955582618713,7,8757,0.0,0.0,-0.0,70077,0.0,39.18821716308594,-0.7449073791503906,16.694042205810547,30.95869255065918,39.18821716308594,22.466472625732422,113,3.2803209500973907,1.0,0.12274865094011864,0.0,0.0,0.0,-0.647771954536438,CityLearnV3MADRLRewardFunction,matd3_unified_comparable_v4,E2,-0.0,1907,13.824034322033393,1.0,0.12884494549178238,0.0,8759
6,0.5945677909948657,0.4303787350654602,0.1603994481265545,-0.15269039571285248,Building_1,0,MATD3,0.7900000214576721,False,0.0,0.0,0.0,0.5324955582618713,8,0,0.0,0.0,-0.0,70080,-0.0,0.0,-0.5569316744804382,0.0,0.0,0.0,0.0,64,3.3666377927207174,1.0,0.2313632492441684,0.0,0.0,0.0,-0.3960905075073242,CityLearnV3MADRLRewardFunction,matd3_unified_comparable_v4,E2,-0.0,1907,14.132491099134349,1.0,0.13340107325316022,0.0,1
8,0.49741736775207473,0.34127575159072876,0.10190034098923206,0.0,Building_2,1,MATD3,0.7900000214576721,False,0.0,0.0,0.0,0.5324955582618713,8,0,0.0,0.0,-0.0,70080,-0.0,0.0,-0.4661182463169098,0.0,0.0,0.0,0.0,78,3.4500947021564015,1.0,0.19085355618825325,0.0,0.0,0.0,-0.3960905075073242,CityLearnV3MADRLRewardFunction,matd3_unified_comparable_v4,E2,-0.0,1907,14.132491099134349,1.0,0.13340107325316022,0.0,1
10,1.2210470752468654,0.8585923910140991,0.1317369133234024,-0.6336172819137573,Building_3,2,MATD3,0.7900000214576721,False,0.0,0.0,0.0,0.5324955582618713,8,0,0.0,0.0,-0.0,70080,-0.0,0.0,-0.5557823777198792,0.0,0.0,0.0,0.0,92,3.49978409754428,1.0,0.16923070626090403,0.0,0.0,0.0,-0.3960905075073242,CityLearnV3MADRLRewardFunction,matd3_unified_comparable_v4,E2,-0.0,1907,14.132491099134349,1.0,0.13340107325316022,0.0,1
8,0.8903083773354457,0.30640164017677307,0.04398526810109615,-0.7290518879890442,Building_4,3,MATD3,0.7900000214576721,False,0.0,0.0,0.0,0.5324955582618713,8,0,0.0,0.0,-0.0,70080,-0.0,0.0,-0.2900957465171814,0.0,0.0,0.0,0.0,78,3.317472013470383,1.0,0.18130276524103606,0.0,0.0,0.0,-0.3960905075073242,CityLearnV3MADRLRewardFunction,matd3_unified_comparable_v4,E2,-0.0,1907,14.132491099134349,1.0,0.13340107325316022,0.0,1
5,1.3684001527229435,0.8561626076698303,0.0038745224475860594,-0.9363221526145935,Building_5,4,MATD3,0.7900000214576721,False,0.0,0.0,0.0,0.5324955582618713,8,0,0.0,0.0,-0.0,70080,-0.0,0.0,-0.379543662071228,0.0,0.0,0.0,0.0,57,3.3826503954760545,1.0,0.26178047884451716,0.0,0.0,0.0,-0.3960905075073242,CityLearnV3MADRLRewardFunction,matd3_unified_comparable_v4,E2,-0.0,1907,14.132491099134349,1.0,0.13340107325316022,0.0,1
34,2.260096667478653,0.9055833220481873,0.21675154473632574,-0.2887745201587677,Building_6,5,MATD3,0.7900000214576721,False,0.0,0.0,0.0,0.5324955582618713,8,0,0.0,0.0,-0.0,70080,-0.0,0.0,-0.5568673610687256,0.0,0.0,0.0,0.0,260,3.3623080595570563,1.0,0.0558718866453721,0.0,0.0,0.0,-0.3960905075073242,CityLearnV3MADRLRewardFunction,matd3_unified_comparable_v4,E2,-0.0,1907,14.132491099134349,1.0,0.13340107325316022,0.0,1
44,3.3810681844149024,0.9636587500572205,0.28280706877227535,-0.7350247502326965,Building_7,6,MATD3,0.7900000214576721,False,0.0,0.0,0.0,0.5324955582618713,8,0,0.0,0.0,-0.0,70080,-0.0,0.0,-0.5545907020568848,0.0,0.0,0.0,0.0,330,3.440783621552349,1.0,0.04506144808097319,0.0,0.0,0.0,-0.3960905075073242,CityLearnV3MADRLRewardFunction,matd3_unified_comparable_v4,E2,-0.0,1907,14.132491099134349,1.0,0.13340107325316022,0.0,1
19,1.6342621590309747,0.7211023569107056,0.06017896493798808,-0.8892513513565063,Building_8,7,MATD3,0.7900000214576721,False,0.0,0.0,0.0,0.5324955582618713,8,0,0.0,0.0,-0.0,70080,-0.0,0.0,-0.5522250533103943,0.0,0.0,0.0,0.0,155,3.4537294488156673,1.0,0.09624094376640935,0.0,0.0,0.0,-0.3960905075073242,CityLearnV3MADRLRewardFunction,matd3_unified_comparable_v4,E2,-0.0,1907,14.132491099134349,1.0,0.13340107325316022,0.0,1
12,1.284654650177608,0.9128114581108093,0.1770308205547432,-0.13919511437416077,Building_9,8,MATD3,0.7900000214576721,False,0.0,0.0,0.0,0.5324955582618713,8,0,0.0,0.0,-0.0,70080,-0.0,0.0,-0.2976631820201874,0.0,0.0,0.0,0.0,106,3.5316897075032445,1.0,0.14843273907899857,0.0,0.0,0.0,-0.3960905075073242,CityLearnV3MADRLRewardFunction,matd3_unified_comparable_v4,E2,-0.0,1907,14.132491099134349,1.0,0.13340107325316022,0.0,1
8,1.6402918645223028,0.8906030654907227,-0.020982863381505013,-0.8007701635360718,Building_10,9,MATD3,0.7900000214576721,False,0.0,0.0,0.0,0.5324955582618713,8,0,0.0,0.0,-0.0,70080,-0.0,0.0,-0.29008376598358154,0.0,0.0,0.0,0.0,78,3.372622022040844,1.0,0.18619261289206454,0.0,0.0,0.0,-0.3960905075073242,CityLearnV3MADRLRewardFunction,matd3_unified_comparable_v4,E2,-0.0,1907,14.132491099134349,1.0,0.13340107325316022,0.0,1
5,1.4341117676282724,0.8499338030815125,0.0640706717967987,-0.9079853892326355,Building_11,10,MATD3,0.7900000214576721,False,0.0,0.0,0.0,0.5324955582618713,8,0,0.0,0.0,-0.0,70080,-0.0,0.0,-0.2902396023273468,0.0,0.0,0.0,0.0,57,3.536411129681706,1.0,0.2791949164187699,0.0,0.0,0.0,-0.3960905075073242,CityLearnV3MADRLRewardFunction,matd3_unified_comparable_v4,E2,-0.0,1907,14.132491099134349,1.0,0.13340107325316022,0.0,1
5,1.4449220665077245,0.9355893731117249,0.23943508565425872,-0.7374213337898254,Building_12,11,MATD3,0.7900000214576721,False,0.0,0.0,0.0,0.5324955582618713,8,0,0.0,0.0,-0.0,70080,-0.0,0.0,-0.29008349776268005,0.0,0.0,0.0,0.0,57,3.4587102876292923,1.0,0.27204686494772895,0.0,0.0,0.0,-0.3960905075073242,CityLearnV3MADRLRewardFunction,matd3_unified_comparable_v4,E2,-0.0,1907,14.132491099134349,1.0,0.13340107325316022,0.0,1
13,1.3543731018076766,0.897722065448761,0.09306985025222485,-0.8210108876228333,Building_13,12,MATD3,0.7900000214576721,False,0.0,0.0,0.0,0.5324955582618713,8,0,0.0,0.0,-0.0,70080,-0.0,0.0,-0.29060643911361694,0.0,0.0,0.0,0.0,113,3.3864684910798215,1.0,0.12830441570387477,0.0,0.0,0.0,-0.3960905075073242,CityLearnV3MADRLRewardFunction,matd3_unified_comparable_v4,E2,-0.0,1907,14.132491099134349,1.0,0.13340107325316022,0.0,1
6,1.5680665972940528,0.9042853713035583,-0.008761356274286905,-0.6790646910667419,Building_14,13,MATD3,0.7900000214576721,False,0.0,0.0,0.0,0.5324955582618713,8,0,0.0,0.0,-0.0,70080,-0.0,0.0,-0.2930811047554016,0.0,0.0,0.0,0.0,64,3.4176257978387627,1.0,0.2293571645859629,0.0,0.0,0.0,-0.3960905075073242,CityLearnV3MADRLRewardFunction,matd3_unified_comparable_v4,E2,-0.0,1907,14.132491099134349,1.0,0.13340107325316022,0.0,1
10,1.8194330739586817,0.9985559582710266,0.457508784532547,0.0,Building_15,14,MATD3,0.7900000214576721,False,0.0,0.0,0.0,0.5324955582618713,8,0,0.0,0.0,-0.0,70080,-0.0,0.0,-0.48708653450012207,0.0,0.0,0.0,0.0,92,3.444360116417206,1.0,0.1619048738123282,0.0,0.0,0.0,-0.3960905075073242,CityLearnV3MADRLRewardFunction,matd3_unified_comparable_v4,E2,-0.0,1907,14.132491099134349,1.0,0.13340107325316022,0.0,1
13,0.9911080198037021,0.714249849319458,0.13099328715067643,-0.15258729457855225,Building_16,15,MATD3,0.7900000214576721,False,0.0,0.0,0.0,0.5324955582618713,8,0,0.0,0.0,-0.0,70080,-0.0,0.0,-0.2921951711177826,0.0,0.0,0.0,0.0,113,3.3754465156127273,1.0,0.12907812619103795,0.0,0.0,0.0,-0.3960905075073242,CityLearnV3MADRLRewardFunction,matd3_unified_comparable_v4,E2,-0.0,1907,14.132491099134349,1.0,0.13340107325316022,0.0,1
13,1.2216956371563361,0.7125523686408997,0.016985646807230435,-0.6008077263832092,Building_17,16,MATD3,0.7900000214576721,False,0.0,0.0,0.0,0.5324955582618713,8,0,0.0,0.0,-0.0,70080,-0.0,0.0,-0.2903439998626709,0.0,0.0,0.0,0.0,113,3.463990606653487,1.0,0.13645459184076933,0.0,0.0,0.0,-0.3960905075073242,CityLearnV3MADRLRewardFunction,matd3_unified_comparable_v4,E2,-0.0,1907,14.132491099134349,1.0,0.13340107325316022,0.0,1
6,0.8773616496065099,0.2565498352050781,-0.15444351236025491,-0.6360555291175842,Building_1,0,MATD3,0.7900000214576721,True,412.7886962890625,0.0,0.0,0.5324955582618713,8,8758,0.0,0.0,-0.0,78838,0.0,804.3753662109375,-0.7559261918067932,414.4009704589844,635.45654296875,804.3753662109375,391.586669921875,64,3.322240569889417,1.0,0.22364873625338078,0.0,0.0,0.0,-0.6243832111358643,CityLearnV3MADRLRewardFunction,matd3_unified_comparable_v4,E2,-0.0,1907,14.089074056138879,1.0,0.13249351495244957,0.0,8759
8,0.7961408994046424,0.5269593596458435,0.026462307199835777,-0.5256354808807373,Building_2,1,MATD3,0.7900000214576721,True,-3.2356910705566406,0.0,0.0,0.5324955582618713,8,8758,0.0,0.0,-0.0,78838,3.050830602645874,0.0,-0.4813261032104492,-1.2996430397033691,0.0,-3.050830602645874,0.1848604679107666,78,3.4408783687122675,1.0,0.18957706942008093,0.0,0.0,0.0,-0.6243832111358643,CityLearnV3MADRLRewardFunction,matd3_unified_comparable_v4,E2,-0.0,1907,14.089074056138879,1.0,0.13249351495244957,0.0,8759
10,1.5044436751332317,0.9680898785591125,0.31819097250699996,-0.09422618895769119,Building_3,2,MATD3,0.7900000214576721,True,471.3732604980469,0.0,0.0,0.5324955582618713,8,8758,0.0,0.0,-0.0,78838,0.0,510.3820495605469,-0.7617819309234619,257.850830078125,403.20184326171875,510.3820495605469,39.0087890625,92,3.3152083962501733,1.0,0.15532664954662323,0.0,0.0,0.0,-0.6243832111358643,CityLearnV3MADRLRewardFunction,matd3_unified_comparable_v4,E2,-0.0,1907,14.089074056138879,1.0,0.13249351495244957,0.0,8759
8,1.1712286929231106,0.9688475728034973,0.2600725516676903,0.0,Building_4,3,MATD3,0.7900000214576721,True,125.61652374267578,0.0,0.0,0.5324955582618713,8,8758,0.0,0.0,-0.0,78838,0.0,162.28848266601562,-0.7605710625648499,72.49254608154297,128.20790100097656,162.28848266601562,36.671958923339844,78,3.265346126099319,1.0,0.1777383333597428,0.0,0.0,0.0,-0.6243832111358643,CityLearnV3MADRLRewardFunction,matd3_unified_comparable_v4,E2,-0.0,1907,14.089074056138879,1.0,0.13249351495244957,0.0,8759
5,0.40351072189022735,0.21524152159690857,0.0321686178445816,-0.26700371503829956,Building_5,4,MATD3,0.7900000214576721,True,0.10532480478286743,0.0,0.0,0.5324955582618713,8,8758,0.0,0.0,-0.0,78838,0.0,52.354835510253906,-0.7286160588264465,22.302974700927734,41.360321044921875,52.354835510253906,54.225337982177734,57,3.607661010369386,1.0,0.2961454127441373,0.0,0.0,0.0,-0.6243832111358643,CityLearnV3MADRLRewardFunction,matd3_unified_comparable_v4,E2,-0.0,1907,14.089074056138879,1.0,0.13249351495244957,0.0,8759
34,1.7410735013528051,0.8519611358642578,0.104349836049711,-0.7580738663673401,Building_6,5,MATD3,0.7900000214576721,True,-7.191686563601252e-06,0.0,0.0,0.5324955582618713,8,8758,0.0,0.0,-0.0,78838,0.0,348.8946838378906,-0.730476975440979,171.85952758789062,275.6268005371094,348.8946838378906,348.8946838378906,260,3.2556860654692144,1.0,0.05312848647053425,0.0,0.0,0.0,-0.6243832111358643,CityLearnV3MADRLRewardFunction,matd3_unified_comparable_v4,E2,-0.0,1907,14.089074056138879,1.0,0.13249351495244957,0.0,8759
44,3.565852678493495,0.9916324615478516,0.26082950618795375,-0.9622515439987183,Building_7,6,MATD3,0.7900000214576721,True,-64.1648178100586,0.0,0.0,0.5324955582618713,8,8758,0.0,0.0,-0.0,78838,61.184730529785156,0.0,-0.49195486307144165,-26.064477920532227,0.0,-61.184730529785156,2.9800872802734375,330,3.3732194661325154,1.0,0.04359498671961553,0.0,0.0,0.0,-0.6243832111358643,CityLearnV3MADRLRewardFunction,matd3_unified_comparable_v4,E2,-0.0,1907,14.089074056138879,1.0,0.13249351495244957,0.0,8759
19,1.7785569114732676,0.8997445702552795,0.23867293800178327,-0.7076694369316101,Building_8,7,MATD3,0.7900000214576721,True,25.594768524169922,0.0,0.0,0.5324955582618713,8,8758,0.0,0.0,-0.0,78838,0.0,31.794137954711914,-0.7247765064239502,13.544189453125,25.11737060546875,31.794137954711914,6.199369430541992,155,3.520859836398369,1.0,0.0995168145625822,0.0,0.0,0.0,-0.6243832111358643,CityLearnV3MADRLRewardFunction,matd3_unified_comparable_v4,E2,-0.0,1907,14.089074056138879,1.0,0.13249351495244957,0.0,8759
12,1.8306783564442524,0.8852435946464539,0.2130873774488767,-0.980928897857666,Building_9,8,MATD3,0.7900000214576721,True,-27.876632690429688,0.0,0.0,0.5324955582618713,8,8758,0.0,0.0,-0.0,78838,25.74156379699707,0.0,-0.48143553733825684,-10.965814590454102,0.0,-25.74156379699707,2.135068893432617,106,3.6692992076073514,1.0,0.160229836432439,0.0,0.0,0.0,-0.6243832111358643,CityLearnV3MADRLRewardFunction,matd3_unified_comparable_v4,E2,-0.0,1907,14.089074056138879,1.0,0.13249351495244957,0.0,8759
8,1.6897982613390907,0.9563702344894409,0.10046857222914696,-0.820183515548706,Building_10,9,MATD3,0.7900000214576721,True,-150.70306396484375,0.0,0.0,0.5324955582618713,8,8758,0.0,0.0,-0.0,78838,134.25119018554688,0.0,-0.49155232310295105,-57.190528869628906,0.0,-134.25119018554688,16.451873779296875,78,3.387349407063468,1.0,0.18748543535669646,0.0,0.0,0.0,-0.6243832111358643,CityLearnV3MADRLRewardFunction,matd3_unified_comparable_v4,E2,-0.0,1907,14.089074056138879,1.0,0.13249351495244957,0.0,8759
5,1.232722775857417,0.6997664570808411,0.24515132904052733,-0.6148651838302612,Building_11,10,MATD3,0.7900000214576721,True,231.92822265625,0.0,0.0,0.5324955582618713,8,8758,0.0,0.0,-0.0,78838,0.0,298.38018798828125,-0.7610809206962585,144.9607696533203,235.72035217285156,298.38018798828125,66.45196533203125,57,3.3634552864026124,1.0,0.2530762140165296,0.0,0.0,0.0,-0.6243832111358643,CityLearnV3MADRLRewardFunction,matd3_unified_comparable_v4,E2,-0.0,1907,14.089074056138879,1.0,0.13249351495244957,0.0,8759
5,1.1875024076633516,0.5392630100250244,-0.18814064264297486,-0.8499998450279236,Building_12,11,MATD3,0.7900000214576721,True,-815.9998779296875,0.0,0.0,0.5324955582618713,8,8758,0.0,0.0,-0.0,78838,660.6112060546875,0.0,-0.4949442744255066,-281.41802978515625,0.0,-660.6112060546875,155.388671875,57,3.3435686640222726,1.0,0.2553196818682185,0.0,0.0,0.0,-0.6243832111358643,CityLearnV3MADRLRewardFunction,matd3_unified_comparable_v4,E2,-0.0,1907,14.089074056138879,1.0,0.13249351495244957,0.0,8759
13,1.4253433736025118,0.8336774110794067,0.210131796506735,-0.06919354200363159,Building_13,12,MATD3,0.7900000214576721,True,-4.774354457855225,0.0,0.0,0.5324955582618713,8,8758,0.0,0.0,-0.0,78838,4.669580936431885,0.0,-0.48399150371551514,-1.989224910736084,0.0,-4.669580936431885,0.10477352142333984,113,3.389070910792241,1.0,0.1279422759482291,0.0,0.0,0.0,-0.6243832111358643,CityLearnV3MADRLRewardFunction,matd3_unified_comparable_v4,E2,-0.0,1907,14.089074056138879,1.0,0.13249351495244957,0.0,8759
6,1.2220257859288435,0.6071459650993347,-0.06731368601322174,-0.8910947442054749,Building_14,13,MATD3,0.7900000214576721,True,8.846972465515137,0.0,0.0,0.5324955582618713,8,8758,0.0,0.0,-0.0,78838,0.0,10.199092864990234,-0.605726957321167,4.3447771072387695,8.057283401489258,10.199092864990234,1.3521203994750977,64,3.49084534926822,1.0,0.23451858526095748,0.0,0.0,0.0,-0.6243832111358643,CityLearnV3MADRLRewardFunction,matd3_unified_comparable_v4,E2,-0.0,1907,14.089074056138879,1.0,0.13249351495244957,0.0,8759
10,1.1834911926036624,0.8101291060447693,0.18760643005371094,-0.15049105882644653,Building_15,14,MATD3,0.7900000214576721,True,-15.651069641113281,0.0,0.0,0.5324955582618713,8,8758,0.0,0.0,-0.0,78838,0.5034465789794922,0.0,-0.49050065875053406,-0.21446645259857178,0.0,-0.5034465789794922,15.147623062133789,92,3.5161654790878467,1.0,0.1678348773199579,0.0,0.0,0.0,-0.6243832111358643,CityLearnV3MADRLRewardFunction,matd3_unified_comparable_v4,E2,-0.0,1907,14.089074056138879,1.0,0.13249351495244957,0.0,8759
13,1.0486198891037557,0.8716813921928406,0.15675902767823294,0.0,Building_16,15,MATD3,0.7900000214576721,True,0.7260911464691162,0.0,0.0,0.5324955582618713,8,8758,0.0,0.0,-0.0,78838,0.0,12.683511734008789,-0.6105321645736694,5.403131008148193,10.019974708557129,12.683511734008789,11.957420349121094,113,3.4706253939596303,1.0,0.13202202979442293,0.0,0.0,0.0,-0.6243832111358643,CityLearnV3MADRLRewardFunction,matd3_unified_comparable_v4,E2,-0.0,1907,14.089074056138879,1.0,0.13249351495244957,0.0,8759
13,1.4426248681624634,0.9387962818145752,0.19455345060962898,0.0,Building_17,16,MATD3,0.7900000214576721,True,106.11563873291016,0.0,0.0,0.5324955582618713,8,8758,0.0,0.0,-0.0,78838,0.0,129.20327758789062,-0.7593203186988831,55.040138244628906,102.07059478759766,129.20327758789062,23.08763885498047,113,3.327397984706958,1.0,0.1282571365611743,0.0,0.0,0.0,-0.6243832111358643,CityLearnV3MADRLRewardFunction,matd3_unified_comparable_v4,E2,-0.0,1907,14.089074056138879,1.0,0.13249351495244957,0.0,8759
6,1.3557588466099797,0.7426707744598389,0.16975427667299905,-0.8226286172866821,Building_1,0,MATD3,0.7900000214576721,False,0.0,0.0,0.0,0.5324955582618713,9,0,0.0,0.0,-0.0,78840,-0.0,0.0,-0.7304650545120239,0.0,0.0,0.0,0.0,64,3.4888711207961847,1.0,0.24240408558398485,0.0,0.0,0.0,-0.5796223878860474,CityLearnV3MADRLRewardFunction,matd3_unified_comparable_v4,E2,-0.0,1907,14.65033583091365,1.0,0.13942930539537615,0.0,2
8,1.631740470252292,0.9893662333488464,0.17422863468527794,-0.8606970310211182,Building_2,1,MATD3,0.7900000214576721,False,0.0,0.0,0.0,0.5324955582618713,9,0,0.0,0.0,-0.0,78840,-0.0,0.0,-0.650313138961792,0.0,0.0,0.0,0.0,78,3.5316109118172307,1.0,0.19608223552887255,0.0,0.0,0.0,-0.5796223878860474,CityLearnV3MADRLRewardFunction,matd3_unified_comparable_v4,E2,-0.0,1907,14.65033583091365,1.0,0.13942930539537615,0.0,2
10,1.5051579688713037,0.9841446280479431,0.29015136882662773,-0.3244558870792389,Building_3,2,MATD3,0.7900000214576721,False,0.0,0.0,0.0,0.5324955582618713,9,0,0.0,0.0,-0.0,78840,-0.0,0.0,-0.46172043681144714,0.0,0.0,0.0,0.0,92,3.607050660641787,1.0,0.17556359270668548,0.0,0.0,0.0,-0.5796223878860474,CityLearnV3MADRLRewardFunction,matd3_unified_comparable_v4,E2,-0.0,1907,14.65033583091365,1.0,0.13942930539537615,0.0,2
8,1.5082100388414013,0.9981922507286072,0.36536958534270525,0.0,Building_4,3,MATD3,0.7900000214576721,False,0.0,0.0,0.0,0.5324955582618713,9,0,0.0,0.0,-0.0,78840,-0.0,0.0,-0.672702968120575,0.0,0.0,0.0,0.0,78,3.578413181663621,1.0,0.1999326099952062,0.0,0.0,0.0,-0.5796223878860474,CityLearnV3MADRLRewardFunction,matd3_unified_comparable_v4,E2,-0.0,1907,14.65033583091365,1.0,0.13942930539537615,0.0,2
5,0.9099787094552122,0.821681022644043,0.09557988569140434,-0.38846486806869507,Building_5,4,MATD3,0.7900000214576721,False,0.0,0.0,0.0,0.5324955582618713,9,0,0.0,0.0,-0.0,78840,-0.0,0.0,-0.47223421931266785,0.0,0.0,0.0,0.0,57,3.5495663038330467,1.0,0.2776592275814006,0.0,0.0,0.0,-0.5796223878860474,CityLearnV3MADRLRewardFunction,matd3_unified_comparable_v4,E2,-0.0,1907,14.65033583091365,1.0,0.13942930539537615,0.0,2
34,2.528290493500978,0.9635912775993347,0.1700993068584734,-0.9144876003265381,Building_6,5,MATD3,0.7900000214576721,False,0.0,0.0,0.0,0.5324955582618713,9,0,0.0,0.0,-0.0,78840,-0.0,0.0,-0.7246978282928467,0.0,0.0,0.0,0.0,260,3.4905257420811187,1.0,0.05890836879037894,0.0,0.0,0.0,-0.5796223878860474,CityLearnV3MADRLRewardFunction,matd3_unified_comparable_v4,E2,-0.0,1907,14.65033583091365,1.0,0.13942930539537615,0.0,2
44,3.2305557831577065,0.9992875456809998,0.29459322298961604,-0.7492375373840332,Building_7,6,MATD3,0.7900000214576721,False,0.0,0.0,0.0,0.5324955582618713,9,0,0.0,0.0,-0.0,78840,-0.0,0.0,-0.45951640605926514,0.0,0.0,0.0,0.0,330,3.493036575614181,1.0,0.04557569722334544,0.0,0.0,0.0,-0.5796223878860474,CityLearnV3MADRLRewardFunction,matd3_unified_comparable_v4,E2,-0.0,1907,14.65033583091365,1.0,0.13942930539537615,0.0,2
19,2.3642077446911482,0.9328122138977051,0.31430979739678533,-0.7095761895179749,Building_8,7,MATD3,0.7900000214576721,False,0.0,0.0,0.0,0.5324955582618713,9,0,0.0,0.0,-0.0,78840,-0.0,0.0,-0.45465075969696045,0.0,0.0,0.0,0.0,155,3.5689131444966997,1.0,0.10045233157373244,0.0,0.0,0.0,-0.5796223878860474,CityLearnV3MADRLRewardFunction,matd3_unified_comparable_v4,E2,-0.0,1907,14.65033583091365,1.0,0.13942930539537615,0.0,2
12,1.268688200725391,0.8795072436332703,0.18086704852369925,-0.23420780897140503,Building_9,8,MATD3,0.7900000214576721,False,0.0,0.0,0.0,0.5324955582618713,9,0,0.0,0.0,-0.0,78840,-0.0,0.0,-0.46641257405281067,0.0,0.0,0.0,0.0,106,3.65680493060882,1.0,0.1542399967757036,0.0,0.0,0.0,-0.5796223878860474,CityLearnV3MADRLRewardFunction,matd3_unified_comparable_v4,E2,-0.0,1907,14.65033583091365,1.0,0.13942930539537615,0.0,2
8,1.1210302675702553,0.705467939376831,0.062388721853494644,-0.520658552646637,Building_10,9,MATD3,0.7900000214576721,False,0.0,0.0,0.0,0.5324955582618713,9,0,0.0,0.0,-0.0,78840,-0.0,0.0,-0.7229984998703003,0.0,0.0,0.0,0.0,78,3.4911221312368923,1.0,0.19455991465693864,0.0,0.0,0.0,-0.5796223878860474,CityLearnV3MADRLRewardFunction,matd3_unified_comparable_v4,E2,-0.0,1907,14.65033583091365,1.0,0.13942930539537615,0.0,2
5,0.852620136760308,0.7429195642471313,0.2322574734687805,0.0,Building_11,10,MATD3,0.7900000214576721,False,0.0,0.0,0.0,0.5324955582618713,9,0,0.0,0.0,-0.0,78840,-0.0,0.0,-0.7292115092277527,0.0,0.0,0.0,0.0,57,3.675379796200638,1.0,0.28937323116942454,0.0,0.0,0.0,-0.5796223878860474,CityLearnV3MADRLRewardFunction,matd3_unified_comparable_v4,E2,-0.0,1907,14.65033583091365,1.0,0.13942930539537615,0.0,2
5,1.2427981572940696,0.9800389409065247,0.15454429984092713,-0.4429466128349304,Building_12,11,MATD3,0.7900000214576721,False,0.0,0.0,0.0,0.5324955582618713,9,0,0.0,0.0,-0.0,78840,-0.0,0.0,-0.4635142982006073,0.0,0.0,0.0,0.0,57,3.568076669870473,1.0,0.27925443976071845,0.0,0.0,0.0,-0.5796223878860474,CityLearnV3MADRLRewardFunction,matd3_unified_comparable_v4,E2,-0.0,1907,14.65033583091365,1.0,0.13942930539537615,0.0,2
13,1.748646980826041,0.8286473751068115,0.3843457559840037,0.0,Building_13,12,MATD3,0.7900000214576721,False,0.0,0.0,0.0,0.5324955582618713,9,0,0.0,0.0,-0.0,78840,-0.0,0.0,-0.698108971118927,0.0,0.0,0.0,0.0,113,3.5615432051666325,1.0,0.13750434475662435,0.0,0.0,0.0,-0.5796223878860474,CityLearnV3MADRLRewardFunction,matd3_unified_comparable_v4,E2,-0.0,1907,14.65033583091365,1.0,0.13942930539537615,0.0,2
6,0.9198982559247767,0.4560273289680481,-0.03307021223008633,-0.5395822525024414,Building_14,13,MATD3,0.7900000214576721,False,0.0,0.0,0.0,0.5324955582618713,9,0,0.0,0.0,-0.0,78840,-0.0,0.0,-0.4908878803253174,0.0,0.0,0.0,0.0,64,3.5265124618147117,1.0,0.24029699293896556,0.0,0.0,0.0,-0.5796223878860474,CityLearnV3MADRLRewardFunction,matd3_unified_comparable_v4,E2,-0.0,1907,14.65033583091365,1.0,0.13942930539537615,0.0,2
10,1.1624076859083636,0.8895420432090759,0.21343174576759338,-0.11506837606430054,Building_15,14,MATD3,0.7900000214576721,False,0.0,0.0,0.0,0.5324955582618713,9,0,0.0,0.0,-0.0,78840,-0.0,0.0,-0.4567441940307617,0.0,0.0,0.0,0.0,92,3.5580496745821026,1.0,0.16913320893502753,0.0,0.0,0.0,-0.5796223878860474,CityLearnV3MADRLRewardFunction,matd3_unified_comparable_v4,E2,-0.0,1907,14.65033583091365,1.0,0.13942930539537615,0.0,2
13,1.762665494231451,0.9351180195808411,0.3437897070096089,0.0,Building_16,15,MATD3,0.7900000214576721,False,0.0,0.0,0.0,0.5324955582618713,9,0,0.0,0.0,-0.0,78840,-0.0,0.0,-0.7311645746231079,0.0,0.0,0.0,0.0,113,3.4749184849443893,1.0,0.13411455212441165,0.0,0.0,0.0,-0.5796223878860474,CityLearnV3MADRLRewardFunction,matd3_unified_comparable_v4,E2,-0.0,1907,14.65033583091365,1.0,0.13942930539537615,0.0,2
13,2.175037034196419,0.9047091007232666,0.3397053090425638,-0.9219534397125244,Building_17,16,MATD3,0.7900000214576721,False,0.0,0.0,0.0,0.5324955582618713,9,0,0.0,0.0,-0.0,78840,-0.0,0.0,-0.4682369828224182,0.0,0.0,0.0,0.0,113,3.577003060511182,1.0,0.14172463481668876,0.0,0.0,0.0,-0.5796223878860474,CityLearnV3MADRLRewardFunction,matd3_unified_comparable_v4,E2,-0.0,1907,14.65033583091365,1.0,0.13942930539537615,0.0,2
6,1.3610819186574186,0.9695410132408142,0.10861435035864513,-0.7065224647521973,Building_1,0,MATD3,0.7900000214576721,True,-1136.794677734375,0.0,0.0,0.5324955582618713,9,8757,0.0,0.0,-0.0,87597,703.340087890625,0.0,-0.5119677186012268,-299.6203918457031,0.0,-703.340087890625,433.45458984375,64,3.2574299326796994,1.0,0.21892452496103942,0.0,0.0,0.0,-0.647771954536438,CityLearnV3MADRLRewardFunction,matd3_unified_comparable_v4,E2,-0.0,1907,13.824034322033393,1.0,0.12884494549178238,0.0,8759
8,1.3378425438247434,0.9872577786445618,0.265876442193985,-0.32015177607536316,Building_2,1,MATD3,0.7900000214576721,True,23.527278900146484,0.0,0.0,0.5324955582618713,9,8757,0.0,0.0,-0.0,87597,0.0,38.69163513183594,-0.7616795301437378,16.482498168945312,30.56639289855957,38.69163513183594,15.164356231689453,78,3.374224292465965,1.0,0.18718992995145994,0.0,0.0,0.0,-0.647771954536438,CityLearnV3MADRLRewardFunction,matd3_unified_comparable_v4,E2,-0.0,1907,13.824034322033393,1.0,0.12884494549178238,0.0,8759
10,1.5983799294643626,0.9543981552124023,0.13979216143488885,-0.7470598220825195,Building_3,2,MATD3,0.7900000214576721,True,367.0425109863281,0.0,0.0,0.5324955582618713,9,8757,0.0,0.0,-0.0,87597,0.0,461.58233642578125,-0.7786978483200073,199.62652587890625,364.6500549316406,461.58233642578125,94.53982543945312,92,3.2922424651668214,1.0,0.1523194382696048,0.0,0.0,0.0,-0.647771954536438,CityLearnV3MADRLRewardFunction,matd3_unified_comparable_v4,E2,-0.0,1907,13.824034322033393,1.0,0.12884494549178238,0.0,8759
8,1.435579420394119,0.9375157356262207,0.20589098054915667,-0.6720747351646423,Building_4,3,MATD3,0.7900000214576721,True,-9.939602851867676,0.0,0.0,0.5324955582618713,9,8757,0.0,0.0,-0.0,87597,0.0,21.10356903076172,-0.6980583667755127,8.990045547485352,16.67181968688965,21.10356903076172,31.043170928955078,78,3.2439243672734737,1.0,0.17662395556003618,0.0,0.0,0.0,-0.647771954536438,CityLearnV3MADRLRewardFunction,matd3_unified_comparable_v4,E2,-0.0,1907,13.824034322033393,1.0,0.12884494549178238,0.0,8759
5,1.3532029554385088,0.9857553243637085,0.01173858642578125,-0.9270623922348022,Building_5,4,MATD3,0.7900000214576721,True,-28.68878746032715,0.0,0.0,0.5324955582618713,9,8757,0.0,0.0,-0.0,87597,0.0,17.144773483276367,-0.729518473148346,7.30361270904541,13.544370651245117,17.144773483276367,38.538970947265625,57,3.569818481720822,1.0,0.29056000500394585,0.0,0.0,0.0,-0.647771954536438,CityLearnV3MADRLRewardFunction,matd3_unified_comparable_v4,E2,-0.0,1907,13.824034322033393,1.0,0.12884494549178238,0.0,8759
34,2.0991617489950016,0.9282126426696777,0.15708223993287368,-0.35418614745140076,Building_6,5,MATD3,0.7900000214576721,True,0.0,0.0,0.0,0.5324955582618713,9,8757,0.0,0.0,-0.0,87597,0.0,362.8901062011719,-0.7476039528846741,154.5898895263672,286.6831970214844,362.8901062011719,362.8901062011719,260,3.184793263789324,1.0,0.05132468033295411,0.0,0.0,0.0,-0.647771954536438,CityLearnV3MADRLRewardFunction,matd3_unified_comparable_v4,E2,-0.0,1907,13.824034322033393,1.0,0.12884494549178238,0.0,8759
44,3.041463785175372,0.9235988259315491,0.2669842659749768,-0.8184155821800232,Building_7,6,MATD3,0.7900000214576721,True,-196.41973876953125,0.0,0.0,0.5324955582618713,9,8757,0.0,0.0,-0.0,87597,183.75563049316406,0.0,-0.5120023488998413,-78.27924346923828,0.0,-183.75563049316406,12.664108276367188,330,3.3652412436882475,1.0,0.04369413570472688,0.0,0.0,0.0,-0.647771954536438,CityLearnV3MADRLRewardFunction,matd3_unified_comparable_v4,E2,-0.0,1907,13.824034322033393,1.0,0.12884494549178238,0.0,8759
19,2.2642294367375166,0.9344901442527771,0.1943216174840927,-0.9043766856193542,Building_8,7,MATD3,0.7900000214576721,True,75.17011260986328,0.0,0.0,0.5324955582618713,9,8757,0.0,0.0,-0.0,87597,0.0,87.2361068725586,-0.775852382183075,37.16227340698242,68.9165267944336,87.2361068725586,12.065994262695312,155,3.3332587273805645,1.0,0.09290303712890995,0.0,0.0,0.0,-0.647771954536438,CityLearnV3MADRLRewardFunction,matd3_unified_comparable_v4,E2,-0.0,1907,13.824034322033393,1.0,0.12884494549178238,0.0,8759
12,1.4056546695121588,0.8582760095596313,0.19530826061964035,-0.560528576374054,Building_9,8,MATD3,0.7900000214576721,True,-16.81585693359375,0.0,0.0,0.5324955582618713,9,8757,0.0,0.0,-0.0,87597,14.52569580078125,0.0,-0.50096595287323,-6.187894821166992,0.0,-14.52569580078125,2.2901611328125,106,3.5661023598180055,1.0,0.15381565732213687,0.0,0.0,0.0,-0.647771954536438,CityLearnV3MADRLRewardFunction,matd3_unified_comparable_v4,E2,-0.0,1907,13.824034322033393,1.0,0.12884494549178238,0.0,8759
8,0.8878495676041593,0.18285337090492249,-0.09021007735282183,-0.7397305965423584,Building_10,9,MATD3,0.7900000214576721,True,-437.1807861328125,0.0,0.0,0.5324955582618713,9,8757,0.0,0.0,-0.0,87597,385.5312194824219,0.0,-0.5119921565055847,-164.23492431640625,0.0,-385.5312194824219,51.649566650390625,78,3.329457490662194,1.0,0.18347240124757475,0.0,0.0,0.0,-0.647771954536438,CityLearnV3MADRLRewardFunction,matd3_unified_comparable_v4,E2,-0.0,1907,13.824034322033393,1.0,0.12884494549178238,0.0,8759
5,1.0483900256266312,0.7963536381721497,0.23646807670593262,-0.3971472680568695,Building_11,10,MATD3,0.7900000214576721,True,-2.4631213818793185e-05,0.0,0.0,0.5324955582618713,9,8757,0.0,0.0,-0.0,87597,0.0,71.54801177978516,-0.7469988465309143,30.479198455810547,56.52293014526367,71.54801177978516,71.54803466796875,57,3.39703206666812,1.0,0.2536924733012392,0.0,0.0,0.0,-0.647771954536438,CityLearnV3MADRLRewardFunction,matd3_unified_comparable_v4,E2,-0.0,1907,13.824034322033393,1.0,0.12884494549178238,0.0,8759
5,1.2163188012004529,0.8630020022392273,0.4551622927188873,0.0,Building_12,11,MATD3,0.7900000214576721,True,0.03228948265314102,0.0,0.0,0.5324955582618713,9,8757,0.0,0.0,-0.0,87597,0.0,215.14822387695312,-0.7488281726837158,91.65238189697266,169.96710205078125,215.14822387695312,215.11593627929688,57,3.3654068061876137,1.0,0.2547682756394671,0.0,0.0,0.0,-0.647771954536438,CityLearnV3MADRLRewardFunction,matd3_unified_comparable_v4,E2,-0.0,1907,13.824034322033393,1.0,0.12884494549178238,0.0,8759
13,1.2777696306412623,0.6464722752571106,0.08387476893571708,-0.5782907009124756,Building_13,12,MATD3,0.7900000214576721,True,-19.477567672729492,0.0,0.0,0.5324955582618713,9,8757,0.0,0.0,-0.0,87597,17.44454574584961,0.0,-0.5153077244758606,-7.431314468383789,0.0,-17.44454574584961,2.033021926879883,113,3.411907606111212,1.0,0.12814579139241075,0.0,0.0,0.0,-0.647771954536438,CityLearnV3MADRLRewardFunction,matd3_unified_comparable_v4,E2,-0.0,1907,13.824034322033393,1.0,0.12884494549178238,0.0,8759
6,0.901058927705743,0.4354064464569092,0.04856640845537186,-0.6776427626609802,Building_14,13,MATD3,0.7900000214576721,True,-0.06662184745073318,0.0,0.0,0.5324955582618713,9,8757,0.0,0.0,-0.0,87597,0.0,2.5483293533325195,-0.5202633738517761,1.0855792760849,2.0131802558898926,2.5483293533325195,2.6149511337280273,64,3.2459011314906197,1.0,0.21219388069584966,0.0,0.0,0.0,-0.647771954536438,CityLearnV3MADRLRewardFunction,matd3_unified_comparable_v4,E2,-0.0,1907,13.824034322033393,1.0,0.12884494549178238,0.0,8759
10,1.2423381007066,0.8404873609542847,0.14439087957143784,-0.5159227252006531,Building_15,14,MATD3,0.7900000214576721,True,-24.279338836669922,0.0,0.0,0.5324955582618713,9,8757,0.0,0.0,-0.0,87597,4.7578582763671875,0.0,-0.5134683847427368,-2.0268306732177734,0.0,-4.7578582763671875,19.521480560302734,92,3.476852980002609,1.0,0.16421505598270375,0.0,0.0,0.0,-0.647771954536438,CityLearnV3MADRLRewardFunction,matd3_unified_comparable_v4,E2,-0.0,1907,13.824034322033393,1.0,0.12884494549178238,0.0,8759
13,1.0834522453806281,0.7983958125114441,0.15775975670952064,-0.09665647894144058,Building_16,15,MATD3,0.7900000214576721,True,-34.50636291503906,0.0,0.0,0.5324955582618713,9,8757,0.0,0.0,-0.0,87597,0.0,20.387542724609375,-0.694010317325592,8.685020446777344,16.106159210205078,20.387542724609375,54.89390563964844,113,3.2756132926457053,1.0,0.12338993091762593,0.0,0.0,0.0,-0.647771954536438,CityLearnV3MADRLRewardFunction,matd3_unified_comparable_v4,E2,-0.0,1907,13.824034322033393,1.0,0.12884494549178238,0.0,8759
13,1.6443421192424243,0.9326314926147461,0.3602623865008354,0.0,Building_17,16,MATD3,0.7900000214576721,True,16.721744537353516,0.0,0.0,0.5324955582618713,9,8757,0.0,0.0,-0.0,87597,0.0,39.18821716308594,-0.7449073791503906,16.694042205810547,30.95869255065918,39.18821716308594,22.466472625732422,113,3.2803209500973907,1.0,0.12274865094011864,0.0,0.0,0.0,-0.647771954536438,CityLearnV3MADRLRewardFunction,matd3_unified_comparable_v4,E2,-0.0,1907,13.824034322033393,1.0,0.12884494549178238,0.0,8759
6,2.0,1.0,0.6666666666666666,0.0,Building_1,0,MATD3,0.7900000214576721,False,0.0,0.0,0.0,0.5324955582618713,10,0,0.0,0.0,-0.0,87600,-0.0,0.0,-0.681138813495636,0.0,0.0,0.0,0.0,64,3.3682788003796205,1.0,0.2264256317866966,0.0,0.0,0.0,-0.5080750584602356,CityLearnV3MADRLRewardFunction,matd3_unified_comparable_v4,E2,-0.0,1907,14.163304583361716,1.0,0.13047486043563986,0.0,3
8,2.23606797749979,1.0,0.375,-1.0,Building_2,1,MATD3,0.7900000214576721,False,0.0,0.0,0.0,0.5324955582618713,10,0,0.0,0.0,-0.0,87600,-0.0,0.0,-0.6687405705451965,0.0,0.0,0.0,0.0,78,3.548414736003973,1.0,0.192112842717996,0.0,0.0,0.0,-0.5080750584602356,CityLearnV3MADRLRewardFunction,matd3_unified_comparable_v4,E2,-0.0,1907,14.163304583361716,1.0,0.13047486043563986,0.0,3
10,2.8284271247461903,1.0,0.4,-1.0,Building_3,2,MATD3,0.7900000214576721,False,0.0,0.0,0.0,0.5324955582618713,10,0,0.0,0.0,-0.0,87600,-0.0,0.0,-0.4141656458377838,0.0,0.0,0.0,0.0,92,3.471485121642283,1.0,0.16387279736606972,0.0,0.0,0.0,-0.5080750584602356,CityLearnV3MADRLRewardFunction,matd3_unified_comparable_v4,E2,-0.0,1907,14.163304583361716,1.0,0.13047486043563986,0.0,3
8,2.449489742783178,1.0,0.25,-1.0,Building_4,3,MATD3,0.7900000214576721,False,0.0,0.0,0.0,0.5324955582618713,10,0,0.0,0.0,-0.0,87600,-0.0,0.0,-0.4143034517765045,0.0,0.0,0.0,0.0,78,3.3703180409119167,1.0,0.18211885895102453,0.0,0.0,0.0,-0.5080750584602356,CityLearnV3MADRLRewardFunction,matd3_unified_comparable_v4,E2,-0.0,1907,14.163304583361716,1.0,0.13047486043563986,0.0,3
5,1.7320508075688772,1.0,0.2,-1.0,Building_5,4,MATD3,0.7900000214576721,False,0.0,0.0,0.0,0.5324955582618713,10,0,0.0,0.0,-0.0,87600,-0.0,0.0,-0.6307010054588318,0.0,0.0,0.0,0.0,57,3.4322557783971144,1.0,0.25773709489588154,0.0,0.0,0.0,-0.5080750584602356,CityLearnV3MADRLRewardFunction,matd3_unified_comparable_v4,E2,-0.0,1907,14.163304583361716,1.0,0.13047486043563986,0.0,3
34,4.358898943540674,1.0,0.38235294117647056,-1.0,Building_6,5,MATD3,0.7900000214576721,False,0.0,0.0,0.0,0.5324955582618713,10,0,0.0,0.0,-0.0,87600,-0.0,0.0,-0.41430148482322693,0.0,0.0,0.0,0.0,260,3.3337515118026113,1.0,0.054098302956957084,0.0,0.0,0.0,-0.5080750584602356,CityLearnV3MADRLRewardFunction,matd3_unified_comparable_v4,E2,-0.0,1907,14.163304583361716,1.0,0.13047486043563986,0.0,3
44,4.663943923381818,1.0,0.41210467436096887,-1.0,Building_7,6,MATD3,0.7900000214576721,False,0.0,0.0,0.0,0.5324955582618713,10,0,0.0,0.0,-0.0,87600,-0.0,0.0,-0.46566468477249146,0.0,0.0,0.0,0.0,330,3.39201040399868,1.0,0.042966794177438275,0.0,0.0,0.0,-0.5080750584602356,CityLearnV3MADRLRewardFunction,matd3_unified_comparable_v4,E2,-0.0,1907,14.163304583361716,1.0,0.13047486043563986,0.0,3
19,3.1622776601683795,1.0,0.21052631578947367,-1.0,Building_8,7,MATD3,0.7900000214576721,False,0.0,0.0,0.0,0.5324955582618713,10,0,0.0,0.0,-0.0,87600,-0.0,0.0,-0.4142972230911255,0.0,0.0,0.0,0.0,155,3.4017596650643527,1.0,0.09158374133609956,0.0,0.0,0.0,-0.5080750584602356,CityLearnV3MADRLRewardFunction,matd3_unified_comparable_v4,E2,-0.0,1907,14.163304583361716,1.0,0.13047486043563986,0.0,3
12,2.23606797749979,1.0,0.25,-1.0,Building_9,8,MATD3,0.7900000214576721,False,0.0,0.0,0.0,0.5324955582618713,10,0,0.0,0.0,-0.0,87600,-0.0,0.0,-0.4182111918926239,0.0,0.0,0.0,0.0,106,3.5347431195743235,1.0,0.14497257220857548,0.0,0.0,0.0,-0.5080750584602356,CityLearnV3MADRLRewardFunction,matd3_unified_comparable_v4,E2,-0.0,1907,14.163304583361716,1.0,0.13047486043563986,0.0,3
8,2.6457513110645907,1.0,0.375,-1.0,Building_10,9,MATD3,0.7900000214576721,False,0.0,0.0,0.0,0.5324955582618713,10,0,0.0,0.0,-0.0,87600,-0.0,0.0,-0.6811438798904419,0.0,0.0,0.0,0.0,78,3.453881790521278,1.0,0.18860883619158697,0.0,0.0,0.0,-0.5080750584602356,CityLearnV3MADRLRewardFunction,matd3_unified_comparable_v4,E2,-0.0,1907,14.163304583361716,1.0,0.13047486043563986,0.0,3
5,1.7320508075688772,1.0,0.6,0.0,Building_11,10,MATD3,0.7900000214576721,False,0.0,0.0,0.0,0.5324955582618713,10,0,0.0,0.0,-0.0,87600,-0.0,0.0,-0.6811202764511108,0.0,0.0,0.0,0.0,57,3.6098315683618876,1.0,0.2782776831534871,0.0,0.0,0.0,-0.5080750584602356,CityLearnV3MADRLRewardFunction,matd3_unified_comparable_v4,E2,-0.0,1907,14.163304583361716,1.0,0.13047486043563986,0.0,3
5,1.7320508075688772,1.0,0.2,-1.0,Building_12,11,MATD3,0.7900000214576721,False,0.0,0.0,0.0,0.5324955582618713,10,0,0.0,0.0,-0.0,87600,-0.0,0.0,-0.41427281498908997,0.0,0.0,0.0,0.0,57,3.4426445902975242,1.0,0.2612505710700102,0.0,0.0,0.0,-0.5080750584602356,CityLearnV3MADRLRewardFunction,matd3_unified_comparable_v4,E2,-0.0,1907,14.163304583361716,1.0,0.13047486043563986,0.0,3
13,2.8284271247461903,1.0,0.6153846153846154,0.0,Building_13,12,MATD3,0.7900000214576721,False,0.0,0.0,0.0,0.5324955582618713,10,0,0.0,0.0,-0.0,87600,-0.0,0.0,-0.6777558922767639,0.0,0.0,0.0,0.0,113,3.4473454205689733,1.0,0.12856676535005063,0.0,0.0,0.0,-0.5080750584602356,CityLearnV3MADRLRewardFunction,matd3_unified_comparable_v4,E2,-0.0,1907,14.163304583361716,1.0,0.13047486043563986,0.0,3
6,2.0,1.0,-0.3333333333333333,-1.0,Building_14,13,MATD3,0.7900000214576721,False,0.0,0.0,0.0,0.5324955582618713,10,0,0.0,0.0,-0.0,87600,-0.0,0.0,-0.4184250235557556,0.0,0.0,0.0,0.0,64,3.3801712574104874,1.0,0.22020974580664188,0.0,0.0,0.0,-0.5080750584602356,CityLearnV3MADRLRewardFunction,matd3_unified_comparable_v4,E2,-0.0,1907,14.163304583361716,1.0,0.13047486043563986,0.0,3
10,2.6457513110645907,1.0,0.3,-1.0,Building_15,14,MATD3,0.7900000214576721,False,0.0,0.0,0.0,0.5324955582618713,10,0,0.0,0.0,-0.0,87600,-0.0,0.0,-0.41446560621261597,0.0,0.0,0.0,0.0,92,3.4145082374181244,1.0,0.15620351817620837,0.0,0.0,0.0,-0.5080750584602356,CityLearnV3MADRLRewardFunction,matd3_unified_comparable_v4,E2,-0.0,1907,14.163304583361716,1.0,0.13047486043563986,0.0,3
13,2.449489742783178,1.0,0.3076923076923077,-1.0,Building_16,15,MATD3,0.7900000214576721,False,0.0,0.0,0.0,0.5324955582618713,10,0,0.0,0.0,-0.0,87600,-0.0,0.0,-0.4142719507217407,0.0,0.0,0.0,0.0,113,3.3328261584526198,1.0,0.12474229028530881,0.0,0.0,0.0,-0.5080750584602356,CityLearnV3MADRLRewardFunction,matd3_unified_comparable_v4,E2,-0.0,1907,14.163304583361716,1.0,0.13047486043563986,0.0,3
13,2.449489742783178,1.0,0.15384615384615385,-1.0,Building_17,16,MATD3,0.7900000214576721,False,0.0,0.0,0.0,0.5324955582618713,10,0,0.0,0.0,-0.0,87600,-0.0,0.0,-0.4142957627773285,0.0,0.0,0.0,0.0,113,3.449300455572681,1.0,0.13280610713811047,0.0,0.0,0.0,-0.5080750584602356,CityLearnV3MADRLRewardFunction,matd3_unified_comparable_v4,E2,-0.0,1907,14.163304583361716,1.0,0.13047486043563986,0.0,3
6,2.0,1.0,0.6666666666666666,0.0,Building_1,0,MATD3,0.7900000214576721,True,0.0002069382171612233,0.0,0.0,0.5324955582618713,10,8756,0.0,0.0,-0.0,96356,0.0,446.8858337402344,-0.8195452094078064,237.9647216796875,353.0398254394531,446.8858337402344,446.8856201171875,64,3.503224144331542,1.0,0.2470808676443994,0.0,0.0,0.0,-0.7490147948265076,CityLearnV3MADRLRewardFunction,matd3_unified_comparable_v4,E2,-0.0,1907,14.394623681128685,1.0,0.13978690661071919,0.0,8759
8,2.23606797749979,1.0,0.375,-1.0,Building_2,1,MATD3,0.7900000214576721,True,-4.838169843424112e-06,0.0,0.0,0.5324955582618713,10,8756,0.0,0.0,-0.0,96356,0.0,5.618851184844971,-0.6267789602279663,2.9920132160186768,4.438892364501953,5.618851184844971,5.618855953216553,78,3.596787474577204,1.0,0.20523377909110144,0.0,0.0,0.0,-0.7490147948265076,CityLearnV3MADRLRewardFunction,matd3_unified_comparable_v4,E2,-0.0,1907,14.394623681128685,1.0,0.13978690661071919,0.0,8759
10,2.6457513110645907,1.0,0.3,-1.0,Building_3,2,MATD3,0.7900000214576721,True,0.0,0.0,0.0,0.5324955582618713,10,8756,0.0,0.0,-0.0,96356,0.0,98.17061614990234,-0.8160818815231323,52.27541732788086,77.5547866821289,98.17061614990234,98.17061614990234,92,3.381958028228768,1.0,0.1620581226180429,0.0,0.0,0.0,-0.7490147948265076,CityLearnV3MADRLRewardFunction,matd3_unified_comparable_v4,E2,-0.0,1907,14.394623681128685,1.0,0.13978690661071919,0.0,8759
8,2.449489742783178,1.0,0.25,-1.0,Building_4,3,MATD3,0.7900000214576721,True,0.0,0.0,0.0,0.5324955582618713,10,8756,0.0,0.0,-0.0,96356,0.0,28.84416961669922,-0.7843381762504578,15.359392166137695,22.786893844604492,28.84416961669922,28.84416961669922,78,3.366030906484352,1.0,0.19012233767753992,0.0,0.0,0.0,-0.7490147948265076,CityLearnV3MADRLRewardFunction,matd3_unified_comparable_v4,E2,-0.0,1907,14.394623681128685,1.0,0.13978690661071919,0.0,8759
5,1.7320508075688772,1.0,0.2,-1.0,Building_5,4,MATD3,0.7900000214576721,True,0.0,0.0,0.0,0.5324955582618713,10,8756,0.0,0.0,-0.0,96356,0.0,43.92958068847656,-0.874933123588562,23.39230728149414,34.704368591308594,43.92958068847656,37.89287567138672,57,3.687431547577764,1.0,0.31166628656680123,0.0,0.0,0.0,-0.7490147948265076,CityLearnV3MADRLRewardFunction,matd3_unified_comparable_v4,E2,-0.0,1907,14.394623681128685,1.0,0.13978690661071919,0.0,8759
34,4.358898943540674,1.0,0.38235294117647056,-1.0,Building_6,5,MATD3,0.7900000214576721,True,0.0,0.0,0.0,0.5324955582618713,10,8756,0.0,0.0,-0.0,96356,0.0,350.8894348144531,-0.8182136416435242,186.84706115722656,277.2026672363281,350.8894348144531,350.8894348144531,260,3.3610980187083954,1.0,0.056945131317927285,0.0,0.0,0.0,-0.7490147948265076,CityLearnV3MADRLRewardFunction,matd3_unified_comparable_v4,E2,-0.0,1907,14.394623681128685,1.0,0.13978690661071919,0.0,8759
44,4.6994368449977495,1.0,0.41570554741404275,-1.0,Building_7,6,MATD3,0.7900000214576721,True,0.0,0.0,0.0,0.5324955582618713,10,8756,0.0,0.0,-0.0,96356,0.0,18.66022491455078,-0.7410671710968018,9.936487197875977,14.741578102111816,18.66022491455078,18.66022491455078,330,3.447417313305871,1.0,0.04650358842177824,0.0,0.0,0.0,-0.7490147948265076,CityLearnV3MADRLRewardFunction,matd3_unified_comparable_v4,E2,-0.0,1907,14.394623681128685,1.0,0.13978690661071919,0.0,8759
19,3.1622776601683795,1.0,0.21052631578947367,-1.0,Building_8,7,MATD3,0.7900000214576721,True,0.0,0.0,0.0,0.5324955582618713,10,8756,0.0,0.0,-0.0,96356,0.0,19.251495361328125,-0.7445595860481262,10.251336097717285,15.2086820602417,19.251495361328125,19.251495361328125,155,3.588545854463325,1.0,0.10431954255027155,0.0,0.0,0.0,-0.7490147948265076,CityLearnV3MADRLRewardFunction,matd3_unified_comparable_v4,E2,-0.0,1907,14.394623681128685,1.0,0.13978690661071919,0.0,8759
12,2.0,1.0,0.16666666666666666,-1.0,Building_9,8,MATD3,0.7900000214576721,True,0.0,0.0,0.0,0.5324955582618713,10,8756,0.0,0.0,-0.0,96356,0.0,2.4506425857543945,-0.5722059011459351,1.304956316947937,1.9360077381134033,2.4506425857543945,2.4506425857543945,106,3.694225185207183,1.0,0.16635157097623032,0.0,0.0,0.0,-0.7490147948265076,CityLearnV3MADRLRewardFunction,matd3_unified_comparable_v4,E2,-0.0,1907,14.394623681128685,1.0,0.13978690661071919,0.0,8759
8,2.564158268730608,1.0,0.4052216708660126,-1.0,Building_10,9,MATD3,0.7900000214576721,True,3.554750219336711e-05,0.0,0.0,0.5324955582618713,10,8756,0.0,0.0,-0.0,96356,0.0,34.33417510986328,-0.7979636192321777,18.282794952392578,27.123998641967773,34.33417510986328,34.33414077758789,78,3.553005637214769,1.0,0.20390768053057867,0.0,0.0,0.0,-0.7490147948265076,CityLearnV3MADRLRewardFunction,matd3_unified_comparable_v4,E2,-0.0,1907,14.394623681128685,1.0,0.13978690661071919,0.0,8759
5,1.7320508075688772,1.0,0.2,-1.0,Building_11,10,MATD3,0.7900000214576721,True,-5.28143345945864e-06,0.0,0.0,0.5324955582618713,10,8756,0.0,0.0,-0.0,96356,0.0,57.91756057739258,-0.8136033415794373,30.840843200683594,45.75487518310547,57.91756057739258,57.917564392089844,57,3.4269320171564854,1.0,0.26467209087129223,0.0,0.0,0.0,-0.7490147948265076,CityLearnV3MADRLRewardFunction,matd3_unified_comparable_v4,E2,-0.0,1907,14.394623681128685,1.0,0.13978690661071919,0.0,8759
5,2.0,1.0,0.4,-1.0,Building_12,11,MATD3,0.7900000214576721,True,0.0,0.0,0.0,0.5324955582618713,10,8756,0.0,0.0,-0.0,96356,0.0,182.6020965576172,-0.8169678449630737,97.23480224609375,144.2556610107422,182.6020965576172,182.6020965576172,57,3.3822137695125756,1.0,0.2615128115080951,0.0,0.0,0.0,-0.7490147948265076,CityLearnV3MADRLRewardFunction,matd3_unified_comparable_v4,E2,-0.0,1907,14.394623681128685,1.0,0.13978690661071919,0.0,8759
13,2.8284271247461903,1.0,0.6153846153846154,0.0,Building_13,12,MATD3,0.7900000214576721,True,-1.2997168141737347e-06,0.0,0.0,0.5324955582618713,10,8756,0.0,0.0,-0.0,96356,0.0,2.7893662452697754,-0.5937562584877014,1.4853250980377197,2.203599452972412,2.7893662452697754,2.789367437362671,113,3.580386563386852,1.0,0.14118062764142467,0.0,0.0,0.0,-0.7490147948265076,CityLearnV3MADRLRewardFunction,matd3_unified_comparable_v4,E2,-0.0,1907,14.394623681128685,1.0,0.13978690661071919,0.0,8759
6,2.0,1.0,-0.3333333333333333,-1.0,Building_14,13,MATD3,0.7900000214576721,True,0.0,0.0,0.0,0.5324955582618713,10,8756,0.0,0.0,-0.0,96356,0.0,2.485826015472412,-0.590011715888977,1.3236913681030273,1.9638025760650635,2.485826015472412,2.485826015472412,64,3.4189884194214146,1.0,0.23511037859134376,0.0,0.0,0.0,-0.7490147948265076,CityLearnV3MADRLRewardFunction,matd3_unified_comparable_v4,E2,-0.0,1907,14.394623681128685,1.0,0.13978690661071919,0.0,8759
10,2.6457513110645907,1.0,0.3,-1.0,Building_15,14,MATD3,0.7900000214576721,True,0.0,0.0,0.0,0.5324955582618713,10,8756,0.0,0.0,-0.0,96356,0.0,20.5941162109375,-0.7519795298576355,10.966275215148926,16.269351959228516,20.5941162109375,20.5941162109375,92,3.5109294899943984,1.0,0.17170361769588097,0.0,0.0,0.0,-0.7490147948265076,CityLearnV3MADRLRewardFunction,matd3_unified_comparable_v4,E2,-0.0,1907,14.394623681128685,1.0,0.13978690661071919,0.0,8759
13,2.449489742783178,1.0,0.3076923076923077,-1.0,Building_16,15,MATD3,0.7900000214576721,True,0.0,0.0,0.0,0.5324955582618713,10,8756,0.0,0.0,-0.0,96356,0.0,103.13050842285156,-0.8161501884460449,54.91653823852539,81.47310638427734,103.13050842285156,103.13050842285156,113,3.417866920796899,1.0,0.1356819763911509,0.0,0.0,0.0,-0.7490147948265076,CityLearnV3MADRLRewardFunction,matd3_unified_comparable_v4,E2,-0.0,1907,14.394623681128685,1.0,0.13978690661071919,0.0,8759
13,2.2830786579910054,1.0,0.11237853765487671,-1.0,Building_17,16,MATD3,0.7900000214576721,True,0.0,0.0,0.0,0.5324955582618713,10,8756,0.0,0.0,-0.0,96356,0.0,21.1981143951416,-0.7550962567329407,11.287901878356934,16.746511459350586,21.1981143951416,21.1981143951416,113,3.4058738499824415,1.0,0.13510645029291643,0.0,0.0,0.0,-0.7490147948265076,CityLearnV3MADRLRewardFunction,matd3_unified_comparable_v4,E2,-0.0,1907,14.394623681128685,1.0,0.13978690661071919,0.0,8759
6,2.0,1.0,0.6666666666666666,0.0,Building_1,0,MATD3,0.7900000214576721,False,0.0,0.0,0.0,0.5324955582618713,11,0,0.0,0.0,-0.0,96360,-0.0,0.0,-0.6919072270393372,0.0,0.0,0.0,0.0,64,3.367967268241437,1.0,0.23704620217904449,0.0,0.0,0.0,-0.5622666478157043,CityLearnV3MADRLRewardFunction,matd3_unified_comparable_v4,E2,-0.0,1907,13.806370414771818,1.0,0.13301480303195662,0.0,4
8,2.23606797749979,1.0,0.375,-1.0,Building_2,1,MATD3,0.7900000214576721,False,0.0,0.0,0.0,0.5324955582618713,11,0,0.0,0.0,-0.0,96360,-0.0,0.0,-0.45646464824676514,0.0,0.0,0.0,0.0,78,3.4514309575407918,1.0,0.19539340680990464,0.0,0.0,0.0,-0.5622666478157043,CityLearnV3MADRLRewardFunction,matd3_unified_comparable_v4,E2,-0.0,1907,13.806370414771818,1.0,0.13301480303195662,0.0,4
10,2.6457513110645907,1.0,0.3,-1.0,Building_3,2,MATD3,0.7900000214576721,False,0.0,0.0,0.0,0.5324955582618713,11,0,0.0,0.0,-0.0,96360,-0.0,0.0,-0.6821864247322083,0.0,0.0,0.0,0.0,92,3.51169849001966,1.0,0.1778768475126961,0.0,0.0,0.0,-0.5622666478157043,CityLearnV3MADRLRewardFunction,matd3_unified_comparable_v4,E2,-0.0,1907,13.806370414771818,1.0,0.13301480303195662,0.0,4
8,2.449489742783178,1.0,0.25,-1.0,Building_4,3,MATD3,0.7900000214576721,False,0.0,0.0,0.0,0.5324955582618713,11,0,0.0,0.0,-0.0,96360,-0.0,0.0,-0.5771124362945557,0.0,0.0,0.0,0.0,78,3.2198477776097,1.0,0.18063128624971098,0.0,0.0,0.0,-0.5622666478157043,CityLearnV3MADRLRewardFunction,matd3_unified_comparable_v4,E2,-0.0,1907,13.806370414771818,1.0,0.13301480303195662,0.0,4
5,1.7320508075688772,1.0,0.2,-1.0,Building_5,4,MATD3,0.7900000214576721,False,0.0,0.0,0.0,0.5324955582618713,11,0,0.0,0.0,-0.0,96360,-0.0,0.0,-0.6699325442314148,0.0,0.0,0.0,0.0,57,3.295530632999209,1.0,0.2641136357397364,0.0,0.0,0.0,-0.5622666478157043,CityLearnV3MADRLRewardFunction,matd3_unified_comparable_v4,E2,-0.0,1907,13.806370414771818,1.0,0.13301480303195662,0.0,4
34,4.358898943540674,1.0,0.38235294117647056,-1.0,Building_6,5,MATD3,0.7900000214576721,False,0.0,0.0,0.0,0.5324955582618713,11,0,0.0,0.0,-0.0,96360,-0.0,0.0,-0.6849720478057861,0.0,0.0,0.0,0.0,260,3.20474481820239,1.0,0.053882791101932524,0.0,0.0,0.0,-0.5622666478157043,CityLearnV3MADRLRewardFunction,matd3_unified_comparable_v4,E2,-0.0,1907,13.806370414771818,1.0,0.13301480303195662,0.0,4
44,4.697508788218428,1.0,0.41495563834905624,-1.0,Building_7,6,MATD3,0.7900000214576721,False,0.0,0.0,0.0,0.5324955582618713,11,0,0.0,0.0,-0.0,96360,-0.0,0.0,-0.4297887682914734,0.0,0.0,0.0,0.0,330,3.288169514753124,1.0,0.0435252387415279,0.0,0.0,0.0,-0.5622666478157043,CityLearnV3MADRLRewardFunction,matd3_unified_comparable_v4,E2,-0.0,1907,13.806370414771818,1.0,0.13301480303195662,0.0,4
19,3.1622776601683795,1.0,0.21052631578947367,-1.0,Building_8,7,MATD3,0.7900000214576721,False,0.0,0.0,0.0,0.5324955582618713,11,0,0.0,0.0,-0.0,96360,-0.0,0.0,-0.42933332920074463,0.0,0.0,0.0,0.0,155,3.301407547648762,1.0,0.09292944929292125,0.0,0.0,0.0,-0.5622666478157043,CityLearnV3MADRLRewardFunction,matd3_unified_comparable_v4,E2,-0.0,1907,13.806370414771818,1.0,0.13301480303195662,0.0,4
12,2.0,1.0,0.16666666666666666,-1.0,Building_9,8,MATD3,0.7900000214576721,False,0.0,0.0,0.0,0.5324955582618713,11,0,0.0,0.0,-0.0,96360,-0.0,0.0,-0.45404571294784546,0.0,0.0,0.0,0.0,106,3.417539410213163,1.0,0.14714781750204428,0.0,0.0,0.0,-0.5622666478157043,CityLearnV3MADRLRewardFunction,matd3_unified_comparable_v4,E2,-0.0,1907,13.806370414771818,1.0,0.13301480303195662,0.0,4
8,2.527969981446893,1.0,0.4218742772936821,-1.0,Building_10,9,MATD3,0.7900000214576721,False,0.0,0.0,0.0,0.5324955582618713,11,0,0.0,0.0,-0.0,96360,-0.0,0.0,-0.5863804817199707,0.0,0.0,0.0,0.0,78,3.4030279545898603,1.0,0.19295526781859687,0.0,0.0,0.0,-0.5622666478157043,CityLearnV3MADRLRewardFunction,matd3_unified_comparable_v4,E2,-0.0,1907,13.806370414771818,1.0,0.13301480303195662,0.0,4
5,1.7320508075688772,1.0,0.2,-1.0,Building_11,10,MATD3,0.7900000214576721,False,0.0,0.0,0.0,0.5324955582618713,11,0,0.0,0.0,-0.0,96360,-0.0,0.0,-0.675722599029541,0.0,0.0,0.0,0.0,57,3.4026326096239576,1.0,0.26835645669907854,0.0,0.0,0.0,-0.5622666478157043,CityLearnV3MADRLRewardFunction,matd3_unified_comparable_v4,E2,-0.0,1907,13.806370414771818,1.0,0.13301480303195662,0.0,4
5,2.0,1.0,0.4,-1.0,Building_12,11,MATD3,0.7900000214576721,False,0.0,0.0,0.0,0.5324955582618713,11,0,0.0,0.0,-0.0,96360,-0.0,0.0,-0.6856769323348999,0.0,0.0,0.0,0.0,57,3.3846387479133755,1.0,0.2726899290032554,0.0,0.0,0.0,-0.5622666478157043,CityLearnV3MADRLRewardFunction,matd3_unified_comparable_v4,E2,-0.0,1907,13.806370414771818,1.0,0.13301480303195662,0.0,4
13,2.8284271247461903,1.0,0.6153846153846154,0.0,Building_13,12,MATD3,0.7900000214576721,False,0.0,0.0,0.0,0.5324955582618713,11,0,0.0,0.0,-0.0,96360,-0.0,0.0,-0.4420951008796692,0.0,0.0,0.0,0.0,113,3.4379633335071276,1.0,0.13445969466614513,0.0,0.0,0.0,-0.5622666478157043,CityLearnV3MADRLRewardFunction,matd3_unified_comparable_v4,E2,-0.0,1907,13.806370414771818,1.0,0.13301480303195662,0.0,4
6,2.0,1.0,-0.3333333333333333,-1.0,Building_14,13,MATD3,0.7900000214576721,False,0.0,0.0,0.0,0.5324955582618713,11,0,0.0,0.0,-0.0,96360,-0.0,0.0,-0.4399564266204834,0.0,0.0,0.0,0.0,64,3.303447751970824,1.0,0.2255603012163192,0.0,0.0,0.0,-0.5622666478157043,CityLearnV3MADRLRewardFunction,matd3_unified_comparable_v4,E2,-0.0,1907,13.806370414771818,1.0,0.13301480303195662,0.0,4
10,2.6457513110645907,1.0,0.3,-1.0,Building_15,14,MATD3,0.7900000214576721,False,0.0,0.0,0.0,0.5324955582618713,11,0,0.0,0.0,-0.0,96360,-0.0,0.0,-0.44315028190612793,0.0,0.0,0.0,0.0,92,3.306282562071312,1.0,0.1572092503471219,0.0,0.0,0.0,-0.5622666478157043,CityLearnV3MADRLRewardFunction,matd3_unified_comparable_v4,E2,-0.0,1907,13.806370414771818,1.0,0.13301480303195662,0.0,4
13,2.449489742783178,1.0,0.3076923076923077,-1.0,Building_16,15,MATD3,0.7900000214576721,False,0.0,0.0,0.0,0.5324955582618713,11,0,0.0,0.0,-0.0,96360,-0.0,0.0,-0.5940579175949097,0.0,0.0,0.0,0.0,113,3.2485070989072473,1.0,0.1260615171848145,0.0,0.0,0.0,-0.5622666478157043,CityLearnV3MADRLRewardFunction,matd3_unified_comparable_v4,E2,-0.0,1907,13.806370414771818,1.0,0.13301480303195662,0.0,4
13,2.272702814347794,1.0,0.10818623579465426,-1.0,Building_17,16,MATD3,0.7900000214576721,False,0.0,0.0,0.0,0.5324955582618713,11,0,0.0,0.0,-0.0,96360,-0.0,0.0,-0.6157493591308594,0.0,0.0,0.0,0.0,113,3.362744728454557,1.0,0.1339508786270049,0.0,0.0,0.0,-0.5622666478157043,CityLearnV3MADRLRewardFunction,matd3_unified_comparable_v4,E2,-0.0,1907,13.806370414771818,1.0,0.13301480303195662,0.0,4
6,2.0,1.0,0.6666666666666666,0.0,Building_1,0,MATD3,0.7900000214576721,True,-2.591028533061035e-05,0.0,0.0,0.5324955582618713,11,8755,0.0,0.0,-0.0,105115,0.0,391.5866394042969,-0.7388964891433716,208.5181427001953,309.35345458984375,391.5866394042969,391.586669921875,64,3.436595653999613,1.0,0.23313685692846775,0.0,0.0,0.0,-0.6341236233711243,CityLearnV3MADRLRewardFunction,matd3_unified_comparable_v4,E2,-0.0,1907,14.00340314561748,1.0,0.13091020030567768,0.0,8759
8,2.23606797749979,1.0,0.375,-1.0,Building_2,1,MATD3,0.7900000214576721,True,-7.45059693940675e-08,0.0,0.0,0.5324955582618713,11,8755,0.0,0.0,-0.0,105115,0.0,0.18486037850379944,-0.48164403438568115,0.09843733161687851,0.1460397094488144,0.18486037850379944,0.1848604530096054,78,3.520597752596835,1.0,0.19391298790772757,0.0,0.0,0.0,-0.6341236233711243,CityLearnV3MADRLRewardFunction,matd3_unified_comparable_v4,E2,-0.0,1907,14.00340314561748,1.0,0.13091020030567768,0.0,8759
10,2.6457513110645907,1.0,0.3,-1.0,Building_3,2,MATD3,0.7900000214576721,True,0.0,0.0,0.0,0.5324955582618713,11,8755,0.0,0.0,-0.0,105115,0.0,39.0087890625,-0.7225374579429626,20.77200698852539,30.816944122314453,39.0087890625,39.0087890625,92,3.2643349760543376,1.0,0.15071380041215732,0.0,0.0,0.0,-0.6341236233711243,CityLearnV3MADRLRewardFunction,matd3_unified_comparable_v4,E2,-0.0,1907,14.00340314561748,1.0,0.13091020030567768,0.0,8759
8,2.23606797749979,1.0,0.125,-1.0,Building_4,3,MATD3,0.7900000214576721,True,0.0,0.0,0.0,0.5324955582618713,11,8755,0.0,0.0,-0.0,105115,0.0,36.67196273803711,-0.7195426225662231,19.52765655517578,28.97085189819336,36.67196273803711,36.67196273803711,78,3.2650679327162457,1.0,0.1776794059536396,0.0,0.0,0.0,-0.6341236233711243,CityLearnV3MADRLRewardFunction,matd3_unified_comparable_v4,E2,-0.0,1907,14.00340314561748,1.0,0.13091020030567768,0.0,8759
5,1.7320508075688772,1.0,0.2,-1.0,Building_5,4,MATD3,0.7900000214576721,True,0.0,0.0,0.0,0.5324955582618713,11,8755,0.0,0.0,-0.0,105115,0.0,60.26204299926758,-0.8005566596984863,32.089271545410156,47.60701370239258,60.26204299926758,54.225337982177734,57,3.569266383478027,1.0,0.29216772161032023,0.0,0.0,0.0,-0.6341236233711243,CityLearnV3MADRLRewardFunction,matd3_unified_comparable_v4,E2,-0.0,1907,14.00340314561748,1.0,0.13091020030567768,0.0,8759
34,4.358898943540674,1.0,0.38235294117647056,-1.0,Building_6,5,MATD3,0.7900000214576721,True,0.0,0.0,0.0,0.5324955582618713,11,8755,0.0,0.0,-0.0,105115,0.0,348.8946838378906,-0.7375227212905884,185.7848663330078,275.6268005371094,348.8946838378906,348.8946838378906,260,3.2554705069875767,1.0,0.05311486892975294,0.0,0.0,0.0,-0.6341236233711243,CityLearnV3MADRLRewardFunction,matd3_unified_comparable_v4,E2,-0.0,1907,14.00340314561748,1.0,0.13091020030567768,0.0,8759
44,4.795831523312719,1.0,0.4318181818181818,-1.0,Building_7,6,MATD3,0.7900000214576721,True,0.0,0.0,0.0,0.5324955582618713,11,8755,0.0,0.0,-0.0,105115,0.0,2.9800853729248047,-0.5152494311332703,1.58688223361969,2.3542675971984863,2.9800853729248047,2.9800853729248047,330,3.362323585222599,1.0,0.04331309124827385,0.0,0.0,0.0,-0.6341236233711243,CityLearnV3MADRLRewardFunction,matd3_unified_comparable_v4,E2,-0.0,1907,14.00340314561748,1.0,0.13091020030567768,0.0,8759
19,3.1622776601683795,1.0,0.21052631578947367,-1.0,Building_8,7,MATD3,0.7900000214576721,True,0.0,0.0,0.0,0.5324955582618713,11,8755,0.0,0.0,-0.0,105115,0.0,6.19936990737915,-0.5523836612701416,3.3011369705200195,4.897502422332764,6.19936990737915,6.19936990737915,155,3.3962261274741334,1.0,0.09467931918559536,0.0,0.0,0.0,-0.6341236233711243,CityLearnV3MADRLRewardFunction,matd3_unified_comparable_v4,E2,-0.0,1907,14.00340314561748,1.0,0.13091020030567768,0.0,8759
12,2.0,1.0,0.16666666666666666,-1.0,Building_9,8,MATD3,0.7900000214576721,True,0.0,0.0,0.0,0.5324955582618713,11,8755,0.0,0.0,-0.0,105115,0.0,2.1350696086883545,-0.4877806603908539,1.1369150876998901,1.6867049932479858,2.1350696086883545,2.1350696086883545,106,3.5815197403337824,1.0,0.15437126440821952,0.0,0.0,0.0,-0.6341236233711243,CityLearnV3MADRLRewardFunction,matd3_unified_comparable_v4,E2,-0.0,1907,14.00340314561748,1.0,0.13091020030567768,0.0,8759
8,2.6457513110645907,1.0,0.375,-1.0,Building_10,9,MATD3,0.7900000214576721,True,4.05476112064207e-06,0.0,0.0,0.5324955582618713,11,8755,0.0,0.0,-0.0,105115,0.0,16.451885223388672,-0.6468303203582764,8.7605562210083,12.996989250183105,16.451885223388672,16.451881408691406,78,3.473783397409411,1.0,0.19227790861175612,0.0,0.0,0.0,-0.6341236233711243,CityLearnV3MADRLRewardFunction,matd3_unified_comparable_v4,E2,-0.0,1907,14.00340314561748,1.0,0.13091020030567768,0.0,8759
5,1.7320508075688772,1.0,0.2,-1.0,Building_11,10,MATD3,0.7900000214576721,True,0.0,0.0,0.0,0.5324955582618713,11,8755,0.0,0.0,-0.0,105115,0.0,66.45198059082031,-0.7342050075531006,35.38538360595703,52.497066497802734,66.45198059082031,66.45198059082031,57,3.3370684326624835,1.0,0.24824231287889315,0.0,0.0,0.0,-0.6341236233711243,CityLearnV3MADRLRewardFunction,matd3_unified_comparable_v4,E2,-0.0,1907,14.00340314561748,1.0,0.13091020030567768,0.0,8759
5,2.0,1.0,0.4,-1.0,Building_12,11,MATD3,0.7900000214576721,True,0.0,0.0,0.0,0.5324955582618713,11,8755,0.0,0.0,-0.0,105115,0.0,155.388671875,-0.7360612750053406,82.7437744140625,122.7570571899414,155.388671875,155.388671875,57,3.2986450553893563,1.0,0.24877953738497013,0.0,0.0,0.0,-0.6341236233711243,CityLearnV3MADRLRewardFunction,matd3_unified_comparable_v4,E2,-0.0,1907,14.00340314561748,1.0,0.13091020030567768,0.0,8759
13,2.8284271247461903,1.0,0.6153846153846154,0.0,Building_13,12,MATD3,0.7900000214576721,True,-3.940150236303452e-06,0.0,0.0,0.5324955582618713,11,8755,0.0,0.0,-0.0,105115,0.0,0.10476967692375183,-0.4806705117225647,0.055789388716220856,0.0827680453658104,0.10476967692375183,0.1047736182808876,113,3.5034903058070705,1.0,0.13320528907058513,0.0,0.0,0.0,-0.6341236233711243,CityLearnV3MADRLRewardFunction,matd3_unified_comparable_v4,E2,-0.0,1907,14.00340314561748,1.0,0.13091020030567768,0.0,8759
6,2.0,1.0,-0.3333333333333333,-1.0,Building_14,13,MATD3,0.7900000214576721,True,0.0,0.0,0.0,0.5324955582618713,11,8755,0.0,0.0,-0.0,105115,0.0,1.3521205186843872,-0.49574971199035645,0.7199981808662415,1.068175196647644,1.3521205186843872,1.3521205186843872,64,3.3627989173264545,1.0,0.22267394256778061,0.0,0.0,0.0,-0.6341236233711243,CityLearnV3MADRLRewardFunction,matd3_unified_comparable_v4,E2,-0.0,1907,14.00340314561748,1.0,0.13091020030567768,0.0,8759
10,2.6457513110645907,1.0,0.3,-1.0,Building_15,14,MATD3,0.7900000214576721,True,0.0,0.0,0.0,0.5324955582618713,11,8755,0.0,0.0,-0.0,105115,0.0,15.147623062133789,-0.6366702914237976,8.066041946411133,11.966622352600098,15.147623062133789,15.147623062133789,92,3.4062206102198083,1.0,0.16028831105517305,0.0,0.0,0.0,-0.6341236233711243,CityLearnV3MADRLRewardFunction,matd3_unified_comparable_v4,E2,-0.0,1907,14.00340314561748,1.0,0.13091020030567768,0.0,8759
13,2.449489742783178,1.0,0.3076923076923077,-1.0,Building_16,15,MATD3,0.7900000214576721,True,0.0,0.0,0.0,0.5324955582618713,11,8755,0.0,0.0,-0.0,105115,0.0,11.957420349121094,-0.61044842004776,6.367273330688477,9.446362495422363,11.957420349121094,11.957420349121094,113,3.329471900994795,1.0,0.1249398920124611,0.0,0.0,0.0,-0.6341236233711243,CityLearnV3MADRLRewardFunction,matd3_unified_comparable_v4,E2,-0.0,1907,14.00340314561748,1.0,0.13091020030567768,0.0,8759
13,2.23606797749979,1.0,0.07692307692307693,-1.0,Building_17,16,MATD3,0.7900000214576721,True,0.0,0.0,0.0,0.5324955582618713,11,8755,0.0,0.0,-0.0,105115,0.0,23.087642669677734,-0.6833521127700806,12.2940673828125,18.239238739013672,23.087642669677734,23.087642669677734,113,3.3488064918118936,1.0,0.129059622773027,0.0,0.0,0.0,-0.6341236233711243,CityLearnV3MADRLRewardFunction,matd3_unified_comparable_v4,E2,-0.0,1907,14.00340314561748,1.0,0.13091020030567768,0.0,8759
6,2.0,1.0,0.6666666666666666,0.0,Building_1,0,MATD3,0.7900000214576721,False,0.0,0.0,0.0,0.5324955582618713,12,0,0.0,0.0,-0.0,105120,-0.0,0.0,-0.6704181432723999,0.0,0.0,0.0,0.0,64,3.498152114879796,1.0,0.26311574783176184,0.0,0.0,0.0,-0.5542474389076233,CityLearnV3MADRLRewardFunction,matd3_unified_comparable_v4,E2,-0.0,1907,14.679952799262146,1.0,0.15260472806980302,0.0,5
8,2.23606797749979,1.0,0.375,-1.0,Building_2,1,MATD3,0.7900000214576721,False,0.0,0.0,0.0,0.5324955582618713,12,0,0.0,0.0,-0.0,105120,-0.0,0.0,-0.41946786642074585,0.0,0.0,0.0,0.0,78,3.6294745782024025,1.0,0.21987068576690477,0.0,0.0,0.0,-0.5542474389076233,CityLearnV3MADRLRewardFunction,matd3_unified_comparable_v4,E2,-0.0,1907,14.679952799262146,1.0,0.15260472806980302,0.0,5
10,2.6457513110645907,1.0,0.3,-1.0,Building_3,2,MATD3,0.7900000214576721,False,0.0,0.0,0.0,0.5324955582618713,12,0,0.0,0.0,-0.0,105120,-0.0,0.0,-0.60987389087677,0.0,0.0,0.0,0.0,92,3.836738925369246,1.0,0.21776027086636293,0.0,0.0,0.0,-0.5542474389076233,CityLearnV3MADRLRewardFunction,matd3_unified_comparable_v4,E2,-0.0,1907,14.679952799262146,1.0,0.15260472806980302,0.0,5
8,2.23606797749979,1.0,0.125,-1.0,Building_4,3,MATD3,0.7900000214576721,False,0.0,0.0,0.0,0.5324955582618713,12,0,0.0,0.0,-0.0,105120,-0.0,0.0,-0.5607580542564392,0.0,0.0,0.0,0.0,78,3.423456302963672,1.0,0.20581160390224212,0.0,0.0,0.0,-0.5542474389076233,CityLearnV3MADRLRewardFunction,matd3_unified_comparable_v4,E2,-0.0,1907,14.679952799262146,1.0,0.15260472806980302,0.0,5
5,1.7320508075688772,1.0,0.2,-1.0,Building_5,4,MATD3,0.7900000214576721,False,0.0,0.0,0.0,0.5324955582618713,12,0,0.0,0.0,-0.0,105120,-0.0,0.0,-0.6555296778678894,0.0,0.0,0.0,0.0,57,3.496045243968727,1.0,0.29451596880691094,0.0,0.0,0.0,-0.5542474389076233,CityLearnV3MADRLRewardFunction,matd3_unified_comparable_v4,E2,-0.0,1907,14.679952799262146,1.0,0.15260472806980302,0.0,5
34,4.358898943540674,1.0,0.38235294117647056,-1.0,Building_6,5,MATD3,0.7900000214576721,False,0.0,0.0,0.0,0.5324955582618713,12,0,0.0,0.0,-0.0,105120,-0.0,0.0,-0.6673528552055359,0.0,0.0,0.0,0.0,260,3.4110155297314404,1.0,0.06189021493953008,0.0,0.0,0.0,-0.5542474389076233,CityLearnV3MADRLRewardFunction,matd3_unified_comparable_v4,E2,-0.0,1907,14.679952799262146,1.0,0.15260472806980302,0.0,5
44,4.795831523312719,1.0,0.4318181818181818,-1.0,Building_7,6,MATD3,0.7900000214576721,False,0.0,0.0,0.0,0.5324955582618713,12,0,0.0,0.0,-0.0,105120,-0.0,0.0,-0.4326607882976532,0.0,0.0,0.0,0.0,330,3.476892587616279,1.0,0.0494013581312064,0.0,0.0,0.0,-0.5542474389076233,CityLearnV3MADRLRewardFunction,matd3_unified_comparable_v4,E2,-0.0,1907,14.679952799262146,1.0,0.15260472806980302,0.0,5
19,3.1622776601683795,1.0,0.21052631578947367,-1.0,Building_8,7,MATD3,0.7900000214576721,False,0.0,0.0,0.0,0.5324955582618713,12,0,0.0,0.0,-0.0,105120,-0.0,0.0,-0.4232640266418457,0.0,0.0,0.0,0.0,155,3.492105617728239,1.0,0.10549208166137819,0.0,0.0,0.0,-0.5542474389076233,CityLearnV3MADRLRewardFunction,matd3_unified_comparable_v4,E2,-0.0,1907,14.679952799262146,1.0,0.15260472806980302,0.0,5
12,2.0,1.0,0.16666666666666666,-1.0,Building_9,8,MATD3,0.7900000214576721,False,0.0,0.0,0.0,0.5324955582618713,12,0,0.0,0.0,-0.0,105120,-0.0,0.0,-0.44146764278411865,0.0,0.0,0.0,0.0,106,3.5729321806918066,1.0,0.1619385987660795,0.0,0.0,0.0,-0.5542474389076233,CityLearnV3MADRLRewardFunction,matd3_unified_comparable_v4,E2,-0.0,1907,14.679952799262146,1.0,0.15260472806980302,0.0,5
8,2.6457513110645907,1.0,0.375,-1.0,Building_10,9,MATD3,0.7900000214576721,False,0.0,0.0,0.0,0.5324955582618713,12,0,0.0,0.0,-0.0,105120,-0.0,0.0,-0.6269662976264954,0.0,0.0,0.0,0.0,78,3.5848059233061242,1.0,0.21801504578727943,0.0,0.0,0.0,-0.5542474389076233,CityLearnV3MADRLRewardFunction,matd3_unified_comparable_v4,E2,-0.0,1907,14.679952799262146,1.0,0.15260472806980302,0.0,5
5,1.7320508075688772,1.0,0.2,-1.0,Building_11,10,MATD3,0.7900000214576721,False,0.0,0.0,0.0,0.5324955582618713,12,0,0.0,0.0,-0.0,105120,-0.0,0.0,-0.6647704243659973,0.0,0.0,0.0,0.0,57,3.731461238362204,1.0,0.324345542804191,0.0,0.0,0.0,-0.5542474389076233,CityLearnV3MADRLRewardFunction,matd3_unified_comparable_v4,E2,-0.0,1907,14.679952799262146,1.0,0.15260472806980302,0.0,5
5,2.0,1.0,0.4,-1.0,Building_12,11,MATD3,0.7900000214576721,False,0.0,0.0,0.0,0.5324955582618713,12,0,0.0,0.0,-0.0,105120,-0.0,0.0,-0.6673462390899658,0.0,0.0,0.0,0.0,57,3.6988762960221533,1.0,0.3252674569947678,0.0,0.0,0.0,-0.5542474389076233,CityLearnV3MADRLRewardFunction,matd3_unified_comparable_v4,E2,-0.0,1907,14.679952799262146,1.0,0.15260472806980302,0.0,5
13,2.8284271247461903,1.0,0.6153846153846154,0.0,Building_13,12,MATD3,0.7900000214576721,False,0.0,0.0,0.0,0.5324955582618713,12,0,0.0,0.0,-0.0,105120,-0.0,0.0,-0.42298418283462524,0.0,0.0,0.0,0.0,113,3.617634110365855,1.0,0.15153563734704414,0.0,0.0,0.0,-0.5542474389076233,CityLearnV3MADRLRewardFunction,matd3_unified_comparable_v4,E2,-0.0,1907,14.679952799262146,1.0,0.15260472806980302,0.0,5
6,2.0,1.0,-0.3333333333333333,-1.0,Building_14,13,MATD3,0.7900000214576721,False,0.0,0.0,0.0,0.5324955582618713,12,0,0.0,0.0,-0.0,105120,-0.0,0.0,-0.4322400689125061,0.0,0.0,0.0,0.0,64,3.578986282149529,1.0,0.2710437311325222,0.0,0.0,0.0,-0.5542474389076233,CityLearnV3MADRLRewardFunction,matd3_unified_comparable_v4,E2,-0.0,1907,14.679952799262146,1.0,0.15260472806980302,0.0,5
10,2.6457513110645907,1.0,0.3,-1.0,Building_15,14,MATD3,0.7900000214576721,False,0.0,0.0,0.0,0.5324955582618713,12,0,0.0,0.0,-0.0,105120,-0.0,0.0,-0.4453985393047333,0.0,0.0,0.0,0.0,92,3.4972892840291205,1.0,0.17864815477767718,0.0,0.0,0.0,-0.5542474389076233,CityLearnV3MADRLRewardFunction,matd3_unified_comparable_v4,E2,-0.0,1907,14.679952799262146,1.0,0.15260472806980302,0.0,5
13,2.449489742783178,1.0,0.3076923076923077,-1.0,Building_16,15,MATD3,0.7900000214576721,False,0.0,0.0,0.0,0.5324955582618713,12,0,0.0,0.0,-0.0,105120,-0.0,0.0,-0.6604439616203308,0.0,0.0,0.0,0.0,113,3.3823426031600548,1.0,0.1406529238529965,0.0,0.0,0.0,-0.5542474389076233,CityLearnV3MADRLRewardFunction,matd3_unified_comparable_v4,E2,-0.0,1907,14.679952799262146,1.0,0.15260472806980302,0.0,5
13,2.23606797749979,1.0,0.07692307692307693,-1.0,Building_17,16,MATD3,0.7900000214576721,False,0.0,0.0,0.0,0.5324955582618713,12,0,0.0,0.0,-0.0,105120,-0.0,0.0,-0.6212631464004517,0.0,0.0,0.0,0.0,113,3.5664322123274395,1.0,0.15406827991251396,0.0,0.0,0.0,-0.5542474389076233,CityLearnV3MADRLRewardFunction,matd3_unified_comparable_v4,E2,-0.0,1907,14.679952799262146,1.0,0.15260472806980302,0.0,5
6,2.0,1.0,0.6666666666666666,0.0,Building_1,0,MATD3,0.7900000214576721,True,-2.591028533061035e-05,0.0,0.0,0.5324955582618713,12,8754,0.0,0.0,-0.0,113874,0.0,433.4545593261719,-0.8207975029945374,230.8126220703125,342.4291076660156,433.4545593261719,433.45458984375,64,3.3346950690998187,1.0,0.22409327677451074,0.0,0.0,0.0,-0.7506435513496399,CityLearnV3MADRLRewardFunction,matd3_unified_comparable_v4,E2,-0.0,1907,13.66391738075063,1.0,0.12636748058052355,0.0,8759
8,2.449489742783178,1.0,0.5,-1.0,Building_2,1,MATD3,0.7900000214576721,True,-7.45059693940675e-08,0.0,0.0,0.5324955582618713,12,8754,0.0,0.0,-0.0,113874,0.0,15.16435432434082,-0.7193691730499268,8.074951171875,11.979840278625488,15.16435432434082,15.16435432434082,78,3.4503282414222163,1.0,0.19114438100503042,0.0,0.0,0.0,-0.7506435513496399,CityLearnV3MADRLRewardFunction,matd3_unified_comparable_v4,E2,-0.0,1907,13.66391738075063,1.0,0.12636748058052355,0.0,8759
10,2.6457513110645907,1.0,0.3,-1.0,Building_3,2,MATD3,0.7900000214576721,True,0.0,0.0,0.0,0.5324955582618713,12,8754,0.0,0.0,-0.0,113874,0.0,94.53981018066406,-0.817276120185852,50.3420295715332,74.68645477294922,94.53981018066406,94.53981018066406,92,3.204969290194373,1.0,0.14604751976287883,0.0,0.0,0.0,-0.7506435513496399,CityLearnV3MADRLRewardFunction,matd3_unified_comparable_v4,E2,-0.0,1907,13.66391738075063,1.0,0.12636748058052355,0.0,8759
8,2.23606797749979,1.0,0.125,-1.0,Building_4,3,MATD3,0.7900000214576721,True,0.0,0.0,0.0,0.5324955582618713,12,8754,0.0,0.0,-0.0,113874,0.0,31.04317283630371,-0.7911568880081177,16.530351638793945,24.524106979370117,31.04317283630371,31.04317283630371,78,3.1916766443122158,1.0,0.17149378894231257,0.0,0.0,0.0,-0.7506435513496399,CityLearnV3MADRLRewardFunction,matd3_unified_comparable_v4,E2,-0.0,1907,13.66391738075063,1.0,0.12636748058052355,0.0,8759
5,1.7320508075688772,1.0,0.2,-1.0,Building_5,4,MATD3,0.7900000214576721,True,0.0,0.0,0.0,0.5324955582618713,12,8754,0.0,0.0,-0.0,113874,0.0,44.57567596435547,-0.8766364455223083,23.73634910583496,35.21478271484375,44.57567596435547,38.538970947265625,57,3.52707183687306,1.0,0.28582403926472916,0.0,0.0,0.0,-0.7506435513496399,CityLearnV3MADRLRewardFunction,matd3_unified_comparable_v4,E2,-0.0,1907,13.66391738075063,1.0,0.12636748058052355,0.0,8759
34,4.358898943540674,1.0,0.38235294117647056,-1.0,Building_6,5,MATD3,0.7900000214576721,True,0.0,0.0,0.0,0.5324955582618713,12,8754,0.0,0.0,-0.0,113874,0.0,362.8901062011719,-0.819501519203186,193.23736572265625,286.6831970214844,362.8901062011719,362.8901062011719,260,3.184578026920365,1.0,0.05131137789441989,0.0,0.0,0.0,-0.7506435513496399,CityLearnV3MADRLRewardFunction,matd3_unified_comparable_v4,E2,-0.0,1907,13.66391738075063,1.0,0.12636748058052355,0.0,8759
44,4.690943129717391,1.0,0.45294686169786885,-1.0,Building_7,6,MATD3,0.7900000214576721,True,0.0,0.0,0.0,0.5324955582618713,12,8754,0.0,0.0,-0.0,113874,0.0,12.664111137390137,-0.6985440850257874,6.743582725524902,10.004648208618164,12.664111137390137,12.664111137390137,330,3.268482945333741,1.0,0.041809449570648596,0.0,0.0,0.0,-0.7506435513496399,CityLearnV3MADRLRewardFunction,matd3_unified_comparable_v4,E2,-0.0,1907,13.66391738075063,1.0,0.12636748058052355,0.0,8759
19,3.0911725595491752,1.0,0.1971166635814466,-1.0,Building_8,7,MATD3,0.7900000214576721,True,0.0,0.0,0.0,0.5324955582618713,12,8754,0.0,0.0,-0.0,113874,0.0,12.065996170043945,-0.6933150291442871,6.425089359283447,9.532136917114258,12.065996170043945,12.065996170043945,155,3.327079593304185,1.0,0.09201990635164323,0.0,0.0,0.0,-0.7506435513496399,CityLearnV3MADRLRewardFunction,matd3_unified_comparable_v4,E2,-0.0,1907,13.66391738075063,1.0,0.12636748058052355,0.0,8759
12,2.0,1.0,0.16666666666666666,-1.0,Building_9,8,MATD3,0.7900000214576721,True,0.0,0.0,0.0,0.5324955582618713,12,8754,0.0,0.0,-0.0,113874,0.0,2.290161371231079,-0.571539044380188,1.2195007801055908,1.8092275857925415,2.290161371231079,2.290161371231079,106,3.524763688463799,1.0,0.1502447155005527,0.0,0.0,0.0,-0.7506435513496399,CityLearnV3MADRLRewardFunction,matd3_unified_comparable_v4,E2,-0.0,1907,13.66391738075063,1.0,0.12636748058052355,0.0,8759
8,2.6457513110645907,1.0,0.375,-1.0,Building_10,9,MATD3,0.7900000214576721,True,4.05476112064207e-06,0.0,0.0,0.5324955582618713,12,8754,0.0,0.0,-0.0,113874,0.0,51.64957809448242,-0.8150845766067505,27.503170013427734,40.80316925048828,51.64957809448242,51.649574279785156,78,3.3900668691069975,1.0,0.18648767337585107,0.0,0.0,0.0,-0.7506435513496399,CityLearnV3MADRLRewardFunction,matd3_unified_comparable_v4,E2,-0.0,1907,13.66391738075063,1.0,0.12636748058052355,0.0,8759
5,1.7320508075688772,1.0,0.2,-1.0,Building_11,10,MATD3,0.7900000214576721,True,0.0,0.0,0.0,0.5324955582618713,12,8754,0.0,0.0,-0.0,113874,0.0,71.54803466796875,-0.8165180683135986,38.0990104675293,56.52294921875,71.54803466796875,71.54803466796875,57,3.2529987469196797,1.0,0.239674755421124,0.0,0.0,0.0,-0.7506435513496399,CityLearnV3MADRLRewardFunction,matd3_unified_comparable_v4,E2,-0.0,1907,13.66391738075063,1.0,0.12636748058052355,0.0,8759
5,2.0,1.0,0.4,-1.0,Building_12,11,MATD3,0.7900000214576721,True,0.0,0.0,0.0,0.5324955582618713,12,8754,0.0,0.0,-0.0,113874,0.0,215.11593627929688,-0.8185076713562012,114.54827880859375,169.94158935546875,215.11593627929688,215.11593627929688,57,3.2199753522224124,1.0,0.24075160789908023,0.0,0.0,0.0,-0.7506435513496399,CityLearnV3MADRLRewardFunction,matd3_unified_comparable_v4,E2,-0.0,1907,13.66391738075063,1.0,0.12636748058052355,0.0,8759
13,2.8284271247461903,1.0,0.6153846153846154,0.0,Building_13,12,MATD3,0.7900000214576721,True,-3.940150236303452e-06,0.0,0.0,0.5324955582618713,12,8754,0.0,0.0,-0.0,113874,0.0,2.0330183506011963,-0.5859344005584717,1.0825732946395874,1.6060845851898193,2.0330183506011963,2.033022403717041,113,3.4123216014469584,1.0,0.12815825298296668,0.0,0.0,0.0,-0.7506435513496399,CityLearnV3MADRLRewardFunction,matd3_unified_comparable_v4,E2,-0.0,1907,13.66391738075063,1.0,0.12636748058052355,0.0,8759
6,2.0,1.0,0.0,-1.0,Building_14,13,MATD3,0.7900000214576721,True,0.0,0.0,0.0,0.5324955582618713,12,8754,0.0,0.0,-0.0,113874,0.0,2.6149511337280273,-0.5928051471710205,1.3924498558044434,2.0658113956451416,2.6149511337280273,2.6149511337280273,64,3.246010192556302,1.0,0.21219419362023473,0.0,0.0,0.0,-0.7506435513496399,CityLearnV3MADRLRewardFunction,matd3_unified_comparable_v4,E2,-0.0,1907,13.66391738075063,1.0,0.12636748058052355,0.0,8759
10,2.6457513110645907,1.0,0.3,-1.0,Building_15,14,MATD3,0.7900000214576721,True,0.0,0.0,0.0,0.5324955582618713,12,8754,0.0,0.0,-0.0,113874,0.0,19.521480560302734,-0.7473602890968323,10.395101547241211,15.42197036743164,19.521480560302734,19.521480560302734,92,3.3352580267821357,1.0,0.15549059633327567,0.0,0.0,0.0,-0.7506435513496399,CityLearnV3MADRLRewardFunction,matd3_unified_comparable_v4,E2,-0.0,1907,13.66391738075063,1.0,0.12636748058052355,0.0,8759
13,2.449489742783178,1.0,0.3076923076923077,-1.0,Building_16,15,MATD3,0.7900000214576721,True,0.0,0.0,0.0,0.5324955582618713,12,8754,0.0,0.0,-0.0,113874,0.0,54.89390563964844,-0.8141321539878845,29.23076057434082,43.366188049316406,54.89390563964844,54.89390563964844,113,3.2233941880861243,1.0,0.11971595718533593,0.0,0.0,0.0,-0.7506435513496399,CityLearnV3MADRLRewardFunction,matd3_unified_comparable_v4,E2,-0.0,1907,13.66391738075063,1.0,0.12636748058052355,0.0,8759
13,2.23606797749979,1.0,0.07692307692307693,-1.0,Building_17,16,MATD3,0.7900000214576721,True,0.0,0.0,0.0,0.5324955582618713,12,8754,0.0,0.0,-0.0,113874,0.0,22.46647071838379,-0.7624621391296387,11.963295936584473,17.748512268066406,22.46647071838379,22.46647071838379,113,3.212997057217479,1.0,0.11923809085799529,0.0,0.0,0.0,-0.7506435513496399,CityLearnV3MADRLRewardFunction,matd3_unified_comparable_v4,E2,-0.0,1907,13.66391738075063,1.0,0.12636748058052355,0.0,8759
6,2.0,1.0,0.6666666666666666,0.0,Building_1,0,MATD3,0.7849760055541992,False,0.0,0.0,0.0,0.5324955582618713,13,0,0.0,0.0,-0.0,113880,-0.0,0.0,-0.7154858708381653,0.0,0.0,0.0,0.0,64,3.2793664621829355,1.0,0.23657079276745208,0.0,0.0,0.0,-0.6156080961227417,CityLearnV3MADRLRewardFunction,matd3_unified_comparable_v4,E2,-0.0,1907,14.115877410001358,1.0,0.14411333667951445,0.0,6
8,2.449489742783178,1.0,0.5,-1.0,Building_2,1,MATD3,0.7849760055541992,False,0.0,0.0,0.0,0.5324955582618713,13,0,0.0,0.0,-0.0,113880,-0.0,0.0,-0.47621724009513855,0.0,0.0,0.0,0.0,78,3.417585658245482,1.0,0.19849424257587928,0.0,0.0,0.0,-0.6156080961227417,CityLearnV3MADRLRewardFunction,matd3_unified_comparable_v4,E2,-0.0,1907,14.115877410001358,1.0,0.14411333667951445,0.0,6
10,2.6457513110645907,1.0,0.3,-1.0,Building_3,2,MATD3,0.7849760055541992,False,0.0,0.0,0.0,0.5324955582618713,13,0,0.0,0.0,-0.0,113880,-0.0,0.0,-0.6999753713607788,0.0,0.0,0.0,0.0,92,3.592129544962951,1.0,0.1947553200930681,0.0,0.0,0.0,-0.6156080961227417,CityLearnV3MADRLRewardFunction,matd3_unified_comparable_v4,E2,-0.0,1907,14.115877410001358,1.0,0.14411333667951445,0.0,6
8,2.23606797749979,1.0,0.125,-1.0,Building_4,3,MATD3,0.7849760055541992,False,0.0,0.0,0.0,0.5324955582618713,13,0,0.0,0.0,-0.0,113880,-0.0,0.0,-0.6271752715110779,0.0,0.0,0.0,0.0,78,3.2064958890148825,1.0,0.18473617028062925,0.0,0.0,0.0,-0.6156080961227417,CityLearnV3MADRLRewardFunction,matd3_unified_comparable_v4,E2,-0.0,1907,14.115877410001358,1.0,0.14411333667951445,0.0,6
5,1.7320508075688772,1.0,0.2,-1.0,Building_5,4,MATD3,0.7849760055541992,False,0.0,0.0,0.0,0.5324955582618713,13,0,0.0,0.0,-0.0,113880,-0.0,0.0,-0.7038851976394653,0.0,0.0,0.0,0.0,57,3.427396386491121,1.0,0.28725481860078217,0.0,0.0,0.0,-0.6156080961227417,CityLearnV3MADRLRewardFunction,matd3_unified_comparable_v4,E2,-0.0,1907,14.115877410001358,1.0,0.14411333667951445,0.0,6
34,4.358898943540674,1.0,0.38235294117647056,-1.0,Building_6,5,MATD3,0.7849760055541992,False,0.0,0.0,0.0,0.5324955582618713,13,0,0.0,0.0,-0.0,113880,-0.0,0.0,-0.7129220366477966,0.0,0.0,0.0,0.0,260,3.1917766457106826,1.0,0.05550912292674184,0.0,0.0,0.0,-0.6156080961227417,CityLearnV3MADRLRewardFunction,matd3_unified_comparable_v4,E2,-0.0,1907,14.115877410001358,1.0,0.14411333667951445,0.0,6
44,4.690420724660043,1.0,0.4543903514065526,-1.0,Building_7,6,MATD3,0.7849760055541992,False,0.0,0.0,0.0,0.5324955582618713,13,0,0.0,0.0,-0.0,113880,-0.0,0.0,-0.5392867922782898,0.0,0.0,0.0,0.0,330,3.245035059306833,1.0,0.0443607019712076,0.0,0.0,0.0,-0.6156080961227417,CityLearnV3MADRLRewardFunction,matd3_unified_comparable_v4,E2,-0.0,1907,14.115877410001358,1.0,0.14411333667951445,0.0,6
19,3.1108986652483592,1.0,0.20122208407050685,-1.0,Building_8,7,MATD3,0.7849760055541992,False,0.0,0.0,0.0,0.5324955582618713,13,0,0.0,0.0,-0.0,113880,-0.0,0.0,-0.48186740279197693,0.0,0.0,0.0,0.0,155,3.265045057278356,1.0,0.09456757721641372,0.0,0.0,0.0,-0.6156080961227417,CityLearnV3MADRLRewardFunction,matd3_unified_comparable_v4,E2,-0.0,1907,14.115877410001358,1.0,0.14411333667951445,0.0,6
12,2.0,1.0,0.16666666666666666,-1.0,Building_9,8,MATD3,0.7849760055541992,False,0.0,0.0,0.0,0.5324955582618713,13,0,0.0,0.0,-0.0,113880,-0.0,0.0,-0.5010756850242615,0.0,0.0,0.0,0.0,106,3.3278160929049747,1.0,0.144636067386084,0.0,0.0,0.0,-0.6156080961227417,CityLearnV3MADRLRewardFunction,matd3_unified_comparable_v4,E2,-0.0,1907,14.115877410001358,1.0,0.14411333667951445,0.0,6
8,2.6457513110645907,1.0,0.375,-1.0,Building_10,9,MATD3,0.7849760055541992,False,0.0,0.0,0.0,0.5324955582618713,13,0,0.0,0.0,-0.0,113880,-0.0,0.0,-0.70512455701828,0.0,0.0,0.0,0.0,78,3.3737870362736246,1.0,0.1978391966997431,0.0,0.0,0.0,-0.6156080961227417,CityLearnV3MADRLRewardFunction,matd3_unified_comparable_v4,E2,-0.0,1907,14.115877410001358,1.0,0.14411333667951445,0.0,6
5,1.7320508075688772,1.0,0.2,-1.0,Building_11,10,MATD3,0.7849760055541992,False,0.0,0.0,0.0,0.5324955582618713,13,0,0.0,0.0,-0.0,113880,-0.0,0.0,-0.7110993266105652,0.0,0.0,0.0,0.0,57,3.806022256011276,1.0,0.34640277284932763,0.0,0.0,0.0,-0.6156080961227417,CityLearnV3MADRLRewardFunction,matd3_unified_comparable_v4,E2,-0.0,1907,14.115877410001358,1.0,0.14411333667951445,0.0,6
5,2.0,1.0,0.4,-1.0,Building_12,11,MATD3,0.7849760055541992,False,0.0,0.0,0.0,0.5324955582618713,13,0,0.0,0.0,-0.0,113880,-0.0,0.0,-0.7127529382705688,0.0,0.0,0.0,0.0,57,3.894837406741385,1.0,0.36063255621283724,0.0,0.0,0.0,-0.6156080961227417,CityLearnV3MADRLRewardFunction,matd3_unified_comparable_v4,E2,-0.0,1907,14.115877410001358,1.0,0.14411333667951445,0.0,6
13,2.8284271247461903,1.0,0.6153846153846154,0.0,Building_13,12,MATD3,0.7849760055541992,False,0.0,0.0,0.0,0.5324955582618713,13,0,0.0,0.0,-0.0,113880,-0.0,0.0,-0.47436681389808655,0.0,0.0,0.0,0.0,113,3.392328828504975,1.0,0.13621705666645967,0.0,0.0,0.0,-0.6156080961227417,CityLearnV3MADRLRewardFunction,matd3_unified_comparable_v4,E2,-0.0,1907,14.115877410001358,1.0,0.14411333667951445,0.0,6
6,2.0,1.0,0.0,-1.0,Building_14,13,MATD3,0.7849760055541992,False,0.0,0.0,0.0,0.5324955582618713,13,0,0.0,0.0,-0.0,113880,-0.0,0.0,-0.4935145676136017,0.0,0.0,0.0,0.0,64,3.897124539288779,1.0,0.3264877440233249,0.0,0.0,0.0,-0.6156080961227417,CityLearnV3MADRLRewardFunction,matd3_unified_comparable_v4,E2,-0.0,1907,14.115877410001358,1.0,0.14411333667951445,0.0,6
10,2.6457513110645907,1.0,0.3,-1.0,Building_15,14,MATD3,0.7849760055541992,False,0.0,0.0,0.0,0.5324955582618713,13,0,0.0,0.0,-0.0,113880,-0.0,0.0,-0.5426782965660095,0.0,0.0,0.0,0.0,92,3.2728091390171103,1.0,0.16136694620565875,0.0,0.0,0.0,-0.6156080961227417,CityLearnV3MADRLRewardFunction,matd3_unified_comparable_v4,E2,-0.0,1907,14.115877410001358,1.0,0.14411333667951445,0.0,6
13,2.449489742783178,1.0,0.3076923076923077,-1.0,Building_16,15,MATD3,0.7849760055541992,False,0.0,0.0,0.0,0.5324955582618713,13,0,0.0,0.0,-0.0,113880,-0.0,0.0,-0.7040058970451355,0.0,0.0,0.0,0.0,113,3.150455698876115,1.0,0.12548590927854575,0.0,0.0,0.0,-0.6156080961227417,CityLearnV3MADRLRewardFunction,matd3_unified_comparable_v4,E2,-0.0,1907,14.115877410001358,1.0,0.14411333667951445,0.0,6
13,2.23606797749979,1.0,0.07692307692307693,-1.0,Building_17,16,MATD3,0.7849760055541992,False,0.0,0.0,0.0,0.5324955582618713,13,0,0.0,0.0,-0.0,113880,-0.0,0.0,-0.6639038920402527,0.0,0.0,0.0,0.0,113,3.3270263581738018,1.0,0.13622950315805135,0.0,0.0,0.0,-0.6156080961227417,CityLearnV3MADRLRewardFunction,matd3_unified_comparable_v4,E2,-0.0,1907,14.115877410001358,1.0,0.14411333667951445,0.0,6
6,2.0,1.0,0.6666666666666666,0.0,Building_1,0,MATD3,0.7900000214576721,True,-2.591028533061035e-05,0.0,0.0,0.5324955582618713,13,8753,0.0,0.0,-0.0,122633,0.0,446.8855895996094,-0.8195382952690125,237.96458435058594,353.03961181640625,446.8855895996094,446.8856201171875,64,3.503224370920406,1.0,0.24708087975159287,0.0,0.0,0.0,-0.7490049004554749,CityLearnV3MADRLRewardFunction,matd3_unified_comparable_v4,E2,-0.0,1907,14.394457422498709,1.0,0.13978055380890367,0.0,8759
8,2.23606797749979,1.0,0.375,-1.0,Building_2,1,MATD3,0.7900000214576721,True,-7.45059693940675e-08,0.0,0.0,0.5324955582618713,13,8753,0.0,0.0,-0.0,122633,0.0,5.618855953216553,-0.6267721056938171,2.992015838623047,4.438896179199219,5.618855953216553,5.618855953216553,78,3.5967874580055867,1.0,0.20523377832693931,0.0,0.0,0.0,-0.7490049004554749,CityLearnV3MADRLRewardFunction,matd3_unified_comparable_v4,E2,-0.0,1907,14.394457422498709,1.0,0.13978055380890367,0.0,8759
10,2.6457513110645907,1.0,0.3,-1.0,Building_3,2,MATD3,0.7900000214576721,True,0.0,0.0,0.0,0.5324955582618713,13,8753,0.0,0.0,-0.0,122633,0.0,98.17061614990234,-0.8160744309425354,52.27541732788086,77.5547866821289,98.17061614990234,98.17061614990234,92,3.3819518729175577,1.0,0.16205699093963788,0.0,0.0,0.0,-0.7490049004554749,CityLearnV3MADRLRewardFunction,matd3_unified_comparable_v4,E2,-0.0,1907,14.394457422498709,1.0,0.13978055380890367,0.0,8759
8,2.23606797749979,1.0,0.125,-1.0,Building_4,3,MATD3,0.7900000214576721,True,0.0,0.0,0.0,0.5324955582618713,13,8753,0.0,0.0,-0.0,122633,0.0,28.84416961669922,-0.7843237519264221,15.359392166137695,22.786893844604492,28.84416961669922,28.84416961669922,78,3.365757821671856,1.0,0.19006271679431963,0.0,0.0,0.0,-0.7490049004554749,CityLearnV3MADRLRewardFunction,matd3_unified_comparable_v4,E2,-0.0,1907,14.394457422498709,1.0,0.13978055380890367,0.0,8759
5,1.7320508075688772,1.0,0.2,-1.0,Building_5,4,MATD3,0.7900000214576721,True,0.0,0.0,0.0,0.5324955582618713,13,8753,0.0,0.0,-0.0,122633,0.0,43.92958068847656,-0.8749144077301025,23.39230728149414,34.704368591308594,43.92958068847656,37.89287567138672,57,3.687173301001371,1.0,0.31158173084259033,0.0,0.0,0.0,-0.7490049004554749,CityLearnV3MADRLRewardFunction,matd3_unified_comparable_v4,E2,-0.0,1907,14.394457422498709,1.0,0.13978055380890367,0.0,8759
34,4.358898943540674,1.0,0.38235294117647056,-1.0,Building_6,5,MATD3,0.7900000214576721,True,0.0,0.0,0.0,0.5324955582618713,13,8753,0.0,0.0,-0.0,122633,0.0,350.8894348144531,-0.8181754946708679,186.84706115722656,277.2026672363281,350.8894348144531,350.8894348144531,260,3.3609150752866683,1.0,0.05693318809454258,0.0,0.0,0.0,-0.7490049004554749,CityLearnV3MADRLRewardFunction,matd3_unified_comparable_v4,E2,-0.0,1907,14.394457422498709,1.0,0.13978055380890367,0.0,8759
44,4.702631480708699,1.0,0.46224402568557044,-1.0,Building_7,6,MATD3,0.7900000214576721,True,0.0,0.0,0.0,0.5324955582618713,13,8753,0.0,0.0,-0.0,122633,0.0,18.66022491455078,-0.741060197353363,9.936487197875977,14.741578102111816,18.66022491455078,18.66022491455078,330,3.4474140676939835,1.0,0.046503418864625876,0.0,0.0,0.0,-0.7490049004554749,CityLearnV3MADRLRewardFunction,matd3_unified_comparable_v4,E2,-0.0,1907,14.394457422498709,1.0,0.13978055380890367,0.0,8759
19,3.0,1.0,0.05263157894736842,-1.0,Building_8,7,MATD3,0.7900000214576721,True,0.0,0.0,0.0,0.5324955582618713,13,8753,0.0,0.0,-0.0,122633,0.0,19.251495361328125,-0.7445526123046875,10.251336097717285,15.2086820602417,19.251495361328125,19.251495361328125,155,3.5885433590282907,1.0,0.10431925356388091,0.0,0.0,0.0,-0.7490049004554749,CityLearnV3MADRLRewardFunction,matd3_unified_comparable_v4,E2,-0.0,1907,14.394457422498709,1.0,0.13978055380890367,0.0,8759
12,2.0,1.0,0.16666666666666666,-1.0,Building_9,8,MATD3,0.7900000214576721,True,0.0,0.0,0.0,0.5324955582618713,13,8753,0.0,0.0,-0.0,122633,0.0,2.4506425857543945,-0.5721989870071411,1.304956316947937,1.9360077381134033,2.4506425857543945,2.4506425857543945,106,3.69422321994266,1.0,0.16635122839009986,0.0,0.0,0.0,-0.7490049004554749,CityLearnV3MADRLRewardFunction,matd3_unified_comparable_v4,E2,-0.0,1907,14.394457422498709,1.0,0.13978055380890367,0.0,8759
8,2.6457513110645907,1.0,0.375,-1.0,Building_10,9,MATD3,0.7900000214576721,True,4.05476112064207e-06,0.0,0.0,0.5324955582618713,13,8753,0.0,0.0,-0.0,122633,0.0,34.334144592285156,-0.797956645488739,18.282779693603516,27.12397575378418,34.334144592285156,34.33414077758789,78,3.553005704318034,1.0,0.2039076835872271,0.0,0.0,0.0,-0.7490049004554749,CityLearnV3MADRLRewardFunction,matd3_unified_comparable_v4,E2,-0.0,1907,14.394457422498709,1.0,0.13978055380890367,0.0,8759
5,2.0,1.0,0.4,-1.0,Building_11,10,MATD3,0.7900000214576721,True,0.0,0.0,0.0,0.5324955582618713,13,8753,0.0,0.0,-0.0,122633,0.0,57.917564392089844,-0.8135960102081299,30.840845108032227,45.754878997802734,57.917564392089844,57.917564392089844,57,3.4269249047087063,1.0,0.2646699521625251,0.0,0.0,0.0,-0.7490049004554749,CityLearnV3MADRLRewardFunction,matd3_unified_comparable_v4,E2,-0.0,1907,14.394457422498709,1.0,0.13978055380890367,0.0,8759
5,2.0,1.0,0.4,-1.0,Building_12,11,MATD3,0.7900000214576721,True,0.0,0.0,0.0,0.5324955582618713,13,8753,0.0,0.0,-0.0,122633,0.0,182.6020965576172,-0.8169601559638977,97.23480224609375,144.2556610107422,182.6020965576172,182.6020965576172,57,3.38220839408873,1.0,0.2615112162995757,0.0,0.0,0.0,-0.7490049004554749,CityLearnV3MADRLRewardFunction,matd3_unified_comparable_v4,E2,-0.0,1907,14.394457422498709,1.0,0.13978055380890367,0.0,8759
13,2.8284271247461903,1.0,0.6153846153846154,0.0,Building_13,12,MATD3,0.7900000214576721,True,-3.940150236303452e-06,0.0,0.0,0.5324955582618713,13,8753,0.0,0.0,-0.0,122633,0.0,2.789363384246826,-0.5937492847442627,1.4853236675262451,2.203597068786621,2.789363384246826,2.789367437362671,113,3.5803868130996173,1.0,0.14118063555354565,0.0,0.0,0.0,-0.7490049004554749,CityLearnV3MADRLRewardFunction,matd3_unified_comparable_v4,E2,-0.0,1907,14.394457422498709,1.0,0.13978055380890367,0.0,8759
6,2.23606797749979,1.0,0.16666666666666666,-1.0,Building_14,13,MATD3,0.7900000214576721,True,0.0,0.0,0.0,0.5324955582618713,13,8753,0.0,0.0,-0.0,122633,0.0,2.485826015472412,-0.5900048017501831,1.3236913681030273,1.9638025760650635,2.485826015472412,2.485826015472412,64,3.418981692118897,1.0,0.23510858113877475,0.0,0.0,0.0,-0.7490049004554749,CityLearnV3MADRLRewardFunction,matd3_unified_comparable_v4,E2,-0.0,1907,14.394457422498709,1.0,0.13978055380890367,0.0,8759
10,2.6457513110645907,1.0,0.3,-1.0,Building_15,14,MATD3,0.7900000214576721,True,0.0,0.0,0.0,0.5324955582618713,13,8753,0.0,0.0,-0.0,122633,0.0,20.5941162109375,-0.7519736289978027,10.966275215148926,16.269351959228516,20.5941162109375,20.5941162109375,92,3.5109822890869915,1.0,0.17171372230286183,0.0,0.0,0.0,-0.7490049004554749,CityLearnV3MADRLRewardFunction,matd3_unified_comparable_v4,E2,-0.0,1907,14.394457422498709,1.0,0.13978055380890367,0.0,8759
13,2.449489742783178,1.0,0.3076923076923077,-1.0,Building_16,15,MATD3,0.7900000214576721,True,0.0,0.0,0.0,0.5324955582618713,13,8753,0.0,0.0,-0.0,122633,0.0,103.13050842285156,-0.8161440491676331,54.91653823852539,81.47310638427734,103.13050842285156,103.13050842285156,113,3.4178754577396515,1.0,0.13568326870424557,0.0,0.0,0.0,-0.7490049004554749,CityLearnV3MADRLRewardFunction,matd3_unified_comparable_v4,E2,-0.0,1907,14.394457422498709,1.0,0.13978055380890367,0.0,8759
13,2.449489742783178,1.0,0.15384615384615385,-1.0,Building_17,16,MATD3,0.7900000214576721,True,0.0,0.0,0.0,0.5324955582618713,13,8753,0.0,0.0,-0.0,122633,0.0,21.1981143951416,-0.755089282989502,11.287901878356934,16.746511459350586,21.1981143951416,21.1981143951416,113,3.40587103762136,1.0,0.13510602633510016,0.0,0.0,0.0,-0.7490049004554749,CityLearnV3MADRLRewardFunction,matd3_unified_comparable_v4,E2,-0.0,1907,14.394457422498709,1.0,0.13978055380890367,0.0,8759
6,2.0,1.0,0.6666666666666666,0.0,Building_1,0,MATD3,0.777534008026123,False,0.0,0.0,0.0,0.5324955582618713,14,0,0.0,0.0,-0.0,122640,-0.0,0.0,-0.6791778206825256,0.0,0.0,0.0,0.0,64,3.245630868595656,1.0,0.24514785259088967,0.0,0.0,0.0,-0.5615213513374329,CityLearnV3MADRLRewardFunction,matd3_unified_comparable_v4,E2,-0.0,1907,14.072392759788851,1.0,0.1516456036751784,0.0,7
8,2.23606797749979,1.0,0.375,-1.0,Building_2,1,MATD3,0.777534008026123,False,0.0,0.0,0.0,0.5324955582618713,14,0,0.0,0.0,-0.0,122640,-0.0,0.0,-0.4200192391872406,0.0,0.0,0.0,0.0,78,3.3427166841051044,1.0,0.20104252404939288,0.0,0.0,0.0,-0.5615213513374329,CityLearnV3MADRLRewardFunction,matd3_unified_comparable_v4,E2,-0.0,1907,14.072392759788851,1.0,0.1516456036751784,0.0,7
10,2.6457513110645907,1.0,0.3,-1.0,Building_3,2,MATD3,0.777534008026123,False,0.0,0.0,0.0,0.5324955582618713,14,0,0.0,0.0,-0.0,122640,-0.0,0.0,-0.6813547015190125,0.0,0.0,0.0,0.0,92,3.8000367536881874,1.0,0.2238633643289137,0.0,0.0,0.0,-0.5615213513374329,CityLearnV3MADRLRewardFunction,matd3_unified_comparable_v4,E2,-0.0,1907,14.072392759788851,1.0,0.1516456036751784,0.0,7
8,2.23606797749979,1.0,0.125,-1.0,Building_4,3,MATD3,0.777534008026123,False,0.0,0.0,0.0,0.5324955582618713,14,0,0.0,0.0,-0.0,122640,-0.0,0.0,-0.6244434118270874,0.0,0.0,0.0,0.0,78,3.094278158556004,1.0,0.18596666183274907,0.0,0.0,0.0,-0.5615213513374329,CityLearnV3MADRLRewardFunction,matd3_unified_comparable_v4,E2,-0.0,1907,14.072392759788851,1.0,0.1516456036751784,0.0,7
5,1.7320508075688772,1.0,0.2,-1.0,Building_5,4,MATD3,0.777534008026123,False,0.0,0.0,0.0,0.5324955582618713,14,0,0.0,0.0,-0.0,122640,-0.0,0.0,-0.6742032766342163,0.0,0.0,0.0,0.0,57,3.4375674638930773,1.0,0.30971395343607455,0.0,0.0,0.0,-0.5615213513374329,CityLearnV3MADRLRewardFunction,matd3_unified_comparable_v4,E2,-0.0,1907,14.072392759788851,1.0,0.1516456036751784,0.0,7
34,4.358898943540674,1.0,0.38235294117647056,-1.0,Building_6,5,MATD3,0.777534008026123,False,0.0,0.0,0.0,0.5324955582618713,14,0,0.0,0.0,-0.0,122640,-0.0,0.0,-0.6762533187866211,0.0,0.0,0.0,0.0,260,3.077430332389422,1.0,0.055458724359050394,0.0,0.0,0.0,-0.5615213513374329,CityLearnV3MADRLRewardFunction,matd3_unified_comparable_v4,E2,-0.0,1907,14.072392759788851,1.0,0.1516456036751784,0.0,7
44,4.719969809783357,1.0,0.4665310477668589,-1.0,Building_7,6,MATD3,0.777534008026123,False,0.0,0.0,0.0,0.5324955582618713,14,0,0.0,0.0,-0.0,122640,-0.0,0.0,-0.4216252565383911,0.0,0.0,0.0,0.0,330,3.1742716557764554,1.0,0.04488641942823023,0.0,0.0,0.0,-0.5615213513374329,CityLearnV3MADRLRewardFunction,matd3_unified_comparable_v4,E2,-0.0,1907,14.072392759788851,1.0,0.1516456036751784,0.0,7
19,3.0,1.0,0.05263157894736842,-1.0,Building_8,7,MATD3,0.777534008026123,False,0.0,0.0,0.0,0.5324955582618713,14,0,0.0,0.0,-0.0,122640,-0.0,0.0,-0.4206406772136688,0.0,0.0,0.0,0.0,155,3.191154419709635,1.0,0.09593120953368564,0.0,0.0,0.0,-0.5615213513374329,CityLearnV3MADRLRewardFunction,matd3_unified_comparable_v4,E2,-0.0,1907,14.072392759788851,1.0,0.1516456036751784,0.0,7
12,2.0,1.0,0.16666666666666666,-1.0,Building_9,8,MATD3,0.777534008026123,False,0.0,0.0,0.0,0.5324955582618713,14,0,0.0,0.0,-0.0,122640,-0.0,0.0,-0.4624682068824768,0.0,0.0,0.0,0.0,106,3.2215287964353894,1.0,0.1454650667004006,0.0,0.0,0.0,-0.5615213513374329,CityLearnV3MADRLRewardFunction,matd3_unified_comparable_v4,E2,-0.0,1907,14.072392759788851,1.0,0.1516456036751784,0.0,7
8,2.6457513110645907,1.0,0.375,-1.0,Building_10,9,MATD3,0.777534008026123,False,0.0,0.0,0.0,0.5324955582618713,14,0,0.0,0.0,-0.0,122640,-0.0,0.0,-0.49252715706825256,0.0,0.0,0.0,0.0,78,3.294164948797228,1.0,0.19875036294643694,0.0,0.0,0.0,-0.5615213513374329,CityLearnV3MADRLRewardFunction,matd3_unified_comparable_v4,E2,-0.0,1907,14.072392759788851,1.0,0.1516456036751784,0.0,7
5,2.0,1.0,0.4,-1.0,Building_11,10,MATD3,0.777534008026123,False,0.0,0.0,0.0,0.5324955582618713,14,0,0.0,0.0,-0.0,122640,-0.0,0.0,-0.6847213506698608,0.0,0.0,0.0,0.0,57,3.81382855479248,1.0,0.36933058436567845,0.0,0.0,0.0,-0.5615213513374329,CityLearnV3MADRLRewardFunction,matd3_unified_comparable_v4,E2,-0.0,1907,14.072392759788851,1.0,0.1516456036751784,0.0,7
5,2.0,1.0,0.4,-1.0,Building_12,11,MATD3,0.777534008026123,False,0.0,0.0,0.0,0.5324955582618713,14,0,0.0,0.0,-0.0,122640,-0.0,0.0,-0.6682669520378113,0.0,0.0,0.0,0.0,57,4.066886249689645,1.0,0.4172500083222985,0.0,0.0,0.0,-0.5615213513374329,CityLearnV3MADRLRewardFunction,matd3_unified_comparable_v4,E2,-0.0,1907,14.072392759788851,1.0,0.1516456036751784,0.0,7
13,2.8284271247461903,1.0,0.6153846153846154,0.0,Building_13,12,MATD3,0.777534008026123,False,0.0,0.0,0.0,0.5324955582618713,14,0,0.0,0.0,-0.0,122640,-0.0,0.0,-0.4208974242210388,0.0,0.0,0.0,0.0,113,3.3264897538477123,1.0,0.1382677725936591,0.0,0.0,0.0,-0.5615213513374329,CityLearnV3MADRLRewardFunction,matd3_unified_comparable_v4,E2,-0.0,1907,14.072392759788851,1.0,0.1516456036751784,0.0,7
6,2.23606797749979,1.0,0.16666666666666666,-1.0,Building_14,13,MATD3,0.777534008026123,False,0.0,0.0,0.0,0.5324955582618713,14,0,0.0,0.0,-0.0,122640,-0.0,0.0,-0.5382625460624695,0.0,0.0,0.0,0.0,64,4.135155292706813,1.0,0.38439444174582604,0.0,0.0,0.0,-0.5615213513374329,CityLearnV3MADRLRewardFunction,matd3_unified_comparable_v4,E2,-0.0,1907,14.072392759788851,1.0,0.1516456036751784,0.0,7
10,2.6457513110645907,1.0,0.3,-1.0,Building_15,14,MATD3,0.777534008026123,False,0.0,0.0,0.0,0.5324955582618713,14,0,0.0,0.0,-0.0,122640,-0.0,0.0,-0.4342714250087738,0.0,0.0,0.0,0.0,92,3.194028875361301,1.0,0.16221473026899216,0.0,0.0,0.0,-0.5615213513374329,CityLearnV3MADRLRewardFunction,matd3_unified_comparable_v4,E2,-0.0,1907,14.072392759788851,1.0,0.1516456036751784,0.0,7
13,2.449489742783178,1.0,0.3076923076923077,-1.0,Building_16,15,MATD3,0.777534008026123,False,0.0,0.0,0.0,0.5324955582618713,14,0,0.0,0.0,-0.0,122640,-0.0,0.0,-0.6232197284698486,0.0,0.0,0.0,0.0,113,3.117140992335551,1.0,0.12927561135451615,0.0,0.0,0.0,-0.5615213513374329,CityLearnV3MADRLRewardFunction,matd3_unified_comparable_v4,E2,-0.0,1907,14.072392759788851,1.0,0.1516456036751784,0.0,7
13,2.449489742783178,1.0,0.15384615384615385,-1.0,Building_17,16,MATD3,0.777534008026123,False,0.0,0.0,0.0,0.5324955582618713,14,0,0.0,0.0,-0.0,122640,-0.0,0.0,-0.6235111951828003,0.0,0.0,0.0,0.0,113,3.2194033398212305,1.0,0.13670280576576438,0.0,0.0,0.0,-0.5615213513374329,CityLearnV3MADRLRewardFunction,matd3_unified_comparable_v4,E2,-0.0,1907,14.072392759788851,1.0,0.1516456036751784,0.0,7
6,2.0,1.0,0.6666666666666666,0.0,Building_1,0,MATD3,0.7900000214576721,True,-2.591028533061035e-05,0.0,0.0,0.5324955582618713,14,8752,0.0,0.0,-0.0,131392,0.0,391.5866394042969,-0.7388964891433716,208.5181427001953,309.35345458984375,391.5866394042969,391.586669921875,64,3.436595653999613,1.0,0.23313685692846775,0.0,0.0,0.0,-0.6341236233711243,CityLearnV3MADRLRewardFunction,matd3_unified_comparable_v4,E2,-0.0,1907,14.00340314561748,1.0,0.13091020030567768,0.0,8759
8,2.23606797749979,1.0,0.375,-1.0,Building_2,1,MATD3,0.7900000214576721,True,-7.45059693940675e-08,0.0,0.0,0.5324955582618713,14,8752,0.0,0.0,-0.0,131392,0.0,0.18486037850379944,-0.48164403438568115,0.09843733161687851,0.1460397094488144,0.18486037850379944,0.1848604530096054,78,3.520597752596835,1.0,0.19391298790772757,0.0,0.0,0.0,-0.6341236233711243,CityLearnV3MADRLRewardFunction,matd3_unified_comparable_v4,E2,-0.0,1907,14.00340314561748,1.0,0.13091020030567768,0.0,8759
10,2.6457513110645907,1.0,0.3,-1.0,Building_3,2,MATD3,0.7900000214576721,True,0.0,0.0,0.0,0.5324955582618713,14,8752,0.0,0.0,-0.0,131392,0.0,39.0087890625,-0.7225374579429626,20.77200698852539,30.816944122314453,39.0087890625,39.0087890625,92,3.2643349760543376,1.0,0.15071380041215732,0.0,0.0,0.0,-0.6341236233711243,CityLearnV3MADRLRewardFunction,matd3_unified_comparable_v4,E2,-0.0,1907,14.00340314561748,1.0,0.13091020030567768,0.0,8759
8,2.23606797749979,1.0,0.125,-1.0,Building_4,3,MATD3,0.7900000214576721,True,0.0,0.0,0.0,0.5324955582618713,14,8752,0.0,0.0,-0.0,131392,0.0,36.67196273803711,-0.7195426225662231,19.52765655517578,28.97085189819336,36.67196273803711,36.67196273803711,78,3.2650679327162457,1.0,0.1776794059536396,0.0,0.0,0.0,-0.6341236233711243,CityLearnV3MADRLRewardFunction,matd3_unified_comparable_v4,E2,-0.0,1907,14.00340314561748,1.0,0.13091020030567768,0.0,8759
5,1.7320508075688772,1.0,0.2,-1.0,Building_5,4,MATD3,0.7900000214576721,True,0.0,0.0,0.0,0.5324955582618713,14,8752,0.0,0.0,-0.0,131392,0.0,60.26204299926758,-0.8005566596984863,32.089271545410156,47.60701370239258,60.26204299926758,54.225337982177734,57,3.569266383478027,1.0,0.29216772161032023,0.0,0.0,0.0,-0.6341236233711243,CityLearnV3MADRLRewardFunction,matd3_unified_comparable_v4,E2,-0.0,1907,14.00340314561748,1.0,0.13091020030567768,0.0,8759
34,4.358898943540674,1.0,0.38235294117647056,-1.0,Building_6,5,MATD3,0.7900000214576721,True,0.0,0.0,0.0,0.5324955582618713,14,8752,0.0,0.0,-0.0,131392,0.0,348.8946838378906,-0.7375227212905884,185.7848663330078,275.6268005371094,348.8946838378906,348.8946838378906,260,3.2554705069875767,1.0,0.05311486892975294,0.0,0.0,0.0,-0.6341236233711243,CityLearnV3MADRLRewardFunction,matd3_unified_comparable_v4,E2,-0.0,1907,14.00340314561748,1.0,0.13091020030567768,0.0,8759
44,4.795831523312719,1.0,0.4318181818181818,-1.0,Building_7,6,MATD3,0.7900000214576721,True,0.0,0.0,0.0,0.5324955582618713,14,8752,0.0,0.0,-0.0,131392,0.0,2.9800853729248047,-0.5152494311332703,1.58688223361969,2.3542675971984863,2.9800853729248047,2.9800853729248047,330,3.362323585222599,1.0,0.04331309124827385,0.0,0.0,0.0,-0.6341236233711243,CityLearnV3MADRLRewardFunction,matd3_unified_comparable_v4,E2,-0.0,1907,14.00340314561748,1.0,0.13091020030567768,0.0,8759
19,3.0,1.0,0.05263157894736842,-1.0,Building_8,7,MATD3,0.7900000214576721,True,0.0,0.0,0.0,0.5324955582618713,14,8752,0.0,0.0,-0.0,131392,0.0,6.19936990737915,-0.5523836612701416,3.3011369705200195,4.897502422332764,6.19936990737915,6.19936990737915,155,3.3962261274741334,1.0,0.09467931918559536,0.0,0.0,0.0,-0.6341236233711243,CityLearnV3MADRLRewardFunction,matd3_unified_comparable_v4,E2,-0.0,1907,14.00340314561748,1.0,0.13091020030567768,0.0,8759
12,2.0,1.0,0.16666666666666666,-1.0,Building_9,8,MATD3,0.7900000214576721,True,0.0,0.0,0.0,0.5324955582618713,14,8752,0.0,0.0,-0.0,131392,0.0,2.1350696086883545,-0.4877806603908539,1.1369150876998901,1.6867049932479858,2.1350696086883545,2.1350696086883545,106,3.5815197403337824,1.0,0.15437126440821952,0.0,0.0,0.0,-0.6341236233711243,CityLearnV3MADRLRewardFunction,matd3_unified_comparable_v4,E2,-0.0,1907,14.00340314561748,1.0,0.13091020030567768,0.0,8759
8,2.6457513110645907,1.0,0.375,-1.0,Building_10,9,MATD3,0.7900000214576721,True,4.05476112064207e-06,0.0,0.0,0.5324955582618713,14,8752,0.0,0.0,-0.0,131392,0.0,16.451885223388672,-0.6468303203582764,8.7605562210083,12.996989250183105,16.451885223388672,16.451881408691406,78,3.473783397409411,1.0,0.19227790861175612,0.0,0.0,0.0,-0.6341236233711243,CityLearnV3MADRLRewardFunction,matd3_unified_comparable_v4,E2,-0.0,1907,14.00340314561748,1.0,0.13091020030567768,0.0,8759
5,2.0,1.0,0.4,-1.0,Building_11,10,MATD3,0.7900000214576721,True,0.0,0.0,0.0,0.5324955582618713,14,8752,0.0,0.0,-0.0,131392,0.0,66.45198059082031,-0.7342050075531006,35.38538360595703,52.497066497802734,66.45198059082031,66.45198059082031,57,3.3370684326624835,1.0,0.24824231287889315,0.0,0.0,0.0,-0.6341236233711243,CityLearnV3MADRLRewardFunction,matd3_unified_comparable_v4,E2,-0.0,1907,14.00340314561748,1.0,0.13091020030567768,0.0,8759
5,2.0,1.0,0.4,-1.0,Building_12,11,MATD3,0.7900000214576721,True,0.0,0.0,0.0,0.5324955582618713,14,8752,0.0,0.0,-0.0,131392,0.0,155.388671875,-0.7360612750053406,82.7437744140625,122.7570571899414,155.388671875,155.388671875,57,3.2986450553893563,1.0,0.24877953738497013,0.0,0.0,0.0,-0.6341236233711243,CityLearnV3MADRLRewardFunction,matd3_unified_comparable_v4,E2,-0.0,1907,14.00340314561748,1.0,0.13091020030567768,0.0,8759
13,2.8284271247461903,1.0,0.6153846153846154,0.0,Building_13,12,MATD3,0.7900000214576721,True,-3.940150236303452e-06,0.0,0.0,0.5324955582618713,14,8752,0.0,0.0,-0.0,131392,0.0,0.10476967692375183,-0.4806705117225647,0.055789388716220856,0.0827680453658104,0.10476967692375183,0.1047736182808876,113,3.5034903058070705,1.0,0.13320528907058513,0.0,0.0,0.0,-0.6341236233711243,CityLearnV3MADRLRewardFunction,matd3_unified_comparable_v4,E2,-0.0,1907,14.00340314561748,1.0,0.13091020030567768,0.0,8759
6,2.23606797749979,1.0,0.16666666666666666,-1.0,Building_14,13,MATD3,0.7900000214576721,True,0.0,0.0,0.0,0.5324955582618713,14,8752,0.0,0.0,-0.0,131392,0.0,1.3521205186843872,-0.49574971199035645,0.7199981808662415,1.068175196647644,1.3521205186843872,1.3521205186843872,64,3.3627989173264545,1.0,0.22267394256778061,0.0,0.0,0.0,-0.6341236233711243,CityLearnV3MADRLRewardFunction,matd3_unified_comparable_v4,E2,-0.0,1907,14.00340314561748,1.0,0.13091020030567768,0.0,8759
10,2.6457513110645907,1.0,0.3,-1.0,Building_15,14,MATD3,0.7900000214576721,True,0.0,0.0,0.0,0.5324955582618713,14,8752,0.0,0.0,-0.0,131392,0.0,15.147623062133789,-0.6366702914237976,8.066041946411133,11.966622352600098,15.147623062133789,15.147623062133789,92,3.4062206102198083,1.0,0.16028831105517305,0.0,0.0,0.0,-0.6341236233711243,CityLearnV3MADRLRewardFunction,matd3_unified_comparable_v4,E2,-0.0,1907,14.00340314561748,1.0,0.13091020030567768,0.0,8759
13,2.449489742783178,1.0,0.3076923076923077,-1.0,Building_16,15,MATD3,0.7900000214576721,True,0.0,0.0,0.0,0.5324955582618713,14,8752,0.0,0.0,-0.0,131392,0.0,11.957420349121094,-0.61044842004776,6.367273330688477,9.446362495422363,11.957420349121094,11.957420349121094,113,3.329471900994795,1.0,0.1249398920124611,0.0,0.0,0.0,-0.6341236233711243,CityLearnV3MADRLRewardFunction,matd3_unified_comparable_v4,E2,-0.0,1907,14.00340314561748,1.0,0.13091020030567768,0.0,8759
13,2.449489742783178,1.0,0.15384615384615385,-1.0,Building_17,16,MATD3,0.7900000214576721,True,0.0,0.0,0.0,0.5324955582618713,14,8752,0.0,0.0,-0.0,131392,0.0,23.087642669677734,-0.6833521127700806,12.2940673828125,18.239238739013672,23.087642669677734,23.087642669677734,113,3.3488064918118936,1.0,0.129059622773027,0.0,0.0,0.0,-0.6341236233711243,CityLearnV3MADRLRewardFunction,matd3_unified_comparable_v4,E2,-0.0,1907,14.00340314561748,1.0,0.13091020030567768,0.0,8759
6,2.0,1.0,0.6666666666666666,0.0,Building_1,0,MATD3,0.7393829822540283,False,0.0,0.0,0.0,0.5324955582618713,15,0,0.0,0.0,-0.0,131400,-0.0,0.0,-0.8260901570320129,0.0,0.0,0.0,0.0,64,3.421020082434524,0.9999988675117493,0.27440055925399065,0.0,0.0,0.0,-0.7602874636650085,CityLearnV3MADRLRewardFunction,matd3_unified_comparable_v4,E2,-0.0,1907,14.857202266723403,1.0,0.17106861041934002,0.0,8
8,2.23606797749979,1.0,0.375,-1.0,Building_2,1,MATD3,0.7393829822540283,False,0.0,0.0,0.0,0.5324955582618713,15,0,0.0,0.0,-0.0,131400,-0.0,0.0,-0.6157072186470032,0.0,0.0,0.0,0.0,78,3.446447693189978,0.999998927116394,0.22119345406118113,0.0,0.0,0.0,-0.7602874636650085,CityLearnV3MADRLRewardFunction,matd3_unified_comparable_v4,E2,-0.0,1907,14.857202266723403,1.0,0.17106861041934002,0.0,8
10,2.6457513110645907,1.0,0.3,-1.0,Building_3,2,MATD3,0.7393829822540283,False,0.0,0.0,0.0,0.5324955582618713,15,0,0.0,0.0,-0.0,131400,-0.0,0.0,-0.825103223323822,0.0,0.0,0.0,0.0,92,4.320831279092004,1.0,0.29019276935445226,0.0,0.0,0.0,-0.7602874636650085,CityLearnV3MADRLRewardFunction,matd3_unified_comparable_v4,E2,-0.0,1907,14.857202266723403,1.0,0.17106861041934002,0.0,8
8,2.23606797749979,1.0,0.125,-1.0,Building_4,3,MATD3,0.7393829822540283,False,0.0,0.0,0.0,0.5324955582618713,15,0,0.0,0.0,-0.0,131400,-0.0,0.0,-0.807720422744751,0.0,0.0,0.0,0.0,78,3.2930017350046548,0.9330127239227295,0.21162938269285056,0.0,0.0,0.0,-0.7602874636650085,CityLearnV3MADRLRewardFunction,matd3_unified_comparable_v4,E2,-0.0,1907,14.857202266723403,1.0,0.17106861041934002,0.0,8
5,1.7320508075688772,1.0,0.2,-1.0,Building_5,4,MATD3,0.7393829822540283,False,0.0,0.0,0.0,0.5324955582618713,15,0,0.0,0.0,-0.0,131400,-0.0,0.0,-0.8175135254859924,0.0,0.0,0.0,0.0,57,3.64231218622901,1.0,0.3468111035855193,0.0,0.0,0.0,-0.7602874636650085,CityLearnV3MADRLRewardFunction,matd3_unified_comparable_v4,E2,-0.0,1907,14.857202266723403,1.0,0.17106861041934002,0.0,8
34,4.358898943540674,1.0,0.38235294117647056,-1.0,Building_6,5,MATD3,0.7393829822540283,False,0.0,0.0,0.0,0.5324955582618713,15,0,0.0,0.0,-0.0,131400,-0.0,0.0,-0.8249328136444092,0.0,0.0,0.0,0.0,260,3.2859498779621887,0.9330127239227295,0.06406619514410312,0.0,0.0,0.0,-0.7602874636650085,CityLearnV3MADRLRewardFunction,matd3_unified_comparable_v4,E2,-0.0,1907,14.857202266723403,1.0,0.17106861041934002,0.0,8
44,4.795831523312719,1.0,0.4318181818181818,-1.0,Building_7,6,MATD3,0.7393829822540283,False,0.0,0.0,0.0,0.5324955582618713,15,0,0.0,0.0,-0.0,131400,-0.0,0.0,-0.7141070365905762,0.0,0.0,0.0,0.0,330,3.282846689442219,0.9330127239227295,0.049527772041884334,0.0,0.0,0.0,-0.7602874636650085,CityLearnV3MADRLRewardFunction,matd3_unified_comparable_v4,E2,-0.0,1907,14.857202266723403,1.0,0.17106861041934002,0.0,8
19,3.0,1.0,0.05263157894736842,-1.0,Building_8,7,MATD3,0.7393829822540283,False,0.0,0.0,0.0,0.5324955582618713,15,0,0.0,0.0,-0.0,131400,-0.0,0.0,-0.7108947038650513,0.0,0.0,0.0,0.0,155,3.2973989108216664,0.9497137069702148,0.10576419234275818,0.0,0.0,0.0,-0.7602874636650085,CityLearnV3MADRLRewardFunction,matd3_unified_comparable_v4,E2,-0.0,1907,14.857202266723403,1.0,0.17106861041934002,0.0,8
12,2.0,1.0,0.16666666666666666,-1.0,Building_9,8,MATD3,0.7393829822540283,False,0.0,0.0,0.0,0.5324955582618713,15,0,0.0,0.0,-0.0,131400,-0.0,0.0,-0.6289594769477844,0.0,0.0,0.0,0.0,106,3.4355258114015377,0.978480339050293,0.1655256595673426,0.0,0.0,0.0,-0.7602874636650085,CityLearnV3MADRLRewardFunction,matd3_unified_comparable_v4,E2,-0.0,1907,14.857202266723403,1.0,0.17106861041934002,0.0,8
8,2.6457513110645907,1.0,0.375,-1.0,Building_10,9,MATD3,0.7393829822540283,False,0.0,0.0,0.0,0.5324955582618713,15,0,0.0,0.0,-0.0,131400,-0.0,0.0,-0.8255093097686768,0.0,0.0,0.0,0.0,78,3.4206352099095714,0.9999988675117493,0.224617916230972,0.0,0.0,0.0,-0.7602874636650085,CityLearnV3MADRLRewardFunction,matd3_unified_comparable_v4,E2,-0.0,1907,14.857202266723403,1.0,0.17106861041934002,0.0,8
5,2.0,1.0,0.4,-1.0,Building_11,10,MATD3,0.7393829822540283,False,0.0,0.0,0.0,0.5324955582618713,15,0,0.0,0.0,-0.0,131400,-0.0,0.0,-0.8281819820404053,0.0,0.0,0.0,0.0,57,3.9888294759503244,1.0,0.40750608763151003,0.0,0.0,0.0,-0.7602874636650085,CityLearnV3MADRLRewardFunction,matd3_unified_comparable_v4,E2,-0.0,1907,14.857202266723403,1.0,0.17106861041934002,0.0,8
5,2.0,1.0,0.4,-1.0,Building_12,11,MATD3,0.7393829822540283,False,0.0,0.0,0.0,0.5324955582618713,15,0,0.0,0.0,-0.0,131400,-0.0,0.0,-0.8532576560974121,0.0,0.0,0.0,0.0,57,4.308211905804399,1.0,0.4606831980901852,0.0,0.0,0.0,-0.7602874636650085,CityLearnV3MADRLRewardFunction,matd3_unified_comparable_v4,E2,-0.0,1907,14.857202266723403,1.0,0.17106861041934002,0.0,8
13,2.8284271247461903,1.0,0.6153846153846154,0.0,Building_13,12,MATD3,0.7393829822540283,False,0.0,0.0,0.0,0.5324955582618713,15,0,0.0,0.0,-0.0,131400,-0.0,0.0,-0.6552408933639526,0.0,0.0,0.0,0.0,113,3.454910344737632,0.9999988675117493,0.15538712004117206,0.0,0.0,0.0,-0.7602874636650085,CityLearnV3MADRLRewardFunction,matd3_unified_comparable_v4,E2,-0.0,1907,14.857202266723403,1.0,0.17106861041934002,0.0,8
6,2.23606797749979,1.0,0.16666666666666666,-1.0,Building_14,13,MATD3,0.7393829822540283,False,0.0,0.0,0.0,0.5324955582618713,15,0,0.0,0.0,-0.0,131400,-0.0,0.0,-0.6271869540214539,0.0,0.0,0.0,0.0,64,4.333865487284628,1.0,0.4154121719766408,0.0,0.0,0.0,-0.7602874636650085,CityLearnV3MADRLRewardFunction,matd3_unified_comparable_v4,E2,-0.0,1907,14.857202266723403,1.0,0.17106861041934002,0.0,8
10,2.6457513110645907,1.0,0.3,-1.0,Building_15,14,MATD3,0.7393829822540283,False,0.0,0.0,0.0,0.5324955582618713,15,0,0.0,0.0,-0.0,131400,-0.0,0.0,-0.7430970072746277,0.0,0.0,0.0,0.0,92,3.305745730788793,0.9581499099731445,0.18040293536108473,0.0,0.0,0.0,-0.7602874636650085,CityLearnV3MADRLRewardFunction,matd3_unified_comparable_v4,E2,-0.0,1907,14.857202266723403,1.0,0.17106861041934002,0.0,8
13,2.449489742783178,1.0,0.3076923076923077,-1.0,Building_16,15,MATD3,0.7393829822540283,False,0.0,0.0,0.0,0.5324955582618713,15,0,0.0,0.0,-0.0,131400,-0.0,0.0,-0.8219960331916809,0.0,0.0,0.0,0.0,113,3.274159137233303,0.9330127239227295,0.14482825321961293,0.0,0.0,0.0,-0.7602874636650085,CityLearnV3MADRLRewardFunction,matd3_unified_comparable_v4,E2,-0.0,1907,14.857202266723403,1.0,0.17106861041934002,0.0,8
13,2.449489742783178,1.0,0.15384615384615385,-1.0,Building_17,16,MATD3,0.7393829822540283,False,0.0,0.0,0.0,0.5324955582618713,15,0,0.0,0.0,-0.0,131400,-0.0,0.0,-0.7993881702423096,0.0,0.0,0.0,0.0,113,3.403807778764571,0.9330127239227295,0.1538472309444858,0.0,0.0,0.0,-0.7602874636650085,CityLearnV3MADRLRewardFunction,matd3_unified_comparable_v4,E2,-0.0,1907,14.857202266723403,1.0,0.17106861041934002,0.0,8
6,2.0,1.0,0.6666666666666666,0.0,Building_1,0,MATD3,0.7900000214576721,True,-2.591028533061035e-05,0.0,0.0,0.5324955582618713,15,8751,0.0,0.0,-0.0,140151,0.0,433.4545593261719,-0.820915162563324,230.8126220703125,342.4291076660156,433.4545593261719,433.45458984375,64,3.3346950690998187,1.0,0.22409327677451074,0.0,0.0,0.0,-0.7508116364479065,CityLearnV3MADRLRewardFunction,matd3_unified_comparable_v4,E2,-0.0,1907,13.699003087100168,1.0,0.12678705306072227,0.0,8759
8,2.23606797749979,1.0,0.375,-1.0,Building_2,1,MATD3,0.7900000214576721,True,-7.45059693940675e-08,0.0,0.0,0.5324955582618713,15,8751,0.0,0.0,-0.0,140151,0.0,15.16435432434082,-0.7194868922233582,8.074951171875,11.979840278625488,15.16435432434082,15.16435432434082,78,3.4503282414222163,1.0,0.19114438100503042,0.0,0.0,0.0,-0.7508116364479065,CityLearnV3MADRLRewardFunction,matd3_unified_comparable_v4,E2,-0.0,1907,13.699003087100168,1.0,0.12678705306072227,0.0,8759
10,2.8284271247461903,1.0,0.4,-1.0,Building_3,2,MATD3,0.7900000214576721,True,0.0,0.0,0.0,0.5324955582618713,15,8751,0.0,0.0,-0.0,140151,0.0,94.53981018066406,-0.8173937797546387,50.3420295715332,74.68645477294922,94.53981018066406,94.53981018066406,92,3.204969290194373,1.0,0.14604751976287883,0.0,0.0,0.0,-0.7508116364479065,CityLearnV3MADRLRewardFunction,matd3_unified_comparable_v4,E2,-0.0,1907,13.699003087100168,1.0,0.12678705306072227,0.0,8759
8,2.23606797749979,1.0,0.125,-1.0,Building_4,3,MATD3,0.7900000214576721,True,0.0,0.0,0.0,0.5324955582618713,15,8751,0.0,0.0,-0.0,140151,0.0,31.04317283630371,-0.7912746071815491,16.530351638793945,24.524106979370117,31.04317283630371,31.04317283630371,78,3.1916766443122158,1.0,0.17149378894231257,0.0,0.0,0.0,-0.7508116364479065,CityLearnV3MADRLRewardFunction,matd3_unified_comparable_v4,E2,-0.0,1907,13.699003087100168,1.0,0.12678705306072227,0.0,8759
5,1.7320508075688772,1.0,0.2,-1.0,Building_5,4,MATD3,0.7900000214576721,True,0.0,0.0,0.0,0.5324955582618713,15,8751,0.0,0.0,-0.0,140151,0.0,44.57567596435547,-0.8767541646957397,23.73634910583496,35.21478271484375,44.57567596435547,38.538970947265625,57,3.52707183687306,1.0,0.28582403926472916,0.0,0.0,0.0,-0.7508116364479065,CityLearnV3MADRLRewardFunction,matd3_unified_comparable_v4,E2,-0.0,1907,13.699003087100168,1.0,0.12678705306072227,0.0,8759
34,4.358898943540674,1.0,0.38235294117647056,-1.0,Building_6,5,MATD3,0.7900000214576721,True,0.0,0.0,0.0,0.5324955582618713,15,8751,0.0,0.0,-0.0,140151,0.0,362.8901062011719,-0.8196191787719727,193.23736572265625,286.6831970214844,362.8901062011719,362.8901062011719,260,3.184578026920365,1.0,0.05131137789441989,0.0,0.0,0.0,-0.7508116364479065,CityLearnV3MADRLRewardFunction,matd3_unified_comparable_v4,E2,-0.0,1907,13.699003087100168,1.0,0.12678705306072227,0.0,8759
44,4.69041575982343,1.0,0.4090909090909091,-1.0,Building_7,6,MATD3,0.7900000214576721,True,0.0,0.0,0.0,0.5324955582618713,15,8751,0.0,0.0,-0.0,140151,0.0,12.664111137390137,-0.698661744594574,6.743582725524902,10.004648208618164,12.664111137390137,12.664111137390137,330,3.268482945333741,1.0,0.041809449570648596,0.0,0.0,0.0,-0.7508116364479065,CityLearnV3MADRLRewardFunction,matd3_unified_comparable_v4,E2,-0.0,1907,13.699003087100168,1.0,0.12678705306072227,0.0,8759
19,3.0,1.0,0.05263157894736842,-1.0,Building_8,7,MATD3,0.7900000214576721,True,0.0,0.0,0.0,0.5324955582618713,15,8751,0.0,0.0,-0.0,140151,0.0,12.065996170043945,-0.6934327483177185,6.425089359283447,9.532136917114258,12.065996170043945,12.065996170043945,155,3.327079593304185,1.0,0.09201990635164323,0.0,0.0,0.0,-0.7508116364479065,CityLearnV3MADRLRewardFunction,matd3_unified_comparable_v4,E2,-0.0,1907,13.699003087100168,1.0,0.12678705306072227,0.0,8759
12,2.449489742783178,1.0,0.3333333333333333,-1.0,Building_9,8,MATD3,0.7900000214576721,True,0.0,0.0,0.0,0.5324955582618713,15,8751,0.0,0.0,-0.0,140151,0.0,2.290161371231079,-0.5716567635536194,1.2195007801055908,1.8092275857925415,2.290161371231079,2.290161371231079,106,3.524763688463799,1.0,0.1502447155005527,0.0,0.0,0.0,-0.7508116364479065,CityLearnV3MADRLRewardFunction,matd3_unified_comparable_v4,E2,-0.0,1907,13.699003087100168,1.0,0.12678705306072227,0.0,8759
8,2.6457513110645907,1.0,0.375,-1.0,Building_10,9,MATD3,0.7900000214576721,True,4.05476112064207e-06,0.0,0.0,0.5324955582618713,15,8751,0.0,0.0,-0.0,140151,0.0,51.64957809448242,-0.8152022957801819,27.503170013427734,40.80316925048828,51.64957809448242,51.649574279785156,78,3.3900668691069975,1.0,0.18648767337585107,0.0,0.0,0.0,-0.7508116364479065,CityLearnV3MADRLRewardFunction,matd3_unified_comparable_v4,E2,-0.0,1907,13.699003087100168,1.0,0.12678705306072227,0.0,8759
5,2.0,1.0,0.4,-1.0,Building_11,10,MATD3,0.7900000214576721,True,0.0,0.0,0.0,0.5324955582618713,15,8751,0.0,0.0,-0.0,140151,0.0,71.54803466796875,-0.8166357278823853,38.0990104675293,56.52294921875,71.54803466796875,71.54803466796875,57,3.2529987469196797,1.0,0.239674755421124,0.0,0.0,0.0,-0.7508116364479065,CityLearnV3MADRLRewardFunction,matd3_unified_comparable_v4,E2,-0.0,1907,13.699003087100168,1.0,0.12678705306072227,0.0,8759
5,2.0,1.0,0.4,-1.0,Building_12,11,MATD3,0.7900000214576721,True,0.0,0.0,0.0,0.5324955582618713,15,8751,0.0,0.0,-0.0,140151,0.0,215.11593627929688,-0.8186253905296326,114.54827880859375,169.94158935546875,215.11593627929688,215.11593627929688,57,3.2199753522224124,1.0,0.24075160789908023,0.0,0.0,0.0,-0.7508116364479065,CityLearnV3MADRLRewardFunction,matd3_unified_comparable_v4,E2,-0.0,1907,13.699003087100168,1.0,0.12678705306072227,0.0,8759
13,2.6457513110645907,1.0,0.5384615384615384,0.0,Building_13,12,MATD3,0.7900000214576721,True,-3.940150236303452e-06,0.0,0.0,0.5324955582618713,15,8751,0.0,0.0,-0.0,140151,0.0,2.0330183506011963,-0.5860520601272583,1.0825732946395874,1.6060845851898193,2.0330183506011963,2.033022403717041,113,3.4123216014469584,1.0,0.12815825298296668,0.0,0.0,0.0,-0.7508116364479065,CityLearnV3MADRLRewardFunction,matd3_unified_comparable_v4,E2,-0.0,1907,13.699003087100168,1.0,0.12678705306072227,0.0,8759
6,2.23606797749979,1.0,0.16666666666666666,-1.0,Building_14,13,MATD3,0.7900000214576721,True,0.0,0.0,0.0,0.5324955582618713,15,8751,0.0,0.0,-0.0,140151,0.0,2.6149511337280273,-0.5929228067398071,1.3924498558044434,2.0658113956451416,2.6149511337280273,2.6149511337280273,64,3.246010192556302,1.0,0.21219419362023473,0.0,0.0,0.0,-0.7508116364479065,CityLearnV3MADRLRewardFunction,matd3_unified_comparable_v4,E2,-0.0,1907,13.699003087100168,1.0,0.12678705306072227,0.0,8759
10,2.6457513110645907,1.0,0.5,-1.0,Building_15,14,MATD3,0.7900000214576721,True,4.399033514346229e-06,0.0,0.0,0.5324955582618713,15,8751,0.0,0.0,-0.0,140151,0.0,19.521484375,-0.7483354806900024,10.395103454589844,15.42197322845459,19.521484375,19.521480560302734,92,3.4762038918359566,1.0,0.16418760415652525,0.0,0.0,0.0,-0.7508116364479065,CityLearnV3MADRLRewardFunction,matd3_unified_comparable_v4,E2,-0.0,1907,13.699003087100168,1.0,0.12678705306072227,0.0,8759
13,2.23606797749979,1.0,0.23076923076923078,-1.0,Building_16,15,MATD3,0.7900000214576721,True,0.0,0.0,0.0,0.5324955582618713,15,8751,0.0,0.0,-0.0,140151,0.0,54.89390563964844,-0.8142498731613159,29.23076057434082,43.366188049316406,54.89390563964844,54.89390563964844,113,3.2233941880861243,1.0,0.11971595718533593,0.0,0.0,0.0,-0.7508116364479065,CityLearnV3MADRLRewardFunction,matd3_unified_comparable_v4,E2,-0.0,1907,13.699003087100168,1.0,0.12678705306072227,0.0,8759
13,2.449489742783178,1.0,0.15384615384615385,-1.0,Building_17,16,MATD3,0.7900000214576721,True,0.0,0.0,0.0,0.5324955582618713,15,8751,0.0,0.0,-0.0,140151,0.0,22.46647071838379,-0.7625797986984253,11.963295936584473,17.748512268066406,22.46647071838379,22.46647071838379,113,3.212997057217479,1.0,0.11923809085799529,0.0,0.0,0.0,-0.7508116364479065,CityLearnV3MADRLRewardFunction,matd3_unified_comparable_v4,E2,-0.0,1907,13.699003087100168,1.0,0.12678705306072227,0.0,8759
6,2.0,1.0,0.6666666666666666,0.0,Building_1,0,MATD3,0.7400429844856262,False,0.0,0.0,0.0,0.5324955582618713,16,0,0.0,0.0,-0.0,140160,-0.0,0.0,-0.9019173383712769,0.0,0.0,0.0,0.0,64,3.315797769260147,1.0,0.2534783825976774,0.0,0.0,0.0,-0.8664219379425049,CityLearnV3MADRLRewardFunction,matd3_unified_comparable_v4,E2,-0.0,1907,14.636207256249076,1.0,0.1623587585833289,0.0,9
8,2.23606797749979,1.0,0.375,-1.0,Building_2,1,MATD3,0.7400429844856262,False,0.0,0.0,0.0,0.5324955582618713,16,0,0.0,0.0,-0.0,140160,-0.0,0.0,-0.8377991318702698,0.0,0.0,0.0,0.0,78,3.287632578496472,1.0,0.1981553473533728,0.0,0.0,0.0,-0.8664219379425049,CityLearnV3MADRLRewardFunction,matd3_unified_comparable_v4,E2,-0.0,1907,14.636207256249076,1.0,0.1623587585833289,0.0,9
10,2.8284271247461903,1.0,0.4,-1.0,Building_3,2,MATD3,0.7400429844856262,False,0.0,0.0,0.0,0.5324955582618713,16,0,0.0,0.0,-0.0,140160,-0.0,0.0,-0.885205864906311,0.0,0.0,0.0,0.0,92,4.447088741161283,1.0,0.2995357860851547,0.0,0.0,0.0,-0.8664219379425049,CityLearnV3MADRLRewardFunction,matd3_unified_comparable_v4,E2,-0.0,1907,14.636207256249076,1.0,0.1623587585833289,0.0,9
8,2.23606797749979,1.0,0.125,-1.0,Building_4,3,MATD3,0.7400429844856262,False,0.0,0.0,0.0,0.5324955582618713,16,0,0.0,0.0,-0.0,140160,-0.0,0.0,-0.8970227837562561,0.0,0.0,0.0,0.0,78,3.2052295375392075,1.0,0.2014573093217153,0.0,0.0,0.0,-0.8664219379425049,CityLearnV3MADRLRewardFunction,matd3_unified_comparable_v4,E2,-0.0,1907,14.636207256249076,1.0,0.1623587585833289,0.0,9
5,1.7320508075688772,1.0,0.2,-1.0,Building_5,4,MATD3,0.7400429844856262,False,0.0,0.0,0.0,0.5324955582618713,16,0,0.0,0.0,-0.0,140160,-0.0,0.0,-0.8965657353401184,0.0,0.0,0.0,0.0,57,3.4795696817381008,1.0,0.3134815873284089,0.0,0.0,0.0,-0.8664219379425049,CityLearnV3MADRLRewardFunction,matd3_unified_comparable_v4,E2,-0.0,1907,14.636207256249076,1.0,0.1623587585833289,0.0,9
34,4.358898943540674,1.0,0.38235294117647056,-1.0,Building_6,5,MATD3,0.7400429844856262,False,0.0,0.0,0.0,0.5324955582618713,16,0,0.0,0.0,-0.0,140160,-0.0,0.0,-0.9014814496040344,0.0,0.0,0.0,0.0,260,4.027052504473274,1.0,0.08875708422408654,0.0,0.0,0.0,-0.8664219379425049,CityLearnV3MADRLRewardFunction,matd3_unified_comparable_v4,E2,-0.0,1907,14.636207256249076,1.0,0.1623587585833289,0.0,9
44,4.69041575982343,1.0,0.4090909090909091,-1.0,Building_7,6,MATD3,0.7400429844856262,False,0.0,0.0,0.0,0.5324955582618713,16,0,0.0,0.0,-0.0,140160,-0.0,0.0,-0.8944405913352966,0.0,0.0,0.0,0.0,330,3.1356570099021663,1.0,0.0452961278006886,0.0,0.0,0.0,-0.8664219379425049,CityLearnV3MADRLRewardFunction,matd3_unified_comparable_v4,E2,-0.0,1907,14.636207256249076,1.0,0.1623587585833289,0.0,9
19,3.0,1.0,0.05263157894736842,-1.0,Building_8,7,MATD3,0.7400429844856262,False,0.0,0.0,0.0,0.5324955582618713,16,0,0.0,0.0,-0.0,140160,-0.0,0.0,-0.8668906688690186,0.0,0.0,0.0,0.0,155,3.133194641710471,1.0,0.09389652191631255,0.0,0.0,0.0,-0.8664219379425049,CityLearnV3MADRLRewardFunction,matd3_unified_comparable_v4,E2,-0.0,1907,14.636207256249076,1.0,0.1623587585833289,0.0,9
12,2.449489742783178,1.0,0.3333333333333333,-1.0,Building_9,8,MATD3,0.7400429844856262,False,0.0,0.0,0.0,0.5324955582618713,16,0,0.0,0.0,-0.0,140160,-0.0,0.0,-0.7164256572723389,0.0,0.0,0.0,0.0,106,3.272310827281747,1.0,0.1474403813481331,0.0,0.0,0.0,-0.8664219379425049,CityLearnV3MADRLRewardFunction,matd3_unified_comparable_v4,E2,-0.0,1907,14.636207256249076,1.0,0.1623587585833289,0.0,9
8,2.6457513110645907,1.0,0.375,-1.0,Building_10,9,MATD3,0.7400429844856262,False,0.0,0.0,0.0,0.5324955582618713,16,0,0.0,0.0,-0.0,140160,-0.0,0.0,-0.9019150137901306,0.0,0.0,0.0,0.0,78,3.330238902400494,1.0,0.20666241254179907,0.0,0.0,0.0,-0.8664219379425049,CityLearnV3MADRLRewardFunction,matd3_unified_comparable_v4,E2,-0.0,1907,14.636207256249076,1.0,0.1623587585833289,0.0,9
5,2.0,1.0,0.4,-1.0,Building_11,10,MATD3,0.7400429844856262,False,0.0,0.0,0.0,0.5324955582618713,16,0,0.0,0.0,-0.0,140160,-0.0,0.0,-0.9065998196601868,0.0,0.0,0.0,0.0,57,3.8537034914848953,1.0,0.3732764732680823,0.0,0.0,0.0,-0.8664219379425049,CityLearnV3MADRLRewardFunction,matd3_unified_comparable_v4,E2,-0.0,1907,14.636207256249076,1.0,0.1623587585833289,0.0,9
5,2.0,1.0,0.4,-1.0,Building_12,11,MATD3,0.7400429844856262,False,0.0,0.0,0.0,0.5324955582618713,16,0,0.0,0.0,-0.0,140160,-0.0,0.0,-0.9284908175468445,0.0,0.0,0.0,0.0,57,4.184786099398748,1.0,0.42753079598932936,0.0,0.0,0.0,-0.8664219379425049,CityLearnV3MADRLRewardFunction,matd3_unified_comparable_v4,E2,-0.0,1907,14.636207256249076,1.0,0.1623587585833289,0.0,9
13,2.6457513110645907,1.0,0.5384615384615384,0.0,Building_13,12,MATD3,0.7400429844856262,False,0.0,0.0,0.0,0.5324955582618713,16,0,0.0,0.0,-0.0,140160,-0.0,0.0,-0.8070948123931885,0.0,0.0,0.0,0.0,113,3.2753664383482457,1.0,0.13569521989706343,0.0,0.0,0.0,-0.8664219379425049,CityLearnV3MADRLRewardFunction,matd3_unified_comparable_v4,E2,-0.0,1907,14.636207256249076,1.0,0.1623587585833289,0.0,9
6,2.23606797749979,1.0,0.16666666666666666,-1.0,Building_14,13,MATD3,0.7400429844856262,False,0.0,0.0,0.0,0.5324955582618713,16,0,0.0,0.0,-0.0,140160,-0.0,0.0,-0.7174368500709534,0.0,0.0,0.0,0.0,64,4.235307777171209,1.0,0.3869251178111881,0.0,0.0,0.0,-0.8664219379425049,CityLearnV3MADRLRewardFunction,matd3_unified_comparable_v4,E2,-0.0,1907,14.636207256249076,1.0,0.1623587585833289,0.0,9
10,2.6457513110645907,1.0,0.5,-1.0,Building_15,14,MATD3,0.7400429844856262,False,0.0,0.0,0.0,0.5324955582618713,16,0,0.0,0.0,-0.0,140160,-0.0,0.0,-0.8875288367271423,0.0,0.0,0.0,0.0,92,3.3609945347276837,1.0,0.17762831072120563,0.0,0.0,0.0,-0.8664219379425049,CityLearnV3MADRLRewardFunction,matd3_unified_comparable_v4,E2,-0.0,1907,14.636207256249076,1.0,0.1623587585833289,0.0,9
13,2.23606797749979,1.0,0.23076923076923078,-1.0,Building_16,15,MATD3,0.7400429844856262,False,0.0,0.0,0.0,0.5324955582618713,16,0,0.0,0.0,-0.0,140160,-0.0,0.0,-0.8974800705909729,0.0,0.0,0.0,0.0,113,3.140553111571896,1.0,0.13207668520971738,0.0,0.0,0.0,-0.8664219379425049,CityLearnV3MADRLRewardFunction,matd3_unified_comparable_v4,E2,-0.0,1907,14.636207256249076,1.0,0.1623587585833289,0.0,9
13,2.449489742783178,1.0,0.15384615384615385,-1.0,Building_17,16,MATD3,0.7400429844856262,False,0.0,0.0,0.0,0.5324955582618713,16,0,0.0,0.0,-0.0,140160,-0.0,0.0,-0.8848767876625061,0.0,0.0,0.0,0.0,113,3.22558906282597,1.0,0.13684850258637318,0.0,0.0,0.0,-0.8664219379425049,CityLearnV3MADRLRewardFunction,matd3_unified_comparable_v4,E2,-0.0,1907,14.636207256249076,1.0,0.1623587585833289,0.0,9
6,2.0,1.0,0.6666666666666666,0.0,Building_1,0,MATD3,0.7900000214576721,True,-2.591028533061035e-05,0.0,0.0,0.5324955582618713,16,8750,0.0,0.0,-0.0,148910,0.0,446.8855895996094,-0.8196621537208557,237.96458435058594,353.03961181640625,446.8855895996094,446.8856201171875,64,3.503224370920406,1.0,0.24708087975159287,0.0,0.0,0.0,-0.749181866645813,CityLearnV3MADRLRewardFunction,matd3_unified_comparable_v4,E2,-0.0,1907,14.427766734786475,1.0,0.1402001265704038,0.0,8759
8,2.23606797749979,1.0,0.375,-1.0,Building_2,1,MATD3,0.7900000214576721,True,-7.45059693940675e-08,0.0,0.0,0.5324955582618713,16,8750,0.0,0.0,-0.0,148910,0.0,5.618855953216553,-0.6268959045410156,2.992015838623047,4.438896179199219,5.618855953216553,5.618855953216553,78,3.5967874580055867,1.0,0.20523377832693931,0.0,0.0,0.0,-0.749181866645813,CityLearnV3MADRLRewardFunction,matd3_unified_comparable_v4,E2,-0.0,1907,14.427766734786475,1.0,0.1402001265704038,0.0,8759
10,2.8284271247461903,1.0,0.4,-1.0,Building_3,2,MATD3,0.7900000214576721,True,0.0,0.0,0.0,0.5324955582618713,16,8750,0.0,0.0,-0.0,148910,0.0,98.17061614990234,-0.8161982297897339,52.27541732788086,77.5547866821289,98.17061614990234,98.17061614990234,92,3.3819518729175577,1.0,0.16205699093963788,0.0,0.0,0.0,-0.749181866645813,CityLearnV3MADRLRewardFunction,matd3_unified_comparable_v4,E2,-0.0,1907,14.427766734786475,1.0,0.1402001265704038,0.0,8759
8,2.23606797749979,1.0,0.125,-1.0,Building_4,3,MATD3,0.7900000214576721,True,0.0,0.0,0.0,0.5324955582618713,16,8750,0.0,0.0,-0.0,148910,0.0,28.84416961669922,-0.7844475507736206,15.359392166137695,22.786893844604492,28.84416961669922,28.84416961669922,78,3.365757821671856,1.0,0.19006271679431963,0.0,0.0,0.0,-0.749181866645813,CityLearnV3MADRLRewardFunction,matd3_unified_comparable_v4,E2,-0.0,1907,14.427766734786475,1.0,0.1402001265704038,0.0,8759
5,1.7320508075688772,1.0,0.2,-1.0,Building_5,4,MATD3,0.7900000214576721,True,0.0,0.0,0.0,0.5324955582618713,16,8750,0.0,0.0,-0.0,148910,0.0,43.92958068847656,-0.8750382661819458,23.39230728149414,34.704368591308594,43.92958068847656,37.89287567138672,57,3.687173301001371,1.0,0.31158173084259033,0.0,0.0,0.0,-0.749181866645813,CityLearnV3MADRLRewardFunction,matd3_unified_comparable_v4,E2,-0.0,1907,14.427766734786475,1.0,0.1402001265704038,0.0,8759
34,4.242640687119285,1.0,0.35294117647058826,-1.0,Building_6,5,MATD3,0.7900000214576721,True,0.0,0.0,0.0,0.5324955582618713,16,8750,0.0,0.0,-0.0,148910,0.0,350.8894348144531,-0.8182993531227112,186.84706115722656,277.2026672363281,350.8894348144531,350.8894348144531,260,3.3609150752866683,1.0,0.05693318809454258,0.0,0.0,0.0,-0.749181866645813,CityLearnV3MADRLRewardFunction,matd3_unified_comparable_v4,E2,-0.0,1907,14.427766734786475,1.0,0.1402001265704038,0.0,8759
44,4.814148611667184,1.0,0.4868080805648457,-1.0,Building_7,6,MATD3,0.7900000214576721,True,0.0,0.0,0.0,0.5324955582618713,16,8750,0.0,0.0,-0.0,148910,0.0,18.66022491455078,-0.7411839962005615,9.936487197875977,14.741578102111816,18.66022491455078,18.66022491455078,330,3.4474140676939835,1.0,0.046503418864625876,0.0,0.0,0.0,-0.749181866645813,CityLearnV3MADRLRewardFunction,matd3_unified_comparable_v4,E2,-0.0,1907,14.427766734786475,1.0,0.1402001265704038,0.0,8759
19,3.0,1.0,0.05263157894736842,-1.0,Building_8,7,MATD3,0.7900000214576721,True,0.0,0.0,0.0,0.5324955582618713,16,8750,0.0,0.0,-0.0,148910,0.0,19.251495361328125,-0.7446764707565308,10.251336097717285,15.2086820602417,19.251495361328125,19.251495361328125,155,3.5885433590282907,1.0,0.10431925356388091,0.0,0.0,0.0,-0.749181866645813,CityLearnV3MADRLRewardFunction,matd3_unified_comparable_v4,E2,-0.0,1907,14.427766734786475,1.0,0.1402001265704038,0.0,8759
12,2.449489742783178,1.0,0.3333333333333333,-1.0,Building_9,8,MATD3,0.7900000214576721,True,0.0,0.0,0.0,0.5324955582618713,16,8750,0.0,0.0,-0.0,148910,0.0,2.4506425857543945,-0.5723227858543396,1.304956316947937,1.9360077381134033,2.4506425857543945,2.4506425857543945,106,3.69422321994266,1.0,0.16635122839009986,0.0,0.0,0.0,-0.749181866645813,CityLearnV3MADRLRewardFunction,matd3_unified_comparable_v4,E2,-0.0,1907,14.427766734786475,1.0,0.1402001265704038,0.0,8759
8,2.6457513110645907,1.0,0.375,-1.0,Building_10,9,MATD3,0.7900000214576721,True,4.05476112064207e-06,0.0,0.0,0.5324955582618713,16,8750,0.0,0.0,-0.0,148910,0.0,34.334144592285156,-0.7980804443359375,18.282779693603516,27.12397575378418,34.334144592285156,34.33414077758789,78,3.553005704318034,1.0,0.2039076835872271,0.0,0.0,0.0,-0.749181866645813,CityLearnV3MADRLRewardFunction,matd3_unified_comparable_v4,E2,-0.0,1907,14.427766734786475,1.0,0.1402001265704038,0.0,8759
5,2.0,1.0,0.4,-1.0,Building_11,10,MATD3,0.7900000214576721,True,0.0,0.0,0.0,0.5324955582618713,16,8750,0.0,0.0,-0.0,148910,0.0,57.917564392089844,-0.8137198090553284,30.840845108032227,45.754878997802734,57.917564392089844,57.917564392089844,57,3.4269249047087063,1.0,0.2646699521625251,0.0,0.0,0.0,-0.749181866645813,CityLearnV3MADRLRewardFunction,matd3_unified_comparable_v4,E2,-0.0,1907,14.427766734786475,1.0,0.1402001265704038,0.0,8759
5,2.0,1.0,0.4,-1.0,Building_12,11,MATD3,0.7900000214576721,True,0.0,0.0,0.0,0.5324955582618713,16,8750,0.0,0.0,-0.0,148910,0.0,182.6020965576172,-0.8170839548110962,97.23480224609375,144.2556610107422,182.6020965576172,182.6020965576172,57,3.38220839408873,1.0,0.2615112162995757,0.0,0.0,0.0,-0.749181866645813,CityLearnV3MADRLRewardFunction,matd3_unified_comparable_v4,E2,-0.0,1907,14.427766734786475,1.0,0.1402001265704038,0.0,8759
13,2.6457513110645907,1.0,0.5384615384615384,0.0,Building_13,12,MATD3,0.7900000214576721,True,-3.940150236303452e-06,0.0,0.0,0.5324955582618713,16,8750,0.0,0.0,-0.0,148910,0.0,2.789363384246826,-0.593873143196106,1.4853236675262451,2.203597068786621,2.789363384246826,2.789367437362671,113,3.5803868130996173,1.0,0.14118063555354565,0.0,0.0,0.0,-0.749181866645813,CityLearnV3MADRLRewardFunction,matd3_unified_comparable_v4,E2,-0.0,1907,14.427766734786475,1.0,0.1402001265704038,0.0,8759
6,2.23606797749979,1.0,0.16666666666666666,-1.0,Building_14,13,MATD3,0.7900000214576721,True,0.0,0.0,0.0,0.5324955582618713,16,8750,0.0,0.0,-0.0,148910,0.0,2.485826015472412,-0.5901286005973816,1.3236913681030273,1.9638025760650635,2.485826015472412,2.485826015472412,64,3.418981692118897,1.0,0.23510858113877475,0.0,0.0,0.0,-0.749181866645813,CityLearnV3MADRLRewardFunction,matd3_unified_comparable_v4,E2,-0.0,1907,14.427766734786475,1.0,0.1402001265704038,0.0,8759
10,2.6457513110645907,1.0,0.5,-1.0,Building_15,14,MATD3,0.7900000214576721,True,7.83546784077771e-06,0.0,0.0,0.5324955582618713,16,8750,0.0,0.0,-0.0,148910,0.0,20.59412384033203,-0.7529996633529663,10.966279029846191,16.269357681274414,20.59412384033203,20.5941162109375,92,3.6451399286674238,1.0,0.18041073595700058,0.0,0.0,0.0,-0.749181866645813,CityLearnV3MADRLRewardFunction,matd3_unified_comparable_v4,E2,-0.0,1907,14.427766734786475,1.0,0.1402001265704038,0.0,8759
13,2.23606797749979,1.0,0.23076923076923078,-1.0,Building_16,15,MATD3,0.7900000214576721,True,0.0,0.0,0.0,0.5324955582618713,16,8750,0.0,0.0,-0.0,148910,0.0,103.13050842285156,-0.8162679076194763,54.91653823852539,81.47310638427734,103.13050842285156,103.13050842285156,113,3.4178754577396515,1.0,0.13568326870424557,0.0,0.0,0.0,-0.749181866645813,CityLearnV3MADRLRewardFunction,matd3_unified_comparable_v4,E2,-0.0,1907,14.427766734786475,1.0,0.1402001265704038,0.0,8759
13,2.449489742783178,1.0,0.15384615384615385,-1.0,Building_17,16,MATD3,0.7900000214576721,True,0.0,0.0,0.0,0.5324955582618713,16,8750,0.0,0.0,-0.0,148910,0.0,21.1981143951416,-0.7552131414413452,11.287901878356934,16.746511459350586,21.1981143951416,21.1981143951416,113,3.40587103762136,1.0,0.13510602633510016,0.0,0.0,0.0,-0.749181866645813,CityLearnV3MADRLRewardFunction,matd3_unified_comparable_v4,E2,-0.0,1907,14.427766734786475,1.0,0.1402001265704038,0.0,8759
6,2.0,1.0,0.6666666666666666,0.0,Building_1,0,MATD3,0.7463780045509338,False,0.0,0.0,0.0,0.5324955582618713,17,0,0.0,0.0,-0.0,148920,-0.0,0.0,-0.746906042098999,0.0,0.0,0.0,0.0,64,3.0430842030801424,1.0,0.23876146733528003,0.0,0.0,0.0,-0.6459875106811523,CityLearnV3MADRLRewardFunction,matd3_unified_comparable_v4,E2,-0.0,1907,14.20012172728868,1.0,0.16489285039390703,0.0,10
8,2.23606797749979,1.0,0.375,-1.0,Building_2,1,MATD3,0.7463780045509338,False,0.0,0.0,0.0,0.5324955582618713,17,0,0.0,0.0,-0.0,148920,-0.0,0.0,-0.4895517826080322,0.0,0.0,0.0,0.0,78,3.130126527023955,1.0,0.19716385940615183,0.0,0.0,0.0,-0.6459875106811523,CityLearnV3MADRLRewardFunction,matd3_unified_comparable_v4,E2,-0.0,1907,14.20012172728868,1.0,0.16489285039390703,0.0,10
10,2.8284271247461903,1.0,0.4,-1.0,Building_3,2,MATD3,0.7463780045509338,False,0.0,0.0,0.0,0.5324955582618713,17,0,0.0,0.0,-0.0,148920,-0.0,0.0,-0.8187440037727356,0.0,0.0,0.0,0.0,92,4.338626763310021,1.0,0.29635743304844137,0.0,0.0,0.0,-0.6459875106811523,CityLearnV3MADRLRewardFunction,matd3_unified_comparable_v4,E2,-0.0,1907,14.20012172728868,1.0,0.16489285039390703,0.0,10
8,2.23606797749979,1.0,0.125,-1.0,Building_4,3,MATD3,0.7463780045509338,False,0.0,0.0,0.0,0.5324955582618713,17,0,0.0,0.0,-0.0,148920,-0.0,0.0,-0.743633508682251,0.0,0.0,0.0,0.0,78,3.350289187031865,1.0,0.23230176531256008,0.0,0.0,0.0,-0.6459875106811523,CityLearnV3MADRLRewardFunction,matd3_unified_comparable_v4,E2,-0.0,1907,14.20012172728868,1.0,0.16489285039390703,0.0,10
5,1.7320508075688772,1.0,0.2,-1.0,Building_5,4,MATD3,0.7463780045509338,False,0.0,0.0,0.0,0.5324955582618713,17,0,0.0,0.0,-0.0,148920,-0.0,0.0,-0.7440692186355591,0.0,0.0,0.0,0.0,57,3.2579271590309213,1.0,0.3038557219858232,0.0,0.0,0.0,-0.6459875106811523,CityLearnV3MADRLRewardFunction,matd3_unified_comparable_v4,E2,-0.0,1907,14.20012172728868,1.0,0.16489285039390703,0.0,10
34,4.242640687119285,1.0,0.35294117647058826,-1.0,Building_6,5,MATD3,0.7463780045509338,False,0.0,0.0,0.0,0.5324955582618713,17,0,0.0,0.0,-0.0,148920,-0.0,0.0,-0.746698260307312,0.0,0.0,0.0,0.0,260,4.622768564688113,1.0,0.12031845561443613,0.0,0.0,0.0,-0.6459875106811523,CityLearnV3MADRLRewardFunction,matd3_unified_comparable_v4,E2,-0.0,1907,14.20012172728868,1.0,0.16489285039390703,0.0,10
44,4.8267652290678855,1.0,0.48967237770557404,-1.0,Building_7,6,MATD3,0.7463780045509338,False,0.0,0.0,0.0,0.5324955582618713,17,0,0.0,0.0,-0.0,148920,-0.0,0.0,-0.49643397331237793,0.0,0.0,0.0,0.0,330,2.949790825230969,1.0,0.04395939576242006,0.0,0.0,0.0,-0.6459875106811523,CityLearnV3MADRLRewardFunction,matd3_unified_comparable_v4,E2,-0.0,1907,14.20012172728868,1.0,0.16489285039390703,0.0,10
19,3.0,1.0,0.05263157894736842,-1.0,Building_8,7,MATD3,0.7463780045509338,False,0.0,0.0,0.0,0.5324955582618713,17,0,0.0,0.0,-0.0,148920,-0.0,0.0,-0.4929046034812927,0.0,0.0,0.0,0.0,155,2.9696210844662962,1.0,0.09403745780789083,0.0,0.0,0.0,-0.6459875106811523,CityLearnV3MADRLRewardFunction,matd3_unified_comparable_v4,E2,-0.0,1907,14.20012172728868,1.0,0.16489285039390703,0.0,10
12,2.449489742783178,1.0,0.3333333333333333,-1.0,Building_9,8,MATD3,0.7463780045509338,False,0.0,0.0,0.0,0.5324955582618713,17,0,0.0,0.0,-0.0,148920,-0.0,0.0,-0.5370681881904602,0.0,0.0,0.0,0.0,106,3.0403954572875094,1.0,0.1422983609526506,0.0,0.0,0.0,-0.6459875106811523,CityLearnV3MADRLRewardFunction,matd3_unified_comparable_v4,E2,-0.0,1907,14.20012172728868,1.0,0.16489285039390703,0.0,10
8,2.6457513110645907,1.0,0.375,-1.0,Building_10,9,MATD3,0.7463780045509338,False,0.0,0.0,0.0,0.5324955582618713,17,0,0.0,0.0,-0.0,148920,-0.0,0.0,-0.6534340381622314,0.0,0.0,0.0,0.0,78,3.0772069722958744,1.0,0.1951289695377151,0.0,0.0,0.0,-0.6459875106811523,CityLearnV3MADRLRewardFunction,matd3_unified_comparable_v4,E2,-0.0,1907,14.20012172728868,1.0,0.16489285039390703,0.0,10
5,2.0,1.0,0.4,-1.0,Building_11,10,MATD3,0.7463780045509338,False,0.0,0.0,0.0,0.5324955582618713,17,0,0.0,0.0,-0.0,148920,-0.0,0.0,-0.7503372430801392,0.0,0.0,0.0,0.0,57,3.707379196897598,1.0,0.37032638016369257,0.0,0.0,0.0,-0.6459875106811523,CityLearnV3MADRLRewardFunction,matd3_unified_comparable_v4,E2,-0.0,1907,14.20012172728868,1.0,0.16489285039390703,0.0,10
5,2.0,1.0,0.4,-1.0,Building_12,11,MATD3,0.7463780045509338,False,0.0,0.0,0.0,0.5324955582618713,17,0,0.0,0.0,-0.0,148920,-0.0,0.0,-0.7756617665290833,0.0,0.0,0.0,0.0,57,4.032378930197565,1.0,0.41979582761332657,0.0,0.0,0.0,-0.6459875106811523,CityLearnV3MADRLRewardFunction,matd3_unified_comparable_v4,E2,-0.0,1907,14.20012172728868,1.0,0.16489285039390703,0.0,10
13,2.6457513110645907,1.0,0.5384615384615384,0.0,Building_13,12,MATD3,0.7463780045509338,False,0.0,0.0,0.0,0.5324955582618713,17,0,0.0,0.0,-0.0,148920,-0.0,0.0,-0.49308618903160095,0.0,0.0,0.0,0.0,113,3.1141091058919383,1.0,0.13562536857758475,0.0,0.0,0.0,-0.6459875106811523,CityLearnV3MADRLRewardFunction,matd3_unified_comparable_v4,E2,-0.0,1907,14.20012172728868,1.0,0.16489285039390703,0.0,10
6,2.23606797749979,1.0,0.16666666666666666,-1.0,Building_14,13,MATD3,0.7463780045509338,False,0.0,0.0,0.0,0.5324955582618713,17,0,0.0,0.0,-0.0,148920,-0.0,0.0,-0.5533102750778198,0.0,0.0,0.0,0.0,64,4.171761943987739,1.0,0.39527076153899543,0.0,0.0,0.0,-0.6459875106811523,CityLearnV3MADRLRewardFunction,matd3_unified_comparable_v4,E2,-0.0,1907,14.20012172728868,1.0,0.16489285039390703,0.0,10
10,2.6457513110645907,1.0,0.5,-1.0,Building_15,14,MATD3,0.7463780045509338,False,0.0,0.0,0.0,0.5324955582618713,17,0,0.0,0.0,-0.0,148920,-0.0,0.0,-0.510189414024353,0.0,0.0,0.0,0.0,92,3.129875754330195,1.0,0.1677086672988599,0.0,0.0,0.0,-0.6459875106811523,CityLearnV3MADRLRewardFunction,matd3_unified_comparable_v4,E2,-0.0,1907,14.20012172728868,1.0,0.16489285039390703,0.0,10
13,2.23606797749979,1.0,0.23076923076923078,-1.0,Building_16,15,MATD3,0.7463780045509338,False,0.0,0.0,0.0,0.5324955582618713,17,0,0.0,0.0,-0.0,148920,-0.0,0.0,-0.7117565870285034,0.0,0.0,0.0,0.0,113,2.9069139485256112,1.0,0.12699793841261253,0.0,0.0,0.0,-0.6459875106811523,CityLearnV3MADRLRewardFunction,matd3_unified_comparable_v4,E2,-0.0,1907,14.20012172728868,1.0,0.16489285039390703,0.0,10
13,2.449489742783178,1.0,0.15384615384615385,-1.0,Building_17,16,MATD3,0.7463780045509338,False,0.0,0.0,0.0,0.5324955582618713,17,0,0.0,0.0,-0.0,148920,-0.0,0.0,-0.7180031538009644,0.0,0.0,0.0,0.0,113,2.9946281922291473,1.0,0.13254988053401487,0.0,0.0,0.0,-0.6459875106811523,CityLearnV3MADRLRewardFunction,matd3_unified_comparable_v4,E2,-0.0,1907,14.20012172728868,1.0,0.16489285039390703,0.0,10
6,2.0,1.0,0.6666666666666666,0.0,Building_1,0,MATD3,0.7900000214576721,True,-2.591028533061035e-05,0.0,0.0,0.5324955582618713,17,8749,0.0,0.0,-0.0,157669,0.0,391.5866394042969,-0.7389886975288391,208.5181427001953,309.35345458984375,391.5866394042969,391.586669921875,64,3.436595653999613,1.0,0.23313685692846775,0.0,0.0,0.0,-0.6342552900314331,CityLearnV3MADRLRewardFunction,matd3_unified_comparable_v4,E2,-0.0,1907,14.03764040442597,1.0,0.1313297730671778,0.0,8759
8,2.23606797749979,1.0,0.375,-1.0,Building_2,1,MATD3,0.7900000214576721,True,-7.45059693940675e-08,0.0,0.0,0.5324955582618713,17,8749,0.0,0.0,-0.0,157669,0.0,0.18486037850379944,-0.4817362427711487,0.09843733161687851,0.1460397094488144,0.18486037850379944,0.1848604530096054,78,3.520597752596835,1.0,0.19391298790772757,0.0,0.0,0.0,-0.6342552900314331,CityLearnV3MADRLRewardFunction,matd3_unified_comparable_v4,E2,-0.0,1907,14.03764040442597,1.0,0.1313297730671778,0.0,8759
10,2.8284271247461903,1.0,0.4,-1.0,Building_3,2,MATD3,0.7900000214576721,True,0.0,0.0,0.0,0.5324955582618713,17,8749,0.0,0.0,-0.0,157669,0.0,39.0087890625,-0.7226296663284302,20.77200698852539,30.816944122314453,39.0087890625,39.0087890625,92,3.2643349760543376,1.0,0.15071380041215732,0.0,0.0,0.0,-0.6342552900314331,CityLearnV3MADRLRewardFunction,matd3_unified_comparable_v4,E2,-0.0,1907,14.03764040442597,1.0,0.1313297730671778,0.0,8759
8,2.23606797749979,1.0,0.125,-1.0,Building_4,3,MATD3,0.7900000214576721,True,0.0,0.0,0.0,0.5324955582618713,17,8749,0.0,0.0,-0.0,157669,0.0,36.67196273803711,-0.7196348905563354,19.52765655517578,28.97085189819336,36.67196273803711,36.67196273803711,78,3.2650679327162457,1.0,0.1776794059536396,0.0,0.0,0.0,-0.6342552900314331,CityLearnV3MADRLRewardFunction,matd3_unified_comparable_v4,E2,-0.0,1907,14.03764040442597,1.0,0.1313297730671778,0.0,8759
5,1.7320508075688772,1.0,0.2,-1.0,Building_5,4,MATD3,0.7900000214576721,True,0.0,0.0,0.0,0.5324955582618713,17,8749,0.0,0.0,-0.0,157669,0.0,60.26204299926758,-0.8006488680839539,32.089271545410156,47.60701370239258,60.26204299926758,54.225337982177734,57,3.569266383478027,1.0,0.29216772161032023,0.0,0.0,0.0,-0.6342552900314331,CityLearnV3MADRLRewardFunction,matd3_unified_comparable_v4,E2,-0.0,1907,14.03764040442597,1.0,0.1313297730671778,0.0,8759
34,4.332507114222984,1.0,0.3787602484226227,-1.0,Building_6,5,MATD3,0.7900000214576721,True,0.0,0.0,0.0,0.5324955582618713,17,8749,0.0,0.0,-0.0,157669,0.0,348.8946838378906,-0.7376149296760559,185.7848663330078,275.6268005371094,348.8946838378906,348.8946838378906,260,3.2554705069875767,1.0,0.05311486892975294,0.0,0.0,0.0,-0.6342552900314331,CityLearnV3MADRLRewardFunction,matd3_unified_comparable_v4,E2,-0.0,1907,14.03764040442597,1.0,0.1313297730671778,0.0,8759
44,5.0,1.0,0.5227272727272727,-1.0,Building_7,6,MATD3,0.7900000214576721,True,0.0,0.0,0.0,0.5324955582618713,17,8749,0.0,0.0,-0.0,157669,0.0,2.9800853729248047,-0.5153416395187378,1.58688223361969,2.3542675971984863,2.9800853729248047,2.9800853729248047,330,3.362323585222599,1.0,0.04331309124827385,0.0,0.0,0.0,-0.6342552900314331,CityLearnV3MADRLRewardFunction,matd3_unified_comparable_v4,E2,-0.0,1907,14.03764040442597,1.0,0.1313297730671778,0.0,8759
19,3.0,1.0,0.05263157894736842,-1.0,Building_8,7,MATD3,0.7900000214576721,True,0.0,0.0,0.0,0.5324955582618713,17,8749,0.0,0.0,-0.0,157669,0.0,6.19936990737915,-0.5524758696556091,3.3011369705200195,4.897502422332764,6.19936990737915,6.19936990737915,155,3.3962261274741334,1.0,0.09467931918559536,0.0,0.0,0.0,-0.6342552900314331,CityLearnV3MADRLRewardFunction,matd3_unified_comparable_v4,E2,-0.0,1907,14.03764040442597,1.0,0.1313297730671778,0.0,8759
12,2.6457513110645907,1.0,0.4166666666666667,-1.0,Building_9,8,MATD3,0.7900000214576721,True,0.0,0.0,0.0,0.5324955582618713,17,8749,0.0,0.0,-0.0,157669,0.0,2.1350696086883545,-0.4878728687763214,1.1369150876998901,1.6867049932479858,2.1350696086883545,2.1350696086883545,106,3.5815197403337824,1.0,0.15437126440821952,0.0,0.0,0.0,-0.6342552900314331,CityLearnV3MADRLRewardFunction,matd3_unified_comparable_v4,E2,-0.0,1907,14.03764040442597,1.0,0.1313297730671778,0.0,8759
8,2.6457513110645907,1.0,0.375,-1.0,Building_10,9,MATD3,0.7900000214576721,True,4.05476112064207e-06,0.0,0.0,0.5324955582618713,17,8749,0.0,0.0,-0.0,157669,0.0,16.451885223388672,-0.6469225287437439,8.7605562210083,12.996989250183105,16.451885223388672,16.451881408691406,78,3.473783397409411,1.0,0.19227790861175612,0.0,0.0,0.0,-0.6342552900314331,CityLearnV3MADRLRewardFunction,matd3_unified_comparable_v4,E2,-0.0,1907,14.03764040442597,1.0,0.1313297730671778,0.0,8759
5,2.0,1.0,0.4,-1.0,Building_11,10,MATD3,0.7900000214576721,True,0.0,0.0,0.0,0.5324955582618713,17,8749,0.0,0.0,-0.0,157669,0.0,66.45198059082031,-0.7342972159385681,35.38538360595703,52.497066497802734,66.45198059082031,66.45198059082031,57,3.3370684326624835,1.0,0.24824231287889315,0.0,0.0,0.0,-0.6342552900314331,CityLearnV3MADRLRewardFunction,matd3_unified_comparable_v4,E2,-0.0,1907,14.03764040442597,1.0,0.1313297730671778,0.0,8759
5,2.0,1.0,0.4,-1.0,Building_12,11,MATD3,0.7900000214576721,True,0.0,0.0,0.0,0.5324955582618713,17,8749,0.0,0.0,-0.0,157669,0.0,155.388671875,-0.7361534833908081,82.7437744140625,122.7570571899414,155.388671875,155.388671875,57,3.2986450553893563,1.0,0.24877953738497013,0.0,0.0,0.0,-0.6342552900314331,CityLearnV3MADRLRewardFunction,matd3_unified_comparable_v4,E2,-0.0,1907,14.03764040442597,1.0,0.1313297730671778,0.0,8759
13,2.6457513110645907,1.0,0.5384615384615384,0.0,Building_13,12,MATD3,0.7900000214576721,True,-3.940150236303452e-06,0.0,0.0,0.5324955582618713,17,8749,0.0,0.0,-0.0,157669,0.0,0.10476967692375183,-0.4807627499103546,0.055789388716220856,0.0827680453658104,0.10476967692375183,0.1047736182808876,113,3.5034903058070705,1.0,0.13320528907058513,0.0,0.0,0.0,-0.6342552900314331,CityLearnV3MADRLRewardFunction,matd3_unified_comparable_v4,E2,-0.0,1907,14.03764040442597,1.0,0.1313297730671778,0.0,8759
6,2.23606797749979,1.0,0.16666666666666666,-1.0,Building_14,13,MATD3,0.7900000214576721,True,0.0,0.0,0.0,0.5324955582618713,17,8749,0.0,0.0,-0.0,157669,0.0,1.3521205186843872,-0.495841920375824,0.7199981808662415,1.068175196647644,1.3521205186843872,1.3521205186843872,64,3.3627989173264545,1.0,0.22267394256778061,0.0,0.0,0.0,-0.6342552900314331,CityLearnV3MADRLRewardFunction,matd3_unified_comparable_v4,E2,-0.0,1907,14.03764040442597,1.0,0.1313297730671778,0.0,8759
10,2.6457513110645907,1.0,0.5,-1.0,Building_15,14,MATD3,0.7900000214576721,True,7.83546784077771e-06,0.0,0.0,0.5324955582618713,17,8749,0.0,0.0,-0.0,157669,0.0,15.14763069152832,-0.6374343633651733,8.066045761108398,11.966629028320312,15.14763069152832,15.147623062133789,92,3.544345822682829,1.0,0.16898532470931177,0.0,0.0,0.0,-0.6342552900314331,CityLearnV3MADRLRewardFunction,matd3_unified_comparable_v4,E2,-0.0,1907,14.03764040442597,1.0,0.1313297730671778,0.0,8759
13,2.0,1.0,0.15384615384615385,-1.0,Building_16,15,MATD3,0.7900000214576721,True,0.0,0.0,0.0,0.5324955582618713,17,8749,0.0,0.0,-0.0,157669,0.0,11.957420349121094,-0.6105406284332275,6.367273330688477,9.446362495422363,11.957420349121094,11.957420349121094,113,3.329471900994795,1.0,0.1249398920124611,0.0,0.0,0.0,-0.6342552900314331,CityLearnV3MADRLRewardFunction,matd3_unified_comparable_v4,E2,-0.0,1907,14.03764040442597,1.0,0.1313297730671778,0.0,8759
13,2.6457513110645907,1.0,0.23076923076923078,-1.0,Building_17,16,MATD3,0.7900000214576721,True,0.0,0.0,0.0,0.5324955582618713,17,8749,0.0,0.0,-0.0,157669,0.0,23.087642669677734,-0.6834443211555481,12.2940673828125,18.239238739013672,23.087642669677734,23.087642669677734,113,3.3488064918118936,1.0,0.129059622773027,0.0,0.0,0.0,-0.6342552900314331,CityLearnV3MADRLRewardFunction,matd3_unified_comparable_v4,E2,-0.0,1907,14.03764040442597,1.0,0.1313297730671778,0.0,8759
6,2.0,1.0,0.6666666666666666,0.0,Building_1,0,MATD3,0.7080339789390564,False,0.0,0.0,0.0,0.5324955582618713,18,0,0.0,0.0,-0.0,157680,-0.0,0.0,-0.8990589380264282,0.0,0.0,0.0,0.0,64,3.2390156202529745,0.999998927116394,0.250659363809973,0.0,-0.0,84.35050670967101,-0.8623221516609192,CityLearnV3MADRLRewardFunction,matd3_unified_comparable_v4,E2,-84.35050670967101,1907,14.722453420362836,1.0,0.16873769754764645,0.0,11
8,2.23606797749979,1.0,0.375,-1.0,Building_2,1,MATD3,0.7080339789390564,False,0.0,0.0,0.0,0.5324955582618713,18,0,0.0,0.0,-0.0,157680,-0.0,0.0,-0.7478511929512024,0.0,0.0,0.0,0.0,78,3.141061706970424,0.9999989867210388,0.1918817438567296,0.0,-0.0,48.339140625,-0.8623221516609192,CityLearnV3MADRLRewardFunction,matd3_unified_comparable_v4,E2,-48.339140625,1907,14.722453420362836,1.0,0.16873769754764645,0.0,11
10,2.8284271247461903,1.0,0.4,-1.0,Building_3,2,MATD3,0.7080339789390564,False,0.0,0.0,0.0,0.5324955582618713,18,0,0.0,0.0,-0.0,157680,-0.0,0.0,-0.9671918153762817,0.0,0.0,0.0,0.0,92,4.35574282200426,1.0,0.28678868067167373,0.0,-0.0,32.50221773262024,-0.8623221516609192,CityLearnV3MADRLRewardFunction,matd3_unified_comparable_v4,E2,-32.50221773262024,1907,14.722453420362836,1.0,0.16873769754764645,0.0,11
8,2.23606797749979,1.0,0.125,-1.0,Building_4,3,MATD3,0.7080339789390564,False,0.0,0.0,0.0,0.5324955582618713,18,0,0.0,0.0,-0.0,157680,-0.0,0.0,-0.8965851664543152,0.0,0.0,0.0,0.0,78,3.796973893838918,1.0,0.27793202011917645,0.0,-0.0,14.66307163925171,-0.8623221516609192,CityLearnV3MADRLRewardFunction,matd3_unified_comparable_v4,E2,-14.66307163925171,1907,14.722453420362836,1.0,0.16873769754764645,0.0,11
5,1.7320508075688772,1.0,0.2,-1.0,Building_5,4,MATD3,0.7080339789390564,False,0.0,0.0,0.0,0.5324955582618713,18,0,0.0,0.0,-0.0,157680,-0.0,0.0,-0.8986706733703613,0.0,0.0,0.0,0.0,57,3.341649223935987,1.0,0.30355927205987665,0.0,-0.0,4.613323602485657,-0.8623221516609192,CityLearnV3MADRLRewardFunction,matd3_unified_comparable_v4,E2,-4.613323602485657,1907,14.722453420362836,1.0,0.16873769754764645,0.0,11
34,4.299448528566778,1.0,0.3734295403256136,-1.0,Building_6,5,MATD3,0.7080339789390564,False,0.0,0.0,0.0,0.5324955582618713,18,0,0.0,0.0,-0.0,157680,-0.0,0.0,-0.8790082335472107,0.0,0.0,0.0,0.0,260,5.547202535905564,1.0,0.1601595529498389,0.0,-0.0,128.44831029052733,-0.8623221516609192,CityLearnV3MADRLRewardFunction,matd3_unified_comparable_v4,E2,-128.44831029052733,1907,14.722453420362836,1.0,0.16873769754764645,0.0,11
44,5.0,1.0,0.5227272727272727,-1.0,Building_7,6,MATD3,0.7080339789390564,False,0.0,0.0,0.0,0.5324955582618713,18,0,0.0,0.0,-0.0,157680,-0.0,0.0,-0.8471316695213318,0.0,0.0,0.0,0.0,330,2.9626282344455617,0.9330127239227295,0.042390745119050596,0.0,-0.0,43.44595394039154,-0.8623221516609192,CityLearnV3MADRLRewardFunction,matd3_unified_comparable_v4,E2,-43.44595394039154,1907,14.722453420362836,1.0,0.16873769754764645,0.0,11
19,3.0,1.0,0.05263157894736842,-1.0,Building_8,7,MATD3,0.7080339789390564,False,0.0,0.0,0.0,0.5324955582618713,18,0,0.0,0.0,-0.0,157680,-0.0,0.0,-0.8373615145683289,0.0,0.0,0.0,0.0,155,2.978023981203998,0.9521550536155701,0.09069231766606531,0.0,-0.0,130.93505906333922,-0.8623221516609192,CityLearnV3MADRLRewardFunction,matd3_unified_comparable_v4,E2,-130.93505906333922,1907,14.722453420362836,1.0,0.16873769754764645,0.0,11
12,2.6457513110645907,1.0,0.4166666666666667,-1.0,Building_9,8,MATD3,0.7080339789390564,False,0.0,0.0,0.0,0.5324955582618713,18,0,0.0,0.0,-0.0,157680,-0.0,0.0,-0.7011436820030212,0.0,0.0,0.0,0.0,106,3.134473358681926,0.9784790277481079,0.14429740128019508,0.0,-0.0,23.13917668571472,-0.8623221516609192,CityLearnV3MADRLRewardFunction,matd3_unified_comparable_v4,E2,-23.13917668571472,1907,14.722453420362836,1.0,0.16873769754764645,0.0,11
8,2.6457513110645907,1.0,0.375,-1.0,Building_10,9,MATD3,0.7080339789390564,False,0.0,0.0,0.0,0.5324955582618713,18,0,0.0,0.0,-0.0,157680,-0.0,0.0,-0.8990523815155029,0.0,0.0,0.0,0.0,78,3.115265215352502,0.9999988675117493,0.19265361238294879,0.0,-0.0,86.31360283069611,-0.8623221516609192,CityLearnV3MADRLRewardFunction,matd3_unified_comparable_v4,E2,-86.31360283069611,1907,14.722453420362836,1.0,0.16873769754764645,0.0,11
5,2.0,1.0,0.4,-1.0,Building_11,10,MATD3,0.7080339789390564,False,0.0,0.0,0.0,0.5324955582618713,18,0,0.0,0.0,-0.0,157680,-0.0,0.0,-0.9158199429512024,0.0,0.0,0.0,0.0,57,3.7718645238247674,1.0,0.3650439319184475,0.0,-0.0,248.94499459075928,-0.8623221516609192,CityLearnV3MADRLRewardFunction,matd3_unified_comparable_v4,E2,-248.94499459075928,1907,14.722453420362836,1.0,0.16873769754764645,0.0,11
5,2.0,1.0,0.4,-1.0,Building_12,11,MATD3,0.7080339789390564,False,0.0,0.0,0.0,0.5324955582618713,18,0,0.0,0.0,-0.0,157680,-0.0,0.0,-0.9404021501541138,0.0,0.0,0.0,0.0,57,4.1147511558622725,1.0,0.4192563047992033,0.0,-0.0,112.35388085365295,-0.8623221516609192,CityLearnV3MADRLRewardFunction,matd3_unified_comparable_v4,E2,-112.35388085365295,1907,14.722453420362836,1.0,0.16873769754764645,0.0,11
13,2.6457513110645907,1.0,0.5384615384615384,0.0,Building_13,12,MATD3,0.7080339789390564,False,0.0,0.0,0.0,0.5324955582618713,18,0,0.0,0.0,-0.0,157680,-0.0,0.0,-0.7752254009246826,0.0,0.0,0.0,0.0,113,3.128351758799828,0.9999988675117493,0.13113102661363318,0.0,-0.0,14.889497901916503,-0.8623221516609192,CityLearnV3MADRLRewardFunction,matd3_unified_comparable_v4,E2,-14.889497901916503,1907,14.722453420362836,1.0,0.16873769754764645,0.0,11
6,2.23606797749979,1.0,0.16666666666666666,-1.0,Building_14,13,MATD3,0.7080339789390564,False,0.0,0.0,0.0,0.5324955582618713,18,0,0.0,0.0,-0.0,157680,-0.0,0.0,-0.8190062046051025,0.0,0.0,0.0,0.0,64,3.8353589846659752,1.0,0.33657483718707226,0.0,-0.0,109.34438346672057,-0.8623221516609192,CityLearnV3MADRLRewardFunction,matd3_unified_comparable_v4,E2,-109.34438346672057,1907,14.722453420362836,1.0,0.16873769754764645,0.0,11
10,2.6457513110645907,1.0,0.5,-1.0,Building_15,14,MATD3,0.7080339789390564,False,0.0,0.0,0.0,0.5324955582618713,18,0,0.0,0.0,-0.0,157680,-0.0,0.0,-0.855914294719696,0.0,0.0,0.0,0.0,92,3.145073174843441,0.9999989867210388,0.16355686557843632,0.0,-0.0,57.13341715240479,-0.8623221516609192,CityLearnV3MADRLRewardFunction,matd3_unified_comparable_v4,E2,-57.13341715240479,1907,14.722453420362836,1.0,0.16873769754764645,0.0,11
13,2.0,1.0,0.15384615384615385,-1.0,Building_16,15,MATD3,0.7080339789390564,False,0.0,0.0,0.0,0.5324955582618713,18,0,0.0,0.0,-0.0,157680,-0.0,0.0,-0.8952656984329224,0.0,0.0,0.0,0.0,113,2.9544968191325456,0.9330127239227295,0.12364445641570915,0.0,-0.0,59.749703645324715,-0.8623221516609192,CityLearnV3MADRLRewardFunction,matd3_unified_comparable_v4,E2,-59.749703645324715,1907,14.722453420362836,1.0,0.16873769754764645,0.0,11
13,2.6457513110645907,1.0,0.23076923076923078,-1.0,Building_17,16,MATD3,0.7080339789390564,False,0.0,0.0,0.0,0.5324955582618713,18,0,0.0,0.0,-0.0,157680,-0.0,0.0,-0.8847874402999878,0.0,0.0,0.0,0.0,113,3.100762735646124,0.9330127239227295,0.13552805075866986,0.0,-0.0,9.348458114433289,-0.8623221516609192,CityLearnV3MADRLRewardFunction,matd3_unified_comparable_v4,E2,-9.348458114433289,1907,14.722453420362836,1.0,0.16873769754764645,0.0,11
6,2.0,1.0,0.3333333333333333,-1.0,Building_1,0,MATD3,0.7900000214576721,True,0.0,0.0,0.0,0.5324955582618713,18,8748,0.0,0.0,-0.0,166428,0.0,433.45458984375,-0.8201953768730164,230.81263732910156,342.42913818359375,433.45458984375,433.45458984375,64,3.1875058187988197,1.0,0.21159329335205257,0.0,0.0,0.0,-0.751103937625885,CityLearnV3MADRLRewardFunction,matd3_unified_comparable_v4,E2,-0.0,1907,13.699004831316998,1.0,0.12678711672860973,0.0,8759
8,2.23606797749979,1.0,0.375,-1.0,Building_2,1,MATD3,0.7900000214576721,True,-7.45059693940675e-08,0.0,0.0,0.5324955582618713,18,8748,0.0,0.0,-0.0,166428,0.0,15.16435432434082,-0.7196914553642273,8.074951171875,11.979840278625488,15.16435432434082,15.16435432434082,78,3.4503282414222163,1.0,0.19114438100503042,0.0,0.0,0.0,-0.751103937625885,CityLearnV3MADRLRewardFunction,matd3_unified_comparable_v4,E2,-0.0,1907,13.699004831316998,1.0,0.12678711672860973,0.0,8759
10,2.8284271247461903,1.0,0.4,-1.0,Building_3,2,MATD3,0.7900000214576721,True,0.0,0.0,0.0,0.5324955582618713,18,8748,0.0,0.0,-0.0,166428,0.0,94.53981018066406,-0.8175984025001526,50.3420295715332,74.68645477294922,94.53981018066406,94.53981018066406,92,3.204969290194373,1.0,0.14604751976287883,0.0,0.0,0.0,-0.751103937625885,CityLearnV3MADRLRewardFunction,matd3_unified_comparable_v4,E2,-0.0,1907,13.699004831316998,1.0,0.12678711672860973,0.0,8759
8,2.23606797749979,1.0,0.125,-1.0,Building_4,3,MATD3,0.7900000214576721,True,0.0,0.0,0.0,0.5324955582618713,18,8748,0.0,0.0,-0.0,166428,0.0,31.04317283630371,-0.7914791703224182,16.530351638793945,24.524106979370117,31.04317283630371,31.04317283630371,78,3.1916766443122158,1.0,0.17149378894231257,0.0,0.0,0.0,-0.751103937625885,CityLearnV3MADRLRewardFunction,matd3_unified_comparable_v4,E2,-0.0,1907,13.699004831316998,1.0,0.12678711672860973,0.0,8759
5,1.7320508075688772,1.0,0.2,-1.0,Building_5,4,MATD3,0.7900000214576721,True,0.0,0.0,0.0,0.5324955582618713,18,8748,0.0,0.0,-0.0,166428,0.0,44.57567596435547,-0.8769587278366089,23.73634910583496,35.21478271484375,44.57567596435547,38.538970947265625,57,3.52707183687306,1.0,0.28582403926472916,0.0,0.0,0.0,-0.751103937625885,CityLearnV3MADRLRewardFunction,matd3_unified_comparable_v4,E2,-0.0,1907,13.699004831316998,1.0,0.12678711672860973,0.0,8759
34,4.337928354021629,1.0,0.37953602215823007,-1.0,Building_6,5,MATD3,0.7900000214576721,True,0.0,0.0,0.0,0.5324955582618713,18,8748,0.0,0.0,-0.0,166428,0.0,362.8901062011719,-0.8198238015174866,193.23736572265625,286.6831970214844,362.8901062011719,362.8901062011719,260,3.184578026920365,1.0,0.05131137789441989,0.0,0.0,0.0,-0.751103937625885,CityLearnV3MADRLRewardFunction,matd3_unified_comparable_v4,E2,-0.0,1907,13.699004831316998,1.0,0.12678711672860973,0.0,8759
44,5.000191071883268,1.0,0.5237207315354184,-1.0,Building_7,6,MATD3,0.7900000214576721,True,0.0,0.0,0.0,0.5324955582618713,18,8748,0.0,0.0,-0.0,166428,0.0,12.664111137390137,-0.6988663673400879,6.743582725524902,10.004648208618164,12.664111137390137,12.664111137390137,330,3.268482945333741,1.0,0.041809449570648596,0.0,0.0,0.0,-0.751103937625885,CityLearnV3MADRLRewardFunction,matd3_unified_comparable_v4,E2,-0.0,1907,13.699004831316998,1.0,0.12678711672860973,0.0,8759
19,3.0,1.0,0.05263157894736842,-1.0,Building_8,7,MATD3,0.7900000214576721,True,0.0,0.0,0.0,0.5324955582618713,18,8748,0.0,0.0,-0.0,166428,0.0,12.065996170043945,-0.6936373114585876,6.425089359283447,9.532136917114258,12.065996170043945,12.065996170043945,155,3.327079593304185,1.0,0.09201990635164323,0.0,0.0,0.0,-0.751103937625885,CityLearnV3MADRLRewardFunction,matd3_unified_comparable_v4,E2,-0.0,1907,13.699004831316998,1.0,0.12678711672860973,0.0,8759
12,2.6457513110645907,1.0,0.4166666666666667,-1.0,Building_9,8,MATD3,0.7900000214576721,True,0.0,0.0,0.0,0.5324955582618713,18,8748,0.0,0.0,-0.0,166428,0.0,2.290161371231079,-0.5718613266944885,1.2195007801055908,1.8092275857925415,2.290161371231079,2.290161371231079,106,3.524763688463799,1.0,0.1502447155005527,0.0,0.0,0.0,-0.751103937625885,CityLearnV3MADRLRewardFunction,matd3_unified_comparable_v4,E2,-0.0,1907,13.699004831316998,1.0,0.12678711672860973,0.0,8759
8,2.6457513110645907,1.0,0.375,-1.0,Building_10,9,MATD3,0.7900000214576721,True,4.05476112064207e-06,0.0,0.0,0.5324955582618713,18,8748,0.0,0.0,-0.0,166428,0.0,51.64957809448242,-0.815406858921051,27.503170013427734,40.80316925048828,51.64957809448242,51.649574279785156,78,3.3900668691069975,1.0,0.18648767337585107,0.0,0.0,0.0,-0.751103937625885,CityLearnV3MADRLRewardFunction,matd3_unified_comparable_v4,E2,-0.0,1907,13.699004831316998,1.0,0.12678711672860973,0.0,8759
5,1.7320508075688772,1.0,0.6,0.0,Building_11,10,MATD3,0.7900000214576721,True,3.919227674487047e-05,0.0,0.0,0.5324955582618713,18,8748,0.0,0.0,-0.0,166428,0.0,71.5480728149414,-0.8192552924156189,38.099029541015625,56.522979736328125,71.5480728149414,71.54803466796875,57,3.397358594797961,1.0,0.25371194519756135,0.0,0.0,0.0,-0.751103937625885,CityLearnV3MADRLRewardFunction,matd3_unified_comparable_v4,E2,-0.0,1907,13.699004831316998,1.0,0.12678711672860973,0.0,8759
5,2.23606797749979,1.0,0.6,-1.0,Building_12,11,MATD3,0.7900000214576721,True,0.0,0.0,0.0,0.5324955582618713,18,8748,0.0,0.0,-0.0,166428,0.0,215.11593627929688,-0.8188299536705017,114.54827880859375,169.94158935546875,215.11593627929688,215.11593627929688,57,3.2199753522224124,1.0,0.24075160789908023,0.0,0.0,0.0,-0.751103937625885,CityLearnV3MADRLRewardFunction,matd3_unified_comparable_v4,E2,-0.0,1907,13.699004831316998,1.0,0.12678711672860973,0.0,8759
13,2.6457513110645907,1.0,0.5384615384615384,0.0,Building_13,12,MATD3,0.7900000214576721,True,-3.940150236303452e-06,0.0,0.0,0.5324955582618713,18,8748,0.0,0.0,-0.0,166428,0.0,2.0330183506011963,-0.5862566828727722,1.0825732946395874,1.6060845851898193,2.0330183506011963,2.033022403717041,113,3.4123216014469584,1.0,0.12815825298296668,0.0,0.0,0.0,-0.751103937625885,CityLearnV3MADRLRewardFunction,matd3_unified_comparable_v4,E2,-0.0,1907,13.699004831316998,1.0,0.12678711672860973,0.0,8759
6,2.23606797749979,1.0,0.16666666666666666,-1.0,Building_14,13,MATD3,0.7900000214576721,True,0.0,0.0,0.0,0.5324955582618713,18,8748,0.0,0.0,-0.0,166428,0.0,2.6149511337280273,-0.593127429485321,1.3924498558044434,2.0658113956451416,2.6149511337280273,2.6149511337280273,64,3.246010192556302,1.0,0.21219419362023473,0.0,0.0,0.0,-0.751103937625885,CityLearnV3MADRLRewardFunction,matd3_unified_comparable_v4,E2,-0.0,1907,13.699004831316998,1.0,0.12678711672860973,0.0,8759
10,2.6457513110645907,1.0,0.5,-1.0,Building_15,14,MATD3,0.7900000214576721,True,7.83546784077771e-06,0.0,0.0,0.5324955582618713,18,8748,0.0,0.0,-0.0,166428,0.0,19.521488189697266,-0.7485401034355164,10.395105361938477,15.421976089477539,19.521488189697266,19.521480560302734,92,3.476204046154035,1.0,0.1641876099874144,0.0,0.0,0.0,-0.751103937625885,CityLearnV3MADRLRewardFunction,matd3_unified_comparable_v4,E2,-0.0,1907,13.699004831316998,1.0,0.12678711672860973,0.0,8759
13,2.0,1.0,0.15384615384615385,-1.0,Building_16,15,MATD3,0.7900000214576721,True,0.0,0.0,0.0,0.5324955582618713,18,8748,0.0,0.0,-0.0,166428,0.0,54.89390563964844,-0.8144544363021851,29.23076057434082,43.366188049316406,54.89390563964844,54.89390563964844,113,3.2233941880861243,1.0,0.11971595718533593,0.0,0.0,0.0,-0.751103937625885,CityLearnV3MADRLRewardFunction,matd3_unified_comparable_v4,E2,-0.0,1907,13.699004831316998,1.0,0.12678711672860973,0.0,8759
13,2.449489742783178,1.0,0.15384615384615385,-1.0,Building_17,16,MATD3,0.7900000214576721,True,0.0,0.0,0.0,0.5324955582618713,18,8748,0.0,0.0,-0.0,166428,0.0,22.46647071838379,-0.7627844214439392,11.963295936584473,17.748512268066406,22.46647071838379,22.46647071838379,113,3.212997057217479,1.0,0.11923809085799529,0.0,0.0,0.0,-0.751103937625885,CityLearnV3MADRLRewardFunction,matd3_unified_comparable_v4,E2,-0.0,1907,13.699004831316998,1.0,0.12678711672860973,0.0,8759
6,2.0,1.0,0.3333333333333333,-1.0,Building_1,0,MATD3,0.6990569829940796,False,0.0,0.0,0.0,0.5324955582618713,19,0,0.0,0.0,-0.0,166440,-0.0,0.0,-0.48277848958969116,0.0,0.0,0.0,0.0,64,2.928527232774662,1.0,0.22194779315032065,0.0,-0.0,323.0112740570068,-0.26886439323425293,CityLearnV3MADRLRewardFunction,matd3_unified_comparable_v4,E2,-323.0112740570068,1907,15.02172659833332,1.0,0.17397510478156802,0.0,12
8,2.23606797749979,1.0,0.375,-1.0,Building_2,1,MATD3,0.6990569829940796,False,0.0,0.0,0.0,0.5324955582618713,19,0,0.0,0.0,-0.0,166440,-0.0,0.0,-0.2168542891740799,0.0,0.0,0.0,0.0,78,3.0767427494256028,1.0,0.18466720099632555,0.0,-0.0,185.067685546875,-0.26886439323425293,CityLearnV3MADRLRewardFunction,matd3_unified_comparable_v4,E2,-185.067685546875,1907,15.02172659833332,1.0,0.17397510478156802,0.0,12
10,2.8284271247461903,1.0,0.4,-1.0,Building_3,2,MATD3,0.6990569829940796,False,0.0,0.0,0.0,0.5324955582618713,19,0,0.0,0.0,-0.0,166440,-0.0,0.0,-0.2183111011981964,0.0,0.0,0.0,0.0,92,4.4585223007635255,1.0,0.2932934959459564,0.0,-0.0,134.93618726501467,-0.26886439323425293,CityLearnV3MADRLRewardFunction,matd3_unified_comparable_v4,E2,-134.93618726501467,1907,15.02172659833332,1.0,0.17397510478156802,0.0,12
8,2.23606797749979,1.0,0.125,-1.0,Building_4,3,MATD3,0.6990569829940796,False,0.0,0.0,0.0,0.5324955582618713,19,0,0.0,0.0,-0.0,166440,-0.0,0.0,-0.44123896956443787,0.0,0.0,0.0,0.0,78,3.817346551804513,1.0,0.2778716418796625,0.0,-0.0,57.42619287567139,-0.26886439323425293,CityLearnV3MADRLRewardFunction,matd3_unified_comparable_v4,E2,-57.42619287567139,1907,15.02172659833332,1.0,0.17397510478156802,0.0,12
5,1.7320508075688772,1.0,0.2,-1.0,Building_5,4,MATD3,0.6990569829940796,False,0.0,0.0,0.0,0.5324955582618713,19,0,0.0,0.0,-0.0,166440,-0.0,0.0,-0.4765109121799469,0.0,0.0,0.0,0.0,57,3.287327129000024,1.0,0.29627150414805664,0.0,-0.0,23.488924132537843,-0.26886439323425293,CityLearnV3MADRLRewardFunction,matd3_unified_comparable_v4,E2,-23.488924132537843,1907,15.02172659833332,1.0,0.17397510478156802,0.0,12
34,4.323795756857522,1.0,0.377464482012917,-1.0,Building_6,5,MATD3,0.6990569829940796,False,0.0,0.0,0.0,0.5324955582618713,19,0,0.0,0.0,-0.0,166440,-0.0,0.0,-0.432832807302475,0.0,0.0,0.0,0.0,260,6.270140510632876,1.0,0.20037999385251448,0.0,-0.0,480.3083390579223,-0.26886439323425293,CityLearnV3MADRLRewardFunction,matd3_unified_comparable_v4,E2,-480.3083390579223,1907,15.02172659833332,1.0,0.17397510478156802,0.0,12
44,5.0,1.0,0.5227272727272727,-1.0,Building_7,6,MATD3,0.6990569829940796,False,0.0,0.0,0.0,0.5324955582618713,19,0,0.0,0.0,-0.0,166440,-0.0,0.0,-0.21685470640659332,0.0,0.0,0.0,0.0,330,2.9151452838103955,1.0,0.04196046299555085,0.0,-0.0,182.6462932044983,-0.26886439323425293,CityLearnV3MADRLRewardFunction,matd3_unified_comparable_v4,E2,-182.6462932044983,1907,15.02172659833332,1.0,0.17397510478156802,0.0,12
19,3.0,1.0,0.05263157894736842,-1.0,Building_8,7,MATD3,0.6990569829940796,False,0.0,0.0,0.0,0.5324955582618713,19,0,0.0,0.0,-0.0,166440,-0.0,0.0,-0.2168542444705963,0.0,0.0,0.0,0.0,155,2.897777517173464,1.0,0.08881232382789735,0.0,-0.0,489.17726625061033,-0.26886439323425293,CityLearnV3MADRLRewardFunction,matd3_unified_comparable_v4,E2,-489.17726625061033,1907,15.02172659833332,1.0,0.17397510478156802,0.0,12
12,2.6457513110645907,1.0,0.4166666666666667,-1.0,Building_9,8,MATD3,0.6990569829940796,False,0.0,0.0,0.0,0.5324955582618713,19,0,0.0,0.0,-0.0,166440,-0.0,0.0,-0.21686601638793945,0.0,0.0,0.0,0.0,106,3.6604140893511103,1.0,0.18522781702988553,0.0,-0.0,100.22159924468993,-0.26886439323425293,CityLearnV3MADRLRewardFunction,matd3_unified_comparable_v4,E2,-100.22159924468993,1907,15.02172659833332,1.0,0.17397510478156802,0.0,12
8,2.6457513110645907,1.0,0.375,-1.0,Building_10,9,MATD3,0.6990569829940796,False,0.0,0.0,0.0,0.5324955582618713,19,0,0.0,0.0,-0.0,166440,-0.0,0.0,-0.22264215350151062,0.0,0.0,0.0,0.0,78,3.122810292198037,1.0,0.19247744442560735,0.0,-0.0,330.0147431991577,-0.26886439323425293,CityLearnV3MADRLRewardFunction,matd3_unified_comparable_v4,E2,-330.0147431991577,1907,15.02172659833332,1.0,0.17397510478156802,0.0,12
5,1.7320508075688772,1.0,0.6,0.0,Building_11,10,MATD3,0.6990569829940796,False,0.0,0.0,0.0,0.5324955582618713,19,0,0.0,0.0,-0.0,166440,-0.0,0.0,-0.18903540074825287,0.0,0.0,0.0,0.0,57,3.835618270924911,1.0,0.36663280283672767,0.0,-0.0,976.4471098976135,-0.26886439323425293,CityLearnV3MADRLRewardFunction,matd3_unified_comparable_v4,E2,-976.4471098976135,1907,15.02172659833332,1.0,0.17397510478156802,0.0,12
5,2.23606797749979,1.0,0.6,-1.0,Building_12,11,MATD3,0.6990569829940796,False,0.0,0.0,0.0,0.5324955582618713,19,0,0.0,0.0,-0.0,166440,-0.0,0.0,-0.14791381359100342,0.0,0.0,0.0,0.0,57,4.17448132170494,1.0,0.4229460346855615,0.0,-0.0,422.9051329612732,-0.26886439323425293,CityLearnV3MADRLRewardFunction,matd3_unified_comparable_v4,E2,-422.9051329612732,1907,15.02172659833332,1.0,0.17397510478156802,0.0,12
13,2.6457513110645907,1.0,0.5384615384615384,0.0,Building_13,12,MATD3,0.6990569829940796,False,0.0,0.0,0.0,0.5324955582618713,19,0,0.0,0.0,-0.0,166440,-0.0,0.0,-0.21746385097503662,0.0,0.0,0.0,0.0,113,3.0706841319257236,1.0,0.12737851965743885,0.0,-0.0,61.57947823791503,-0.26886439323425293,CityLearnV3MADRLRewardFunction,matd3_unified_comparable_v4,E2,-61.57947823791503,1907,15.02172659833332,1.0,0.17397510478156802,0.0,12
6,2.23606797749979,1.0,0.16666666666666666,-1.0,Building_14,13,MATD3,0.6990569829940796,False,0.0,0.0,0.0,0.5324955582618713,19,0,0.0,0.0,-0.0,166440,-0.0,0.0,-0.2087261974811554,0.0,0.0,0.0,0.0,64,3.7604901349279256,1.0,0.3254957968601957,0.0,-0.0,412.1706073005676,-0.26886439323425293,CityLearnV3MADRLRewardFunction,matd3_unified_comparable_v4,E2,-412.1706073005676,1907,15.02172659833332,1.0,0.17397510478156802,0.0,12
10,2.6457513110645907,1.0,0.5,-1.0,Building_15,14,MATD3,0.6990569829940796,False,0.0,0.0,0.0,0.5324955582618713,19,0,0.0,0.0,-0.0,166440,-0.0,0.0,-0.2168542444705963,0.0,0.0,0.0,0.0,92,3.1348852023418323,1.0,0.1638013875597845,0.0,-0.0,225.9043634643555,-0.26886439323425293,CityLearnV3MADRLRewardFunction,matd3_unified_comparable_v4,E2,-225.9043634643555,1907,15.02172659833332,1.0,0.17397510478156802,0.0,12
13,2.0,1.0,0.15384615384615385,-1.0,Building_16,15,MATD3,0.6990569829940796,False,0.0,0.0,0.0,0.5324955582618713,19,0,0.0,0.0,-0.0,166440,-0.0,0.0,-0.2168542593717575,0.0,0.0,0.0,0.0,113,2.89175461200416,1.0,0.11966792349003058,0.0,-0.0,235.2394178833008,-0.26886439323425293,CityLearnV3MADRLRewardFunction,matd3_unified_comparable_v4,E2,-235.2394178833008,1907,15.02172659833332,1.0,0.17397510478156802,0.0,12
13,2.449489742783178,1.0,0.15384615384615385,-1.0,Building_17,16,MATD3,0.6990569829940796,False,0.0,0.0,0.0,0.5324955582618713,19,0,0.0,0.0,-0.0,166440,-0.0,0.0,-0.23210278153419495,0.0,0.0,0.0,0.0,113,3.0155851735605204,1.0,0.1277398922670204,0.0,-0.0,36.82299024658203,-0.26886439323425293,CityLearnV3MADRLRewardFunction,matd3_unified_comparable_v4,E2,-36.82299024658203,1907,15.02172659833332,1.0,0.17397510478156802,0.0,12
6,2.0,1.0,0.3333333333333333,-1.0,Building_1,0,MATD3,0.7900000214576721,True,0.0,0.0,0.0,0.5324955582618713,19,8747,0.0,0.0,-0.0,175187,0.0,446.8856201171875,-0.8189653754234314,237.96461486816406,353.0396423339844,446.8856201171875,446.8856201171875,64,3.363412979817655,1.0,0.23457947955466807,0.0,0.0,0.0,-0.749430775642395,CityLearnV3MADRLRewardFunction,matd3_unified_comparable_v4,E2,-0.0,1907,14.427767171435672,1.0,0.14020014297183922,0.0,8759
8,2.23606797749979,1.0,0.375,-1.0,Building_2,1,MATD3,0.7900000214576721,True,-7.45059693940675e-08,0.0,0.0,0.5324955582618713,19,8747,0.0,0.0,-0.0,175187,0.0,5.618855953216553,-0.6270701289176941,2.992015838623047,4.438896179199219,5.618855953216553,5.618855953216553,78,3.5967874580055867,1.0,0.20523377832693931,0.0,0.0,0.0,-0.749430775642395,CityLearnV3MADRLRewardFunction,matd3_unified_comparable_v4,E2,-0.0,1907,14.427767171435672,1.0,0.14020014297183922,0.0,8759
10,2.8284271247461903,1.0,0.2,-1.0,Building_3,2,MATD3,0.7900000214576721,True,0.0,0.0,0.0,0.5324955582618713,19,8747,0.0,0.0,-0.0,175187,0.0,98.17061614990234,-0.8163724541664124,52.27541732788086,77.5547866821289,98.17061614990234,98.17061614990234,92,3.3819518729175577,1.0,0.16205699093963788,0.0,0.0,0.0,-0.749430775642395,CityLearnV3MADRLRewardFunction,matd3_unified_comparable_v4,E2,-0.0,1907,14.427767171435672,1.0,0.14020014297183922,0.0,8759
8,2.23606797749979,1.0,0.125,-1.0,Building_4,3,MATD3,0.7900000214576721,True,0.0,0.0,0.0,0.5324955582618713,19,8747,0.0,0.0,-0.0,175187,0.0,28.84416961669922,-0.7846218347549438,15.359392166137695,22.786893844604492,28.84416961669922,28.84416961669922,78,3.365757821671856,1.0,0.19006271679431963,0.0,0.0,0.0,-0.749430775642395,CityLearnV3MADRLRewardFunction,matd3_unified_comparable_v4,E2,-0.0,1907,14.427767171435672,1.0,0.14020014297183922,0.0,8759
5,1.7320508075688772,1.0,0.2,-1.0,Building_5,4,MATD3,0.7900000214576721,True,0.0,0.0,0.0,0.5324955582618713,19,8747,0.0,0.0,-0.0,175187,0.0,43.92958068847656,-0.8752124905586243,23.39230728149414,34.704368591308594,43.92958068847656,37.89287567138672,57,3.687173301001371,1.0,0.31158173084259033,0.0,0.0,0.0,-0.749430775642395,CityLearnV3MADRLRewardFunction,matd3_unified_comparable_v4,E2,-0.0,1907,14.427767171435672,1.0,0.14020014297183922,0.0,8759
34,4.242640687119285,1.0,0.35294117647058826,-1.0,Building_6,5,MATD3,0.7900000214576721,True,0.0,0.0,0.0,0.5324955582618713,19,8747,0.0,0.0,-0.0,175187,0.0,350.8894348144531,-0.8184735774993896,186.84706115722656,277.2026672363281,350.8894348144531,350.8894348144531,260,3.3609150752866683,1.0,0.05693318809454258,0.0,0.0,0.0,-0.749430775642395,CityLearnV3MADRLRewardFunction,matd3_unified_comparable_v4,E2,-0.0,1907,14.427767171435672,1.0,0.14020014297183922,0.0,8759
44,4.69041575982343,1.0,0.45454545454545453,-1.0,Building_7,6,MATD3,0.7900000214576721,True,0.0,0.0,0.0,0.5324955582618713,19,8747,0.0,0.0,-0.0,175187,0.0,18.66022491455078,-0.7413582801818848,9.936487197875977,14.741578102111816,18.66022491455078,18.66022491455078,330,3.4474140676939835,1.0,0.046503418864625876,0.0,0.0,0.0,-0.749430775642395,CityLearnV3MADRLRewardFunction,matd3_unified_comparable_v4,E2,-0.0,1907,14.427767171435672,1.0,0.14020014297183922,0.0,8759
19,3.0,1.0,0.05263157894736842,-1.0,Building_8,7,MATD3,0.7900000214576721,True,0.0,0.0,0.0,0.5324955582618713,19,8747,0.0,0.0,-0.0,175187,0.0,19.251495361328125,-0.7448506951332092,10.251336097717285,15.2086820602417,19.251495361328125,19.251495361328125,155,3.5885433590282907,1.0,0.10431925356388091,0.0,0.0,0.0,-0.749430775642395,CityLearnV3MADRLRewardFunction,matd3_unified_comparable_v4,E2,-0.0,1907,14.427767171435672,1.0,0.14020014297183922,0.0,8759
12,2.6457513110645907,1.0,0.4166666666666667,-1.0,Building_9,8,MATD3,0.7900000214576721,True,0.0,0.0,0.0,0.5324955582618713,19,8747,0.0,0.0,-0.0,175187,0.0,2.4506425857543945,-0.5724970698356628,1.304956316947937,1.9360077381134033,2.4506425857543945,2.4506425857543945,106,3.69422321994266,1.0,0.16635122839009986,0.0,0.0,0.0,-0.749430775642395,CityLearnV3MADRLRewardFunction,matd3_unified_comparable_v4,E2,-0.0,1907,14.427767171435672,1.0,0.14020014297183922,0.0,8759
8,2.6457513110645907,1.0,0.375,-1.0,Building_10,9,MATD3,0.7900000214576721,True,4.05476112064207e-06,0.0,0.0,0.5324955582618713,19,8747,0.0,0.0,-0.0,175187,0.0,34.334144592285156,-0.7982547283172607,18.282779693603516,27.12397575378418,34.334144592285156,34.33414077758789,78,3.553005704318034,1.0,0.2039076835872271,0.0,0.0,0.0,-0.749430775642395,CityLearnV3MADRLRewardFunction,matd3_unified_comparable_v4,E2,-0.0,1907,14.427767171435672,1.0,0.14020014297183922,0.0,8759
5,1.7320508075688772,1.0,0.6,0.0,Building_11,10,MATD3,0.7900000214576721,True,-4.3632415327010676e-05,0.0,0.0,0.5324955582618713,19,8747,0.0,0.0,-0.0,175187,0.0,57.91752243041992,-0.8160344958305359,30.840824127197266,45.754844665527344,57.91752243041992,57.917564392089844,57,3.5642476095893274,1.0,0.27870716076148183,0.0,0.0,0.0,-0.749430775642395,CityLearnV3MADRLRewardFunction,matd3_unified_comparable_v4,E2,-0.0,1907,14.427767171435672,1.0,0.14020014297183922,0.0,8759
5,2.23606797749979,1.0,0.6,-1.0,Building_12,11,MATD3,0.7900000214576721,True,0.0,0.0,0.0,0.5324955582618713,19,8747,0.0,0.0,-0.0,175187,0.0,182.6020965576172,-0.8172582387924194,97.23480224609375,144.2556610107422,182.6020965576172,182.6020965576172,57,3.38220839408873,1.0,0.2615112162995757,0.0,0.0,0.0,-0.749430775642395,CityLearnV3MADRLRewardFunction,matd3_unified_comparable_v4,E2,-0.0,1907,14.427767171435672,1.0,0.14020014297183922,0.0,8759
13,2.6457513110645907,1.0,0.38461538461538464,-1.0,Building_13,12,MATD3,0.7900000214576721,True,-3.940150236303452e-06,0.0,0.0,0.5324955582618713,19,8747,0.0,0.0,-0.0,175187,0.0,2.789363384246826,-0.5940473675727844,1.4853236675262451,2.203597068786621,2.789363384246826,2.789367437362671,113,3.5803868130996173,1.0,0.14118063555354565,0.0,0.0,0.0,-0.749430775642395,CityLearnV3MADRLRewardFunction,matd3_unified_comparable_v4,E2,-0.0,1907,14.427767171435672,1.0,0.14020014297183922,0.0,8759
6,2.23606797749979,1.0,0.16666666666666666,-1.0,Building_14,13,MATD3,0.7900000214576721,True,0.0,0.0,0.0,0.5324955582618713,19,8747,0.0,0.0,-0.0,175187,0.0,2.485826015472412,-0.5903028845787048,1.3236913681030273,1.9638025760650635,2.485826015472412,2.485826015472412,64,3.418981692118897,1.0,0.23510858113877475,0.0,0.0,0.0,-0.749430775642395,CityLearnV3MADRLRewardFunction,matd3_unified_comparable_v4,E2,-0.0,1907,14.427767171435672,1.0,0.14020014297183922,0.0,8759
10,2.6457513110645907,1.0,0.5,-1.0,Building_15,14,MATD3,0.7900000214576721,True,7.83546784077771e-06,0.0,0.0,0.5324955582618713,19,8747,0.0,0.0,-0.0,175187,0.0,20.59412384033203,-0.7531738877296448,10.966279029846191,16.269357681274414,20.59412384033203,20.5941162109375,92,3.6451399286674238,1.0,0.18041073595700058,0.0,0.0,0.0,-0.749430775642395,CityLearnV3MADRLRewardFunction,matd3_unified_comparable_v4,E2,-0.0,1907,14.427767171435672,1.0,0.14020014297183922,0.0,8759
13,2.0,1.0,0.15384615384615385,-1.0,Building_16,15,MATD3,0.7900000214576721,True,0.0,0.0,0.0,0.5324955582618713,19,8747,0.0,0.0,-0.0,175187,0.0,103.13050842285156,-0.8164421319961548,54.91653823852539,81.47310638427734,103.13050842285156,103.13050842285156,113,3.4178754577396515,1.0,0.13568326870424557,0.0,0.0,0.0,-0.749430775642395,CityLearnV3MADRLRewardFunction,matd3_unified_comparable_v4,E2,-0.0,1907,14.427767171435672,1.0,0.14020014297183922,0.0,8759
13,2.449489742783178,1.0,0.15384615384615385,-1.0,Building_17,16,MATD3,0.7900000214576721,True,0.0,0.0,0.0,0.5324955582618713,19,8747,0.0,0.0,-0.0,175187,0.0,21.1981143951416,-0.7553873658180237,11.287901878356934,16.746511459350586,21.1981143951416,21.1981143951416,113,3.40587103762136,1.0,0.13510602633510016,0.0,0.0,0.0,-0.749430775642395,CityLearnV3MADRLRewardFunction,matd3_unified_comparable_v4,E2,-0.0,1907,14.427767171435672,1.0,0.14020014297183922,0.0,8759
6,2.0,1.0,0.3333333333333333,-1.0,Building_1,0,MATD3,0.7292720079421997,False,0.0,0.0,0.0,0.5324955582618713,20,0,0.0,0.0,-0.0,175200,-0.0,0.0,-0.5293850898742676,0.0,0.0,0.0,0.0,64,2.907894619539145,1.0,0.23676692030858248,0.0,-0.0,901.7688590698242,-0.33715686202049255,CityLearnV3MADRLRewardFunction,matd3_unified_comparable_v4,E2,-901.7688590698242,1907,15.0664388198261,1.0,0.18485668312521836,0.0,13
8,2.23606797749979,1.0,0.375,-1.0,Building_2,1,MATD3,0.7292720079421997,False,0.0,0.0,0.0,0.5324955582618713,20,0,0.0,0.0,-0.0,175200,-0.0,0.0,-0.26450780034065247,0.0,0.0,0.0,0.0,78,3.1378691311681117,1.0,0.20446305616925925,0.0,-0.0,516.11560546875,-0.33715686202049255,CityLearnV3MADRLRewardFunction,matd3_unified_comparable_v4,E2,-516.11560546875,1907,15.0664388198261,1.0,0.18485668312521836,0.0,13
10,2.8284271247461903,1.0,0.2,-1.0,Building_3,2,MATD3,0.7292720079421997,False,0.0,0.0,0.0,0.5324955582618713,20,0,0.0,0.0,-0.0,175200,-0.0,0.0,-0.3459402620792389,0.0,0.0,0.0,0.0,92,3.713597945186768,1.0,0.23024841082160888,0.0,-0.0,383.1377667358398,-0.33715686202049255,CityLearnV3MADRLRewardFunction,matd3_unified_comparable_v4,E2,-383.1377667358398,1907,15.0664388198261,1.0,0.18485668312521836,0.0,13
8,2.23606797749979,1.0,0.125,-1.0,Building_4,3,MATD3,0.7292720079421997,False,0.0,0.0,0.0,0.5324955582618713,20,0,0.0,0.0,-0.0,175200,-0.0,0.0,-0.604010283946991,0.0,0.0,0.0,0.0,78,3.749143592570695,1.0,0.28321938780255806,0.0,-0.0,161.12602354125977,-0.33715686202049255,CityLearnV3MADRLRewardFunction,matd3_unified_comparable_v4,E2,-161.12602354125977,1907,15.0664388198261,1.0,0.18485668312521836,0.0,13
5,1.7320508075688772,1.0,0.2,-1.0,Building_5,4,MATD3,0.7292720079421997,False,0.0,0.0,0.0,0.5324955582618713,20,0,0.0,0.0,-0.0,175200,-0.0,0.0,-0.528260350227356,0.0,0.0,0.0,0.0,57,3.2982214935467056,1.0,0.3179838507060419,0.0,-0.0,69.24357563476563,-0.33715686202049255,CityLearnV3MADRLRewardFunction,matd3_unified_comparable_v4,E2,-69.24357563476563,1907,15.0664388198261,1.0,0.18485668312521836,0.0,13
34,4.242640687119285,1.0,0.35294117647058826,-1.0,Building_6,5,MATD3,0.7292720079421997,False,0.0,0.0,0.0,0.5324955582618713,20,0,0.0,0.0,-0.0,175200,-0.0,0.0,-0.6063457131385803,0.0,0.0,0.0,0.0,260,6.472088928376722,1.0,0.21515699421557097,0.0,-0.0,1332.762088165283,-0.33715686202049255,CityLearnV3MADRLRewardFunction,matd3_unified_comparable_v4,E2,-1332.762088165283,1907,15.0664388198261,1.0,0.18485668312521836,0.0,13
44,4.69041575982343,1.0,0.45454545454545453,-1.0,Building_7,6,MATD3,0.7292720079421997,False,0.0,0.0,0.0,0.5324955582618713,20,0,0.0,0.0,-0.0,175200,-0.0,0.0,-0.264507919549942,0.0,0.0,0.0,0.0,330,2.9623342367074375,1.0,0.04571332847981742,0.0,-0.0,519.4921203918457,-0.33715686202049255,CityLearnV3MADRLRewardFunction,matd3_unified_comparable_v4,E2,-519.4921203918457,1907,15.0664388198261,1.0,0.18485668312521836,0.0,13
19,3.0,1.0,0.05263157894736842,-1.0,Building_8,7,MATD3,0.7292720079421997,False,0.0,0.0,0.0,0.5324955582618713,20,0,0.0,0.0,-0.0,175200,-0.0,0.0,-0.26450732350349426,0.0,0.0,0.0,0.0,155,2.986206068194139,1.0,0.0989209672616374,0.0,-0.0,1357.0532388305664,-0.33715686202049255,CityLearnV3MADRLRewardFunction,matd3_unified_comparable_v4,E2,-1357.0532388305664,1907,15.0664388198261,1.0,0.18485668312521836,0.0,13
12,2.6457513110645907,1.0,0.4166666666666667,-1.0,Building_9,8,MATD3,0.7292720079421997,False,0.0,0.0,0.0,0.5324955582618713,20,0,0.0,0.0,-0.0,175200,-0.0,0.0,-0.26460617780685425,0.0,0.0,0.0,0.0,106,4.003305834435984,1.0,0.2301139662147693,0.0,-0.0,285.80534162597655,-0.33715686202049255,CityLearnV3MADRLRewardFunction,matd3_unified_comparable_v4,E2,-285.80534162597655,1907,15.0664388198261,1.0,0.18485668312521836,0.0,13
8,2.6457513110645907,1.0,0.375,-1.0,Building_10,9,MATD3,0.7292720079421997,False,0.0,0.0,0.0,0.5324955582618713,20,0,0.0,0.0,-0.0,175200,-0.0,0.0,-0.26450732350349426,0.0,0.0,0.0,0.0,78,3.0974200992247725,1.0,0.20386417038165605,0.0,-0.0,920.9653324768066,-0.33715686202049255,CityLearnV3MADRLRewardFunction,matd3_unified_comparable_v4,E2,-920.9653324768066,1907,15.0664388198261,1.0,0.18485668312521836,0.0,13
5,1.7320508075688772,1.0,0.6,0.0,Building_11,10,MATD3,0.7292720079421997,False,0.0,0.0,0.0,0.5324955582618713,20,0,0.0,0.0,-0.0,175200,-0.0,0.0,-0.23291939496994019,0.0,0.0,0.0,0.0,57,3.840176607949126,1.0,0.38602729416207265,0.0,-0.0,2741.846281771851,-0.33715686202049255,CityLearnV3MADRLRewardFunction,matd3_unified_comparable_v4,E2,-2741.846281771851,1907,15.0664388198261,1.0,0.18485668312521836,0.0,13
5,2.23606797749979,1.0,0.6,-1.0,Building_12,11,MATD3,0.7292720079421997,False,0.0,0.0,0.0,0.5324955582618713,20,0,0.0,0.0,-0.0,175200,-0.0,0.0,-0.1935981959104538,0.0,0.0,0.0,0.0,57,4.1824239725656875,1.0,0.4422346987483794,0.0,-0.0,1175.515663909912,-0.33715686202049255,CityLearnV3MADRLRewardFunction,matd3_unified_comparable_v4,E2,-1175.515663909912,1907,15.0664388198261,1.0,0.18485668312521836,0.0,13
13,2.6457513110645907,1.0,0.38461538461538464,-1.0,Building_13,12,MATD3,0.7292720079421997,False,0.0,0.0,0.0,0.5324955582618713,20,0,0.0,0.0,-0.0,175200,-0.0,0.0,-0.26523512601852417,0.0,0.0,0.0,0.0,113,3.126744187116592,1.0,0.14083591743116886,0.0,-0.0,174.61268526611326,-0.33715686202049255,CityLearnV3MADRLRewardFunction,matd3_unified_comparable_v4,E2,-174.61268526611326,1907,15.0664388198261,1.0,0.18485668312521836,0.0,13
6,2.23606797749979,1.0,0.16666666666666666,-1.0,Building_14,13,MATD3,0.7292720079421997,False,0.0,0.0,0.0,0.5324955582618713,20,0,0.0,0.0,-0.0,175200,-0.0,0.0,-0.2637919485569,0.0,0.0,0.0,0.0,64,3.8621034464654365,1.0,0.35831684910226613,0.0,-0.0,1146.1052786682128,-0.33715686202049255,CityLearnV3MADRLRewardFunction,matd3_unified_comparable_v4,E2,-1146.1052786682128,1907,15.0664388198261,1.0,0.18485668312521836,0.0,13
10,2.6457513110645907,1.0,0.5,-1.0,Building_15,14,MATD3,0.7292720079421997,False,0.0,0.0,0.0,0.5324955582618713,20,0,0.0,0.0,-0.0,175200,-0.0,0.0,-0.26450735330581665,0.0,0.0,0.0,0.0,92,3.139458841255539,1.0,0.17410262447336447,0.0,-0.0,635.5335157348634,-0.33715686202049255,CityLearnV3MADRLRewardFunction,matd3_unified_comparable_v4,E2,-635.5335157348634,1907,15.0664388198261,1.0,0.18485668312521836,0.0,13
13,2.0,1.0,0.15384615384615385,-1.0,Building_16,15,MATD3,0.7292720079421997,False,0.0,0.0,0.0,0.5324955582618713,20,0,0.0,0.0,-0.0,175200,-0.0,0.0,-0.2645075023174286,0.0,0.0,0.0,0.0,113,2.940443409265892,1.0,0.134778215360325,0.0,-0.0,661.1323328613281,-0.33715686202049255,CityLearnV3MADRLRewardFunction,matd3_unified_comparable_v4,E2,-661.1323328613281,1907,15.0664388198261,1.0,0.18485668312521836,0.0,13
13,2.449489742783178,1.0,0.15384615384615385,-1.0,Building_17,16,MATD3,0.7292720079421997,False,0.0,0.0,0.0,0.5324955582618713,20,0,0.0,0.0,-0.0,175200,-0.0,0.0,-0.3105285167694092,0.0,0.0,0.0,0.0,113,3.0552724199536887,1.0,0.14215880513718698,0.0,-0.0,103.4582147491455,-0.33715686202049255,CityLearnV3MADRLRewardFunction,matd3_unified_comparable_v4,E2,-103.4582147491455,1907,15.0664388198261,1.0,0.18485668312521836,0.0,13
6,2.0,1.0,0.3333333333333333,-1.0,Building_1,0,MATD3,0.7900000214576721,True,0.0,0.0,0.0,0.5324955582618713,20,8746,0.0,0.0,-0.0,183946,0.0,391.586669921875,-0.7380411624908447,208.51815795898438,309.3534851074219,391.586669921875,391.586669921875,64,3.293957432767496,1.0,0.22063545673154294,0.0,0.0,0.0,-0.6344925165176392,CityLearnV3MADRLRewardFunction,matd3_unified_comparable_v4,E2,-0.0,1907,14.037640853210277,1.0,0.13132978946861323,0.0,8759
8,2.23606797749979,1.0,0.375,-1.0,Building_2,1,MATD3,0.7900000214576721,True,-7.45059693940675e-08,0.0,0.0,0.5324955582618713,20,8746,0.0,0.0,-0.0,183946,0.0,0.18486037850379944,-0.4819023013114929,0.09843733161687851,0.1460397094488144,0.18486037850379944,0.1848604530096054,78,3.520597752596835,1.0,0.19391298790772757,0.0,0.0,0.0,-0.6344925165176392,CityLearnV3MADRLRewardFunction,matd3_unified_comparable_v4,E2,-0.0,1907,14.037640853210277,1.0,0.13132978946861323,0.0,8759
10,2.8284271247461903,1.0,0.2,-1.0,Building_3,2,MATD3,0.7900000214576721,True,0.0,0.0,0.0,0.5324955582618713,20,8746,0.0,0.0,-0.0,183946,0.0,39.0087890625,-0.7227957248687744,20.77200698852539,30.816944122314453,39.0087890625,39.0087890625,92,3.2643349760543376,1.0,0.15071380041215732,0.0,0.0,0.0,-0.6344925165176392,CityLearnV3MADRLRewardFunction,matd3_unified_comparable_v4,E2,-0.0,1907,14.037640853210277,1.0,0.13132978946861323,0.0,8759
8,2.23606797749979,1.0,0.125,-1.0,Building_4,3,MATD3,0.7900000214576721,True,0.0,0.0,0.0,0.5324955582618713,20,8746,0.0,0.0,-0.0,183946,0.0,36.67196273803711,-0.7198008894920349,19.52765655517578,28.97085189819336,36.67196273803711,36.67196273803711,78,3.2650679327162457,1.0,0.1776794059536396,0.0,0.0,0.0,-0.6344925165176392,CityLearnV3MADRLRewardFunction,matd3_unified_comparable_v4,E2,-0.0,1907,14.037640853210277,1.0,0.13132978946861323,0.0,8759
5,1.7320508075688772,1.0,0.2,-1.0,Building_5,4,MATD3,0.7900000214576721,True,0.0,0.0,0.0,0.5324955582618713,20,8746,0.0,0.0,-0.0,183946,0.0,60.26204299926758,-0.8008149266242981,32.089271545410156,47.60701370239258,60.26204299926758,54.225337982177734,57,3.569266383478027,1.0,0.29216772161032023,0.0,0.0,0.0,-0.6344925165176392,CityLearnV3MADRLRewardFunction,matd3_unified_comparable_v4,E2,-0.0,1907,14.037640853210277,1.0,0.13132978946861323,0.0,8759
34,4.123105625617661,1.0,0.3235294117647059,-1.0,Building_6,5,MATD3,0.7900000214576721,True,0.0,0.0,0.0,0.5324955582618713,20,8746,0.0,0.0,-0.0,183946,0.0,348.8946838378906,-0.7377809882164001,185.7848663330078,275.6268005371094,348.8946838378906,348.8946838378906,260,3.2554705069875767,1.0,0.05311486892975294,0.0,0.0,0.0,-0.6344925165176392,CityLearnV3MADRLRewardFunction,matd3_unified_comparable_v4,E2,-0.0,1907,14.037640853210277,1.0,0.13132978946861323,0.0,8759
44,4.69041575982343,1.0,0.45454545454545453,-1.0,Building_7,6,MATD3,0.7900000214576721,True,0.0,0.0,0.0,0.5324955582618713,20,8746,0.0,0.0,-0.0,183946,0.0,2.9800853729248047,-0.515507698059082,1.58688223361969,2.3542675971984863,2.9800853729248047,2.9800853729248047,330,3.362323585222599,1.0,0.04331309124827385,0.0,0.0,0.0,-0.6344925165176392,CityLearnV3MADRLRewardFunction,matd3_unified_comparable_v4,E2,-0.0,1907,14.037640853210277,1.0,0.13132978946861323,0.0,8759
19,3.1622776601683795,1.0,0.10526315789473684,-1.0,Building_8,7,MATD3,0.7900000214576721,True,0.0,0.0,0.0,0.5324955582618713,20,8746,0.0,0.0,-0.0,183946,0.0,6.19936990737915,-0.5526419281959534,3.3011369705200195,4.897502422332764,6.19936990737915,6.19936990737915,155,3.3962261274741334,1.0,0.09467931918559536,0.0,0.0,0.0,-0.6344925165176392,CityLearnV3MADRLRewardFunction,matd3_unified_comparable_v4,E2,-0.0,1907,14.037640853210277,1.0,0.13132978946861323,0.0,8759
12,2.6457513110645907,1.0,0.4166666666666667,-1.0,Building_9,8,MATD3,0.7900000214576721,True,0.0,0.0,0.0,0.5324955582618713,20,8746,0.0,0.0,-0.0,183946,0.0,2.1350696086883545,-0.48803892731666565,1.1369150876998901,1.6867049932479858,2.1350696086883545,2.1350696086883545,106,3.5815197403337824,1.0,0.15437126440821952,0.0,0.0,0.0,-0.6344925165176392,CityLearnV3MADRLRewardFunction,matd3_unified_comparable_v4,E2,-0.0,1907,14.037640853210277,1.0,0.13132978946861323,0.0,8759
8,2.6457513110645907,1.0,0.375,-1.0,Building_10,9,MATD3,0.7900000214576721,True,4.05476112064207e-06,0.0,0.0,0.5324955582618713,20,8746,0.0,0.0,-0.0,183946,0.0,16.451885223388672,-0.6470885872840881,8.7605562210083,12.996989250183105,16.451885223388672,16.451881408691406,78,3.473783397409411,1.0,0.19227790861175612,0.0,0.0,0.0,-0.6344925165176392,CityLearnV3MADRLRewardFunction,matd3_unified_comparable_v4,E2,-0.0,1907,14.037640853210277,1.0,0.13132978946861323,0.0,8759
5,1.7320508075688772,1.0,0.6,0.0,Building_11,10,MATD3,0.7900000214576721,True,-4.3632415327010676e-05,0.0,0.0,0.5324955582618713,20,8746,0.0,0.0,-0.0,183946,0.0,66.45193481445312,-0.7367866039276123,35.38536071777344,52.49702835083008,66.45193481445312,66.45198059082031,57,3.477940833916371,1.0,0.2622795214778499,0.0,0.0,0.0,-0.6344925165176392,CityLearnV3MADRLRewardFunction,matd3_unified_comparable_v4,E2,-0.0,1907,14.037640853210277,1.0,0.13132978946861323,0.0,8759
5,2.23606797749979,1.0,0.6,-1.0,Building_12,11,MATD3,0.7900000214576721,True,0.0,0.0,0.0,0.5324955582618713,20,8746,0.0,0.0,-0.0,183946,0.0,155.388671875,-0.7363194823265076,82.7437744140625,122.7570571899414,155.388671875,155.388671875,57,3.2986450553893563,1.0,0.24877953738497013,0.0,0.0,0.0,-0.6344925165176392,CityLearnV3MADRLRewardFunction,matd3_unified_comparable_v4,E2,-0.0,1907,14.037640853210277,1.0,0.13132978946861323,0.0,8759
13,2.6457513110645907,1.0,0.38461538461538464,-1.0,Building_13,12,MATD3,0.7900000214576721,True,-3.940150236303452e-06,0.0,0.0,0.5324955582618713,20,8746,0.0,0.0,-0.0,183946,0.0,0.10476967692375183,-0.48092877864837646,0.055789388716220856,0.0827680453658104,0.10476967692375183,0.1047736182808876,113,3.5034903058070705,1.0,0.13320528907058513,0.0,0.0,0.0,-0.6344925165176392,CityLearnV3MADRLRewardFunction,matd3_unified_comparable_v4,E2,-0.0,1907,14.037640853210277,1.0,0.13132978946861323,0.0,8759
6,2.23606797749979,1.0,0.16666666666666666,-1.0,Building_14,13,MATD3,0.7900000214576721,True,0.0,0.0,0.0,0.5324955582618713,20,8746,0.0,0.0,-0.0,183946,0.0,1.3521205186843872,-0.4960079789161682,0.7199981808662415,1.068175196647644,1.3521205186843872,1.3521205186843872,64,3.3627989173264545,1.0,0.22267394256778061,0.0,0.0,0.0,-0.6344925165176392,CityLearnV3MADRLRewardFunction,matd3_unified_comparable_v4,E2,-0.0,1907,14.037640853210277,1.0,0.13132978946861323,0.0,8759
10,2.6457513110645907,1.0,0.5,-1.0,Building_15,14,MATD3,0.7900000214576721,True,7.83546784077771e-06,0.0,0.0,0.5324955582618713,20,8746,0.0,0.0,-0.0,183946,0.0,15.14763069152832,-0.6376004219055176,8.066045761108398,11.966629028320312,15.14763069152832,15.147623062133789,92,3.544345822682829,1.0,0.16898532470931177,0.0,0.0,0.0,-0.6344925165176392,CityLearnV3MADRLRewardFunction,matd3_unified_comparable_v4,E2,-0.0,1907,14.037640853210277,1.0,0.13132978946861323,0.0,8759
13,2.0,1.0,0.15384615384615385,-1.0,Building_16,15,MATD3,0.7900000214576721,True,0.0,0.0,0.0,0.5324955582618713,20,8746,0.0,0.0,-0.0,183946,0.0,11.957420349121094,-0.6107066869735718,6.367273330688477,9.446362495422363,11.957420349121094,11.957420349121094,113,3.329471900994795,1.0,0.1249398920124611,0.0,0.0,0.0,-0.6344925165176392,CityLearnV3MADRLRewardFunction,matd3_unified_comparable_v4,E2,-0.0,1907,14.037640853210277,1.0,0.13132978946861323,0.0,8759
13,2.23606797749979,1.0,0.07692307692307693,-1.0,Building_17,16,MATD3,0.7900000214576721,True,0.0,0.0,0.0,0.5324955582618713,20,8746,0.0,0.0,-0.0,183946,0.0,23.087642669677734,-0.6836103796958923,12.2940673828125,18.239238739013672,23.087642669677734,23.087642669677734,113,3.3488064918118936,1.0,0.129059622773027,0.0,0.0,0.0,-0.6344925165176392,CityLearnV3MADRLRewardFunction,matd3_unified_comparable_v4,E2,-0.0,1907,14.037640853210277,1.0,0.13132978946861323,0.0,8759
6,2.0,1.0,0.3333333333333333,-1.0,Building_1,0,MATD3,0.7657309770584106,False,0.0,0.0,0.0,0.5324955582618713,21,0,0.0,0.0,-0.0,183960,-0.0,0.0,-0.16885873675346375,0.0,0.0,0.0,0.0,64,2.8629177980406277,0.9330127239227295,0.20830941582971718,0.0,-0.0,701.5757252593994,-0.20088273286819458,CityLearnV3MADRLRewardFunction,matd3_unified_comparable_v4,E2,-701.5757252593994,1907,15.125172212025115,1.0,0.1733350614027189,0.0,14
8,2.23606797749979,1.0,0.375,-1.0,Building_2,1,MATD3,0.7657309770584106,False,0.0,0.0,0.0,0.5324955582618713,21,0,0.0,0.0,-0.0,183960,-0.0,0.0,-0.16885682940483093,0.0,0.0,0.0,0.0,78,3.0299227374154656,0.9999989867210388,0.17927727030399135,0.0,-0.0,401.635869140625,-0.20088273286819458,CityLearnV3MADRLRewardFunction,matd3_unified_comparable_v4,E2,-401.635869140625,1907,15.125172212025115,1.0,0.1733350614027189,0.0,14
10,2.8284271247461903,1.0,0.2,-1.0,Building_3,2,MATD3,0.7657309770584106,False,0.0,0.0,0.0,0.5324955582618713,21,0,0.0,0.0,-0.0,183960,-0.0,0.0,-0.14831624925136566,0.0,0.0,0.0,0.0,92,3.8699040073517774,1.0,0.23047478581049843,0.0,-0.0,297.41554025878906,-0.20088273286819458,CityLearnV3MADRLRewardFunction,matd3_unified_comparable_v4,E2,-297.41554025878906,1907,15.125172212025115,1.0,0.1733350614027189,0.0,14
8,2.23606797749979,1.0,0.125,-1.0,Building_4,3,MATD3,0.7657309770584106,False,0.0,0.0,0.0,0.5324955582618713,21,0,0.0,0.0,-0.0,183960,-0.0,0.0,-0.5073182582855225,0.0,0.0,0.0,0.0,78,3.529833119485232,1.0,0.2430983753516697,0.0,-0.0,125.27581451416017,-0.20088273286819458,CityLearnV3MADRLRewardFunction,matd3_unified_comparable_v4,E2,-125.27581451416017,1907,15.125172212025115,1.0,0.1733350614027189,0.0,14
5,1.7320508075688772,1.0,0.2,-1.0,Building_5,4,MATD3,0.7657309770584106,False,0.0,0.0,0.0,0.5324955582618713,21,0,0.0,0.0,-0.0,183960,-0.0,0.0,-0.24343697726726532,0.0,0.0,0.0,0.0,57,3.2509014956430033,1.0,0.2824451177495352,0.0,-0.0,53.43387860870362,-0.20088273286819458,CityLearnV3MADRLRewardFunction,matd3_unified_comparable_v4,E2,-53.43387860870362,1907,15.125172212025115,1.0,0.1733350614027189,0.0,14
34,4.123105625617661,1.0,0.3235294117647059,-1.0,Building_6,5,MATD3,0.7657309770584106,False,0.0,0.0,0.0,0.5324955582618713,21,0,0.0,0.0,-0.0,183960,-0.0,0.0,-0.4402088224887848,0.0,0.0,0.0,0.0,260,7.080912213454401,1.0,0.24644712110479863,0.0,-0.0,1037.9774754699706,-0.20088273286819458,CityLearnV3MADRLRewardFunction,matd3_unified_comparable_v4,E2,-1037.9774754699706,1907,15.125172212025115,1.0,0.1733350614027189,0.0,14
44,4.69041575982343,1.0,0.45454545454545453,-1.0,Building_7,6,MATD3,0.7657309770584106,False,0.0,0.0,0.0,0.5324955582618713,21,0,0.0,0.0,-0.0,183960,-0.0,0.0,-0.16885682940483093,0.0,0.0,0.0,0.0,330,2.8571016761845307,0.9330127239227295,0.03980817199600014,0.0,-0.0,403.05568550262456,-0.20088273286819458,CityLearnV3MADRLRewardFunction,matd3_unified_comparable_v4,E2,-403.05568550262456,1907,15.125172212025115,1.0,0.1733350614027189,0.0,14
19,3.1622776601683795,1.0,0.10526315789473684,-1.0,Building_8,7,MATD3,0.7657309770584106,False,0.0,0.0,0.0,0.5324955582618713,21,0,0.0,0.0,-0.0,183960,-0.0,0.0,-0.16885682940483093,0.0,0.0,0.0,0.0,155,2.8282516546611602,0.9330127239227295,0.0846330682296426,0.0,-0.0,1056.939999481201,-0.20088273286819458,CityLearnV3MADRLRewardFunction,matd3_unified_comparable_v4,E2,-1056.939999481201,1907,15.125172212025115,1.0,0.1733350614027189,0.0,14
12,2.6457513110645907,1.0,0.4166666666666667,-1.0,Building_9,8,MATD3,0.7657309770584106,False,0.0,0.0,0.0,0.5324955582618713,21,0,0.0,0.0,-0.0,183960,-0.0,0.0,-0.12140610814094543,0.0,0.0,0.0,0.0,106,4.209774227414217,1.0,0.23073604874277734,0.0,-0.0,221.71617525634764,-0.20088273286819458,CityLearnV3MADRLRewardFunction,matd3_unified_comparable_v4,E2,-221.71617525634764,1907,15.125172212025115,1.0,0.1733350614027189,0.0,14
8,2.6457513110645907,1.0,0.375,-1.0,Building_10,9,MATD3,0.7657309770584106,False,0.0,0.0,0.0,0.5324955582618713,21,0,0.0,0.0,-0.0,183960,-0.0,0.0,-0.16885682940483093,0.0,0.0,0.0,0.0,78,3.0003138616292926,0.9999988675117493,0.17850510397543892,0.0,-0.0,716.5571416122436,-0.20088273286819458,CityLearnV3MADRLRewardFunction,matd3_unified_comparable_v4,E2,-716.5571416122436,1907,15.125172212025115,1.0,0.1733350614027189,0.0,14
5,1.7320508075688772,1.0,0.6,0.0,Building_11,10,MATD3,0.7657309770584106,False,0.0,0.0,0.0,0.5324955582618713,21,0,0.0,0.0,-0.0,183960,-0.0,0.0,-0.19006629288196564,0.0,0.0,0.0,0.0,57,3.7926417248432647,1.0,0.35490997388893575,0.0,-0.0,2131.1044458999636,-0.20088273286819458,CityLearnV3MADRLRewardFunction,matd3_unified_comparable_v4,E2,-2131.1044458999636,1907,15.125172212025115,1.0,0.1733350614027189,0.0,14
5,2.23606797749979,1.0,0.6,-1.0,Building_12,11,MATD3,0.7657309770584106,False,0.0,0.0,0.0,0.5324955582618713,21,0,0.0,0.0,-0.0,183960,-0.0,0.0,-0.09576833248138428,0.0,0.0,0.0,0.0,57,4.136267344864653,1.0,0.40860471709451657,0.0,-0.0,915.2318970108032,-0.20088273286819458,CityLearnV3MADRLRewardFunction,matd3_unified_comparable_v4,E2,-915.2318970108032,1907,15.125172212025115,1.0,0.1733350614027189,0.0,14
13,2.6457513110645907,1.0,0.38461538461538464,-1.0,Building_13,12,MATD3,0.7657309770584106,False,0.0,0.0,0.0,0.5324955582618713,21,0,0.0,0.0,-0.0,183960,-0.0,0.0,-0.16885726153850555,0.0,0.0,0.0,0.0,113,3.0116183192258763,0.9999988675117493,0.12110158473879626,0.0,-0.0,135.56961401672362,-0.20088273286819458,CityLearnV3MADRLRewardFunction,matd3_unified_comparable_v4,E2,-135.56961401672362,1907,15.125172212025115,1.0,0.1733350614027189,0.0,14
6,2.23606797749979,1.0,0.16666666666666666,-1.0,Building_14,13,MATD3,0.7657309770584106,False,0.0,0.0,0.0,0.5324955582618713,21,0,0.0,0.0,-0.0,183960,-0.0,0.0,-0.14831624925136566,0.0,0.0,0.0,0.0,64,3.6952856685411106,1.0,0.311531164959888,0.0,-0.0,892.275719429016,-0.20088273286819458,CityLearnV3MADRLRewardFunction,matd3_unified_comparable_v4,E2,-892.275719429016,1907,15.125172212025115,1.0,0.1733350614027189,0.0,14
10,2.6457513110645907,1.0,0.5,-1.0,Building_15,14,MATD3,0.7657309770584106,False,0.0,0.0,0.0,0.5324955582618713,21,0,0.0,0.0,-0.0,183960,-0.0,0.0,-0.16885682940483093,0.0,0.0,0.0,0.0,92,3.0261141482072706,0.9999989867210388,0.1526632592709654,0.0,-0.0,493.8169385528565,-0.20088273286819458,CityLearnV3MADRLRewardFunction,matd3_unified_comparable_v4,E2,-493.8169385528565,1907,15.125172212025115,1.0,0.1733350614027189,0.0,14
13,2.0,1.0,0.15384615384615385,-1.0,Building_16,15,MATD3,0.7657309770584106,False,0.0,0.0,0.0,0.5324955582618713,21,0,0.0,0.0,-0.0,183960,-0.0,0.0,-0.16885682940483093,0.0,0.0,0.0,0.0,113,2.849650138975925,0.9330127239227295,0.11617312563039296,0.0,-0.0,513.7917305419923,-0.20088273286819458,CityLearnV3MADRLRewardFunction,matd3_unified_comparable_v4,E2,-513.7917305419923,1907,15.125172212025115,1.0,0.1733350614027189,0.0,14
13,2.23606797749979,1.0,0.07692307692307693,-1.0,Building_17,16,MATD3,0.7657309770584106,False,0.0,0.0,0.0,0.5324955582618713,21,0,0.0,0.0,-0.0,183960,-0.0,0.0,-0.16931232810020447,0.0,0.0,0.0,0.0,113,2.9780421073245957,0.9330127239227295,0.12337982254844587,0.0,-0.0,80.42320086669922,-0.20088273286819458,CityLearnV3MADRLRewardFunction,matd3_unified_comparable_v4,E2,-80.42320086669922,1907,15.125172212025115,1.0,0.1733350614027189,0.0,14
6,2.0,1.0,0.3333333333333333,-1.0,Building_1,0,MATD3,0.7900000214576721,True,0.0,0.0,0.0,0.5324955582618713,21,8745,0.0,0.0,-0.0,192705,0.0,433.45458984375,-0.8200767636299133,230.81263732910156,342.42913818359375,433.45458984375,433.45458984375,64,3.187500130772365,1.0,0.21159187657758594,0.0,0.0,0.0,-0.7509357333183289,CityLearnV3MADRLRewardFunction,matd3_unified_comparable_v4,E2,-0.0,1907,13.663919689487232,1.0,0.12636756319718706,0.0,8759
8,2.23606797749979,1.0,0.375,-1.0,Building_2,1,MATD3,0.7900000214576721,True,-7.45059693940675e-08,0.0,0.0,0.5324955582618713,21,8745,0.0,0.0,-0.0,192705,0.0,15.16435432434082,-0.7195736765861511,8.074951171875,11.979840278625488,15.16435432434082,15.16435432434082,78,3.4503282414222163,1.0,0.19114438100503042,0.0,0.0,0.0,-0.7509357333183289,CityLearnV3MADRLRewardFunction,matd3_unified_comparable_v4,E2,-0.0,1907,13.663919689487232,1.0,0.12636756319718706,0.0,8759
10,2.8284271247461903,1.0,0.2,-1.0,Building_3,2,MATD3,0.7900000214576721,True,0.0,0.0,0.0,0.5324955582618713,21,8745,0.0,0.0,-0.0,192705,0.0,94.53981018066406,-0.8174806237220764,50.3420295715332,74.68645477294922,94.53981018066406,94.53981018066406,92,3.204969290194373,1.0,0.14604751976287883,0.0,0.0,0.0,-0.7509357333183289,CityLearnV3MADRLRewardFunction,matd3_unified_comparable_v4,E2,-0.0,1907,13.663919689487232,1.0,0.12636756319718706,0.0,8759
8,2.23606797749979,1.0,0.125,-1.0,Building_4,3,MATD3,0.7900000214576721,True,0.0,0.0,0.0,0.5324955582618713,21,8745,0.0,0.0,-0.0,192705,0.0,31.04317283630371,-0.791361391544342,16.530351638793945,24.524106979370117,31.04317283630371,31.04317283630371,78,3.1916766443122158,1.0,0.17149378894231257,0.0,0.0,0.0,-0.7509357333183289,CityLearnV3MADRLRewardFunction,matd3_unified_comparable_v4,E2,-0.0,1907,13.663919689487232,1.0,0.12636756319718706,0.0,8759
5,1.7320508075688772,1.0,0.2,-1.0,Building_5,4,MATD3,0.7900000214576721,True,0.0,0.0,0.0,0.5324955582618713,21,8745,0.0,0.0,-0.0,192705,0.0,44.57567596435547,-0.8768409490585327,23.73634910583496,35.21478271484375,44.57567596435547,38.538970947265625,57,3.52707183687306,1.0,0.28582403926472916,0.0,0.0,0.0,-0.7509357333183289,CityLearnV3MADRLRewardFunction,matd3_unified_comparable_v4,E2,-0.0,1907,13.663919689487232,1.0,0.12636756319718706,0.0,8759
34,4.0,1.0,0.29411764705882354,-1.0,Building_6,5,MATD3,0.7900000214576721,True,0.0,0.0,0.0,0.5324955582618713,21,8745,0.0,0.0,-0.0,192705,0.0,362.8901062011719,-0.8197060227394104,193.23736572265625,286.6831970214844,362.8901062011719,362.8901062011719,260,3.184578026920365,1.0,0.05131137789441989,0.0,0.0,0.0,-0.7509357333183289,CityLearnV3MADRLRewardFunction,matd3_unified_comparable_v4,E2,-0.0,1907,13.663919689487232,1.0,0.12636756319718706,0.0,8759
44,4.795831523312719,1.0,0.4772727272727273,-1.0,Building_7,6,MATD3,0.7900000214576721,True,0.0,0.0,0.0,0.5324955582618713,21,8745,0.0,0.0,-0.0,192705,0.0,12.664111137390137,-0.6987485885620117,6.743582725524902,10.004648208618164,12.664111137390137,12.664111137390137,330,3.268482945333741,1.0,0.041809449570648596,0.0,0.0,0.0,-0.7509357333183289,CityLearnV3MADRLRewardFunction,matd3_unified_comparable_v4,E2,-0.0,1907,13.663919689487232,1.0,0.12636756319718706,0.0,8759
19,3.1622776601683795,1.0,0.10526315789473684,-1.0,Building_8,7,MATD3,0.7900000214576721,True,0.0,0.0,0.0,0.5324955582618713,21,8745,0.0,0.0,-0.0,192705,0.0,12.065996170043945,-0.6935195326805115,6.425089359283447,9.532136917114258,12.065996170043945,12.065996170043945,155,3.327079593304185,1.0,0.09201990635164323,0.0,0.0,0.0,-0.7509357333183289,CityLearnV3MADRLRewardFunction,matd3_unified_comparable_v4,E2,-0.0,1907,13.663919689487232,1.0,0.12636756319718706,0.0,8759
12,2.6457513110645907,1.0,0.4166666666666667,-1.0,Building_9,8,MATD3,0.7900000214576721,True,0.0,0.0,0.0,0.5324955582618713,21,8745,0.0,0.0,-0.0,192705,0.0,2.290161371231079,-0.5717435479164124,1.2195007801055908,1.8092275857925415,2.290161371231079,2.290161371231079,106,3.524763688463799,1.0,0.1502447155005527,0.0,0.0,0.0,-0.7509357333183289,CityLearnV3MADRLRewardFunction,matd3_unified_comparable_v4,E2,-0.0,1907,13.663919689487232,1.0,0.12636756319718706,0.0,8759
8,2.6457513110645907,1.0,0.375,-1.0,Building_10,9,MATD3,0.7900000214576721,True,4.05476112064207e-06,0.0,0.0,0.5324955582618713,21,8745,0.0,0.0,-0.0,192705,0.0,51.64957809448242,-0.8152890801429749,27.503170013427734,40.80316925048828,51.64957809448242,51.649574279785156,78,3.3900668691069975,1.0,0.18648767337585107,0.0,0.0,0.0,-0.7509357333183289,CityLearnV3MADRLRewardFunction,matd3_unified_comparable_v4,E2,-0.0,1907,13.663919689487232,1.0,0.12636756319718706,0.0,8759
5,1.7320508075688772,1.0,0.6,0.0,Building_11,10,MATD3,0.7900000214576721,True,-4.3632415327010676e-05,0.0,0.0,0.5324955582618713,21,8745,0.0,0.0,-0.0,192705,0.0,71.54798889160156,-0.8191375136375427,38.0989875793457,56.522911071777344,71.54798889160156,71.54803466796875,57,3.3973589105967985,1.0,0.2537119640200807,0.0,0.0,0.0,-0.7509357333183289,CityLearnV3MADRLRewardFunction,matd3_unified_comparable_v4,E2,-0.0,1907,13.663919689487232,1.0,0.12636756319718706,0.0,8759
5,2.23606797749979,1.0,0.6,-1.0,Building_12,11,MATD3,0.7900000214576721,True,0.0,0.0,0.0,0.5324955582618713,21,8745,0.0,0.0,-0.0,192705,0.0,215.11593627929688,-0.8187121748924255,114.54827880859375,169.94158935546875,215.11593627929688,215.11593627929688,57,3.2199753522224124,1.0,0.24075160789908023,0.0,0.0,0.0,-0.7509357333183289,CityLearnV3MADRLRewardFunction,matd3_unified_comparable_v4,E2,-0.0,1907,13.663919689487232,1.0,0.12636756319718706,0.0,8759
13,2.449489742783178,1.0,0.3076923076923077,-1.0,Building_13,12,MATD3,0.7900000214576721,True,-3.940150236303452e-06,0.0,0.0,0.5324955582618713,21,8745,0.0,0.0,-0.0,192705,0.0,2.0330183506011963,-0.586138904094696,1.0825732946395874,1.6060845851898193,2.0330183506011963,2.033022403717041,113,3.4123216014469584,1.0,0.12815825298296668,0.0,0.0,0.0,-0.7509357333183289,CityLearnV3MADRLRewardFunction,matd3_unified_comparable_v4,E2,-0.0,1907,13.663919689487232,1.0,0.12636756319718706,0.0,8759
6,2.23606797749979,1.0,0.16666666666666666,-1.0,Building_14,13,MATD3,0.7900000214576721,True,0.0,0.0,0.0,0.5324955582618713,21,8745,0.0,0.0,-0.0,192705,0.0,2.6149511337280273,-0.5930096507072449,1.3924498558044434,2.0658113956451416,2.6149511337280273,2.6149511337280273,64,3.246010192556302,1.0,0.21219419362023473,0.0,0.0,0.0,-0.7509357333183289,CityLearnV3MADRLRewardFunction,matd3_unified_comparable_v4,E2,-0.0,1907,13.663919689487232,1.0,0.12636756319718706,0.0,8759
10,2.449489742783178,1.0,0.2,-1.0,Building_15,14,MATD3,0.7900000214576721,True,-1.3909489098296035e-06,0.0,0.0,0.5324955582618713,21,8745,0.0,0.0,-0.0,192705,0.0,19.5214786529541,-0.7475649118423462,10.395100593566895,15.421968460083008,19.5214786529541,19.521480560302734,92,3.3352655963576083,1.0,0.15549196885979694,0.0,0.0,0.0,-0.7509357333183289,CityLearnV3MADRLRewardFunction,matd3_unified_comparable_v4,E2,-0.0,1907,13.663919689487232,1.0,0.12636756319718706,0.0,8759
13,2.0,1.0,0.15384615384615385,-1.0,Building_16,15,MATD3,0.7900000214576721,True,0.0,0.0,0.0,0.5324955582618713,21,8745,0.0,0.0,-0.0,192705,0.0,54.89390563964844,-0.8143366575241089,29.23076057434082,43.366188049316406,54.89390563964844,54.89390563964844,113,3.2233941880861243,1.0,0.11971595718533593,0.0,0.0,0.0,-0.7509357333183289,CityLearnV3MADRLRewardFunction,matd3_unified_comparable_v4,E2,-0.0,1907,13.663919689487232,1.0,0.12636756319718706,0.0,8759
13,2.23606797749979,1.0,0.07692307692307693,-1.0,Building_17,16,MATD3,0.7900000214576721,True,0.0,0.0,0.0,0.5324955582618713,21,8745,0.0,0.0,-0.0,192705,0.0,22.46647071838379,-0.762666642665863,11.963295936584473,17.748512268066406,22.46647071838379,22.46647071838379,113,3.212997057217479,1.0,0.11923809085799529,0.0,0.0,0.0,-0.7509357333183289,CityLearnV3MADRLRewardFunction,matd3_unified_comparable_v4,E2,-0.0,1907,13.663919689487232,1.0,0.12636756319718706,0.0,8759
6,2.0,1.0,0.3333333333333333,-1.0,Building_1,0,MATD3,0.752174973487854,False,0.0,0.0,0.0,0.5324955582618713,22,0,0.0,0.0,-0.0,192720,-0.0,0.0,-0.6172478795051575,0.0,0.0,0.0,0.0,64,2.8462006686494816,1.0,0.2079296944430098,0.0,-0.0,358.85947464599604,-0.4620165228843689,CityLearnV3MADRLRewardFunction,matd3_unified_comparable_v4,E2,-358.85947464599604,1907,14.855574257866763,1.0,0.1675891641841925,0.0,15
8,2.23606797749979,1.0,0.375,-1.0,Building_2,1,MATD3,0.752174973487854,False,0.0,0.0,0.0,0.5324955582618713,22,0,0.0,0.0,-0.0,192720,-0.0,0.0,-0.3508742153644562,0.0,0.0,0.0,0.0,78,3.0027894510815365,1.0,0.17340367048596725,0.0,-0.0,205.5804931640625,-0.4620165228843689,CityLearnV3MADRLRewardFunction,matd3_unified_comparable_v4,E2,-205.5804931640625,1907,14.855574257866763,1.0,0.1675891641841925,0.0,15
10,2.8284271247461903,1.0,0.2,-1.0,Building_3,2,MATD3,0.752174973487854,False,0.0,0.0,0.0,0.5324955582618713,22,0,0.0,0.0,-0.0,192720,-0.0,0.0,-0.6829053163528442,0.0,0.0,0.0,0.0,92,3.5177322727166715,1.0,0.20119275509015375,0.0,-0.0,150.3569041732788,-0.4620165228843689,CityLearnV3MADRLRewardFunction,matd3_unified_comparable_v4,E2,-150.3569041732788,1907,14.855574257866763,1.0,0.1675891641841925,0.0,15
8,2.23606797749979,1.0,0.125,-1.0,Building_4,3,MATD3,0.752174973487854,False,0.0,0.0,0.0,0.5324955582618713,22,0,0.0,0.0,-0.0,192720,-0.0,0.0,-0.6159203052520752,0.0,0.0,0.0,0.0,78,3.599977138799223,1.0,0.24519825621675223,0.0,-0.0,63.85892264709473,-0.4620165228843689,CityLearnV3MADRLRewardFunction,matd3_unified_comparable_v4,E2,-63.85892264709473,1907,14.855574257866763,1.0,0.1675891641841925,0.0,15
5,1.7320508075688772,1.0,0.2,-1.0,Building_5,4,MATD3,0.752174973487854,False,0.0,0.0,0.0,0.5324955582618713,22,0,0.0,0.0,-0.0,192720,-0.0,0.0,-0.5942831635475159,0.0,0.0,0.0,0.0,57,3.2181679242059538,1.0,0.2811342873855641,0.0,-0.0,26.33112230758667,-0.4620165228843689,CityLearnV3MADRLRewardFunction,matd3_unified_comparable_v4,E2,-26.33112230758667,1907,14.855574257866763,1.0,0.1675891641841925,0.0,15
34,4.0,1.0,0.29411764705882354,-1.0,Building_6,5,MATD3,0.752174973487854,False,0.0,0.0,0.0,0.5324955582618713,22,0,0.0,0.0,-0.0,192720,-0.0,0.0,-0.6927121877670288,0.0,0.0,0.0,0.0,260,7.043599058306076,1.0,0.2410027691664604,0.0,-0.0,533.1258451873779,-0.4620165228843689,CityLearnV3MADRLRewardFunction,matd3_unified_comparable_v4,E2,-533.1258451873779,1907,14.855574257866763,1.0,0.1675891641841925,0.0,15
44,4.795831523312719,1.0,0.4772727272727273,-1.0,Building_7,6,MATD3,0.752174973487854,False,0.0,0.0,0.0,0.5324955582618713,22,0,0.0,0.0,-0.0,192720,-0.0,0.0,-0.3509925901889801,0.0,0.0,0.0,0.0,330,2.8364979562407426,1.0,0.03936133181506937,0.0,-0.0,203.53231896514893,-0.4620165228843689,CityLearnV3MADRLRewardFunction,matd3_unified_comparable_v4,E2,-203.53231896514893,1907,14.855574257866763,1.0,0.1675891641841925,0.0,15
19,3.1622776601683795,1.0,0.10526315789473684,-1.0,Building_8,7,MATD3,0.752174973487854,False,0.0,0.0,0.0,0.5324955582618713,22,0,0.0,0.0,-0.0,192720,-0.0,0.0,-0.35086342692375183,0.0,0.0,0.0,0.0,155,2.836284556812846,1.0,0.08414719571028986,0.0,-0.0,542.9513458587646,-0.4620165228843689,CityLearnV3MADRLRewardFunction,matd3_unified_comparable_v4,E2,-542.9513458587646,1907,14.855574257866763,1.0,0.1675891641841925,0.0,15
12,2.6457513110645907,1.0,0.4166666666666667,-1.0,Building_9,8,MATD3,0.752174973487854,False,0.0,0.0,0.0,0.5324955582618713,22,0,0.0,0.0,-0.0,192720,-0.0,0.0,-0.2997892200946808,0.0,0.0,0.0,0.0,106,4.603803215465702,1.0,0.2670933696318348,0.0,-0.0,111.73543601608276,-0.4620165228843689,CityLearnV3MADRLRewardFunction,matd3_unified_comparable_v4,E2,-111.73543601608276,1907,14.855574257866763,1.0,0.1675891641841925,0.0,15
8,2.6457513110645907,1.0,0.375,-1.0,Building_10,9,MATD3,0.752174973487854,False,0.0,0.0,0.0,0.5324955582618713,22,0,0.0,0.0,-0.0,192720,-0.0,0.0,-0.6174397468566895,0.0,0.0,0.0,0.0,78,3.055686674916125,1.0,0.1832900342459862,0.0,-0.0,366.6186316886902,-0.4620165228843689,CityLearnV3MADRLRewardFunction,matd3_unified_comparable_v4,E2,-366.6186316886902,1907,14.855574257866763,1.0,0.1675891641841925,0.0,15
5,1.7320508075688772,1.0,0.6,0.0,Building_11,10,MATD3,0.752174973487854,False,0.0,0.0,0.0,0.5324955582618713,22,0,0.0,0.0,-0.0,192720,-0.0,0.0,-0.4258634150028229,0.0,0.0,0.0,0.0,57,3.1319661091811475,1.0,0.25540724200637716,0.0,-0.0,1085.78201530838,-0.4620165228843689,CityLearnV3MADRLRewardFunction,matd3_unified_comparable_v4,E2,-1085.78201530838,1907,14.855574257866763,1.0,0.1675891641841925,0.0,15
5,2.23606797749979,1.0,0.6,-1.0,Building_12,11,MATD3,0.752174973487854,False,0.0,0.0,0.0,0.5324955582618713,22,0,0.0,0.0,-0.0,192720,-0.0,0.0,-0.2816393971443176,0.0,0.0,0.0,0.0,57,4.112234051206218,1.0,0.4011229029611537,0.0,-0.0,469.5308078575134,-0.4620165228843689,CityLearnV3MADRLRewardFunction,matd3_unified_comparable_v4,E2,-469.5308078575134,1907,14.855574257866763,1.0,0.1675891641841925,0.0,15
13,2.449489742783178,1.0,0.3076923076923077,-1.0,Building_13,12,MATD3,0.752174973487854,False,0.0,0.0,0.0,0.5324955582618713,22,0,0.0,0.0,-0.0,192720,-0.0,0.0,-0.3544613718986511,0.0,0.0,0.0,0.0,113,2.996458813274298,1.0,0.119635764806144,0.0,-0.0,68.59839574432372,-0.4620165228843689,CityLearnV3MADRLRewardFunction,matd3_unified_comparable_v4,E2,-68.59839574432372,1907,14.855574257866763,1.0,0.1675891641841925,0.0,15
6,2.23606797749979,1.0,0.16666666666666666,-1.0,Building_14,13,MATD3,0.752174973487854,False,0.0,0.0,0.0,0.5324955582618713,22,0,0.0,0.0,-0.0,192720,-0.0,0.0,-0.39411312341690063,0.0,0.0,0.0,0.0,64,3.279856270520429,1.0,0.26080003601964563,0.0,-0.0,457.6382774581909,-0.4620165228843689,CityLearnV3MADRLRewardFunction,matd3_unified_comparable_v4,E2,-457.6382774581909,1907,14.855574257866763,1.0,0.1675891641841925,0.0,15
10,2.449489742783178,1.0,0.2,-1.0,Building_15,14,MATD3,0.752174973487854,False,0.0,0.0,0.0,0.5324955582618713,22,0,0.0,0.0,-0.0,192720,-0.0,0.0,-0.350867360830307,0.0,0.0,0.0,0.0,92,2.9029036082083897,1.0,0.1454077080378066,0.0,-0.0,251.2729926651001,-0.4620165228843689,CityLearnV3MADRLRewardFunction,matd3_unified_comparable_v4,E2,-251.2729926651001,1907,14.855574257866763,1.0,0.1675891641841925,0.0,15
13,2.0,1.0,0.15384615384615385,-1.0,Building_16,15,MATD3,0.752174973487854,False,0.0,0.0,0.0,0.5324955582618713,22,0,0.0,0.0,-0.0,192720,-0.0,0.0,-0.35089507699012756,0.0,0.0,0.0,0.0,113,2.8148888365139415,1.0,0.11272290909448557,0.0,-0.0,261.61555473632814,-0.4620165228843689,CityLearnV3MADRLRewardFunction,matd3_unified_comparable_v4,E2,-261.61555473632814,1907,14.855574257866763,1.0,0.1675891641841925,0.0,15
13,2.23606797749979,1.0,0.07692307692307693,-1.0,Building_17,16,MATD3,0.752174973487854,False,0.0,0.0,0.0,0.5324955582618713,22,0,0.0,0.0,-0.0,192720,-0.0,0.0,-0.523413360118866,0.0,0.0,0.0,0.0,113,2.9729628371327914,1.0,0.12434462827127592,0.0,-0.0,40.95766224899291,-0.4620165228843689,CityLearnV3MADRLRewardFunction,matd3_unified_comparable_v4,E2,-40.95766224899291,1907,14.855574257866763,1.0,0.1675891641841925,0.0,15
6,2.23606797749979,1.0,0.5,-1.0,Building_1,0,MATD3,0.7900000214576721,True,0.0,0.0,0.0,0.5324955582618713,22,8744,0.0,0.0,-0.0,201464,0.0,446.8856201171875,-0.8189542889595032,237.96461486816406,353.0396423339844,446.8856201171875,446.8856201171875,64,3.363412979817655,1.0,0.23457947955466807,0.0,0.0,0.0,-0.7494149208068848,CityLearnV3MADRLRewardFunction,matd3_unified_comparable_v4,E2,-0.0,1907,14.4277661888332,1.0,0.14020010778572026,0.0,8759
8,2.23606797749979,1.0,0.375,-1.0,Building_2,1,MATD3,0.7900000214576721,True,-7.45059693940675e-08,0.0,0.0,0.5324955582618713,22,8744,0.0,0.0,-0.0,201464,0.0,5.618855953216553,-0.6270590424537659,2.992015838623047,4.438896179199219,5.618855953216553,5.618855953216553,78,3.5967874580055867,1.0,0.20523377832693931,0.0,0.0,0.0,-0.7494149208068848,CityLearnV3MADRLRewardFunction,matd3_unified_comparable_v4,E2,-0.0,1907,14.4277661888332,1.0,0.14020010778572026,0.0,8759
10,2.8284271247461903,1.0,0.2,-1.0,Building_3,2,MATD3,0.7900000214576721,True,0.0,0.0,0.0,0.5324955582618713,22,8744,0.0,0.0,-0.0,201464,0.0,98.17061614990234,-0.8163613677024841,52.27541732788086,77.5547866821289,98.17061614990234,98.17061614990234,92,3.3819518729175577,1.0,0.16205699093963788,0.0,0.0,0.0,-0.7494149208068848,CityLearnV3MADRLRewardFunction,matd3_unified_comparable_v4,E2,-0.0,1907,14.4277661888332,1.0,0.14020010778572026,0.0,8759
8,2.23606797749979,1.0,0.125,-1.0,Building_4,3,MATD3,0.7900000214576721,True,0.0,0.0,0.0,0.5324955582618713,22,8744,0.0,0.0,-0.0,201464,0.0,28.84416961669922,-0.7846107482910156,15.359392166137695,22.786893844604492,28.84416961669922,28.84416961669922,78,3.365757821671856,1.0,0.19006271679431963,0.0,0.0,0.0,-0.7494149208068848,CityLearnV3MADRLRewardFunction,matd3_unified_comparable_v4,E2,-0.0,1907,14.4277661888332,1.0,0.14020010778572026,0.0,8759
5,1.7320508075688772,1.0,0.2,-1.0,Building_5,4,MATD3,0.7900000214576721,True,0.0,0.0,0.0,0.5324955582618713,22,8744,0.0,0.0,-0.0,201464,0.0,43.92958068847656,-0.875201404094696,23.39230728149414,34.704368591308594,43.92958068847656,37.89287567138672,57,3.687173301001371,1.0,0.31158173084259033,0.0,0.0,0.0,-0.7494149208068848,CityLearnV3MADRLRewardFunction,matd3_unified_comparable_v4,E2,-0.0,1907,14.4277661888332,1.0,0.14020010778572026,0.0,8759
34,4.0,1.0,0.29411764705882354,-1.0,Building_6,5,MATD3,0.7900000214576721,True,0.0,0.0,0.0,0.5324955582618713,22,8744,0.0,0.0,-0.0,201464,0.0,350.8894348144531,-0.8184624910354614,186.84706115722656,277.2026672363281,350.8894348144531,350.8894348144531,260,3.3609150752866683,1.0,0.05693318809454258,0.0,0.0,0.0,-0.7494149208068848,CityLearnV3MADRLRewardFunction,matd3_unified_comparable_v4,E2,-0.0,1907,14.4277661888332,1.0,0.14020010778572026,0.0,8759
44,4.69041575982343,1.0,0.5,0.0,Building_7,6,MATD3,0.7900000214576721,True,1.8946488125948235e-05,0.0,0.0,0.5324955582618713,22,8744,0.0,0.0,-0.0,201464,0.0,18.66024398803711,-0.7421686053276062,9.93649673461914,14.741593360900879,18.66024398803711,18.66022491455078,330,3.5839480835942594,1.0,0.04892783751993468,0.0,0.0,0.0,-0.7494149208068848,CityLearnV3MADRLRewardFunction,matd3_unified_comparable_v4,E2,-0.0,1907,14.4277661888332,1.0,0.14020010778572026,0.0,8759
19,3.1622776601683795,1.0,0.10526315789473684,-1.0,Building_8,7,MATD3,0.7900000214576721,True,0.0,0.0,0.0,0.5324955582618713,22,8744,0.0,0.0,-0.0,201464,0.0,19.251495361328125,-0.744839608669281,10.251336097717285,15.2086820602417,19.251495361328125,19.251495361328125,155,3.5885433590282907,1.0,0.10431925356388091,0.0,0.0,0.0,-0.7494149208068848,CityLearnV3MADRLRewardFunction,matd3_unified_comparable_v4,E2,-0.0,1907,14.4277661888332,1.0,0.14020010778572026,0.0,8759
12,2.6457513110645907,1.0,0.4166666666666667,-1.0,Building_9,8,MATD3,0.7900000214576721,True,0.0,0.0,0.0,0.5324955582618713,22,8744,0.0,0.0,-0.0,201464,0.0,2.4506425857543945,-0.5724859833717346,1.304956316947937,1.9360077381134033,2.4506425857543945,2.4506425857543945,106,3.69422321994266,1.0,0.16635122839009986,0.0,0.0,0.0,-0.7494149208068848,CityLearnV3MADRLRewardFunction,matd3_unified_comparable_v4,E2,-0.0,1907,14.4277661888332,1.0,0.14020010778572026,0.0,8759
8,2.6457513110645907,1.0,0.375,-1.0,Building_10,9,MATD3,0.7900000214576721,True,4.05476112064207e-06,0.0,0.0,0.5324955582618713,22,8744,0.0,0.0,-0.0,201464,0.0,34.334144592285156,-0.7982436418533325,18.282779693603516,27.12397575378418,34.334144592285156,34.33414077758789,78,3.553005704318034,1.0,0.2039076835872271,0.0,0.0,0.0,-0.7494149208068848,CityLearnV3MADRLRewardFunction,matd3_unified_comparable_v4,E2,-0.0,1907,14.4277661888332,1.0,0.14020010778572026,0.0,8759
5,1.7320508075688772,1.0,0.6,0.0,Building_11,10,MATD3,0.7900000214576721,True,-4.3632415327010676e-05,0.0,0.0,0.5324955582618713,22,8744,0.0,0.0,-0.0,201464,0.0,57.91752243041992,-0.8160234093666077,30.840824127197266,45.754844665527344,57.91752243041992,57.917564392089844,57,3.5642476095893274,1.0,0.27870716076148183,0.0,0.0,0.0,-0.7494149208068848,CityLearnV3MADRLRewardFunction,matd3_unified_comparable_v4,E2,-0.0,1907,14.4277661888332,1.0,0.14020010778572026,0.0,8759
5,2.23606797749979,1.0,0.6,-1.0,Building_12,11,MATD3,0.7900000214576721,True,0.0,0.0,0.0,0.5324955582618713,22,8744,0.0,0.0,-0.0,201464,0.0,182.6020965576172,-0.8172471523284912,97.23480224609375,144.2556610107422,182.6020965576172,182.6020965576172,57,3.38220839408873,1.0,0.2615112162995757,0.0,0.0,0.0,-0.7494149208068848,CityLearnV3MADRLRewardFunction,matd3_unified_comparable_v4,E2,-0.0,1907,14.4277661888332,1.0,0.14020010778572026,0.0,8759
13,2.449489742783178,1.0,0.3076923076923077,-1.0,Building_13,12,MATD3,0.7900000214576721,True,-3.940150236303452e-06,0.0,0.0,0.5324955582618713,22,8744,0.0,0.0,-0.0,201464,0.0,2.789363384246826,-0.5940362811088562,1.4853236675262451,2.203597068786621,2.789363384246826,2.789367437362671,113,3.5803868130996173,1.0,0.14118063555354565,0.0,0.0,0.0,-0.7494149208068848,CityLearnV3MADRLRewardFunction,matd3_unified_comparable_v4,E2,-0.0,1907,14.4277661888332,1.0,0.14020010778572026,0.0,8759
6,2.23606797749979,1.0,0.16666666666666666,-1.0,Building_14,13,MATD3,0.7900000214576721,True,0.0,0.0,0.0,0.5324955582618713,22,8744,0.0,0.0,-0.0,201464,0.0,2.485826015472412,-0.5902917385101318,1.3236913681030273,1.9638025760650635,2.485826015472412,2.485826015472412,64,3.418981692118897,1.0,0.23510858113877475,0.0,0.0,0.0,-0.7494149208068848,CityLearnV3MADRLRewardFunction,matd3_unified_comparable_v4,E2,-0.0,1907,14.4277661888332,1.0,0.14020010778572026,0.0,8759
10,2.449489742783178,1.0,0.2,-1.0,Building_15,14,MATD3,0.7900000214576721,True,0.0,0.0,0.0,0.5324955582618713,22,8744,0.0,0.0,-0.0,201464,0.0,20.5941162109375,-0.7522606253623962,10.966275215148926,16.269351959228516,20.5941162109375,20.5941162109375,92,3.5109822890869915,1.0,0.17171372230286183,0.0,0.0,0.0,-0.7494149208068848,CityLearnV3MADRLRewardFunction,matd3_unified_comparable_v4,E2,-0.0,1907,14.4277661888332,1.0,0.14020010778572026,0.0,8759
13,2.0,1.0,0.15384615384615385,-1.0,Building_16,15,MATD3,0.7900000214576721,True,0.0,0.0,0.0,0.5324955582618713,22,8744,0.0,0.0,-0.0,201464,0.0,103.13050842285156,-0.8164310455322266,54.91653823852539,81.47310638427734,103.13050842285156,103.13050842285156,113,3.4178754577396515,1.0,0.13568326870424557,0.0,0.0,0.0,-0.7494149208068848,CityLearnV3MADRLRewardFunction,matd3_unified_comparable_v4,E2,-0.0,1907,14.4277661888332,1.0,0.14020010778572026,0.0,8759
13,2.23606797749979,1.0,0.07692307692307693,-1.0,Building_17,16,MATD3,0.7900000214576721,True,0.0,0.0,0.0,0.5324955582618713,22,8744,0.0,0.0,-0.0,201464,0.0,21.1981143951416,-0.7553762793540955,11.287901878356934,16.746511459350586,21.1981143951416,21.1981143951416,113,3.40587103762136,1.0,0.13510602633510016,0.0,0.0,0.0,-0.7494149208068848,CityLearnV3MADRLRewardFunction,matd3_unified_comparable_v4,E2,-0.0,1907,14.4277661888332,1.0,0.14020010778572026,0.0,8759
6,2.23606797749979,1.0,0.5,-1.0,Building_1,0,MATD3,0.7633939981460571,False,0.0,0.0,0.0,0.5324955582618713,23,0,0.0,0.0,-0.0,201480,-0.0,0.0,-0.5593198537826538,0.0,0.0,0.0,0.0,64,3.113425706421776,1.0,0.2278864910331322,0.0,-0.0,380.742997618103,-0.3809618651866913,CityLearnV3MADRLRewardFunction,matd3_unified_comparable_v4,E2,-380.742997618103,1907,15.176868328315589,1.0,0.16777158634982295,0.0,16
8,2.23606797749979,1.0,0.375,-1.0,Building_2,1,MATD3,0.7633939981460571,False,0.0,0.0,0.0,0.5324955582618713,23,0,0.0,0.0,-0.0,201480,-0.0,0.0,-0.29519274830818176,0.0,0.0,0.0,0.0,78,3.3501147795249424,1.0,0.1979700157371087,0.0,-0.0,218.103662109375,-0.3809618651866913,CityLearnV3MADRLRewardFunction,matd3_unified_comparable_v4,E2,-218.103662109375,1907,15.176868328315589,1.0,0.16777158634982295,0.0,16
10,2.8284271247461903,1.0,0.2,-1.0,Building_3,2,MATD3,0.7633939981460571,False,0.0,0.0,0.0,0.5324955582618713,23,0,0.0,0.0,-0.0,201480,-0.0,0.0,-0.2975254952907562,0.0,0.0,0.0,0.0,92,3.816373121826082,1.0,0.22212424327659866,0.0,-0.0,159.74871744384765,-0.3809618651866913,CityLearnV3MADRLRewardFunction,matd3_unified_comparable_v4,E2,-159.74871744384765,1907,15.176868328315589,1.0,0.16777158634982295,0.0,16
8,2.23606797749979,1.0,0.125,-1.0,Building_4,3,MATD3,0.7633939981460571,False,0.0,0.0,0.0,0.5324955582618713,23,0,0.0,0.0,-0.0,201480,-0.0,0.0,-0.6344565749168396,0.0,0.0,0.0,0.0,78,3.5585371495726434,1.0,0.23008602251036045,0.0,-0.0,67.77930401763916,-0.3809618651866913,CityLearnV3MADRLRewardFunction,matd3_unified_comparable_v4,E2,-67.77930401763916,1907,15.176868328315589,1.0,0.16777158634982295,0.0,16
5,1.7320508075688772,1.0,0.2,-1.0,Building_5,4,MATD3,0.7633939981460571,False,0.0,0.0,0.0,0.5324955582618713,23,0,0.0,0.0,-0.0,201480,-0.0,0.0,-0.6266078948974609,0.0,0.0,0.0,0.0,57,3.1433520512957185,1.0,0.25839595137196675,0.0,-0.0,28.060663361358646,-0.3809618651866913,CityLearnV3MADRLRewardFunction,matd3_unified_comparable_v4,E2,-28.060663361358646,1907,15.176868328315589,1.0,0.16777158634982295,0.0,16
34,4.0,1.0,0.29411764705882354,-1.0,Building_6,5,MATD3,0.7633939981460571,False,0.0,0.0,0.0,0.5324955582618713,23,0,0.0,0.0,-0.0,201480,-0.0,0.0,-0.6369985342025757,0.0,0.0,0.0,0.0,260,6.215443969034573,1.0,0.18929319431862004,0.0,-0.0,565.3730513183593,-0.3809618651866913,CityLearnV3MADRLRewardFunction,matd3_unified_comparable_v4,E2,-565.3730513183593,1907,15.176868328315589,1.0,0.16777158634982295,0.0,16
44,4.69041575982343,1.0,0.5,0.0,Building_7,6,MATD3,0.7633939981460571,False,0.0,0.0,0.0,0.5324955582618713,23,0,0.0,0.0,-0.0,201480,-0.0,0.0,-0.29519274830818176,0.0,0.0,0.0,0.0,330,3.331795176263399,1.0,0.04656721831045368,0.0,-0.0,216.2800706932068,-0.3809618651866913,CityLearnV3MADRLRewardFunction,matd3_unified_comparable_v4,E2,-216.2800706932068,1907,15.176868328315589,1.0,0.16777158634982295,0.0,16
19,3.1622776601683795,1.0,0.10526315789473684,-1.0,Building_8,7,MATD3,0.7633939981460571,False,0.0,0.0,0.0,0.5324955582618713,23,0,0.0,0.0,-0.0,201480,-0.0,0.0,-0.29519274830818176,0.0,0.0,0.0,0.0,155,3.1825603492652754,1.0,0.09450112583656464,0.0,-0.0,575.7827084533691,-0.3809618651866913,CityLearnV3MADRLRewardFunction,matd3_unified_comparable_v4,E2,-575.7827084533691,1907,15.176868328315589,1.0,0.16777158634982295,0.0,16
12,2.6457513110645907,1.0,0.4166666666666667,-1.0,Building_9,8,MATD3,0.7633939981460571,False,0.0,0.0,0.0,0.5324955582618713,23,0,0.0,0.0,-0.0,201480,-0.0,0.0,-0.32516106963157654,0.0,0.0,0.0,0.0,106,4.759042130425085,1.0,0.2766531390612418,0.0,-0.0,118.77572550964355,-0.3809618651866913,CityLearnV3MADRLRewardFunction,matd3_unified_comparable_v4,E2,-118.77572550964355,1907,15.176868328315589,1.0,0.16777158634982295,0.0,16
8,2.6457513110645907,1.0,0.375,-1.0,Building_10,9,MATD3,0.7633939981460571,False,0.0,0.0,0.0,0.5324955582618713,23,0,0.0,0.0,-0.0,201480,-0.0,0.0,-0.29519274830818176,0.0,0.0,0.0,0.0,78,3.306071467812068,1.0,0.1965261215869433,0.0,-0.0,388.9637123222351,-0.3809618651866913,CityLearnV3MADRLRewardFunction,matd3_unified_comparable_v4,E2,-388.9637123222351,1907,15.176868328315589,1.0,0.16777158634982295,0.0,16
5,1.7320508075688772,1.0,0.6,0.0,Building_11,10,MATD3,0.7633939981460571,False,0.0,0.0,0.0,0.5324955582618713,23,0,0.0,0.0,-0.0,201480,-0.0,0.0,-0.29519274830818176,0.0,0.0,0.0,0.0,57,3.397186658725283,1.0,0.2848013138169782,0.0,-0.0,1152.513543421936,-0.3809618651866913,CityLearnV3MADRLRewardFunction,matd3_unified_comparable_v4,E2,-1152.513543421936,1907,15.176868328315589,1.0,0.16777158634982295,0.0,16
5,2.23606797749979,1.0,0.6,-1.0,Building_12,11,MATD3,0.7633939981460571,False,0.0,0.0,0.0,0.5324955582618713,23,0,0.0,0.0,-0.0,201480,-0.0,0.0,-0.3679766356945038,0.0,0.0,0.0,0.0,57,3.630087521403439,1.0,0.3270654838466853,0.0,-0.0,497.99663021087645,-0.3809618651866913,CityLearnV3MADRLRewardFunction,matd3_unified_comparable_v4,E2,-497.99663021087645,1907,15.176868328315589,1.0,0.16777158634982295,0.0,16
13,2.449489742783178,1.0,0.3076923076923077,-1.0,Building_13,12,MATD3,0.7633939981460571,False,0.0,0.0,0.0,0.5324955582618713,23,0,0.0,0.0,-0.0,201480,-0.0,0.0,-0.29541534185409546,0.0,0.0,0.0,0.0,113,3.3369756997916915,1.0,0.13619704323664175,0.0,-0.0,72.87718134460448,-0.3809618651866913,CityLearnV3MADRLRewardFunction,matd3_unified_comparable_v4,E2,-72.87718134460448,1907,15.176868328315589,1.0,0.16777158634982295,0.0,16
6,2.23606797749979,1.0,0.16666666666666666,-1.0,Building_14,13,MATD3,0.7633939981460571,False,0.0,0.0,0.0,0.5324955582618713,23,0,0.0,0.0,-0.0,201480,-0.0,0.0,-0.3635018467903137,0.0,0.0,0.0,0.0,64,3.5285450931209086,1.0,0.2813302806462161,0.0,-0.0,485.3968881774902,-0.3809618651866913,CityLearnV3MADRLRewardFunction,matd3_unified_comparable_v4,E2,-485.3968881774902,1907,15.176868328315589,1.0,0.16777158634982295,0.0,16
10,2.449489742783178,1.0,0.2,-1.0,Building_15,14,MATD3,0.7633939981460571,False,0.0,0.0,0.0,0.5324955582618713,23,0,0.0,0.0,-0.0,201480,-0.0,0.0,-0.29519274830818176,0.0,0.0,0.0,0.0,92,3.2034648609269136,1.0,0.15969189041820558,0.0,-0.0,266.7555214508057,-0.3809618651866913,CityLearnV3MADRLRewardFunction,matd3_unified_comparable_v4,E2,-266.7555214508057,1907,15.176868328315589,1.0,0.16777158634982295,0.0,16
13,2.0,1.0,0.15384615384615385,-1.0,Building_16,15,MATD3,0.7633939981460571,False,0.0,0.0,0.0,0.5324955582618713,23,0,0.0,0.0,-0.0,201480,-0.0,0.0,-0.29519274830818176,0.0,0.0,0.0,0.0,113,3.1317853505804765,1.0,0.12802361278275473,0.0,-0.0,277.7135127044678,-0.3809618651866913,CityLearnV3MADRLRewardFunction,matd3_unified_comparable_v4,E2,-277.7135127044678,1907,15.176868328315589,1.0,0.16777158634982295,0.0,16
13,2.23606797749979,1.0,0.07692307692307693,-1.0,Building_17,16,MATD3,0.7633939981460571,False,0.0,0.0,0.0,0.5324955582618713,23,0,0.0,0.0,-0.0,201480,-0.0,0.0,-0.30303895473480225,0.0,0.0,0.0,0.0,113,3.2399831429591828,1.0,0.13706033963677103,0.0,-0.0,43.476438159942624,-0.3809618651866913,CityLearnV3MADRLRewardFunction,matd3_unified_comparable_v4,E2,-43.476438159942624,1907,15.176868328315589,1.0,0.16777158634982295,0.0,16
6,2.23606797749979,1.0,0.5,-1.0,Building_1,0,MATD3,0.7900000214576721,True,0.0,0.0,0.0,0.5324955582618713,23,8743,0.0,0.0,-0.0,210223,0.0,391.586669921875,-0.7379673719406128,208.51815795898438,309.3534851074219,391.586669921875,391.586669921875,64,3.293957432767496,1.0,0.22063545673154294,0.0,0.0,0.0,-0.634387195110321,CityLearnV3MADRLRewardFunction,matd3_unified_comparable_v4,E2,-0.0,1907,14.037639902744592,1.0,0.13132975472007424,0.0,8759
8,2.23606797749979,1.0,0.375,-1.0,Building_2,1,MATD3,0.7900000214576721,True,-7.45059693940675e-08,0.0,0.0,0.5324955582618713,23,8743,0.0,0.0,-0.0,210223,0.0,0.18486037850379944,-0.481828510761261,0.09843733161687851,0.1460397094488144,0.18486037850379944,0.1848604530096054,78,3.520597752596835,1.0,0.19391298790772757,0.0,0.0,0.0,-0.634387195110321,CityLearnV3MADRLRewardFunction,matd3_unified_comparable_v4,E2,-0.0,1907,14.037639902744592,1.0,0.13132975472007424,0.0,8759
10,2.8284271247461903,1.0,0.2,-1.0,Building_3,2,MATD3,0.7900000214576721,True,0.0,0.0,0.0,0.5324955582618713,23,8743,0.0,0.0,-0.0,210223,0.0,39.0087890625,-0.7227219343185425,20.77200698852539,30.816944122314453,39.0087890625,39.0087890625,92,3.2643349760543376,1.0,0.15071380041215732,0.0,0.0,0.0,-0.634387195110321,CityLearnV3MADRLRewardFunction,matd3_unified_comparable_v4,E2,-0.0,1907,14.037639902744592,1.0,0.13132975472007424,0.0,8759
8,2.23606797749979,1.0,0.125,-1.0,Building_4,3,MATD3,0.7900000214576721,True,0.0,0.0,0.0,0.5324955582618713,23,8743,0.0,0.0,-0.0,210223,0.0,36.67196273803711,-0.7197271585464478,19.52765655517578,28.97085189819336,36.67196273803711,36.67196273803711,78,3.2650679327162457,1.0,0.1776794059536396,0.0,0.0,0.0,-0.634387195110321,CityLearnV3MADRLRewardFunction,matd3_unified_comparable_v4,E2,-0.0,1907,14.037639902744592,1.0,0.13132975472007424,0.0,8759
5,1.7320508075688772,1.0,0.2,-1.0,Building_5,4,MATD3,0.7900000214576721,True,0.0,0.0,0.0,0.5324955582618713,23,8743,0.0,0.0,-0.0,210223,0.0,60.26204299926758,-0.8007411360740662,32.089271545410156,47.60701370239258,60.26204299926758,54.225337982177734,57,3.569266383478027,1.0,0.29216772161032023,0.0,0.0,0.0,-0.634387195110321,CityLearnV3MADRLRewardFunction,matd3_unified_comparable_v4,E2,-0.0,1907,14.037639902744592,1.0,0.13132975472007424,0.0,8759
34,4.0,1.0,0.29411764705882354,-1.0,Building_6,5,MATD3,0.7900000214576721,True,0.0,0.0,0.0,0.5324955582618713,23,8743,0.0,0.0,-0.0,210223,0.0,348.8946838378906,-0.7377071976661682,185.7848663330078,275.6268005371094,348.8946838378906,348.8946838378906,260,3.2554705069875767,1.0,0.05311486892975294,0.0,0.0,0.0,-0.634387195110321,CityLearnV3MADRLRewardFunction,matd3_unified_comparable_v4,E2,-0.0,1907,14.037639902744592,1.0,0.13132975472007424,0.0,8759
44,4.69041575982343,1.0,0.5,0.0,Building_7,6,MATD3,0.7900000214576721,True,2.119661439792253e-05,0.0,0.0,0.5324955582618713,23,8743,0.0,0.0,-0.0,210223,0.0,2.9801065921783447,-0.515568196773529,1.5868935585021973,2.3542842864990234,2.9801065921783447,2.9800853729248047,330,3.5021767049131327,1.0,0.04573751243226456,0.0,0.0,0.0,-0.634387195110321,CityLearnV3MADRLRewardFunction,matd3_unified_comparable_v4,E2,-0.0,1907,14.037639902744592,1.0,0.13132975472007424,0.0,8759
19,3.1622776601683795,1.0,0.10526315789473684,-1.0,Building_8,7,MATD3,0.7900000214576721,True,0.0,0.0,0.0,0.5324955582618713,23,8743,0.0,0.0,-0.0,210223,0.0,6.19936990737915,-0.5525681376457214,3.3011369705200195,4.897502422332764,6.19936990737915,6.19936990737915,155,3.3962261274741334,1.0,0.09467931918559536,0.0,0.0,0.0,-0.634387195110321,CityLearnV3MADRLRewardFunction,matd3_unified_comparable_v4,E2,-0.0,1907,14.037639902744592,1.0,0.13132975472007424,0.0,8759
12,2.6457513110645907,1.0,0.4166666666666667,-1.0,Building_9,8,MATD3,0.7900000214576721,True,0.0,0.0,0.0,0.5324955582618713,23,8743,0.0,0.0,-0.0,210223,0.0,2.1350696086883545,-0.4879651367664337,1.1369150876998901,1.6867049932479858,2.1350696086883545,2.1350696086883545,106,3.5815197403337824,1.0,0.15437126440821952,0.0,0.0,0.0,-0.634387195110321,CityLearnV3MADRLRewardFunction,matd3_unified_comparable_v4,E2,-0.0,1907,14.037639902744592,1.0,0.13132975472007424,0.0,8759
8,2.6457513110645907,1.0,0.375,-1.0,Building_10,9,MATD3,0.7900000214576721,True,4.05476112064207e-06,0.0,0.0,0.5324955582618713,23,8743,0.0,0.0,-0.0,210223,0.0,16.451885223388672,-0.6470147967338562,8.7605562210083,12.996989250183105,16.451885223388672,16.451881408691406,78,3.473783397409411,1.0,0.19227790861175612,0.0,0.0,0.0,-0.634387195110321,CityLearnV3MADRLRewardFunction,matd3_unified_comparable_v4,E2,-0.0,1907,14.037639902744592,1.0,0.13132975472007424,0.0,8759
5,1.7320508075688772,1.0,0.6,0.0,Building_11,10,MATD3,0.7900000214576721,True,-4.3632415327010676e-05,0.0,0.0,0.5324955582618713,23,8743,0.0,0.0,-0.0,210223,0.0,66.45193481445312,-0.7367128133773804,35.38536071777344,52.49702835083008,66.45193481445312,66.45198059082031,57,3.477940833916371,1.0,0.2622795214778499,0.0,0.0,0.0,-0.634387195110321,CityLearnV3MADRLRewardFunction,matd3_unified_comparable_v4,E2,-0.0,1907,14.037639902744592,1.0,0.13132975472007424,0.0,8759
5,2.23606797749979,1.0,0.6,-1.0,Building_12,11,MATD3,0.7900000214576721,True,0.0,0.0,0.0,0.5324955582618713,23,8743,0.0,0.0,-0.0,210223,0.0,155.388671875,-0.7362457513809204,82.7437744140625,122.7570571899414,155.388671875,155.388671875,57,3.2986450553893563,1.0,0.24877953738497013,0.0,0.0,0.0,-0.634387195110321,CityLearnV3MADRLRewardFunction,matd3_unified_comparable_v4,E2,-0.0,1907,14.037639902744592,1.0,0.13132975472007424,0.0,8759
13,2.449489742783178,1.0,0.3076923076923077,-1.0,Building_13,12,MATD3,0.7900000214576721,True,-3.940150236303452e-06,0.0,0.0,0.5324955582618713,23,8743,0.0,0.0,-0.0,210223,0.0,0.10476967692375183,-0.4808550179004669,0.055789388716220856,0.0827680453658104,0.10476967692375183,0.1047736182808876,113,3.5034903058070705,1.0,0.13320528907058513,0.0,0.0,0.0,-0.634387195110321,CityLearnV3MADRLRewardFunction,matd3_unified_comparable_v4,E2,-0.0,1907,14.037639902744592,1.0,0.13132975472007424,0.0,8759
6,2.23606797749979,1.0,0.16666666666666666,-1.0,Building_14,13,MATD3,0.7900000214576721,True,0.0,0.0,0.0,0.5324955582618713,23,8743,0.0,0.0,-0.0,210223,0.0,1.3521205186843872,-0.4959341883659363,0.7199981808662415,1.068175196647644,1.3521205186843872,1.3521205186843872,64,3.3627989173264545,1.0,0.22267394256778061,0.0,0.0,0.0,-0.634387195110321,CityLearnV3MADRLRewardFunction,matd3_unified_comparable_v4,E2,-0.0,1907,14.037639902744592,1.0,0.13132975472007424,0.0,8759
10,2.449489742783178,1.0,0.2,-1.0,Building_15,14,MATD3,0.7900000214576721,True,0.0,0.0,0.0,0.5324955582618713,23,8743,0.0,0.0,-0.0,210223,0.0,15.147623062133789,-0.6368547677993774,8.066041946411133,11.966622352600098,15.147623062133789,15.147623062133789,92,3.4062206102198083,1.0,0.16028831105517305,0.0,0.0,0.0,-0.634387195110321,CityLearnV3MADRLRewardFunction,matd3_unified_comparable_v4,E2,-0.0,1907,14.037639902744592,1.0,0.13132975472007424,0.0,8759
13,2.23606797749979,1.0,0.23076923076923078,-1.0,Building_16,15,MATD3,0.7900000214576721,True,0.0,0.0,0.0,0.5324955582618713,23,8743,0.0,0.0,-0.0,210223,0.0,11.957420349121094,-0.6106328964233398,6.367273330688477,9.446362495422363,11.957420349121094,11.957420349121094,113,3.329471900994795,1.0,0.1249398920124611,0.0,0.0,0.0,-0.634387195110321,CityLearnV3MADRLRewardFunction,matd3_unified_comparable_v4,E2,-0.0,1907,14.037639902744592,1.0,0.13132975472007424,0.0,8759
13,2.23606797749979,1.0,0.07692307692307693,-1.0,Building_17,16,MATD3,0.7900000214576721,True,0.0,0.0,0.0,0.5324955582618713,23,8743,0.0,0.0,-0.0,210223,0.0,23.087642669677734,-0.6835365891456604,12.2940673828125,18.239238739013672,23.087642669677734,23.087642669677734,113,3.3488064918118936,1.0,0.129059622773027,0.0,0.0,0.0,-0.634387195110321,CityLearnV3MADRLRewardFunction,matd3_unified_comparable_v4,E2,-0.0,1907,14.037639902744592,1.0,0.13132975472007424,0.0,8759
6,2.23606797749979,1.0,0.5,-1.0,Building_1,0,MATD3,0.7869279980659485,False,0.0,0.0,0.0,0.5324955582618713,24,0,0.0,0.0,-0.0,210240,-0.0,0.0,-0.5066516399383545,0.0,0.0,0.0,0.0,64,3.166640192028509,0.9740757346153259,0.22819185693515465,0.0,-0.0,399.0187765594482,-0.3210207223892212,CityLearnV3MADRLRewardFunction,matd3_unified_comparable_v4,E2,-399.0187765594482,1907,14.384696003301501,1.0,0.14999778912362155,0.0,17
8,2.23606797749979,1.0,0.375,-1.0,Building_2,1,MATD3,0.7869279980659485,False,0.0,0.0,0.0,0.5324955582618713,24,0,0.0,0.0,-0.0,210240,-0.0,0.0,-0.24099403619766235,0.0,0.0,0.0,0.0,78,3.3570225596874597,0.9999989867210388,0.19551033665163395,0.0,-0.0,228.5617236328125,-0.3210207223892212,CityLearnV3MADRLRewardFunction,matd3_unified_comparable_v4,E2,-228.5617236328125,1907,14.384696003301501,1.0,0.14999778912362155,0.0,17
10,2.8284271247461903,1.0,0.2,-1.0,Building_3,2,MATD3,0.7869279980659485,False,0.0,0.0,0.0,0.5324955582618713,24,0,0.0,0.0,-0.0,210240,-0.0,0.0,-0.31600478291511536,0.0,0.0,0.0,0.0,92,3.6551242466347644,1.0,0.19572373459358577,0.0,-0.0,167.5880678100586,-0.3210207223892212,CityLearnV3MADRLRewardFunction,matd3_unified_comparable_v4,E2,-167.5880678100586,1907,14.384696003301501,1.0,0.14999778912362155,0.0,17
8,2.23606797749979,1.0,0.125,-1.0,Building_4,3,MATD3,0.7869279980659485,False,0.0,0.0,0.0,0.5324955582618713,24,0,0.0,0.0,-0.0,210240,-0.0,0.0,-0.5724867582321167,0.0,0.0,0.0,0.0,78,3.242328818571464,0.9740757346153259,0.19682053099266994,0.0,-0.0,71.05216432189941,-0.3210207223892212,CityLearnV3MADRLRewardFunction,matd3_unified_comparable_v4,E2,-71.05216432189941,1907,14.384696003301501,1.0,0.14999778912362155,0.0,17
5,1.7320508075688772,1.0,0.2,-1.0,Building_5,4,MATD3,0.7869279980659485,False,0.0,0.0,0.0,0.5324955582618713,24,0,0.0,0.0,-0.0,210240,-0.0,0.0,-0.5019013285636902,0.0,0.0,0.0,0.0,57,3.21983715012301,0.9740757346153259,0.2600939377750221,0.0,-0.0,29.504008815765385,-0.3210207223892212,CityLearnV3MADRLRewardFunction,matd3_unified_comparable_v4,E2,-29.504008815765385,1907,14.384696003301501,1.0,0.14999778912362155,0.0,17
34,4.0,1.0,0.29411764705882354,-1.0,Building_6,5,MATD3,0.7869279980659485,False,0.0,0.0,0.0,0.5324955582618713,24,0,0.0,0.0,-0.0,210240,-0.0,0.0,-0.5828394293785095,0.0,0.0,0.0,0.0,260,4.813296714581256,1.0,0.11892748593997497,0.0,-0.0,592.3037271034241,-0.3210207223892212,CityLearnV3MADRLRewardFunction,matd3_unified_comparable_v4,E2,-592.3037271034241,1907,14.384696003301501,1.0,0.14999778912362155,0.0,17
44,4.69041575982343,1.0,0.5,0.0,Building_7,6,MATD3,0.7869279980659485,False,0.0,0.0,0.0,0.5324955582618713,24,0,0.0,0.0,-0.0,210240,-0.0,0.0,-0.24099406599998474,0.0,0.0,0.0,0.0,330,3.3174767389420374,0.9999988675117493,0.04561882128543926,0.0,-0.0,226.92493787612918,-0.3210207223892212,CityLearnV3MADRLRewardFunction,matd3_unified_comparable_v4,E2,-226.92493787612918,1907,14.384696003301501,1.0,0.14999778912362155,0.0,17
19,3.1622776601683795,1.0,0.10526315789473684,-1.0,Building_8,7,MATD3,0.7869279980659485,False,0.0,0.0,0.0,0.5324955582618713,24,0,0.0,0.0,-0.0,210240,-0.0,0.0,-0.24099402129650116,0.0,0.0,0.0,0.0,155,3.219549229679503,0.9740757346153259,0.09418173026173346,0.0,-0.0,603.2012164901734,-0.3210207223892212,CityLearnV3MADRLRewardFunction,matd3_unified_comparable_v4,E2,-603.2012164901734,1907,14.384696003301501,1.0,0.14999778912362155,0.0,17
12,2.6457513110645907,1.0,0.4166666666666667,-1.0,Building_9,8,MATD3,0.7869279980659485,False,0.0,0.0,0.0,0.5324955582618713,24,0,0.0,0.0,-0.0,210240,-0.0,0.0,-0.19786840677261353,0.0,0.0,0.0,0.0,106,4.45905462173809,1.0,0.24013024480697118,0.0,-0.0,124.65589500579833,-0.3210207223892212,CityLearnV3MADRLRewardFunction,matd3_unified_comparable_v4,E2,-124.65589500579833,1907,14.384696003301501,1.0,0.14999778912362155,0.0,17
8,2.6457513110645907,1.0,0.375,-1.0,Building_10,9,MATD3,0.7869279980659485,False,0.0,0.0,0.0,0.5324955582618713,24,0,0.0,0.0,-0.0,210240,-0.0,0.0,-0.2409949004650116,0.0,0.0,0.0,0.0,78,3.3367497802912016,0.9999988675117493,0.19810520833692488,0.0,-0.0,407.6249519393921,-0.3210207223892212,CityLearnV3MADRLRewardFunction,matd3_unified_comparable_v4,E2,-407.6249519393921,1907,14.384696003301501,1.0,0.14999778912362155,0.0,17
5,1.7320508075688772,1.0,0.6,0.0,Building_11,10,MATD3,0.7869279980659485,False,0.0,0.0,0.0,0.5324955582618713,24,0,0.0,0.0,-0.0,210240,-0.0,0.0,-0.24099402129650116,0.0,0.0,0.0,0.0,57,3.4512259397112905,0.9999989867210388,0.2822691372742778,0.0,-0.0,1208.2429352737427,-0.3210207223892212,CityLearnV3MADRLRewardFunction,matd3_unified_comparable_v4,E2,-1208.2429352737427,1907,14.384696003301501,1.0,0.14999778912362155,0.0,17
5,2.23606797749979,1.0,0.6,-1.0,Building_12,11,MATD3,0.7869279980659485,False,0.0,0.0,0.0,0.5324955582618713,24,0,0.0,0.0,-0.0,210240,-0.0,0.0,-0.28632161021232605,0.0,0.0,0.0,0.0,57,3.271084607268887,0.9740757346153259,0.26639569256650775,0.0,-0.0,521.7695026397705,-0.3210207223892212,CityLearnV3MADRLRewardFunction,matd3_unified_comparable_v4,E2,-521.7695026397705,1907,14.384696003301501,1.0,0.14999778912362155,0.0,17
13,2.449489742783178,1.0,0.3076923076923077,-1.0,Building_13,12,MATD3,0.7869279980659485,False,0.0,0.0,0.0,0.5324955582618713,24,0,0.0,0.0,-0.0,210240,-0.0,0.0,-0.24137598276138306,0.0,0.0,0.0,0.0,113,3.3218080128686758,0.9999988675117493,0.1333476279623213,0.0,-0.0,76.44929809265136,-0.3210207223892212,CityLearnV3MADRLRewardFunction,matd3_unified_comparable_v4,E2,-76.44929809265136,1907,14.384696003301501,1.0,0.14999778912362155,0.0,17
6,2.23606797749979,1.0,0.16666666666666666,-1.0,Building_14,13,MATD3,0.7869279980659485,False,0.0,0.0,0.0,0.5324955582618713,24,0,0.0,0.0,-0.0,210240,-0.0,0.0,-0.3159940242767334,0.0,0.0,0.0,0.0,64,3.271961724735539,0.9740757346153259,0.2434581703855656,0.0,-0.0,508.57917141189574,-0.3210207223892212,CityLearnV3MADRLRewardFunction,matd3_unified_comparable_v4,E2,-508.57917141189574,1907,14.384696003301501,1.0,0.14999778912362155,0.0,17
10,2.449489742783178,1.0,0.2,-1.0,Building_15,14,MATD3,0.7869279980659485,False,0.0,0.0,0.0,0.5324955582618713,24,0,0.0,0.0,-0.0,210240,-0.0,0.0,-0.24099402129650116,0.0,0.0,0.0,0.0,92,3.24468711970322,0.9740757346153259,0.16065433082859154,0.0,-0.0,279.68537127990726,-0.3210207223892212,CityLearnV3MADRLRewardFunction,matd3_unified_comparable_v4,E2,-279.68537127990726,1907,14.384696003301501,1.0,0.14999778912362155,0.0,17
13,2.23606797749979,1.0,0.23076923076923078,-1.0,Building_16,15,MATD3,0.7869279980659485,False,0.0,0.0,0.0,0.5324955582618713,24,0,0.0,0.0,-0.0,210240,-0.0,0.0,-0.24099405109882355,0.0,0.0,0.0,0.0,113,3.152097611928478,0.9740757346153259,0.12543683654043528,0.0,-0.0,291.1573663879395,-0.3210207223892212,CityLearnV3MADRLRewardFunction,matd3_unified_comparable_v4,E2,-291.1573663879395,1907,14.384696003301501,1.0,0.14999778912362155,0.0,17
13,2.23606797749979,1.0,0.07692307692307693,-1.0,Building_17,16,MATD3,0.7869279980659485,False,0.0,0.0,0.0,0.5324955582618713,24,0,0.0,0.0,-0.0,210240,-0.0,0.0,-0.2489485889673233,0.0,0.0,0.0,0.0,113,3.3183482855914503,0.9740757346153259,0.13849699480739314,0.0,-0.0,45.578999618530275,-0.3210207223892212,CityLearnV3MADRLRewardFunction,matd3_unified_comparable_v4,E2,-45.578999618530275,1907,14.384696003301501,1.0,0.14999778912362155,0.0,17
6,2.23606797749979,1.0,0.5,-1.0,Building_1,0,MATD3,0.7900000214576721,True,0.0,0.0,0.0,0.5324955582618713,24,8742,0.0,0.0,-0.0,218982,0.0,433.45458984375,-0.8201541900634766,230.81263732910156,342.42913818359375,433.45458984375,433.45458984375,64,3.187500130772365,1.0,0.21159187657758594,0.0,0.0,0.0,-0.7510462999343872,CityLearnV3MADRLRewardFunction,matd3_unified_comparable_v4,E2,-0.0,1907,13.699002616090741,1.0,0.12678703502617586,0.0,8759
8,2.0,1.0,0.25,-1.0,Building_2,1,MATD3,0.7900000214576721,True,-7.45059693940675e-08,0.0,0.0,0.5324955582618713,24,8742,0.0,0.0,-0.0,218982,0.0,15.16435432434082,-0.7196511030197144,8.074951171875,11.979840278625488,15.16435432434082,15.16435432434082,78,3.4503282414222163,1.0,0.19114438100503042,0.0,0.0,0.0,-0.7510462999343872,CityLearnV3MADRLRewardFunction,matd3_unified_comparable_v4,E2,-0.0,1907,13.699002616090741,1.0,0.12678703502617586,0.0,8759
10,2.8284271247461903,1.0,0.2,-1.0,Building_3,2,MATD3,0.7900000214576721,True,0.0,0.0,0.0,0.5324955582618713,24,8742,0.0,0.0,-0.0,218982,0.0,94.53981018066406,-0.8175580501556396,50.3420295715332,74.68645477294922,94.53981018066406,94.53981018066406,92,3.204969290194373,1.0,0.14604751976287883,0.0,0.0,0.0,-0.7510462999343872,CityLearnV3MADRLRewardFunction,matd3_unified_comparable_v4,E2,-0.0,1907,13.699002616090741,1.0,0.12678703502617586,0.0,8759
8,2.23606797749979,1.0,0.125,-1.0,Building_4,3,MATD3,0.7900000214576721,True,0.0,0.0,0.0,0.5324955582618713,24,8742,0.0,0.0,-0.0,218982,0.0,31.04317283630371,-0.7914388179779053,16.530351638793945,24.524106979370117,31.04317283630371,31.04317283630371,78,3.1916766443122158,1.0,0.17149378894231257,0.0,0.0,0.0,-0.7510462999343872,CityLearnV3MADRLRewardFunction,matd3_unified_comparable_v4,E2,-0.0,1907,13.699002616090741,1.0,0.12678703502617586,0.0,8759
5,1.7320508075688772,1.0,0.2,-1.0,Building_5,4,MATD3,0.7900000214576721,True,0.0,0.0,0.0,0.5324955582618713,24,8742,0.0,0.0,-0.0,218982,0.0,44.57567596435547,-0.876918375492096,23.73634910583496,35.21478271484375,44.57567596435547,38.538970947265625,57,3.52707183687306,1.0,0.28582403926472916,0.0,0.0,0.0,-0.7510462999343872,CityLearnV3MADRLRewardFunction,matd3_unified_comparable_v4,E2,-0.0,1907,13.699002616090741,1.0,0.12678703502617586,0.0,8759
34,3.872983346207417,1.0,0.2647058823529412,-1.0,Building_6,5,MATD3,0.7900000214576721,True,0.0,0.0,0.0,0.5324955582618713,24,8742,0.0,0.0,-0.0,218982,0.0,362.8901062011719,-0.8197834491729736,193.23736572265625,286.6831970214844,362.8901062011719,362.8901062011719,260,3.184578026920365,1.0,0.05131137789441989,0.0,0.0,0.0,-0.7510462999343872,CityLearnV3MADRLRewardFunction,matd3_unified_comparable_v4,E2,-0.0,1907,13.699002616090741,1.0,0.12678703502617586,0.0,8759
44,4.58257569495584,1.0,0.4772727272727273,0.0,Building_7,6,MATD3,0.7900000214576721,True,2.119661439792253e-05,0.0,0.0,0.5324955582618713,24,8742,0.0,0.0,-0.0,218982,0.0,12.664132118225098,-0.6993902325630188,6.743594169616699,10.004664421081543,12.664132118225098,12.664111137390137,330,3.4121844398967727,1.0,0.04423387093525944,0.0,0.0,0.0,-0.7510462999343872,CityLearnV3MADRLRewardFunction,matd3_unified_comparable_v4,E2,-0.0,1907,13.699002616090741,1.0,0.12678703502617586,0.0,8759
19,3.1622776601683795,1.0,0.10526315789473684,-1.0,Building_8,7,MATD3,0.7900000214576721,True,0.0,0.0,0.0,0.5324955582618713,24,8742,0.0,0.0,-0.0,218982,0.0,12.065996170043945,-0.6935969591140747,6.425089359283447,9.532136917114258,12.065996170043945,12.065996170043945,155,3.327079593304185,1.0,0.09201990635164323,0.0,0.0,0.0,-0.7510462999343872,CityLearnV3MADRLRewardFunction,matd3_unified_comparable_v4,E2,-0.0,1907,13.699002616090741,1.0,0.12678703502617586,0.0,8759
12,2.6457513110645907,1.0,0.4166666666666667,-1.0,Building_9,8,MATD3,0.7900000214576721,True,0.0,0.0,0.0,0.5324955582618713,24,8742,0.0,0.0,-0.0,218982,0.0,2.290161371231079,-0.5718209743499756,1.2195007801055908,1.8092275857925415,2.290161371231079,2.290161371231079,106,3.524763688463799,1.0,0.1502447155005527,0.0,0.0,0.0,-0.7510462999343872,CityLearnV3MADRLRewardFunction,matd3_unified_comparable_v4,E2,-0.0,1907,13.699002616090741,1.0,0.12678703502617586,0.0,8759
8,2.459075142764051,1.0,0.527113925665617,-1.0,Building_10,9,MATD3,0.7900000214576721,True,4.05476112064207e-06,0.0,0.0,0.5324955582618713,24,8742,0.0,0.0,-0.0,218982,0.0,51.64957809448242,-0.8153665065765381,27.503170013427734,40.80316925048828,51.64957809448242,51.649574279785156,78,3.3900668691069975,1.0,0.18648767337585107,0.0,0.0,0.0,-0.7510462999343872,CityLearnV3MADRLRewardFunction,matd3_unified_comparable_v4,E2,-0.0,1907,13.699002616090741,1.0,0.12678703502617586,0.0,8759
5,1.7320508075688772,1.0,0.6,0.0,Building_11,10,MATD3,0.7900000214576721,True,-4.3632415327010676e-05,0.0,0.0,0.5324955582618713,24,8742,0.0,0.0,-0.0,218982,0.0,71.54798889160156,-0.819214940071106,38.0989875793457,56.522911071777344,71.54798889160156,71.54803466796875,57,3.3973589105967985,1.0,0.2537119640200807,0.0,0.0,0.0,-0.7510462999343872,CityLearnV3MADRLRewardFunction,matd3_unified_comparable_v4,E2,-0.0,1907,13.699002616090741,1.0,0.12678703502617586,0.0,8759
5,2.23606797749979,1.0,0.2,-1.0,Building_12,11,MATD3,0.7900000214576721,True,0.0,0.0,0.0,0.5324955582618713,24,8742,0.0,0.0,-0.0,218982,0.0,215.11593627929688,-0.8187896013259888,114.54827880859375,169.94158935546875,215.11593627929688,215.11593627929688,57,3.2199753522224124,1.0,0.24075160789908023,0.0,0.0,0.0,-0.7510462999343872,CityLearnV3MADRLRewardFunction,matd3_unified_comparable_v4,E2,-0.0,1907,13.699002616090741,1.0,0.12678703502617586,0.0,8759
13,2.449489742783178,1.0,0.3076923076923077,-1.0,Building_13,12,MATD3,0.7900000214576721,True,-3.940150236303452e-06,0.0,0.0,0.5324955582618713,24,8742,0.0,0.0,-0.0,218982,0.0,2.0330183506011963,-0.5862163305282593,1.0825732946395874,1.6060845851898193,2.0330183506011963,2.033022403717041,113,3.4123216014469584,1.0,0.12815825298296668,0.0,0.0,0.0,-0.7510462999343872,CityLearnV3MADRLRewardFunction,matd3_unified_comparable_v4,E2,-0.0,1907,13.699002616090741,1.0,0.12678703502617586,0.0,8759
6,2.23606797749979,1.0,0.16666666666666666,-1.0,Building_14,13,MATD3,0.7900000214576721,True,0.0,0.0,0.0,0.5324955582618713,24,8742,0.0,0.0,-0.0,218982,0.0,2.6149511337280273,-0.5930870771408081,1.3924498558044434,2.0658113956451416,2.6149511337280273,2.6149511337280273,64,3.246010192556302,1.0,0.21219419362023473,0.0,0.0,0.0,-0.7510462999343872,CityLearnV3MADRLRewardFunction,matd3_unified_comparable_v4,E2,-0.0,1907,13.699002616090741,1.0,0.12678703502617586,0.0,8759
10,2.449489742783178,1.0,0.2,-1.0,Building_15,14,MATD3,0.7900000214576721,True,0.0,0.0,0.0,0.5324955582618713,24,8742,0.0,0.0,-0.0,218982,0.0,19.521480560302734,-0.7476422190666199,10.395101547241211,15.42197036743164,19.521480560302734,19.521480560302734,92,3.3352580267821357,1.0,0.15549059633327567,0.0,0.0,0.0,-0.7510462999343872,CityLearnV3MADRLRewardFunction,matd3_unified_comparable_v4,E2,-0.0,1907,13.699002616090741,1.0,0.12678703502617586,0.0,8759
13,2.23606797749979,1.0,0.23076923076923078,-1.0,Building_16,15,MATD3,0.7900000214576721,True,0.0,0.0,0.0,0.5324955582618713,24,8742,0.0,0.0,-0.0,218982,0.0,54.89390563964844,-0.8144140839576721,29.23076057434082,43.366188049316406,54.89390563964844,54.89390563964844,113,3.2233941880861243,1.0,0.11971595718533593,0.0,0.0,0.0,-0.7510462999343872,CityLearnV3MADRLRewardFunction,matd3_unified_comparable_v4,E2,-0.0,1907,13.699002616090741,1.0,0.12678703502617586,0.0,8759
13,2.23606797749979,1.0,0.23076923076923078,-1.0,Building_17,16,MATD3,0.7900000214576721,True,0.0,0.0,0.0,0.5324955582618713,24,8742,0.0,0.0,-0.0,218982,0.0,22.46647071838379,-0.7627440690994263,11.963295936584473,17.748512268066406,22.46647071838379,22.46647071838379,113,3.212997057217479,1.0,0.11923809085799529,0.0,0.0,0.0,-0.7510462999343872,CityLearnV3MADRLRewardFunction,matd3_unified_comparable_v4,E2,-0.0,1907,13.699002616090741,1.0,0.12678703502617586,0.0,8759
6,2.23606797749979,1.0,0.5,-1.0,Building_1,0,MATD3,0.7900000214576721,False,0.0,0.0,0.0,0.5324955582618713,25,0,0.0,0.0,-0.0,219000,-0.0,0.0,-0.1734030693769455,0.0,0.0,0.0,0.0,64,3.0441455744821395,1.0,0.2120110378600657,0.0,-0.0,608.0353579071044,-0.21170896291732788,CityLearnV3MADRLRewardFunction,matd3_unified_comparable_v4,E2,-608.0353579071044,1907,13.538815725155397,1.0,0.13455190764291786,0.0,18
8,2.0,1.0,0.25,-1.0,Building_2,1,MATD3,0.7900000214576721,False,0.0,0.0,0.0,0.5324955582618713,25,0,0.0,0.0,-0.0,219000,-0.0,0.0,-0.1734030693769455,0.0,0.0,0.0,0.0,78,3.3464571366211096,1.0,0.19437957937136674,0.0,-0.0,348.129287109375,-0.21170896291732788,CityLearnV3MADRLRewardFunction,matd3_unified_comparable_v4,E2,-348.129287109375,1907,13.538815725155397,1.0,0.13455190764291786,0.0,18
10,2.8284271247461903,1.0,0.2,-1.0,Building_3,2,MATD3,0.7900000214576721,False,0.0,0.0,0.0,0.5324955582618713,25,0,0.0,0.0,-0.0,219000,-0.0,0.0,-0.21873065829277039,0.0,0.0,0.0,0.0,92,3.164331960912585,1.0,0.15434009557508904,0.0,-0.0,257.19843432922363,-0.21170896291732788,CityLearnV3MADRLRewardFunction,matd3_unified_comparable_v4,E2,-257.19843432922363,1907,13.538815725155397,1.0,0.13455190764291786,0.0,18
8,2.23606797749979,1.0,0.125,-1.0,Building_4,3,MATD3,0.7900000214576721,False,0.0,0.0,0.0,0.5324955582618713,25,0,0.0,0.0,-0.0,219000,-0.0,0.0,-0.4359748363494873,0.0,0.0,0.0,0.0,78,3.131436115271794,1.0,0.18264054421048898,0.0,-0.0,108.47739464111329,-0.21170896291732788,CityLearnV3MADRLRewardFunction,matd3_unified_comparable_v4,E2,-108.47739464111329,1907,13.538815725155397,1.0,0.13455190764291786,0.0,18
5,1.7320508075688772,1.0,0.2,-1.0,Building_5,4,MATD3,0.7900000214576721,False,0.0,0.0,0.0,0.5324955582618713,25,0,0.0,0.0,-0.0,219000,-0.0,0.0,-0.18083767592906952,0.0,0.0,0.0,0.0,57,3.120106939371082,1.0,0.24475126059954627,0.0,-0.0,46.003905752563476,-0.21170896291732788,CityLearnV3MADRLRewardFunction,matd3_unified_comparable_v4,E2,-46.003905752563476,1907,13.538815725155397,1.0,0.13455190764291786,0.0,18
34,3.872983346207417,1.0,0.2647058823529412,-1.0,Building_6,5,MATD3,0.7900000214576721,False,0.0,0.0,0.0,0.5324955582618713,25,0,0.0,0.0,-0.0,219000,-0.0,0.0,-0.5147932171821594,0.0,0.0,0.0,0.0,260,3.800718241125621,1.0,0.076253743784932,0.0,-0.0,900.2292520095825,-0.21170896291732788,CityLearnV3MADRLRewardFunction,matd3_unified_comparable_v4,E2,-900.2292520095825,1907,13.538815725155397,1.0,0.13455190764291786,0.0,18
44,4.58257569495584,1.0,0.4772727272727273,0.0,Building_7,6,MATD3,0.7900000214576721,False,0.0,0.0,0.0,0.5324955582618713,25,0,0.0,0.0,-0.0,219000,-0.0,0.0,-0.1734030693769455,0.0,0.0,0.0,0.0,330,3.240806218538614,1.0,0.04396610539970976,0.0,-0.0,348.60507375640873,-0.21170896291732788,CityLearnV3MADRLRewardFunction,matd3_unified_comparable_v4,E2,-348.60507375640873,1907,13.538815725155397,1.0,0.13455190764291786,0.0,18
19,3.1622776601683795,1.0,0.10526315789473684,-1.0,Building_8,7,MATD3,0.7900000214576721,False,0.0,0.0,0.0,0.5324955582618713,25,0,0.0,0.0,-0.0,219000,-0.0,0.0,-0.1734030693769455,0.0,0.0,0.0,0.0,155,3.1331886529295145,1.0,0.09103673859950034,0.0,-0.0,916.700602859497,-0.21170896291732788,CityLearnV3MADRLRewardFunction,matd3_unified_comparable_v4,E2,-916.700602859497,1907,13.538815725155397,1.0,0.13455190764291786,0.0,18
12,2.6457513110645907,1.0,0.4166666666666667,-1.0,Building_9,8,MATD3,0.7900000214576721,False,0.0,0.0,0.0,0.5324955582618713,25,0,0.0,0.0,-0.0,219000,-0.0,0.0,-0.1678137183189392,0.0,0.0,0.0,0.0,106,4.109293491065507,1.0,0.2105776238132198,0.0,-0.0,191.80397944030761,-0.21170896291732788,CityLearnV3MADRLRewardFunction,matd3_unified_comparable_v4,E2,-191.80397944030761,1907,13.538815725155397,1.0,0.13455190764291786,0.0,18
8,2.449606194186243,1.0,0.5029856599867344,-1.0,Building_10,9,MATD3,0.7900000214576721,False,0.0,0.0,0.0,0.5324955582618713,25,0,0.0,0.0,-0.0,219000,-0.0,0.0,-0.1734030693769455,0.0,0.0,0.0,0.0,78,3.2647129901734537,1.0,0.1890949702415711,0.0,-0.0,621.0475287597656,-0.21170896291732788,CityLearnV3MADRLRewardFunction,matd3_unified_comparable_v4,E2,-621.0475287597656,1907,13.538815725155397,1.0,0.13455190764291786,0.0,18
5,1.7320508075688772,1.0,0.6,0.0,Building_11,10,MATD3,0.7900000214576721,False,0.0,0.0,0.0,0.5324955582618713,25,0,0.0,0.0,-0.0,219000,-0.0,0.0,-0.1734030693769455,0.0,0.0,0.0,0.0,57,3.3624864052312833,1.0,0.2729505037790851,0.0,-0.0,1845.7105260131837,-0.21170896291732788,CityLearnV3MADRLRewardFunction,matd3_unified_comparable_v4,E2,-1845.7105260131837,1907,13.538815725155397,1.0,0.13455190764291786,0.0,18
5,2.23606797749979,1.0,0.2,-1.0,Building_12,11,MATD3,0.7900000214576721,False,0.0,0.0,0.0,0.5324955582618713,25,0,0.0,0.0,-0.0,219000,-0.0,0.0,-0.1734030693769455,0.0,0.0,0.0,0.0,57,3.164687133755082,1.0,0.250910636233656,0.0,-0.0,793.6112569046021,-0.21170896291732788,CityLearnV3MADRLRewardFunction,matd3_unified_comparable_v4,E2,-793.6112569046021,1907,13.538815725155397,1.0,0.13455190764291786,0.0,18
13,2.449489742783178,1.0,0.3076923076923077,-1.0,Building_13,12,MATD3,0.7900000214576721,False,0.0,0.0,0.0,0.5324955582618713,25,0,0.0,0.0,-0.0,219000,-0.0,0.0,-0.17340309917926788,0.0,0.0,0.0,0.0,113,3.2358263374795846,1.0,0.12661002589538034,0.0,-0.0,117.27739019165038,-0.21170896291732788,CityLearnV3MADRLRewardFunction,matd3_unified_comparable_v4,E2,-117.27739019165038,1907,13.538815725155397,1.0,0.13455190764291786,0.0,18
6,2.23606797749979,1.0,0.16666666666666666,-1.0,Building_14,13,MATD3,0.7900000214576721,False,0.0,0.0,0.0,0.5324955582618713,25,0,0.0,0.0,-0.0,219000,-0.0,0.0,-0.1734030693769455,0.0,0.0,0.0,0.0,64,3.0346099926325687,1.0,0.21109241410158575,0.0,-0.0,773.6717279693603,-0.21170896291732788,CityLearnV3MADRLRewardFunction,matd3_unified_comparable_v4,E2,-773.6717279693603,1907,13.538815725155397,1.0,0.13455190764291786,0.0,18
10,2.449489742783178,1.0,0.2,-1.0,Building_15,14,MATD3,0.7900000214576721,False,0.0,0.0,0.0,0.5324955582618713,25,0,0.0,0.0,-0.0,219000,-0.0,0.0,-0.1734030693769455,0.0,0.0,0.0,0.0,92,3.2436021316756074,1.0,0.15821242300064667,0.0,-0.0,427.5912291809082,-0.21170896291732788,CityLearnV3MADRLRewardFunction,matd3_unified_comparable_v4,E2,-427.5912291809082,1907,13.538815725155397,1.0,0.13455190764291786,0.0,18
13,2.23606797749979,1.0,0.23076923076923078,-1.0,Building_16,15,MATD3,0.7900000214576721,False,0.0,0.0,0.0,0.5324955582618713,25,0,0.0,0.0,-0.0,219000,-0.0,0.0,-0.1734030693769455,0.0,0.0,0.0,0.0,113,3.0505942708043583,1.0,0.11851009944107681,0.0,-0.0,444.93948184204106,-0.21170896291732788,CityLearnV3MADRLRewardFunction,matd3_unified_comparable_v4,E2,-444.93948184204106,1907,13.538815725155397,1.0,0.13455190764291786,0.0,18
13,2.23606797749979,1.0,0.23076923076923078,-1.0,Building_17,16,MATD3,0.7900000214576721,False,0.0,0.0,0.0,0.5324955582618713,25,0,0.0,0.0,-0.0,219000,-0.0,0.0,-0.17346855998039246,0.0,0.0,0.0,0.0,113,3.184667749895268,1.0,0.12675987744489603,0.0,-0.0,69.62133140716551,-0.21170896291732788,CityLearnV3MADRLRewardFunction,matd3_unified_comparable_v4,E2,-69.62133140716551,1907,13.538815725155397,1.0,0.13455190764291786,0.0,18
6,2.23606797749979,1.0,0.5,-1.0,Building_1,0,MATD3,0.7900000214576721,True,0.0,0.0,0.0,0.5324955582618713,25,8741,0.0,0.0,-0.0,227741,0.0,446.8856201171875,-0.8189542889595032,237.96461486816406,353.0396423339844,446.8856201171875,446.8856201171875,64,3.363412979817655,1.0,0.23457947955466807,0.0,0.0,0.0,-0.7494149208068848,CityLearnV3MADRLRewardFunction,matd3_unified_comparable_v4,E2,-0.0,1907,14.427766246670547,1.0,0.14020010822330023,0.0,8759
8,2.0,1.0,0.25,-1.0,Building_2,1,MATD3,0.7900000214576721,True,-7.45059693940675e-08,0.0,0.0,0.5324955582618713,25,8741,0.0,0.0,-0.0,227741,0.0,5.618855953216553,-0.6270590424537659,2.992015838623047,4.438896179199219,5.618855953216553,5.618855953216553,78,3.5967874580055867,1.0,0.20523377832693931,0.0,0.0,0.0,-0.7494149208068848,CityLearnV3MADRLRewardFunction,matd3_unified_comparable_v4,E2,-0.0,1907,14.427766246670547,1.0,0.14020010822330023,0.0,8759
10,2.8284271247461903,1.0,0.2,-1.0,Building_3,2,MATD3,0.7900000214576721,True,0.0,0.0,0.0,0.5324955582618713,25,8741,0.0,0.0,-0.0,227741,0.0,98.17061614990234,-0.8163613677024841,52.27541732788086,77.5547866821289,98.17061614990234,98.17061614990234,92,3.3819518729175577,1.0,0.16205699093963788,0.0,0.0,0.0,-0.7494149208068848,CityLearnV3MADRLRewardFunction,matd3_unified_comparable_v4,E2,-0.0,1907,14.427766246670547,1.0,0.14020010822330023,0.0,8759
8,2.23606797749979,1.0,0.125,-1.0,Building_4,3,MATD3,0.7900000214576721,True,0.0,0.0,0.0,0.5324955582618713,25,8741,0.0,0.0,-0.0,227741,0.0,28.84416961669922,-0.7846107482910156,15.359392166137695,22.786893844604492,28.84416961669922,28.84416961669922,78,3.365757821671856,1.0,0.19006271679431963,0.0,0.0,0.0,-0.7494149208068848,CityLearnV3MADRLRewardFunction,matd3_unified_comparable_v4,E2,-0.0,1907,14.427766246670547,1.0,0.14020010822330023,0.0,8759
5,1.7320508075688772,1.0,0.2,-1.0,Building_5,4,MATD3,0.7900000214576721,True,0.0,0.0,0.0,0.5324955582618713,25,8741,0.0,0.0,-0.0,227741,0.0,43.92958068847656,-0.875201404094696,23.39230728149414,34.704368591308594,43.92958068847656,37.89287567138672,57,3.687173301001371,1.0,0.31158173084259033,0.0,0.0,0.0,-0.7494149208068848,CityLearnV3MADRLRewardFunction,matd3_unified_comparable_v4,E2,-0.0,1907,14.427766246670547,1.0,0.14020010822330023,0.0,8759
34,3.7416573867739413,1.0,0.23529411764705882,-1.0,Building_6,5,MATD3,0.7900000214576721,True,0.0,0.0,0.0,0.5324955582618713,25,8741,0.0,0.0,-0.0,227741,0.0,350.8894348144531,-0.8184624910354614,186.84706115722656,277.2026672363281,350.8894348144531,350.8894348144531,260,3.3609150752866683,1.0,0.05693318809454258,0.0,0.0,0.0,-0.7494149208068848,CityLearnV3MADRLRewardFunction,matd3_unified_comparable_v4,E2,-0.0,1907,14.427766246670547,1.0,0.14020010822330023,0.0,8759
44,4.58257569495584,1.0,0.4772727272727273,0.0,Building_7,6,MATD3,0.7900000214576721,True,2.119661439792253e-05,0.0,0.0,0.5324955582618713,25,8741,0.0,0.0,-0.0,227741,0.0,18.660245895385742,-0.7421686053276062,9.936497688293457,14.741594314575195,18.660245895385742,18.66022491455078,330,3.5839483164279073,1.0,0.04892784004861658,0.0,0.0,0.0,-0.7494149208068848,CityLearnV3MADRLRewardFunction,matd3_unified_comparable_v4,E2,-0.0,1907,14.427766246670547,1.0,0.14020010822330023,0.0,8759
19,3.1622776601683795,1.0,0.10526315789473684,-1.0,Building_8,7,MATD3,0.7900000214576721,True,0.0,0.0,0.0,0.5324955582618713,25,8741,0.0,0.0,-0.0,227741,0.0,19.251495361328125,-0.744839608669281,10.251336097717285,15.2086820602417,19.251495361328125,19.251495361328125,155,3.5885433590282907,1.0,0.10431925356388091,0.0,0.0,0.0,-0.7494149208068848,CityLearnV3MADRLRewardFunction,matd3_unified_comparable_v4,E2,-0.0,1907,14.427766246670547,1.0,0.14020010822330023,0.0,8759
12,2.6457513110645907,1.0,0.4166666666666667,-1.0,Building_9,8,MATD3,0.7900000214576721,True,0.0,0.0,0.0,0.5324955582618713,25,8741,0.0,0.0,-0.0,227741,0.0,2.4506425857543945,-0.5724859833717346,1.304956316947937,1.9360077381134033,2.4506425857543945,2.4506425857543945,106,3.69422321994266,1.0,0.16635122839009986,0.0,0.0,0.0,-0.7494149208068848,CityLearnV3MADRLRewardFunction,matd3_unified_comparable_v4,E2,-0.0,1907,14.427766246670547,1.0,0.14020010822330023,0.0,8759
8,2.6457513110645907,1.0,0.625,-1.0,Building_10,9,MATD3,0.7900000214576721,True,4.05476112064207e-06,0.0,0.0,0.5324955582618713,25,8741,0.0,0.0,-0.0,227741,0.0,34.334144592285156,-0.7982436418533325,18.282779693603516,27.12397575378418,34.334144592285156,34.33414077758789,78,3.553005704318034,1.0,0.2039076835872271,0.0,0.0,0.0,-0.7494149208068848,CityLearnV3MADRLRewardFunction,matd3_unified_comparable_v4,E2,-0.0,1907,14.427766246670547,1.0,0.14020010822330023,0.0,8759
5,1.7320508075688772,1.0,0.6,0.0,Building_11,10,MATD3,0.7900000214576721,True,-4.3632415327010676e-05,0.0,0.0,0.5324955582618713,25,8741,0.0,0.0,-0.0,227741,0.0,57.91752243041992,-0.8160234093666077,30.840824127197266,45.754844665527344,57.91752243041992,57.917564392089844,57,3.5642476095893274,1.0,0.27870716076148183,0.0,0.0,0.0,-0.7494149208068848,CityLearnV3MADRLRewardFunction,matd3_unified_comparable_v4,E2,-0.0,1907,14.427766246670547,1.0,0.14020010822330023,0.0,8759
5,2.23606797749979,1.0,0.2,-1.0,Building_12,11,MATD3,0.7900000214576721,True,0.0,0.0,0.0,0.5324955582618713,25,8741,0.0,0.0,-0.0,227741,0.0,182.6020965576172,-0.8172471523284912,97.23480224609375,144.2556610107422,182.6020965576172,182.6020965576172,57,3.38220839408873,1.0,0.2615112162995757,0.0,0.0,0.0,-0.7494149208068848,CityLearnV3MADRLRewardFunction,matd3_unified_comparable_v4,E2,-0.0,1907,14.427766246670547,1.0,0.14020010822330023,0.0,8759
13,2.449489742783178,1.0,0.3076923076923077,-1.0,Building_13,12,MATD3,0.7900000214576721,True,-3.940150236303452e-06,0.0,0.0,0.5324955582618713,25,8741,0.0,0.0,-0.0,227741,0.0,2.789363384246826,-0.5940362811088562,1.4853236675262451,2.203597068786621,2.789363384246826,2.789367437362671,113,3.5803868130996173,1.0,0.14118063555354565,0.0,0.0,0.0,-0.7494149208068848,CityLearnV3MADRLRewardFunction,matd3_unified_comparable_v4,E2,-0.0,1907,14.427766246670547,1.0,0.14020010822330023,0.0,8759
6,2.23606797749979,1.0,0.16666666666666666,-1.0,Building_14,13,MATD3,0.7900000214576721,True,0.0,0.0,0.0,0.5324955582618713,25,8741,0.0,0.0,-0.0,227741,0.0,2.485826015472412,-0.5902917981147766,1.3236913681030273,1.9638025760650635,2.485826015472412,2.485826015472412,64,3.418981692118897,1.0,0.23510858113877475,0.0,0.0,0.0,-0.7494149208068848,CityLearnV3MADRLRewardFunction,matd3_unified_comparable_v4,E2,-0.0,1907,14.427766246670547,1.0,0.14020010822330023,0.0,8759
10,2.449489742783178,1.0,0.2,-1.0,Building_15,14,MATD3,0.7900000214576721,True,0.0,0.0,0.0,0.5324955582618713,25,8741,0.0,0.0,-0.0,227741,0.0,20.5941162109375,-0.7522606253623962,10.966275215148926,16.269351959228516,20.5941162109375,20.5941162109375,92,3.5109822890869915,1.0,0.17171372230286183,0.0,0.0,0.0,-0.7494149208068848,CityLearnV3MADRLRewardFunction,matd3_unified_comparable_v4,E2,-0.0,1907,14.427766246670547,1.0,0.14020010822330023,0.0,8759
13,2.23606797749979,1.0,0.23076923076923078,-1.0,Building_16,15,MATD3,0.7900000214576721,True,0.0,0.0,0.0,0.5324955582618713,25,8741,0.0,0.0,-0.0,227741,0.0,103.13050842285156,-0.8164310455322266,54.91653823852539,81.47310638427734,103.13050842285156,103.13050842285156,113,3.4178754577396515,1.0,0.13568326870424557,0.0,0.0,0.0,-0.7494149208068848,CityLearnV3MADRLRewardFunction,matd3_unified_comparable_v4,E2,-0.0,1907,14.427766246670547,1.0,0.14020010822330023,0.0,8759
13,2.23606797749979,1.0,0.23076923076923078,-1.0,Building_17,16,MATD3,0.7900000214576721,True,0.0,0.0,0.0,0.5324955582618713,25,8741,0.0,0.0,-0.0,227741,0.0,21.1981143951416,-0.7553762793540955,11.287901878356934,16.746511459350586,21.1981143951416,21.1981143951416,113,3.40587103762136,1.0,0.13510602633510016,0.0,0.0,0.0,-0.7494149208068848,CityLearnV3MADRLRewardFunction,matd3_unified_comparable_v4,E2,-0.0,1907,14.427766246670547,1.0,0.14020010822330023,0.0,8759
6,2.23606797749979,1.0,0.5,-1.0,Building_1,0,MATD3,0.7900000214576721,False,0.0,0.0,0.0,0.5324955582618713,26,0,0.0,0.0,-0.0,227760,-0.0,0.0,-0.033154986798763275,0.0,0.0,0.0,0.0,64,3.252149876894447,1.0,0.2227530296659097,0.0,0.0,0.0,-0.03536484017968178,CityLearnV3MADRLRewardFunction,matd3_unified_comparable_v4,E2,-0.0,1907,14.199031807635729,1.0,0.13912132172002864,0.0,19
8,2.0,1.0,0.25,-1.0,Building_2,1,MATD3,0.7900000214576721,False,0.0,0.0,0.0,0.5324955582618713,26,0,0.0,0.0,-0.0,227760,-0.0,0.0,-0.033154986798763275,0.0,0.0,0.0,0.0,78,3.4454044353706013,1.0,0.1944655958467569,0.0,0.0,0.0,-0.03536484017968178,CityLearnV3MADRLRewardFunction,matd3_unified_comparable_v4,E2,-0.0,1907,14.199031807635729,1.0,0.13912132172002864,0.0,19
10,2.8284271247461903,1.0,0.2,-1.0,Building_3,2,MATD3,0.7900000214576721,False,0.0,0.0,0.0,0.5324955582618713,26,0,0.0,0.0,-0.0,227760,-0.0,0.0,-0.033154986798763275,0.0,0.0,0.0,0.0,92,3.312480099109213,1.0,0.16089658892672995,0.0,0.0,0.0,-0.03536484017968178,CityLearnV3MADRLRewardFunction,matd3_unified_comparable_v4,E2,-0.0,1907,14.199031807635729,1.0,0.13912132172002864,0.0,19
8,2.23606797749979,1.0,0.125,-1.0,Building_4,3,MATD3,0.7900000214576721,False,0.0,0.0,0.0,0.5324955582618713,26,0,0.0,0.0,-0.0,227760,-0.0,0.0,-0.033163730055093765,0.0,0.0,0.0,0.0,78,3.1636875284018675,1.0,0.17542722448706627,0.0,0.0,0.0,-0.03536484017968178,CityLearnV3MADRLRewardFunction,matd3_unified_comparable_v4,E2,-0.0,1907,14.199031807635729,1.0,0.13912132172002864,0.0,19
5,1.7320508075688772,1.0,0.2,-1.0,Building_5,4,MATD3,0.7900000214576721,False,0.0,0.0,0.0,0.5324955582618713,26,0,0.0,0.0,-0.0,227760,-0.0,0.0,-0.0334247462451458,0.0,0.0,0.0,0.0,57,3.763340799254858,1.0,0.32047929653995916,0.0,0.0,0.0,-0.03536484017968178,CityLearnV3MADRLRewardFunction,matd3_unified_comparable_v4,E2,-0.0,1907,14.199031807635729,1.0,0.13912132172002864,0.0,19
34,3.7416573867739413,1.0,0.23529411764705882,-1.0,Building_6,5,MATD3,0.7900000214576721,False,0.0,0.0,0.0,0.5324955582618713,26,0,0.0,0.0,-0.0,227760,-0.0,0.0,-0.10815498977899551,0.0,0.0,0.0,0.0,260,3.5556108426617907,1.0,0.06458983553143648,0.0,0.0,0.0,-0.03536484017968178,CityLearnV3MADRLRewardFunction,matd3_unified_comparable_v4,E2,-0.0,1907,14.199031807635729,1.0,0.13912132172002864,0.0,19
44,4.58257569495584,1.0,0.4772727272727273,0.0,Building_7,6,MATD3,0.7900000214576721,False,0.0,0.0,0.0,0.5324955582618713,26,0,0.0,0.0,-0.0,227760,-0.0,0.0,-0.033154986798763275,0.0,0.0,0.0,0.0,330,3.439573125289142,1.0,0.046014013051083595,0.0,0.0,0.0,-0.03536484017968178,CityLearnV3MADRLRewardFunction,matd3_unified_comparable_v4,E2,-0.0,1907,14.199031807635729,1.0,0.13912132172002864,0.0,19
19,3.1622776601683795,1.0,0.10526315789473684,-1.0,Building_8,7,MATD3,0.7900000214576721,False,0.0,0.0,0.0,0.5324955582618713,26,0,0.0,0.0,-0.0,227760,-0.0,0.0,-0.033154986798763275,0.0,0.0,0.0,0.0,155,3.268283803565191,1.0,0.09253551291842614,0.0,0.0,0.0,-0.03536484017968178,CityLearnV3MADRLRewardFunction,matd3_unified_comparable_v4,E2,-0.0,1907,14.199031807635729,1.0,0.13912132172002864,0.0,19
12,2.6457513110645907,1.0,0.4166666666666667,-1.0,Building_9,8,MATD3,0.7900000214576721,False,0.0,0.0,0.0,0.5324955582618713,26,0,0.0,0.0,-0.0,227760,-0.0,0.0,0.004556488711386919,0.0,0.0,0.0,0.0,106,4.324458243358797,1.0,0.22396228877159785,0.0,0.0,0.0,-0.03536484017968178,CityLearnV3MADRLRewardFunction,matd3_unified_comparable_v4,E2,-0.0,1907,14.199031807635729,1.0,0.13912132172002864,0.0,19
8,2.6457513110645907,1.0,0.625,-1.0,Building_10,9,MATD3,0.7900000214576721,False,0.0,0.0,0.0,0.5324955582618713,26,0,0.0,0.0,-0.0,227760,-0.0,0.0,-0.033154986798763275,0.0,0.0,0.0,0.0,78,3.4131570210821587,1.0,0.19252859547925302,0.0,0.0,0.0,-0.03536484017968178,CityLearnV3MADRLRewardFunction,matd3_unified_comparable_v4,E2,-0.0,1907,14.199031807635729,1.0,0.13912132172002864,0.0,19
5,1.7320508075688772,1.0,0.6,0.0,Building_11,10,MATD3,0.7900000214576721,False,0.0,0.0,0.0,0.5324955582618713,26,0,0.0,0.0,-0.0,227760,-0.0,0.0,-0.033154986798763275,0.0,0.0,0.0,0.0,57,3.499248159229121,1.0,0.28029014797587143,0.0,0.0,0.0,-0.03536484017968178,CityLearnV3MADRLRewardFunction,matd3_unified_comparable_v4,E2,-0.0,1907,14.199031807635729,1.0,0.13912132172002864,0.0,19
5,2.23606797749979,1.0,0.2,-1.0,Building_12,11,MATD3,0.7900000214576721,False,0.0,0.0,0.0,0.5324955582618713,26,0,0.0,0.0,-0.0,227760,-0.0,0.0,-0.033154986798763275,0.0,0.0,0.0,0.0,57,3.3300321405017503,1.0,0.2630311750006257,0.0,0.0,0.0,-0.03536484017968178,CityLearnV3MADRLRewardFunction,matd3_unified_comparable_v4,E2,-0.0,1907,14.199031807635729,1.0,0.13912132172002864,0.0,19
13,2.449489742783178,1.0,0.3076923076923077,-1.0,Building_13,12,MATD3,0.7900000214576721,False,0.0,0.0,0.0,0.5324955582618713,26,0,0.0,0.0,-0.0,227760,-0.0,0.0,-0.033154986798763275,0.0,0.0,0.0,0.0,113,3.4413559217396132,1.0,0.134070947568501,0.0,0.0,0.0,-0.03536484017968178,CityLearnV3MADRLRewardFunction,matd3_unified_comparable_v4,E2,-0.0,1907,14.199031807635729,1.0,0.13912132172002864,0.0,19
6,2.23606797749979,1.0,0.16666666666666666,-1.0,Building_14,13,MATD3,0.7900000214576721,False,0.0,0.0,0.0,0.5324955582618713,26,0,0.0,0.0,-0.0,227760,-0.0,0.0,-0.033154986798763275,0.0,0.0,0.0,0.0,64,3.2259944151003137,1.0,0.21842745004687458,0.0,0.0,0.0,-0.03536484017968178,CityLearnV3MADRLRewardFunction,matd3_unified_comparable_v4,E2,-0.0,1907,14.199031807635729,1.0,0.13912132172002864,0.0,19
10,2.449489742783178,1.0,0.2,-1.0,Building_15,14,MATD3,0.7900000214576721,False,0.0,0.0,0.0,0.5324955582618713,26,0,0.0,0.0,-0.0,227760,-0.0,0.0,-0.033154986798763275,0.0,0.0,0.0,0.0,92,3.3145679765462526,1.0,0.1593793394934872,0.0,0.0,0.0,-0.03536484017968178,CityLearnV3MADRLRewardFunction,matd3_unified_comparable_v4,E2,-0.0,1907,14.199031807635729,1.0,0.13912132172002864,0.0,19
13,2.23606797749979,1.0,0.23076923076923078,-1.0,Building_16,15,MATD3,0.7900000214576721,False,0.0,0.0,0.0,0.5324955582618713,26,0,0.0,0.0,-0.0,227760,-0.0,0.0,-0.033154986798763275,0.0,0.0,0.0,0.0,113,3.26951835148221,1.0,0.125954745419785,0.0,0.0,0.0,-0.03536484017968178,CityLearnV3MADRLRewardFunction,matd3_unified_comparable_v4,E2,-0.0,1907,14.199031807635729,1.0,0.13912132172002864,0.0,19
13,2.23606797749979,1.0,0.23076923076923078,-1.0,Building_17,16,MATD3,0.7900000214576721,False,0.0,0.0,0.0,0.5324955582618713,26,0,0.0,0.0,-0.0,227760,-0.0,0.0,-0.03315547853708267,0.0,0.0,0.0,0.0,113,3.354968323285924,1.0,0.13322147516022742,0.0,0.0,0.0,-0.03536484017968178,CityLearnV3MADRLRewardFunction,matd3_unified_comparable_v4,E2,-0.0,1907,14.199031807635729,1.0,0.13912132172002864,0.0,19
6,2.23606797749979,1.0,0.5,-1.0,Building_1,0,MATD3,0.7900000214576721,True,0.0,0.0,0.0,0.5324955582618713,26,8740,0.0,0.0,-0.0,236500,0.0,391.586669921875,-0.7379673719406128,208.51815795898438,309.3534851074219,391.586669921875,391.586669921875,64,3.293957432767496,1.0,0.22063545673154294,0.0,0.0,0.0,-0.634387195110321,CityLearnV3MADRLRewardFunction,matd3_unified_comparable_v4,E2,-0.0,1907,14.037639902744592,1.0,0.13132975472007424,0.0,8759
8,2.0,1.0,0.25,-1.0,Building_2,1,MATD3,0.7900000214576721,True,-7.45059693940675e-08,0.0,0.0,0.5324955582618713,26,8740,0.0,0.0,-0.0,236500,0.0,0.18486037850379944,-0.481828510761261,0.09843733161687851,0.1460397094488144,0.18486037850379944,0.1848604530096054,78,3.520597752596835,1.0,0.19391298790772757,0.0,0.0,0.0,-0.634387195110321,CityLearnV3MADRLRewardFunction,matd3_unified_comparable_v4,E2,-0.0,1907,14.037639902744592,1.0,0.13132975472007424,0.0,8759
10,2.8284271247461903,1.0,0.2,-1.0,Building_3,2,MATD3,0.7900000214576721,True,0.0,0.0,0.0,0.5324955582618713,26,8740,0.0,0.0,-0.0,236500,0.0,39.0087890625,-0.7227219343185425,20.77200698852539,30.816944122314453,39.0087890625,39.0087890625,92,3.2643349760543376,1.0,0.15071380041215732,0.0,0.0,0.0,-0.634387195110321,CityLearnV3MADRLRewardFunction,matd3_unified_comparable_v4,E2,-0.0,1907,14.037639902744592,1.0,0.13132975472007424,0.0,8759
8,2.23606797749979,1.0,0.125,-1.0,Building_4,3,MATD3,0.7900000214576721,True,0.0,0.0,0.0,0.5324955582618713,26,8740,0.0,0.0,-0.0,236500,0.0,36.67196273803711,-0.7197271585464478,19.52765655517578,28.97085189819336,36.67196273803711,36.67196273803711,78,3.2650679327162457,1.0,0.1776794059536396,0.0,0.0,0.0,-0.634387195110321,CityLearnV3MADRLRewardFunction,matd3_unified_comparable_v4,E2,-0.0,1907,14.037639902744592,1.0,0.13132975472007424,0.0,8759
5,1.7320508075688772,1.0,0.2,-1.0,Building_5,4,MATD3,0.7900000214576721,True,0.0,0.0,0.0,0.5324955582618713,26,8740,0.0,0.0,-0.0,236500,0.0,60.26204299926758,-0.8007411360740662,32.089271545410156,47.60701370239258,60.26204299926758,54.225337982177734,57,3.569266383478027,1.0,0.29216772161032023,0.0,0.0,0.0,-0.634387195110321,CityLearnV3MADRLRewardFunction,matd3_unified_comparable_v4,E2,-0.0,1907,14.037639902744592,1.0,0.13132975472007424,0.0,8759
34,3.7416573867739413,1.0,0.23529411764705882,-1.0,Building_6,5,MATD3,0.7900000214576721,True,0.0,0.0,0.0,0.5324955582618713,26,8740,0.0,0.0,-0.0,236500,0.0,348.8946838378906,-0.7377071976661682,185.7848663330078,275.6268005371094,348.8946838378906,348.8946838378906,260,3.2554705069875767,1.0,0.05311486892975294,0.0,0.0,0.0,-0.634387195110321,CityLearnV3MADRLRewardFunction,matd3_unified_comparable_v4,E2,-0.0,1907,14.037639902744592,1.0,0.13132975472007424,0.0,8759
44,4.58257569495584,1.0,0.4772727272727273,0.0,Building_7,6,MATD3,0.7900000214576721,True,2.119661439792253e-05,0.0,0.0,0.5324955582618713,26,8740,0.0,0.0,-0.0,236500,0.0,2.9801065921783447,-0.515568196773529,1.5868935585021973,2.3542842864990234,2.9801065921783447,2.9800853729248047,330,3.5021767049131327,1.0,0.04573751243226456,0.0,0.0,0.0,-0.634387195110321,CityLearnV3MADRLRewardFunction,matd3_unified_comparable_v4,E2,-0.0,1907,14.037639902744592,1.0,0.13132975472007424,0.0,8759
19,3.3166247903554,1.0,0.15789473684210525,-1.0,Building_8,7,MATD3,0.7900000214576721,True,0.0,0.0,0.0,0.5324955582618713,26,8740,0.0,0.0,-0.0,236500,0.0,6.19936990737915,-0.5525681376457214,3.3011369705200195,4.897502422332764,6.19936990737915,6.19936990737915,155,3.3962261274741334,1.0,0.09467931918559536,0.0,0.0,0.0,-0.634387195110321,CityLearnV3MADRLRewardFunction,matd3_unified_comparable_v4,E2,-0.0,1907,14.037639902744592,1.0,0.13132975472007424,0.0,8759
12,2.6457513110645907,1.0,0.4166666666666667,-1.0,Building_9,8,MATD3,0.7900000214576721,True,0.0,0.0,0.0,0.5324955582618713,26,8740,0.0,0.0,-0.0,236500,0.0,2.1350696086883545,-0.4879651367664337,1.1369150876998901,1.6867049932479858,2.1350696086883545,2.1350696086883545,106,3.5815197403337824,1.0,0.15437126440821952,0.0,0.0,0.0,-0.634387195110321,CityLearnV3MADRLRewardFunction,matd3_unified_comparable_v4,E2,-0.0,1907,14.037639902744592,1.0,0.13132975472007424,0.0,8759
8,2.6457513110645907,1.0,0.625,-1.0,Building_10,9,MATD3,0.7900000214576721,True,4.05476112064207e-06,0.0,0.0,0.5324955582618713,26,8740,0.0,0.0,-0.0,236500,0.0,16.451885223388672,-0.6470147967338562,8.7605562210083,12.996989250183105,16.451885223388672,16.451881408691406,78,3.473783397409411,1.0,0.19227790861175612,0.0,0.0,0.0,-0.634387195110321,CityLearnV3MADRLRewardFunction,matd3_unified_comparable_v4,E2,-0.0,1907,14.037639902744592,1.0,0.13132975472007424,0.0,8759
5,1.7320508075688772,1.0,0.6,0.0,Building_11,10,MATD3,0.7900000214576721,True,-4.3632415327010676e-05,0.0,0.0,0.5324955582618713,26,8740,0.0,0.0,-0.0,236500,0.0,66.45193481445312,-0.7367128133773804,35.38536071777344,52.49702835083008,66.45193481445312,66.45198059082031,57,3.477940833916371,1.0,0.2622795214778499,0.0,0.0,0.0,-0.634387195110321,CityLearnV3MADRLRewardFunction,matd3_unified_comparable_v4,E2,-0.0,1907,14.037639902744592,1.0,0.13132975472007424,0.0,8759
5,2.23606797749979,1.0,0.2,-1.0,Building_12,11,MATD3,0.7900000214576721,True,0.0,0.0,0.0,0.5324955582618713,26,8740,0.0,0.0,-0.0,236500,0.0,155.388671875,-0.7362457513809204,82.7437744140625,122.7570571899414,155.388671875,155.388671875,57,3.2986450553893563,1.0,0.24877953738497013,0.0,0.0,0.0,-0.634387195110321,CityLearnV3MADRLRewardFunction,matd3_unified_comparable_v4,E2,-0.0,1907,14.037639902744592,1.0,0.13132975472007424,0.0,8759
13,2.449489742783178,1.0,0.3076923076923077,-1.0,Building_13,12,MATD3,0.7900000214576721,True,-3.940150236303452e-06,0.0,0.0,0.5324955582618713,26,8740,0.0,0.0,-0.0,236500,0.0,0.10476967692375183,-0.4808550179004669,0.055789388716220856,0.0827680453658104,0.10476967692375183,0.1047736182808876,113,3.5034903058070705,1.0,0.13320528907058513,0.0,0.0,0.0,-0.634387195110321,CityLearnV3MADRLRewardFunction,matd3_unified_comparable_v4,E2,-0.0,1907,14.037639902744592,1.0,0.13132975472007424,0.0,8759
6,2.23606797749979,1.0,0.16666666666666666,-1.0,Building_14,13,MATD3,0.7900000214576721,True,0.0,0.0,0.0,0.5324955582618713,26,8740,0.0,0.0,-0.0,236500,0.0,1.3521205186843872,-0.4959341883659363,0.7199981808662415,1.068175196647644,1.3521205186843872,1.3521205186843872,64,3.3627989173264545,1.0,0.22267394256778061,0.0,0.0,0.0,-0.634387195110321,CityLearnV3MADRLRewardFunction,matd3_unified_comparable_v4,E2,-0.0,1907,14.037639902744592,1.0,0.13132975472007424,0.0,8759
10,2.449489742783178,1.0,0.2,-1.0,Building_15,14,MATD3,0.7900000214576721,True,0.0,0.0,0.0,0.5324955582618713,26,8740,0.0,0.0,-0.0,236500,0.0,15.147623062133789,-0.6368547677993774,8.066041946411133,11.966622352600098,15.147623062133789,15.147623062133789,92,3.4062206102198083,1.0,0.16028831105517305,0.0,0.0,0.0,-0.634387195110321,CityLearnV3MADRLRewardFunction,matd3_unified_comparable_v4,E2,-0.0,1907,14.037639902744592,1.0,0.13132975472007424,0.0,8759
13,2.23606797749979,1.0,0.23076923076923078,-1.0,Building_16,15,MATD3,0.7900000214576721,True,0.0,0.0,0.0,0.5324955582618713,26,8740,0.0,0.0,-0.0,236500,0.0,11.957420349121094,-0.6106328964233398,6.367273330688477,9.446362495422363,11.957420349121094,11.957420349121094,113,3.329471900994795,1.0,0.1249398920124611,0.0,0.0,0.0,-0.634387195110321,CityLearnV3MADRLRewardFunction,matd3_unified_comparable_v4,E2,-0.0,1907,14.037639902744592,1.0,0.13132975472007424,0.0,8759
13,2.23606797749979,1.0,0.23076923076923078,-1.0,Building_17,16,MATD3,0.7900000214576721,True,0.0,0.0,0.0,0.5324955582618713,26,8740,0.0,0.0,-0.0,236500,0.0,23.087642669677734,-0.6835365891456604,12.2940673828125,18.239238739013672,23.087642669677734,23.087642669677734,113,3.3488064918118936,1.0,0.129059622773027,0.0,0.0,0.0,-0.634387195110321,CityLearnV3MADRLRewardFunction,matd3_unified_comparable_v4,E2,-0.0,1907,14.037639902744592,1.0,0.13132975472007424,0.0,8759
6,2.23606797749979,1.0,0.5,-1.0,Building_1,0,MATD3,0.7900000214576721,False,0.0,0.0,0.0,0.5324955582618713,27,0,0.0,0.0,-0.0,236520,-0.0,0.0,-0.82718825340271,0.0,0.0,0.0,0.0,64,3.207513998747127,1.0,0.22388509439770132,0.0,0.0,0.0,-0.7607687711715698,CityLearnV3MADRLRewardFunction,matd3_unified_comparable_v4,E2,-0.0,1907,13.98243012480983,1.0,0.13746926206440968,0.0,20
8,2.0,1.0,0.25,-1.0,Building_2,1,MATD3,0.7900000214576721,False,0.0,0.0,0.0,0.5324955582618713,27,0,0.0,0.0,-0.0,236520,-0.0,0.0,-0.6627846956253052,0.0,0.0,0.0,0.0,78,3.450680733179159,1.0,0.1966778680873223,0.0,0.0,0.0,-0.7607687711715698,CityLearnV3MADRLRewardFunction,matd3_unified_comparable_v4,E2,-0.0,1907,13.98243012480983,1.0,0.13746926206440968,0.0,20
10,2.8284271247461903,1.0,0.2,-1.0,Building_3,2,MATD3,0.7900000214576721,False,0.0,0.0,0.0,0.5324955582618713,27,0,0.0,0.0,-0.0,236520,-0.0,0.0,-0.8043345212936401,0.0,0.0,0.0,0.0,92,3.322533724517707,1.0,0.16336110428623532,0.0,0.0,0.0,-0.7607687711715698,CityLearnV3MADRLRewardFunction,matd3_unified_comparable_v4,E2,-0.0,1907,13.98243012480983,1.0,0.13746926206440968,0.0,20
8,2.23606797749979,1.0,0.125,-1.0,Building_4,3,MATD3,0.7900000214576721,False,0.0,0.0,0.0,0.5324955582618713,27,0,0.0,0.0,-0.0,236520,-0.0,0.0,-0.8250794410705566,0.0,0.0,0.0,0.0,78,3.1581210759280918,1.0,0.17781378223727912,0.0,0.0,0.0,-0.7607687711715698,CityLearnV3MADRLRewardFunction,matd3_unified_comparable_v4,E2,-0.0,1907,13.98243012480983,1.0,0.13746926206440968,0.0,20
5,1.7320508075688772,1.0,0.2,-1.0,Building_5,4,MATD3,0.7900000214576721,False,0.0,0.0,0.0,0.5324955582618713,27,0,0.0,0.0,-0.0,236520,-0.0,0.0,-0.8219209313392639,0.0,0.0,0.0,0.0,57,3.8463408701844624,1.0,0.3540527411458785,0.0,0.0,0.0,-0.7607687711715698,CityLearnV3MADRLRewardFunction,matd3_unified_comparable_v4,E2,-0.0,1907,13.98243012480983,1.0,0.13746926206440968,0.0,20
34,3.7416573867739413,1.0,0.23529411764705882,-1.0,Building_6,5,MATD3,0.7900000214576721,False,0.0,0.0,0.0,0.5324955582618713,27,0,0.0,0.0,-0.0,236520,-0.0,0.0,-0.8952018618583679,0.0,0.0,0.0,0.0,260,3.1561923809064276,1.0,0.053309485172996156,0.0,0.0,0.0,-0.7607687711715698,CityLearnV3MADRLRewardFunction,matd3_unified_comparable_v4,E2,-0.0,1907,13.98243012480983,1.0,0.13746926206440968,0.0,20
44,4.58257569495584,1.0,0.4772727272727273,0.0,Building_7,6,MATD3,0.7900000214576721,False,0.0,0.0,0.0,0.5324955582618713,27,0,0.0,0.0,-0.0,236520,-0.0,0.0,-0.703195333480835,0.0,0.0,0.0,0.0,330,3.4269568448925347,1.0,0.046422513867869525,0.0,0.0,0.0,-0.7607687711715698,CityLearnV3MADRLRewardFunction,matd3_unified_comparable_v4,E2,-0.0,1907,13.98243012480983,1.0,0.13746926206440968,0.0,20
19,3.3166247903554,1.0,0.15789473684210525,-1.0,Building_8,7,MATD3,0.7900000214576721,False,0.0,0.0,0.0,0.5324955582618713,27,0,0.0,0.0,-0.0,236520,-0.0,0.0,-0.6801518797874451,0.0,0.0,0.0,0.0,155,3.320723544730962,1.0,0.09557947463566258,0.0,0.0,0.0,-0.7607687711715698,CityLearnV3MADRLRewardFunction,matd3_unified_comparable_v4,E2,-0.0,1907,13.98243012480983,1.0,0.13746926206440968,0.0,20
12,2.6457513110645907,1.0,0.4166666666666667,-1.0,Building_9,8,MATD3,0.7900000214576721,False,0.0,0.0,0.0,0.5324955582618713,27,0,0.0,0.0,-0.0,236520,-0.0,0.0,-0.6754363775253296,0.0,0.0,0.0,0.0,106,3.765805890741426,1.0,0.1731986399950846,0.0,0.0,0.0,-0.7607687711715698,CityLearnV3MADRLRewardFunction,matd3_unified_comparable_v4,E2,-0.0,1907,13.98243012480983,1.0,0.13746926206440968,0.0,20
8,2.6457513110645907,1.0,0.625,-1.0,Building_10,9,MATD3,0.7900000214576721,False,0.0,0.0,0.0,0.5324955582618713,27,0,0.0,0.0,-0.0,236520,-0.0,0.0,-0.8257291913032532,0.0,0.0,0.0,0.0,78,3.412224881484026,1.0,0.19722724887423027,0.0,0.0,0.0,-0.7607687711715698,CityLearnV3MADRLRewardFunction,matd3_unified_comparable_v4,E2,-0.0,1907,13.98243012480983,1.0,0.13746926206440968,0.0,20
5,1.7320508075688772,1.0,0.6,0.0,Building_11,10,MATD3,0.7900000214576721,False,0.0,0.0,0.0,0.5324955582618713,27,0,0.0,0.0,-0.0,236520,-0.0,0.0,-0.8260605931282043,0.0,0.0,0.0,0.0,57,3.527553548300166,1.0,0.2863661074324658,0.0,0.0,0.0,-0.7607687711715698,CityLearnV3MADRLRewardFunction,matd3_unified_comparable_v4,E2,-0.0,1907,13.98243012480983,1.0,0.13746926206440968,0.0,20
5,2.23606797749979,1.0,0.2,-1.0,Building_12,11,MATD3,0.7900000214576721,False,0.0,0.0,0.0,0.5324955582618713,27,0,0.0,0.0,-0.0,236520,-0.0,0.0,-0.8252583146095276,0.0,0.0,0.0,0.0,57,3.3351726336093925,1.0,0.26646404177473304,0.0,0.0,0.0,-0.7607687711715698,CityLearnV3MADRLRewardFunction,matd3_unified_comparable_v4,E2,-0.0,1907,13.98243012480983,1.0,0.13746926206440968,0.0,20
13,2.449489742783178,1.0,0.3076923076923077,-1.0,Building_13,12,MATD3,0.7900000214576721,False,0.0,0.0,0.0,0.5324955582618713,27,0,0.0,0.0,-0.0,236520,-0.0,0.0,-0.6126132011413574,0.0,0.0,0.0,0.0,113,3.4316585221314324,1.0,0.13519801126908412,0.0,0.0,0.0,-0.7607687711715698,CityLearnV3MADRLRewardFunction,matd3_unified_comparable_v4,E2,-0.0,1907,13.98243012480983,1.0,0.13746926206440968,0.0,20
6,2.23606797749979,1.0,0.16666666666666666,-1.0,Building_14,13,MATD3,0.7900000214576721,False,0.0,0.0,0.0,0.5324955582618713,27,0,0.0,0.0,-0.0,236520,-0.0,0.0,-0.6015368103981018,0.0,0.0,0.0,0.0,64,3.2651972677388867,1.0,0.22424461238551885,0.0,0.0,0.0,-0.7607687711715698,CityLearnV3MADRLRewardFunction,matd3_unified_comparable_v4,E2,-0.0,1907,13.98243012480983,1.0,0.13746926206440968,0.0,20
10,2.449489742783178,1.0,0.2,-1.0,Building_15,14,MATD3,0.7900000214576721,False,0.0,0.0,0.0,0.5324955582618713,27,0,0.0,0.0,-0.0,236520,-0.0,0.0,-0.7545851469039917,0.0,0.0,0.0,0.0,92,3.3564900582953023,1.0,0.16418358173383318,0.0,0.0,0.0,-0.7607687711715698,CityLearnV3MADRLRewardFunction,matd3_unified_comparable_v4,E2,-0.0,1907,13.98243012480983,1.0,0.13746926206440968,0.0,20
13,2.23606797749979,1.0,0.23076923076923078,-1.0,Building_16,15,MATD3,0.7900000214576721,False,0.0,0.0,0.0,0.5324955582618713,27,0,0.0,0.0,-0.0,236520,-0.0,0.0,-0.8143999576568604,0.0,0.0,0.0,0.0,113,3.2424032598901573,1.0,0.1264591046271071,0.0,0.0,0.0,-0.7607687711715698,CityLearnV3MADRLRewardFunction,matd3_unified_comparable_v4,E2,-0.0,1907,13.98243012480983,1.0,0.13746926206440968,0.0,20
13,2.23606797749979,1.0,0.23076923076923078,-1.0,Building_17,16,MATD3,0.7900000214576721,False,0.0,0.0,0.0,0.5324955582618713,27,0,0.0,0.0,-0.0,236520,-0.0,0.0,-0.7775924801826477,0.0,0.0,0.0,0.0,113,3.3413084302525426,1.0,0.13391192296964932,0.0,0.0,0.0,-0.7607687711715698,CityLearnV3MADRLRewardFunction,matd3_unified_comparable_v4,E2,-0.0,1907,13.98243012480983,1.0,0.13746926206440968,0.0,20
6,2.23606797749979,1.0,0.5,-1.0,Building_1,0,MATD3,0.7900000214576721,True,0.0,0.0,0.0,0.5324955582618713,27,8739,0.0,0.0,-0.0,245259,0.0,433.45458984375,-0.8201541900634766,230.81263732910156,342.42913818359375,433.45458984375,433.45458984375,64,3.187500130772365,1.0,0.21159187657758594,0.0,0.0,0.0,-0.7510462999343872,CityLearnV3MADRLRewardFunction,matd3_unified_comparable_v4,E2,-0.0,1907,13.699002616090741,1.0,0.12678703502617586,0.0,8759
8,2.0,1.0,0.25,-1.0,Building_2,1,MATD3,0.7900000214576721,True,-7.45059693940675e-08,0.0,0.0,0.5324955582618713,27,8739,0.0,0.0,-0.0,245259,0.0,15.16435432434082,-0.7196511030197144,8.074951171875,11.979840278625488,15.16435432434082,15.16435432434082,78,3.4503282414222163,1.0,0.19114438100503042,0.0,0.0,0.0,-0.7510462999343872,CityLearnV3MADRLRewardFunction,matd3_unified_comparable_v4,E2,-0.0,1907,13.699002616090741,1.0,0.12678703502617586,0.0,8759
10,2.6457513110645907,1.0,0.1,-1.0,Building_3,2,MATD3,0.7900000214576721,True,0.0,0.0,0.0,0.5324955582618713,27,8739,0.0,0.0,-0.0,245259,0.0,94.53981018066406,-0.8175580501556396,50.3420295715332,74.68645477294922,94.53981018066406,94.53981018066406,92,3.204969290194373,1.0,0.14604751976287883,0.0,0.0,0.0,-0.7510462999343872,CityLearnV3MADRLRewardFunction,matd3_unified_comparable_v4,E2,-0.0,1907,13.699002616090741,1.0,0.12678703502617586,0.0,8759
8,2.23606797749979,1.0,0.125,-1.0,Building_4,3,MATD3,0.7900000214576721,True,0.0,0.0,0.0,0.5324955582618713,27,8739,0.0,0.0,-0.0,245259,0.0,31.04317283630371,-0.7914388179779053,16.530351638793945,24.524106979370117,31.04317283630371,31.04317283630371,78,3.1916766443122158,1.0,0.17149378894231257,0.0,0.0,0.0,-0.7510462999343872,CityLearnV3MADRLRewardFunction,matd3_unified_comparable_v4,E2,-0.0,1907,13.699002616090741,1.0,0.12678703502617586,0.0,8759
5,1.7320508075688772,1.0,0.2,-1.0,Building_5,4,MATD3,0.7900000214576721,True,0.0,0.0,0.0,0.5324955582618713,27,8739,0.0,0.0,-0.0,245259,0.0,44.57567596435547,-0.876918375492096,23.73634910583496,35.21478271484375,44.57567596435547,38.538970947265625,57,3.52707183687306,1.0,0.28582403926472916,0.0,0.0,0.0,-0.7510462999343872,CityLearnV3MADRLRewardFunction,matd3_unified_comparable_v4,E2,-0.0,1907,13.699002616090741,1.0,0.12678703502617586,0.0,8759
34,3.7416573867739413,1.0,0.23529411764705882,-1.0,Building_6,5,MATD3,0.7900000214576721,True,0.0,0.0,0.0,0.5324955582618713,27,8739,0.0,0.0,-0.0,245259,0.0,362.8901062011719,-0.8197834491729736,193.23736572265625,286.6831970214844,362.8901062011719,362.8901062011719,260,3.184578026920365,1.0,0.05131137789441989,0.0,0.0,0.0,-0.7510462999343872,CityLearnV3MADRLRewardFunction,matd3_unified_comparable_v4,E2,-0.0,1907,13.699002616090741,1.0,0.12678703502617586,0.0,8759
44,4.477755712925855,1.0,0.45964245904575696,0.0,Building_7,6,MATD3,0.7900000214576721,True,2.119661439792253e-05,0.0,0.0,0.5324955582618713,27,8739,0.0,0.0,-0.0,245259,0.0,12.664132118225098,-0.6993902325630188,6.743594169616699,10.004664421081543,12.664132118225098,12.664111137390137,330,3.4121844398967727,1.0,0.04423387093525944,0.0,0.0,0.0,-0.7510462999343872,CityLearnV3MADRLRewardFunction,matd3_unified_comparable_v4,E2,-0.0,1907,13.699002616090741,1.0,0.12678703502617586,0.0,8759
19,3.3166247903554,1.0,0.15789473684210525,-1.0,Building_8,7,MATD3,0.7900000214576721,True,0.0,0.0,0.0,0.5324955582618713,27,8739,0.0,0.0,-0.0,245259,0.0,12.065996170043945,-0.6935969591140747,6.425089359283447,9.532136917114258,12.065996170043945,12.065996170043945,155,3.327079593304185,1.0,0.09201990635164323,0.0,0.0,0.0,-0.7510462999343872,CityLearnV3MADRLRewardFunction,matd3_unified_comparable_v4,E2,-0.0,1907,13.699002616090741,1.0,0.12678703502617586,0.0,8759
12,2.6457513110645907,1.0,0.4166666666666667,-1.0,Building_9,8,MATD3,0.7900000214576721,True,0.0,0.0,0.0,0.5324955582618713,27,8739,0.0,0.0,-0.0,245259,0.0,2.290161371231079,-0.5718209743499756,1.2195007801055908,1.8092275857925415,2.290161371231079,2.290161371231079,106,3.524763688463799,1.0,0.1502447155005527,0.0,0.0,0.0,-0.7510462999343872,CityLearnV3MADRLRewardFunction,matd3_unified_comparable_v4,E2,-0.0,1907,13.699002616090741,1.0,0.12678703502617586,0.0,8759
8,2.6457513110645907,1.0,0.625,-1.0,Building_10,9,MATD3,0.7900000214576721,True,4.05476112064207e-06,0.0,0.0,0.5324955582618713,27,8739,0.0,0.0,-0.0,245259,0.0,51.64957809448242,-0.8153665065765381,27.503170013427734,40.80316925048828,51.64957809448242,51.649574279785156,78,3.3900668691069975,1.0,0.18648767337585107,0.0,0.0,0.0,-0.7510462999343872,CityLearnV3MADRLRewardFunction,matd3_unified_comparable_v4,E2,-0.0,1907,13.699002616090741,1.0,0.12678703502617586,0.0,8759
5,1.7320508075688772,1.0,0.6,0.0,Building_11,10,MATD3,0.7900000214576721,True,-4.3632415327010676e-05,0.0,0.0,0.5324955582618713,27,8739,0.0,0.0,-0.0,245259,0.0,71.54798889160156,-0.819214940071106,38.0989875793457,56.522911071777344,71.54798889160156,71.54803466796875,57,3.3973589105967985,1.0,0.2537119640200807,0.0,0.0,0.0,-0.7510462999343872,CityLearnV3MADRLRewardFunction,matd3_unified_comparable_v4,E2,-0.0,1907,13.699002616090741,1.0,0.12678703502617586,0.0,8759
5,2.23606797749979,1.0,0.2,-1.0,Building_12,11,MATD3,0.7900000214576721,True,0.0,0.0,0.0,0.5324955582618713,27,8739,0.0,0.0,-0.0,245259,0.0,215.11593627929688,-0.8187896013259888,114.54827880859375,169.94158935546875,215.11593627929688,215.11593627929688,57,3.2199753522224124,1.0,0.24075160789908023,0.0,0.0,0.0,-0.7510462999343872,CityLearnV3MADRLRewardFunction,matd3_unified_comparable_v4,E2,-0.0,1907,13.699002616090741,1.0,0.12678703502617586,0.0,8759
13,2.449489742783178,1.0,0.3076923076923077,-1.0,Building_13,12,MATD3,0.7900000214576721,True,-3.940150236303452e-06,0.0,0.0,0.5324955582618713,27,8739,0.0,0.0,-0.0,245259,0.0,2.0330183506011963,-0.5862163305282593,1.0825732946395874,1.6060845851898193,2.0330183506011963,2.033022403717041,113,3.4123216014469584,1.0,0.12815825298296668,0.0,0.0,0.0,-0.7510462999343872,CityLearnV3MADRLRewardFunction,matd3_unified_comparable_v4,E2,-0.0,1907,13.699002616090741,1.0,0.12678703502617586,0.0,8759
6,2.449489742783178,1.0,0.3333333333333333,-1.0,Building_14,13,MATD3,0.7900000214576721,True,0.0,0.0,0.0,0.5324955582618713,27,8739,0.0,0.0,-0.0,245259,0.0,2.6149511337280273,-0.5930870771408081,1.3924498558044434,2.0658113956451416,2.6149511337280273,2.6149511337280273,64,3.246010192556302,1.0,0.21219419362023473,0.0,0.0,0.0,-0.7510462999343872,CityLearnV3MADRLRewardFunction,matd3_unified_comparable_v4,E2,-0.0,1907,13.699002616090741,1.0,0.12678703502617586,0.0,8759
10,2.449489742783178,1.0,0.2,-1.0,Building_15,14,MATD3,0.7900000214576721,True,0.0,0.0,0.0,0.5324955582618713,27,8739,0.0,0.0,-0.0,245259,0.0,19.521480560302734,-0.7476422190666199,10.395101547241211,15.42197036743164,19.521480560302734,19.521480560302734,92,3.3352580267821357,1.0,0.15549059633327567,0.0,0.0,0.0,-0.7510462999343872,CityLearnV3MADRLRewardFunction,matd3_unified_comparable_v4,E2,-0.0,1907,13.699002616090741,1.0,0.12678703502617586,0.0,8759
13,2.23606797749979,1.0,0.23076923076923078,-1.0,Building_16,15,MATD3,0.7900000214576721,True,0.0,0.0,0.0,0.5324955582618713,27,8739,0.0,0.0,-0.0,245259,0.0,54.89390563964844,-0.8144140839576721,29.23076057434082,43.366188049316406,54.89390563964844,54.89390563964844,113,3.2233941880861243,1.0,0.11971595718533593,0.0,0.0,0.0,-0.7510462999343872,CityLearnV3MADRLRewardFunction,matd3_unified_comparable_v4,E2,-0.0,1907,13.699002616090741,1.0,0.12678703502617586,0.0,8759
13,2.23606797749979,1.0,0.23076923076923078,-1.0,Building_17,16,MATD3,0.7900000214576721,True,0.0,0.0,0.0,0.5324955582618713,27,8739,0.0,0.0,-0.0,245259,0.0,22.46647071838379,-0.7627440690994263,11.963295936584473,17.748512268066406,22.46647071838379,22.46647071838379,113,3.212997057217479,1.0,0.11923809085799529,0.0,0.0,0.0,-0.7510462999343872,CityLearnV3MADRLRewardFunction,matd3_unified_comparable_v4,E2,-0.0,1907,13.699002616090741,1.0,0.12678703502617586,0.0,8759
6,2.23606797749979,1.0,0.5,-1.0,Building_1,0,MATD3,0.7900000214576721,False,0.0,0.0,0.0,0.5324955582618713,28,0,0.0,0.0,-0.0,245280,-0.0,0.0,-0.8382954001426697,0.0,0.0,0.0,0.0,64,3.1978785292890266,1.0,0.21366426663007587,0.0,0.0,0.0,-0.778362512588501,CityLearnV3MADRLRewardFunction,matd3_unified_comparable_v4,E2,-0.0,1907,14.046465950538442,1.0,0.13300056603219992,0.0,21
8,2.0,1.0,0.25,-1.0,Building_2,1,MATD3,0.7900000214576721,False,0.0,0.0,0.0,0.5324955582618713,28,0,0.0,0.0,-0.0,245280,-0.0,0.0,-0.7877086997032166,0.0,0.0,0.0,0.0,78,3.512235902784597,1.0,0.1966457984959468,0.0,0.0,0.0,-0.778362512588501,CityLearnV3MADRLRewardFunction,matd3_unified_comparable_v4,E2,-0.0,1907,14.046465950538442,1.0,0.13300056603219992,0.0,21
10,2.6457513110645907,1.0,0.1,-1.0,Building_3,2,MATD3,0.7900000214576721,False,0.0,0.0,0.0,0.5324955582618713,28,0,0.0,0.0,-0.0,245280,-0.0,0.0,-0.8358303904533386,0.0,0.0,0.0,0.0,92,3.329073837306648,1.0,0.15691443759462106,0.0,0.0,0.0,-0.778362512588501,CityLearnV3MADRLRewardFunction,matd3_unified_comparable_v4,E2,-0.0,1907,14.046465950538442,1.0,0.13300056603219992,0.0,21
8,2.23606797749979,1.0,0.125,-1.0,Building_4,3,MATD3,0.7900000214576721,False,0.0,0.0,0.0,0.5324955582618713,28,0,0.0,0.0,-0.0,245280,-0.0,0.0,-0.8357568383216858,0.0,0.0,0.0,0.0,78,3.1624987224401875,1.0,0.1710832397429607,0.0,0.0,0.0,-0.778362512588501,CityLearnV3MADRLRewardFunction,matd3_unified_comparable_v4,E2,-0.0,1907,14.046465950538442,1.0,0.13300056603219992,0.0,21
5,1.7320508075688772,1.0,0.2,-1.0,Building_5,4,MATD3,0.7900000214576721,False,0.0,0.0,0.0,0.5324955582618713,28,0,0.0,0.0,-0.0,245280,-0.0,0.0,-0.8379462957382202,0.0,0.0,0.0,0.0,57,3.943432048579612,1.0,0.3519814652472473,0.0,0.0,0.0,-0.778362512588501,CityLearnV3MADRLRewardFunction,matd3_unified_comparable_v4,E2,-0.0,1907,14.046465950538442,1.0,0.13300056603219992,0.0,21
34,3.7416573867739413,1.0,0.23529411764705882,-1.0,Building_6,5,MATD3,0.7900000214576721,False,0.0,0.0,0.0,0.5324955582618713,28,0,0.0,0.0,-0.0,245280,-0.0,0.0,-0.8390424251556396,0.0,0.0,0.0,0.0,260,3.2085344939188034,1.0,0.053264321243533724,0.0,0.0,0.0,-0.778362512588501,CityLearnV3MADRLRewardFunction,matd3_unified_comparable_v4,E2,-0.0,1907,14.046465950538442,1.0,0.13300056603219992,0.0,21
44,4.494095075123858,1.0,0.46463007954033936,0.0,Building_7,6,MATD3,0.7900000214576721,False,0.0,0.0,0.0,0.5324955582618713,28,0,0.0,0.0,-0.0,245280,-0.0,0.0,-0.7785572409629822,0.0,0.0,0.0,0.0,330,3.4265127555686488,1.0,0.04479937438260425,0.0,0.0,0.0,-0.778362512588501,CityLearnV3MADRLRewardFunction,matd3_unified_comparable_v4,E2,-0.0,1907,14.046465950538442,1.0,0.13300056603219992,0.0,21
19,3.3166247903554,1.0,0.15789473684210525,-1.0,Building_8,7,MATD3,0.7900000214576721,False,0.0,0.0,0.0,0.5324955582618713,28,0,0.0,0.0,-0.0,245280,-0.0,0.0,-0.7195907831192017,0.0,0.0,0.0,0.0,155,3.338423398086637,1.0,0.09265171121205053,0.0,0.0,0.0,-0.778362512588501,CityLearnV3MADRLRewardFunction,matd3_unified_comparable_v4,E2,-0.0,1907,14.046465950538442,1.0,0.13300056603219992,0.0,21
12,2.6457513110645907,1.0,0.4166666666666667,-1.0,Building_9,8,MATD3,0.7900000214576721,False,0.0,0.0,0.0,0.5324955582618713,28,0,0.0,0.0,-0.0,245280,-0.0,0.0,-0.5812972187995911,0.0,0.0,0.0,0.0,106,3.7642425762672254,1.0,0.16660802727038004,0.0,0.0,0.0,-0.778362512588501,CityLearnV3MADRLRewardFunction,matd3_unified_comparable_v4,E2,-0.0,1907,14.046465950538442,1.0,0.13300056603219992,0.0,21
8,2.6457513110645907,1.0,0.625,-1.0,Building_10,9,MATD3,0.7900000214576721,False,0.0,0.0,0.0,0.5324955582618713,28,0,0.0,0.0,-0.0,245280,-0.0,0.0,-0.8381005525588989,0.0,0.0,0.0,0.0,78,3.4162829038387312,1.0,0.19017568030036414,0.0,0.0,0.0,-0.778362512588501,CityLearnV3MADRLRewardFunction,matd3_unified_comparable_v4,E2,-0.0,1907,14.046465950538442,1.0,0.13300056603219992,0.0,21
5,1.7320508075688772,1.0,0.6,0.0,Building_11,10,MATD3,0.7900000214576721,False,0.0,0.0,0.0,0.5324955582618713,28,0,0.0,0.0,-0.0,245280,-0.0,0.0,-0.8375574350357056,0.0,0.0,0.0,0.0,57,3.515848355674825,1.0,0.2712079518589011,0.0,0.0,0.0,-0.778362512588501,CityLearnV3MADRLRewardFunction,matd3_unified_comparable_v4,E2,-0.0,1907,14.046465950538442,1.0,0.13300056603219992,0.0,21
5,2.23606797749979,1.0,0.2,-1.0,Building_12,11,MATD3,0.7900000214576721,False,0.0,0.0,0.0,0.5324955582618713,28,0,0.0,0.0,-0.0,245280,-0.0,0.0,-0.8369936347007751,0.0,0.0,0.0,0.0,57,3.3477039714076002,1.0,0.2589632416503471,0.0,0.0,0.0,-0.778362512588501,CityLearnV3MADRLRewardFunction,matd3_unified_comparable_v4,E2,-0.0,1907,14.046465950538442,1.0,0.13300056603219992,0.0,21
13,2.449489742783178,1.0,0.3076923076923077,-1.0,Building_13,12,MATD3,0.7900000214576721,False,0.0,0.0,0.0,0.5324955582618713,28,0,0.0,0.0,-0.0,245280,-0.0,0.0,-0.6144574880599976,0.0,0.0,0.0,0.0,113,3.4247742433536668,1.0,0.1291286232592785,0.0,0.0,0.0,-0.778362512588501,CityLearnV3MADRLRewardFunction,matd3_unified_comparable_v4,E2,-0.0,1907,14.046465950538442,1.0,0.13300056603219992,0.0,21
6,2.449489742783178,1.0,0.3333333333333333,-1.0,Building_14,13,MATD3,0.7900000214576721,False,0.0,0.0,0.0,0.5324955582618713,28,0,0.0,0.0,-0.0,245280,-0.0,0.0,-0.6163873076438904,0.0,0.0,0.0,0.0,64,3.2538174078746245,1.0,0.21361799642909318,0.0,0.0,0.0,-0.778362512588501,CityLearnV3MADRLRewardFunction,matd3_unified_comparable_v4,E2,-0.0,1907,14.046465950538442,1.0,0.13300056603219992,0.0,21
10,2.449489742783178,1.0,0.2,-1.0,Building_15,14,MATD3,0.7900000214576721,False,0.0,0.0,0.0,0.5324955582618713,28,0,0.0,0.0,-0.0,245280,-0.0,0.0,-0.8072713017463684,0.0,0.0,0.0,0.0,92,3.40869143034006,1.0,0.1598913433921078,0.0,0.0,0.0,-0.778362512588501,CityLearnV3MADRLRewardFunction,matd3_unified_comparable_v4,E2,-0.0,1907,14.046465950538442,1.0,0.13300056603219992,0.0,21
13,2.23606797749979,1.0,0.23076923076923078,-1.0,Building_16,15,MATD3,0.7900000214576721,False,0.0,0.0,0.0,0.5324955582618713,28,0,0.0,0.0,-0.0,245280,-0.0,0.0,-0.8340903520584106,0.0,0.0,0.0,0.0,113,3.231599509727517,1.0,0.1205490083821052,0.0,0.0,0.0,-0.778362512588501,CityLearnV3MADRLRewardFunction,matd3_unified_comparable_v4,E2,-0.0,1907,14.046465950538442,1.0,0.13300056603219992,0.0,21
13,2.23606797749979,1.0,0.23076923076923078,-1.0,Building_17,16,MATD3,0.7900000214576721,False,0.0,0.0,0.0,0.5324955582618713,28,0,0.0,0.0,-0.0,245280,-0.0,0.0,-0.7932797074317932,0.0,0.0,0.0,0.0,113,3.33733349083818,1.0,0.12808015546967497,0.0,0.0,0.0,-0.778362512588501,CityLearnV3MADRLRewardFunction,matd3_unified_comparable_v4,E2,-0.0,1907,14.046465950538442,1.0,0.13300056603219992,0.0,21
6,2.23606797749979,1.0,0.5,-1.0,Building_1,0,MATD3,0.7900000214576721,True,0.0,0.0,0.0,0.5324955582618713,28,8738,0.0,0.0,-0.0,254018,0.0,446.8856201171875,-0.8189542889595032,237.96461486816406,353.0396423339844,446.8856201171875,446.8856201171875,64,3.363412979817655,1.0,0.23457947955466807,0.0,0.0,0.0,-0.7494149208068848,CityLearnV3MADRLRewardFunction,matd3_unified_comparable_v4,E2,-0.0,1907,14.427766246670547,1.0,0.14020010822330023,0.0,8759
8,2.0,1.0,0.25,-1.0,Building_2,1,MATD3,0.7900000214576721,True,-7.45059693940675e-08,0.0,0.0,0.5324955582618713,28,8738,0.0,0.0,-0.0,254018,0.0,5.618855953216553,-0.6270590424537659,2.992015838623047,4.438896179199219,5.618855953216553,5.618855953216553,78,3.5967874580055867,1.0,0.20523377832693931,0.0,0.0,0.0,-0.7494149208068848,CityLearnV3MADRLRewardFunction,matd3_unified_comparable_v4,E2,-0.0,1907,14.427766246670547,1.0,0.14020010822330023,0.0,8759
10,2.6457513110645907,1.0,0.1,-1.0,Building_3,2,MATD3,0.7900000214576721,True,0.0,0.0,0.0,0.5324955582618713,28,8738,0.0,0.0,-0.0,254018,0.0,98.17061614990234,-0.8163613677024841,52.27541732788086,77.5547866821289,98.17061614990234,98.17061614990234,92,3.3819518729175577,1.0,0.16205699093963788,0.0,0.0,0.0,-0.7494149208068848,CityLearnV3MADRLRewardFunction,matd3_unified_comparable_v4,E2,-0.0,1907,14.427766246670547,1.0,0.14020010822330023,0.0,8759
8,2.23606797749979,1.0,0.125,-1.0,Building_4,3,MATD3,0.7900000214576721,True,0.0,0.0,0.0,0.5324955582618713,28,8738,0.0,0.0,-0.0,254018,0.0,28.84416961669922,-0.7846107482910156,15.359392166137695,22.786893844604492,28.84416961669922,28.84416961669922,78,3.365757821671856,1.0,0.19006271679431963,0.0,0.0,0.0,-0.7494149208068848,CityLearnV3MADRLRewardFunction,matd3_unified_comparable_v4,E2,-0.0,1907,14.427766246670547,1.0,0.14020010822330023,0.0,8759
5,1.4142135623730951,1.0,0.0,-1.0,Building_5,4,MATD3,0.7900000214576721,True,0.0,0.0,0.0,0.5324955582618713,28,8738,0.0,0.0,-0.0,254018,0.0,43.92958068847656,-0.875201404094696,23.39230728149414,34.704368591308594,43.92958068847656,37.89287567138672,57,3.687173301001371,1.0,0.31158173084259033,0.0,0.0,0.0,-0.7494149208068848,CityLearnV3MADRLRewardFunction,matd3_unified_comparable_v4,E2,-0.0,1907,14.427766246670547,1.0,0.14020010822330023,0.0,8759
34,3.7416573867739413,1.0,0.23529411764705882,-1.0,Building_6,5,MATD3,0.7900000214576721,True,0.0,0.0,0.0,0.5324955582618713,28,8738,0.0,0.0,-0.0,254018,0.0,350.8894348144531,-0.8184624910354614,186.84706115722656,277.2026672363281,350.8894348144531,350.8894348144531,260,3.3609150752866683,1.0,0.05693318809454258,0.0,0.0,0.0,-0.7494149208068848,CityLearnV3MADRLRewardFunction,matd3_unified_comparable_v4,E2,-0.0,1907,14.427766246670547,1.0,0.14020010822330023,0.0,8759
44,4.47213595499958,1.0,0.45454545454545453,0.0,Building_7,6,MATD3,0.7900000214576721,True,2.119661439792253e-05,0.0,0.0,0.5324955582618713,28,8738,0.0,0.0,-0.0,254018,0.0,18.660245895385742,-0.7421686053276062,9.936497688293457,14.741594314575195,18.660245895385742,18.66022491455078,330,3.5839483164279073,1.0,0.04892784004861658,0.0,0.0,0.0,-0.7494149208068848,CityLearnV3MADRLRewardFunction,matd3_unified_comparable_v4,E2,-0.0,1907,14.427766246670547,1.0,0.14020010822330023,0.0,8759
19,3.3166247903554,1.0,0.15789473684210525,-1.0,Building_8,7,MATD3,0.7900000214576721,True,0.0,0.0,0.0,0.5324955582618713,28,8738,0.0,0.0,-0.0,254018,0.0,19.251495361328125,-0.744839608669281,10.251336097717285,15.2086820602417,19.251495361328125,19.251495361328125,155,3.5885433590282907,1.0,0.10431925356388091,0.0,0.0,0.0,-0.7494149208068848,CityLearnV3MADRLRewardFunction,matd3_unified_comparable_v4,E2,-0.0,1907,14.427766246670547,1.0,0.14020010822330023,0.0,8759
12,2.6457513110645907,1.0,0.4166666666666667,-1.0,Building_9,8,MATD3,0.7900000214576721,True,0.0,0.0,0.0,0.5324955582618713,28,8738,0.0,0.0,-0.0,254018,0.0,2.4506425857543945,-0.5724859833717346,1.304956316947937,1.9360077381134033,2.4506425857543945,2.4506425857543945,106,3.69422321994266,1.0,0.16635122839009986,0.0,0.0,0.0,-0.7494149208068848,CityLearnV3MADRLRewardFunction,matd3_unified_comparable_v4,E2,-0.0,1907,14.427766246670547,1.0,0.14020010822330023,0.0,8759
8,2.6457513110645907,1.0,0.625,-1.0,Building_10,9,MATD3,0.7900000214576721,True,4.05476112064207e-06,0.0,0.0,0.5324955582618713,28,8738,0.0,0.0,-0.0,254018,0.0,34.334144592285156,-0.7982436418533325,18.282779693603516,27.12397575378418,34.334144592285156,34.33414077758789,78,3.553005704318034,1.0,0.2039076835872271,0.0,0.0,0.0,-0.7494149208068848,CityLearnV3MADRLRewardFunction,matd3_unified_comparable_v4,E2,-0.0,1907,14.427766246670547,1.0,0.14020010822330023,0.0,8759
5,1.7320508075688772,1.0,0.6,0.0,Building_11,10,MATD3,0.7900000214576721,True,-4.3632415327010676e-05,0.0,0.0,0.5324955582618713,28,8738,0.0,0.0,-0.0,254018,0.0,57.91752243041992,-0.8160234093666077,30.840824127197266,45.754844665527344,57.91752243041992,57.917564392089844,57,3.5642476095893274,1.0,0.27870716076148183,0.0,0.0,0.0,-0.7494149208068848,CityLearnV3MADRLRewardFunction,matd3_unified_comparable_v4,E2,-0.0,1907,14.427766246670547,1.0,0.14020010822330023,0.0,8759
5,2.23606797749979,1.0,0.2,-1.0,Building_12,11,MATD3,0.7900000214576721,True,0.0,0.0,0.0,0.5324955582618713,28,8738,0.0,0.0,-0.0,254018,0.0,182.6020965576172,-0.8172471523284912,97.23480224609375,144.2556610107422,182.6020965576172,182.6020965576172,57,3.38220839408873,1.0,0.2615112162995757,0.0,0.0,0.0,-0.7494149208068848,CityLearnV3MADRLRewardFunction,matd3_unified_comparable_v4,E2,-0.0,1907,14.427766246670547,1.0,0.14020010822330023,0.0,8759
13,2.6457513110645907,1.0,0.38461538461538464,-1.0,Building_13,12,MATD3,0.7900000214576721,True,-3.940150236303452e-06,0.0,0.0,0.5324955582618713,28,8738,0.0,0.0,-0.0,254018,0.0,2.789363384246826,-0.5940362811088562,1.4853236675262451,2.203597068786621,2.789363384246826,2.789367437362671,113,3.5803868130996173,1.0,0.14118063555354565,0.0,0.0,0.0,-0.7494149208068848,CityLearnV3MADRLRewardFunction,matd3_unified_comparable_v4,E2,-0.0,1907,14.427766246670547,1.0,0.14020010822330023,0.0,8759
6,2.449489742783178,1.0,0.3333333333333333,-1.0,Building_14,13,MATD3,0.7900000214576721,True,0.0,0.0,0.0,0.5324955582618713,28,8738,0.0,0.0,-0.0,254018,0.0,2.485826015472412,-0.5902917981147766,1.3236913681030273,1.9638025760650635,2.485826015472412,2.485826015472412,64,3.418981692118897,1.0,0.23510858113877475,0.0,0.0,0.0,-0.7494149208068848,CityLearnV3MADRLRewardFunction,matd3_unified_comparable_v4,E2,-0.0,1907,14.427766246670547,1.0,0.14020010822330023,0.0,8759
10,2.449489742783178,1.0,0.2,-1.0,Building_15,14,MATD3,0.7900000214576721,True,0.0,0.0,0.0,0.5324955582618713,28,8738,0.0,0.0,-0.0,254018,0.0,20.5941162109375,-0.7522606253623962,10.966275215148926,16.269351959228516,20.5941162109375,20.5941162109375,92,3.5109822890869915,1.0,0.17171372230286183,0.0,0.0,0.0,-0.7494149208068848,CityLearnV3MADRLRewardFunction,matd3_unified_comparable_v4,E2,-0.0,1907,14.427766246670547,1.0,0.14020010822330023,0.0,8759
13,2.23606797749979,1.0,0.23076923076923078,-1.0,Building_16,15,MATD3,0.7900000214576721,True,0.0,0.0,0.0,0.5324955582618713,28,8738,0.0,0.0,-0.0,254018,0.0,103.13050842285156,-0.8164310455322266,54.91653823852539,81.47310638427734,103.13050842285156,103.13050842285156,113,3.4178754577396515,1.0,0.13568326870424557,0.0,0.0,0.0,-0.7494149208068848,CityLearnV3MADRLRewardFunction,matd3_unified_comparable_v4,E2,-0.0,1907,14.427766246670547,1.0,0.14020010822330023,0.0,8759
13,2.23606797749979,1.0,0.23076923076923078,-1.0,Building_17,16,MATD3,0.7900000214576721,True,0.0,0.0,0.0,0.5324955582618713,28,8738,0.0,0.0,-0.0,254018,0.0,21.1981143951416,-0.7553762793540955,11.287901878356934,16.746511459350586,21.1981143951416,21.1981143951416,113,3.40587103762136,1.0,0.13510602633510016,0.0,0.0,0.0,-0.7494149208068848,CityLearnV3MADRLRewardFunction,matd3_unified_comparable_v4,E2,-0.0,1907,14.427766246670547,1.0,0.14020010822330023,0.0,8759
6,2.23606797749979,1.0,0.5,-1.0,Building_1,0,MATD3,0.7900000214576721,False,0.0,0.0,0.0,0.5324955582618713,29,0,0.0,0.0,-0.0,254040,-0.0,0.0,-0.7271366119384766,0.0,0.0,0.0,0.0,64,3.2642939981553254,1.0,0.21653905883431435,0.0,0.0,0.0,-0.6199153661727905,CityLearnV3MADRLRewardFunction,matd3_unified_comparable_v4,E2,-0.0,1907,13.878635894624326,1.0,0.12844314114017266,0.0,22
8,2.0,1.0,0.25,-1.0,Building_2,1,MATD3,0.7900000214576721,False,0.0,0.0,0.0,0.5324955582618713,29,0,0.0,0.0,-0.0,254040,-0.0,0.0,-0.4705362319946289,0.0,0.0,0.0,0.0,78,3.480688848328711,1.0,0.1897892510661712,0.0,0.0,0.0,-0.6199153661727905,CityLearnV3MADRLRewardFunction,matd3_unified_comparable_v4,E2,-0.0,1907,13.878635894624326,1.0,0.12844314114017266,0.0,22
10,2.6457513110645907,1.0,0.1,-1.0,Building_3,2,MATD3,0.7900000214576721,False,0.0,0.0,0.0,0.5324955582618713,29,0,0.0,0.0,-0.0,254040,-0.0,0.0,-0.7247052788734436,0.0,0.0,0.0,0.0,92,3.2400001171555393,1.0,0.14967861269479213,0.0,0.0,0.0,-0.6199153661727905,CityLearnV3MADRLRewardFunction,matd3_unified_comparable_v4,E2,-0.0,1907,13.878635894624326,1.0,0.12844314114017266,0.0,22
8,2.23606797749979,1.0,0.125,-1.0,Building_4,3,MATD3,0.7900000214576721,False,0.0,0.0,0.0,0.5324955582618713,29,0,0.0,0.0,-0.0,254040,-0.0,0.0,-0.7246031165122986,0.0,0.0,0.0,0.0,78,3.233059701374665,1.0,0.17440390777893555,0.0,0.0,0.0,-0.6199153661727905,CityLearnV3MADRLRewardFunction,matd3_unified_comparable_v4,E2,-0.0,1907,13.878635894624326,1.0,0.12844314114017266,0.0,22
5,1.4142135623730951,1.0,0.0,-1.0,Building_5,4,MATD3,0.7900000214576721,False,0.0,0.0,0.0,0.5324955582618713,29,0,0.0,0.0,-0.0,254040,-0.0,0.0,-0.7063451409339905,0.0,0.0,0.0,0.0,57,3.781882518515224,1.0,0.3276318305155687,0.0,0.0,0.0,-0.6199153661727905,CityLearnV3MADRLRewardFunction,matd3_unified_comparable_v4,E2,-0.0,1907,13.878635894624326,1.0,0.12844314114017266,0.0,22
34,3.7416573867739413,1.0,0.23529411764705882,-1.0,Building_6,5,MATD3,0.7900000214576721,False,0.0,0.0,0.0,0.5324955582618713,29,0,0.0,0.0,-0.0,254040,-0.0,0.0,-0.7279185056686401,0.0,0.0,0.0,0.0,260,3.219672664721621,1.0,0.05206196428491519,0.0,0.0,0.0,-0.6199153661727905,CityLearnV3MADRLRewardFunction,matd3_unified_comparable_v4,E2,-0.0,1907,13.878635894624326,1.0,0.12844314114017266,0.0,22
44,4.47213595499958,1.0,0.45454545454545453,0.0,Building_7,6,MATD3,0.7900000214576721,False,0.0,0.0,0.0,0.5324955582618713,29,0,0.0,0.0,-0.0,254040,-0.0,0.0,-0.5147935748100281,0.0,0.0,0.0,0.0,330,3.4608650499854905,1.0,0.04474796030783292,0.0,0.0,0.0,-0.6199153661727905,CityLearnV3MADRLRewardFunction,matd3_unified_comparable_v4,E2,-0.0,1907,13.878635894624326,1.0,0.12844314114017266,0.0,22
19,3.3166247903554,1.0,0.15789473684210525,-1.0,Building_8,7,MATD3,0.7900000214576721,False,0.0,0.0,0.0,0.5324955582618713,29,0,0.0,0.0,-0.0,254040,-0.0,0.0,-0.5368462204933167,0.0,0.0,0.0,0.0,155,3.3508589014944143,1.0,0.09238118587001677,0.0,0.0,0.0,-0.6199153661727905,CityLearnV3MADRLRewardFunction,matd3_unified_comparable_v4,E2,-0.0,1907,13.878635894624326,1.0,0.12844314114017266,0.0,22
12,2.6457513110645907,1.0,0.4166666666666667,-1.0,Building_9,8,MATD3,0.7900000214576721,False,0.0,0.0,0.0,0.5324955582618713,29,0,0.0,0.0,-0.0,254040,-0.0,0.0,-0.5687847137451172,0.0,0.0,0.0,0.0,106,3.280520394875104,1.0,0.1300724650610168,0.0,0.0,0.0,-0.6199153661727905,CityLearnV3MADRLRewardFunction,matd3_unified_comparable_v4,E2,-0.0,1907,13.878635894624326,1.0,0.12844314114017266,0.0,22
8,2.6457513110645907,1.0,0.625,-1.0,Building_10,9,MATD3,0.7900000214576721,False,0.0,0.0,0.0,0.5324955582618713,29,0,0.0,0.0,-0.0,254040,-0.0,0.0,-0.60985267162323,0.0,0.0,0.0,0.0,78,3.4335909998506335,1.0,0.18777838124869725,0.0,0.0,0.0,-0.6199153661727905,CityLearnV3MADRLRewardFunction,matd3_unified_comparable_v4,E2,-0.0,1907,13.878635894624326,1.0,0.12844314114017266,0.0,22
5,1.7320508075688772,1.0,0.6,0.0,Building_11,10,MATD3,0.7900000214576721,False,0.0,0.0,0.0,0.5324955582618713,29,0,0.0,0.0,-0.0,254040,-0.0,0.0,-0.719472348690033,0.0,0.0,0.0,0.0,57,3.4517100515019856,1.0,0.25948299101570194,0.0,0.0,0.0,-0.6199153661727905,CityLearnV3MADRLRewardFunction,matd3_unified_comparable_v4,E2,-0.0,1907,13.878635894624326,1.0,0.12844314114017266,0.0,22
5,2.23606797749979,1.0,0.2,-1.0,Building_12,11,MATD3,0.7900000214576721,False,0.0,0.0,0.0,0.5324955582618713,29,0,0.0,0.0,-0.0,254040,-0.0,0.0,-0.7252575159072876,0.0,0.0,0.0,0.0,57,3.260513615051564,1.0,0.24072658806516414,0.0,0.0,0.0,-0.6199153661727905,CityLearnV3MADRLRewardFunction,matd3_unified_comparable_v4,E2,-0.0,1907,13.878635894624326,1.0,0.12844314114017266,0.0,22
13,2.6457513110645907,1.0,0.38461538461538464,-1.0,Building_13,12,MATD3,0.7900000214576721,False,0.0,0.0,0.0,0.5324955582618713,29,0,0.0,0.0,-0.0,254040,-0.0,0.0,-0.46950340270996094,0.0,0.0,0.0,0.0,113,3.4682264657658957,1.0,0.13064474302583037,0.0,0.0,0.0,-0.6199153661727905,CityLearnV3MADRLRewardFunction,matd3_unified_comparable_v4,E2,-0.0,1907,13.878635894624326,1.0,0.12844314114017266,0.0,22
6,2.449489742783178,1.0,0.3333333333333333,-1.0,Building_14,13,MATD3,0.7900000214576721,False,0.0,0.0,0.0,0.5324955582618713,29,0,0.0,0.0,-0.0,254040,-0.0,0.0,-0.480873703956604,0.0,0.0,0.0,0.0,64,3.3318625855144917,1.0,0.21860102750360966,0.0,0.0,0.0,-0.6199153661727905,CityLearnV3MADRLRewardFunction,matd3_unified_comparable_v4,E2,-0.0,1907,13.878635894624326,1.0,0.12844314114017266,0.0,22
10,2.449489742783178,1.0,0.2,-1.0,Building_15,14,MATD3,0.7900000214576721,False,0.0,0.0,0.0,0.5324955582618713,29,0,0.0,0.0,-0.0,254040,-0.0,0.0,-0.5880937576293945,0.0,0.0,0.0,0.0,92,3.3493114419905115,1.0,0.15521146551422452,0.0,0.0,0.0,-0.6199153661727905,CityLearnV3MADRLRewardFunction,matd3_unified_comparable_v4,E2,-0.0,1907,13.878635894624326,1.0,0.12844314114017266,0.0,22
13,2.23606797749979,1.0,0.23076923076923078,-1.0,Building_16,15,MATD3,0.7900000214576721,False,0.0,0.0,0.0,0.5324955582618713,29,0,0.0,0.0,-0.0,254040,-0.0,0.0,-0.594106912612915,0.0,0.0,0.0,0.0,113,3.3012921027361766,1.0,0.12281919079544269,0.0,0.0,0.0,-0.6199153661727905,CityLearnV3MADRLRewardFunction,matd3_unified_comparable_v4,E2,-0.0,1907,13.878635894624326,1.0,0.12844314114017266,0.0,22
13,2.23606797749979,1.0,0.23076923076923078,-1.0,Building_17,16,MATD3,0.7900000214576721,False,0.0,0.0,0.0,0.5324955582618713,29,0,0.0,0.0,-0.0,254040,-0.0,0.0,-0.6497310996055603,0.0,0.0,0.0,0.0,113,3.2676820983793387,1.0,0.12168451075532795,0.0,0.0,0.0,-0.6199153661727905,CityLearnV3MADRLRewardFunction,matd3_unified_comparable_v4,E2,-0.0,1907,13.878635894624326,1.0,0.12844314114017266,0.0,22
6,2.23606797749979,1.0,0.5,-1.0,Building_1,0,MATD3,0.7900000214576721,True,0.0,0.0,0.0,0.5324955582618713,29,8737,0.0,0.0,-0.0,262777,0.0,391.586669921875,-0.7379673719406128,208.51815795898438,309.3534851074219,391.586669921875,391.586669921875,64,3.293957432767496,1.0,0.22063545673154294,0.0,0.0,0.0,-0.634387195110321,CityLearnV3MADRLRewardFunction,matd3_unified_comparable_v4,E2,-0.0,1907,14.037639902744592,1.0,0.13132975472007424,0.0,8759
8,2.0,1.0,0.25,-1.0,Building_2,1,MATD3,0.7900000214576721,True,-7.45059693940675e-08,0.0,0.0,0.5324955582618713,29,8737,0.0,0.0,-0.0,262777,0.0,0.18486037850379944,-0.481828510761261,0.09843733161687851,0.1460397094488144,0.18486037850379944,0.1848604530096054,78,3.520597752596835,1.0,0.19391298790772757,0.0,0.0,0.0,-0.634387195110321,CityLearnV3MADRLRewardFunction,matd3_unified_comparable_v4,E2,-0.0,1907,14.037639902744592,1.0,0.13132975472007424,0.0,8759
10,2.6457513110645907,1.0,0.1,-1.0,Building_3,2,MATD3,0.7900000214576721,True,0.0,0.0,0.0,0.5324955582618713,29,8737,0.0,0.0,-0.0,262777,0.0,39.0087890625,-0.7227219343185425,20.77200698852539,30.816944122314453,39.0087890625,39.0087890625,92,3.2643349760543376,1.0,0.15071380041215732,0.0,0.0,0.0,-0.634387195110321,CityLearnV3MADRLRewardFunction,matd3_unified_comparable_v4,E2,-0.0,1907,14.037639902744592,1.0,0.13132975472007424,0.0,8759
8,2.23606797749979,1.0,0.125,-1.0,Building_4,3,MATD3,0.7900000214576721,True,0.0,0.0,0.0,0.5324955582618713,29,8737,0.0,0.0,-0.0,262777,0.0,36.67196273803711,-0.7197271585464478,19.52765655517578,28.97085189819336,36.67196273803711,36.67196273803711,78,3.2650679327162457,1.0,0.1776794059536396,0.0,0.0,0.0,-0.634387195110321,CityLearnV3MADRLRewardFunction,matd3_unified_comparable_v4,E2,-0.0,1907,14.037639902744592,1.0,0.13132975472007424,0.0,8759
5,1.4142135623730951,1.0,0.0,-1.0,Building_5,4,MATD3,0.7900000214576721,True,0.0,0.0,0.0,0.5324955582618713,29,8737,0.0,0.0,-0.0,262777,0.0,60.26204299926758,-0.8007411360740662,32.089271545410156,47.60701370239258,60.26204299926758,54.225337982177734,57,3.569266383478027,1.0,0.29216772161032023,0.0,0.0,0.0,-0.634387195110321,CityLearnV3MADRLRewardFunction,matd3_unified_comparable_v4,E2,-0.0,1907,14.037639902744592,1.0,0.13132975472007424,0.0,8759
34,3.7416573867739413,1.0,0.23529411764705882,-1.0,Building_6,5,MATD3,0.7900000214576721,True,0.0,0.0,0.0,0.5324955582618713,29,8737,0.0,0.0,-0.0,262777,0.0,348.8946838378906,-0.7377071976661682,185.7848663330078,275.6268005371094,348.8946838378906,348.8946838378906,260,3.2554705069875767,1.0,0.05311486892975294,0.0,0.0,0.0,-0.634387195110321,CityLearnV3MADRLRewardFunction,matd3_unified_comparable_v4,E2,-0.0,1907,14.037639902744592,1.0,0.13132975472007424,0.0,8759
44,4.47213595499958,1.0,0.45454545454545453,0.0,Building_7,6,MATD3,0.7900000214576721,True,2.119661439792253e-05,0.0,0.0,0.5324955582618713,29,8737,0.0,0.0,-0.0,262777,0.0,2.9801065921783447,-0.515568196773529,1.5868935585021973,2.3542842864990234,2.9801065921783447,2.9800853729248047,330,3.5021767049131327,1.0,0.04573751243226456,0.0,0.0,0.0,-0.634387195110321,CityLearnV3MADRLRewardFunction,matd3_unified_comparable_v4,E2,-0.0,1907,14.037639902744592,1.0,0.13132975472007424,0.0,8759
19,3.4641016151377544,1.0,0.21052631578947367,-1.0,Building_8,7,MATD3,0.7900000214576721,True,0.0,0.0,0.0,0.5324955582618713,29,8737,0.0,0.0,-0.0,262777,0.0,6.19936990737915,-0.5525681376457214,3.3011369705200195,4.897502422332764,6.19936990737915,6.19936990737915,155,3.3962261274741334,1.0,0.09467931918559536,0.0,0.0,0.0,-0.634387195110321,CityLearnV3MADRLRewardFunction,matd3_unified_comparable_v4,E2,-0.0,1907,14.037639902744592,1.0,0.13132975472007424,0.0,8759
12,2.6457513110645907,1.0,0.25,-1.0,Building_9,8,MATD3,0.7900000214576721,True,0.0,0.0,0.0,0.5324955582618713,29,8737,0.0,0.0,-0.0,262777,0.0,2.1350696086883545,-0.4879651367664337,1.1369150876998901,1.6867049932479858,2.1350696086883545,2.1350696086883545,106,3.5815197403337824,1.0,0.15437126440821952,0.0,0.0,0.0,-0.634387195110321,CityLearnV3MADRLRewardFunction,matd3_unified_comparable_v4,E2,-0.0,1907,14.037639902744592,1.0,0.13132975472007424,0.0,8759
8,2.6457513110645907,1.0,0.625,-1.0,Building_10,9,MATD3,0.7900000214576721,True,4.05476112064207e-06,0.0,0.0,0.5324955582618713,29,8737,0.0,0.0,-0.0,262777,0.0,16.451885223388672,-0.6470147967338562,8.7605562210083,12.996989250183105,16.451885223388672,16.451881408691406,78,3.473783397409411,1.0,0.19227790861175612,0.0,0.0,0.0,-0.634387195110321,CityLearnV3MADRLRewardFunction,matd3_unified_comparable_v4,E2,-0.0,1907,14.037639902744592,1.0,0.13132975472007424,0.0,8759
5,1.7320508075688772,1.0,0.6,0.0,Building_11,10,MATD3,0.7900000214576721,True,-4.3632415327010676e-05,0.0,0.0,0.5324955582618713,29,8737,0.0,0.0,-0.0,262777,0.0,66.45193481445312,-0.7367128133773804,35.38536071777344,52.49702835083008,66.45193481445312,66.45198059082031,57,3.477940833916371,1.0,0.2622795214778499,0.0,0.0,0.0,-0.634387195110321,CityLearnV3MADRLRewardFunction,matd3_unified_comparable_v4,E2,-0.0,1907,14.037639902744592,1.0,0.13132975472007424,0.0,8759
5,1.7320508075688772,1.0,-0.2,-1.0,Building_12,11,MATD3,0.7900000214576721,True,0.0,0.0,0.0,0.5324955582618713,29,8737,0.0,0.0,-0.0,262777,0.0,155.388671875,-0.7362457513809204,82.7437744140625,122.7570571899414,155.388671875,155.388671875,57,3.2986450553893563,1.0,0.24877953738497013,0.0,0.0,0.0,-0.634387195110321,CityLearnV3MADRLRewardFunction,matd3_unified_comparable_v4,E2,-0.0,1907,14.037639902744592,1.0,0.13132975472007424,0.0,8759
13,2.6457513110645907,1.0,0.38461538461538464,-1.0,Building_13,12,MATD3,0.7900000214576721,True,-3.940150236303452e-06,0.0,0.0,0.5324955582618713,29,8737,0.0,0.0,-0.0,262777,0.0,0.10476967692375183,-0.4808550179004669,0.055789388716220856,0.0827680453658104,0.10476967692375183,0.1047736182808876,113,3.5034903058070705,1.0,0.13320528907058513,0.0,0.0,0.0,-0.634387195110321,CityLearnV3MADRLRewardFunction,matd3_unified_comparable_v4,E2,-0.0,1907,14.037639902744592,1.0,0.13132975472007424,0.0,8759
6,2.449489742783178,1.0,0.3333333333333333,-1.0,Building_14,13,MATD3,0.7900000214576721,True,0.0,0.0,0.0,0.5324955582618713,29,8737,0.0,0.0,-0.0,262777,0.0,1.3521205186843872,-0.4959341883659363,0.7199981808662415,1.068175196647644,1.3521205186843872,1.3521205186843872,64,3.3627989173264545,1.0,0.22267394256778061,0.0,0.0,0.0,-0.634387195110321,CityLearnV3MADRLRewardFunction,matd3_unified_comparable_v4,E2,-0.0,1907,14.037639902744592,1.0,0.13132975472007424,0.0,8759
10,2.449489742783178,1.0,0.2,-1.0,Building_15,14,MATD3,0.7900000214576721,True,0.0,0.0,0.0,0.5324955582618713,29,8737,0.0,0.0,-0.0,262777,0.0,15.147623062133789,-0.6368547677993774,8.066041946411133,11.966622352600098,15.147623062133789,15.147623062133789,92,3.4062206102198083,1.0,0.16028831105517305,0.0,0.0,0.0,-0.634387195110321,CityLearnV3MADRLRewardFunction,matd3_unified_comparable_v4,E2,-0.0,1907,14.037639902744592,1.0,0.13132975472007424,0.0,8759
13,2.23606797749979,1.0,0.23076923076923078,-1.0,Building_16,15,MATD3,0.7900000214576721,True,0.0,0.0,0.0,0.5324955582618713,29,8737,0.0,0.0,-0.0,262777,0.0,11.957420349121094,-0.6106328964233398,6.367273330688477,9.446362495422363,11.957420349121094,11.957420349121094,113,3.329471900994795,1.0,0.1249398920124611,0.0,0.0,0.0,-0.634387195110321,CityLearnV3MADRLRewardFunction,matd3_unified_comparable_v4,E2,-0.0,1907,14.037639902744592,1.0,0.13132975472007424,0.0,8759
13,2.23606797749979,1.0,0.23076923076923078,-1.0,Building_17,16,MATD3,0.7900000214576721,True,0.0,0.0,0.0,0.5324955582618713,29,8737,0.0,0.0,-0.0,262777,0.0,23.087642669677734,-0.6835365891456604,12.2940673828125,18.239238739013672,23.087642669677734,23.087642669677734,113,3.3488064918118936,1.0,0.129059622773027,0.0,0.0,0.0,-0.634387195110321,CityLearnV3MADRLRewardFunction,matd3_unified_comparable_v4,E2,-0.0,1907,14.037639902744592,1.0,0.13132975472007424,0.0,8759
6,2.23606797749979,1.0,0.5,-1.0,Building_1,0,MATD3,0.7900000214576721,False,0.0,0.0,0.0,0.5324955582618713,30,0,0.0,0.0,-0.0,262800,-0.0,0.0,-0.759293794631958,0.0,0.0,0.0,0.0,64,3.3503822434009454,1.0,0.22773642628453672,0.0,0.0,0.0,-0.6647427082061768,CityLearnV3MADRLRewardFunction,matd3_unified_comparable_v4,E2,-0.0,1907,14.324027238663644,1.0,0.13507397844801414,0.0,23
8,2.0,1.0,0.25,-1.0,Building_2,1,MATD3,0.7900000214576721,False,0.0,0.0,0.0,0.5324955582618713,30,0,0.0,0.0,-0.0,262800,-0.0,0.0,-0.566918134689331,0.0,0.0,0.0,0.0,78,3.56938250058631,1.0,0.19781637879518363,0.0,0.0,0.0,-0.6647427082061768,CityLearnV3MADRLRewardFunction,matd3_unified_comparable_v4,E2,-0.0,1907,14.324027238663644,1.0,0.13507397844801414,0.0,23
10,2.6457513110645907,1.0,0.1,-1.0,Building_3,2,MATD3,0.7900000214576721,False,0.0,0.0,0.0,0.5324955582618713,30,0,0.0,0.0,-0.0,262800,-0.0,0.0,-0.7161349654197693,0.0,0.0,0.0,0.0,92,3.4001599454944276,1.0,0.16177813060905621,0.0,0.0,0.0,-0.6647427082061768,CityLearnV3MADRLRewardFunction,matd3_unified_comparable_v4,E2,-0.0,1907,14.324027238663644,1.0,0.13507397844801414,0.0,23
8,2.23606797749979,1.0,0.125,-1.0,Building_4,3,MATD3,0.7900000214576721,False,0.0,0.0,0.0,0.5324955582618713,30,0,0.0,0.0,-0.0,262800,-0.0,0.0,-0.7345407009124756,0.0,0.0,0.0,0.0,78,3.35504422337908,1.0,0.18355911186872384,0.0,0.0,0.0,-0.6647427082061768,CityLearnV3MADRLRewardFunction,matd3_unified_comparable_v4,E2,-0.0,1907,14.324027238663644,1.0,0.13507397844801414,0.0,23
5,1.4142135623730951,1.0,0.0,-1.0,Building_5,4,MATD3,0.7900000214576721,False,0.0,0.0,0.0,0.5324955582618713,30,0,0.0,0.0,-0.0,262800,-0.0,0.0,-0.7099029421806335,0.0,0.0,0.0,0.0,57,3.9353817538641835,1.0,0.34378633046882195,0.0,0.0,0.0,-0.6647427082061768,CityLearnV3MADRLRewardFunction,matd3_unified_comparable_v4,E2,-0.0,1907,14.324027238663644,1.0,0.13507397844801414,0.0,23
34,3.7416573867739413,1.0,0.23529411764705882,-1.0,Building_6,5,MATD3,0.7900000214576721,False,0.0,0.0,0.0,0.5324955582618713,30,0,0.0,0.0,-0.0,262800,-0.0,0.0,-0.7587653398513794,0.0,0.0,0.0,0.0,260,3.344999069623698,1.0,0.05528490271132726,0.0,0.0,0.0,-0.6647427082061768,CityLearnV3MADRLRewardFunction,matd3_unified_comparable_v4,E2,-0.0,1907,14.324027238663644,1.0,0.13507397844801414,0.0,23
44,4.47213595499958,1.0,0.45454545454545453,0.0,Building_7,6,MATD3,0.7900000214576721,False,0.0,0.0,0.0,0.5324955582618713,30,0,0.0,0.0,-0.0,262800,-0.0,0.0,-0.5744767189025879,0.0,0.0,0.0,0.0,330,3.5508583183312,1.0,0.04660688774152236,0.0,0.0,0.0,-0.6647427082061768,CityLearnV3MADRLRewardFunction,matd3_unified_comparable_v4,E2,-0.0,1907,14.324027238663644,1.0,0.13507397844801414,0.0,23
19,3.4641016151377544,1.0,0.21052631578947367,-1.0,Building_8,7,MATD3,0.7900000214576721,False,0.0,0.0,0.0,0.5324955582618713,30,0,0.0,0.0,-0.0,262800,-0.0,0.0,-0.593702495098114,0.0,0.0,0.0,0.0,155,3.4355942360477028,1.0,0.0945805533278373,0.0,0.0,0.0,-0.6647427082061768,CityLearnV3MADRLRewardFunction,matd3_unified_comparable_v4,E2,-0.0,1907,14.324027238663644,1.0,0.13507397844801414,0.0,23
12,2.6457513110645907,1.0,0.25,-1.0,Building_9,8,MATD3,0.7900000214576721,False,0.0,0.0,0.0,0.5324955582618713,30,0,0.0,0.0,-0.0,262800,-0.0,0.0,-0.5209137797355652,0.0,0.0,0.0,0.0,106,3.431378309327842,1.0,0.14089259505271912,0.0,0.0,0.0,-0.6647427082061768,CityLearnV3MADRLRewardFunction,matd3_unified_comparable_v4,E2,-0.0,1907,14.324027238663644,1.0,0.13507397844801414,0.0,23
8,2.6457513110645907,1.0,0.625,-1.0,Building_10,9,MATD3,0.7900000214576721,False,0.0,0.0,0.0,0.5324955582618713,30,0,0.0,0.0,-0.0,262800,-0.0,0.0,-0.7439530491828918,0.0,0.0,0.0,0.0,78,3.5264352867848476,1.0,0.19620792271617132,0.0,0.0,0.0,-0.6647427082061768,CityLearnV3MADRLRewardFunction,matd3_unified_comparable_v4,E2,-0.0,1907,14.324027238663644,1.0,0.13507397844801414,0.0,23
5,1.7320508075688772,1.0,0.6,0.0,Building_11,10,MATD3,0.7900000214576721,False,0.0,0.0,0.0,0.5324955582618713,30,0,0.0,0.0,-0.0,262800,-0.0,0.0,-0.7572978734970093,0.0,0.0,0.0,0.0,57,3.559719954779465,1.0,0.2749356339898026,0.0,0.0,0.0,-0.6647427082061768,CityLearnV3MADRLRewardFunction,matd3_unified_comparable_v4,E2,-0.0,1907,14.324027238663644,1.0,0.13507397844801414,0.0,23
5,1.7320508075688772,1.0,-0.2,-1.0,Building_12,11,MATD3,0.7900000214576721,False,0.0,0.0,0.0,0.5324955582618713,30,0,0.0,0.0,-0.0,262800,-0.0,0.0,-0.7573149800300598,0.0,0.0,0.0,0.0,57,3.359434335075069,1.0,0.25197046603027146,0.0,0.0,0.0,-0.6647427082061768,CityLearnV3MADRLRewardFunction,matd3_unified_comparable_v4,E2,-0.0,1907,14.324027238663644,1.0,0.13507397844801414,0.0,23
13,2.6457513110645907,1.0,0.38461538461538464,-1.0,Building_13,12,MATD3,0.7900000214576721,False,0.0,0.0,0.0,0.5324955582618713,30,0,0.0,0.0,-0.0,262800,-0.0,0.0,-0.5215520858764648,0.0,0.0,0.0,0.0,113,3.5552166537389627,1.0,0.13623201847076416,0.0,0.0,0.0,-0.6647427082061768,CityLearnV3MADRLRewardFunction,matd3_unified_comparable_v4,E2,-0.0,1907,14.324027238663644,1.0,0.13507397844801414,0.0,23
6,2.449489742783178,1.0,0.3333333333333333,-1.0,Building_14,13,MATD3,0.7900000214576721,False,0.0,0.0,0.0,0.5324955582618713,30,0,0.0,0.0,-0.0,262800,-0.0,0.0,-0.5256421566009521,0.0,0.0,0.0,0.0,64,3.3940432961938027,1.0,0.22644400806166232,0.0,0.0,0.0,-0.6647427082061768,CityLearnV3MADRLRewardFunction,matd3_unified_comparable_v4,E2,-0.0,1907,14.324027238663644,1.0,0.13507397844801414,0.0,23
10,2.449489742783178,1.0,0.2,-1.0,Building_15,14,MATD3,0.7900000214576721,False,0.0,0.0,0.0,0.5324955582618713,30,0,0.0,0.0,-0.0,262800,-0.0,0.0,-0.6374099850654602,0.0,0.0,0.0,0.0,92,3.438002406361956,1.0,0.16003754419153152,0.0,0.0,0.0,-0.6647427082061768,CityLearnV3MADRLRewardFunction,matd3_unified_comparable_v4,E2,-0.0,1907,14.324027238663644,1.0,0.13507397844801414,0.0,23
13,2.23606797749979,1.0,0.23076923076923078,-1.0,Building_16,15,MATD3,0.7900000214576721,False,0.0,0.0,0.0,0.5324955582618713,30,0,0.0,0.0,-0.0,262800,-0.0,0.0,-0.7277474403381348,0.0,0.0,0.0,0.0,113,3.375666695037483,1.0,0.12771742968960145,0.0,0.0,0.0,-0.6647427082061768,CityLearnV3MADRLRewardFunction,matd3_unified_comparable_v4,E2,-0.0,1907,14.324027238663644,1.0,0.13507397844801414,0.0,23
13,2.23606797749979,1.0,0.23076923076923078,-1.0,Building_17,16,MATD3,0.7900000214576721,False,0.0,0.0,0.0,0.5324955582618713,30,0,0.0,0.0,-0.0,262800,-0.0,0.0,-0.6950599551200867,0.0,0.0,0.0,0.0,113,3.430022416022843,1.0,0.13323253182183326,0.0,0.0,0.0,-0.6647427082061768,CityLearnV3MADRLRewardFunction,matd3_unified_comparable_v4,E2,-0.0,1907,14.324027238663644,1.0,0.13507397844801414,0.0,23
6,2.23606797749979,1.0,0.5,-1.0,Building_1,0,MATD3,0.7900000214576721,True,0.0,0.0,0.0,0.5324955582618713,30,8736,0.0,0.0,-0.0,271536,0.0,433.45458984375,-0.8201541900634766,230.81263732910156,342.42913818359375,433.45458984375,433.45458984375,64,3.187500130772365,1.0,0.21159187657758594,0.0,0.0,0.0,-0.7510462999343872,CityLearnV3MADRLRewardFunction,matd3_unified_comparable_v4,E2,-0.0,1907,13.699002616090741,1.0,0.12678703502617586,0.0,8759
8,2.0,1.0,0.25,-1.0,Building_2,1,MATD3,0.7900000214576721,True,-7.45059693940675e-08,0.0,0.0,0.5324955582618713,30,8736,0.0,0.0,-0.0,271536,0.0,15.16435432434082,-0.7196511030197144,8.074951171875,11.979840278625488,15.16435432434082,15.16435432434082,78,3.4503282414222163,1.0,0.19114438100503042,0.0,0.0,0.0,-0.7510462999343872,CityLearnV3MADRLRewardFunction,matd3_unified_comparable_v4,E2,-0.0,1907,13.699002616090741,1.0,0.12678703502617586,0.0,8759
10,2.6457513110645907,1.0,0.1,-1.0,Building_3,2,MATD3,0.7900000214576721,True,0.0,0.0,0.0,0.5324955582618713,30,8736,0.0,0.0,-0.0,271536,0.0,94.53981018066406,-0.8175580501556396,50.3420295715332,74.68645477294922,94.53981018066406,94.53981018066406,92,3.204969290194373,1.0,0.14604751976287883,0.0,0.0,0.0,-0.7510462999343872,CityLearnV3MADRLRewardFunction,matd3_unified_comparable_v4,E2,-0.0,1907,13.699002616090741,1.0,0.12678703502617586,0.0,8759
8,2.23606797749979,1.0,0.125,-1.0,Building_4,3,MATD3,0.7900000214576721,True,0.0,0.0,0.0,0.5324955582618713,30,8736,0.0,0.0,-0.0,271536,0.0,31.04317283630371,-0.7914388179779053,16.530351638793945,24.524106979370117,31.04317283630371,31.04317283630371,78,3.1916766443122158,1.0,0.17149378894231257,0.0,0.0,0.0,-0.7510462999343872,CityLearnV3MADRLRewardFunction,matd3_unified_comparable_v4,E2,-0.0,1907,13.699002616090741,1.0,0.12678703502617586,0.0,8759
5,1.4142135623730951,1.0,0.0,-1.0,Building_5,4,MATD3,0.7900000214576721,True,0.0,0.0,0.0,0.5324955582618713,30,8736,0.0,0.0,-0.0,271536,0.0,44.57567596435547,-0.876918375492096,23.73634910583496,35.21478271484375,44.57567596435547,38.538970947265625,57,3.52707183687306,1.0,0.28582403926472916,0.0,0.0,0.0,-0.7510462999343872,CityLearnV3MADRLRewardFunction,matd3_unified_comparable_v4,E2,-0.0,1907,13.699002616090741,1.0,0.12678703502617586,0.0,8759
34,3.605551275463989,1.0,0.20588235294117646,-1.0,Building_6,5,MATD3,0.7900000214576721,True,0.0,0.0,0.0,0.5324955582618713,30,8736,0.0,0.0,-0.0,271536,0.0,362.8901062011719,-0.8197834491729736,193.23736572265625,286.6831970214844,362.8901062011719,362.8901062011719,260,3.184578026920365,1.0,0.05131137789441989,0.0,0.0,0.0,-0.7510462999343872,CityLearnV3MADRLRewardFunction,matd3_unified_comparable_v4,E2,-0.0,1907,13.699002616090741,1.0,0.12678703502617586,0.0,8759
44,4.47213595499958,1.0,0.45454545454545453,0.0,Building_7,6,MATD3,0.7900000214576721,True,2.119661439792253e-05,0.0,0.0,0.5324955582618713,30,8736,0.0,0.0,-0.0,271536,0.0,12.664132118225098,-0.6993902325630188,6.743594169616699,10.004664421081543,12.664132118225098,12.664111137390137,330,3.4121844398967727,1.0,0.04423387093525944,0.0,0.0,0.0,-0.7510462999343872,CityLearnV3MADRLRewardFunction,matd3_unified_comparable_v4,E2,-0.0,1907,13.699002616090741,1.0,0.12678703502617586,0.0,8759
19,3.4641016151377544,1.0,0.21052631578947367,-1.0,Building_8,7,MATD3,0.7900000214576721,True,0.0,0.0,0.0,0.5324955582618713,30,8736,0.0,0.0,-0.0,271536,0.0,12.065996170043945,-0.6935969591140747,6.425089359283447,9.532136917114258,12.065996170043945,12.065996170043945,155,3.327079593304185,1.0,0.09201990635164323,0.0,0.0,0.0,-0.7510462999343872,CityLearnV3MADRLRewardFunction,matd3_unified_comparable_v4,E2,-0.0,1907,13.699002616090741,1.0,0.12678703502617586,0.0,8759
12,2.6457513110645907,1.0,0.25,-1.0,Building_9,8,MATD3,0.7900000214576721,True,0.0,0.0,0.0,0.5324955582618713,30,8736,0.0,0.0,-0.0,271536,0.0,2.290161371231079,-0.5718209743499756,1.2195007801055908,1.8092275857925415,2.290161371231079,2.290161371231079,106,3.524763688463799,1.0,0.1502447155005527,0.0,0.0,0.0,-0.7510462999343872,CityLearnV3MADRLRewardFunction,matd3_unified_comparable_v4,E2,-0.0,1907,13.699002616090741,1.0,0.12678703502617586,0.0,8759
8,2.6457513110645907,1.0,0.625,-1.0,Building_10,9,MATD3,0.7900000214576721,True,4.05476112064207e-06,0.0,0.0,0.5324955582618713,30,8736,0.0,0.0,-0.0,271536,0.0,51.64957809448242,-0.8153665065765381,27.503170013427734,40.80316925048828,51.64957809448242,51.649574279785156,78,3.3900668691069975,1.0,0.18648767337585107,0.0,0.0,0.0,-0.7510462999343872,CityLearnV3MADRLRewardFunction,matd3_unified_comparable_v4,E2,-0.0,1907,13.699002616090741,1.0,0.12678703502617586,0.0,8759
5,1.7320508075688772,1.0,0.6,0.0,Building_11,10,MATD3,0.7900000214576721,True,-4.3632415327010676e-05,0.0,0.0,0.5324955582618713,30,8736,0.0,0.0,-0.0,271536,0.0,71.54798889160156,-0.819214940071106,38.0989875793457,56.522911071777344,71.54798889160156,71.54803466796875,57,3.3973589105967985,1.0,0.2537119640200807,0.0,0.0,0.0,-0.7510462999343872,CityLearnV3MADRLRewardFunction,matd3_unified_comparable_v4,E2,-0.0,1907,13.699002616090741,1.0,0.12678703502617586,0.0,8759
5,1.7320508075688772,1.0,-0.2,-1.0,Building_12,11,MATD3,0.7900000214576721,True,0.0,0.0,0.0,0.5324955582618713,30,8736,0.0,0.0,-0.0,271536,0.0,215.11593627929688,-0.8187896013259888,114.54827880859375,169.94158935546875,215.11593627929688,215.11593627929688,57,3.2199753522224124,1.0,0.24075160789908023,0.0,0.0,0.0,-0.7510462999343872,CityLearnV3MADRLRewardFunction,matd3_unified_comparable_v4,E2,-0.0,1907,13.699002616090741,1.0,0.12678703502617586,0.0,8759
13,2.6457513110645907,1.0,0.38461538461538464,-1.0,Building_13,12,MATD3,0.7900000214576721,True,-3.940150236303452e-06,0.0,0.0,0.5324955582618713,30,8736,0.0,0.0,-0.0,271536,0.0,2.0330183506011963,-0.5862163305282593,1.0825732946395874,1.6060845851898193,2.0330183506011963,2.033022403717041,113,3.4123216014469584,1.0,0.12815825298296668,0.0,0.0,0.0,-0.7510462999343872,CityLearnV3MADRLRewardFunction,matd3_unified_comparable_v4,E2,-0.0,1907,13.699002616090741,1.0,0.12678703502617586,0.0,8759
6,2.449489742783178,1.0,0.3333333333333333,-1.0,Building_14,13,MATD3,0.7900000214576721,True,0.0,0.0,0.0,0.5324955582618713,30,8736,0.0,0.0,-0.0,271536,0.0,2.6149511337280273,-0.5930870771408081,1.3924498558044434,2.0658113956451416,2.6149511337280273,2.6149511337280273,64,3.246010192556302,1.0,0.21219419362023473,0.0,0.0,0.0,-0.7510462999343872,CityLearnV3MADRLRewardFunction,matd3_unified_comparable_v4,E2,-0.0,1907,13.699002616090741,1.0,0.12678703502617586,0.0,8759
10,2.449489742783178,1.0,0.2,-1.0,Building_15,14,MATD3,0.7900000214576721,True,0.0,0.0,0.0,0.5324955582618713,30,8736,0.0,0.0,-0.0,271536,0.0,19.521480560302734,-0.7476422190666199,10.395101547241211,15.42197036743164,19.521480560302734,19.521480560302734,92,3.3352580267821357,1.0,0.15549059633327567,0.0,0.0,0.0,-0.7510462999343872,CityLearnV3MADRLRewardFunction,matd3_unified_comparable_v4,E2,-0.0,1907,13.699002616090741,1.0,0.12678703502617586,0.0,8759
13,2.23606797749979,1.0,0.23076923076923078,-1.0,Building_16,15,MATD3,0.7900000214576721,True,0.0,0.0,0.0,0.5324955582618713,30,8736,0.0,0.0,-0.0,271536,0.0,54.89390563964844,-0.8144140839576721,29.23076057434082,43.366188049316406,54.89390563964844,54.89390563964844,113,3.2233941880861243,1.0,0.11971595718533593,0.0,0.0,0.0,-0.7510462999343872,CityLearnV3MADRLRewardFunction,matd3_unified_comparable_v4,E2,-0.0,1907,13.699002616090741,1.0,0.12678703502617586,0.0,8759
13,2.23606797749979,1.0,0.23076923076923078,-1.0,Building_17,16,MATD3,0.7900000214576721,True,0.0,0.0,0.0,0.5324955582618713,30,8736,0.0,0.0,-0.0,271536,0.0,22.46647071838379,-0.7627440690994263,11.963295936584473,17.748512268066406,22.46647071838379,22.46647071838379,113,3.212997057217479,1.0,0.11923809085799529,0.0,0.0,0.0,-0.7510462999343872,CityLearnV3MADRLRewardFunction,matd3_unified_comparable_v4,E2,-0.0,1907,13.699002616090741,1.0,0.12678703502617586,0.0,8759
6,2.23606797749979,1.0,0.5,-1.0,Building_1,0,MATD3,0.7900000214576721,False,0.0,0.0,0.0,0.5324955582618713,31,0,0.0,0.0,-0.0,271560,-0.0,0.0,-0.7298979759216309,0.0,0.0,0.0,0.0,64,3.1883630420386138,1.0,0.20993001537863165,0.0,0.0,0.0,-0.6342903971672058,CityLearnV3MADRLRewardFunction,matd3_unified_comparable_v4,E2,-0.0,1907,14.098065336613331,1.0,0.12911650971696317,0.0,24
8,2.0,1.0,0.25,-1.0,Building_2,1,MATD3,0.7900000214576721,False,0.0,0.0,0.0,0.5324955582618713,31,0,0.0,0.0,-0.0,271560,-0.0,0.0,-0.4900658130645752,0.0,0.0,0.0,0.0,78,3.4628906443248564,1.0,0.18553337750908655,0.0,0.0,0.0,-0.6342903971672058,CityLearnV3MADRLRewardFunction,matd3_unified_comparable_v4,E2,-0.0,1907,14.098065336613331,1.0,0.12911650971696317,0.0,24
10,2.6457513110645907,1.0,0.1,-1.0,Building_3,2,MATD3,0.7900000214576721,False,0.0,0.0,0.0,0.5324955582618713,31,0,0.0,0.0,-0.0,271560,-0.0,0.0,-0.7267452478408813,0.0,0.0,0.0,0.0,92,3.8939228023261787,1.840000033378601,0.18113571040980195,0.0,0.0,0.0,-0.6342903971672058,CityLearnV3MADRLRewardFunction,matd3_unified_comparable_v4,E2,-0.0,1907,14.098065336613331,1.0,0.12911650971696317,0.0,24
8,2.23606797749979,1.0,0.125,-1.0,Building_4,3,MATD3,0.7900000214576721,False,0.0,0.0,0.0,0.5324955582618713,31,0,0.0,0.0,-0.0,271560,-0.0,0.0,-0.6772165298461914,0.0,0.0,0.0,0.0,78,3.2451656945459373,1.0,0.17143222011434725,0.0,0.0,0.0,-0.6342903971672058,CityLearnV3MADRLRewardFunction,matd3_unified_comparable_v4,E2,-0.0,1907,14.098065336613331,1.0,0.12911650971696317,0.0,24
5,1.4142135623730951,1.0,0.0,-1.0,Building_5,4,MATD3,0.7900000214576721,False,0.0,0.0,0.0,0.5324955582618713,31,0,0.0,0.0,-0.0,271560,-0.0,0.0,-0.79827880859375,0.0,0.0,0.0,0.0,57,3.8368358192469425,1.840000033378601,0.2850792929530144,0.0,0.0,0.0,-0.6342903971672058,CityLearnV3MADRLRewardFunction,matd3_unified_comparable_v4,E2,-0.0,1907,14.098065336613331,1.0,0.12911650971696317,0.0,24
34,3.605551275463989,1.0,0.20588235294117646,-1.0,Building_6,5,MATD3,0.7900000214576721,False,0.0,0.0,0.0,0.5324955582618713,31,0,0.0,0.0,-0.0,271560,-0.0,0.0,-0.7283099293708801,0.0,0.0,0.0,0.0,260,3.234181117090567,1.0,0.05174750522352182,0.0,0.0,0.0,-0.6342903971672058,CityLearnV3MADRLRewardFunction,matd3_unified_comparable_v4,E2,-0.0,1907,14.098065336613331,1.0,0.12911650971696317,0.0,24
44,4.47213595499958,1.0,0.45454545454545453,0.0,Building_7,6,MATD3,0.7900000214576721,False,0.0,0.0,0.0,0.5324955582618713,31,0,0.0,0.0,-0.0,271560,-0.0,0.0,-0.5581914782524109,0.0,0.0,0.0,0.0,330,3.441517393926022,1.0,0.043654509665881934,0.0,0.0,0.0,-0.6342903971672058,CityLearnV3MADRLRewardFunction,matd3_unified_comparable_v4,E2,-0.0,1907,14.098065336613331,1.0,0.12911650971696317,0.0,24
19,3.4641016151377544,1.0,0.21052631578947367,-1.0,Building_8,7,MATD3,0.7900000214576721,False,0.0,0.0,0.0,0.5324955582618713,31,0,0.0,0.0,-0.0,271560,-0.0,0.0,-0.48877090215682983,0.0,0.0,0.0,0.0,155,3.321681324496072,1.0,0.08825714323789843,0.0,0.0,0.0,-0.6342903971672058,CityLearnV3MADRLRewardFunction,matd3_unified_comparable_v4,E2,-0.0,1907,14.098065336613331,1.0,0.12911650971696317,0.0,24
12,2.6457513110645907,1.0,0.25,-1.0,Building_9,8,MATD3,0.7900000214576721,False,0.0,0.0,0.0,0.5324955582618713,31,0,0.0,0.0,-0.0,271560,-0.0,0.0,-0.5157933831214905,0.0,0.0,0.0,0.0,106,3.9156674030325638,1.840000033378601,0.15546418410146012,0.0,0.0,0.0,-0.6342903971672058,CityLearnV3MADRLRewardFunction,matd3_unified_comparable_v4,E2,-0.0,1907,14.098065336613331,1.0,0.12911650971696317,0.0,24
8,2.6457513110645907,1.0,0.625,-1.0,Building_10,9,MATD3,0.7900000214576721,False,0.0,0.0,0.0,0.5324955582618713,31,0,0.0,0.0,-0.0,271560,-0.0,0.0,-0.7191516160964966,0.0,0.0,0.0,0.0,78,3.416654295504689,1.0,0.1835770948957174,0.0,0.0,0.0,-0.6342903971672058,CityLearnV3MADRLRewardFunction,matd3_unified_comparable_v4,E2,-0.0,1907,14.098065336613331,1.0,0.12911650971696317,0.0,24
5,1.7320508075688772,1.0,0.6,0.0,Building_11,10,MATD3,0.7900000214576721,False,0.0,0.0,0.0,0.5324955582618713,31,0,0.0,0.0,-0.0,271560,-0.0,0.0,-0.7290006875991821,0.0,0.0,0.0,0.0,57,4.026743604921994,1.840000033378601,0.3023880724059908,0.0,0.0,0.0,-0.6342903971672058,CityLearnV3MADRLRewardFunction,matd3_unified_comparable_v4,E2,-0.0,1907,14.098065336613331,1.0,0.12911650971696317,0.0,24
5,1.7320508075688772,1.0,-0.2,-1.0,Building_12,11,MATD3,0.7900000214576721,False,0.0,0.0,0.0,0.5324955582618713,31,0,0.0,0.0,-0.0,271560,-0.0,0.0,-0.7278339266777039,0.0,0.0,0.0,0.0,57,3.8666851713581885,1.840000033378601,0.285245690037284,0.0,0.0,0.0,-0.6342903971672058,CityLearnV3MADRLRewardFunction,matd3_unified_comparable_v4,E2,-0.0,1907,14.098065336613331,1.0,0.12911650971696317,0.0,24
13,2.6457513110645907,1.0,0.38461538461538464,-1.0,Building_13,12,MATD3,0.7900000214576721,False,0.0,0.0,0.0,0.5324955582618713,31,0,0.0,0.0,-0.0,271560,-0.0,0.0,-0.49065786600112915,0.0,0.0,0.0,0.0,113,3.446998049460569,1.0,0.12766495287682103,0.0,0.0,0.0,-0.6342903971672058,CityLearnV3MADRLRewardFunction,matd3_unified_comparable_v4,E2,-0.0,1907,14.098065336613331,1.0,0.12911650971696317,0.0,24
6,2.449489742783178,1.0,0.3333333333333333,-1.0,Building_14,13,MATD3,0.7900000214576721,False,0.0,0.0,0.0,0.5324955582618713,31,0,0.0,0.0,-0.0,271560,-0.0,0.0,-0.4996908903121948,0.0,0.0,0.0,0.0,64,3.280894488691938,1.0,0.21145324420649558,0.0,0.0,0.0,-0.6342903971672058,CityLearnV3MADRLRewardFunction,matd3_unified_comparable_v4,E2,-0.0,1907,14.098065336613331,1.0,0.12911650971696317,0.0,24
10,2.449489742783178,1.0,0.2,-1.0,Building_15,14,MATD3,0.7900000214576721,False,0.0,0.0,0.0,0.5324955582618713,31,0,0.0,0.0,-0.0,271560,-0.0,0.0,-0.5528249740600586,0.0,0.0,0.0,0.0,92,3.3271073939351545,1.0,0.1494298553418206,0.0,0.0,0.0,-0.6342903971672058,CityLearnV3MADRLRewardFunction,matd3_unified_comparable_v4,E2,-0.0,1907,14.098065336613331,1.0,0.12911650971696317,0.0,24
13,2.23606797749979,1.0,0.23076923076923078,-1.0,Building_16,15,MATD3,0.7900000214576721,False,0.0,0.0,0.0,0.5324955582618713,31,0,0.0,0.0,-0.0,271560,-0.0,0.0,-0.6614012718200684,0.0,0.0,0.0,0.0,113,3.2033936524229487,1.0,0.11689896373885923,0.0,0.0,0.0,-0.6342903971672058,CityLearnV3MADRLRewardFunction,matd3_unified_comparable_v4,E2,-0.0,1907,14.098065336613331,1.0,0.12911650971696317,0.0,24
13,2.23606797749979,1.0,0.23076923076923078,-1.0,Building_17,16,MATD3,0.7900000214576721,False,0.0,0.0,0.0,0.5324955582618713,31,0,0.0,0.0,-0.0,271560,-0.0,0.0,-0.6891052722930908,0.0,0.0,0.0,0.0,113,3.874256204211519,1.840000033378601,0.144447137626399,0.0,0.0,0.0,-0.6342903971672058,CityLearnV3MADRLRewardFunction,matd3_unified_comparable_v4,E2,-0.0,1907,14.098065336613331,1.0,0.12911650971696317,0.0,24
6,2.23606797749979,1.0,0.5,-1.0,Building_1,0,MATD3,0.7900000214576721,True,0.0,0.0,0.0,0.5324955582618713,31,8735,0.0,0.0,-0.0,280295,0.0,446.8856201171875,-0.8189542889595032,237.96461486816406,353.0396423339844,446.8856201171875,446.8856201171875,64,3.363412979817655,1.0,0.23457947955466807,0.0,0.0,0.0,-0.7494149208068848,CityLearnV3MADRLRewardFunction,matd3_unified_comparable_v4,E2,-0.0,1907,14.427766246670547,1.0,0.14020010822330023,0.0,8759
8,2.0,1.0,0.25,-1.0,Building_2,1,MATD3,0.7900000214576721,True,-7.45059693940675e-08,0.0,0.0,0.5324955582618713,31,8735,0.0,0.0,-0.0,280295,0.0,5.618855953216553,-0.6270590424537659,2.992015838623047,4.438896179199219,5.618855953216553,5.618855953216553,78,3.5967874580055867,1.0,0.20523377832693931,0.0,0.0,0.0,-0.7494149208068848,CityLearnV3MADRLRewardFunction,matd3_unified_comparable_v4,E2,-0.0,1907,14.427766246670547,1.0,0.14020010822330023,0.0,8759
10,2.6457513110645907,1.0,0.1,-1.0,Building_3,2,MATD3,0.7900000214576721,True,0.0,0.0,0.0,0.5324955582618713,31,8735,0.0,0.0,-0.0,280295,0.0,98.17061614990234,-0.8163613677024841,52.27541732788086,77.5547866821289,98.17061614990234,98.17061614990234,92,3.3819518729175577,1.0,0.16205699093963788,0.0,0.0,0.0,-0.7494149208068848,CityLearnV3MADRLRewardFunction,matd3_unified_comparable_v4,E2,-0.0,1907,14.427766246670547,1.0,0.14020010822330023,0.0,8759
8,2.23606797749979,1.0,0.125,-1.0,Building_4,3,MATD3,0.7900000214576721,True,0.0,0.0,0.0,0.5324955582618713,31,8735,0.0,0.0,-0.0,280295,0.0,28.84416961669922,-0.7846107482910156,15.359392166137695,22.786893844604492,28.84416961669922,28.84416961669922,78,3.365757821671856,1.0,0.19006271679431963,0.0,0.0,0.0,-0.7494149208068848,CityLearnV3MADRLRewardFunction,matd3_unified_comparable_v4,E2,-0.0,1907,14.427766246670547,1.0,0.14020010822330023,0.0,8759
5,1.4142135623730951,1.0,0.0,-1.0,Building_5,4,MATD3,0.7900000214576721,True,0.0,0.0,0.0,0.5324955582618713,31,8735,0.0,0.0,-0.0,280295,0.0,43.92958068847656,-0.875201404094696,23.39230728149414,34.704368591308594,43.92958068847656,37.89287567138672,57,3.687173301001371,1.0,0.31158173084259033,0.0,0.0,0.0,-0.7494149208068848,CityLearnV3MADRLRewardFunction,matd3_unified_comparable_v4,E2,-0.0,1907,14.427766246670547,1.0,0.14020010822330023,0.0,8759
34,3.605551275463989,1.0,0.20588235294117646,-1.0,Building_6,5,MATD3,0.7900000214576721,True,0.0,0.0,0.0,0.5324955582618713,31,8735,0.0,0.0,-0.0,280295,0.0,350.8894348144531,-0.8184624910354614,186.84706115722656,277.2026672363281,350.8894348144531,350.8894348144531,260,3.3609150752866683,1.0,0.05693318809454258,0.0,0.0,0.0,-0.7494149208068848,CityLearnV3MADRLRewardFunction,matd3_unified_comparable_v4,E2,-0.0,1907,14.427766246670547,1.0,0.14020010822330023,0.0,8759
44,4.58257569495584,1.0,0.4772727272727273,0.0,Building_7,6,MATD3,0.7900000214576721,True,2.119661439792253e-05,0.0,0.0,0.5324955582618713,31,8735,0.0,0.0,-0.0,280295,0.0,18.660245895385742,-0.7421686053276062,9.936497688293457,14.741594314575195,18.660245895385742,18.66022491455078,330,3.5839483164279073,1.0,0.04892784004861658,0.0,0.0,0.0,-0.7494149208068848,CityLearnV3MADRLRewardFunction,matd3_unified_comparable_v4,E2,-0.0,1907,14.427766246670547,1.0,0.14020010822330023,0.0,8759
19,3.4641016151377544,1.0,0.21052631578947367,-1.0,Building_8,7,MATD3,0.7900000214576721,True,0.0,0.0,0.0,0.5324955582618713,31,8735,0.0,0.0,-0.0,280295,0.0,19.251495361328125,-0.744839608669281,10.251336097717285,15.2086820602417,19.251495361328125,19.251495361328125,155,3.5885433590282907,1.0,0.10431925356388091,0.0,0.0,0.0,-0.7494149208068848,CityLearnV3MADRLRewardFunction,matd3_unified_comparable_v4,E2,-0.0,1907,14.427766246670547,1.0,0.14020010822330023,0.0,8759
12,2.6457513110645907,1.0,0.25,-1.0,Building_9,8,MATD3,0.7900000214576721,True,0.0,0.0,0.0,0.5324955582618713,31,8735,0.0,0.0,-0.0,280295,0.0,2.4506425857543945,-0.5724859833717346,1.304956316947937,1.9360077381134033,2.4506425857543945,2.4506425857543945,106,3.69422321994266,1.0,0.16635122839009986,0.0,0.0,0.0,-0.7494149208068848,CityLearnV3MADRLRewardFunction,matd3_unified_comparable_v4,E2,-0.0,1907,14.427766246670547,1.0,0.14020010822330023,0.0,8759
8,2.6457513110645907,1.0,0.375,-1.0,Building_10,9,MATD3,0.7900000214576721,True,4.05476112064207e-06,0.0,0.0,0.5324955582618713,31,8735,0.0,0.0,-0.0,280295,0.0,34.334144592285156,-0.7982436418533325,18.282779693603516,27.12397575378418,34.334144592285156,34.33414077758789,78,3.553005704318034,1.0,0.2039076835872271,0.0,0.0,0.0,-0.7494149208068848,CityLearnV3MADRLRewardFunction,matd3_unified_comparable_v4,E2,-0.0,1907,14.427766246670547,1.0,0.14020010822330023,0.0,8759
5,1.7320508075688772,1.0,0.6,0.0,Building_11,10,MATD3,0.7900000214576721,True,-4.3632415327010676e-05,0.0,0.0,0.5324955582618713,31,8735,0.0,0.0,-0.0,280295,0.0,57.91752243041992,-0.8160234093666077,30.840824127197266,45.754844665527344,57.91752243041992,57.917564392089844,57,3.5642476095893274,1.0,0.27870716076148183,0.0,0.0,0.0,-0.7494149208068848,CityLearnV3MADRLRewardFunction,matd3_unified_comparable_v4,E2,-0.0,1907,14.427766246670547,1.0,0.14020010822330023,0.0,8759
5,1.7320508075688772,1.0,-0.2,-1.0,Building_12,11,MATD3,0.7900000214576721,True,0.0,0.0,0.0,0.5324955582618713,31,8735,0.0,0.0,-0.0,280295,0.0,182.6020965576172,-0.8172471523284912,97.23480224609375,144.2556610107422,182.6020965576172,182.6020965576172,57,3.38220839408873,1.0,0.2615112162995757,0.0,0.0,0.0,-0.7494149208068848,CityLearnV3MADRLRewardFunction,matd3_unified_comparable_v4,E2,-0.0,1907,14.427766246670547,1.0,0.14020010822330023,0.0,8759
13,2.6457513110645907,1.0,0.38461538461538464,-1.0,Building_13,12,MATD3,0.7900000214576721,True,-3.940150236303452e-06,0.0,0.0,0.5324955582618713,31,8735,0.0,0.0,-0.0,280295,0.0,2.789363384246826,-0.5940362811088562,1.4853236675262451,2.203597068786621,2.789363384246826,2.789367437362671,113,3.5803868130996173,1.0,0.14118063555354565,0.0,0.0,0.0,-0.7494149208068848,CityLearnV3MADRLRewardFunction,matd3_unified_comparable_v4,E2,-0.0,1907,14.427766246670547,1.0,0.14020010822330023,0.0,8759
6,2.449489742783178,1.0,0.3333333333333333,-1.0,Building_14,13,MATD3,0.7900000214576721,True,0.0,0.0,0.0,0.5324955582618713,31,8735,0.0,0.0,-0.0,280295,0.0,2.485826015472412,-0.5902917981147766,1.3236913681030273,1.9638025760650635,2.485826015472412,2.485826015472412,64,3.418981692118897,1.0,0.23510858113877475,0.0,0.0,0.0,-0.7494149208068848,CityLearnV3MADRLRewardFunction,matd3_unified_comparable_v4,E2,-0.0,1907,14.427766246670547,1.0,0.14020010822330023,0.0,8759
10,2.449489742783178,1.0,0.2,-1.0,Building_15,14,MATD3,0.7900000214576721,True,0.0,0.0,0.0,0.5324955582618713,31,8735,0.0,0.0,-0.0,280295,0.0,20.5941162109375,-0.7522606253623962,10.966275215148926,16.269351959228516,20.5941162109375,20.5941162109375,92,3.5109822890869915,1.0,0.17171372230286183,0.0,0.0,0.0,-0.7494149208068848,CityLearnV3MADRLRewardFunction,matd3_unified_comparable_v4,E2,-0.0,1907,14.427766246670547,1.0,0.14020010822330023,0.0,8759
13,2.23606797749979,1.0,0.23076923076923078,-1.0,Building_16,15,MATD3,0.7900000214576721,True,0.0,0.0,0.0,0.5324955582618713,31,8735,0.0,0.0,-0.0,280295,0.0,103.13050842285156,-0.8164310455322266,54.91653823852539,81.47310638427734,103.13050842285156,103.13050842285156,113,3.4178754577396515,1.0,0.13568326870424557,0.0,0.0,0.0,-0.7494149208068848,CityLearnV3MADRLRewardFunction,matd3_unified_comparable_v4,E2,-0.0,1907,14.427766246670547,1.0,0.14020010822330023,0.0,8759
13,2.23606797749979,1.0,0.23076923076923078,-1.0,Building_17,16,MATD3,0.7900000214576721,True,0.0,0.0,0.0,0.5324955582618713,31,8735,0.0,0.0,-0.0,280295,0.0,21.1981143951416,-0.7553762793540955,11.287901878356934,16.746511459350586,21.1981143951416,21.1981143951416,113,3.40587103762136,1.0,0.13510602633510016,0.0,0.0,0.0,-0.7494149208068848,CityLearnV3MADRLRewardFunction,matd3_unified_comparable_v4,E2,-0.0,1907,14.427766246670547,1.0,0.14020010822330023,0.0,8759
6,2.23606797749979,1.0,0.5,-1.0,Building_1,0,MATD3,0.7900000214576721,False,0.0,0.0,0.0,0.5324955582618713,32,0,0.0,0.0,-0.0,280320,-0.0,0.0,-0.682102382183075,0.0,0.0,0.0,0.0,64,3.2970230505858655,1.0,0.22197809536010027,0.0,0.0,0.0,-0.5680943727493286,CityLearnV3MADRLRewardFunction,matd3_unified_comparable_v4,E2,-0.0,1907,14.53954742401207,1.0,0.13624214847861751,0.0,25
8,2.0,1.0,0.25,-1.0,Building_2,1,MATD3,0.7900000214576721,False,0.0,0.0,0.0,0.5324955582618713,32,0,0.0,0.0,-0.0,280320,-0.0,0.0,-0.4278337359428406,0.0,0.0,0.0,0.0,78,3.5690439804219536,1.0,0.19613817276862952,0.0,0.0,0.0,-0.5680943727493286,CityLearnV3MADRLRewardFunction,matd3_unified_comparable_v4,E2,-0.0,1907,14.53954742401207,1.0,0.13624214847861751,0.0,25
10,2.6457513110645907,1.0,0.1,-1.0,Building_3,2,MATD3,0.7900000214576721,False,0.0,0.0,0.0,0.5324955582618713,32,0,0.0,0.0,-0.0,280320,-0.0,0.0,-0.6766910552978516,0.0,0.0,0.0,0.0,92,3.9854374440718927,1.840000033378601,0.18825941225108894,0.0,0.0,0.0,-0.5680943727493286,CityLearnV3MADRLRewardFunction,matd3_unified_comparable_v4,E2,-0.0,1907,14.53954742401207,1.0,0.13624214847861751,0.0,25
8,2.23606797749979,1.0,0.125,-1.0,Building_4,3,MATD3,0.7900000214576721,False,0.0,0.0,0.0,0.5324955582618713,32,0,0.0,0.0,-0.0,280320,-0.0,0.0,-0.5947244763374329,0.0,0.0,0.0,0.0,78,3.3563015366997475,1.0,0.18180042046767014,0.0,0.0,0.0,-0.5680943727493286,CityLearnV3MADRLRewardFunction,matd3_unified_comparable_v4,E2,-0.0,1907,14.53954742401207,1.0,0.13624214847861751,0.0,25
5,1.4142135623730951,1.0,0.0,-1.0,Building_5,4,MATD3,0.7900000214576721,False,0.0,0.0,0.0,0.5324955582618713,32,0,0.0,0.0,-0.0,280320,-0.0,0.0,-0.6625716686248779,0.0,0.0,0.0,0.0,57,3.9331520388809307,1.840000033378601,0.29950553649350214,0.0,0.0,0.0,-0.5680943727493286,CityLearnV3MADRLRewardFunction,matd3_unified_comparable_v4,E2,-0.0,1907,14.53954742401207,1.0,0.13624214847861751,0.0,25
34,3.605551275463989,1.0,0.20588235294117646,-1.0,Building_6,5,MATD3,0.7900000214576721,False,0.0,0.0,0.0,0.5324955582618713,32,0,0.0,0.0,-0.0,280320,-0.0,0.0,-0.6793672442436218,0.0,0.0,0.0,0.0,260,3.3392603829901826,1.0,0.05416905748156401,0.0,0.0,0.0,-0.5680943727493286,CityLearnV3MADRLRewardFunction,matd3_unified_comparable_v4,E2,-0.0,1907,14.53954742401207,1.0,0.13624214847861751,0.0,25
44,4.58257569495584,1.0,0.4772727272727273,0.0,Building_7,6,MATD3,0.7900000214576721,False,0.0,0.0,0.0,0.5324955582618713,32,0,0.0,0.0,-0.0,280320,-0.0,0.0,-0.4448446035385132,0.0,0.0,0.0,0.0,330,3.5489347650774947,1.0,0.04615580444083069,0.0,0.0,0.0,-0.5680943727493286,CityLearnV3MADRLRewardFunction,matd3_unified_comparable_v4,E2,-0.0,1907,14.53954742401207,1.0,0.13624214847861751,0.0,25
19,3.4641016151377544,1.0,0.21052631578947367,-1.0,Building_8,7,MATD3,0.7900000214576721,False,0.0,0.0,0.0,0.5324955582618713,32,0,0.0,0.0,-0.0,280320,-0.0,0.0,-0.4363120496273041,0.0,0.0,0.0,0.0,155,3.425317521913385,1.0,0.09331327215317757,0.0,0.0,0.0,-0.5680943727493286,CityLearnV3MADRLRewardFunction,matd3_unified_comparable_v4,E2,-0.0,1907,14.53954742401207,1.0,0.13624214847861751,0.0,25
12,2.6457513110645907,1.0,0.25,-1.0,Building_9,8,MATD3,0.7900000214576721,False,0.0,0.0,0.0,0.5324955582618713,32,0,0.0,0.0,-0.0,280320,-0.0,0.0,-0.44928544759750366,0.0,0.0,0.0,0.0,106,4.021316372189474,1.840000033378601,0.1637315442258457,0.0,0.0,0.0,-0.5680943727493286,CityLearnV3MADRLRewardFunction,matd3_unified_comparable_v4,E2,-0.0,1907,14.53954742401207,1.0,0.13624214847861751,0.0,25
8,2.6457513110645907,1.0,0.375,-1.0,Building_10,9,MATD3,0.7900000214576721,False,0.0,0.0,0.0,0.5324955582618713,32,0,0.0,0.0,-0.0,280320,-0.0,0.0,-0.6268544793128967,0.0,0.0,0.0,0.0,78,3.522268670223555,1.0,0.19396477694121692,0.0,0.0,0.0,-0.5680943727493286,CityLearnV3MADRLRewardFunction,matd3_unified_comparable_v4,E2,-0.0,1907,14.53954742401207,1.0,0.13624214847861751,0.0,25
5,1.7320508075688772,1.0,0.6,0.0,Building_11,10,MATD3,0.7900000214576721,False,0.0,0.0,0.0,0.5324955582618713,32,0,0.0,0.0,-0.0,280320,-0.0,0.0,-0.6810687780380249,0.0,0.0,0.0,0.0,57,4.121134367467698,1.840000033378601,0.3170963815952602,0.0,0.0,0.0,-0.5680943727493286,CityLearnV3MADRLRewardFunction,matd3_unified_comparable_v4,E2,-0.0,1907,14.53954742401207,1.0,0.13624214847861751,0.0,25
5,1.7320508075688772,1.0,-0.2,-1.0,Building_12,11,MATD3,0.7900000214576721,False,0.0,0.0,0.0,0.5324955582618713,32,0,0.0,0.0,-0.0,280320,-0.0,0.0,-0.6800258159637451,0.0,0.0,0.0,0.0,57,3.9651727589764536,1.840000033378601,0.2999991790244454,0.0,0.0,0.0,-0.5680943727493286,CityLearnV3MADRLRewardFunction,matd3_unified_comparable_v4,E2,-0.0,1907,14.53954742401207,1.0,0.13624214847861751,0.0,25
13,2.6457513110645907,1.0,0.38461538461538464,-1.0,Building_13,12,MATD3,0.7900000214576721,False,0.0,0.0,0.0,0.5324955582618713,32,0,0.0,0.0,-0.0,280320,-0.0,0.0,-0.43622294068336487,0.0,0.0,0.0,0.0,113,3.5555320764193747,1.0,0.13505166597598423,0.0,0.0,0.0,-0.5680943727493286,CityLearnV3MADRLRewardFunction,matd3_unified_comparable_v4,E2,-0.0,1907,14.53954742401207,1.0,0.13624214847861751,0.0,25
6,2.449489742783178,1.0,0.3333333333333333,-1.0,Building_14,13,MATD3,0.7900000214576721,False,0.0,0.0,0.0,0.5324955582618713,32,0,0.0,0.0,-0.0,280320,-0.0,0.0,-0.4462350606918335,0.0,0.0,0.0,0.0,64,3.395592213387057,1.0,0.22456910135224462,0.0,0.0,0.0,-0.5680943727493286,CityLearnV3MADRLRewardFunction,matd3_unified_comparable_v4,E2,-0.0,1907,14.53954742401207,1.0,0.13624214847861751,0.0,25
10,2.449489742783178,1.0,0.2,-1.0,Building_15,14,MATD3,0.7900000214576721,False,0.0,0.0,0.0,0.5324955582618713,32,0,0.0,0.0,-0.0,280320,-0.0,0.0,-0.449509859085083,0.0,0.0,0.0,0.0,92,3.427574003700871,1.0,0.15772973207513924,0.0,0.0,0.0,-0.5680943727493286,CityLearnV3MADRLRewardFunction,matd3_unified_comparable_v4,E2,-0.0,1907,14.53954742401207,1.0,0.13624214847861751,0.0,25
13,2.23606797749979,1.0,0.23076923076923078,-1.0,Building_16,15,MATD3,0.7900000214576721,False,0.0,0.0,0.0,0.5324955582618713,32,0,0.0,0.0,-0.0,280320,-0.0,0.0,-0.6691375970840454,0.0,0.0,0.0,0.0,113,3.322179625847321,1.0,0.12446878890020657,0.0,0.0,0.0,-0.5680943727493286,CityLearnV3MADRLRewardFunction,matd3_unified_comparable_v4,E2,-0.0,1907,14.53954742401207,1.0,0.13624214847861751,0.0,25
13,2.23606797749979,1.0,0.23076923076923078,-1.0,Building_17,16,MATD3,0.7900000214576721,False,0.0,0.0,0.0,0.5324955582618713,32,0,0.0,0.0,-0.0,280320,-0.0,0.0,-0.6148162484169006,0.0,0.0,0.0,0.0,113,3.970686117014939,1.840000033378601,0.15158183529841163,0.0,0.0,0.0,-0.5680943727493286,CityLearnV3MADRLRewardFunction,matd3_unified_comparable_v4,E2,-0.0,1907,14.53954742401207,1.0,0.13624214847861751,0.0,25
6,2.23606797749979,1.0,0.5,-1.0,Building_1,0,MATD3,0.7900000214576721,True,0.0,0.0,0.0,0.5324955582618713,32,8734,0.0,0.0,-0.0,289054,0.0,391.586669921875,-0.7379673719406128,208.51815795898438,309.3534851074219,391.586669921875,391.586669921875,64,3.293957432767496,1.0,0.22063545673154294,0.0,0.0,0.0,-0.634387195110321,CityLearnV3MADRLRewardFunction,matd3_unified_comparable_v4,E2,-0.0,1907,14.037639902744592,1.0,0.13132975472007424,0.0,8759
8,2.0,1.0,0.25,-1.0,Building_2,1,MATD3,0.7900000214576721,True,-7.45059693940675e-08,0.0,0.0,0.5324955582618713,32,8734,0.0,0.0,-0.0,289054,0.0,0.18486037850379944,-0.481828510761261,0.09843733161687851,0.1460397094488144,0.18486037850379944,0.1848604530096054,78,3.520597752596835,1.0,0.19391298790772757,0.0,0.0,0.0,-0.634387195110321,CityLearnV3MADRLRewardFunction,matd3_unified_comparable_v4,E2,-0.0,1907,14.037639902744592,1.0,0.13132975472007424,0.0,8759
10,2.6457513110645907,1.0,0.1,-1.0,Building_3,2,MATD3,0.7900000214576721,True,0.0,0.0,0.0,0.5324955582618713,32,8734,0.0,0.0,-0.0,289054,0.0,39.0087890625,-0.7227219343185425,20.77200698852539,30.816944122314453,39.0087890625,39.0087890625,92,3.2643349760543376,1.0,0.15071380041215732,0.0,0.0,0.0,-0.634387195110321,CityLearnV3MADRLRewardFunction,matd3_unified_comparable_v4,E2,-0.0,1907,14.037639902744592,1.0,0.13132975472007424,0.0,8759
8,2.23606797749979,1.0,0.125,-1.0,Building_4,3,MATD3,0.7900000214576721,True,0.0,0.0,0.0,0.5324955582618713,32,8734,0.0,0.0,-0.0,289054,0.0,36.67196273803711,-0.7197271585464478,19.52765655517578,28.97085189819336,36.67196273803711,36.67196273803711,78,3.2650679327162457,1.0,0.1776794059536396,0.0,0.0,0.0,-0.634387195110321,CityLearnV3MADRLRewardFunction,matd3_unified_comparable_v4,E2,-0.0,1907,14.037639902744592,1.0,0.13132975472007424,0.0,8759
5,1.4142135623730951,1.0,0.0,-1.0,Building_5,4,MATD3,0.7900000214576721,True,0.0,0.0,0.0,0.5324955582618713,32,8734,0.0,0.0,-0.0,289054,0.0,60.26204299926758,-0.8007411360740662,32.089271545410156,47.60701370239258,60.26204299926758,54.225337982177734,57,3.569266383478027,1.0,0.29216772161032023,0.0,0.0,0.0,-0.634387195110321,CityLearnV3MADRLRewardFunction,matd3_unified_comparable_v4,E2,-0.0,1907,14.037639902744592,1.0,0.13132975472007424,0.0,8759
34,3.654034553674587,1.0,0.22333145141601562,-1.0,Building_6,5,MATD3,0.7900000214576721,True,0.0,0.0,0.0,0.5324955582618713,32,8734,0.0,0.0,-0.0,289054,0.0,348.8946838378906,-0.7377071976661682,185.7848663330078,275.6268005371094,348.8946838378906,348.8946838378906,260,3.2554705069875767,1.0,0.05311486892975294,0.0,0.0,0.0,-0.634387195110321,CityLearnV3MADRLRewardFunction,matd3_unified_comparable_v4,E2,-0.0,1907,14.037639902744592,1.0,0.13132975472007424,0.0,8759
44,4.58257569495584,1.0,0.4772727272727273,0.0,Building_7,6,MATD3,0.7900000214576721,True,2.119661439792253e-05,0.0,0.0,0.5324955582618713,32,8734,0.0,0.0,-0.0,289054,0.0,2.9801065921783447,-0.515568196773529,1.5868935585021973,2.3542842864990234,2.9801065921783447,2.9800853729248047,330,3.5021767049131327,1.0,0.04573751243226456,0.0,0.0,0.0,-0.634387195110321,CityLearnV3MADRLRewardFunction,matd3_unified_comparable_v4,E2,-0.0,1907,14.037639902744592,1.0,0.13132975472007424,0.0,8759
19,3.4641016151377544,1.0,0.21052631578947367,-1.0,Building_8,7,MATD3,0.7900000214576721,True,0.0,0.0,0.0,0.5324955582618713,32,8734,0.0,0.0,-0.0,289054,0.0,6.19936990737915,-0.5525681376457214,3.3011369705200195,4.897502422332764,6.19936990737915,6.19936990737915,155,3.3962261274741334,1.0,0.09467931918559536,0.0,0.0,0.0,-0.634387195110321,CityLearnV3MADRLRewardFunction,matd3_unified_comparable_v4,E2,-0.0,1907,14.037639902744592,1.0,0.13132975472007424,0.0,8759
12,2.6457513110645907,1.0,0.25,-1.0,Building_9,8,MATD3,0.7900000214576721,True,0.0,0.0,0.0,0.5324955582618713,32,8734,0.0,0.0,-0.0,289054,0.0,2.1350696086883545,-0.4879651367664337,1.1369150876998901,1.6867049932479858,2.1350696086883545,2.1350696086883545,106,3.5815197403337824,1.0,0.15437126440821952,0.0,0.0,0.0,-0.634387195110321,CityLearnV3MADRLRewardFunction,matd3_unified_comparable_v4,E2,-0.0,1907,14.037639902744592,1.0,0.13132975472007424,0.0,8759
8,2.6457513110645907,1.0,0.375,-1.0,Building_10,9,MATD3,0.7900000214576721,True,4.05476112064207e-06,0.0,0.0,0.5324955582618713,32,8734,0.0,0.0,-0.0,289054,0.0,16.451885223388672,-0.6470147967338562,8.7605562210083,12.996989250183105,16.451885223388672,16.451881408691406,78,3.473783397409411,1.0,0.19227790861175612,0.0,0.0,0.0,-0.634387195110321,CityLearnV3MADRLRewardFunction,matd3_unified_comparable_v4,E2,-0.0,1907,14.037639902744592,1.0,0.13132975472007424,0.0,8759
5,1.7320508075688772,1.0,0.6,0.0,Building_11,10,MATD3,0.7900000214576721,True,-4.3632415327010676e-05,0.0,0.0,0.5324955582618713,32,8734,0.0,0.0,-0.0,289054,0.0,66.45193481445312,-0.7367128133773804,35.38536071777344,52.49702835083008,66.45193481445312,66.45198059082031,57,3.477940833916371,1.0,0.2622795214778499,0.0,0.0,0.0,-0.634387195110321,CityLearnV3MADRLRewardFunction,matd3_unified_comparable_v4,E2,-0.0,1907,14.037639902744592,1.0,0.13132975472007424,0.0,8759
5,1.7320508075688772,1.0,-0.2,-1.0,Building_12,11,MATD3,0.7900000214576721,True,0.0,0.0,0.0,0.5324955582618713,32,8734,0.0,0.0,-0.0,289054,0.0,155.388671875,-0.7362457513809204,82.7437744140625,122.7570571899414,155.388671875,155.388671875,57,3.2986450553893563,1.0,0.24877953738497013,0.0,0.0,0.0,-0.634387195110321,CityLearnV3MADRLRewardFunction,matd3_unified_comparable_v4,E2,-0.0,1907,14.037639902744592,1.0,0.13132975472007424,0.0,8759
13,2.6457513110645907,1.0,0.38461538461538464,-1.0,Building_13,12,MATD3,0.7900000214576721,True,-3.940150236303452e-06,0.0,0.0,0.5324955582618713,32,8734,0.0,0.0,-0.0,289054,0.0,0.10476967692375183,-0.4808550179004669,0.055789388716220856,0.0827680453658104,0.10476967692375183,0.1047736182808876,113,3.5034903058070705,1.0,0.13320528907058513,0.0,0.0,0.0,-0.634387195110321,CityLearnV3MADRLRewardFunction,matd3_unified_comparable_v4,E2,-0.0,1907,14.037639902744592,1.0,0.13132975472007424,0.0,8759
6,2.449489742783178,1.0,0.3333333333333333,-1.0,Building_14,13,MATD3,0.7900000214576721,True,0.0,0.0,0.0,0.5324955582618713,32,8734,0.0,0.0,-0.0,289054,0.0,1.3521205186843872,-0.4959341883659363,0.7199981808662415,1.068175196647644,1.3521205186843872,1.3521205186843872,64,3.3627989173264545,1.0,0.22267394256778061,0.0,0.0,0.0,-0.634387195110321,CityLearnV3MADRLRewardFunction,matd3_unified_comparable_v4,E2,-0.0,1907,14.037639902744592,1.0,0.13132975472007424,0.0,8759
10,2.449489742783178,1.0,0.2,-1.0,Building_15,14,MATD3,0.7900000214576721,True,0.0,0.0,0.0,0.5324955582618713,32,8734,0.0,0.0,-0.0,289054,0.0,15.147623062133789,-0.6368547677993774,8.066041946411133,11.966622352600098,15.147623062133789,15.147623062133789,92,3.4062206102198083,1.0,0.16028831105517305,0.0,0.0,0.0,-0.634387195110321,CityLearnV3MADRLRewardFunction,matd3_unified_comparable_v4,E2,-0.0,1907,14.037639902744592,1.0,0.13132975472007424,0.0,8759
13,2.23606797749979,1.0,0.23076923076923078,-1.0,Building_16,15,MATD3,0.7900000214576721,True,0.0,0.0,0.0,0.5324955582618713,32,8734,0.0,0.0,-0.0,289054,0.0,11.957420349121094,-0.6106328964233398,6.367273330688477,9.446362495422363,11.957420349121094,11.957420349121094,113,3.329471900994795,1.0,0.1249398920124611,0.0,0.0,0.0,-0.634387195110321,CityLearnV3MADRLRewardFunction,matd3_unified_comparable_v4,E2,-0.0,1907,14.037639902744592,1.0,0.13132975472007424,0.0,8759
13,2.23606797749979,1.0,0.23076923076923078,-1.0,Building_17,16,MATD3,0.7900000214576721,True,0.0,0.0,0.0,0.5324955582618713,32,8734,0.0,0.0,-0.0,289054,0.0,23.087642669677734,-0.6835365891456604,12.2940673828125,18.239238739013672,23.087642669677734,23.087642669677734,113,3.3488064918118936,1.0,0.129059622773027,0.0,0.0,0.0,-0.634387195110321,CityLearnV3MADRLRewardFunction,matd3_unified_comparable_v4,E2,-0.0,1907,14.037639902744592,1.0,0.13132975472007424,0.0,8759
6,2.23606797749979,1.0,0.5,-1.0,Building_1,0,MATD3,0.7900000214576721,False,0.0,0.0,0.0,0.5324955582618713,33,0,0.0,0.0,-0.0,289080,-0.0,0.0,-0.6804613471031189,0.0,0.0,0.0,0.0,64,3.3106629567105292,1.0,0.22395952162332833,0.0,0.0,0.0,-0.5644257068634033,CityLearnV3MADRLRewardFunction,matd3_unified_comparable_v4,E2,-0.0,1907,14.598551825277402,1.0,0.13759056049754123,0.0,26
8,2.0,1.0,0.25,-1.0,Building_2,1,MATD3,0.7900000214576721,False,0.0,0.0,0.0,0.5324955582618713,33,0,0.0,0.0,-0.0,289080,-0.0,0.0,-0.4277169108390808,0.0,0.0,0.0,0.0,78,3.5789732594658177,1.0,0.1974605211080649,0.0,0.0,0.0,-0.5644257068634033,CityLearnV3MADRLRewardFunction,matd3_unified_comparable_v4,E2,-0.0,1907,14.598551825277402,1.0,0.13759056049754123,0.0,26
10,2.6457513110645907,1.0,0.1,-1.0,Building_3,2,MATD3,0.7900000214576721,False,0.0,0.0,0.0,0.5324955582618713,33,0,0.0,0.0,-0.0,289080,-0.0,0.0,-0.6179707646369934,0.0,0.0,0.0,0.0,92,3.9940058626994634,1.840000033378601,0.18794119293275086,0.0,0.0,0.0,-0.5644257068634033,CityLearnV3MADRLRewardFunction,matd3_unified_comparable_v4,E2,-0.0,1907,14.598551825277402,1.0,0.13759056049754123,0.0,26
8,2.23606797749979,1.0,0.125,-1.0,Building_4,3,MATD3,0.7900000214576721,False,0.0,0.0,0.0,0.5324955582618713,33,0,0.0,0.0,-0.0,289080,-0.0,0.0,-0.5723941922187805,0.0,0.0,0.0,0.0,78,3.3662049386100916,1.0,0.183075266961868,0.0,0.0,0.0,-0.5644257068634033,CityLearnV3MADRLRewardFunction,matd3_unified_comparable_v4,E2,-0.0,1907,14.598551825277402,1.0,0.13759056049754123,0.0,26
5,1.4142135623730951,1.0,0.0,-1.0,Building_5,4,MATD3,0.7900000214576721,False,0.0,0.0,0.0,0.5324955582618713,33,0,0.0,0.0,-0.0,289080,-0.0,0.0,-0.6656932830810547,0.0,0.0,0.0,0.0,57,3.9541617170129464,1.840000033378601,0.3032221101355134,0.0,0.0,0.0,-0.5644257068634033,CityLearnV3MADRLRewardFunction,matd3_unified_comparable_v4,E2,-0.0,1907,14.598551825277402,1.0,0.13759056049754123,0.0,26
34,3.645519544550466,1.0,0.22171595867942362,-1.0,Building_6,5,MATD3,0.7900000214576721,False,0.0,0.0,0.0,0.5324955582618713,33,0,0.0,0.0,-0.0,289080,-0.0,0.0,-0.6782561540603638,0.0,0.0,0.0,0.0,260,3.354973939863699,1.0,0.05510642049977413,0.0,0.0,0.0,-0.5644257068634033,CityLearnV3MADRLRewardFunction,matd3_unified_comparable_v4,E2,-0.0,1907,14.598551825277402,1.0,0.13759056049754123,0.0,26
44,4.58257569495584,1.0,0.4772727272727273,0.0,Building_7,6,MATD3,0.7900000214576721,False,0.0,0.0,0.0,0.5324955582618713,33,0,0.0,0.0,-0.0,289080,-0.0,0.0,-0.4436173141002655,0.0,0.0,0.0,0.0,330,3.5585547731289173,1.0,0.04646141926447551,0.0,0.0,0.0,-0.5644257068634033,CityLearnV3MADRLRewardFunction,matd3_unified_comparable_v4,E2,-0.0,1907,14.598551825277402,1.0,0.13759056049754123,0.0,26
19,3.4641016151377544,1.0,0.21052631578947367,-1.0,Building_8,7,MATD3,0.7900000214576721,False,0.0,0.0,0.0,0.5324955582618713,33,0,0.0,0.0,-0.0,289080,-0.0,0.0,-0.4339090585708618,0.0,0.0,0.0,0.0,155,3.438618847712816,1.0,0.09415409286176005,0.0,0.0,0.0,-0.5644257068634033,CityLearnV3MADRLRewardFunction,matd3_unified_comparable_v4,E2,-0.0,1907,14.598551825277402,1.0,0.13759056049754123,0.0,26
12,2.6457513110645907,1.0,0.25,-1.0,Building_9,8,MATD3,0.7900000214576721,False,0.0,0.0,0.0,0.5324955582618713,33,0,0.0,0.0,-0.0,289080,-0.0,0.0,-0.4529033303260803,0.0,0.0,0.0,0.0,106,4.034422268507227,1.840000033378601,0.16483593071406744,0.0,0.0,0.0,-0.5644257068634033,CityLearnV3MADRLRewardFunction,matd3_unified_comparable_v4,E2,-0.0,1907,14.598551825277402,1.0,0.13759056049754123,0.0,26
8,2.6457513110645907,1.0,0.375,-1.0,Building_10,9,MATD3,0.7900000214576721,False,0.0,0.0,0.0,0.5324955582618713,33,0,0.0,0.0,-0.0,289080,-0.0,0.0,-0.6338254809379578,0.0,0.0,0.0,0.0,78,3.5345839732220012,1.0,0.1956995906165013,0.0,0.0,0.0,-0.5644257068634033,CityLearnV3MADRLRewardFunction,matd3_unified_comparable_v4,E2,-0.0,1907,14.598551825277402,1.0,0.13759056049754123,0.0,26
5,1.7320508075688772,1.0,0.6,0.0,Building_11,10,MATD3,0.7900000214576721,False,0.0,0.0,0.0,0.5324955582618713,33,0,0.0,0.0,-0.0,289080,-0.0,0.0,-0.6778196096420288,0.0,0.0,0.0,0.0,57,4.139822891040808,1.840000033378601,0.3226412628826342,0.0,0.0,0.0,-0.5644257068634033,CityLearnV3MADRLRewardFunction,matd3_unified_comparable_v4,E2,-0.0,1907,14.598551825277402,1.0,0.13759056049754123,0.0,26
5,1.7320508075688772,1.0,-0.2,-1.0,Building_12,11,MATD3,0.7900000214576721,False,0.0,0.0,0.0,0.5324955582618713,33,0,0.0,0.0,-0.0,289080,-0.0,0.0,-0.6782581210136414,0.0,0.0,0.0,0.0,57,3.977624230534968,1.840000033378601,0.3019667490009676,0.0,0.0,0.0,-0.5644257068634033,CityLearnV3MADRLRewardFunction,matd3_unified_comparable_v4,E2,-0.0,1907,14.598551825277402,1.0,0.13759056049754123,0.0,26
13,2.6457513110645907,1.0,0.38461538461538464,-1.0,Building_13,12,MATD3,0.7900000214576721,False,0.0,0.0,0.0,0.5324955582618713,33,0,0.0,0.0,-0.0,289080,-0.0,0.0,-0.43329155445098877,0.0,0.0,0.0,0.0,113,3.5641301771378076,1.0,0.1358809579262691,0.0,0.0,0.0,-0.5644257068634033,CityLearnV3MADRLRewardFunction,matd3_unified_comparable_v4,E2,-0.0,1907,14.598551825277402,1.0,0.13759056049754123,0.0,26
6,2.449489742783178,1.0,0.3333333333333333,-1.0,Building_14,13,MATD3,0.7900000214576721,False,0.0,0.0,0.0,0.5324955582618713,33,0,0.0,0.0,-0.0,289080,-0.0,0.0,-0.4426933228969574,0.0,0.0,0.0,0.0,64,3.41027630036433,1.0,0.22644483274780214,0.0,0.0,0.0,-0.5644257068634033,CityLearnV3MADRLRewardFunction,matd3_unified_comparable_v4,E2,-0.0,1907,14.598551825277402,1.0,0.13759056049754123,0.0,26
10,2.449489742783178,1.0,0.2,-1.0,Building_15,14,MATD3,0.7900000214576721,False,0.0,0.0,0.0,0.5324955582618713,33,0,0.0,0.0,-0.0,289080,-0.0,0.0,-0.45612671971321106,0.0,0.0,0.0,0.0,92,3.4426158939894544,1.0,0.15944902930894625,0.0,0.0,0.0,-0.5644257068634033,CityLearnV3MADRLRewardFunction,matd3_unified_comparable_v4,E2,-0.0,1907,14.598551825277402,1.0,0.13759056049754123,0.0,26
13,2.23606797749979,1.0,0.23076923076923078,-1.0,Building_16,15,MATD3,0.7900000214576721,False,0.0,0.0,0.0,0.5324955582618713,33,0,0.0,0.0,-0.0,289080,-0.0,0.0,-0.6714169979095459,0.0,0.0,0.0,0.0,113,3.3333203685588777,1.0,0.1254414408344083,0.0,0.0,0.0,-0.5644257068634033,CityLearnV3MADRLRewardFunction,matd3_unified_comparable_v4,E2,-0.0,1907,14.598551825277402,1.0,0.13759056049754123,0.0,26
13,2.23606797749979,1.0,0.23076923076923078,-1.0,Building_17,16,MATD3,0.7900000214576721,False,0.0,0.0,0.0,0.5324955582618713,33,0,0.0,0.0,-0.0,289080,-0.0,0.0,-0.6288827061653137,0.0,0.0,0.0,0.0,113,3.9968224757204505,1.840000033378601,0.15531753676127544,0.0,0.0,0.0,-0.5644257068634033,CityLearnV3MADRLRewardFunction,matd3_unified_comparable_v4,E2,-0.0,1907,14.598551825277402,1.0,0.13759056049754123,0.0,26
6,2.23606797749979,1.0,0.5,-1.0,Building_1,0,MATD3,0.7900000214576721,True,0.0,0.0,0.0,0.5324955582618713,33,8733,0.0,0.0,-0.0,297813,0.0,433.45458984375,-0.8201541900634766,230.81263732910156,342.42913818359375,433.45458984375,433.45458984375,64,3.187500130772365,1.0,0.21159187657758594,0.0,0.0,0.0,-0.7510462999343872,CityLearnV3MADRLRewardFunction,matd3_unified_comparable_v4,E2,-0.0,1907,13.699002616090741,1.0,0.12678703502617586,0.0,8759
8,2.0,1.0,0.25,-1.0,Building_2,1,MATD3,0.7900000214576721,True,-7.45059693940675e-08,0.0,0.0,0.5324955582618713,33,8733,0.0,0.0,-0.0,297813,0.0,15.16435432434082,-0.7196511030197144,8.074951171875,11.979840278625488,15.16435432434082,15.16435432434082,78,3.4503282414222163,1.0,0.19114438100503042,0.0,0.0,0.0,-0.7510462999343872,CityLearnV3MADRLRewardFunction,matd3_unified_comparable_v4,E2,-0.0,1907,13.699002616090741,1.0,0.12678703502617586,0.0,8759
10,2.6457513110645907,1.0,0.1,-1.0,Building_3,2,MATD3,0.7900000214576721,True,0.0,0.0,0.0,0.5324955582618713,33,8733,0.0,0.0,-0.0,297813,0.0,94.53981018066406,-0.8175580501556396,50.3420295715332,74.68645477294922,94.53981018066406,94.53981018066406,92,3.204969290194373,1.0,0.14604751976287883,0.0,0.0,0.0,-0.7510462999343872,CityLearnV3MADRLRewardFunction,matd3_unified_comparable_v4,E2,-0.0,1907,13.699002616090741,1.0,0.12678703502617586,0.0,8759
8,2.23606797749979,1.0,0.125,-1.0,Building_4,3,MATD3,0.7900000214576721,True,0.0,0.0,0.0,0.5324955582618713,33,8733,0.0,0.0,-0.0,297813,0.0,31.04317283630371,-0.7914388179779053,16.530351638793945,24.524106979370117,31.04317283630371,31.04317283630371,78,3.1916766443122158,1.0,0.17149378894231257,0.0,0.0,0.0,-0.7510462999343872,CityLearnV3MADRLRewardFunction,matd3_unified_comparable_v4,E2,-0.0,1907,13.699002616090741,1.0,0.12678703502617586,0.0,8759
5,1.4142135623730951,1.0,0.0,-1.0,Building_5,4,MATD3,0.7900000214576721,True,0.0,0.0,0.0,0.5324955582618713,33,8733,0.0,0.0,-0.0,297813,0.0,44.57567596435547,-0.876918375492096,23.73634910583496,35.21478271484375,44.57567596435547,38.538970947265625,57,3.52707183687306,1.0,0.28582403926472916,0.0,0.0,0.0,-0.7510462999343872,CityLearnV3MADRLRewardFunction,matd3_unified_comparable_v4,E2,-0.0,1907,13.699002616090741,1.0,0.12678703502617586,0.0,8759
34,3.872983346207417,1.0,0.2647058823529412,-1.0,Building_6,5,MATD3,0.7900000214576721,True,0.0,0.0,0.0,0.5324955582618713,33,8733,0.0,0.0,-0.0,297813,0.0,362.8901062011719,-0.8197834491729736,193.23736572265625,286.6831970214844,362.8901062011719,362.8901062011719,260,3.184578026920365,1.0,0.05131137789441989,0.0,0.0,0.0,-0.7510462999343872,CityLearnV3MADRLRewardFunction,matd3_unified_comparable_v4,E2,-0.0,1907,13.699002616090741,1.0,0.12678703502617586,0.0,8759
44,4.58257569495584,1.0,0.4772727272727273,0.0,Building_7,6,MATD3,0.7900000214576721,True,2.119661439792253e-05,0.0,0.0,0.5324955582618713,33,8733,0.0,0.0,-0.0,297813,0.0,12.664132118225098,-0.6993902325630188,6.743594169616699,10.004664421081543,12.664132118225098,12.664111137390137,330,3.4121844398967727,1.0,0.04423387093525944,0.0,0.0,0.0,-0.7510462999343872,CityLearnV3MADRLRewardFunction,matd3_unified_comparable_v4,E2,-0.0,1907,13.699002616090741,1.0,0.12678703502617586,0.0,8759
19,3.4641016151377544,1.0,0.21052631578947367,-1.0,Building_8,7,MATD3,0.7900000214576721,True,0.0,0.0,0.0,0.5324955582618713,33,8733,0.0,0.0,-0.0,297813,0.0,12.065996170043945,-0.6935969591140747,6.425089359283447,9.532136917114258,12.065996170043945,12.065996170043945,155,3.327079593304185,1.0,0.09201990635164323,0.0,0.0,0.0,-0.7510462999343872,CityLearnV3MADRLRewardFunction,matd3_unified_comparable_v4,E2,-0.0,1907,13.699002616090741,1.0,0.12678703502617586,0.0,8759
12,2.6457513110645907,1.0,0.25,-1.0,Building_9,8,MATD3,0.7900000214576721,True,0.0,0.0,0.0,0.5324955582618713,33,8733,0.0,0.0,-0.0,297813,0.0,2.290161371231079,-0.5718209743499756,1.2195007801055908,1.8092275857925415,2.290161371231079,2.290161371231079,106,3.524763688463799,1.0,0.1502447155005527,0.0,0.0,0.0,-0.7510462999343872,CityLearnV3MADRLRewardFunction,matd3_unified_comparable_v4,E2,-0.0,1907,13.699002616090741,1.0,0.12678703502617586,0.0,8759
8,2.6457513110645907,1.0,0.375,-1.0,Building_10,9,MATD3,0.7900000214576721,True,4.05476112064207e-06,0.0,0.0,0.5324955582618713,33,8733,0.0,0.0,-0.0,297813,0.0,51.64957809448242,-0.8153665065765381,27.503170013427734,40.80316925048828,51.64957809448242,51.649574279785156,78,3.3900668691069975,1.0,0.18648767337585107,0.0,0.0,0.0,-0.7510462999343872,CityLearnV3MADRLRewardFunction,matd3_unified_comparable_v4,E2,-0.0,1907,13.699002616090741,1.0,0.12678703502617586,0.0,8759
5,1.7320508075688772,1.0,0.6,0.0,Building_11,10,MATD3,0.7900000214576721,True,-4.3632415327010676e-05,0.0,0.0,0.5324955582618713,33,8733,0.0,0.0,-0.0,297813,0.0,71.54798889160156,-0.819214940071106,38.0989875793457,56.522911071777344,71.54798889160156,71.54803466796875,57,3.3973589105967985,1.0,0.2537119640200807,0.0,0.0,0.0,-0.7510462999343872,CityLearnV3MADRLRewardFunction,matd3_unified_comparable_v4,E2,-0.0,1907,13.699002616090741,1.0,0.12678703502617586,0.0,8759
5,1.7320508075688772,1.0,-0.2,-1.0,Building_12,11,MATD3,0.7900000214576721,True,0.0,0.0,0.0,0.5324955582618713,33,8733,0.0,0.0,-0.0,297813,0.0,215.11593627929688,-0.8187896013259888,114.54827880859375,169.94158935546875,215.11593627929688,215.11593627929688,57,3.2199753522224124,1.0,0.24075160789908023,0.0,0.0,0.0,-0.7510462999343872,CityLearnV3MADRLRewardFunction,matd3_unified_comparable_v4,E2,-0.0,1907,13.699002616090741,1.0,0.12678703502617586,0.0,8759
13,2.6457513110645907,1.0,0.38461538461538464,-1.0,Building_13,12,MATD3,0.7900000214576721,True,-3.940150236303452e-06,0.0,0.0,0.5324955582618713,33,8733,0.0,0.0,-0.0,297813,0.0,2.0330183506011963,-0.5862163305282593,1.0825732946395874,1.6060845851898193,2.0330183506011963,2.033022403717041,113,3.4123216014469584,1.0,0.12815825298296668,0.0,0.0,0.0,-0.7510462999343872,CityLearnV3MADRLRewardFunction,matd3_unified_comparable_v4,E2,-0.0,1907,13.699002616090741,1.0,0.12678703502617586,0.0,8759
6,2.2558423715821334,1.0,0.21633915106455484,-1.0,Building_14,13,MATD3,0.7900000214576721,True,0.0,0.0,0.0,0.5324955582618713,33,8733,0.0,0.0,-0.0,297813,0.0,2.6149511337280273,-0.5930870771408081,1.3924498558044434,2.0658113956451416,2.6149511337280273,2.6149511337280273,64,3.246010192556302,1.0,0.21219419362023473,0.0,0.0,0.0,-0.7510462999343872,CityLearnV3MADRLRewardFunction,matd3_unified_comparable_v4,E2,-0.0,1907,13.699002616090741,1.0,0.12678703502617586,0.0,8759
10,2.449489742783178,1.0,0.2,-1.0,Building_15,14,MATD3,0.7900000214576721,True,0.0,0.0,0.0,0.5324955582618713,33,8733,0.0,0.0,-0.0,297813,0.0,19.521480560302734,-0.7476422190666199,10.395101547241211,15.42197036743164,19.521480560302734,19.521480560302734,92,3.3352580267821357,1.0,0.15549059633327567,0.0,0.0,0.0,-0.7510462999343872,CityLearnV3MADRLRewardFunction,matd3_unified_comparable_v4,E2,-0.0,1907,13.699002616090741,1.0,0.12678703502617586,0.0,8759
13,2.23606797749979,1.0,0.23076923076923078,-1.0,Building_16,15,MATD3,0.7900000214576721,True,0.0,0.0,0.0,0.5324955582618713,33,8733,0.0,0.0,-0.0,297813,0.0,54.89390563964844,-0.8144140839576721,29.23076057434082,43.366188049316406,54.89390563964844,54.89390563964844,113,3.2233941880861243,1.0,0.11971595718533593,0.0,0.0,0.0,-0.7510462999343872,CityLearnV3MADRLRewardFunction,matd3_unified_comparable_v4,E2,-0.0,1907,13.699002616090741,1.0,0.12678703502617586,0.0,8759
13,2.23606797749979,1.0,0.23076923076923078,-1.0,Building_17,16,MATD3,0.7900000214576721,True,0.0,0.0,0.0,0.5324955582618713,33,8733,0.0,0.0,-0.0,297813,0.0,22.46647071838379,-0.7627440690994263,11.963295936584473,17.748512268066406,22.46647071838379,22.46647071838379,113,3.212997057217479,1.0,0.11923809085799529,0.0,0.0,0.0,-0.7510462999343872,CityLearnV3MADRLRewardFunction,matd3_unified_comparable_v4,E2,-0.0,1907,13.699002616090741,1.0,0.12678703502617586,0.0,8759
6,2.23606797749979,1.0,0.5,-1.0,Building_1,0,MATD3,0.7900000214576721,False,0.0,0.0,0.0,0.5324955582618713,34,0,0.0,0.0,-0.0,297840,-0.0,0.0,-0.6710755228996277,0.0,0.0,0.0,0.0,64,3.2123176315510067,1.0,0.21216786434524693,0.0,0.0,0.0,-0.5580253601074219,CityLearnV3MADRLRewardFunction,matd3_unified_comparable_v4,E2,-0.0,1907,14.187507970543388,1.0,0.13010958057915423,0.0,27
8,2.0,1.0,0.25,-1.0,Building_2,1,MATD3,0.7900000214576721,False,0.0,0.0,0.0,0.5324955582618713,34,0,0.0,0.0,-0.0,297840,-0.0,0.0,-0.4275563061237335,0.0,0.0,0.0,0.0,78,3.4790693681436986,1.0,0.1868966981434287,0.0,0.0,0.0,-0.5580253601074219,CityLearnV3MADRLRewardFunction,matd3_unified_comparable_v4,E2,-0.0,1907,14.187507970543388,1.0,0.13010958057915423,0.0,27
10,2.6457513110645907,1.0,0.1,-1.0,Building_3,2,MATD3,0.7900000214576721,False,0.0,0.0,0.0,0.5324955582618713,34,0,0.0,0.0,-0.0,297840,-0.0,0.0,-0.667392909526825,0.0,0.0,0.0,0.0,92,3.9079941670421214,1.840000033378601,0.1791958202526945,0.0,0.0,0.0,-0.5580253601074219,CityLearnV3MADRLRewardFunction,matd3_unified_comparable_v4,E2,-0.0,1907,14.187507970543388,1.0,0.13010958057915423,0.0,27
8,2.23606797749979,1.0,0.125,-1.0,Building_4,3,MATD3,0.7900000214576721,False,0.0,0.0,0.0,0.5324955582618713,34,0,0.0,0.0,-0.0,297840,-0.0,0.0,-0.5607033371925354,0.0,0.0,0.0,0.0,78,3.2645445698538524,1.0,0.172915461855248,0.0,0.0,0.0,-0.5580253601074219,CityLearnV3MADRLRewardFunction,matd3_unified_comparable_v4,E2,-0.0,1907,14.187507970543388,1.0,0.13010958057915423,0.0,27
5,1.4142135623730951,1.0,0.0,-1.0,Building_5,4,MATD3,0.7900000214576721,False,0.0,0.0,0.0,0.5324955582618713,34,0,0.0,0.0,-0.0,297840,-0.0,0.0,-0.6515571475028992,0.0,0.0,0.0,0.0,57,3.8598972537949865,1.840000033378601,0.2842620644195561,0.0,0.0,0.0,-0.5580253601074219,CityLearnV3MADRLRewardFunction,matd3_unified_comparable_v4,E2,-0.0,1907,14.187507970543388,1.0,0.13010958057915423,0.0,27
34,3.872983346207417,1.0,0.2647058823529412,-1.0,Building_6,5,MATD3,0.7900000214576721,False,0.0,0.0,0.0,0.5324955582618713,34,0,0.0,0.0,-0.0,297840,-0.0,0.0,-0.6689987778663635,0.0,0.0,0.0,0.0,260,3.2504364126272605,1.0,0.05211075049323531,0.0,0.0,0.0,-0.5580253601074219,CityLearnV3MADRLRewardFunction,matd3_unified_comparable_v4,E2,-0.0,1907,14.187507970543388,1.0,0.13010958057915423,0.0,27
44,4.58257569495584,1.0,0.4772727272727273,0.0,Building_7,6,MATD3,0.7900000214576721,False,0.0,0.0,0.0,0.5324955582618713,34,0,0.0,0.0,-0.0,297840,-0.0,0.0,-0.4463738203048706,0.0,0.0,0.0,0.0,330,3.460847328491942,1.0,0.04402664422699617,0.0,0.0,0.0,-0.5580253601074219,CityLearnV3MADRLRewardFunction,matd3_unified_comparable_v4,E2,-0.0,1907,14.187507970543388,1.0,0.13010958057915423,0.0,27
19,3.4641016151377544,1.0,0.21052631578947367,-1.0,Building_8,7,MATD3,0.7900000214576721,False,0.0,0.0,0.0,0.5324955582618713,34,0,0.0,0.0,-0.0,297840,-0.0,0.0,-0.427062451839447,0.0,0.0,0.0,0.0,155,3.338264244690641,1.0,0.08897570166135987,0.0,0.0,0.0,-0.5580253601074219,CityLearnV3MADRLRewardFunction,matd3_unified_comparable_v4,E2,-0.0,1907,14.187507970543388,1.0,0.13010958057915423,0.0,27
12,2.6457513110645907,1.0,0.25,-1.0,Building_9,8,MATD3,0.7900000214576721,False,0.0,0.0,0.0,0.5324955582618713,34,0,0.0,0.0,-0.0,297840,-0.0,0.0,-0.44089487195014954,0.0,0.0,0.0,0.0,106,3.9476265772252983,1.840000033378601,0.1573783282436571,0.0,0.0,0.0,-0.5580253601074219,CityLearnV3MADRLRewardFunction,matd3_unified_comparable_v4,E2,-0.0,1907,14.187507970543388,1.0,0.13010958057915423,0.0,27
8,2.6457513110645907,1.0,0.375,-1.0,Building_10,9,MATD3,0.7900000214576721,False,0.0,0.0,0.0,0.5324955582618713,34,0,0.0,0.0,-0.0,297840,-0.0,0.0,-0.6175029873847961,0.0,0.0,0.0,0.0,78,3.4348855599952994,1.0,0.18514690130280378,0.0,0.0,0.0,-0.5580253601074219,CityLearnV3MADRLRewardFunction,matd3_unified_comparable_v4,E2,-0.0,1907,14.187507970543388,1.0,0.13010958057915423,0.0,27
5,1.7320508075688772,1.0,0.6,0.0,Building_11,10,MATD3,0.7900000214576721,False,0.0,0.0,0.0,0.5324955582618713,34,0,0.0,0.0,-0.0,297840,-0.0,0.0,-0.6700012683868408,0.0,0.0,0.0,0.0,57,4.049765045820892,1.840000033378601,0.3050414207799916,0.0,0.0,0.0,-0.5580253601074219,CityLearnV3MADRLRewardFunction,matd3_unified_comparable_v4,E2,-0.0,1907,14.187507970543388,1.0,0.13010958057915423,0.0,27
5,1.7320508075688772,1.0,-0.2,-1.0,Building_12,11,MATD3,0.7900000214576721,False,0.0,0.0,0.0,0.5324955582618713,34,0,0.0,0.0,-0.0,297840,-0.0,0.0,-0.6686477065086365,0.0,0.0,0.0,0.0,57,3.8893010545361975,1.840000033378601,0.2877590819997223,0.0,0.0,0.0,-0.5580253601074219,CityLearnV3MADRLRewardFunction,matd3_unified_comparable_v4,E2,-0.0,1907,14.187507970543388,1.0,0.13010958057915423,0.0,27
13,2.6457513110645907,1.0,0.38461538461538464,-1.0,Building_13,12,MATD3,0.7900000214576721,False,0.0,0.0,0.0,0.5324955582618713,34,0,0.0,0.0,-0.0,297840,-0.0,0.0,-0.425119012594223,0.0,0.0,0.0,0.0,113,3.4656929842890087,1.0,0.1287085278932236,0.0,0.0,0.0,-0.5580253601074219,CityLearnV3MADRLRewardFunction,matd3_unified_comparable_v4,E2,-0.0,1907,14.187507970543388,1.0,0.13010958057915423,0.0,27
6,2.312421247397784,1.0,0.264885812997818,-1.0,Building_14,13,MATD3,0.7900000214576721,False,0.0,0.0,0.0,0.5324955582618713,34,0,0.0,0.0,-0.0,297840,-0.0,0.0,-0.4311285614967346,0.0,0.0,0.0,0.0,64,3.305793099111818,1.0,0.21357100750901736,0.0,0.0,0.0,-0.5580253601074219,CityLearnV3MADRLRewardFunction,matd3_unified_comparable_v4,E2,-0.0,1907,14.187507970543388,1.0,0.13010958057915423,0.0,27
10,2.449489742783178,1.0,0.2,-1.0,Building_15,14,MATD3,0.7900000214576721,False,0.0,0.0,0.0,0.5324955582618713,34,0,0.0,0.0,-0.0,297840,-0.0,0.0,-0.43980082869529724,0.0,0.0,0.0,0.0,92,3.340615500495798,1.0,0.15042923315954598,0.0,0.0,0.0,-0.5580253601074219,CityLearnV3MADRLRewardFunction,matd3_unified_comparable_v4,E2,-0.0,1907,14.187507970543388,1.0,0.13010958057915423,0.0,27
13,2.23606797749979,1.0,0.23076923076923078,-1.0,Building_16,15,MATD3,0.7900000214576721,False,0.0,0.0,0.0,0.5324955582618713,34,0,0.0,0.0,-0.0,297840,-0.0,0.0,-0.6607125401496887,0.0,0.0,0.0,0.0,113,3.2300977723380537,1.0,0.1183126340166921,0.0,0.0,0.0,-0.5580253601074219,CityLearnV3MADRLRewardFunction,matd3_unified_comparable_v4,E2,-0.0,1907,14.187507970543388,1.0,0.13010958057915423,0.0,27
13,2.23606797749979,1.0,0.23076923076923078,-1.0,Building_17,16,MATD3,0.7900000214576721,False,0.0,0.0,0.0,0.5324955582618713,34,0,0.0,0.0,-0.0,297840,-0.0,0.0,-0.6119034290313721,0.0,0.0,0.0,0.0,113,3.9011274958219015,1.840000033378601,0.14710167230032714,0.0,0.0,0.0,-0.5580253601074219,CityLearnV3MADRLRewardFunction,matd3_unified_comparable_v4,E2,-0.0,1907,14.187507970543388,1.0,0.13010958057915423,0.0,27
6,2.23606797749979,1.0,0.5,-1.0,Building_1,0,MATD3,0.7900000214576721,True,0.0,0.0,0.0,0.5324955582618713,34,8732,0.0,0.0,-0.0,306572,0.0,446.8856201171875,-0.81866055727005,237.96461486816406,353.0396423339844,446.8856201171875,446.8856201171875,64,3.363412979817655,1.0,0.23457947955466807,0.0,0.0,0.0,-0.748995304107666,CityLearnV3MADRLRewardFunction,matd3_unified_comparable_v4,E2,-0.0,1907,14.394458563351261,1.0,0.1397805970042991,0.0,8759
8,2.0,1.0,0.25,-1.0,Building_2,1,MATD3,0.7900000214576721,True,-7.45059693940675e-08,0.0,0.0,0.5324955582618713,34,8732,0.0,0.0,-0.0,306572,0.0,5.618855953216553,-0.6267653107643127,2.992015838623047,4.438896179199219,5.618855953216553,5.618855953216553,78,3.5967874580055867,1.0,0.20523377832693931,0.0,0.0,0.0,-0.748995304107666,CityLearnV3MADRLRewardFunction,matd3_unified_comparable_v4,E2,-0.0,1907,14.394458563351261,1.0,0.1397805970042991,0.0,8759
10,2.6457513110645907,1.0,0.1,-1.0,Building_3,2,MATD3,0.7900000214576721,True,0.0,0.0,0.0,0.5324955582618713,34,8732,0.0,0.0,-0.0,306572,0.0,98.17061614990234,-0.816067636013031,52.27541732788086,77.5547866821289,98.17061614990234,98.17061614990234,92,3.3819518729175577,1.0,0.16205699093963788,0.0,0.0,0.0,-0.748995304107666,CityLearnV3MADRLRewardFunction,matd3_unified_comparable_v4,E2,-0.0,1907,14.394458563351261,1.0,0.1397805970042991,0.0,8759
8,2.23606797749979,1.0,0.125,-1.0,Building_4,3,MATD3,0.7900000214576721,True,0.0,0.0,0.0,0.5324955582618713,34,8732,0.0,0.0,-0.0,306572,0.0,28.84416961669922,-0.7843170166015625,15.359392166137695,22.786893844604492,28.84416961669922,28.84416961669922,78,3.365757821671856,1.0,0.19006271679431963,0.0,0.0,0.0,-0.748995304107666,CityLearnV3MADRLRewardFunction,matd3_unified_comparable_v4,E2,-0.0,1907,14.394458563351261,1.0,0.1397805970042991,0.0,8759
5,1.4142135623730951,1.0,0.0,-1.0,Building_5,4,MATD3,0.7900000214576721,True,0.0,0.0,0.0,0.5324955582618713,34,8732,0.0,0.0,-0.0,306572,0.0,43.92958068847656,-0.8749076724052429,23.39230728149414,34.704368591308594,43.92958068847656,37.89287567138672,57,3.687173301001371,1.0,0.31158173084259033,0.0,0.0,0.0,-0.748995304107666,CityLearnV3MADRLRewardFunction,matd3_unified_comparable_v4,E2,-0.0,1907,14.394458563351261,1.0,0.1397805970042991,0.0,8759
34,3.872983346207417,1.0,0.2647058823529412,-1.0,Building_6,5,MATD3,0.7900000214576721,True,0.0,0.0,0.0,0.5324955582618713,34,8732,0.0,0.0,-0.0,306572,0.0,350.8894348144531,-0.8181687593460083,186.84706115722656,277.2026672363281,350.8894348144531,350.8894348144531,260,3.3609150752866683,1.0,0.05693318809454258,0.0,0.0,0.0,-0.748995304107666,CityLearnV3MADRLRewardFunction,matd3_unified_comparable_v4,E2,-0.0,1907,14.394458563351261,1.0,0.1397805970042991,0.0,8759
44,4.58257569495584,1.0,0.4772727272727273,0.0,Building_7,6,MATD3,0.7900000214576721,True,2.119661439792253e-05,0.0,0.0,0.5324955582618713,34,8732,0.0,0.0,-0.0,306572,0.0,18.660245895385742,-0.7418748736381531,9.936497688293457,14.741594314575195,18.660245895385742,18.66022491455078,330,3.5839483164279073,1.0,0.04892784004861658,0.0,0.0,0.0,-0.748995304107666,CityLearnV3MADRLRewardFunction,matd3_unified_comparable_v4,E2,-0.0,1907,14.394458563351261,1.0,0.1397805970042991,0.0,8759
19,3.4641016151377544,1.0,0.21052631578947367,-1.0,Building_8,7,MATD3,0.7900000214576721,True,0.0,0.0,0.0,0.5324955582618713,34,8732,0.0,0.0,-0.0,306572,0.0,19.251495361328125,-0.7445458769798279,10.251336097717285,15.2086820602417,19.251495361328125,19.251495361328125,155,3.5885433590282907,1.0,0.10431925356388091,0.0,0.0,0.0,-0.748995304107666,CityLearnV3MADRLRewardFunction,matd3_unified_comparable_v4,E2,-0.0,1907,14.394458563351261,1.0,0.1397805970042991,0.0,8759
12,2.6457513110645907,1.0,0.25,-1.0,Building_9,8,MATD3,0.7900000214576721,True,0.0,0.0,0.0,0.5324955582618713,34,8732,0.0,0.0,-0.0,306572,0.0,2.4506425857543945,-0.5721921920776367,1.304956316947937,1.9360077381134033,2.4506425857543945,2.4506425857543945,106,3.69422321994266,1.0,0.16635122839009986,0.0,0.0,0.0,-0.748995304107666,CityLearnV3MADRLRewardFunction,matd3_unified_comparable_v4,E2,-0.0,1907,14.394458563351261,1.0,0.1397805970042991,0.0,8759
8,2.6457513110645907,1.0,0.375,-1.0,Building_10,9,MATD3,0.7900000214576721,True,4.05476112064207e-06,0.0,0.0,0.5324955582618713,34,8732,0.0,0.0,-0.0,306572,0.0,34.334144592285156,-0.7979498505592346,18.282779693603516,27.12397575378418,34.334144592285156,34.33414077758789,78,3.553005704318034,1.0,0.2039076835872271,0.0,0.0,0.0,-0.748995304107666,CityLearnV3MADRLRewardFunction,matd3_unified_comparable_v4,E2,-0.0,1907,14.394458563351261,1.0,0.1397805970042991,0.0,8759
5,1.7320508075688772,1.0,0.2,-1.0,Building_11,10,MATD3,0.7900000214576721,True,0.0,0.0,0.0,0.5324955582618713,34,8732,0.0,0.0,-0.0,306572,0.0,57.917564392089844,-0.8135896325111389,30.840845108032227,45.754878997802734,57.917564392089844,57.917564392089844,57,3.4269314971171827,1.0,0.26467193453981164,0.0,0.0,0.0,-0.748995304107666,CityLearnV3MADRLRewardFunction,matd3_unified_comparable_v4,E2,-0.0,1907,14.394458563351261,1.0,0.1397805970042991,0.0,8759
5,1.7320508075688772,1.0,-0.2,-1.0,Building_12,11,MATD3,0.7900000214576721,True,0.0,0.0,0.0,0.5324955582618713,34,8732,0.0,0.0,-0.0,306572,0.0,182.6020965576172,-0.8169534206390381,97.23480224609375,144.2556610107422,182.6020965576172,182.6020965576172,57,3.38220839408873,1.0,0.2615112162995757,0.0,0.0,0.0,-0.748995304107666,CityLearnV3MADRLRewardFunction,matd3_unified_comparable_v4,E2,-0.0,1907,14.394458563351261,1.0,0.1397805970042991,0.0,8759
13,2.6457513110645907,1.0,0.38461538461538464,-1.0,Building_13,12,MATD3,0.7900000214576721,True,-3.940150236303452e-06,0.0,0.0,0.5324955582618713,34,8732,0.0,0.0,-0.0,306572,0.0,2.789363384246826,-0.5937425494194031,1.4853236675262451,2.203597068786621,2.789363384246826,2.789367437362671,113,3.5803868130996173,1.0,0.14118063555354565,0.0,0.0,0.0,-0.748995304107666,CityLearnV3MADRLRewardFunction,matd3_unified_comparable_v4,E2,-0.0,1907,14.394458563351261,1.0,0.1397805970042991,0.0,8759
6,2.449489742783178,1.0,0.3333333333333333,-1.0,Building_14,13,MATD3,0.7900000214576721,True,0.0,0.0,0.0,0.5324955582618713,34,8732,0.0,0.0,-0.0,306572,0.0,2.485826015472412,-0.5899980068206787,1.3236913681030273,1.9638025760650635,2.485826015472412,2.485826015472412,64,3.418981692118897,1.0,0.23510858113877475,0.0,0.0,0.0,-0.748995304107666,CityLearnV3MADRLRewardFunction,matd3_unified_comparable_v4,E2,-0.0,1907,14.394458563351261,1.0,0.1397805970042991,0.0,8759
10,2.23606797749979,1.0,0.1,-1.0,Building_15,14,MATD3,0.7900000214576721,True,0.0,0.0,0.0,0.5324955582618713,34,8732,0.0,0.0,-0.0,306572,0.0,20.5941162109375,-0.7519668936729431,10.966275215148926,16.269351959228516,20.5941162109375,20.5941162109375,92,3.5109822890869915,1.0,0.17171372230286183,0.0,0.0,0.0,-0.748995304107666,CityLearnV3MADRLRewardFunction,matd3_unified_comparable_v4,E2,-0.0,1907,14.394458563351261,1.0,0.1397805970042991,0.0,8759
13,2.23606797749979,1.0,0.23076923076923078,-1.0,Building_16,15,MATD3,0.7900000214576721,True,0.0,0.0,0.0,0.5324955582618713,34,8732,0.0,0.0,-0.0,306572,0.0,103.13050842285156,-0.8161373138427734,54.91653823852539,81.47310638427734,103.13050842285156,103.13050842285156,113,3.4178754577396515,1.0,0.13568326870424557,0.0,0.0,0.0,-0.748995304107666,CityLearnV3MADRLRewardFunction,matd3_unified_comparable_v4,E2,-0.0,1907,14.394458563351261,1.0,0.1397805970042991,0.0,8759
13,2.23606797749979,1.0,0.23076923076923078,-1.0,Building_17,16,MATD3,0.7900000214576721,True,0.0,0.0,0.0,0.5324955582618713,34,8732,0.0,0.0,-0.0,306572,0.0,21.1981143951416,-0.7550825476646423,11.287901878356934,16.746511459350586,21.1981143951416,21.1981143951416,113,3.40587103762136,1.0,0.13510602633510016,0.0,0.0,0.0,-0.748995304107666,CityLearnV3MADRLRewardFunction,matd3_unified_comparable_v4,E2,-0.0,1907,14.394458563351261,1.0,0.1397805970042991,0.0,8759
6,2.23606797749979,1.0,0.5,-1.0,Building_1,0,MATD3,0.7900000214576721,False,0.0,0.0,0.0,0.5324955582618713,35,0,0.0,0.0,-0.0,306600,-0.0,0.0,-0.6501873731613159,0.0,0.0,0.0,0.0,64,3.3336555233099996,1.0,0.23249967594165355,0.0,0.0,0.0,-0.5296705365180969,CityLearnV3MADRLRewardFunction,matd3_unified_comparable_v4,E2,-0.0,1907,14.681728272796366,1.0,0.1423923234329776,0.0,28
8,2.0,1.0,0.25,-1.0,Building_2,1,MATD3,0.7900000214576721,False,0.0,0.0,0.0,0.5324955582618713,35,0,0.0,0.0,-0.0,306600,-0.0,0.0,-0.3952981233596802,0.0,0.0,0.0,0.0,78,3.60025614025661,1.0,0.20442460009302849,0.0,0.0,0.0,-0.5296705365180969,CityLearnV3MADRLRewardFunction,matd3_unified_comparable_v4,E2,-0.0,1907,14.681728272796366,1.0,0.1423923234329776,0.0,28
10,2.6457513110645907,1.0,0.1,-1.0,Building_3,2,MATD3,0.7900000214576721,False,0.0,0.0,0.0,0.5324955582618713,35,0,0.0,0.0,-0.0,306600,-0.0,0.0,-0.6411049962043762,0.0,0.0,0.0,0.0,92,4.141571623053821,1.840000033378601,0.20738699586819048,0.0,0.0,0.0,-0.5296705365180969,CityLearnV3MADRLRewardFunction,matd3_unified_comparable_v4,E2,-0.0,1907,14.681728272796366,1.0,0.1423923234329776,0.0,28
8,2.23606797749979,1.0,0.125,-1.0,Building_4,3,MATD3,0.7900000214576721,False,0.0,0.0,0.0,0.5324955582618713,35,0,0.0,0.0,-0.0,306600,-0.0,0.0,-0.5271492004394531,0.0,0.0,0.0,0.0,78,3.3936670019801576,1.0,0.190476871549319,0.0,0.0,0.0,-0.5296705365180969,CityLearnV3MADRLRewardFunction,matd3_unified_comparable_v4,E2,-0.0,1907,14.681728272796366,1.0,0.1423923234329776,0.0,28
5,1.4142135623730951,1.0,0.0,-1.0,Building_5,4,MATD3,0.7900000214576721,False,0.0,0.0,0.0,0.5324955582618713,35,0,0.0,0.0,-0.0,306600,-0.0,0.0,-0.6160829067230225,0.0,0.0,0.0,0.0,57,3.9622441351353017,1.840000033378601,0.3076907936156842,0.0,0.0,0.0,-0.5296705365180969,CityLearnV3MADRLRewardFunction,matd3_unified_comparable_v4,E2,-0.0,1907,14.681728272796366,1.0,0.1423923234329776,0.0,28
34,3.872983346207417,1.0,0.2647058823529412,-1.0,Building_6,5,MATD3,0.7900000214576721,False,0.0,0.0,0.0,0.5324955582618713,35,0,0.0,0.0,-0.0,306600,-0.0,0.0,-0.646876335144043,0.0,0.0,0.0,0.0,260,3.3769233722146836,1.0,0.0567729174804229,0.0,0.0,0.0,-0.5296705365180969,CityLearnV3MADRLRewardFunction,matd3_unified_comparable_v4,E2,-0.0,1907,14.681728272796366,1.0,0.1423923234329776,0.0,28
44,4.58257569495584,1.0,0.4772727272727273,0.0,Building_7,6,MATD3,0.7900000214576721,False,0.0,0.0,0.0,0.5324955582618713,35,0,0.0,0.0,-0.0,306600,-0.0,0.0,-0.4078527092933655,0.0,0.0,0.0,0.0,330,3.582531313877061,1.0,0.04816670397465879,0.0,0.0,0.0,-0.5296705365180969,CityLearnV3MADRLRewardFunction,matd3_unified_comparable_v4,E2,-0.0,1907,14.681728272796366,1.0,0.1423923234329776,0.0,28
19,3.4641016151377544,1.0,0.21052631578947367,-1.0,Building_8,7,MATD3,0.7900000214576721,False,0.0,0.0,0.0,0.5324955582618713,35,0,0.0,0.0,-0.0,306600,-0.0,0.0,-0.40395015478134155,0.0,0.0,0.0,0.0,155,3.456590711683757,1.0,0.0974243710598638,0.0,0.0,0.0,-0.5296705365180969,CityLearnV3MADRLRewardFunction,matd3_unified_comparable_v4,E2,-0.0,1907,14.681728272796366,1.0,0.1423923234329776,0.0,28
12,2.6457513110645907,1.0,0.25,-1.0,Building_9,8,MATD3,0.7900000214576721,False,0.0,0.0,0.0,0.5324955582618713,35,0,0.0,0.0,-0.0,306600,-0.0,0.0,-0.4129173159599304,0.0,0.0,0.0,0.0,106,4.056505859734795,1.840000033378601,0.17186060976588502,0.0,0.0,0.0,-0.5296705365180969,CityLearnV3MADRLRewardFunction,matd3_unified_comparable_v4,E2,-0.0,1907,14.681728272796366,1.0,0.1423923234329776,0.0,28
8,2.6457513110645907,1.0,0.375,-1.0,Building_10,9,MATD3,0.7900000214576721,False,0.0,0.0,0.0,0.5324955582618713,35,0,0.0,0.0,-0.0,306600,-0.0,0.0,-0.5825956463813782,0.0,0.0,0.0,0.0,78,3.5580160600814175,1.0,0.2026605861595808,0.0,0.0,0.0,-0.5296705365180969,CityLearnV3MADRLRewardFunction,matd3_unified_comparable_v4,E2,-0.0,1907,14.681728272796366,1.0,0.1423923234329776,0.0,28
5,1.7320508075688772,1.0,0.2,-1.0,Building_11,10,MATD3,0.7900000214576721,False,0.0,0.0,0.0,0.5324955582618713,35,0,0.0,0.0,-0.0,306600,-0.0,0.0,-0.6370710134506226,0.0,0.0,0.0,0.0,57,4.031629236127426,1.840000033378601,0.3145574361347316,0.0,0.0,0.0,-0.5296705365180969,CityLearnV3MADRLRewardFunction,matd3_unified_comparable_v4,E2,-0.0,1907,14.681728272796366,1.0,0.1423923234329776,0.0,28
5,1.7320508075688772,1.0,-0.2,-1.0,Building_12,11,MATD3,0.7900000214576721,False,0.0,0.0,0.0,0.5324955582618713,35,0,0.0,0.0,-0.0,306600,-0.0,0.0,-0.6478593349456787,0.0,0.0,0.0,0.0,57,4.000279997312163,1.840000033378601,0.31512569243970673,0.0,0.0,0.0,-0.5296705365180969,CityLearnV3MADRLRewardFunction,matd3_unified_comparable_v4,E2,-0.0,1907,14.681728272796366,1.0,0.1423923234329776,0.0,28
13,2.6457513110645907,1.0,0.38461538461538464,-1.0,Building_13,12,MATD3,0.7900000214576721,False,0.0,0.0,0.0,0.5324955582618713,35,0,0.0,0.0,-0.0,306600,-0.0,0.0,-0.4012465178966522,0.0,0.0,0.0,0.0,113,3.5865212941737648,1.0,0.14076043434638894,0.0,0.0,0.0,-0.5296705365180969,CityLearnV3MADRLRewardFunction,matd3_unified_comparable_v4,E2,-0.0,1907,14.681728272796366,1.0,0.1423923234329776,0.0,28
6,2.449489742783178,1.0,0.3333333333333333,-1.0,Building_14,13,MATD3,0.7900000214576721,False,0.0,0.0,0.0,0.5324955582618713,35,0,0.0,0.0,-0.0,306600,-0.0,0.0,-0.40936753153800964,0.0,0.0,0.0,0.0,64,3.430366073708756,1.0,0.23494323261547834,0.0,0.0,0.0,-0.5296705365180969,CityLearnV3MADRLRewardFunction,matd3_unified_comparable_v4,E2,-0.0,1907,14.681728272796366,1.0,0.1423923234329776,0.0,28
10,2.23606797749979,1.0,0.1,-1.0,Building_15,14,MATD3,0.7900000214576721,False,0.0,0.0,0.0,0.5324955582618713,35,0,0.0,0.0,-0.0,306600,-0.0,0.0,-0.41739770770072937,0.0,0.0,0.0,0.0,92,3.46016091453816,1.0,0.16477162605556456,0.0,0.0,0.0,-0.5296705365180969,CityLearnV3MADRLRewardFunction,matd3_unified_comparable_v4,E2,-0.0,1907,14.681728272796366,1.0,0.1423923234329776,0.0,28
13,2.23606797749979,1.0,0.23076923076923078,-1.0,Building_16,15,MATD3,0.7900000214576721,False,0.0,0.0,0.0,0.5324955582618713,35,0,0.0,0.0,-0.0,306600,-0.0,0.0,-0.6317631006240845,0.0,0.0,0.0,0.0,113,3.3574262735253626,1.0,0.1303645212170297,0.0,0.0,0.0,-0.5296705365180969,CityLearnV3MADRLRewardFunction,matd3_unified_comparable_v4,E2,-0.0,1907,14.681728272796366,1.0,0.1423923234329776,0.0,28
13,2.23606797749979,1.0,0.23076923076923078,-1.0,Building_17,16,MATD3,0.7900000214576721,False,0.0,0.0,0.0,0.5324955582618713,35,0,0.0,0.0,-0.0,306600,-0.0,0.0,-0.5756790041923523,0.0,0.0,0.0,0.0,113,3.9987432514489125,1.840000033378601,0.1573095094181795,0.0,0.0,0.0,-0.5296705365180969,CityLearnV3MADRLRewardFunction,matd3_unified_comparable_v4,E2,-0.0,1907,14.681728272796366,1.0,0.1423923234329776,0.0,28
6,2.23606797749979,1.0,0.5,-1.0,Building_1,0,MATD3,0.7900000214576721,True,0.0,0.0,0.0,0.5324955582618713,35,8731,0.0,0.0,-0.0,315331,0.0,391.586669921875,-0.7376484870910645,208.51815795898438,309.3534851074219,391.586669921875,391.586669921875,64,3.293957432767496,1.0,0.22063545673154294,0.0,0.0,0.0,-0.6339316368103027,CityLearnV3MADRLRewardFunction,matd3_unified_comparable_v4,E2,-0.0,1907,14.003402705027687,1.0,0.1309101842480551,0.0,8759
8,2.0,1.0,0.25,-1.0,Building_2,1,MATD3,0.7900000214576721,True,-7.45059693940675e-08,0.0,0.0,0.5324955582618713,35,8731,0.0,0.0,-0.0,315331,0.0,0.18486037850379944,-0.48150962591171265,0.09843733161687851,0.1460397094488144,0.18486037850379944,0.1848604530096054,78,3.520597752596835,1.0,0.19391298790772757,0.0,0.0,0.0,-0.6339316368103027,CityLearnV3MADRLRewardFunction,matd3_unified_comparable_v4,E2,-0.0,1907,14.003402705027687,1.0,0.1309101842480551,0.0,8759
10,2.6457513110645907,1.0,0.1,-1.0,Building_3,2,MATD3,0.7900000214576721,True,0.0,0.0,0.0,0.5324955582618713,35,8731,0.0,0.0,-0.0,315331,0.0,39.0087890625,-0.7224030494689941,20.77200698852539,30.816944122314453,39.0087890625,39.0087890625,92,3.2643349760543376,1.0,0.15071380041215732,0.0,0.0,0.0,-0.6339316368103027,CityLearnV3MADRLRewardFunction,matd3_unified_comparable_v4,E2,-0.0,1907,14.003402705027687,1.0,0.1309101842480551,0.0,8759
8,2.23606797749979,1.0,0.125,-1.0,Building_4,3,MATD3,0.7900000214576721,True,0.0,0.0,0.0,0.5324955582618713,35,8731,0.0,0.0,-0.0,315331,0.0,36.67196273803711,-0.7194082140922546,19.52765655517578,28.97085189819336,36.67196273803711,36.67196273803711,78,3.2650679327162457,1.0,0.1776794059536396,0.0,0.0,0.0,-0.6339316368103027,CityLearnV3MADRLRewardFunction,matd3_unified_comparable_v4,E2,-0.0,1907,14.003402705027687,1.0,0.1309101842480551,0.0,8759
5,1.7320508075688772,1.0,0.2,-1.0,Building_5,4,MATD3,0.7900000214576721,True,0.0,0.0,0.0,0.5324955582618713,35,8731,0.0,0.0,-0.0,315331,0.0,60.26204299926758,-0.8004222512245178,32.089271545410156,47.60701370239258,60.26204299926758,54.225337982177734,57,3.569266383478027,1.0,0.29216772161032023,0.0,0.0,0.0,-0.6339316368103027,CityLearnV3MADRLRewardFunction,matd3_unified_comparable_v4,E2,-0.0,1907,14.003402705027687,1.0,0.1309101842480551,0.0,8759
34,3.872983346207417,1.0,0.2647058823529412,-1.0,Building_6,5,MATD3,0.7900000214576721,True,0.0,0.0,0.0,0.5324955582618713,35,8731,0.0,0.0,-0.0,315331,0.0,348.8946838378906,-0.7373883128166199,185.7848663330078,275.6268005371094,348.8946838378906,348.8946838378906,260,3.2554705069875767,1.0,0.05311486892975294,0.0,0.0,0.0,-0.6339316368103027,CityLearnV3MADRLRewardFunction,matd3_unified_comparable_v4,E2,-0.0,1907,14.003402705027687,1.0,0.1309101842480551,0.0,8759
44,4.58257569495584,1.0,0.4772727272727273,0.0,Building_7,6,MATD3,0.7900000214576721,True,2.119661439792253e-05,0.0,0.0,0.5324955582618713,35,8731,0.0,0.0,-0.0,315331,0.0,2.9801065921783447,-0.5152493119239807,1.5868935585021973,2.3542842864990234,2.9801065921783447,2.9800853729248047,330,3.5021767049131327,1.0,0.04573751243226456,0.0,0.0,0.0,-0.6339316368103027,CityLearnV3MADRLRewardFunction,matd3_unified_comparable_v4,E2,-0.0,1907,14.003402705027687,1.0,0.1309101842480551,0.0,8759
19,3.4641016151377544,1.0,0.21052631578947367,-1.0,Building_8,7,MATD3,0.7900000214576721,True,0.0,0.0,0.0,0.5324955582618713,35,8731,0.0,0.0,-0.0,315331,0.0,6.19936990737915,-0.5522492527961731,3.3011369705200195,4.897502422332764,6.19936990737915,6.19936990737915,155,3.3962261274741334,1.0,0.09467931918559536,0.0,0.0,0.0,-0.6339316368103027,CityLearnV3MADRLRewardFunction,matd3_unified_comparable_v4,E2,-0.0,1907,14.003402705027687,1.0,0.1309101842480551,0.0,8759
12,2.6457513110645907,1.0,0.25,-1.0,Building_9,8,MATD3,0.7900000214576721,True,0.0,0.0,0.0,0.5324955582618713,35,8731,0.0,0.0,-0.0,315331,0.0,2.1350696086883545,-0.4876462519168854,1.1369150876998901,1.6867049932479858,2.1350696086883545,2.1350696086883545,106,3.5815197403337824,1.0,0.15437126440821952,0.0,0.0,0.0,-0.6339316368103027,CityLearnV3MADRLRewardFunction,matd3_unified_comparable_v4,E2,-0.0,1907,14.003402705027687,1.0,0.1309101842480551,0.0,8759
8,2.6457513110645907,1.0,0.375,-1.0,Building_10,9,MATD3,0.7900000214576721,True,4.05476112064207e-06,0.0,0.0,0.5324955582618713,35,8731,0.0,0.0,-0.0,315331,0.0,16.451885223388672,-0.6466959118843079,8.7605562210083,12.996989250183105,16.451885223388672,16.451881408691406,78,3.473783397409411,1.0,0.19227790861175612,0.0,0.0,0.0,-0.6339316368103027,CityLearnV3MADRLRewardFunction,matd3_unified_comparable_v4,E2,-0.0,1907,14.003402705027687,1.0,0.1309101842480551,0.0,8759
5,1.7320508075688772,1.0,0.2,-1.0,Building_11,10,MATD3,0.7900000214576721,True,0.0,0.0,0.0,0.5324955582618713,35,8731,0.0,0.0,-0.0,315331,0.0,66.45198059082031,-0.7340705394744873,35.38538360595703,52.497066497802734,66.45198059082031,66.45198059082031,57,3.3370684326624835,1.0,0.24824231287889315,0.0,0.0,0.0,-0.6339316368103027,CityLearnV3MADRLRewardFunction,matd3_unified_comparable_v4,E2,-0.0,1907,14.003402705027687,1.0,0.1309101842480551,0.0,8759
5,1.7320508075688772,1.0,-0.2,-1.0,Building_12,11,MATD3,0.7900000214576721,True,0.0,0.0,0.0,0.5324955582618713,35,8731,0.0,0.0,-0.0,315331,0.0,155.388671875,-0.7359268069267273,82.7437744140625,122.7570571899414,155.388671875,155.388671875,57,3.2986450553893563,1.0,0.24877953738497013,0.0,0.0,0.0,-0.6339316368103027,CityLearnV3MADRLRewardFunction,matd3_unified_comparable_v4,E2,-0.0,1907,14.003402705027687,1.0,0.1309101842480551,0.0,8759
13,2.6457513110645907,1.0,0.38461538461538464,-1.0,Building_13,12,MATD3,0.7900000214576721,True,-3.940150236303452e-06,0.0,0.0,0.5324955582618713,35,8731,0.0,0.0,-0.0,315331,0.0,0.10476967692375183,-0.4805361032485962,0.055789388716220856,0.0827680453658104,0.10476967692375183,0.1047736182808876,113,3.5034903058070705,1.0,0.13320528907058513,0.0,0.0,0.0,-0.6339316368103027,CityLearnV3MADRLRewardFunction,matd3_unified_comparable_v4,E2,-0.0,1907,14.003402705027687,1.0,0.1309101842480551,0.0,8759
6,2.23606797749979,1.0,0.16666666666666666,-1.0,Building_14,13,MATD3,0.7900000214576721,True,0.0,0.0,0.0,0.5324955582618713,35,8731,0.0,0.0,-0.0,315331,0.0,1.3521205186843872,-0.49561530351638794,0.7199981808662415,1.068175196647644,1.3521205186843872,1.3521205186843872,64,3.3627989173264545,1.0,0.22267394256778061,0.0,0.0,0.0,-0.6339316368103027,CityLearnV3MADRLRewardFunction,matd3_unified_comparable_v4,E2,-0.0,1907,14.003402705027687,1.0,0.1309101842480551,0.0,8759
10,2.23606797749979,1.0,0.1,-1.0,Building_15,14,MATD3,0.7900000214576721,True,0.0,0.0,0.0,0.5324955582618713,35,8731,0.0,0.0,-0.0,315331,0.0,15.147623062133789,-0.6365358829498291,8.066041946411133,11.966622352600098,15.147623062133789,15.147623062133789,92,3.4062206102198083,1.0,0.16028831105517305,0.0,0.0,0.0,-0.6339316368103027,CityLearnV3MADRLRewardFunction,matd3_unified_comparable_v4,E2,-0.0,1907,14.003402705027687,1.0,0.1309101842480551,0.0,8759
13,2.23606797749979,1.0,0.23076923076923078,-1.0,Building_16,15,MATD3,0.7900000214576721,True,0.0,0.0,0.0,0.5324955582618713,35,8731,0.0,0.0,-0.0,315331,0.0,11.957420349121094,-0.6103140115737915,6.367273330688477,9.446362495422363,11.957420349121094,11.957420349121094,113,3.329471900994795,1.0,0.1249398920124611,0.0,0.0,0.0,-0.6339316368103027,CityLearnV3MADRLRewardFunction,matd3_unified_comparable_v4,E2,-0.0,1907,14.003402705027687,1.0,0.1309101842480551,0.0,8759
13,2.23606797749979,1.0,0.23076923076923078,-1.0,Building_17,16,MATD3,0.7900000214576721,True,0.0,0.0,0.0,0.5324955582618713,35,8731,0.0,0.0,-0.0,315331,0.0,23.087642669677734,-0.6832177042961121,12.2940673828125,18.239238739013672,23.087642669677734,23.087642669677734,113,3.3488064918118936,1.0,0.129059622773027,0.0,0.0,0.0,-0.6339316368103027,CityLearnV3MADRLRewardFunction,matd3_unified_comparable_v4,E2,-0.0,1907,14.003402705027687,1.0,0.1309101842480551,0.0,8759
6,2.23606797749979,1.0,0.5,-1.0,Building_1,0,MATD3,0.7900000214576721,False,0.0,0.0,0.0,0.5324955582618713,36,0,0.0,0.0,-0.0,315360,-0.0,0.0,-0.661048412322998,0.0,0.0,0.0,0.0,64,3.266803427554803,1.0,0.24541411665268242,0.0,0.0,0.0,-0.5442891716957092,CityLearnV3MADRLRewardFunction,matd3_unified_comparable_v4,E2,-0.0,1907,14.714135046117242,1.0,0.1554549100784869,0.0,29
8,2.0,1.0,0.25,-1.0,Building_2,1,MATD3,0.7900000214576721,False,0.0,0.0,0.0,0.5324955582618713,36,0,0.0,0.0,-0.0,315360,-0.0,0.0,-0.40830686688423157,0.0,0.0,0.0,0.0,78,3.5440449062497197,1.0,0.21579199035962424,0.0,0.0,0.0,-0.5442891716957092,CityLearnV3MADRLRewardFunction,matd3_unified_comparable_v4,E2,-0.0,1907,14.714135046117242,1.0,0.1554549100784869,0.0,29
10,2.6457513110645907,1.0,0.1,-1.0,Building_3,2,MATD3,0.7900000214576721,False,0.0,0.0,0.0,0.5324955582618713,36,0,0.0,0.0,-0.0,315360,-0.0,0.0,-0.6003778576850891,0.0,0.0,0.0,0.0,92,4.439211790849095,1.840000033378601,0.25722305505010096,0.0,0.0,0.0,-0.5442891716957092,CityLearnV3MADRLRewardFunction,matd3_unified_comparable_v4,E2,-0.0,1907,14.714135046117242,1.0,0.1554549100784869,0.0,29
8,2.23606797749979,1.0,0.125,-1.0,Building_4,3,MATD3,0.7900000214576721,False,0.0,0.0,0.0,0.5324955582618713,36,0,0.0,0.0,-0.0,315360,-0.0,0.0,-0.5469169020652771,0.0,0.0,0.0,0.0,78,3.333151063787091,1.0,0.2017502989142369,0.0,0.0,0.0,-0.5442891716957092,CityLearnV3MADRLRewardFunction,matd3_unified_comparable_v4,E2,-0.0,1907,14.714135046117242,1.0,0.1554549100784869,0.0,29
5,1.7320508075688772,1.0,0.2,-1.0,Building_5,4,MATD3,0.7900000214576721,False,0.0,0.0,0.0,0.5324955582618713,36,0,0.0,0.0,-0.0,315360,-0.0,0.0,-0.6443842053413391,0.0,0.0,0.0,0.0,57,3.901667504406012,1.840000033378601,0.3241089919680043,0.0,0.0,0.0,-0.5442891716957092,CityLearnV3MADRLRewardFunction,matd3_unified_comparable_v4,E2,-0.0,1907,14.714135046117242,1.0,0.1554549100784869,0.0,29
34,3.872983346207417,1.0,0.2647058823529412,-1.0,Building_6,5,MATD3,0.7900000214576721,False,0.0,0.0,0.0,0.5324955582618713,36,0,0.0,0.0,-0.0,315360,-0.0,0.0,-0.6588424444198608,0.0,0.0,0.0,0.0,260,3.318801616648582,1.0,0.060631623548957014,0.0,0.0,0.0,-0.5442891716957092,CityLearnV3MADRLRewardFunction,matd3_unified_comparable_v4,E2,-0.0,1907,14.714135046117242,1.0,0.1554549100784869,0.0,29
44,4.58257569495584,1.0,0.4772727272727273,0.0,Building_7,6,MATD3,0.7900000214576721,False,0.0,0.0,0.0,0.5324955582618713,36,0,0.0,0.0,-0.0,315360,-0.0,0.0,-0.42349281907081604,0.0,0.0,0.0,0.0,330,3.5248566076869317,1.0,0.050822712526176914,0.0,0.0,0.0,-0.5442891716957092,CityLearnV3MADRLRewardFunction,matd3_unified_comparable_v4,E2,-0.0,1907,14.714135046117242,1.0,0.1554549100784869,0.0,29
19,3.4641016151377544,1.0,0.21052631578947367,-1.0,Building_8,7,MATD3,0.7900000214576721,False,0.0,0.0,0.0,0.5324955582618713,36,0,0.0,0.0,-0.0,315360,-0.0,0.0,-0.41400671005249023,0.0,0.0,0.0,0.0,155,3.404029688787107,1.0,0.10347230597849816,0.0,0.0,0.0,-0.5442891716957092,CityLearnV3MADRLRewardFunction,matd3_unified_comparable_v4,E2,-0.0,1907,14.714135046117242,1.0,0.1554549100784869,0.0,29
12,2.6457513110645907,1.0,0.25,-1.0,Building_9,8,MATD3,0.7900000214576721,False,0.0,0.0,0.0,0.5324955582618713,36,0,0.0,0.0,-0.0,315360,-0.0,0.0,-0.4331551194190979,0.0,0.0,0.0,0.0,106,3.985833230740401,1.840000033378601,0.18027200929398807,0.0,0.0,0.0,-0.5442891716957092,CityLearnV3MADRLRewardFunction,matd3_unified_comparable_v4,E2,-0.0,1907,14.714135046117242,1.0,0.1554549100784869,0.0,29
8,2.6457513110645907,1.0,0.375,-1.0,Building_10,9,MATD3,0.7900000214576721,False,0.0,0.0,0.0,0.5324955582618713,36,0,0.0,0.0,-0.0,315360,-0.0,0.0,-0.6138114929199219,0.0,0.0,0.0,0.0,78,3.4998493437590525,1.0,0.21409206369366401,0.0,0.0,0.0,-0.5442891716957092,CityLearnV3MADRLRewardFunction,matd3_unified_comparable_v4,E2,-0.0,1907,14.714135046117242,1.0,0.1554549100784869,0.0,29
5,1.7320508075688772,1.0,0.2,-1.0,Building_11,10,MATD3,0.7900000214576721,False,0.0,0.0,0.0,0.5324955582618713,36,0,0.0,0.0,-0.0,315360,-0.0,0.0,-0.6563398241996765,0.0,0.0,0.0,0.0,57,4.112329143448214,1.840000033378601,0.35228932792680306,0.0,0.0,0.0,-0.5442891716957092,CityLearnV3MADRLRewardFunction,matd3_unified_comparable_v4,E2,-0.0,1907,14.714135046117242,1.0,0.1554549100784869,0.0,29
5,1.7320508075688772,1.0,-0.2,-1.0,Building_12,11,MATD3,0.7900000214576721,False,0.0,0.0,0.0,0.5324955582618713,36,0,0.0,0.0,-0.0,315360,-0.0,0.0,-0.6588274836540222,0.0,0.0,0.0,0.0,57,3.940284438406011,1.840000033378601,0.32667810064658787,0.0,0.0,0.0,-0.5442891716957092,CityLearnV3MADRLRewardFunction,matd3_unified_comparable_v4,E2,-0.0,1907,14.714135046117242,1.0,0.1554549100784869,0.0,29
13,2.6457513110645907,1.0,0.38461538461538464,-1.0,Building_13,12,MATD3,0.7900000214576721,False,0.0,0.0,0.0,0.5324955582618713,36,0,0.0,0.0,-0.0,315360,-0.0,0.0,-0.4132950007915497,0.0,0.0,0.0,0.0,113,3.530422322678548,1.0,0.14861369185743079,0.0,0.0,0.0,-0.5442891716957092,CityLearnV3MADRLRewardFunction,matd3_unified_comparable_v4,E2,-0.0,1907,14.714135046117242,1.0,0.1554549100784869,0.0,29
6,2.23606797749979,1.0,0.16666666666666666,-1.0,Building_14,13,MATD3,0.7900000214576721,False,0.0,0.0,0.0,0.5324955582618713,36,0,0.0,0.0,-0.0,315360,-0.0,0.0,-0.4235638976097107,0.0,0.0,0.0,0.0,64,3.3385607490249427,1.0,0.24620263162069023,0.0,0.0,0.0,-0.5442891716957092,CityLearnV3MADRLRewardFunction,matd3_unified_comparable_v4,E2,-0.0,1907,14.714135046117242,1.0,0.1554549100784869,0.0,29
10,2.23606797749979,1.0,0.1,-1.0,Building_15,14,MATD3,0.7900000214576721,False,0.0,0.0,0.0,0.5324955582618713,36,0,0.0,0.0,-0.0,315360,-0.0,0.0,-0.43657350540161133,0.0,0.0,0.0,0.0,92,3.4060200609183116,1.0,0.1749934833496809,0.0,0.0,0.0,-0.5442891716957092,CityLearnV3MADRLRewardFunction,matd3_unified_comparable_v4,E2,-0.0,1907,14.714135046117242,1.0,0.1554549100784869,0.0,29
13,2.23606797749979,1.0,0.23076923076923078,-1.0,Building_16,15,MATD3,0.7900000214576721,False,0.0,0.0,0.0,0.5324955582618713,36,0,0.0,0.0,-0.0,315360,-0.0,0.0,-0.6513261795043945,0.0,0.0,0.0,0.0,113,3.292550650956502,1.0,0.13775857135785363,0.0,0.0,0.0,-0.5442891716957092,CityLearnV3MADRLRewardFunction,matd3_unified_comparable_v4,E2,-0.0,1907,14.714135046117242,1.0,0.1554549100784869,0.0,29
13,2.23606797749979,1.0,0.23076923076923078,-1.0,Building_17,16,MATD3,0.7900000214576721,False,0.0,0.0,0.0,0.5324955582618713,36,0,0.0,0.0,-0.0,315360,-0.0,0.0,-0.6086483001708984,0.0,0.0,0.0,0.0,113,4.460548441869073,1.840000033378601,0.21043771136123524,0.0,0.0,0.0,-0.5442891716957092,CityLearnV3MADRLRewardFunction,matd3_unified_comparable_v4,E2,-0.0,1907,14.714135046117242,1.0,0.1554549100784869,0.0,29
6,2.23606797749979,1.0,0.5,-1.0,Building_1,0,MATD3,0.7900000214576721,True,0.0,0.0,0.0,0.5324955582618713,36,8730,0.0,0.0,-0.0,324090,0.0,433.45458984375,-0.8198227286338806,230.81263732910156,342.42913818359375,433.45458984375,433.45458984375,64,3.187500130772365,1.0,0.21159187657758594,0.0,0.0,0.0,-0.7505727410316467,CityLearnV3MADRLRewardFunction,matd3_unified_comparable_v4,E2,-0.0,1907,13.663916933138553,1.0,0.1263674645541567,0.0,8759
8,2.0,1.0,0.25,-1.0,Building_2,1,MATD3,0.7900000214576721,True,-7.45059693940675e-08,0.0,0.0,0.5324955582618713,36,8730,0.0,0.0,-0.0,324090,0.0,15.16435432434082,-0.7193196415901184,8.074951171875,11.979840278625488,15.16435432434082,15.16435432434082,78,3.4503282414222163,1.0,0.19114438100503042,0.0,0.0,0.0,-0.7505727410316467,CityLearnV3MADRLRewardFunction,matd3_unified_comparable_v4,E2,-0.0,1907,13.663916933138553,1.0,0.1263674645541567,0.0,8759
10,2.449489742783178,1.0,0.0,-1.0,Building_3,2,MATD3,0.7900000214576721,True,0.0,0.0,0.0,0.5324955582618713,36,8730,0.0,0.0,-0.0,324090,0.0,94.53981018066406,-0.8172265887260437,50.3420295715332,74.68645477294922,94.53981018066406,94.53981018066406,92,3.204969290194373,1.0,0.14604751976287883,0.0,0.0,0.0,-0.7505727410316467,CityLearnV3MADRLRewardFunction,matd3_unified_comparable_v4,E2,-0.0,1907,13.663916933138553,1.0,0.1263674645541567,0.0,8759
8,2.23606797749979,1.0,0.125,-1.0,Building_4,3,MATD3,0.7900000214576721,True,0.0,0.0,0.0,0.5324955582618713,36,8730,0.0,0.0,-0.0,324090,0.0,31.04317283630371,-0.7911073565483093,16.530351638793945,24.524106979370117,31.04317283630371,31.04317283630371,78,3.1916766443122158,1.0,0.17149378894231257,0.0,0.0,0.0,-0.7505727410316467,CityLearnV3MADRLRewardFunction,matd3_unified_comparable_v4,E2,-0.0,1907,13.663916933138553,1.0,0.1263674645541567,0.0,8759
5,1.7320508075688772,1.0,0.2,-1.0,Building_5,4,MATD3,0.7900000214576721,True,0.0,0.0,0.0,0.5324955582618713,36,8730,0.0,0.0,-0.0,324090,0.0,44.57567596435547,-0.8765869140625,23.73634910583496,35.21478271484375,44.57567596435547,38.538970947265625,57,3.52707183687306,1.0,0.28582403926472916,0.0,0.0,0.0,-0.7505727410316467,CityLearnV3MADRLRewardFunction,matd3_unified_comparable_v4,E2,-0.0,1907,13.663916933138553,1.0,0.1263674645541567,0.0,8759
34,3.872983346207417,1.0,0.2647058823529412,-1.0,Building_6,5,MATD3,0.7900000214576721,True,0.0,0.0,0.0,0.5324955582618713,36,8730,0.0,0.0,-0.0,324090,0.0,362.8901062011719,-0.8194519877433777,193.23736572265625,286.6831970214844,362.8901062011719,362.8901062011719,260,3.184578026920365,1.0,0.05131137789441989,0.0,0.0,0.0,-0.7505727410316467,CityLearnV3MADRLRewardFunction,matd3_unified_comparable_v4,E2,-0.0,1907,13.663916933138553,1.0,0.1263674645541567,0.0,8759
44,4.58257569495584,1.0,0.4772727272727273,0.0,Building_7,6,MATD3,0.7900000214576721,True,2.119661439792253e-05,0.0,0.0,0.5324955582618713,36,8730,0.0,0.0,-0.0,324090,0.0,12.664132118225098,-0.6990587711334229,6.743594169616699,10.004664421081543,12.664132118225098,12.664111137390137,330,3.4121844398967727,1.0,0.04423387093525944,0.0,0.0,0.0,-0.7505727410316467,CityLearnV3MADRLRewardFunction,matd3_unified_comparable_v4,E2,-0.0,1907,13.663916933138553,1.0,0.1263674645541567,0.0,8759
19,3.3166247903554,1.0,0.15789473684210525,-1.0,Building_8,7,MATD3,0.7900000214576721,True,0.0,0.0,0.0,0.5324955582618713,36,8730,0.0,0.0,-0.0,324090,0.0,12.065996170043945,-0.6932654976844788,6.425089359283447,9.532136917114258,12.065996170043945,12.065996170043945,155,3.327079593304185,1.0,0.09201990635164323,0.0,0.0,0.0,-0.7505727410316467,CityLearnV3MADRLRewardFunction,matd3_unified_comparable_v4,E2,-0.0,1907,13.663916933138553,1.0,0.1263674645541567,0.0,8759
12,2.6457513110645907,1.0,0.25,-1.0,Building_9,8,MATD3,0.7900000214576721,True,0.0,0.0,0.0,0.5324955582618713,36,8730,0.0,0.0,-0.0,324090,0.0,2.290161371231079,-0.5714895129203796,1.2195007801055908,1.8092275857925415,2.290161371231079,2.290161371231079,106,3.524763688463799,1.0,0.1502447155005527,0.0,0.0,0.0,-0.7505727410316467,CityLearnV3MADRLRewardFunction,matd3_unified_comparable_v4,E2,-0.0,1907,13.663916933138553,1.0,0.1263674645541567,0.0,8759
8,2.6457513110645907,1.0,0.375,-1.0,Building_10,9,MATD3,0.7900000214576721,True,4.05476112064207e-06,0.0,0.0,0.5324955582618713,36,8730,0.0,0.0,-0.0,324090,0.0,51.64957809448242,-0.8150350451469421,27.503170013427734,40.80316925048828,51.64957809448242,51.649574279785156,78,3.3900668691069975,1.0,0.18648767337585107,0.0,0.0,0.0,-0.7505727410316467,CityLearnV3MADRLRewardFunction,matd3_unified_comparable_v4,E2,-0.0,1907,13.663916933138553,1.0,0.1263674645541567,0.0,8759
5,1.7320508075688772,1.0,0.2,-1.0,Building_11,10,MATD3,0.7900000214576721,True,0.0,0.0,0.0,0.5324955582618713,36,8730,0.0,0.0,-0.0,324090,0.0,71.54803466796875,-0.8164685368537903,38.0990104675293,56.52294921875,71.54803466796875,71.54803466796875,57,3.2529987469196797,1.0,0.239674755421124,0.0,0.0,0.0,-0.7505727410316467,CityLearnV3MADRLRewardFunction,matd3_unified_comparable_v4,E2,-0.0,1907,13.663916933138553,1.0,0.1263674645541567,0.0,8759
5,1.7320508075688772,1.0,-0.2,-1.0,Building_12,11,MATD3,0.7900000214576721,True,0.0,0.0,0.0,0.5324955582618713,36,8730,0.0,0.0,-0.0,324090,0.0,215.11593627929688,-0.8184581398963928,114.54827880859375,169.94158935546875,215.11593627929688,215.11593627929688,57,3.2199753522224124,1.0,0.24075160789908023,0.0,0.0,0.0,-0.7505727410316467,CityLearnV3MADRLRewardFunction,matd3_unified_comparable_v4,E2,-0.0,1907,13.663916933138553,1.0,0.1263674645541567,0.0,8759
13,2.6457513110645907,1.0,0.38461538461538464,-1.0,Building_13,12,MATD3,0.7900000214576721,True,-3.940150236303452e-06,0.0,0.0,0.5324955582618713,36,8730,0.0,0.0,-0.0,324090,0.0,2.0330183506011963,-0.5858848690986633,1.0825732946395874,1.6060845851898193,2.0330183506011963,2.033022403717041,113,3.4123216014469584,1.0,0.12815825298296668,0.0,0.0,0.0,-0.7505727410316467,CityLearnV3MADRLRewardFunction,matd3_unified_comparable_v4,E2,-0.0,1907,13.663916933138553,1.0,0.1263674645541567,0.0,8759
6,2.23606797749979,1.0,0.16666666666666666,-1.0,Building_14,13,MATD3,0.7900000214576721,True,0.0,0.0,0.0,0.5324955582618713,36,8730,0.0,0.0,-0.0,324090,0.0,2.6149511337280273,-0.5927556157112122,1.3924498558044434,2.0658113956451416,2.6149511337280273,2.6149511337280273,64,3.246010192556302,1.0,0.21219419362023473,0.0,0.0,0.0,-0.7505727410316467,CityLearnV3MADRLRewardFunction,matd3_unified_comparable_v4,E2,-0.0,1907,13.663916933138553,1.0,0.1263674645541567,0.0,8759
10,2.23606797749979,1.0,0.1,-1.0,Building_15,14,MATD3,0.7900000214576721,True,0.0,0.0,0.0,0.5324955582618713,36,8730,0.0,0.0,-0.0,324090,0.0,19.521480560302734,-0.7473107576370239,10.395101547241211,15.42197036743164,19.521480560302734,19.521480560302734,92,3.3352580267821357,1.0,0.15549059633327567,0.0,0.0,0.0,-0.7505727410316467,CityLearnV3MADRLRewardFunction,matd3_unified_comparable_v4,E2,-0.0,1907,13.663916933138553,1.0,0.1263674645541567,0.0,8759
13,2.23606797749979,1.0,0.23076923076923078,-1.0,Building_16,15,MATD3,0.7900000214576721,True,0.0,0.0,0.0,0.5324955582618713,36,8730,0.0,0.0,-0.0,324090,0.0,54.89390563964844,-0.8140826225280762,29.23076057434082,43.366188049316406,54.89390563964844,54.89390563964844,113,3.2233941880861243,1.0,0.11971595718533593,0.0,0.0,0.0,-0.7505727410316467,CityLearnV3MADRLRewardFunction,matd3_unified_comparable_v4,E2,-0.0,1907,13.663916933138553,1.0,0.1263674645541567,0.0,8759
13,2.23606797749979,1.0,0.23076923076923078,-1.0,Building_17,16,MATD3,0.7900000214576721,True,0.0,0.0,0.0,0.5324955582618713,36,8730,0.0,0.0,-0.0,324090,0.0,22.46647071838379,-0.7624126076698303,11.963295936584473,17.748512268066406,22.46647071838379,22.46647071838379,113,3.212997057217479,1.0,0.11923809085799529,0.0,0.0,0.0,-0.7505727410316467,CityLearnV3MADRLRewardFunction,matd3_unified_comparable_v4,E2,-0.0,1907,13.663916933138553,1.0,0.1263674645541567,0.0,8759
6,2.23606797749979,1.0,0.5,-1.0,Building_1,0,MATD3,0.7885640263557434,False,0.0,0.0,0.0,0.5324955582618713,37,0,0.0,0.0,-0.0,324120,-0.0,0.0,-0.6983810067176819,0.0,0.0,0.0,0.0,64,4.184763064598048,1.600000023841858,0.3346593616588507,0.0,0.0,0.0,-0.5914157032966614,CityLearnV3MADRLRewardFunction,matd3_unified_comparable_v4,E2,-0.0,1907,16.155594235095837,1.0,0.1793921203889108,0.0,30
8,2.0,1.0,0.25,-1.0,Building_2,1,MATD3,0.7885640263557434,False,0.0,0.0,0.0,0.5324955582618713,37,0,0.0,0.0,-0.0,324120,-0.0,0.0,-0.4590860605239868,0.0,0.0,0.0,0.0,78,3.2911230250615877,1.0,0.18289947559913763,0.0,0.0,0.0,-0.5914157032966614,CityLearnV3MADRLRewardFunction,matd3_unified_comparable_v4,E2,-0.0,1907,16.155594235095837,1.0,0.1793921203889108,0.0,30
10,2.449489742783178,1.0,0.0,-1.0,Building_3,2,MATD3,0.7885640263557434,False,0.0,0.0,0.0,0.5324955582618713,37,0,0.0,0.0,-0.0,324120,-0.0,0.0,-0.6941183805465698,0.0,0.0,0.0,0.0,92,4.500939429626575,1.840000033378601,0.26744861627483496,0.0,0.0,0.0,-0.5914157032966614,CityLearnV3MADRLRewardFunction,matd3_unified_comparable_v4,E2,-0.0,1907,16.155594235095837,1.0,0.1793921203889108,0.0,30
8,2.23606797749979,1.0,0.125,-1.0,Building_4,3,MATD3,0.7885640263557434,False,0.0,0.0,0.0,0.5324955582618713,37,0,0.0,0.0,-0.0,324120,-0.0,0.0,-0.6191427111625671,0.0,0.0,0.0,0.0,78,3.071454168466019,1.0,0.1691554550988934,0.0,0.0,0.0,-0.5914157032966614,CityLearnV3MADRLRewardFunction,matd3_unified_comparable_v4,E2,-0.0,1907,16.155594235095837,1.0,0.1793921203889108,0.0,30
5,1.7320508075688772,1.0,0.2,-1.0,Building_5,4,MATD3,0.7885640263557434,False,0.0,0.0,0.0,0.5324955582618713,37,0,0.0,0.0,-0.0,324120,-0.0,0.0,-0.6882566809654236,0.0,0.0,0.0,0.0,57,3.661323839239497,1.840000033378601,0.2764011719835955,0.0,0.0,0.0,-0.5914157032966614,CityLearnV3MADRLRewardFunction,matd3_unified_comparable_v4,E2,-0.0,1907,16.155594235095837,1.0,0.1793921203889108,0.0,30
34,3.872983346207417,1.0,0.2647058823529412,-1.0,Building_6,5,MATD3,0.7885640263557434,False,0.0,0.0,0.0,0.5324955582618713,37,0,0.0,0.0,-0.0,324120,-0.0,0.0,-0.6965504884719849,0.0,0.0,0.0,0.0,260,3.0599406051205134,1.0,0.051065247484411186,0.0,0.0,0.0,-0.5914157032966614,CityLearnV3MADRLRewardFunction,matd3_unified_comparable_v4,E2,-0.0,1907,16.155594235095837,1.0,0.1793921203889108,0.0,30
44,4.58257569495584,1.0,0.4772727272727273,0.0,Building_7,6,MATD3,0.7885640263557434,False,0.0,0.0,0.0,0.5324955582618713,37,0,0.0,0.0,-0.0,324120,-0.0,0.0,-0.4800337553024292,0.0,0.0,0.0,0.0,330,5.105657705459152,1.0,0.09893560623291485,0.0,0.0,0.0,-0.5914157032966614,CityLearnV3MADRLRewardFunction,matd3_unified_comparable_v4,E2,-0.0,1907,16.155594235095837,1.0,0.1793921203889108,0.0,30
19,3.3166247903554,1.0,0.15789473684210525,-1.0,Building_8,7,MATD3,0.7885640263557434,False,0.0,0.0,0.0,0.5324955582618713,37,0,0.0,0.0,-0.0,324120,-0.0,0.0,-0.4621462821960449,0.0,0.0,0.0,0.0,155,4.564688395672116,1.0,0.1718812276879626,0.0,0.0,0.0,-0.5914157032966614,CityLearnV3MADRLRewardFunction,matd3_unified_comparable_v4,E2,-0.0,1907,16.155594235095837,1.0,0.1793921203889108,0.0,30
12,2.6457513110645907,1.0,0.25,-1.0,Building_9,8,MATD3,0.7885640263557434,False,0.0,0.0,0.0,0.5324955582618713,37,0,0.0,0.0,-0.0,324120,-0.0,0.0,-0.47644320130348206,0.0,0.0,0.0,0.0,106,3.7198859069610664,1.840000033378601,0.15125204490954583,0.0,0.0,0.0,-0.5914157032966614,CityLearnV3MADRLRewardFunction,matd3_unified_comparable_v4,E2,-0.0,1907,16.155594235095837,1.0,0.1793921203889108,0.0,30
8,2.6457513110645907,1.0,0.375,-1.0,Building_10,9,MATD3,0.7885640263557434,False,0.0,0.0,0.0,0.5324955582618713,37,0,0.0,0.0,-0.0,324120,-0.0,0.0,-0.6603710055351257,0.0,0.0,0.0,0.0,78,3.5655621544251526,1.0,0.21474962511983436,0.0,0.0,0.0,-0.5914157032966614,CityLearnV3MADRLRewardFunction,matd3_unified_comparable_v4,E2,-0.0,1907,16.155594235095837,1.0,0.1793921203889108,0.0,30
5,1.7320508075688772,1.0,0.2,-1.0,Building_11,10,MATD3,0.7885640263557434,False,0.0,0.0,0.0,0.5324955582618713,37,0,0.0,0.0,-0.0,324120,-0.0,0.0,-0.6948887705802917,0.0,0.0,0.0,0.0,57,4.151654924758724,1.840000033378601,0.3556613952509667,0.0,0.0,0.0,-0.5914157032966614,CityLearnV3MADRLRewardFunction,matd3_unified_comparable_v4,E2,-0.0,1907,16.155594235095837,1.0,0.1793921203889108,0.0,30
5,1.7320508075688772,1.0,-0.2,-1.0,Building_12,11,MATD3,0.7885640263557434,False,0.0,0.0,0.0,0.5324955582618713,37,0,0.0,0.0,-0.0,324120,-0.0,0.0,-0.6960214376449585,0.0,0.0,0.0,0.0,57,3.9971997636287067,1.840000033378601,0.3276286218315363,0.0,0.0,0.0,-0.5914157032966614,CityLearnV3MADRLRewardFunction,matd3_unified_comparable_v4,E2,-0.0,1907,16.155594235095837,1.0,0.1793921203889108,0.0,30
13,2.6457513110645907,1.0,0.38461538461538464,-1.0,Building_13,12,MATD3,0.7885640263557434,False,0.0,0.0,0.0,0.5324955582618713,37,0,0.0,0.0,-0.0,324120,-0.0,0.0,-0.45523348450660706,0.0,0.0,0.0,0.0,113,3.739542047475206,1.0,0.1606487561412881,0.0,0.0,0.0,-0.5914157032966614,CityLearnV3MADRLRewardFunction,matd3_unified_comparable_v4,E2,-0.0,1907,16.155594235095837,1.0,0.1793921203889108,0.0,30
6,2.23606797749979,1.0,0.16666666666666666,-1.0,Building_14,13,MATD3,0.7885640263557434,False,0.0,0.0,0.0,0.5324955582618713,37,0,0.0,0.0,-0.0,324120,-0.0,0.0,-0.46867889165878296,0.0,0.0,0.0,0.0,64,3.9822800207853617,1.6799999475479126,0.2905690231418703,0.0,0.0,0.0,-0.5914157032966614,CityLearnV3MADRLRewardFunction,matd3_unified_comparable_v4,E2,-0.0,1907,16.155594235095837,1.0,0.1793921203889108,0.0,30
10,2.23606797749979,1.0,0.1,-1.0,Building_15,14,MATD3,0.7885640263557434,False,0.0,0.0,0.0,0.5324955582618713,37,0,0.0,0.0,-0.0,324120,-0.0,0.0,-0.47260719537734985,0.0,0.0,0.0,0.0,92,4.0567494000930235,1.0,0.2328779821122146,0.0,0.0,0.0,-0.5914157032966614,CityLearnV3MADRLRewardFunction,matd3_unified_comparable_v4,E2,-0.0,1907,16.155594235095837,1.0,0.1793921203889108,0.0,30
13,2.23606797749979,1.0,0.23076923076923078,-1.0,Building_16,15,MATD3,0.7885640263557434,False,0.0,0.0,0.0,0.5324955582618713,37,0,0.0,0.0,-0.0,324120,-0.0,0.0,-0.6904094219207764,0.0,0.0,0.0,0.0,113,4.92091782315832,1.600000023841858,0.256906213370704,0.0,0.0,0.0,-0.5914157032966614,CityLearnV3MADRLRewardFunction,matd3_unified_comparable_v4,E2,-0.0,1907,16.155594235095837,1.0,0.1793921203889108,0.0,30
13,2.23606797749979,1.0,0.23076923076923078,-1.0,Building_17,16,MATD3,0.7885640263557434,False,0.0,0.0,0.0,0.5324955582618713,37,0,0.0,0.0,-0.0,324120,-0.0,0.0,-0.6416980624198914,0.0,0.0,0.0,0.0,113,4.887059567473148,1.840000033378601,0.2566303007667307,0.0,0.0,0.0,-0.5914157032966614,CityLearnV3MADRLRewardFunction,matd3_unified_comparable_v4,E2,-0.0,1907,16.155594235095837,1.0,0.1793921203889108,0.0,30
6,2.23606797749979,1.0,0.5,-1.0,Building_1,0,MATD3,0.7900000214576721,True,0.0,0.0,0.0,0.5324955582618713,37,8729,0.0,0.0,-0.0,332849,0.0,446.8856201171875,-0.8184635043144226,237.96461486816406,353.0396423339844,446.8856201171875,446.8856201171875,64,3.363412979817655,1.0,0.23457947955466807,0.0,0.0,0.0,-0.7487137317657471,CityLearnV3MADRLRewardFunction,matd3_unified_comparable_v4,E2,-0.0,1907,14.361072188691981,1.0,0.13936103125970653,0.0,8759
8,2.0,1.0,0.25,-1.0,Building_2,1,MATD3,0.7900000214576721,True,-7.45059693940675e-08,0.0,0.0,0.5324955582618713,37,8729,0.0,0.0,-0.0,332849,0.0,5.618855953216553,-0.6265682578086853,2.992015838623047,4.438896179199219,5.618855953216553,5.618855953216553,78,3.5967874580055867,1.0,0.20523377832693931,0.0,0.0,0.0,-0.7487137317657471,CityLearnV3MADRLRewardFunction,matd3_unified_comparable_v4,E2,-0.0,1907,14.361072188691981,1.0,0.13936103125970653,0.0,8759
10,2.449489742783178,1.0,0.0,-1.0,Building_3,2,MATD3,0.7900000214576721,True,0.0,0.0,0.0,0.5324955582618713,37,8729,0.0,0.0,-0.0,332849,0.0,98.17061614990234,-0.8158705830574036,52.27541732788086,77.5547866821289,98.17061614990234,98.17061614990234,92,3.3819518729175577,1.0,0.16205699093963788,0.0,0.0,0.0,-0.7487137317657471,CityLearnV3MADRLRewardFunction,matd3_unified_comparable_v4,E2,-0.0,1907,14.361072188691981,1.0,0.13936103125970653,0.0,8759
8,2.23606797749979,1.0,0.125,-1.0,Building_4,3,MATD3,0.7900000214576721,True,0.0,0.0,0.0,0.5324955582618713,37,8729,0.0,0.0,-0.0,332849,0.0,28.84416961669922,-0.7841199040412903,15.359392166137695,22.786893844604492,28.84416961669922,28.84416961669922,78,3.365757821671856,1.0,0.19006271679431963,0.0,0.0,0.0,-0.7487137317657471,CityLearnV3MADRLRewardFunction,matd3_unified_comparable_v4,E2,-0.0,1907,14.361072188691981,1.0,0.13936103125970653,0.0,8759
5,1.7320508075688772,1.0,0.2,-1.0,Building_5,4,MATD3,0.7900000214576721,True,0.0,0.0,0.0,0.5324955582618713,37,8729,0.0,0.0,-0.0,332849,0.0,43.92958068847656,-0.8747105598449707,23.39230728149414,34.704368591308594,43.92958068847656,37.89287567138672,57,3.687173301001371,1.0,0.31158173084259033,0.0,0.0,0.0,-0.7487137317657471,CityLearnV3MADRLRewardFunction,matd3_unified_comparable_v4,E2,-0.0,1907,14.361072188691981,1.0,0.13936103125970653,0.0,8759
34,3.872983346207417,1.0,0.2647058823529412,-1.0,Building_6,5,MATD3,0.7900000214576721,True,0.0,0.0,0.0,0.5324955582618713,37,8729,0.0,0.0,-0.0,332849,0.0,350.8894348144531,-0.8179716467857361,186.84706115722656,277.2026672363281,350.8894348144531,350.8894348144531,260,3.3609150752866683,1.0,0.05693318809454258,0.0,0.0,0.0,-0.7487137317657471,CityLearnV3MADRLRewardFunction,matd3_unified_comparable_v4,E2,-0.0,1907,14.361072188691981,1.0,0.13936103125970653,0.0,8759
44,4.58257569495584,1.0,0.4772727272727273,0.0,Building_7,6,MATD3,0.7900000214576721,True,2.119661439792253e-05,0.0,0.0,0.5324955582618713,37,8729,0.0,0.0,-0.0,332849,0.0,18.660245895385742,-0.7416777610778809,9.936497688293457,14.741594314575195,18.660245895385742,18.66022491455078,330,3.5839483164279073,1.0,0.04892784004861658,0.0,0.0,0.0,-0.7487137317657471,CityLearnV3MADRLRewardFunction,matd3_unified_comparable_v4,E2,-0.0,1907,14.361072188691981,1.0,0.13936103125970653,0.0,8759
19,3.3166247903554,1.0,0.15789473684210525,-1.0,Building_8,7,MATD3,0.7900000214576721,True,0.0,0.0,0.0,0.5324955582618713,37,8729,0.0,0.0,-0.0,332849,0.0,19.251495361328125,-0.7443487644195557,10.251336097717285,15.2086820602417,19.251495361328125,19.251495361328125,155,3.5885433590282907,1.0,0.10431925356388091,0.0,0.0,0.0,-0.7487137317657471,CityLearnV3MADRLRewardFunction,matd3_unified_comparable_v4,E2,-0.0,1907,14.361072188691981,1.0,0.13936103125970653,0.0,8759
12,2.6457513110645907,1.0,0.25,-1.0,Building_9,8,MATD3,0.7900000214576721,True,0.0,0.0,0.0,0.5324955582618713,37,8729,0.0,0.0,-0.0,332849,0.0,2.4506425857543945,-0.5719951391220093,1.304956316947937,1.9360077381134033,2.4506425857543945,2.4506425857543945,106,3.69422321994266,1.0,0.16635122839009986,0.0,0.0,0.0,-0.7487137317657471,CityLearnV3MADRLRewardFunction,matd3_unified_comparable_v4,E2,-0.0,1907,14.361072188691981,1.0,0.13936103125970653,0.0,8759
8,2.6457513110645907,1.0,0.125,-1.0,Building_10,9,MATD3,0.7900000214576721,True,0.0,0.0,0.0,0.5324955582618713,37,8729,0.0,0.0,-0.0,332849,0.0,34.33414077758789,-0.7963172793388367,18.282777786254883,27.123971939086914,34.33414077758789,34.33414077758789,78,3.4152381754605834,1.0,0.19365128769706458,0.0,0.0,0.0,-0.7487137317657471,CityLearnV3MADRLRewardFunction,matd3_unified_comparable_v4,E2,-0.0,1907,14.361072188691981,1.0,0.13936103125970653,0.0,8759
5,1.7320508075688772,1.0,0.2,-1.0,Building_11,10,MATD3,0.7900000214576721,True,0.0,0.0,0.0,0.5324955582618713,37,8729,0.0,0.0,-0.0,332849,0.0,57.917564392089844,-0.813392162322998,30.840845108032227,45.754878997802734,57.917564392089844,57.917564392089844,57,3.4269249047087063,1.0,0.2646699521625251,0.0,0.0,0.0,-0.7487137317657471,CityLearnV3MADRLRewardFunction,matd3_unified_comparable_v4,E2,-0.0,1907,14.361072188691981,1.0,0.13936103125970653,0.0,8759
5,1.7320508075688772,1.0,-0.2,-1.0,Building_12,11,MATD3,0.7900000214576721,True,0.0,0.0,0.0,0.5324955582618713,37,8729,0.0,0.0,-0.0,332849,0.0,182.6020965576172,-0.8167563080787659,97.23480224609375,144.2556610107422,182.6020965576172,182.6020965576172,57,3.38220839408873,1.0,0.2615112162995757,0.0,0.0,0.0,-0.7487137317657471,CityLearnV3MADRLRewardFunction,matd3_unified_comparable_v4,E2,-0.0,1907,14.361072188691981,1.0,0.13936103125970653,0.0,8759
13,2.6457513110645907,1.0,0.38461538461538464,-1.0,Building_13,12,MATD3,0.7900000214576721,True,-3.940150236303452e-06,0.0,0.0,0.5324955582618713,37,8729,0.0,0.0,-0.0,332849,0.0,2.789363384246826,-0.5935454368591309,1.4853236675262451,2.203597068786621,2.789363384246826,2.789367437362671,113,3.5803868130996173,1.0,0.14118063555354565,0.0,0.0,0.0,-0.7487137317657471,CityLearnV3MADRLRewardFunction,matd3_unified_comparable_v4,E2,-0.0,1907,14.361072188691981,1.0,0.13936103125970653,0.0,8759
6,2.23606797749979,1.0,0.16666666666666666,-1.0,Building_14,13,MATD3,0.7900000214576721,True,0.0,0.0,0.0,0.5324955582618713,37,8729,0.0,0.0,-0.0,332849,0.0,2.485826015472412,-0.5898009538650513,1.3236913681030273,1.9638025760650635,2.485826015472412,2.485826015472412,64,3.418981692118897,1.0,0.23510858113877475,0.0,0.0,0.0,-0.7487137317657471,CityLearnV3MADRLRewardFunction,matd3_unified_comparable_v4,E2,-0.0,1907,14.361072188691981,1.0,0.13936103125970653,0.0,8759
10,2.23606797749979,1.0,0.1,-1.0,Building_15,14,MATD3,0.7900000214576721,True,0.0,0.0,0.0,0.5324955582618713,37,8729,0.0,0.0,-0.0,332849,0.0,20.5941162109375,-0.7517697811126709,10.966275215148926,16.269351959228516,20.5941162109375,20.5941162109375,92,3.5109822890869915,1.0,0.17171372230286183,0.0,0.0,0.0,-0.7487137317657471,CityLearnV3MADRLRewardFunction,matd3_unified_comparable_v4,E2,-0.0,1907,14.361072188691981,1.0,0.13936103125970653,0.0,8759
13,2.23606797749979,1.0,0.23076923076923078,-1.0,Building_16,15,MATD3,0.7900000214576721,True,0.0,0.0,0.0,0.5324955582618713,37,8729,0.0,0.0,-0.0,332849,0.0,103.13050842285156,-0.8159402012825012,54.91653823852539,81.47310638427734,103.13050842285156,103.13050842285156,113,3.4178754577396515,1.0,0.13568326870424557,0.0,0.0,0.0,-0.7487137317657471,CityLearnV3MADRLRewardFunction,matd3_unified_comparable_v4,E2,-0.0,1907,14.361072188691981,1.0,0.13936103125970653,0.0,8759
13,2.23606797749979,1.0,0.23076923076923078,-1.0,Building_17,16,MATD3,0.7900000214576721,True,0.0,0.0,0.0,0.5324955582618713,37,8729,0.0,0.0,-0.0,332849,0.0,21.1981143951416,-0.7548854351043701,11.287901878356934,16.746511459350586,21.1981143951416,21.1981143951416,113,3.40587103762136,1.0,0.13510602633510016,0.0,0.0,0.0,-0.7487137317657471,CityLearnV3MADRLRewardFunction,matd3_unified_comparable_v4,E2,-0.0,1907,14.361072188691981,1.0,0.13936103125970653,0.0,8759
6,2.23606797749979,1.0,0.5,-1.0,Building_1,0,MATD3,0.7676349878311157,False,0.0,0.0,0.0,0.5324955582618713,38,0,0.0,0.0,-0.0,332880,-0.0,0.0,-0.7209043502807617,0.0,0.0,0.0,0.0,64,4.8005959364956725,1.600000023841858,0.47203058475861326,0.0,0.0,0.0,-0.6179183125495911,CityLearnV3MADRLRewardFunction,matd3_unified_comparable_v4,E2,-0.0,1907,19.477458951269217,1.0,0.2692038520270061,0.0,31
8,2.0,1.0,0.25,-1.0,Building_2,1,MATD3,0.7676349878311157,False,0.0,0.0,0.0,0.5324955582618713,38,0,0.0,0.0,-0.0,332880,-0.0,0.0,-0.4721798896789551,0.0,0.0,0.0,0.0,78,4.049272300776775,1.600000023841858,0.25503940565081745,0.0,0.0,0.0,-0.6179183125495911,CityLearnV3MADRLRewardFunction,matd3_unified_comparable_v4,E2,-0.0,1907,19.477458951269217,1.0,0.2692038520270061,0.0,31
10,2.449489742783178,1.0,0.0,-1.0,Building_3,2,MATD3,0.7676349878311157,False,0.0,0.0,0.0,0.5324955582618713,38,0,0.0,0.0,-0.0,332880,-0.0,0.0,-0.6763062477111816,0.0,0.0,0.0,0.0,92,4.637276728358662,1.840000033378601,0.2924671425362644,0.0,0.0,0.0,-0.6179183125495911,CityLearnV3MADRLRewardFunction,matd3_unified_comparable_v4,E2,-0.0,1907,19.477458951269217,1.0,0.2692038520270061,0.0,31
8,2.23606797749979,1.0,0.125,-1.0,Building_4,3,MATD3,0.7676349878311157,False,0.0,0.0,0.0,0.5324955582618713,38,0,0.0,0.0,-0.0,332880,-0.0,0.0,-0.6541237235069275,0.0,0.0,0.0,0.0,78,3.489152839637691,1.0,0.22337981595251805,0.0,0.0,0.0,-0.6179183125495911,CityLearnV3MADRLRewardFunction,matd3_unified_comparable_v4,E2,-0.0,1907,19.477458951269217,1.0,0.2692038520270061,0.0,31
5,1.7320508075688772,1.0,0.2,-1.0,Building_5,4,MATD3,0.7676349878311157,False,0.0,0.0,0.0,0.5324955582618713,38,0,0.0,0.0,-0.0,332880,-0.0,0.0,-0.7144080400466919,0.0,0.0,0.0,0.0,57,4.006392477181693,1.840000033378601,0.34950694569239493,0.0,0.0,0.0,-0.6179183125495911,CityLearnV3MADRLRewardFunction,matd3_unified_comparable_v4,E2,-0.0,1907,19.477458951269217,1.0,0.2692038520270061,0.0,31
34,3.872983346207417,1.0,0.2647058823529412,-1.0,Building_6,5,MATD3,0.7676349878311157,False,0.0,0.0,0.0,0.5324955582618713,38,0,0.0,0.0,-0.0,332880,-0.0,0.0,-0.7184186577796936,0.0,0.0,0.0,0.0,260,3.306298991815313,0.9829629063606262,0.061416896189061494,0.0,0.0,0.0,-0.6179183125495911,CityLearnV3MADRLRewardFunction,matd3_unified_comparable_v4,E2,-0.0,1907,19.477458951269217,1.0,0.2692038520270061,0.0,31
44,4.58257569495584,1.0,0.4772727272727273,0.0,Building_7,6,MATD3,0.7676349878311157,False,0.0,0.0,0.0,0.5324955582618713,38,0,0.0,0.0,-0.0,332880,-0.0,0.0,-0.5087438821792603,0.0,0.0,0.0,0.0,330,7.374602285339014,1.6799999475479126,0.209141907942566,0.0,0.0,0.0,-0.6179183125495911,CityLearnV3MADRLRewardFunction,matd3_unified_comparable_v4,E2,-0.0,1907,19.477458951269217,1.0,0.2692038520270061,0.0,31
19,3.3166247903554,1.0,0.15789473684210525,-1.0,Building_8,7,MATD3,0.7676349878311157,False,0.0,0.0,0.0,0.5324955582618713,38,0,0.0,0.0,-0.0,332880,-0.0,0.0,-0.5085679888725281,0.0,0.0,0.0,0.0,155,6.198665071499302,1.559999942779541,0.3179025223899272,0.0,0.0,0.0,-0.6179183125495911,CityLearnV3MADRLRewardFunction,matd3_unified_comparable_v4,E2,-0.0,1907,19.477458951269217,1.0,0.2692038520270061,0.0,31
12,2.6457513110645907,1.0,0.25,-1.0,Building_9,8,MATD3,0.7676349878311157,False,0.0,0.0,0.0,0.5324955582618713,38,0,0.0,0.0,-0.0,332880,-0.0,0.0,-0.500741183757782,0.0,0.0,0.0,0.0,106,3.924353189149992,1.840000033378601,0.17774320671440297,0.0,0.0,0.0,-0.6179183125495911,CityLearnV3MADRLRewardFunction,matd3_unified_comparable_v4,E2,-0.0,1907,19.477458951269217,1.0,0.2692038520270061,0.0,31
8,2.6457513110645907,1.0,0.125,-1.0,Building_10,9,MATD3,0.7676349878311157,False,0.0,0.0,0.0,0.5324955582618713,38,0,0.0,0.0,-0.0,332880,-0.0,0.0,-0.7035346031188965,0.0,0.0,0.0,0.0,78,4.879180105873807,1.600000023841858,0.3835421997385147,0.0,0.0,0.0,-0.6179183125495911,CityLearnV3MADRLRewardFunction,matd3_unified_comparable_v4,E2,-0.0,1907,19.477458951269217,1.0,0.2692038520270061,0.0,31
5,1.7320508075688772,1.0,0.2,-1.0,Building_11,10,MATD3,0.7676349878311157,False,0.0,0.0,0.0,0.5324955582618713,38,0,0.0,0.0,-0.0,332880,-0.0,0.0,-0.7281494736671448,0.0,0.0,0.0,0.0,57,4.574555725717169,1.840000033378601,0.4548166743888144,0.0,0.0,0.0,-0.6179183125495911,CityLearnV3MADRLRewardFunction,matd3_unified_comparable_v4,E2,-0.0,1907,19.477458951269217,1.0,0.2692038520270061,0.0,31
5,1.7320508075688772,1.0,-0.2,-1.0,Building_12,11,MATD3,0.7676349878311157,False,0.0,0.0,0.0,0.5324955582618713,38,0,0.0,0.0,-0.0,332880,-0.0,0.0,-0.7187472581863403,0.0,0.0,0.0,0.0,57,4.520759836263402,1.840000033378601,0.4512542312997475,0.0,0.0,0.0,-0.6179183125495911,CityLearnV3MADRLRewardFunction,matd3_unified_comparable_v4,E2,-0.0,1907,19.477458951269217,1.0,0.2692038520270061,0.0,31
13,2.6457513110645907,1.0,0.38461538461538464,-1.0,Building_13,12,MATD3,0.7676349878311157,False,0.0,0.0,0.0,0.5324955582618713,38,0,0.0,0.0,-0.0,332880,-0.0,0.0,-0.490903377532959,0.0,0.0,0.0,0.0,113,4.959734299016849,1.6799999475479126,0.26846259275237017,0.0,0.0,0.0,-0.6179183125495911,CityLearnV3MADRLRewardFunction,matd3_unified_comparable_v4,E2,-0.0,1907,19.477458951269217,1.0,0.2692038520270061,0.0,31
6,2.23606797749979,1.0,0.16666666666666666,-1.0,Building_14,13,MATD3,0.7676349878311157,False,0.0,0.0,0.0,0.5324955582618713,38,0,0.0,0.0,-0.0,332880,-0.0,0.0,-0.5026907324790955,0.0,0.0,0.0,0.0,64,4.41652641248742,1.6799999475479126,0.38096030737506226,0.0,0.0,0.0,-0.6179183125495911,CityLearnV3MADRLRewardFunction,matd3_unified_comparable_v4,E2,-0.0,1907,19.477458951269217,1.0,0.2692038520270061,0.0,31
10,2.23606797749979,1.0,0.1,-1.0,Building_15,14,MATD3,0.7676349878311157,False,0.0,0.0,0.0,0.5324955582618713,38,0,0.0,0.0,-0.0,332880,-0.0,0.0,-0.5113710165023804,0.0,0.0,0.0,0.0,92,5.3148162128615795,1.559999942779541,0.3952357208194292,0.0,0.0,0.0,-0.6179183125495911,CityLearnV3MADRLRewardFunction,matd3_unified_comparable_v4,E2,-0.0,1907,19.477458951269217,1.0,0.2692038520270061,0.0,31
13,2.23606797749979,1.0,0.23076923076923078,-1.0,Building_16,15,MATD3,0.7676349878311157,False,0.0,0.0,0.0,0.5324955582618713,38,0,0.0,0.0,-0.0,332880,-0.0,0.0,-0.714637815952301,0.0,0.0,0.0,0.0,113,6.046617846538013,1.600000023841858,0.4147885469142842,0.0,0.0,0.0,-0.6179183125495911,CityLearnV3MADRLRewardFunction,matd3_unified_comparable_v4,E2,-0.0,1907,19.477458951269217,1.0,0.2692038520270061,0.0,31
13,2.23606797749979,1.0,0.23076923076923078,-1.0,Building_17,16,MATD3,0.7676349878311157,False,0.0,0.0,0.0,0.5324955582618713,38,0,0.0,0.0,-0.0,332880,-0.0,0.0,-0.6601828932762146,0.0,0.0,0.0,0.0,113,5.595216758083938,1.840000033378601,0.3486943759551618,0.0,0.0,0.0,-0.6179183125495911,CityLearnV3MADRLRewardFunction,matd3_unified_comparable_v4,E2,-0.0,1907,19.477458951269217,1.0,0.2692038520270061,0.0,31
6,2.23606797749979,1.0,0.5,-1.0,Building_1,0,MATD3,0.7900000214576721,True,0.0,0.0,0.0,0.5324955582618713,38,8728,0.0,0.0,-0.0,341608,0.0,391.586669921875,-0.7375485897064209,208.51815795898438,309.3534851074219,391.586669921875,391.586669921875,64,3.293957432767496,1.0,0.22063545673154294,0.0,0.0,0.0,-0.6337888836860657,CityLearnV3MADRLRewardFunction,matd3_unified_comparable_v4,E2,-0.0,1907,13.969082481655668,1.0,0.13049064611788502,0.0,8759
8,2.0,1.0,0.25,-1.0,Building_2,1,MATD3,0.7900000214576721,True,-7.45059693940675e-08,0.0,0.0,0.5324955582618713,38,8728,0.0,0.0,-0.0,341608,0.0,0.18486037850379944,-0.4814097583293915,0.09843733161687851,0.1460397094488144,0.18486037850379944,0.1848604530096054,78,3.520597752596835,1.0,0.19391298790772757,0.0,0.0,0.0,-0.6337888836860657,CityLearnV3MADRLRewardFunction,matd3_unified_comparable_v4,E2,-0.0,1907,13.969082481655668,1.0,0.13049064611788502,0.0,8759
10,2.449489742783178,1.0,0.0,-1.0,Building_3,2,MATD3,0.7900000214576721,True,0.0,0.0,0.0,0.5324955582618713,38,8728,0.0,0.0,-0.0,341608,0.0,39.0087890625,-0.7223031520843506,20.77200698852539,30.816944122314453,39.0087890625,39.0087890625,92,3.2643349760543376,1.0,0.15071380041215732,0.0,0.0,0.0,-0.6337888836860657,CityLearnV3MADRLRewardFunction,matd3_unified_comparable_v4,E2,-0.0,1907,13.969082481655668,1.0,0.13049064611788502,0.0,8759
8,2.23606797749979,1.0,0.125,-1.0,Building_4,3,MATD3,0.7900000214576721,True,0.0,0.0,0.0,0.5324955582618713,38,8728,0.0,0.0,-0.0,341608,0.0,36.67196273803711,-0.7193083763122559,19.52765655517578,28.97085189819336,36.67196273803711,36.67196273803711,78,3.2650679327162457,1.0,0.1776794059536396,0.0,0.0,0.0,-0.6337888836860657,CityLearnV3MADRLRewardFunction,matd3_unified_comparable_v4,E2,-0.0,1907,13.969082481655668,1.0,0.13049064611788502,0.0,8759
5,1.7320508075688772,1.0,0.2,-1.0,Building_5,4,MATD3,0.7900000214576721,True,0.0,0.0,0.0,0.5324955582618713,38,8728,0.0,0.0,-0.0,341608,0.0,60.26204299926758,-0.8003223538398743,32.089271545410156,47.60701370239258,60.26204299926758,54.225337982177734,57,3.569266383478027,1.0,0.29216772161032023,0.0,0.0,0.0,-0.6337888836860657,CityLearnV3MADRLRewardFunction,matd3_unified_comparable_v4,E2,-0.0,1907,13.969082481655668,1.0,0.13049064611788502,0.0,8759
34,3.7416573867739413,1.0,0.23529411764705882,-1.0,Building_6,5,MATD3,0.7900000214576721,True,0.0,0.0,0.0,0.5324955582618713,38,8728,0.0,0.0,-0.0,341608,0.0,348.8946838378906,-0.7372884154319763,185.7848663330078,275.6268005371094,348.8946838378906,348.8946838378906,260,3.2554705069875767,1.0,0.05311486892975294,0.0,0.0,0.0,-0.6337888836860657,CityLearnV3MADRLRewardFunction,matd3_unified_comparable_v4,E2,-0.0,1907,13.969082481655668,1.0,0.13049064611788502,0.0,8759
44,4.543794636359525,1.0,0.4728132865645669,0.0,Building_7,6,MATD3,0.7900000214576721,True,2.119661439792253e-05,0.0,0.0,0.5324955582618713,38,8728,0.0,0.0,-0.0,341608,0.0,2.9801065921783447,-0.5151494145393372,1.5868935585021973,2.3542842864990234,2.9801065921783447,2.9800853729248047,330,3.5021767049131327,1.0,0.04573751243226456,0.0,0.0,0.0,-0.6337888836860657,CityLearnV3MADRLRewardFunction,matd3_unified_comparable_v4,E2,-0.0,1907,13.969082481655668,1.0,0.13049064611788502,0.0,8759
19,3.3166247903554,1.0,0.15789473684210525,-1.0,Building_8,7,MATD3,0.7900000214576721,True,0.0,0.0,0.0,0.5324955582618713,38,8728,0.0,0.0,-0.0,341608,0.0,6.19936990737915,-0.5521493554115295,3.3011369705200195,4.897502422332764,6.19936990737915,6.19936990737915,155,3.3962261274741334,1.0,0.09467931918559536,0.0,0.0,0.0,-0.6337888836860657,CityLearnV3MADRLRewardFunction,matd3_unified_comparable_v4,E2,-0.0,1907,13.969082481655668,1.0,0.13049064611788502,0.0,8759
12,2.6457513110645907,1.0,0.25,-1.0,Building_9,8,MATD3,0.7900000214576721,True,0.0,0.0,0.0,0.5324955582618713,38,8728,0.0,0.0,-0.0,341608,0.0,2.1350696086883545,-0.4875463545322418,1.1369150876998901,1.6867049932479858,2.1350696086883545,2.1350696086883545,106,3.5815197403337824,1.0,0.15437126440821952,0.0,0.0,0.0,-0.6337888836860657,CityLearnV3MADRLRewardFunction,matd3_unified_comparable_v4,E2,-0.0,1907,13.969082481655668,1.0,0.13049064611788502,0.0,8759
8,2.6457513110645907,1.0,0.125,-1.0,Building_10,9,MATD3,0.7900000214576721,True,0.0,0.0,0.0,0.5324955582618713,38,8728,0.0,0.0,-0.0,341608,0.0,16.451881408691406,-0.6458683609962463,8.760553359985352,12.996986389160156,16.451881408691406,16.451881408691406,78,3.3327389865154204,1.0,0.18202073919849518,0.0,0.0,0.0,-0.6337888836860657,CityLearnV3MADRLRewardFunction,matd3_unified_comparable_v4,E2,-0.0,1907,13.969082481655668,1.0,0.13049064611788502,0.0,8759
5,1.7320508075688772,1.0,0.2,-1.0,Building_11,10,MATD3,0.7900000214576721,True,0.0,0.0,0.0,0.5324955582618713,38,8728,0.0,0.0,-0.0,341608,0.0,66.45198059082031,-0.7339707016944885,35.38538360595703,52.497066497802734,66.45198059082031,66.45198059082031,57,3.3370684326624835,1.0,0.24824231287889315,0.0,0.0,0.0,-0.6337888836860657,CityLearnV3MADRLRewardFunction,matd3_unified_comparable_v4,E2,-0.0,1907,13.969082481655668,1.0,0.13049064611788502,0.0,8759
5,1.7320508075688772,1.0,-0.2,-1.0,Building_12,11,MATD3,0.7900000214576721,True,0.0,0.0,0.0,0.5324955582618713,38,8728,0.0,0.0,-0.0,341608,0.0,155.388671875,-0.7358269691467285,82.7437744140625,122.7570571899414,155.388671875,155.388671875,57,3.2986450553893563,1.0,0.24877953738497013,0.0,0.0,0.0,-0.6337888836860657,CityLearnV3MADRLRewardFunction,matd3_unified_comparable_v4,E2,-0.0,1907,13.969082481655668,1.0,0.13049064611788502,0.0,8759
13,2.6457513110645907,1.0,0.38461538461538464,-1.0,Building_13,12,MATD3,0.7900000214576721,True,-3.940150236303452e-06,0.0,0.0,0.5324955582618713,38,8728,0.0,0.0,-0.0,341608,0.0,0.10476967692375183,-0.480436235666275,0.055789388716220856,0.0827680453658104,0.10476967692375183,0.1047736182808876,113,3.5034903058070705,1.0,0.13320528907058513,0.0,0.0,0.0,-0.6337888836860657,CityLearnV3MADRLRewardFunction,matd3_unified_comparable_v4,E2,-0.0,1907,13.969082481655668,1.0,0.13049064611788502,0.0,8759
6,2.23606797749979,1.0,0.16666666666666666,-1.0,Building_14,13,MATD3,0.7900000214576721,True,0.0,0.0,0.0,0.5324955582618713,38,8728,0.0,0.0,-0.0,341608,0.0,1.3521205186843872,-0.4955154359340668,0.7199981808662415,1.068175196647644,1.3521205186843872,1.3521205186843872,64,3.3627989173264545,1.0,0.22267394256778061,0.0,0.0,0.0,-0.6337888836860657,CityLearnV3MADRLRewardFunction,matd3_unified_comparable_v4,E2,-0.0,1907,13.969082481655668,1.0,0.13049064611788502,0.0,8759
10,2.23606797749979,1.0,0.1,-1.0,Building_15,14,MATD3,0.7900000214576721,True,0.0,0.0,0.0,0.5324955582618713,38,8728,0.0,0.0,-0.0,341608,0.0,15.147623062133789,-0.6364359855651855,8.066041946411133,11.966622352600098,15.147623062133789,15.147623062133789,92,3.4062206102198083,1.0,0.16028831105517305,0.0,0.0,0.0,-0.6337888836860657,CityLearnV3MADRLRewardFunction,matd3_unified_comparable_v4,E2,-0.0,1907,13.969082481655668,1.0,0.13049064611788502,0.0,8759
13,2.23606797749979,1.0,0.23076923076923078,-1.0,Building_16,15,MATD3,0.7900000214576721,True,0.0,0.0,0.0,0.5324955582618713,38,8728,0.0,0.0,-0.0,341608,0.0,11.957420349121094,-0.610214114189148,6.367273330688477,9.446362495422363,11.957420349121094,11.957420349121094,113,3.329471900994795,1.0,0.1249398920124611,0.0,0.0,0.0,-0.6337888836860657,CityLearnV3MADRLRewardFunction,matd3_unified_comparable_v4,E2,-0.0,1907,13.969082481655668,1.0,0.13049064611788502,0.0,8759
13,2.23606797749979,1.0,0.23076923076923078,-1.0,Building_17,16,MATD3,0.7900000214576721,True,0.0,0.0,0.0,0.5324955582618713,38,8728,0.0,0.0,-0.0,341608,0.0,23.087642669677734,-0.6831178069114685,12.2940673828125,18.239238739013672,23.087642669677734,23.087642669677734,113,3.3488064918118936,1.0,0.129059622773027,0.0,0.0,0.0,-0.6337888836860657,CityLearnV3MADRLRewardFunction,matd3_unified_comparable_v4,E2,-0.0,1907,13.969082481655668,1.0,0.13049064611788502,0.0,8759
6,2.23606797749979,1.0,0.5,-1.0,Building_1,0,MATD3,0.7312300205230713,False,0.0,0.0,0.0,0.5324955582618713,39,0,0.0,0.0,-0.0,341640,-0.0,0.0,-0.9419326782226562,0.0,0.0,0.0,0.0,64,4.8608400920580594,1.600000023841858,0.48734564741607755,0.0,0.0,0.0,-0.8712729215621948,CityLearnV3MADRLRewardFunction,matd3_unified_comparable_v4,E2,-0.0,1907,20.414120270403515,1.0,0.3002544374727851,0.0,32
8,2.0,1.0,0.25,-1.0,Building_2,1,MATD3,0.7312300205230713,False,0.0,0.0,0.0,0.5324955582618713,39,0,0.0,0.0,-0.0,341640,-0.0,0.0,-0.8591238260269165,0.0,0.0,0.0,0.0,78,3.9470754805090453,1.600000023841858,0.25429400687034315,0.0,0.0,0.0,-0.8712729215621948,CityLearnV3MADRLRewardFunction,matd3_unified_comparable_v4,E2,-0.0,1907,20.414120270403515,1.0,0.3002544374727851,0.0,32
10,2.449489742783178,1.0,0.0,-1.0,Building_3,2,MATD3,0.7312300205230713,False,0.0,0.0,0.0,0.5324955582618713,39,0,0.0,0.0,-0.0,341640,-0.0,0.0,-0.9623775482177734,0.0,0.0,0.0,0.0,92,4.450909933281273,1.840000033378601,0.27887382244934206,0.0,0.0,0.0,-0.8712729215621948,CityLearnV3MADRLRewardFunction,matd3_unified_comparable_v4,E2,-0.0,1907,20.414120270403515,1.0,0.3002544374727851,0.0,32
8,2.23606797749979,1.0,0.125,-1.0,Building_4,3,MATD3,0.7312300205230713,False,0.0,0.0,0.0,0.5324955582618713,39,0,0.0,0.0,-0.0,341640,-0.0,0.0,-0.8861930966377258,0.0,0.0,0.0,0.0,78,3.521663750342195,1.0,0.2429340539070276,0.0,0.0,0.0,-0.8712729215621948,CityLearnV3MADRLRewardFunction,matd3_unified_comparable_v4,E2,-0.0,1907,20.414120270403515,1.0,0.3002544374727851,0.0,32
5,1.7320508075688772,1.0,0.2,-1.0,Building_5,4,MATD3,0.7312300205230713,False,0.0,0.0,0.0,0.5324955582618713,39,0,0.0,0.0,-0.0,341640,-0.0,0.0,-0.9010183215141296,0.0,0.0,0.0,0.0,57,4.037917682412414,1.840000033378601,0.3726594641543271,0.0,0.0,0.0,-0.8712729215621948,CityLearnV3MADRLRewardFunction,matd3_unified_comparable_v4,E2,-0.0,1907,20.414120270403515,1.0,0.3002544374727851,0.0,32
34,3.7416573867739413,1.0,0.23529411764705882,-1.0,Building_6,5,MATD3,0.7312300205230713,False,0.0,0.0,0.0,0.5324955582618713,39,0,0.0,0.0,-0.0,341640,-0.0,0.0,-0.9038087129592896,0.0,0.0,0.0,0.0,260,3.1929028666093857,1.0,0.062410278503711406,0.0,0.0,0.0,-0.8712729215621948,CityLearnV3MADRLRewardFunction,matd3_unified_comparable_v4,E2,-0.0,1907,20.414120270403515,1.0,0.3002544374727851,0.0,32
44,4.514256350997495,1.0,0.468527999791232,0.0,Building_7,6,MATD3,0.7312300205230713,False,0.0,0.0,0.0,0.5324955582618713,39,0,0.0,0.0,-0.0,341640,-0.0,0.0,-0.9244996905326843,0.0,0.0,0.0,0.0,330,8.578318054256762,1.6799999475479126,0.2814317778765337,0.0,0.0,0.0,-0.8712729215621948,CityLearnV3MADRLRewardFunction,matd3_unified_comparable_v4,E2,-0.0,1907,20.414120270403515,1.0,0.3002544374727851,0.0,32
19,3.3166247903554,1.0,0.15789473684210525,-1.0,Building_8,7,MATD3,0.7312300205230713,False,0.0,0.0,0.0,0.5324955582618713,39,0,0.0,0.0,-0.0,341640,-0.0,0.0,-0.9015374183654785,0.0,0.0,0.0,0.0,155,6.427530342256562,1.559999942779541,0.34187597569919403,0.0,0.0,0.0,-0.8712729215621948,CityLearnV3MADRLRewardFunction,matd3_unified_comparable_v4,E2,-0.0,1907,20.414120270403515,1.0,0.3002544374727851,0.0,32
12,2.6457513110645907,1.0,0.25,-1.0,Building_9,8,MATD3,0.7312300205230713,False,0.0,0.0,0.0,0.5324955582618713,39,0,0.0,0.0,-0.0,341640,-0.0,0.0,-0.7084414958953857,0.0,0.0,0.0,0.0,106,3.8514490195283635,1.840000033378601,0.17843157994859624,0.0,0.0,0.0,-0.8712729215621948,CityLearnV3MADRLRewardFunction,matd3_unified_comparable_v4,E2,-0.0,1907,20.414120270403515,1.0,0.3002544374727851,0.0,32
8,2.6457513110645907,1.0,0.125,-1.0,Building_10,9,MATD3,0.7312300205230713,False,0.0,0.0,0.0,0.5324955582618713,39,0,0.0,0.0,-0.0,341640,-0.0,0.0,-0.8989612460136414,0.0,0.0,0.0,0.0,78,5.289935506404688,1.600000023841858,0.47446617187979895,0.0,0.0,0.0,-0.8712729215621948,CityLearnV3MADRLRewardFunction,matd3_unified_comparable_v4,E2,-0.0,1907,20.414120270403515,1.0,0.3002544374727851,0.0,32
5,1.7320508075688772,1.0,0.2,-1.0,Building_11,10,MATD3,0.7312300205230713,False,0.0,0.0,0.0,0.5324955582618713,39,0,0.0,0.0,-0.0,341640,-0.0,0.0,-0.9054891467094421,0.0,0.0,0.0,0.0,57,4.622252254152099,1.840000033378601,0.48724414917983505,0.0,0.0,0.0,-0.8712729215621948,CityLearnV3MADRLRewardFunction,matd3_unified_comparable_v4,E2,-0.0,1907,20.414120270403515,1.0,0.3002544374727851,0.0,32
5,1.7320508075688772,1.0,-0.2,-1.0,Building_12,11,MATD3,0.7312300205230713,False,0.0,0.0,0.0,0.5324955582618713,39,0,0.0,0.0,-0.0,341640,-0.0,0.0,-0.8706017732620239,0.0,0.0,0.0,0.0,57,4.524983642771089,1.840000033378601,0.47512177691647883,0.0,0.0,0.0,-0.8712729215621948,CityLearnV3MADRLRewardFunction,matd3_unified_comparable_v4,E2,-0.0,1907,20.414120270403515,1.0,0.3002544374727851,0.0,32
13,2.6457513110645907,1.0,0.38461538461538464,-1.0,Building_13,12,MATD3,0.7312300205230713,False,0.0,0.0,0.0,0.5324955582618713,39,0,0.0,0.0,-0.0,341640,-0.0,0.0,-0.8297232985496521,0.0,0.0,0.0,0.0,113,5.551641644085497,1.6799999475479126,0.33857432634165857,0.0,0.0,0.0,-0.8712729215621948,CityLearnV3MADRLRewardFunction,matd3_unified_comparable_v4,E2,-0.0,1907,20.414120270403515,1.0,0.3002544374727851,0.0,32
6,2.23606797749979,1.0,0.16666666666666666,-1.0,Building_14,13,MATD3,0.7312300205230713,False,0.0,0.0,0.0,0.5324955582618713,39,0,0.0,0.0,-0.0,341640,-0.0,0.0,-0.6432740092277527,0.0,0.0,0.0,0.0,64,4.426126937355794,1.6799999475479126,0.3896047236630693,0.0,0.0,0.0,-0.8712729215621948,CityLearnV3MADRLRewardFunction,matd3_unified_comparable_v4,E2,-0.0,1907,20.414120270403515,1.0,0.3002544374727851,0.0,32
10,2.23606797749979,1.0,0.1,-1.0,Building_15,14,MATD3,0.7312300205230713,False,0.0,0.0,0.0,0.5324955582618713,39,0,0.0,0.0,-0.0,341640,-0.0,0.0,-0.8273055553436279,0.0,0.0,0.0,0.0,92,5.38438352907349,1.559999942779541,0.4113743889535291,0.0,0.0,0.0,-0.8712729215621948,CityLearnV3MADRLRewardFunction,matd3_unified_comparable_v4,E2,-0.0,1907,20.414120270403515,1.0,0.3002544374727851,0.0,32
13,2.23606797749979,1.0,0.23076923076923078,-1.0,Building_16,15,MATD3,0.7312300205230713,False,0.0,0.0,0.0,0.5324955582618713,39,0,0.0,0.0,-0.0,341640,-0.0,0.0,-0.9388089179992676,0.0,0.0,0.0,0.0,113,6.221075524362474,1.600000023841858,0.43767855942776773,0.0,0.0,0.0,-0.8712729215621948,CityLearnV3MADRLRewardFunction,matd3_unified_comparable_v4,E2,-0.0,1907,20.414120270403515,1.0,0.3002544374727851,0.0,32
13,2.23606797749979,1.0,0.23076923076923078,-1.0,Building_17,16,MATD3,0.7312300205230713,False,0.0,0.0,0.0,0.5324955582618713,39,0,0.0,0.0,-0.0,341640,-0.0,0.0,-0.908542275428772,0.0,0.0,0.0,0.0,113,5.9569341043842865,1.840000033378601,0.401315899483398,0.0,0.0,0.0,-0.8712729215621948,CityLearnV3MADRLRewardFunction,matd3_unified_comparable_v4,E2,-0.0,1907,20.414120270403515,1.0,0.3002544374727851,0.0,32
6,2.23606797749979,1.0,0.16666666666666666,-1.0,Building_1,0,MATD3,0.7900000214576721,True,0.0,0.0,0.0,0.5324955582618713,39,8727,0.0,0.0,-0.0,350367,0.0,433.45458984375,-0.8195507526397705,230.81263732910156,342.42913818359375,433.45458984375,433.45458984375,64,3.187500130772365,1.0,0.21159187657758594,0.0,0.0,0.0,-0.7501842379570007,CityLearnV3MADRLRewardFunction,matd3_unified_comparable_v4,E2,-0.0,1907,13.628741838829917,1.0,0.12594792645524233,0.0,8759
8,2.0,1.0,0.25,-1.0,Building_2,1,MATD3,0.7900000214576721,True,-7.45059693940675e-08,0.0,0.0,0.5324955582618713,39,8727,0.0,0.0,-0.0,350367,0.0,15.16435432434082,-0.7190476655960083,8.074951171875,11.979840278625488,15.16435432434082,15.16435432434082,78,3.4503282414222163,1.0,0.19114438100503042,0.0,0.0,0.0,-0.7501842379570007,CityLearnV3MADRLRewardFunction,matd3_unified_comparable_v4,E2,-0.0,1907,13.628741838829917,1.0,0.12594792645524233,0.0,8759
10,2.449489742783178,1.0,0.0,-1.0,Building_3,2,MATD3,0.7900000214576721,True,0.0,0.0,0.0,0.5324955582618713,39,8727,0.0,0.0,-0.0,350367,0.0,94.53981018066406,-0.8169546127319336,50.3420295715332,74.68645477294922,94.53981018066406,94.53981018066406,92,3.204969290194373,1.0,0.14604751976287883,0.0,0.0,0.0,-0.7501842379570007,CityLearnV3MADRLRewardFunction,matd3_unified_comparable_v4,E2,-0.0,1907,13.628741838829917,1.0,0.12594792645524233,0.0,8759
8,2.23606797749979,1.0,0.125,-1.0,Building_4,3,MATD3,0.7900000214576721,True,0.0,0.0,0.0,0.5324955582618713,39,8727,0.0,0.0,-0.0,350367,0.0,31.04317283630371,-0.7908353805541992,16.530351638793945,24.524106979370117,31.04317283630371,31.04317283630371,78,3.1916766443122158,1.0,0.17149378894231257,0.0,0.0,0.0,-0.7501842379570007,CityLearnV3MADRLRewardFunction,matd3_unified_comparable_v4,E2,-0.0,1907,13.628741838829917,1.0,0.12594792645524233,0.0,8759
5,1.7320508075688772,1.0,0.2,-1.0,Building_5,4,MATD3,0.7900000214576721,True,0.0,0.0,0.0,0.5324955582618713,39,8727,0.0,0.0,-0.0,350367,0.0,44.57567596435547,-0.8763149380683899,23.73634910583496,35.21478271484375,44.57567596435547,38.538970947265625,57,3.52707183687306,1.0,0.28582403926472916,0.0,0.0,0.0,-0.7501842379570007,CityLearnV3MADRLRewardFunction,matd3_unified_comparable_v4,E2,-0.0,1907,13.628741838829917,1.0,0.12594792645524233,0.0,8759
34,3.7416573867739413,1.0,0.23529411764705882,-1.0,Building_6,5,MATD3,0.7900000214576721,True,0.0,0.0,0.0,0.5324955582618713,39,8727,0.0,0.0,-0.0,350367,0.0,362.8901062011719,-0.8191800117492676,193.23736572265625,286.6831970214844,362.8901062011719,362.8901062011719,260,3.184578026920365,1.0,0.05131137789441989,0.0,0.0,0.0,-0.7501842379570007,CityLearnV3MADRLRewardFunction,matd3_unified_comparable_v4,E2,-0.0,1907,13.628741838829917,1.0,0.12594792645524233,0.0,8759
44,4.58257569495584,1.0,0.4318181818181818,-1.0,Building_7,6,MATD3,0.7900000214576721,True,2.119661439792253e-05,0.0,0.0,0.5324955582618713,39,8727,0.0,0.0,-0.0,350367,0.0,12.664132118225098,-0.6987867951393127,6.743594169616699,10.004664421081543,12.664132118225098,12.664111137390137,330,3.4121844398967727,1.0,0.04423387093525944,0.0,0.0,0.0,-0.7501842379570007,CityLearnV3MADRLRewardFunction,matd3_unified_comparable_v4,E2,-0.0,1907,13.628741838829917,1.0,0.12594792645524233,0.0,8759
19,3.3166247903554,1.0,0.15789473684210525,-1.0,Building_8,7,MATD3,0.7900000214576721,True,0.0,0.0,0.0,0.5324955582618713,39,8727,0.0,0.0,-0.0,350367,0.0,12.065996170043945,-0.6929935216903687,6.425089359283447,9.532136917114258,12.065996170043945,12.065996170043945,155,3.327079593304185,1.0,0.09201990635164323,0.0,0.0,0.0,-0.7501842379570007,CityLearnV3MADRLRewardFunction,matd3_unified_comparable_v4,E2,-0.0,1907,13.628741838829917,1.0,0.12594792645524233,0.0,8759
12,2.6457513110645907,1.0,0.25,-1.0,Building_9,8,MATD3,0.7900000214576721,True,0.0,0.0,0.0,0.5324955582618713,39,8727,0.0,0.0,-0.0,350367,0.0,2.290161371231079,-0.5712175369262695,1.2195007801055908,1.8092275857925415,2.290161371231079,2.290161371231079,106,3.524763688463799,1.0,0.1502447155005527,0.0,0.0,0.0,-0.7501842379570007,CityLearnV3MADRLRewardFunction,matd3_unified_comparable_v4,E2,-0.0,1907,13.628741838829917,1.0,0.12594792645524233,0.0,8759
8,2.6457513110645907,1.0,0.125,-1.0,Building_10,9,MATD3,0.7900000214576721,True,0.0,0.0,0.0,0.5324955582618713,39,8727,0.0,0.0,-0.0,350367,0.0,51.649574279785156,-0.812781572341919,27.5031681060791,40.803165435791016,51.649574279785156,51.649574279785156,78,3.2453861913152173,1.0,0.17623050472675225,0.0,0.0,0.0,-0.7501842379570007,CityLearnV3MADRLRewardFunction,matd3_unified_comparable_v4,E2,-0.0,1907,13.628741838829917,1.0,0.12594792645524233,0.0,8759
5,1.7320508075688772,1.0,0.2,-1.0,Building_11,10,MATD3,0.7900000214576721,True,0.0,0.0,0.0,0.5324955582618713,39,8727,0.0,0.0,-0.0,350367,0.0,71.54803466796875,-0.8161965608596802,38.0990104675293,56.52294921875,71.54803466796875,71.54803466796875,57,3.2529987469196797,1.0,0.239674755421124,0.0,0.0,0.0,-0.7501842379570007,CityLearnV3MADRLRewardFunction,matd3_unified_comparable_v4,E2,-0.0,1907,13.628741838829917,1.0,0.12594792645524233,0.0,8759
5,1.7320508075688772,1.0,-0.2,-1.0,Building_12,11,MATD3,0.7900000214576721,True,0.0,0.0,0.0,0.5324955582618713,39,8727,0.0,0.0,-0.0,350367,0.0,215.11593627929688,-0.8181861639022827,114.54827880859375,169.94158935546875,215.11593627929688,215.11593627929688,57,3.2199753522224124,1.0,0.24075160789908023,0.0,0.0,0.0,-0.7501842379570007,CityLearnV3MADRLRewardFunction,matd3_unified_comparable_v4,E2,-0.0,1907,13.628741838829917,1.0,0.12594792645524233,0.0,8759
13,2.6457513110645907,1.0,0.38461538461538464,-1.0,Building_13,12,MATD3,0.7900000214576721,True,-3.940150236303452e-06,0.0,0.0,0.5324955582618713,39,8727,0.0,0.0,-0.0,350367,0.0,2.0330183506011963,-0.5856128931045532,1.0825732946395874,1.6060845851898193,2.0330183506011963,2.033022403717041,113,3.4123216014469584,1.0,0.12815825298296668,0.0,0.0,0.0,-0.7501842379570007,CityLearnV3MADRLRewardFunction,matd3_unified_comparable_v4,E2,-0.0,1907,13.628741838829917,1.0,0.12594792645524233,0.0,8759
6,2.23606797749979,1.0,0.16666666666666666,-1.0,Building_14,13,MATD3,0.7900000214576721,True,0.0,0.0,0.0,0.5324955582618713,39,8727,0.0,0.0,-0.0,350367,0.0,2.6149511337280273,-0.592483639717102,1.3924498558044434,2.0658113956451416,2.6149511337280273,2.6149511337280273,64,3.246010192556302,1.0,0.21219419362023473,0.0,0.0,0.0,-0.7501842379570007,CityLearnV3MADRLRewardFunction,matd3_unified_comparable_v4,E2,-0.0,1907,13.628741838829917,1.0,0.12594792645524233,0.0,8759
10,2.23606797749979,1.0,0.1,-1.0,Building_15,14,MATD3,0.7900000214576721,True,0.0,0.0,0.0,0.5324955582618713,39,8727,0.0,0.0,-0.0,350367,0.0,19.521480560302734,-0.7470387816429138,10.395101547241211,15.42197036743164,19.521480560302734,19.521480560302734,92,3.3352580267821357,1.0,0.15549059633327567,0.0,0.0,0.0,-0.7501842379570007,CityLearnV3MADRLRewardFunction,matd3_unified_comparable_v4,E2,-0.0,1907,13.628741838829917,1.0,0.12594792645524233,0.0,8759
13,2.23606797749979,1.0,0.23076923076923078,-1.0,Building_16,15,MATD3,0.7900000214576721,True,0.0,0.0,0.0,0.5324955582618713,39,8727,0.0,0.0,-0.0,350367,0.0,54.89390563964844,-0.8138106465339661,29.23076057434082,43.366188049316406,54.89390563964844,54.89390563964844,113,3.2233941880861243,1.0,0.11971595718533593,0.0,0.0,0.0,-0.7501842379570007,CityLearnV3MADRLRewardFunction,matd3_unified_comparable_v4,E2,-0.0,1907,13.628741838829917,1.0,0.12594792645524233,0.0,8759
13,2.23606797749979,1.0,0.23076923076923078,-1.0,Building_17,16,MATD3,0.7900000214576721,True,0.0,0.0,0.0,0.5324955582618713,39,8727,0.0,0.0,-0.0,350367,0.0,22.46647071838379,-0.7621406316757202,11.963295936584473,17.748512268066406,22.46647071838379,22.46647071838379,113,3.212997057217479,1.0,0.11923809085799529,0.0,0.0,0.0,-0.7501842379570007,CityLearnV3MADRLRewardFunction,matd3_unified_comparable_v4,E2,-0.0,1907,13.628741838829917,1.0,0.12594792645524233,0.0,8759
6,2.23606797749979,1.0,0.16666666666666666,-1.0,Building_1,0,MATD3,0.7611240148544312,False,0.0,0.0,0.0,0.5324955582618713,40,0,0.0,0.0,-0.0,350400,-0.0,0.0,-0.8646187782287598,0.0,0.0,0.0,0.0,64,4.59801685808002,1.600000023841858,0.43001310020918027,0.0,0.0,0.0,-0.819685161113739,CityLearnV3MADRLRewardFunction,matd3_unified_comparable_v4,E2,-0.0,1907,19.997858770217768,1.0,0.2837064590575647,0.0,33
8,2.0,1.0,0.25,-1.0,Building_2,1,MATD3,0.7611240148544312,False,0.0,0.0,0.0,0.5324955582618713,40,0,0.0,0.0,-0.0,350400,-0.0,0.0,-0.7893365621566772,0.0,0.0,0.0,0.0,78,3.6101195512555426,1.600000023841858,0.2074555905105976,0.0,0.0,0.0,-0.819685161113739,CityLearnV3MADRLRewardFunction,matd3_unified_comparable_v4,E2,-0.0,1907,19.997858770217768,1.0,0.2837064590575647,0.0,33
10,2.449489742783178,1.0,0.0,-1.0,Building_3,2,MATD3,0.7611240148544312,False,0.0,0.0,0.0,0.5324955582618713,40,0,0.0,0.0,-0.0,350400,-0.0,0.0,-0.8274042010307312,0.0,0.0,0.0,0.0,92,4.37916299180001,1.840000033378601,0.2677464654426212,0.0,0.0,0.0,-0.819685161113739,CityLearnV3MADRLRewardFunction,matd3_unified_comparable_v4,E2,-0.0,1907,19.997858770217768,1.0,0.2837064590575647,0.0,33
8,2.23606797749979,1.0,0.125,-1.0,Building_4,3,MATD3,0.7611240148544312,False,0.0,0.0,0.0,0.5324955582618713,40,0,0.0,0.0,-0.0,350400,-0.0,0.0,-0.855417013168335,0.0,0.0,0.0,0.0,78,3.801674919335827,1.7200000286102295,0.2354632736876225,0.0,0.0,0.0,-0.819685161113739,CityLearnV3MADRLRewardFunction,matd3_unified_comparable_v4,E2,-0.0,1907,19.997858770217768,1.0,0.2837064590575647,0.0,33
5,1.7320508075688772,1.0,0.2,-1.0,Building_5,4,MATD3,0.7611240148544312,False,0.0,0.0,0.0,0.5324955582618713,40,0,0.0,0.0,-0.0,350400,-0.0,0.0,-0.8712164759635925,0.0,0.0,0.0,0.0,57,3.705828103622939,1.840000033378601,0.3087880521881999,0.0,0.0,0.0,-0.819685161113739,CityLearnV3MADRLRewardFunction,matd3_unified_comparable_v4,E2,-0.0,1907,19.997858770217768,1.0,0.2837064590575647,0.0,33
34,3.7416573867739413,1.0,0.23529411764705882,-1.0,Building_6,5,MATD3,0.7611240148544312,False,0.0,0.0,0.0,0.5324955582618713,40,0,0.0,0.0,-0.0,350400,-0.0,0.0,-0.8684393763542175,0.0,0.0,0.0,0.0,260,4.14709794346489,1.7200000286102295,0.08307885784082687,0.0,0.0,0.0,-0.819685161113739,CityLearnV3MADRLRewardFunction,matd3_unified_comparable_v4,E2,-0.0,1907,19.997858770217768,1.0,0.2837064590575647,0.0,33
44,4.58257569495584,1.0,0.4318181818181818,-1.0,Building_7,6,MATD3,0.7611240148544312,False,0.0,0.0,0.0,0.5324955582618713,40,0,0.0,0.0,-0.0,350400,-0.0,0.0,-0.8403255939483643,0.0,0.0,0.0,0.0,330,8.974225738112153,1.6799999475479126,0.3059922873211855,0.0,0.0,0.0,-0.819685161113739,CityLearnV3MADRLRewardFunction,matd3_unified_comparable_v4,E2,-0.0,1907,19.997858770217768,1.0,0.2837064590575647,0.0,33
19,3.3166247903554,1.0,0.15789473684210525,-1.0,Building_8,7,MATD3,0.7611240148544312,False,0.0,0.0,0.0,0.5324955582618713,40,0,0.0,0.0,-0.0,350400,-0.0,0.0,-0.8841610550880432,0.0,0.0,0.0,0.0,155,6.30833355055879,1.559999942779541,0.32284054249044386,0.0,0.0,0.0,-0.819685161113739,CityLearnV3MADRLRewardFunction,matd3_unified_comparable_v4,E2,-0.0,1907,19.997858770217768,1.0,0.2837064590575647,0.0,33
12,2.6457513110645907,1.0,0.25,-1.0,Building_9,8,MATD3,0.7611240148544312,False,0.0,0.0,0.0,0.5324955582618713,40,0,0.0,0.0,-0.0,350400,-0.0,0.0,-0.6674574017524719,0.0,0.0,0.0,0.0,106,3.515676634044775,1.840000033378601,0.14610111780183496,0.0,0.0,0.0,-0.819685161113739,CityLearnV3MADRLRewardFunction,matd3_unified_comparable_v4,E2,-0.0,1907,19.997858770217768,1.0,0.2837064590575647,0.0,33
8,2.6457513110645907,1.0,0.125,-1.0,Building_10,9,MATD3,0.7611240148544312,False,0.0,0.0,0.0,0.5324955582618713,40,0,0.0,0.0,-0.0,350400,-0.0,0.0,-0.8720113635063171,0.0,0.0,0.0,0.0,78,5.139267675066204,1.600000023841858,0.4364659190655519,0.0,0.0,0.0,-0.819685161113739,CityLearnV3MADRLRewardFunction,matd3_unified_comparable_v4,E2,-0.0,1907,19.997858770217768,1.0,0.2837064590575647,0.0,33
5,1.7320508075688772,1.0,0.2,-1.0,Building_11,10,MATD3,0.7611240148544312,False,0.0,0.0,0.0,0.5324955582618713,40,0,0.0,0.0,-0.0,350400,-0.0,0.0,-0.8586717844009399,0.0,0.0,0.0,0.0,57,4.335088389972158,1.840000033378601,0.4225527082749626,0.0,0.0,0.0,-0.819685161113739,CityLearnV3MADRLRewardFunction,matd3_unified_comparable_v4,E2,-0.0,1907,19.997858770217768,1.0,0.2837064590575647,0.0,33
5,1.7320508075688772,1.0,-0.2,-1.0,Building_12,11,MATD3,0.7611240148544312,False,0.0,0.0,0.0,0.5324955582618713,40,0,0.0,0.0,-0.0,350400,-0.0,0.0,-0.8404027819633484,0.0,0.0,0.0,0.0,57,4.20759702310089,1.840000033378601,0.40477326193726376,0.0,0.0,0.0,-0.819685161113739,CityLearnV3MADRLRewardFunction,matd3_unified_comparable_v4,E2,-0.0,1907,19.997858770217768,1.0,0.2837064590575647,0.0,33
13,2.6457513110645907,1.0,0.38461538461538464,-1.0,Building_13,12,MATD3,0.7611240148544312,False,0.0,0.0,0.0,0.5324955582618713,40,0,0.0,0.0,-0.0,350400,-0.0,0.0,-0.7150468826293945,0.0,0.0,0.0,0.0,113,5.5926293649041,1.6799999475479126,0.34090494690875034,0.0,0.0,0.0,-0.819685161113739,CityLearnV3MADRLRewardFunction,matd3_unified_comparable_v4,E2,-0.0,1907,19.997858770217768,1.0,0.2837064590575647,0.0,33
6,2.23606797749979,1.0,0.16666666666666666,-1.0,Building_14,13,MATD3,0.7611240148544312,False,0.0,0.0,0.0,0.5324955582618713,40,0,0.0,0.0,-0.0,350400,-0.0,0.0,-0.6328165531158447,0.0,0.0,0.0,0.0,64,4.15024288194786,1.6799999475479126,0.3343346566107357,0.0,0.0,0.0,-0.819685161113739,CityLearnV3MADRLRewardFunction,matd3_unified_comparable_v4,E2,-0.0,1907,19.997858770217768,1.0,0.2837064590575647,0.0,33
10,2.23606797749979,1.0,0.1,-1.0,Building_15,14,MATD3,0.7611240148544312,False,0.0,0.0,0.0,0.5324955582618713,40,0,0.0,0.0,-0.0,350400,-0.0,0.0,-0.7973712086677551,0.0,0.0,0.0,0.0,92,5.191407174345678,1.559999942779541,0.37437321225424175,0.0,0.0,0.0,-0.819685161113739,CityLearnV3MADRLRewardFunction,matd3_unified_comparable_v4,E2,-0.0,1907,19.997858770217768,1.0,0.2837064590575647,0.0,33
13,2.23606797749979,1.0,0.23076923076923078,-1.0,Building_16,15,MATD3,0.7611240148544312,False,0.0,0.0,0.0,0.5324955582618713,40,0,0.0,0.0,-0.0,350400,-0.0,0.0,-0.9091416001319885,0.0,0.0,0.0,0.0,113,6.0342180745572245,1.600000023841858,0.4042229526799864,0.0,0.0,0.0,-0.819685161113739,CityLearnV3MADRLRewardFunction,matd3_unified_comparable_v4,E2,-0.0,1907,19.997858770217768,1.0,0.2837064590575647,0.0,33
13,2.23606797749979,1.0,0.23076923076923078,-1.0,Building_17,16,MATD3,0.7611240148544312,False,0.0,0.0,0.0,0.5324955582618713,40,0,0.0,0.0,-0.0,350400,-0.0,0.0,-0.84080970287323,0.0,0.0,0.0,0.0,113,5.8017424607789865,1.840000033378601,0.37646039957757543,0.0,0.0,0.0,-0.819685161113739,CityLearnV3MADRLRewardFunction,matd3_unified_comparable_v4,E2,-0.0,1907,19.997858770217768,1.0,0.2837064590575647,0.0,33
6,2.23606797749979,1.0,0.16666666666666666,-1.0,Building_1,0,MATD3,0.7900000214576721,True,0.0,0.0,0.0,0.5324955582618713,40,8726,0.0,0.0,-0.0,359126,0.0,446.8856201171875,-0.8104526400566101,237.96461486816406,353.0396423339844,446.8856201171875,446.8856201171875,64,3.363412979817655,1.0,0.23457947955466807,0.0,0.0,0.0,-0.7372748851776123,CityLearnV3MADRLRewardFunction,matd3_unified_comparable_v4,E2,-0.0,1907,14.335976014670228,1.0,0.13901739963684398,0.0,8759
8,2.0,1.0,0.25,-1.0,Building_2,1,MATD3,0.7900000214576721,True,-7.45059693940675e-08,0.0,0.0,0.5324955582618713,40,8726,0.0,0.0,-0.0,359126,0.0,5.618855953216553,-0.6185573935508728,2.992015838623047,4.438896179199219,5.618855953216553,5.618855953216553,78,3.5967874580055867,1.0,0.20523377832693931,0.0,0.0,0.0,-0.7372748851776123,CityLearnV3MADRLRewardFunction,matd3_unified_comparable_v4,E2,-0.0,1907,14.335976014670228,1.0,0.13901739963684398,0.0,8759
10,2.449489742783178,1.0,0.0,-1.0,Building_3,2,MATD3,0.7900000214576721,True,0.0,0.0,0.0,0.5324955582618713,40,8726,0.0,0.0,-0.0,359126,0.0,98.17061614990234,-0.8078597187995911,52.27541732788086,77.5547866821289,98.17061614990234,98.17061614990234,92,3.3819518729175577,1.0,0.16205699093963788,0.0,0.0,0.0,-0.7372748851776123,CityLearnV3MADRLRewardFunction,matd3_unified_comparable_v4,E2,-0.0,1907,14.335976014670228,1.0,0.13901739963684398,0.0,8759
8,2.23606797749979,1.0,0.125,-1.0,Building_4,3,MATD3,0.7900000214576721,True,0.0,0.0,0.0,0.5324955582618713,40,8726,0.0,0.0,-0.0,359126,0.0,28.84416961669922,-0.7761090397834778,15.359392166137695,22.786893844604492,28.84416961669922,28.84416961669922,78,3.365757821671856,1.0,0.19006271679431963,0.0,0.0,0.0,-0.7372748851776123,CityLearnV3MADRLRewardFunction,matd3_unified_comparable_v4,E2,-0.0,1907,14.335976014670228,1.0,0.13901739963684398,0.0,8759
5,1.7320508075688772,1.0,-0.2,-1.0,Building_5,4,MATD3,0.7900000214576721,True,0.0,0.0,0.0,0.5324955582618713,40,8726,0.0,0.0,-0.0,359126,0.0,37.89287567138672,-0.8084239959716797,20.17778778076172,29.935373306274414,37.89287567138672,37.89287567138672,57,3.588186860022673,1.0,0.30008620049869805,0.0,0.0,0.0,-0.7372748851776123,CityLearnV3MADRLRewardFunction,matd3_unified_comparable_v4,E2,-0.0,1907,14.335976014670228,1.0,0.13901739963684398,0.0,8759
34,3.7416573867739413,1.0,0.23529411764705882,-1.0,Building_6,5,MATD3,0.7900000214576721,True,0.0,0.0,0.0,0.5324955582618713,40,8726,0.0,0.0,-0.0,359126,0.0,350.8894348144531,-0.8099607825279236,186.84706115722656,277.2026672363281,350.8894348144531,350.8894348144531,260,3.3609150752866683,1.0,0.05693318809454258,0.0,0.0,0.0,-0.7372748851776123,CityLearnV3MADRLRewardFunction,matd3_unified_comparable_v4,E2,-0.0,1907,14.335976014670228,1.0,0.13901739963684398,0.0,8759
44,4.58257569495584,1.0,0.4318181818181818,-1.0,Building_7,6,MATD3,0.7900000214576721,True,2.119661439792253e-05,0.0,0.0,0.5324955582618713,40,8726,0.0,0.0,-0.0,359126,0.0,18.660245895385742,-0.7336668968200684,9.936497688293457,14.741594314575195,18.660245895385742,18.66022491455078,330,3.5839483164279073,1.0,0.04892784004861658,0.0,0.0,0.0,-0.7372748851776123,CityLearnV3MADRLRewardFunction,matd3_unified_comparable_v4,E2,-0.0,1907,14.335976014670228,1.0,0.13901739963684398,0.0,8759
19,3.3166247903554,1.0,0.15789473684210525,-1.0,Building_8,7,MATD3,0.7900000214576721,True,0.0,0.0,0.0,0.5324955582618713,40,8726,0.0,0.0,-0.0,359126,0.0,19.251495361328125,-0.7363379001617432,10.251336097717285,15.2086820602417,19.251495361328125,19.251495361328125,155,3.5885433590282907,1.0,0.10431925356388091,0.0,0.0,0.0,-0.7372748851776123,CityLearnV3MADRLRewardFunction,matd3_unified_comparable_v4,E2,-0.0,1907,14.335976014670228,1.0,0.13901739963684398,0.0,8759
12,2.6457513110645907,1.0,0.25,-1.0,Building_9,8,MATD3,0.7900000214576721,True,0.0,0.0,0.0,0.5324955582618713,40,8726,0.0,0.0,-0.0,359126,0.0,2.4506425857543945,-0.5639842748641968,1.304956316947937,1.9360077381134033,2.4506425857543945,2.4506425857543945,106,3.69422321994266,1.0,0.16635122839009986,0.0,0.0,0.0,-0.7372748851776123,CityLearnV3MADRLRewardFunction,matd3_unified_comparable_v4,E2,-0.0,1907,14.335976014670228,1.0,0.13901739963684398,0.0,8759
8,2.6457513110645907,1.0,0.125,-1.0,Building_10,9,MATD3,0.7900000214576721,True,0.0,0.0,0.0,0.5324955582618713,40,8726,0.0,0.0,-0.0,359126,0.0,34.33414077758789,-0.7883062958717346,18.282777786254883,27.123971939086914,34.33414077758789,34.33414077758789,78,3.415234646210866,1.0,0.1936505149381283,0.0,0.0,0.0,-0.7372748851776123,CityLearnV3MADRLRewardFunction,matd3_unified_comparable_v4,E2,-0.0,1907,14.335976014670228,1.0,0.13901739963684398,0.0,8759
5,1.7320508075688772,1.0,0.2,-1.0,Building_11,10,MATD3,0.7900000214576721,True,0.0,0.0,0.0,0.5324955582618713,40,8726,0.0,0.0,-0.0,359126,0.0,57.917564392089844,-0.8053812980651855,30.840845108032227,45.754878997802734,57.917564392089844,57.917564392089844,57,3.4269249047087063,1.0,0.2646699521625251,0.0,0.0,0.0,-0.7372748851776123,CityLearnV3MADRLRewardFunction,matd3_unified_comparable_v4,E2,-0.0,1907,14.335976014670228,1.0,0.13901739963684398,0.0,8759
5,1.7320508075688772,1.0,-0.2,-1.0,Building_12,11,MATD3,0.7900000214576721,True,0.0,0.0,0.0,0.5324955582618713,40,8726,0.0,0.0,-0.0,359126,0.0,182.6020965576172,-0.8087454438209534,97.23480224609375,144.2556610107422,182.6020965576172,182.6020965576172,57,3.38220839408873,1.0,0.2615112162995757,0.0,0.0,0.0,-0.7372748851776123,CityLearnV3MADRLRewardFunction,matd3_unified_comparable_v4,E2,-0.0,1907,14.335976014670228,1.0,0.13901739963684398,0.0,8759
13,2.6457513110645907,1.0,0.38461538461538464,-1.0,Building_13,12,MATD3,0.7900000214576721,True,-3.940150236303452e-06,0.0,0.0,0.5324955582618713,40,8726,0.0,0.0,-0.0,359126,0.0,2.789363384246826,-0.5855345726013184,1.4853236675262451,2.203597068786621,2.789363384246826,2.789367437362671,113,3.5803868130996173,1.0,0.14118063555354565,0.0,0.0,0.0,-0.7372748851776123,CityLearnV3MADRLRewardFunction,matd3_unified_comparable_v4,E2,-0.0,1907,14.335976014670228,1.0,0.13901739963684398,0.0,8759
6,2.23606797749979,1.0,0.16666666666666666,-1.0,Building_14,13,MATD3,0.7900000214576721,True,0.0,0.0,0.0,0.5324955582618713,40,8726,0.0,0.0,-0.0,359126,0.0,2.485826015472412,-0.5817900896072388,1.3236913681030273,1.9638025760650635,2.485826015472412,2.485826015472412,64,3.418981692118897,1.0,0.23510858113877475,0.0,0.0,0.0,-0.7372748851776123,CityLearnV3MADRLRewardFunction,matd3_unified_comparable_v4,E2,-0.0,1907,14.335976014670228,1.0,0.13901739963684398,0.0,8759
10,2.23606797749979,1.0,0.1,-1.0,Building_15,14,MATD3,0.7900000214576721,True,0.0,0.0,0.0,0.5324955582618713,40,8726,0.0,0.0,-0.0,359126,0.0,20.5941162109375,-0.7437589168548584,10.966275215148926,16.269351959228516,20.5941162109375,20.5941162109375,92,3.5109822890869915,1.0,0.17171372230286183,0.0,0.0,0.0,-0.7372748851776123,CityLearnV3MADRLRewardFunction,matd3_unified_comparable_v4,E2,-0.0,1907,14.335976014670228,1.0,0.13901739963684398,0.0,8759
13,2.23606797749979,1.0,0.23076923076923078,-1.0,Building_16,15,MATD3,0.7900000214576721,True,0.0,0.0,0.0,0.5324955582618713,40,8726,0.0,0.0,-0.0,359126,0.0,103.13050842285156,-0.8079293370246887,54.91653823852539,81.47310638427734,103.13050842285156,103.13050842285156,113,3.4178754577396515,1.0,0.13568326870424557,0.0,0.0,0.0,-0.7372748851776123,CityLearnV3MADRLRewardFunction,matd3_unified_comparable_v4,E2,-0.0,1907,14.335976014670228,1.0,0.13901739963684398,0.0,8759
13,2.0,1.0,0.15384615384615385,-1.0,Building_17,16,MATD3,0.7900000214576721,True,0.0,0.0,0.0,0.5324955582618713,40,8726,0.0,0.0,-0.0,359126,0.0,21.1981143951416,-0.7468745708465576,11.287901878356934,16.746511459350586,21.1981143951416,21.1981143951416,113,3.40587103762136,1.0,0.13510602633510016,0.0,0.0,0.0,-0.7372748851776123,CityLearnV3MADRLRewardFunction,matd3_unified_comparable_v4,E2,-0.0,1907,14.335976014670228,1.0,0.13901739963684398,0.0,8759
6,2.23606797749979,1.0,0.16666666666666666,-1.0,Building_1,0,MATD3,0.7175999879837036,False,0.0,0.0,0.0,0.5324955582618713,41,0,0.0,0.0,-0.0,359160,-0.0,0.0,-0.8366641998291016,0.0,0.0,0.0,0.0,64,4.793767175030643,1.600000023841858,0.46032892528455704,0.0,0.0,0.0,-0.7847887277603149,CityLearnV3MADRLRewardFunction,matd3_unified_comparable_v4,E2,-0.0,1907,21.005972028562013,1.0,0.3052725491778633,0.0,34
8,2.0,1.0,0.25,-1.0,Building_2,1,MATD3,0.7175999879837036,False,0.0,0.0,0.0,0.5324955582618713,41,0,0.0,0.0,-0.0,359160,-0.0,0.0,-0.658009946346283,0.0,0.0,0.0,0.0,78,3.848984091135624,1.600000023841858,0.23213288622597852,0.0,0.0,0.0,-0.7847887277603149,CityLearnV3MADRLRewardFunction,matd3_unified_comparable_v4,E2,-0.0,1907,21.005972028562013,1.0,0.3052725491778633,0.0,34
10,2.449489742783178,1.0,0.0,-1.0,Building_3,2,MATD3,0.7175999879837036,False,0.0,0.0,0.0,0.5324955582618713,41,0,0.0,0.0,-0.0,359160,-0.0,0.0,-0.811549961566925,0.0,0.0,0.0,0.0,92,4.713307547997896,1.840000033378601,0.3030096027271255,0.0,0.0,0.0,-0.7847887277603149,CityLearnV3MADRLRewardFunction,matd3_unified_comparable_v4,E2,-0.0,1907,21.005972028562013,1.0,0.3052725491778633,0.0,34
8,2.23606797749979,1.0,0.125,-1.0,Building_4,3,MATD3,0.7175999879837036,False,0.0,0.0,0.0,0.5324955582618713,41,0,0.0,0.0,-0.0,359160,-0.0,0.0,-0.8515124917030334,0.0,0.0,0.0,0.0,78,4.0138944387687285,1.7200000286102295,0.2563329419742028,0.0,0.0,0.0,-0.7847887277603149,CityLearnV3MADRLRewardFunction,matd3_unified_comparable_v4,E2,-0.0,1907,21.005972028562013,1.0,0.3052725491778633,0.0,34
5,1.7320508075688772,1.0,-0.2,-1.0,Building_5,4,MATD3,0.7175999879837036,False,0.0,0.0,0.0,0.5324955582618713,41,0,0.0,0.0,-0.0,359160,-0.0,0.0,-0.8502206206321716,0.0,0.0,0.0,0.0,57,3.931278486608724,1.840000033378601,0.3402987708125198,0.0,0.0,0.0,-0.7847887277603149,CityLearnV3MADRLRewardFunction,matd3_unified_comparable_v4,E2,-0.0,1907,21.005972028562013,1.0,0.3052725491778633,0.0,34
34,3.7416573867739413,1.0,0.23529411764705882,-1.0,Building_6,5,MATD3,0.7175999879837036,False,0.0,0.0,0.0,0.5324955582618713,41,0,0.0,0.0,-0.0,359160,-0.0,0.0,-0.8442913293838501,0.0,0.0,0.0,0.0,260,4.962084237118351,1.7200000286102295,0.11851996031518165,0.0,0.0,0.0,-0.7847887277603149,CityLearnV3MADRLRewardFunction,matd3_unified_comparable_v4,E2,-0.0,1907,21.005972028562013,1.0,0.3052725491778633,0.0,34
44,4.58257569495584,1.0,0.4318181818181818,-1.0,Building_7,6,MATD3,0.7175999879837036,False,0.0,0.0,0.0,0.5324955582618713,41,0,0.0,0.0,-0.0,359160,-0.0,0.0,-0.7931241393089294,0.0,0.0,0.0,0.0,330,9.30393733438125,1.6799999475479126,0.3204008044392774,0.0,0.0,0.0,-0.7847887277603149,CityLearnV3MADRLRewardFunction,matd3_unified_comparable_v4,E2,-0.0,1907,21.005972028562013,1.0,0.3052725491778633,0.0,34
19,3.3166247903554,1.0,0.15789473684210525,-1.0,Building_8,7,MATD3,0.7175999879837036,False,0.0,0.0,0.0,0.5324955582618713,41,0,0.0,0.0,-0.0,359160,-0.0,0.0,-0.8424510955810547,0.0,0.0,0.0,0.0,155,6.448306722981996,1.559999942779541,0.3325590990724102,0.0,0.0,0.0,-0.7847887277603149,CityLearnV3MADRLRewardFunction,matd3_unified_comparable_v4,E2,-0.0,1907,21.005972028562013,1.0,0.3052725491778633,0.0,34
12,2.6457513110645907,1.0,0.25,-1.0,Building_9,8,MATD3,0.7175999879837036,False,0.0,0.0,0.0,0.5324955582618713,41,0,0.0,0.0,-0.0,359160,-0.0,0.0,-0.6336479783058167,0.0,0.0,0.0,0.0,106,3.7567573386295945,1.840000033378601,0.16359480582880523,0.0,0.0,0.0,-0.7847887277603149,CityLearnV3MADRLRewardFunction,matd3_unified_comparable_v4,E2,-0.0,1907,21.005972028562013,1.0,0.3052725491778633,0.0,34
8,2.6457513110645907,1.0,0.125,-1.0,Building_10,9,MATD3,0.7175999879837036,False,0.0,0.0,0.0,0.5324955582618713,41,0,0.0,0.0,-0.0,359160,-0.0,0.0,-0.8427762985229492,0.0,0.0,0.0,0.0,78,5.326847860399083,1.600000023841858,0.4568947513516133,0.0,0.0,0.0,-0.7847887277603149,CityLearnV3MADRLRewardFunction,matd3_unified_comparable_v4,E2,-0.0,1907,21.005972028562013,1.0,0.3052725491778633,0.0,34
5,1.7320508075688772,1.0,0.2,-1.0,Building_11,10,MATD3,0.7175999879837036,False,0.0,0.0,0.0,0.5324955582618713,41,0,0.0,0.0,-0.0,359160,-0.0,0.0,-0.8294996619224548,0.0,0.0,0.0,0.0,57,4.544588468300559,1.840000033378601,0.45469789716758224,0.0,0.0,0.0,-0.7847887277603149,CityLearnV3MADRLRewardFunction,matd3_unified_comparable_v4,E2,-0.0,1907,21.005972028562013,1.0,0.3052725491778633,0.0,34
5,1.7320508075688772,1.0,-0.2,-1.0,Building_12,11,MATD3,0.7175999879837036,False,0.0,0.0,0.0,0.5324955582618713,41,0,0.0,0.0,-0.0,359160,-0.0,0.0,-0.8154430985450745,0.0,0.0,0.0,0.0,57,4.402639062930115,1.840000033378601,0.434491090215089,0.0,0.0,0.0,-0.7847887277603149,CityLearnV3MADRLRewardFunction,matd3_unified_comparable_v4,E2,-0.0,1907,21.005972028562013,1.0,0.3052725491778633,0.0,34
13,2.6457513110645907,1.0,0.38461538461538464,-1.0,Building_13,12,MATD3,0.7175999879837036,False,0.0,0.0,0.0,0.5324955582618713,41,0,0.0,0.0,-0.0,359160,-0.0,0.0,-0.7024406790733337,0.0,0.0,0.0,0.0,113,5.752512753771066,1.6799999475479126,0.3553892010740474,0.0,0.0,0.0,-0.7847887277603149,CityLearnV3MADRLRewardFunction,matd3_unified_comparable_v4,E2,-0.0,1907,21.005972028562013,1.0,0.3052725491778633,0.0,34
6,2.23606797749979,1.0,0.16666666666666666,-1.0,Building_14,13,MATD3,0.7175999879837036,False,0.0,0.0,0.0,0.5324955582618713,41,0,0.0,0.0,-0.0,359160,-0.0,0.0,-0.5891923904418945,0.0,0.0,0.0,0.0,64,4.3563715826295,1.6799999475479126,0.3626341207418591,0.0,0.0,0.0,-0.7847887277603149,CityLearnV3MADRLRewardFunction,matd3_unified_comparable_v4,E2,-0.0,1907,21.005972028562013,1.0,0.3052725491778633,0.0,34
10,2.23606797749979,1.0,0.1,-1.0,Building_15,14,MATD3,0.7175999879837036,False,0.0,0.0,0.0,0.5324955582618713,41,0,0.0,0.0,-0.0,359160,-0.0,0.0,-0.7743845582008362,0.0,0.0,0.0,0.0,92,5.351236366690498,1.559999942779541,0.3920535610421844,0.0,0.0,0.0,-0.7847887277603149,CityLearnV3MADRLRewardFunction,matd3_unified_comparable_v4,E2,-0.0,1907,21.005972028562013,1.0,0.3052725491778633,0.0,34
13,2.23606797749979,1.0,0.23076923076923078,-1.0,Building_16,15,MATD3,0.7175999879837036,False,0.0,0.0,0.0,0.5324955582618713,41,0,0.0,0.0,-0.0,359160,-0.0,0.0,-0.8676517605781555,0.0,0.0,0.0,0.0,113,6.179670419050239,1.600000023841858,0.4180328111469218,0.0,0.0,0.0,-0.7847887277603149,CityLearnV3MADRLRewardFunction,matd3_unified_comparable_v4,E2,-0.0,1907,21.005972028562013,1.0,0.3052725491778633,0.0,34
13,2.0,1.0,0.15384615384615385,-1.0,Building_17,16,MATD3,0.7175999879837036,False,0.0,0.0,0.0,0.5324955582618713,41,0,0.0,0.0,-0.0,359160,-0.0,0.0,-0.7985488772392273,0.0,0.0,0.0,0.0,113,5.952893384216856,1.840000033378601,0.3898099602851193,0.0,0.0,0.0,-0.7847887277603149,CityLearnV3MADRLRewardFunction,matd3_unified_comparable_v4,E2,-0.0,1907,21.005972028562013,1.0,0.3052725491778633,0.0,34
6,2.23606797749979,1.0,0.5,-1.0,Building_1,0,MATD3,0.7900000214576721,True,0.00012878580309916288,0.0,0.0,0.5324955582618713,41,8725,0.0,0.0,-0.0,367885,0.0,391.5867919921875,-0.7314162850379944,208.5182342529297,309.35357666015625,391.5867919921875,391.586669921875,64,3.4365954458707533,1.0,0.23313684575259686,0.0,0.0,0.0,-0.6234491467475891,CityLearnV3MADRLRewardFunction,matd3_unified_comparable_v4,E2,-0.0,1907,13.977656622967851,1.0,0.13056659979787746,0.0,8759
8,2.0,1.0,0.25,-1.0,Building_2,1,MATD3,0.7900000214576721,True,-7.45059693940675e-08,0.0,0.0,0.5324955582618713,41,8725,0.0,0.0,-0.0,367885,0.0,0.18486037850379944,-0.47416386008262634,0.09843733161687851,0.1460397094488144,0.18486037850379944,0.1848604530096054,78,3.520597752596835,1.0,0.19391298790772757,0.0,0.0,0.0,-0.6234491467475891,CityLearnV3MADRLRewardFunction,matd3_unified_comparable_v4,E2,-0.0,1907,13.977656622967851,1.0,0.13056659979787746,0.0,8759
10,2.449489742783178,1.0,0.0,-1.0,Building_3,2,MATD3,0.7900000214576721,True,0.0,0.0,0.0,0.5324955582618713,41,8725,0.0,0.0,-0.0,367885,0.0,39.0087890625,-0.7150572538375854,20.77200698852539,30.816944122314453,39.0087890625,39.0087890625,92,3.2643349760543376,1.0,0.15071380041215732,0.0,0.0,0.0,-0.6234491467475891,CityLearnV3MADRLRewardFunction,matd3_unified_comparable_v4,E2,-0.0,1907,13.977656622967851,1.0,0.13056659979787746,0.0,8759
8,2.23606797749979,1.0,0.125,-1.0,Building_4,3,MATD3,0.7900000214576721,True,0.0,0.0,0.0,0.5324955582618713,41,8725,0.0,0.0,-0.0,367885,0.0,36.67196273803711,-0.7120624780654907,19.52765655517578,28.97085189819336,36.67196273803711,36.67196273803711,78,3.2650679327162457,1.0,0.1776794059536396,0.0,0.0,0.0,-0.6234491467475891,CityLearnV3MADRLRewardFunction,matd3_unified_comparable_v4,E2,-0.0,1907,13.977656622967851,1.0,0.13056659979787746,0.0,8759
5,1.7320508075688772,1.0,-0.2,-1.0,Building_5,4,MATD3,0.7900000214576721,True,0.0,0.0,0.0,0.5324955582618713,41,8725,0.0,0.0,-0.0,367885,0.0,54.225337982177734,-0.7393672466278076,28.874752044677734,42.838016510009766,54.225337982177734,54.225337982177734,57,3.466878872534869,1.0,0.28067219126642795,0.0,0.0,0.0,-0.6234491467475891,CityLearnV3MADRLRewardFunction,matd3_unified_comparable_v4,E2,-0.0,1907,13.977656622967851,1.0,0.13056659979787746,0.0,8759
34,3.7416573867739413,1.0,0.23529411764705882,-1.0,Building_6,5,MATD3,0.7900000214576721,True,0.0,0.0,0.0,0.5324955582618713,41,8725,0.0,0.0,-0.0,367885,0.0,348.8946838378906,-0.7300425171852112,185.7848663330078,275.6268005371094,348.8946838378906,348.8946838378906,260,3.2554705069875767,1.0,0.05311486892975294,0.0,0.0,0.0,-0.6234491467475891,CityLearnV3MADRLRewardFunction,matd3_unified_comparable_v4,E2,-0.0,1907,13.977656622967851,1.0,0.13056659979787746,0.0,8759
44,4.58257569495584,1.0,0.38636363636363635,-1.0,Building_7,6,MATD3,0.7900000214576721,True,2.119661439792253e-05,0.0,0.0,0.5324955582618713,41,8725,0.0,0.0,-0.0,367885,0.0,2.9801065921783447,-0.5079035758972168,1.5868935585021973,2.3542842864990234,2.9801065921783447,2.9800853729248047,330,3.5021767049131327,1.0,0.04573751243226456,0.0,0.0,0.0,-0.6234491467475891,CityLearnV3MADRLRewardFunction,matd3_unified_comparable_v4,E2,-0.0,1907,13.977656622967851,1.0,0.13056659979787746,0.0,8759
19,3.3166247903554,1.0,0.15789473684210525,-1.0,Building_8,7,MATD3,0.7900000214576721,True,0.0,0.0,0.0,0.5324955582618713,41,8725,0.0,0.0,-0.0,367885,0.0,6.19936990737915,-0.5449035167694092,3.3011369705200195,4.897502422332764,6.19936990737915,6.19936990737915,155,3.3962261274741334,1.0,0.09467931918559536,0.0,0.0,0.0,-0.6234491467475891,CityLearnV3MADRLRewardFunction,matd3_unified_comparable_v4,E2,-0.0,1907,13.977656622967851,1.0,0.13056659979787746,0.0,8759
12,2.6457513110645907,1.0,0.25,-1.0,Building_9,8,MATD3,0.7900000214576721,True,0.0,0.0,0.0,0.5324955582618713,41,8725,0.0,0.0,-0.0,367885,0.0,2.1350696086883545,-0.4803004860877991,1.1369150876998901,1.6867049932479858,2.1350696086883545,2.1350696086883545,106,3.5815197403337824,1.0,0.15437126440821952,0.0,0.0,0.0,-0.6234491467475891,CityLearnV3MADRLRewardFunction,matd3_unified_comparable_v4,E2,-0.0,1907,13.977656622967851,1.0,0.13056659979787746,0.0,8759
8,2.6457513110645907,1.0,0.125,-1.0,Building_10,9,MATD3,0.7900000214576721,True,0.0,0.0,0.0,0.5324955582618713,41,8725,0.0,0.0,-0.0,367885,0.0,16.451881408691406,-0.6386224627494812,8.760553359985352,12.996986389160156,16.451881408691406,16.451881408691406,78,3.3327389865154204,1.0,0.18202073919849518,0.0,0.0,0.0,-0.6234491467475891,CityLearnV3MADRLRewardFunction,matd3_unified_comparable_v4,E2,-0.0,1907,13.977656622967851,1.0,0.13056659979787746,0.0,8759
5,1.7320508075688772,1.0,0.2,-1.0,Building_11,10,MATD3,0.7900000214576721,True,0.0,0.0,0.0,0.5324955582618713,41,8725,0.0,0.0,-0.0,367885,0.0,66.45198059082031,-0.7267248034477234,35.38538360595703,52.497066497802734,66.45198059082031,66.45198059082031,57,3.3370684326624835,1.0,0.24824231287889315,0.0,0.0,0.0,-0.6234491467475891,CityLearnV3MADRLRewardFunction,matd3_unified_comparable_v4,E2,-0.0,1907,13.977656622967851,1.0,0.13056659979787746,0.0,8759
5,1.7320508075688772,1.0,-0.2,-1.0,Building_12,11,MATD3,0.7900000214576721,True,0.0,0.0,0.0,0.5324955582618713,41,8725,0.0,0.0,-0.0,367885,0.0,155.388671875,-0.7285810708999634,82.7437744140625,122.7570571899414,155.388671875,155.388671875,57,3.2986450553893563,1.0,0.24877953738497013,0.0,0.0,0.0,-0.6234491467475891,CityLearnV3MADRLRewardFunction,matd3_unified_comparable_v4,E2,-0.0,1907,13.977656622967851,1.0,0.13056659979787746,0.0,8759
13,2.6457513110645907,1.0,0.38461538461538464,-1.0,Building_13,12,MATD3,0.7900000214576721,True,-3.940150236303452e-06,0.0,0.0,0.5324955582618713,41,8725,0.0,0.0,-0.0,367885,0.0,0.10476967692375183,-0.4731903672218323,0.055789388716220856,0.0827680453658104,0.10476967692375183,0.1047736182808876,113,3.5034903058070705,1.0,0.13320528907058513,0.0,0.0,0.0,-0.6234491467475891,CityLearnV3MADRLRewardFunction,matd3_unified_comparable_v4,E2,-0.0,1907,13.977656622967851,1.0,0.13056659979787746,0.0,8759
6,2.23606797749979,1.0,0.16666666666666666,-1.0,Building_14,13,MATD3,0.7900000214576721,True,0.0,0.0,0.0,0.5324955582618713,41,8725,0.0,0.0,-0.0,367885,0.0,1.3521205186843872,-0.48826953768730164,0.7199981808662415,1.068175196647644,1.3521205186843872,1.3521205186843872,64,3.3627989173264545,1.0,0.22267394256778061,0.0,0.0,0.0,-0.6234491467475891,CityLearnV3MADRLRewardFunction,matd3_unified_comparable_v4,E2,-0.0,1907,13.977656622967851,1.0,0.13056659979787746,0.0,8759
10,2.23606797749979,1.0,0.1,-1.0,Building_15,14,MATD3,0.7900000214576721,True,0.0,0.0,0.0,0.5324955582618713,41,8725,0.0,0.0,-0.0,367885,0.0,15.147623062133789,-0.6291901469230652,8.066041946411133,11.966622352600098,15.147623062133789,15.147623062133789,92,3.4062206102198083,1.0,0.16028831105517305,0.0,0.0,0.0,-0.6234491467475891,CityLearnV3MADRLRewardFunction,matd3_unified_comparable_v4,E2,-0.0,1907,13.977656622967851,1.0,0.13056659979787746,0.0,8759
13,2.23606797749979,1.0,0.23076923076923078,-1.0,Building_16,15,MATD3,0.7900000214576721,True,0.0,0.0,0.0,0.5324955582618713,41,8725,0.0,0.0,-0.0,367885,0.0,11.957420349121094,-0.6029682159423828,6.367273330688477,9.446362495422363,11.957420349121094,11.957420349121094,113,3.329471900994795,1.0,0.1249398920124611,0.0,0.0,0.0,-0.6234491467475891,CityLearnV3MADRLRewardFunction,matd3_unified_comparable_v4,E2,-0.0,1907,13.977656622967851,1.0,0.13056659979787746,0.0,8759
13,2.0,1.0,0.15384615384615385,-1.0,Building_17,16,MATD3,0.7900000214576721,True,0.0,0.0,0.0,0.5324955582618713,41,8725,0.0,0.0,-0.0,367885,0.0,23.087642669677734,-0.6758719086647034,12.2940673828125,18.239238739013672,23.087642669677734,23.087642669677734,113,3.3488064918118936,1.0,0.129059622773027,0.0,0.0,0.0,-0.6234491467475891,CityLearnV3MADRLRewardFunction,matd3_unified_comparable_v4,E2,-0.0,1907,13.977656622967851,1.0,0.13056659979787746,0.0,8759
6,2.23606797749979,1.0,0.5,-1.0,Building_1,0,MATD3,0.6966040134429932,False,0.0,0.0,0.0,0.5324955582618713,42,0,0.0,0.0,-0.0,367920,-0.0,0.0,-0.8442621231079102,0.0,0.0,0.0,0.0,64,4.881796805565297,1.600000023841858,0.4723546325112693,0.0,-0.0,117.69670138397217,-0.7973229289054871,CityLearnV3MADRLRewardFunction,matd3_unified_comparable_v4,E2,-117.69670138397217,1907,21.07006706195045,1.0,0.3086258410317428,0.0,35
8,2.0,1.0,0.25,-1.0,Building_2,1,MATD3,0.6966040134429932,False,0.0,0.0,0.0,0.5324955582618713,42,0,0.0,0.0,-0.0,367920,-0.0,0.0,-0.7095382213592529,0.0,0.0,0.0,0.0,78,3.814508052010821,1.600000023841858,0.23312563661676952,0.0,-0.0,67.4785693359375,-0.7973229289054871,CityLearnV3MADRLRewardFunction,matd3_unified_comparable_v4,E2,-67.4785693359375,1907,21.07006706195045,1.0,0.3086258410317428,0.0,35
10,2.449489742783178,1.0,0.0,-1.0,Building_3,2,MATD3,0.6966040134429932,False,0.0,0.0,0.0,0.5324955582618713,42,0,0.0,0.0,-0.0,367920,-0.0,0.0,-0.8192097544670105,0.0,0.0,0.0,0.0,92,4.895103050893885,1.840000033378601,0.3246307912606584,0.0,-0.0,46.77937098846435,-0.7973229289054871,CityLearnV3MADRLRewardFunction,matd3_unified_comparable_v4,E2,-46.77937098846435,1907,21.07006706195045,1.0,0.3086258410317428,0.0,35
8,2.23606797749979,1.0,0.125,-1.0,Building_4,3,MATD3,0.6966040134429932,False,0.0,0.0,0.0,0.5324955582618713,42,0,0.0,0.0,-0.0,367920,-0.0,0.0,-0.8661485314369202,0.0,0.0,0.0,0.0,78,4.140132879765561,1.7200000286102295,0.2759170377244934,0.0,-0.0,20.632371839141847,-0.7973229289054871,CityLearnV3MADRLRewardFunction,matd3_unified_comparable_v4,E2,-20.632371839141847,1907,21.07006706195045,1.0,0.3086258410317428,0.0,35
5,1.7320508075688772,1.0,-0.2,-1.0,Building_5,4,MATD3,0.6966040134429932,False,0.0,0.0,0.0,0.5324955582618713,42,0,0.0,0.0,-0.0,367920,-0.0,0.0,-0.8632172346115112,0.0,0.0,0.0,0.0,57,3.9067984848456683,1.840000033378601,0.34730141953025995,0.0,-0.0,7.247666305351258,-0.7973229289054871,CityLearnV3MADRLRewardFunction,matd3_unified_comparable_v4,E2,-7.247666305351258,1907,21.07006706195045,1.0,0.3086258410317428,0.0,35
34,3.7416573867739413,1.0,0.23529411764705882,-1.0,Building_6,5,MATD3,0.6966040134429932,False,0.0,0.0,0.0,0.5324955582618713,42,0,0.0,0.0,-0.0,367920,-0.0,0.0,-0.8097041845321655,0.0,0.0,0.0,0.0,260,5.467782579572218,1.7200000286102295,0.14216095571621107,0.0,-0.0,177.64589389762875,-0.7973229289054871,CityLearnV3MADRLRewardFunction,matd3_unified_comparable_v4,E2,-177.64589389762875,1907,21.07006706195045,1.0,0.3086258410317428,0.0,35
44,4.58257569495584,1.0,0.38636363636363635,-1.0,Building_7,6,MATD3,0.6966040134429932,False,0.0,0.0,0.0,0.5324955582618713,42,0,0.0,0.0,-0.0,367920,-0.0,0.0,-0.7686740159988403,0.0,0.0,0.0,0.0,330,9.252024086331193,1.6799999475479126,0.31493680063409335,0.0,-0.0,62.92603669853211,-0.7973229289054871,CityLearnV3MADRLRewardFunction,matd3_unified_comparable_v4,E2,-62.92603669853211,1907,21.07006706195045,1.0,0.3086258410317428,0.0,35
19,3.3166247903554,1.0,0.15789473684210525,-1.0,Building_8,7,MATD3,0.6966040134429932,False,0.0,0.0,0.0,0.5324955582618713,42,0,0.0,0.0,-0.0,367920,-0.0,0.0,-0.8315739631652832,0.0,0.0,0.0,0.0,155,6.429051444001531,1.559999942779541,0.3314207482241815,0.0,-0.0,181.0264783493042,-0.7973229289054871,CityLearnV3MADRLRewardFunction,matd3_unified_comparable_v4,E2,-181.0264783493042,1907,21.07006706195045,1.0,0.3086258410317428,0.0,35
12,2.6457513110645907,1.0,0.25,-1.0,Building_9,8,MATD3,0.6966040134429932,False,0.0,0.0,0.0,0.5324955582618713,42,0,0.0,0.0,-0.0,367920,-0.0,0.0,-0.6596629023551941,0.0,0.0,0.0,0.0,106,3.723770199920286,1.840000033378601,0.16579057218260923,0.0,-0.0,33.978143176460264,-0.7973229289054871,CityLearnV3MADRLRewardFunction,matd3_unified_comparable_v4,E2,-33.978143176460264,1907,21.07006706195045,1.0,0.3086258410317428,0.0,35
8,2.6457513110645907,1.0,0.125,-1.0,Building_10,9,MATD3,0.6966040134429932,False,0.0,0.0,0.0,0.5324955582618713,42,0,0.0,0.0,-0.0,367920,-0.0,0.0,-0.855510950088501,0.0,0.0,0.0,0.0,78,5.34862890509918,1.600000023841858,0.46391763299321515,0.0,-0.0,120.36552038383483,-0.7973229289054871,CityLearnV3MADRLRewardFunction,matd3_unified_comparable_v4,E2,-120.36552038383483,1907,21.07006706195045,1.0,0.3086258410317428,0.0,35
5,1.7320508075688772,1.0,0.2,-1.0,Building_11,10,MATD3,0.6966040134429932,False,0.0,0.0,0.0,0.5324955582618713,42,0,0.0,0.0,-0.0,367920,-0.0,0.0,-0.8346635103225708,0.0,0.0,0.0,0.0,57,4.530880609385563,1.840000033378601,0.4541192148534352,0.0,-0.0,350.52957166137696,-0.7973229289054871,CityLearnV3MADRLRewardFunction,matd3_unified_comparable_v4,E2,-350.52957166137696,1907,21.07006706195045,1.0,0.3086258410317428,0.0,35
5,1.7320508075688772,1.0,-0.2,-1.0,Building_12,11,MATD3,0.6966040134429932,False,0.0,0.0,0.0,0.5324955582618713,42,0,0.0,0.0,-0.0,367920,-0.0,0.0,-0.8254547715187073,0.0,0.0,0.0,0.0,57,4.364912852358943,1.840000033378601,0.43448849597520994,0.0,-0.0,155.766474981308,-0.7973229289054871,CityLearnV3MADRLRewardFunction,matd3_unified_comparable_v4,E2,-155.766474981308,1907,21.07006706195045,1.0,0.3086258410317428,0.0,35
13,2.6457513110645907,1.0,0.38461538461538464,-1.0,Building_13,12,MATD3,0.6966040134429932,False,0.0,0.0,0.0,0.5324955582618713,42,0,0.0,0.0,-0.0,367920,-0.0,0.0,-0.7027609944343567,0.0,0.0,0.0,0.0,113,5.7212139410385765,1.6799999475479126,0.3537937093328322,0.0,-0.0,21.4064107170105,-0.7973229289054871,CityLearnV3MADRLRewardFunction,matd3_unified_comparable_v4,E2,-21.4064107170105,1907,21.07006706195045,1.0,0.3086258410317428,0.0,35
6,2.23606797749979,1.0,0.16666666666666666,-1.0,Building_14,13,MATD3,0.6966040134429932,False,0.0,0.0,0.0,0.5324955582618713,42,0,0.0,0.0,-0.0,367920,-0.0,0.0,-0.712049663066864,0.0,0.0,0.0,0.0,64,3.986207046660652,1.6799999475479126,0.3174891064991243,0.0,-0.0,151.67519316940306,-0.7973229289054871,CityLearnV3MADRLRewardFunction,matd3_unified_comparable_v4,E2,-151.67519316940306,1907,21.07006706195045,1.0,0.3086258410317428,0.0,35
10,2.23606797749979,1.0,0.1,-1.0,Building_15,14,MATD3,0.6966040134429932,False,0.0,0.0,0.0,0.5324955582618713,42,0,0.0,0.0,-0.0,367920,-0.0,0.0,-0.8031081557273865,0.0,0.0,0.0,0.0,92,5.317948093076571,1.559999942779541,0.39010717175172077,0.0,-0.0,80.69504652175904,-0.7973229289054871,CityLearnV3MADRLRewardFunction,matd3_unified_comparable_v4,E2,-80.69504652175904,1907,21.07006706195045,1.0,0.3086258410317428,0.0,35
13,2.23606797749979,1.0,0.23076923076923078,-1.0,Building_16,15,MATD3,0.6966040134429932,False,0.0,0.0,0.0,0.5324955582618713,42,0,0.0,0.0,-0.0,367920,-0.0,0.0,-0.8470678925514221,0.0,0.0,0.0,0.0,113,6.17019817776672,1.600000023841858,0.4185143831161271,0.0,-0.0,84.25188218994141,-0.7973229289054871,CityLearnV3MADRLRewardFunction,matd3_unified_comparable_v4,E2,-84.25188218994141,1907,21.07006706195045,1.0,0.3086258410317428,0.0,35
13,2.0,1.0,0.15384615384615385,-1.0,Building_17,16,MATD3,0.6966040134429932,False,0.0,0.0,0.0,0.5324955582618713,42,0,0.0,0.0,-0.0,367920,-0.0,0.0,-0.8018836975097656,0.0,0.0,0.0,0.0,113,5.94034639239327,1.840000033378601,0.3890268915885054,0.0,-0.0,13.182655504226684,-0.7973229289054871,CityLearnV3MADRLRewardFunction,matd3_unified_comparable_v4,E2,-13.182655504226684,1907,21.07006706195045,1.0,0.3086258410317428,0.0,35
6,2.23606797749979,1.0,0.5,-1.0,Building_1,0,MATD3,0.7900000214576721,True,-2.591028533061035e-05,0.0,0.0,0.5324955582618713,42,8724,0.0,0.0,-0.0,376644,0.0,433.4545593261719,-0.8126420378684998,230.8126220703125,342.4291076660156,433.4545593261719,433.45458984375,64,3.3346950690998187,1.0,0.22409327677451074,0.0,0.0,0.0,-0.7389963865280151,CityLearnV3MADRLRewardFunction,matd3_unified_comparable_v4,E2,-0.0,1907,13.637538124787994,1.0,0.12602388051030333,0.0,8759
8,2.0,1.0,0.25,-1.0,Building_2,1,MATD3,0.7900000214576721,True,-7.45059693940675e-08,0.0,0.0,0.5324955582618713,42,8724,0.0,0.0,-0.0,376644,0.0,15.16435432434082,-0.7112137675285339,8.074951171875,11.979840278625488,15.16435432434082,15.16435432434082,78,3.4503282414222163,1.0,0.19114438100503042,0.0,0.0,0.0,-0.7389963865280151,CityLearnV3MADRLRewardFunction,matd3_unified_comparable_v4,E2,-0.0,1907,13.637538124787994,1.0,0.12602388051030333,0.0,8759
10,2.449489742783178,1.0,0.0,-1.0,Building_3,2,MATD3,0.7900000214576721,True,0.0,0.0,0.0,0.5324955582618713,42,8724,0.0,0.0,-0.0,376644,0.0,94.53981018066406,-0.8091206550598145,50.3420295715332,74.68645477294922,94.53981018066406,94.53981018066406,92,3.204969290194373,1.0,0.14604751976287883,0.0,0.0,0.0,-0.7389963865280151,CityLearnV3MADRLRewardFunction,matd3_unified_comparable_v4,E2,-0.0,1907,13.637538124787994,1.0,0.12602388051030333,0.0,8759
8,2.23606797749979,1.0,0.125,-1.0,Building_4,3,MATD3,0.7900000214576721,True,0.0,0.0,0.0,0.5324955582618713,42,8724,0.0,0.0,-0.0,376644,0.0,31.04317283630371,-0.7830014824867249,16.530351638793945,24.524106979370117,31.04317283630371,31.04317283630371,78,3.1916766443122158,1.0,0.17149378894231257,0.0,0.0,0.0,-0.7389963865280151,CityLearnV3MADRLRewardFunction,matd3_unified_comparable_v4,E2,-0.0,1907,13.637538124787994,1.0,0.12602388051030333,0.0,8759
5,1.7320508075688772,1.0,-0.2,-1.0,Building_5,4,MATD3,0.7900000214576721,True,0.0,0.0,0.0,0.5324955582618713,42,8724,0.0,0.0,-0.0,376644,0.0,38.538970947265625,-0.8105393648147583,20.521831512451172,30.44578742980957,38.538970947265625,38.538970947265625,57,3.423454924171088,1.0,0.2743285089208369,0.0,0.0,0.0,-0.7389963865280151,CityLearnV3MADRLRewardFunction,matd3_unified_comparable_v4,E2,-0.0,1907,13.637538124787994,1.0,0.12602388051030333,0.0,8759
34,3.7416573867739413,1.0,0.23529411764705882,-1.0,Building_6,5,MATD3,0.7900000214576721,True,0.0,0.0,0.0,0.5324955582618713,42,8724,0.0,0.0,-0.0,376644,0.0,362.8901062011719,-0.8113460540771484,193.23736572265625,286.6831970214844,362.8901062011719,362.8901062011719,260,3.184578026920365,1.0,0.05131137789441989,0.0,0.0,0.0,-0.7389963865280151,CityLearnV3MADRLRewardFunction,matd3_unified_comparable_v4,E2,-0.0,1907,13.637538124787994,1.0,0.12602388051030333,0.0,8759
44,4.58257569495584,1.0,0.38636363636363635,-1.0,Building_7,6,MATD3,0.7900000214576721,True,2.119661439792253e-05,0.0,0.0,0.5324955582618713,42,8724,0.0,0.0,-0.0,376644,0.0,12.664132118225098,-0.6909528970718384,6.743594169616699,10.004664421081543,12.664132118225098,12.664111137390137,330,3.4121844398967727,1.0,0.04423387093525944,0.0,0.0,0.0,-0.7389963865280151,CityLearnV3MADRLRewardFunction,matd3_unified_comparable_v4,E2,-0.0,1907,13.637538124787994,1.0,0.12602388051030333,0.0,8759
19,3.3166247903554,1.0,0.15789473684210525,-1.0,Building_8,7,MATD3,0.7900000214576721,True,0.0,0.0,0.0,0.5324955582618713,42,8724,0.0,0.0,-0.0,376644,0.0,12.065996170043945,-0.6851596236228943,6.425089359283447,9.532136917114258,12.065996170043945,12.065996170043945,155,3.327079593304185,1.0,0.09201990635164323,0.0,0.0,0.0,-0.7389963865280151,CityLearnV3MADRLRewardFunction,matd3_unified_comparable_v4,E2,-0.0,1907,13.637538124787994,1.0,0.12602388051030333,0.0,8759
12,2.6457513110645907,1.0,0.25,-1.0,Building_9,8,MATD3,0.7900000214576721,True,0.0,0.0,0.0,0.5324955582618713,42,8724,0.0,0.0,-0.0,376644,0.0,2.290161371231079,-0.5633835792541504,1.2195007801055908,1.8092275857925415,2.290161371231079,2.290161371231079,106,3.524763688463799,1.0,0.1502447155005527,0.0,0.0,0.0,-0.7389963865280151,CityLearnV3MADRLRewardFunction,matd3_unified_comparable_v4,E2,-0.0,1907,13.637538124787994,1.0,0.12602388051030333,0.0,8759
8,2.6457513110645907,1.0,0.125,-1.0,Building_10,9,MATD3,0.7900000214576721,True,0.0,0.0,0.0,0.5324955582618713,42,8724,0.0,0.0,-0.0,376644,0.0,51.649574279785156,-0.8049476146697998,27.5031681060791,40.803165435791016,51.649574279785156,51.649574279785156,78,3.2453861913152173,1.0,0.17623050472675225,0.0,0.0,0.0,-0.7389963865280151,CityLearnV3MADRLRewardFunction,matd3_unified_comparable_v4,E2,-0.0,1907,13.637538124787994,1.0,0.12602388051030333,0.0,8759
5,1.7320508075688772,1.0,0.2,-1.0,Building_11,10,MATD3,0.7900000214576721,True,0.0,0.0,0.0,0.5324955582618713,42,8724,0.0,0.0,-0.0,376644,0.0,71.54803466796875,-0.808362603187561,38.0990104675293,56.52294921875,71.54803466796875,71.54803466796875,57,3.2529987469196797,1.0,0.239674755421124,0.0,0.0,0.0,-0.7389963865280151,CityLearnV3MADRLRewardFunction,matd3_unified_comparable_v4,E2,-0.0,1907,13.637538124787994,1.0,0.12602388051030333,0.0,8759
5,1.7320508075688772,1.0,-0.2,-1.0,Building_12,11,MATD3,0.7900000214576721,True,0.0,0.0,0.0,0.5324955582618713,42,8724,0.0,0.0,-0.0,376644,0.0,215.11593627929688,-0.8103522658348083,114.54827880859375,169.94158935546875,215.11593627929688,215.11593627929688,57,3.2199753522224124,1.0,0.24075160789908023,0.0,0.0,0.0,-0.7389963865280151,CityLearnV3MADRLRewardFunction,matd3_unified_comparable_v4,E2,-0.0,1907,13.637538124787994,1.0,0.12602388051030333,0.0,8759
13,2.6457513110645907,1.0,0.38461538461538464,-1.0,Building_13,12,MATD3,0.7900000214576721,True,-3.940150236303452e-06,0.0,0.0,0.5324955582618713,42,8724,0.0,0.0,-0.0,376644,0.0,2.0330183506011963,-0.5777789354324341,1.0825732946395874,1.6060845851898193,2.0330183506011963,2.033022403717041,113,3.4123216014469584,1.0,0.12815825298296668,0.0,0.0,0.0,-0.7389963865280151,CityLearnV3MADRLRewardFunction,matd3_unified_comparable_v4,E2,-0.0,1907,13.637538124787994,1.0,0.12602388051030333,0.0,8759
6,2.23606797749979,1.0,0.16666666666666666,-1.0,Building_14,13,MATD3,0.7900000214576721,True,0.0,0.0,0.0,0.5324955582618713,42,8724,0.0,0.0,-0.0,376644,0.0,2.6149511337280273,-0.5846496820449829,1.3924498558044434,2.0658113956451416,2.6149511337280273,2.6149511337280273,64,3.246010192556302,1.0,0.21219419362023473,0.0,0.0,0.0,-0.7389963865280151,CityLearnV3MADRLRewardFunction,matd3_unified_comparable_v4,E2,-0.0,1907,13.637538124787994,1.0,0.12602388051030333,0.0,8759
10,2.23606797749979,1.0,0.1,-1.0,Building_15,14,MATD3,0.7900000214576721,True,0.0,0.0,0.0,0.5324955582618713,42,8724,0.0,0.0,-0.0,376644,0.0,19.521480560302734,-0.7392048835754395,10.395101547241211,15.42197036743164,19.521480560302734,19.521480560302734,92,3.3352580267821357,1.0,0.15549059633327567,0.0,0.0,0.0,-0.7389963865280151,CityLearnV3MADRLRewardFunction,matd3_unified_comparable_v4,E2,-0.0,1907,13.637538124787994,1.0,0.12602388051030333,0.0,8759
13,2.23606797749979,1.0,0.23076923076923078,-1.0,Building_16,15,MATD3,0.7900000214576721,True,0.0,0.0,0.0,0.5324955582618713,42,8724,0.0,0.0,-0.0,376644,0.0,54.89390563964844,-0.8059767484664917,29.23076057434082,43.366188049316406,54.89390563964844,54.89390563964844,113,3.2233941880861243,1.0,0.11971595718533593,0.0,0.0,0.0,-0.7389963865280151,CityLearnV3MADRLRewardFunction,matd3_unified_comparable_v4,E2,-0.0,1907,13.637538124787994,1.0,0.12602388051030333,0.0,8759
13,2.0,1.0,0.15384615384615385,-1.0,Building_17,16,MATD3,0.7900000214576721,True,0.0,0.0,0.0,0.5324955582618713,42,8724,0.0,0.0,-0.0,376644,0.0,22.46647071838379,-0.7543066740036011,11.963295936584473,17.748512268066406,22.46647071838379,22.46647071838379,113,3.212997057217479,1.0,0.11923809085799529,0.0,0.0,0.0,-0.7389963865280151,CityLearnV3MADRLRewardFunction,matd3_unified_comparable_v4,E2,-0.0,1907,13.637538124787994,1.0,0.12602388051030333,0.0,8759
6,2.23606797749979,1.0,0.5,-1.0,Building_1,0,MATD3,0.7271890044212341,False,0.0,0.0,0.0,0.5324955582618713,43,0,0.0,0.0,-0.0,376680,-0.0,0.0,-0.652158796787262,0.0,0.0,0.0,0.0,64,4.708623400875951,1.600000023841858,0.44666212459560484,0.0,-0.0,281.3347138671875,-0.5152291059494019,CityLearnV3MADRLRewardFunction,matd3_unified_comparable_v4,E2,-281.3347138671875,1907,20.427954178841844,1.0,0.2936324382195465,0.0,36
8,2.0,1.0,0.25,-1.0,Building_2,1,MATD3,0.7271890044212341,False,0.0,0.0,0.0,0.5324955582618713,43,0,0.0,0.0,-0.0,376680,-0.0,0.0,-0.39221295714378357,0.0,0.0,0.0,0.0,78,3.5606103763080608,1.600000023841858,0.20899482959738144,0.0,-0.0,161.211064453125,-0.5152291059494019,CityLearnV3MADRLRewardFunction,matd3_unified_comparable_v4,E2,-161.211064453125,1907,20.427954178841844,1.0,0.2936324382195465,0.0,36
10,2.449489742783178,1.0,0.0,-1.0,Building_3,2,MATD3,0.7271890044212341,False,0.0,0.0,0.0,0.5324955582618713,43,0,0.0,0.0,-0.0,376680,-0.0,0.0,-0.7270265221595764,0.0,0.0,0.0,0.0,92,4.522490161740635,1.840000033378601,0.283881271460458,0.0,-0.0,117.05066395874023,-0.5152291059494019,CityLearnV3MADRLRewardFunction,matd3_unified_comparable_v4,E2,-117.05066395874023,1907,20.427954178841844,1.0,0.2936324382195465,0.0,36
8,2.23606797749979,1.0,0.125,-1.0,Building_4,3,MATD3,0.7271890044212341,False,0.0,0.0,0.0,0.5324955582618713,43,0,0.0,0.0,-0.0,376680,-0.0,0.0,-0.7280562520027161,0.0,0.0,0.0,0.0,78,3.951103800477905,1.7200000286102295,0.25657048205343574,0.0,-0.0,49.96093520507813,-0.5152291059494019,CityLearnV3MADRLRewardFunction,matd3_unified_comparable_v4,E2,-49.96093520507813,1907,20.427954178841844,1.0,0.2936324382195465,0.0,36
5,1.7320508075688772,1.0,-0.2,-1.0,Building_5,4,MATD3,0.7271890044212341,False,0.0,0.0,0.0,0.5324955582618713,43,0,0.0,0.0,-0.0,376680,-0.0,0.0,-0.6659907102584839,0.0,0.0,0.0,0.0,57,3.644113172161612,1.840000033378601,0.3087614260352494,0.0,-0.0,20.195654624176026,-0.5152291059494019,CityLearnV3MADRLRewardFunction,matd3_unified_comparable_v4,E2,-20.195654624176026,1907,20.427954178841844,1.0,0.2936324382195465,0.0,36
34,3.7416573867739413,1.0,0.23529411764705882,-1.0,Building_6,5,MATD3,0.7271890044212341,False,0.0,0.0,0.0,0.5324955582618713,43,0,0.0,0.0,-0.0,376680,-0.0,0.0,-0.6124778389930725,0.0,0.0,0.0,0.0,260,5.819966673022182,1.7200000286102295,0.1617550354737502,0.0,-0.0,418.88345362014763,-0.5152291059494019,CityLearnV3MADRLRewardFunction,matd3_unified_comparable_v4,E2,-418.88345362014763,1907,20.427954178841844,1.0,0.2936324382195465,0.0,36
44,4.58257569495584,1.0,0.38636363636363635,-1.0,Building_7,6,MATD3,0.7271890044212341,False,0.0,0.0,0.0,0.5324955582618713,43,0,0.0,0.0,-0.0,376680,-0.0,0.0,-0.3489980101585388,0.0,0.0,0.0,0.0,330,9.184863797020473,1.6799999475479126,0.3082330135374584,0.0,-0.0,158.36004592437746,-0.5152291059494019,CityLearnV3MADRLRewardFunction,matd3_unified_comparable_v4,E2,-158.36004592437746,1907,20.427954178841844,1.0,0.2936324382195465,0.0,36
19,3.3166247903554,1.0,0.15789473684210525,-1.0,Building_8,7,MATD3,0.7271890044212341,False,0.0,0.0,0.0,0.5324955582618713,43,0,0.0,0.0,-0.0,376680,-0.0,0.0,-0.33328187465667725,0.0,0.0,0.0,0.0,155,6.2700832581655135,1.559999942779541,0.3165936024919633,0.0,-0.0,426.63913282165527,-0.5152291059494019,CityLearnV3MADRLRewardFunction,matd3_unified_comparable_v4,E2,-426.63913282165527,1907,20.427954178841844,1.0,0.2936324382195465,0.0,36
12,2.6457513110645907,1.0,0.25,-1.0,Building_9,8,MATD3,0.7271890044212341,False,0.0,0.0,0.0,0.5324955582618713,43,0,0.0,0.0,-0.0,376680,-0.0,0.0,-0.394275426864624,0.0,0.0,0.0,0.0,106,3.4601277487023467,1.840000033378601,0.14687872857277123,0.0,-0.0,86.79529672851562,-0.5152291059494019,CityLearnV3MADRLRewardFunction,matd3_unified_comparable_v4,E2,-86.79529672851562,1907,20.427954178841844,1.0,0.2936324382195465,0.0,36
8,2.6457513110645907,1.0,0.125,-1.0,Building_10,9,MATD3,0.7271890044212341,False,0.0,0.0,0.0,0.5324955582618713,43,0,0.0,0.0,-0.0,376680,-0.0,0.0,-0.6776695847511292,0.0,0.0,0.0,0.0,78,5.174319822730801,1.600000023841858,0.4343434383089726,0.0,-0.0,287.4587317863464,-0.5152291059494019,CityLearnV3MADRLRewardFunction,matd3_unified_comparable_v4,E2,-287.4587317863464,1907,20.427954178841844,1.0,0.2936324382195465,0.0,36
5,1.7320508075688772,1.0,0.2,-1.0,Building_11,10,MATD3,0.7271890044212341,False,0.0,0.0,0.0,0.5324955582618713,43,0,0.0,0.0,-0.0,376680,-0.0,0.0,-0.344709575176239,0.0,0.0,0.0,0.0,57,4.33977280206487,1.840000033378601,0.4209122717004727,0.0,-0.0,849.3755247413636,-0.5152291059494019,CityLearnV3MADRLRewardFunction,matd3_unified_comparable_v4,E2,-849.3755247413636,1907,20.427954178841844,1.0,0.2936324382195465,0.0,36
5,1.7320508075688772,1.0,-0.2,-1.0,Building_12,11,MATD3,0.7271890044212341,False,0.0,0.0,0.0,0.5324955582618713,43,0,0.0,0.0,-0.0,376680,-0.0,0.0,-0.6253069639205933,0.0,0.0,0.0,0.0,57,4.137709959315409,1.840000033378601,0.40020275802204486,0.0,-0.0,368.68618185043334,-0.5152291059494019,CityLearnV3MADRLRewardFunction,matd3_unified_comparable_v4,E2,-368.68618185043334,1907,20.427954178841844,1.0,0.2936324382195465,0.0,36
13,2.6457513110645907,1.0,0.38461538461538464,-1.0,Building_13,12,MATD3,0.7271890044212341,False,0.0,0.0,0.0,0.5324955582618713,43,0,0.0,0.0,-0.0,376680,-0.0,0.0,-0.3459853231906891,0.0,0.0,0.0,0.0,113,5.560591721395903,1.6799999475479126,0.3376576690151628,0.0,-0.0,53.42923513183594,-0.5152291059494019,CityLearnV3MADRLRewardFunction,matd3_unified_comparable_v4,E2,-53.42923513183594,1907,20.427954178841844,1.0,0.2936324382195465,0.0,36
6,2.23606797749979,1.0,0.16666666666666666,-1.0,Building_14,13,MATD3,0.7271890044212341,False,0.0,0.0,0.0,0.5324955582618713,43,0,0.0,0.0,-0.0,376680,-0.0,0.0,-0.42308124899864197,0.0,0.0,0.0,0.0,64,3.743150085865581,1.6799999475479126,0.2907026647590101,0.0,-0.0,359.2992901481628,-0.5152291059494019,CityLearnV3MADRLRewardFunction,matd3_unified_comparable_v4,E2,-359.2992901481628,1907,20.427954178841844,1.0,0.2936324382195465,0.0,36
10,2.23606797749979,1.0,0.1,-1.0,Building_15,14,MATD3,0.7271890044212341,False,0.0,0.0,0.0,0.5324955582618713,43,0,0.0,0.0,-0.0,376680,-0.0,0.0,-0.3485495448112488,0.0,0.0,0.0,0.0,92,5.130874042342693,1.559999942779541,0.3680705579564623,0.0,-0.0,196.42334743804932,-0.5152291059494019,CityLearnV3MADRLRewardFunction,matd3_unified_comparable_v4,E2,-196.42334743804932,1907,20.427954178841844,1.0,0.2936324382195465,0.0,36
13,2.23606797749979,1.0,0.23076923076923078,-1.0,Building_16,15,MATD3,0.7271890044212341,False,0.0,0.0,0.0,0.5324955582618713,43,0,0.0,0.0,-0.0,376680,-0.0,0.0,-0.5567790269851685,0.0,0.0,0.0,0.0,113,6.007749907516335,1.600000023841858,0.3968281264589951,0.0,-0.0,204.58588572692875,-0.5152291059494019,CityLearnV3MADRLRewardFunction,matd3_unified_comparable_v4,E2,-204.58588572692875,1907,20.427954178841844,1.0,0.2936324382195465,0.0,36
13,2.0,1.0,0.15384615384615385,-1.0,Building_17,16,MATD3,0.7271890044212341,False,0.0,0.0,0.0,0.5324955582618713,43,0,0.0,0.0,-0.0,376680,-0.0,0.0,-0.5823357105255127,0.0,0.0,0.0,0.0,113,5.784239914898154,1.840000033378601,0.37114205448764614,0.0,-0.0,32.02696459884643,-0.5152291059494019,CityLearnV3MADRLRewardFunction,matd3_unified_comparable_v4,E2,-32.02696459884643,1907,20.427954178841844,1.0,0.2936324382195465,0.0,36
6,2.23606797749979,1.0,0.5,-1.0,Building_1,0,MATD3,0.7900000214576721,True,-2.591028533061035e-05,0.0,0.0,0.5324955582618713,43,8723,0.0,0.0,-0.0,385403,0.0,446.8855895996094,-0.8114431500434875,237.96458435058594,353.03961181640625,446.8855895996094,446.8856201171875,64,3.503224370920406,1.0,0.24708087975159287,0.0,0.0,0.0,-0.7374456524848938,CityLearnV3MADRLRewardFunction,matd3_unified_comparable_v4,E2,-0.0,1907,14.36942039239596,1.0,0.1394369537074277,0.0,8759
8,2.0,1.0,0.25,-1.0,Building_2,1,MATD3,0.7900000214576721,True,-7.45059693940675e-08,0.0,0.0,0.5324955582618713,43,8723,0.0,0.0,-0.0,385403,0.0,5.618855953216553,-0.6186769008636475,2.992015838623047,4.438896179199219,5.618855953216553,5.618855953216553,78,3.5967874580055867,1.0,0.20523377832693931,0.0,0.0,0.0,-0.7374456524848938,CityLearnV3MADRLRewardFunction,matd3_unified_comparable_v4,E2,-0.0,1907,14.36942039239596,1.0,0.1394369537074277,0.0,8759
10,2.449489742783178,1.0,0.0,-1.0,Building_3,2,MATD3,0.7900000214576721,True,0.0,0.0,0.0,0.5324955582618713,43,8723,0.0,0.0,-0.0,385403,0.0,98.17061614990234,-0.8079792261123657,52.27541732788086,77.5547866821289,98.17061614990234,98.17061614990234,92,3.3819518729175577,1.0,0.16205699093963788,0.0,0.0,0.0,-0.7374456524848938,CityLearnV3MADRLRewardFunction,matd3_unified_comparable_v4,E2,-0.0,1907,14.36942039239596,1.0,0.1394369537074277,0.0,8759
8,2.23606797749979,1.0,0.125,-1.0,Building_4,3,MATD3,0.7900000214576721,True,0.0,0.0,0.0,0.5324955582618713,43,8723,0.0,0.0,-0.0,385403,0.0,28.84416961669922,-0.7762286067008972,15.359392166137695,22.786893844604492,28.84416961669922,28.84416961669922,78,3.365757821671856,1.0,0.19006271679431963,0.0,0.0,0.0,-0.7374456524848938,CityLearnV3MADRLRewardFunction,matd3_unified_comparable_v4,E2,-0.0,1907,14.36942039239596,1.0,0.1394369537074277,0.0,8759
5,1.7320508075688772,1.0,-0.2,-1.0,Building_5,4,MATD3,0.7900000214576721,True,0.0,0.0,0.0,0.5324955582618713,43,8723,0.0,0.0,-0.0,385403,0.0,37.89287567138672,-0.8085435628890991,20.17778778076172,29.935373306274414,37.89287567138672,37.89287567138672,57,3.588186860022673,1.0,0.30008620049869805,0.0,0.0,0.0,-0.7374456524848938,CityLearnV3MADRLRewardFunction,matd3_unified_comparable_v4,E2,-0.0,1907,14.36942039239596,1.0,0.1394369537074277,0.0,8759
34,3.7416573867739413,1.0,0.23529411764705882,-1.0,Building_6,5,MATD3,0.7900000214576721,True,0.0,0.0,0.0,0.5324955582618713,43,8723,0.0,0.0,-0.0,385403,0.0,350.8894348144531,-0.810080349445343,186.84706115722656,277.2026672363281,350.8894348144531,350.8894348144531,260,3.3609150752866683,1.0,0.05693318809454258,0.0,0.0,0.0,-0.7374456524848938,CityLearnV3MADRLRewardFunction,matd3_unified_comparable_v4,E2,-0.0,1907,14.36942039239596,1.0,0.1394369537074277,0.0,8759
44,4.58257569495584,1.0,0.38636363636363635,-1.0,Building_7,6,MATD3,0.7900000214576721,True,2.119661439792253e-05,0.0,0.0,0.5324955582618713,43,8723,0.0,0.0,-0.0,385403,0.0,18.660245895385742,-0.7337864637374878,9.936497688293457,14.741594314575195,18.660245895385742,18.66022491455078,330,3.5839483164279073,1.0,0.04892784004861658,0.0,0.0,0.0,-0.7374456524848938,CityLearnV3MADRLRewardFunction,matd3_unified_comparable_v4,E2,-0.0,1907,14.36942039239596,1.0,0.1394369537074277,0.0,8759
19,3.3166247903554,1.0,0.15789473684210525,-1.0,Building_8,7,MATD3,0.7900000214576721,True,0.0,0.0,0.0,0.5324955582618713,43,8723,0.0,0.0,-0.0,385403,0.0,19.251495361328125,-0.7364574670791626,10.251336097717285,15.2086820602417,19.251495361328125,19.251495361328125,155,3.5885433590282907,1.0,0.10431925356388091,0.0,0.0,0.0,-0.7374456524848938,CityLearnV3MADRLRewardFunction,matd3_unified_comparable_v4,E2,-0.0,1907,14.36942039239596,1.0,0.1394369537074277,0.0,8759
12,2.6457513110645907,1.0,0.25,-1.0,Building_9,8,MATD3,0.7900000214576721,True,0.0,0.0,0.0,0.5324955582618713,43,8723,0.0,0.0,-0.0,385403,0.0,2.4506425857543945,-0.5641038417816162,1.304956316947937,1.9360077381134033,2.4506425857543945,2.4506425857543945,106,3.69422321994266,1.0,0.16635122839009986,0.0,0.0,0.0,-0.7374456524848938,CityLearnV3MADRLRewardFunction,matd3_unified_comparable_v4,E2,-0.0,1907,14.36942039239596,1.0,0.1394369537074277,0.0,8759
8,2.6457513110645907,1.0,0.125,-1.0,Building_10,9,MATD3,0.7900000214576721,True,0.0,0.0,0.0,0.5324955582618713,43,8723,0.0,0.0,-0.0,385403,0.0,34.33414077758789,-0.7884258031845093,18.282777786254883,27.123971939086914,34.33414077758789,34.33414077758789,78,3.415234646210866,1.0,0.1936505149381283,0.0,0.0,0.0,-0.7374456524848938,CityLearnV3MADRLRewardFunction,matd3_unified_comparable_v4,E2,-0.0,1907,14.36942039239596,1.0,0.1394369537074277,0.0,8759
5,1.7320508075688772,1.0,0.2,-1.0,Building_11,10,MATD3,0.7900000214576721,True,0.0,0.0,0.0,0.5324955582618713,43,8723,0.0,0.0,-0.0,385403,0.0,57.917564392089844,-0.805500864982605,30.840845108032227,45.754878997802734,57.917564392089844,57.917564392089844,57,3.4269249047087063,1.0,0.2646699521625251,0.0,0.0,0.0,-0.7374456524848938,CityLearnV3MADRLRewardFunction,matd3_unified_comparable_v4,E2,-0.0,1907,14.36942039239596,1.0,0.1394369537074277,0.0,8759
5,1.7320508075688772,1.0,-0.2,-1.0,Building_12,11,MATD3,0.7900000214576721,True,0.0,0.0,0.0,0.5324955582618713,43,8723,0.0,0.0,-0.0,385403,0.0,182.6020965576172,-0.8088650107383728,97.23480224609375,144.2556610107422,182.6020965576172,182.6020965576172,57,3.38220839408873,1.0,0.2615112162995757,0.0,0.0,0.0,-0.7374456524848938,CityLearnV3MADRLRewardFunction,matd3_unified_comparable_v4,E2,-0.0,1907,14.36942039239596,1.0,0.1394369537074277,0.0,8759
13,2.6457513110645907,1.0,0.38461538461538464,-1.0,Building_13,12,MATD3,0.7900000214576721,True,-3.940150236303452e-06,0.0,0.0,0.5324955582618713,43,8723,0.0,0.0,-0.0,385403,0.0,2.789363384246826,-0.5856541395187378,1.4853236675262451,2.203597068786621,2.789363384246826,2.789367437362671,113,3.5803868130996173,1.0,0.14118063555354565,0.0,0.0,0.0,-0.7374456524848938,CityLearnV3MADRLRewardFunction,matd3_unified_comparable_v4,E2,-0.0,1907,14.36942039239596,1.0,0.1394369537074277,0.0,8759
6,2.23606797749979,1.0,0.16666666666666666,-1.0,Building_14,13,MATD3,0.7900000214576721,True,0.0,0.0,0.0,0.5324955582618713,43,8723,0.0,0.0,-0.0,385403,0.0,2.485826015472412,-0.5819096565246582,1.3236913681030273,1.9638025760650635,2.485826015472412,2.485826015472412,64,3.418981692118897,1.0,0.23510858113877475,0.0,0.0,0.0,-0.7374456524848938,CityLearnV3MADRLRewardFunction,matd3_unified_comparable_v4,E2,-0.0,1907,14.36942039239596,1.0,0.1394369537074277,0.0,8759
10,2.23606797749979,1.0,0.1,-1.0,Building_15,14,MATD3,0.7900000214576721,True,0.0,0.0,0.0,0.5324955582618713,43,8723,0.0,0.0,-0.0,385403,0.0,20.5941162109375,-0.7438784837722778,10.966275215148926,16.269351959228516,20.5941162109375,20.5941162109375,92,3.5109822890869915,1.0,0.17171372230286183,0.0,0.0,0.0,-0.7374456524848938,CityLearnV3MADRLRewardFunction,matd3_unified_comparable_v4,E2,-0.0,1907,14.36942039239596,1.0,0.1394369537074277,0.0,8759
13,2.23606797749979,1.0,0.23076923076923078,-1.0,Building_16,15,MATD3,0.7900000214576721,True,0.0,0.0,0.0,0.5324955582618713,43,8723,0.0,0.0,-0.0,385403,0.0,103.13050842285156,-0.8080489039421082,54.91653823852539,81.47310638427734,103.13050842285156,103.13050842285156,113,3.4178754577396515,1.0,0.13568326870424557,0.0,0.0,0.0,-0.7374456524848938,CityLearnV3MADRLRewardFunction,matd3_unified_comparable_v4,E2,-0.0,1907,14.36942039239596,1.0,0.1394369537074277,0.0,8759
13,2.0,1.0,0.15384615384615385,-1.0,Building_17,16,MATD3,0.7900000214576721,True,0.0,0.0,0.0,0.5324955582618713,43,8723,0.0,0.0,-0.0,385403,0.0,21.1981143951416,-0.746994137763977,11.287901878356934,16.746511459350586,21.1981143951416,21.1981143951416,113,3.40587103762136,1.0,0.13510602633510016,0.0,0.0,0.0,-0.7374456524848938,CityLearnV3MADRLRewardFunction,matd3_unified_comparable_v4,E2,-0.0,1907,14.36942039239596,1.0,0.1394369537074277,0.0,8759
6,2.23606797749979,1.0,0.5,-1.0,Building_1,0,MATD3,0.7187100052833557,False,0.0,0.0,0.0,0.5324955582618713,44,0,0.0,0.0,-0.0,385440,-0.0,0.0,-0.0013505487004294991,0.0,0.0,0.0,0.0,64,4.728306089515218,1.600000023841858,0.4510171990841627,0.0,-0.0,1725.733009057617,-0.03740707412362099,CityLearnV3MADRLRewardFunction,matd3_unified_comparable_v4,E2,-1725.733009057617,1907,20.580862350011618,1.0,0.29934880091732063,0.0,37
8,2.0,1.0,0.25,-1.0,Building_2,1,MATD3,0.7187100052833557,False,0.0,0.0,0.0,0.5324955582618713,44,0,0.0,0.0,-0.0,385440,-0.0,0.0,-0.036650869995355606,0.0,0.0,0.0,0.0,78,3.7622521678771768,1.600000023841858,0.23959495867483127,0.0,-0.0,987.080859375,-0.03740707412362099,CityLearnV3MADRLRewardFunction,matd3_unified_comparable_v4,E2,-987.080859375,1907,20.580862350011618,1.0,0.29934880091732063,0.0,37
10,2.449489742783178,1.0,0.0,-1.0,Building_3,2,MATD3,0.7187100052833557,False,0.0,0.0,0.0,0.5324955582618713,44,0,0.0,0.0,-0.0,385440,-0.0,0.0,-0.01846461556851864,0.0,0.0,0.0,0.0,92,4.632699534388273,1.840000033378601,0.2980637120325928,0.0,-0.0,734.7334481567383,-0.03740707412362099,CityLearnV3MADRLRewardFunction,matd3_unified_comparable_v4,E2,-734.7334481567383,1907,20.580862350011618,1.0,0.29934880091732063,0.0,37
8,2.23606797749979,1.0,0.125,-1.0,Building_4,3,MATD3,0.7187100052833557,False,0.0,0.0,0.0,0.5324955582618713,44,0,0.0,0.0,-0.0,385440,-0.0,0.0,-0.28958821296691895,0.0,0.0,0.0,0.0,78,4.3877178170534314,1.7200000286102295,0.314958971280318,0.0,-0.0,308.57522403564457,-0.03740707412362099,CityLearnV3MADRLRewardFunction,matd3_unified_comparable_v4,E2,-308.57522403564457,1907,20.580862350011618,1.0,0.29934880091732063,0.0,37
5,1.7320508075688772,1.0,-0.2,-1.0,Building_5,4,MATD3,0.7187100052833557,False,0.0,0.0,0.0,0.5324955582618713,44,0,0.0,0.0,-0.0,385440,-0.0,0.0,-0.058617003262043,0.0,0.0,0.0,0.0,57,3.6890518842244484,1.840000033378601,0.31923494226576987,0.0,-0.0,134.26350348205568,-0.03740707412362099,CityLearnV3MADRLRewardFunction,matd3_unified_comparable_v4,E2,-134.26350348205568,1907,20.580862350011618,1.0,0.29934880091732063,0.0,37
34,3.7416573867739413,1.0,0.23529411764705882,-1.0,Building_6,5,MATD3,0.7187100052833557,False,0.0,0.0,0.0,0.5324955582618713,44,0,0.0,0.0,-0.0,385440,-0.0,0.0,-0.07151410728693008,0.0,0.0,0.0,0.0,260,5.836645813480096,1.7200000286102295,0.1650229854365954,0.0,-0.0,2545.3174988952633,-0.03740707412362099,CityLearnV3MADRLRewardFunction,matd3_unified_comparable_v4,E2,-2545.3174988952633,1907,20.580862350011618,1.0,0.29934880091732063,0.0,37
44,4.58257569495584,1.0,0.38636363636363635,-1.0,Building_7,6,MATD3,0.7187100052833557,False,0.0,0.0,0.0,0.5324955582618713,44,0,0.0,0.0,-0.0,385440,-0.0,0.0,-0.036650869995355606,0.0,0.0,0.0,0.0,330,9.08049347095976,1.6799999475479126,0.29920274880573605,0.0,-0.0,997.9695713562012,-0.03740707412362099,CityLearnV3MADRLRewardFunction,matd3_unified_comparable_v4,E2,-997.9695713562012,1907,20.580862350011618,1.0,0.29934880091732063,0.0,37
19,3.3166247903554,1.0,0.15789473684210525,-1.0,Building_8,7,MATD3,0.7187100052833557,False,0.0,0.0,0.0,0.5324955582618713,44,0,0.0,0.0,-0.0,385440,-0.0,0.0,0.014073788188397884,0.0,0.0,0.0,0.0,155,6.2799544741624,1.559999942779541,0.3176460296876969,0.0,-0.0,2591.4860162597656,-0.03740707412362099,CityLearnV3MADRLRewardFunction,matd3_unified_comparable_v4,E2,-2591.4860162597656,1907,20.580862350011618,1.0,0.29934880091732063,0.0,37
12,2.6457513110645907,1.0,0.25,-1.0,Building_9,8,MATD3,0.7187100052833557,False,0.0,0.0,0.0,0.5324955582618713,44,0,0.0,0.0,-0.0,385440,-0.0,0.0,-0.036650869995355606,0.0,0.0,0.0,0.0,106,3.4710072997539565,1.840000033378601,0.1535876382774902,0.0,-0.0,548.289589453125,-0.03740707412362099,CityLearnV3MADRLRewardFunction,matd3_unified_comparable_v4,E2,-548.289589453125,1907,20.580862350011618,1.0,0.29934880091732063,0.0,37
8,2.6457513110645907,1.0,0.125,-1.0,Building_10,9,MATD3,0.7187100052833557,False,0.0,0.0,0.0,0.5324955582618713,44,0,0.0,0.0,-0.0,385440,-0.0,0.0,0.004864038899540901,0.0,0.0,0.0,0.0,78,5.211854128817404,1.600000023841858,0.44206045238444436,0.0,-0.0,1762.254340942383,-0.03740707412362099,CityLearnV3MADRLRewardFunction,matd3_unified_comparable_v4,E2,-1762.254340942383,1907,20.580862350011618,1.0,0.29934880091732063,0.0,37
5,1.7320508075688772,1.0,0.2,-1.0,Building_11,10,MATD3,0.7187100052833557,False,0.0,0.0,0.0,0.5324955582618713,44,0,0.0,0.0,-0.0,385440,-0.0,0.0,0.010652275756001472,0.0,0.0,0.0,0.0,57,4.353504307866952,1.840000033378601,0.4331742621827544,0.0,-0.0,5256.399788110352,-0.03740707412362099,CityLearnV3MADRLRewardFunction,matd3_unified_comparable_v4,E2,-5256.399788110352,1907,20.580862350011618,1.0,0.29934880091732063,0.0,37
5,1.7320508075688772,1.0,-0.2,-1.0,Building_12,11,MATD3,0.7187100052833557,False,0.0,0.0,0.0,0.5324955582618713,44,0,0.0,0.0,-0.0,385440,-0.0,0.0,-0.0750913992524147,0.0,0.0,0.0,0.0,57,4.189239363853247,1.840000033378601,0.4117946620834501,0.0,-0.0,2246.386731567383,-0.03740707412362099,CityLearnV3MADRLRewardFunction,matd3_unified_comparable_v4,E2,-2246.386731567383,1907,20.580862350011618,1.0,0.29934880091732063,0.0,37
13,2.6457513110645907,1.0,0.38461538461538464,-1.0,Building_13,12,MATD3,0.7187100052833557,False,0.0,0.0,0.0,0.5324955582618713,44,0,0.0,0.0,-0.0,385440,-0.0,0.0,0.009340554475784302,0.0,0.0,0.0,0.0,113,5.550760691865688,1.6799999475479126,0.3363681958114679,0.0,-0.0,334.7462783813477,-0.03740707412362099,CityLearnV3MADRLRewardFunction,matd3_unified_comparable_v4,E2,-334.7462783813477,1907,20.580862350011618,1.0,0.29934880091732063,0.0,37
6,2.23606797749979,1.0,0.16666666666666666,-1.0,Building_14,13,MATD3,0.7187100052833557,False,0.0,0.0,0.0,0.5324955582618713,44,0,0.0,0.0,-0.0,385440,-0.0,0.0,-0.07362931221723557,0.0,0.0,0.0,0.0,64,3.757937047833651,1.6799999475479126,0.29982432909309864,0.0,-0.0,2190.4653024353024,-0.03740707412362099,CityLearnV3MADRLRewardFunction,matd3_unified_comparable_v4,E2,-2190.4653024353024,1907,20.580862350011618,1.0,0.29934880091732063,0.0,37
10,2.23606797749979,1.0,0.1,-1.0,Building_15,14,MATD3,0.7187100052833557,False,0.0,0.0,0.0,0.5324955582618713,44,0,0.0,0.0,-0.0,385440,-0.0,0.0,0.005590930115431547,0.0,0.0,0.0,0.0,92,5.131233439560067,1.559999942779541,0.37111094407737255,0.0,-0.0,1219.0584411865236,-0.03740707412362099,CityLearnV3MADRLRewardFunction,matd3_unified_comparable_v4,E2,-1219.0584411865236,1907,20.580862350011618,1.0,0.29934880091732063,0.0,37
13,2.23606797749979,1.0,0.23076923076923078,-1.0,Building_16,15,MATD3,0.7187100052833557,False,0.0,0.0,0.0,0.5324955582618713,44,0,0.0,0.0,-0.0,385440,-0.0,0.0,0.010207497514784336,0.0,0.0,0.0,0.0,113,6.0199102950723224,1.600000023841858,0.40038937158816684,0.0,-0.0,1267.7888340820314,-0.03740707412362099,CityLearnV3MADRLRewardFunction,matd3_unified_comparable_v4,E2,-1267.7888340820314,1907,20.580862350011618,1.0,0.29934880091732063,0.0,37
13,2.0,1.0,0.15384615384615385,-1.0,Building_17,16,MATD3,0.7187100052833557,False,0.0,0.0,0.0,0.5324955582618713,44,0,0.0,0.0,-0.0,385440,-0.0,0.0,0.007558437995612621,0.0,0.0,0.0,0.0,113,5.788697747033905,1.840000033378601,0.3707325862044782,0.0,-0.0,198.21689420776366,-0.03740707412362099,CityLearnV3MADRLRewardFunction,matd3_unified_comparable_v4,E2,-198.21689420776366,1907,20.580862350011618,1.0,0.29934880091732063,0.0,37
6,2.0,1.0,0.3333333333333333,-1.0,Building_1,0,MATD3,0.7900000214576721,True,-2.591028533061035e-05,0.0,0.0,0.5324955582618713,44,8722,0.0,0.0,-0.0,394162,0.0,391.5866394042969,-0.7314162850379944,208.5181427001953,309.35345458984375,391.5866394042969,391.586669921875,64,3.436595653999613,1.0,0.23313685692846775,0.0,0.0,0.0,-0.6234491467475891,CityLearnV3MADRLRewardFunction,matd3_unified_comparable_v4,E2,-0.0,1907,13.97765667413914,1.0,0.13056660017294602,0.0,8759
8,2.0,1.0,0.25,-1.0,Building_2,1,MATD3,0.7900000214576721,True,-7.45059693940675e-08,0.0,0.0,0.5324955582618713,44,8722,0.0,0.0,-0.0,394162,0.0,0.18486037850379944,-0.47416386008262634,0.09843733161687851,0.1460397094488144,0.18486037850379944,0.1848604530096054,78,3.520597752596835,1.0,0.19391298790772757,0.0,0.0,0.0,-0.6234491467475891,CityLearnV3MADRLRewardFunction,matd3_unified_comparable_v4,E2,-0.0,1907,13.97765667413914,1.0,0.13056660017294602,0.0,8759
10,2.449489742783178,1.0,0.0,-1.0,Building_3,2,MATD3,0.7900000214576721,True,0.0,0.0,0.0,0.5324955582618713,44,8722,0.0,0.0,-0.0,394162,0.0,39.0087890625,-0.7150572538375854,20.77200698852539,30.816944122314453,39.0087890625,39.0087890625,92,3.2643349760543376,1.0,0.15071380041215732,0.0,0.0,0.0,-0.6234491467475891,CityLearnV3MADRLRewardFunction,matd3_unified_comparable_v4,E2,-0.0,1907,13.97765667413914,1.0,0.13056660017294602,0.0,8759
8,2.23606797749979,1.0,0.125,-1.0,Building_4,3,MATD3,0.7900000214576721,True,0.0,0.0,0.0,0.5324955582618713,44,8722,0.0,0.0,-0.0,394162,0.0,36.67196273803711,-0.7120624780654907,19.52765655517578,28.97085189819336,36.67196273803711,36.67196273803711,78,3.2650679327162457,1.0,0.1776794059536396,0.0,0.0,0.0,-0.6234491467475891,CityLearnV3MADRLRewardFunction,matd3_unified_comparable_v4,E2,-0.0,1907,13.97765667413914,1.0,0.13056660017294602,0.0,8759
5,1.7320508075688772,1.0,-0.2,-1.0,Building_5,4,MATD3,0.7900000214576721,True,0.0,0.0,0.0,0.5324955582618713,44,8722,0.0,0.0,-0.0,394162,0.0,54.225337982177734,-0.7393672466278076,28.874752044677734,42.838016510009766,54.225337982177734,54.225337982177734,57,3.466878872534869,1.0,0.28067219126642795,0.0,0.0,0.0,-0.6234491467475891,CityLearnV3MADRLRewardFunction,matd3_unified_comparable_v4,E2,-0.0,1907,13.97765667413914,1.0,0.13056660017294602,0.0,8759
34,3.7416573867739413,1.0,0.23529411764705882,-1.0,Building_6,5,MATD3,0.7900000214576721,True,0.0,0.0,0.0,0.5324955582618713,44,8722,0.0,0.0,-0.0,394162,0.0,348.8946838378906,-0.7300425171852112,185.7848663330078,275.6268005371094,348.8946838378906,348.8946838378906,260,3.2554705069875767,1.0,0.05311486892975294,0.0,0.0,0.0,-0.6234491467475891,CityLearnV3MADRLRewardFunction,matd3_unified_comparable_v4,E2,-0.0,1907,13.97765667413914,1.0,0.13056660017294602,0.0,8759
44,4.58257569495584,1.0,0.38636363636363635,-1.0,Building_7,6,MATD3,0.7900000214576721,True,2.119661439792253e-05,0.0,0.0,0.5324955582618713,44,8722,0.0,0.0,-0.0,394162,0.0,2.9801065921783447,-0.5079035758972168,1.5868935585021973,2.3542842864990234,2.9801065921783447,2.9800853729248047,330,3.5021767049131327,1.0,0.04573751243226456,0.0,0.0,0.0,-0.6234491467475891,CityLearnV3MADRLRewardFunction,matd3_unified_comparable_v4,E2,-0.0,1907,13.97765667413914,1.0,0.13056660017294602,0.0,8759
19,3.3166247903554,1.0,0.15789473684210525,-1.0,Building_8,7,MATD3,0.7900000214576721,True,0.0,0.0,0.0,0.5324955582618713,44,8722,0.0,0.0,-0.0,394162,0.0,6.19936990737915,-0.5449035167694092,3.3011369705200195,4.897502422332764,6.19936990737915,6.19936990737915,155,3.3962261274741334,1.0,0.09467931918559536,0.0,0.0,0.0,-0.6234491467475891,CityLearnV3MADRLRewardFunction,matd3_unified_comparable_v4,E2,-0.0,1907,13.97765667413914,1.0,0.13056660017294602,0.0,8759
12,2.6457513110645907,1.0,0.25,-1.0,Building_9,8,MATD3,0.7900000214576721,True,0.0,0.0,0.0,0.5324955582618713,44,8722,0.0,0.0,-0.0,394162,0.0,2.1350696086883545,-0.4803004860877991,1.1369150876998901,1.6867049932479858,2.1350696086883545,2.1350696086883545,106,3.5815197403337824,1.0,0.15437126440821952,0.0,0.0,0.0,-0.6234491467475891,CityLearnV3MADRLRewardFunction,matd3_unified_comparable_v4,E2,-0.0,1907,13.97765667413914,1.0,0.13056660017294602,0.0,8759
8,2.6457513110645907,1.0,0.125,-1.0,Building_10,9,MATD3,0.7900000214576721,True,0.0,0.0,0.0,0.5324955582618713,44,8722,0.0,0.0,-0.0,394162,0.0,16.451881408691406,-0.6386224627494812,8.760553359985352,12.996986389160156,16.451881408691406,16.451881408691406,78,3.3327389865154204,1.0,0.18202073919849518,0.0,0.0,0.0,-0.6234491467475891,CityLearnV3MADRLRewardFunction,matd3_unified_comparable_v4,E2,-0.0,1907,13.97765667413914,1.0,0.13056660017294602,0.0,8759
5,1.7320508075688772,1.0,0.2,-1.0,Building_11,10,MATD3,0.7900000214576721,True,0.0,0.0,0.0,0.5324955582618713,44,8722,0.0,0.0,-0.0,394162,0.0,66.45198059082031,-0.7267248034477234,35.38538360595703,52.497066497802734,66.45198059082031,66.45198059082031,57,3.3370684326624835,1.0,0.24824231287889315,0.0,0.0,0.0,-0.6234491467475891,CityLearnV3MADRLRewardFunction,matd3_unified_comparable_v4,E2,-0.0,1907,13.97765667413914,1.0,0.13056660017294602,0.0,8759
5,1.7320508075688772,1.0,-0.2,-1.0,Building_12,11,MATD3,0.7900000214576721,True,0.0,0.0,0.0,0.5324955582618713,44,8722,0.0,0.0,-0.0,394162,0.0,155.388671875,-0.7285810708999634,82.7437744140625,122.7570571899414,155.388671875,155.388671875,57,3.2986450553893563,1.0,0.24877953738497013,0.0,0.0,0.0,-0.6234491467475891,CityLearnV3MADRLRewardFunction,matd3_unified_comparable_v4,E2,-0.0,1907,13.97765667413914,1.0,0.13056660017294602,0.0,8759
13,2.6457513110645907,1.0,0.38461538461538464,-1.0,Building_13,12,MATD3,0.7900000214576721,True,-3.940150236303452e-06,0.0,0.0,0.5324955582618713,44,8722,0.0,0.0,-0.0,394162,0.0,0.10476967692375183,-0.4731903374195099,0.055789388716220856,0.0827680453658104,0.10476967692375183,0.1047736182808876,113,3.5034903058070705,1.0,0.13320528907058513,0.0,0.0,0.0,-0.6234491467475891,CityLearnV3MADRLRewardFunction,matd3_unified_comparable_v4,E2,-0.0,1907,13.97765667413914,1.0,0.13056660017294602,0.0,8759
6,2.23606797749979,1.0,0.16666666666666666,-1.0,Building_14,13,MATD3,0.7900000214576721,True,0.0,0.0,0.0,0.5324955582618713,44,8722,0.0,0.0,-0.0,394162,0.0,1.3521205186843872,-0.48826953768730164,0.7199981808662415,1.068175196647644,1.3521205186843872,1.3521205186843872,64,3.3627989173264545,1.0,0.22267394256778061,0.0,0.0,0.0,-0.6234491467475891,CityLearnV3MADRLRewardFunction,matd3_unified_comparable_v4,E2,-0.0,1907,13.97765667413914,1.0,0.13056660017294602,0.0,8759
10,2.23606797749979,1.0,0.1,-1.0,Building_15,14,MATD3,0.7900000214576721,True,0.0,0.0,0.0,0.5324955582618713,44,8722,0.0,0.0,-0.0,394162,0.0,15.147623062133789,-0.6291901469230652,8.066041946411133,11.966622352600098,15.147623062133789,15.147623062133789,92,3.4062206102198083,1.0,0.16028831105517305,0.0,0.0,0.0,-0.6234491467475891,CityLearnV3MADRLRewardFunction,matd3_unified_comparable_v4,E2,-0.0,1907,13.97765667413914,1.0,0.13056660017294602,0.0,8759
13,2.23606797749979,1.0,0.23076923076923078,-1.0,Building_16,15,MATD3,0.7900000214576721,True,0.0,0.0,0.0,0.5324955582618713,44,8722,0.0,0.0,-0.0,394162,0.0,11.957420349121094,-0.6029682159423828,6.367273330688477,9.446362495422363,11.957420349121094,11.957420349121094,113,3.329471900994795,1.0,0.1249398920124611,0.0,0.0,0.0,-0.6234491467475891,CityLearnV3MADRLRewardFunction,matd3_unified_comparable_v4,E2,-0.0,1907,13.97765667413914,1.0,0.13056660017294602,0.0,8759
13,2.0,1.0,0.15384615384615385,-1.0,Building_17,16,MATD3,0.7900000214576721,True,0.0,0.0,0.0,0.5324955582618713,44,8722,0.0,0.0,-0.0,394162,0.0,23.087642669677734,-0.6758719086647034,12.2940673828125,18.239238739013672,23.087642669677734,23.087642669677734,113,3.3488064918118936,1.0,0.129059622773027,0.0,0.0,0.0,-0.6234491467475891,CityLearnV3MADRLRewardFunction,matd3_unified_comparable_v4,E2,-0.0,1907,13.97765667413914,1.0,0.13056660017294602,0.0,8759
6,2.0,1.0,0.3333333333333333,-1.0,Building_1,0,MATD3,0.714555025100708,False,0.0,0.0,0.0,0.5324955582618713,45,0,0.0,0.0,-0.0,394200,-0.0,0.0,-0.001398076768964529,0.0,0.0,0.0,0.0,64,4.683468114451095,1.600000023841858,0.44604065571911633,0.0,-0.0,1675.3711296691895,-0.039629027247428894,CityLearnV3MADRLRewardFunction,matd3_unified_comparable_v4,E2,-1675.3711296691895,1907,20.117052198804533,1.0,0.2840928997274041,0.0,38
8,2.0,1.0,0.25,-1.0,Building_2,1,MATD3,0.714555025100708,False,0.0,0.0,0.0,0.5324955582618713,45,0,0.0,0.0,-0.0,394200,-0.0,0.0,-0.03505031019449234,0.0,0.0,0.0,0.0,78,3.9034795047077155,1.600000023841858,0.2511686788728604,0.0,-0.0,958.31443359375,-0.039629027247428894,CityLearnV3MADRLRewardFunction,matd3_unified_comparable_v4,E2,-958.31443359375,1907,20.117052198804533,1.0,0.2840928997274041,0.0,38
10,2.449489742783178,1.0,0.0,-1.0,Building_3,2,MATD3,0.714555025100708,False,0.0,0.0,0.0,0.5324955582618713,45,0,0.0,0.0,-0.0,394200,-0.0,0.0,-0.11005030572414398,0.0,0.0,0.0,0.0,92,3.918880789815414,1.840000033378601,0.21406072208090968,0.0,-0.0,713.3734994873047,-0.039629027247428894,CityLearnV3MADRLRewardFunction,matd3_unified_comparable_v4,E2,-713.3734994873047,1907,20.117052198804533,1.0,0.2840928997274041,0.0,38
8,2.23606797749979,1.0,0.125,-1.0,Building_4,3,MATD3,0.714555025100708,False,0.0,0.0,0.0,0.5324955582618713,45,0,0.0,0.0,-0.0,394200,-0.0,0.0,-0.010331854224205017,0.0,0.0,0.0,0.0,78,4.6176309459877585,1.7200000286102295,0.3416953752868069,0.0,-0.0,299.59592578125,-0.039629027247428894,CityLearnV3MADRLRewardFunction,matd3_unified_comparable_v4,E2,-299.59592578125,1907,20.117052198804533,1.0,0.2840928997274041,0.0,38
5,1.7320508075688772,1.0,-0.2,-1.0,Building_5,4,MATD3,0.714555025100708,False,0.0,0.0,0.0,0.5324955582618713,45,0,0.0,0.0,-0.0,394200,-0.0,0.0,-0.055587396025657654,0.0,0.0,0.0,0.0,57,3.74380236275716,1.840000033378601,0.3232616889372207,0.0,-0.0,130.32597601013185,-0.039629027247428894,CityLearnV3MADRLRewardFunction,matd3_unified_comparable_v4,E2,-130.32597601013185,1907,20.117052198804533,1.0,0.2840928997274041,0.0,38
34,3.7416573867739413,1.0,0.23529411764705882,-1.0,Building_6,5,MATD3,0.714555025100708,False,0.0,0.0,0.0,0.5324955582618713,45,0,0.0,0.0,-0.0,394200,-0.0,0.0,-0.11005030572414398,0.0,0.0,0.0,0.0,260,5.771447820611564,1.7200000286102295,0.1593144742055581,0.0,-0.0,2471.274304144287,-0.039629027247428894,CityLearnV3MADRLRewardFunction,matd3_unified_comparable_v4,E2,-2471.274304144287,1907,20.117052198804533,1.0,0.2840928997274041,0.0,38
44,4.58257569495584,1.0,0.38636363636363635,-1.0,Building_7,6,MATD3,0.714555025100708,False,0.0,0.0,0.0,0.5324955582618713,45,0,0.0,0.0,-0.0,394200,-0.0,0.0,0.003407513489946723,0.0,0.0,0.0,0.0,330,8.934297570006173,1.6799999475479126,0.28618635483311883,0.0,-0.0,968.7736356811523,-0.039629027247428894,CityLearnV3MADRLRewardFunction,matd3_unified_comparable_v4,E2,-968.7736356811523,1907,20.117052198804533,1.0,0.2840928997274041,0.0,38
19,3.3166247903554,1.0,0.15789473684210525,-1.0,Building_8,7,MATD3,0.714555025100708,False,0.0,0.0,0.0,0.5324955582618713,45,0,0.0,0.0,-0.0,394200,-0.0,0.0,0.011131620034575462,0.0,0.0,0.0,0.0,155,6.290740908028926,1.559999942779541,0.3145012898310538,0.0,-0.0,2516.1114310852054,-0.039629027247428894,CityLearnV3MADRLRewardFunction,matd3_unified_comparable_v4,E2,-2516.1114310852054,1907,20.117052198804533,1.0,0.2840928997274041,0.0,38
12,2.6457513110645907,1.0,0.25,-1.0,Building_9,8,MATD3,0.714555025100708,False,0.0,0.0,0.0,0.5324955582618713,45,0,0.0,0.0,-0.0,394200,-0.0,0.0,-0.03505031019449234,0.0,0.0,0.0,0.0,106,3.711799524542943,1.840000033378601,0.1704866294309778,0.0,-0.0,532.2422924102783,-0.039629027247428894,CityLearnV3MADRLRewardFunction,matd3_unified_comparable_v4,E2,-532.2422924102783,1907,20.117052198804533,1.0,0.2840928997274041,0.0,38
8,2.6457513110645907,1.0,0.125,-1.0,Building_10,9,MATD3,0.714555025100708,False,0.0,0.0,0.0,0.5324955582618713,45,0,0.0,0.0,-0.0,394200,-0.0,0.0,0.006064129993319511,0.0,0.0,0.0,0.0,78,5.2423313457888225,1.600000023841858,0.4411466983266366,0.0,-0.0,1710.835378765869,-0.039629027247428894,CityLearnV3MADRLRewardFunction,matd3_unified_comparable_v4,E2,-1710.835378765869,1907,20.117052198804533,1.0,0.2840928997274041,0.0,38
5,1.7320508075688772,1.0,0.2,-1.0,Building_11,10,MATD3,0.714555025100708,False,0.0,0.0,0.0,0.5324955582618713,45,0,0.0,0.0,-0.0,394200,-0.0,0.0,-0.055584896355867386,0.0,0.0,0.0,0.0,57,4.040509088951737,1.840000033378601,0.37646703997202086,0.0,-0.0,5102.64836809082,-0.039629027247428894,CityLearnV3MADRLRewardFunction,matd3_unified_comparable_v4,E2,-5102.64836809082,1907,20.117052198804533,1.0,0.2840928997274041,0.0,38
5,1.7320508075688772,1.0,-0.2,-1.0,Building_12,11,MATD3,0.714555025100708,False,0.0,0.0,0.0,0.5324955582618713,45,0,0.0,0.0,-0.0,394200,-0.0,0.0,-0.06879955530166626,0.0,0.0,0.0,0.0,57,4.222742424427536,1.840000033378601,0.4117585572234371,0.0,-0.0,2180.971796569824,-0.039629027247428894,CityLearnV3MADRLRewardFunction,matd3_unified_comparable_v4,E2,-2180.971796569824,1907,20.117052198804533,1.0,0.2840928997274041,0.0,38
13,2.6457513110645907,1.0,0.38461538461538464,-1.0,Building_13,12,MATD3,0.714555025100708,False,0.0,0.0,0.0,0.5324955582618713,45,0,0.0,0.0,-0.0,394200,-0.0,0.0,0.006352269556373358,0.0,0.0,0.0,0.0,113,5.049774074848359,1.6799999475479126,0.2830180365559274,0.0,-0.0,325.00166951293943,-0.039629027247428894,CityLearnV3MADRLRewardFunction,matd3_unified_comparable_v4,E2,-325.00166951293943,1907,20.117052198804533,1.0,0.2840928997274041,0.0,38
6,2.23606797749979,1.0,0.16666666666666666,-1.0,Building_14,13,MATD3,0.714555025100708,False,0.0,0.0,0.0,0.5324955582618713,45,0,0.0,0.0,-0.0,394200,-0.0,0.0,-0.07320909202098846,0.0,0.0,0.0,0.0,64,3.7820845808262877,1.6799999475479126,0.29549744236283004,0.0,-0.0,2126.6654255310054,-0.039629027247428894,CityLearnV3MADRLRewardFunction,matd3_unified_comparable_v4,E2,-2126.6654255310054,1907,20.117052198804533,1.0,0.2840928997274041,0.0,38
10,2.23606797749979,1.0,0.1,-1.0,Building_15,14,MATD3,0.714555025100708,False,0.0,0.0,0.0,0.5324955582618713,45,0,0.0,0.0,-0.0,394200,-0.0,0.0,-0.042840272188186646,0.0,0.0,0.0,0.0,92,4.988709710481433,1.559999942779541,0.3457530625164509,0.0,-0.0,1183.376607952881,-0.039629027247428894,CityLearnV3MADRLRewardFunction,matd3_unified_comparable_v4,E2,-1183.376607952881,1907,20.117052198804533,1.0,0.2840928997274041,0.0,38
13,2.23606797749979,1.0,0.23076923076923078,-1.0,Building_16,15,MATD3,0.714555025100708,False,0.0,0.0,0.0,0.5324955582618713,45,0,0.0,0.0,-0.0,394200,-0.0,0.0,0.00735466368496418,0.0,0.0,0.0,0.0,113,6.033982104577674,1.600000023841858,0.39500941342748375,0.0,-0.0,1230.6937322387696,-0.039629027247428894,CityLearnV3MADRLRewardFunction,matd3_unified_comparable_v4,E2,-1230.6937322387696,1907,20.117052198804533,1.0,0.2840928997274041,0.0,38
13,2.0,1.0,0.15384615384615385,-1.0,Building_17,16,MATD3,0.714555025100708,False,0.0,0.0,0.0,0.5324955582618713,45,0,0.0,0.0,-0.0,394200,-0.0,0.0,-0.11005131155252457,0.0,0.0,0.0,0.0,113,5.24907166692953,1.840000033378601,0.3066955256910451,0.0,-0.0,192.4545897064209,-0.039629027247428894,CityLearnV3MADRLRewardFunction,matd3_unified_comparable_v4,E2,-192.4545897064209,1907,20.117052198804533,1.0,0.2840928997274041,0.0,38
6,2.0,1.0,0.3333333333333333,-1.0,Building_1,0,MATD3,0.7900000214576721,True,-2.591028533061035e-05,0.0,0.0,0.5324955582618713,45,8721,0.0,0.0,-0.0,402921,0.0,433.4545593261719,-0.8126420378684998,230.8126220703125,342.4291076660156,433.4545593261719,433.45458984375,64,3.3346950690998187,1.0,0.22409327677451074,0.0,0.0,0.0,-0.7389963865280151,CityLearnV3MADRLRewardFunction,matd3_unified_comparable_v4,E2,-0.0,1907,13.637538124787994,1.0,0.12602388051030333,0.0,8759
8,2.0,1.0,0.25,-1.0,Building_2,1,MATD3,0.7900000214576721,True,-7.45059693940675e-08,0.0,0.0,0.5324955582618713,45,8721,0.0,0.0,-0.0,402921,0.0,15.16435432434082,-0.7112137675285339,8.074951171875,11.979840278625488,15.16435432434082,15.16435432434082,78,3.4503282414222163,1.0,0.19114438100503042,0.0,0.0,0.0,-0.7389963865280151,CityLearnV3MADRLRewardFunction,matd3_unified_comparable_v4,E2,-0.0,1907,13.637538124787994,1.0,0.12602388051030333,0.0,8759
10,2.449489742783178,1.0,0.0,-1.0,Building_3,2,MATD3,0.7900000214576721,True,0.0,0.0,0.0,0.5324955582618713,45,8721,0.0,0.0,-0.0,402921,0.0,94.53981018066406,-0.8091206550598145,50.3420295715332,74.68645477294922,94.53981018066406,94.53981018066406,92,3.204969290194373,1.0,0.14604751976287883,0.0,0.0,0.0,-0.7389963865280151,CityLearnV3MADRLRewardFunction,matd3_unified_comparable_v4,E2,-0.0,1907,13.637538124787994,1.0,0.12602388051030333,0.0,8759
8,2.23606797749979,1.0,0.125,-1.0,Building_4,3,MATD3,0.7900000214576721,True,0.0,0.0,0.0,0.5324955582618713,45,8721,0.0,0.0,-0.0,402921,0.0,31.04317283630371,-0.7830014824867249,16.530351638793945,24.524106979370117,31.04317283630371,31.04317283630371,78,3.1916766443122158,1.0,0.17149378894231257,0.0,0.0,0.0,-0.7389963865280151,CityLearnV3MADRLRewardFunction,matd3_unified_comparable_v4,E2,-0.0,1907,13.637538124787994,1.0,0.12602388051030333,0.0,8759
5,1.7320508075688772,1.0,-0.2,-1.0,Building_5,4,MATD3,0.7900000214576721,True,0.0,0.0,0.0,0.5324955582618713,45,8721,0.0,0.0,-0.0,402921,0.0,38.538970947265625,-0.8105393648147583,20.521831512451172,30.44578742980957,38.538970947265625,38.538970947265625,57,3.423454924171088,1.0,0.2743285089208369,0.0,0.0,0.0,-0.7389963865280151,CityLearnV3MADRLRewardFunction,matd3_unified_comparable_v4,E2,-0.0,1907,13.637538124787994,1.0,0.12602388051030333,0.0,8759
34,3.7416573867739413,1.0,0.23529411764705882,-1.0,Building_6,5,MATD3,0.7900000214576721,True,0.0,0.0,0.0,0.5324955582618713,45,8721,0.0,0.0,-0.0,402921,0.0,362.8901062011719,-0.8113460540771484,193.23736572265625,286.6831970214844,362.8901062011719,362.8901062011719,260,3.184578026920365,1.0,0.05131137789441989,0.0,0.0,0.0,-0.7389963865280151,CityLearnV3MADRLRewardFunction,matd3_unified_comparable_v4,E2,-0.0,1907,13.637538124787994,1.0,0.12602388051030333,0.0,8759
44,4.58257569495584,1.0,0.38636363636363635,-1.0,Building_7,6,MATD3,0.7900000214576721,True,2.119661439792253e-05,0.0,0.0,0.5324955582618713,45,8721,0.0,0.0,-0.0,402921,0.0,12.664132118225098,-0.6909528970718384,6.743594169616699,10.004664421081543,12.664132118225098,12.664111137390137,330,3.4121844398967727,1.0,0.04423387093525944,0.0,0.0,0.0,-0.7389963865280151,CityLearnV3MADRLRewardFunction,matd3_unified_comparable_v4,E2,-0.0,1907,13.637538124787994,1.0,0.12602388051030333,0.0,8759
19,3.3166247903554,1.0,0.15789473684210525,-1.0,Building_8,7,MATD3,0.7900000214576721,True,0.0,0.0,0.0,0.5324955582618713,45,8721,0.0,0.0,-0.0,402921,0.0,12.065996170043945,-0.6851596236228943,6.425089359283447,9.532136917114258,12.065996170043945,12.065996170043945,155,3.327079593304185,1.0,0.09201990635164323,0.0,0.0,0.0,-0.7389963865280151,CityLearnV3MADRLRewardFunction,matd3_unified_comparable_v4,E2,-0.0,1907,13.637538124787994,1.0,0.12602388051030333,0.0,8759
12,2.6457513110645907,1.0,0.25,-1.0,Building_9,8,MATD3,0.7900000214576721,True,0.0,0.0,0.0,0.5324955582618713,45,8721,0.0,0.0,-0.0,402921,0.0,2.290161371231079,-0.5633835792541504,1.2195007801055908,1.8092275857925415,2.290161371231079,2.290161371231079,106,3.524763688463799,1.0,0.1502447155005527,0.0,0.0,0.0,-0.7389963865280151,CityLearnV3MADRLRewardFunction,matd3_unified_comparable_v4,E2,-0.0,1907,13.637538124787994,1.0,0.12602388051030333,0.0,8759
8,2.6457513110645907,1.0,0.125,-1.0,Building_10,9,MATD3,0.7900000214576721,True,0.0,0.0,0.0,0.5324955582618713,45,8721,0.0,0.0,-0.0,402921,0.0,51.649574279785156,-0.8049476146697998,27.5031681060791,40.803165435791016,51.649574279785156,51.649574279785156,78,3.2453861913152173,1.0,0.17623050472675225,0.0,0.0,0.0,-0.7389963865280151,CityLearnV3MADRLRewardFunction,matd3_unified_comparable_v4,E2,-0.0,1907,13.637538124787994,1.0,0.12602388051030333,0.0,8759
5,1.7320508075688772,1.0,-0.2,-1.0,Building_11,10,MATD3,0.7900000214576721,True,0.0,0.0,0.0,0.5324955582618713,45,8721,0.0,0.0,-0.0,402921,0.0,71.54803466796875,-0.808362603187561,38.0990104675293,56.52294921875,71.54803466796875,71.54803466796875,57,3.2529987469196797,1.0,0.239674755421124,0.0,0.0,0.0,-0.7389963865280151,CityLearnV3MADRLRewardFunction,matd3_unified_comparable_v4,E2,-0.0,1907,13.637538124787994,1.0,0.12602388051030333,0.0,8759
5,1.7320508075688772,1.0,-0.2,-1.0,Building_12,11,MATD3,0.7900000214576721,True,0.0,0.0,0.0,0.5324955582618713,45,8721,0.0,0.0,-0.0,402921,0.0,215.11593627929688,-0.8103522658348083,114.54827880859375,169.94158935546875,215.11593627929688,215.11593627929688,57,3.2199753522224124,1.0,0.24075160789908023,0.0,0.0,0.0,-0.7389963865280151,CityLearnV3MADRLRewardFunction,matd3_unified_comparable_v4,E2,-0.0,1907,13.637538124787994,1.0,0.12602388051030333,0.0,8759
13,2.6457513110645907,1.0,0.38461538461538464,-1.0,Building_13,12,MATD3,0.7900000214576721,True,-3.940150236303452e-06,0.0,0.0,0.5324955582618713,45,8721,0.0,0.0,-0.0,402921,0.0,2.0330183506011963,-0.5777789354324341,1.0825732946395874,1.6060845851898193,2.0330183506011963,2.033022403717041,113,3.4123216014469584,1.0,0.12815825298296668,0.0,0.0,0.0,-0.7389963865280151,CityLearnV3MADRLRewardFunction,matd3_unified_comparable_v4,E2,-0.0,1907,13.637538124787994,1.0,0.12602388051030333,0.0,8759
6,2.449489742783178,1.0,0.3333333333333333,-1.0,Building_14,13,MATD3,0.7900000214576721,True,0.0,0.0,0.0,0.5324955582618713,45,8721,0.0,0.0,-0.0,402921,0.0,2.6149511337280273,-0.5846496820449829,1.3924498558044434,2.0658113956451416,2.6149511337280273,2.6149511337280273,64,3.246010192556302,1.0,0.21219419362023473,0.0,0.0,0.0,-0.7389963865280151,CityLearnV3MADRLRewardFunction,matd3_unified_comparable_v4,E2,-0.0,1907,13.637538124787994,1.0,0.12602388051030333,0.0,8759
10,2.23606797749979,1.0,0.1,-1.0,Building_15,14,MATD3,0.7900000214576721,True,0.0,0.0,0.0,0.5324955582618713,45,8721,0.0,0.0,-0.0,402921,0.0,19.521480560302734,-0.7392048835754395,10.395101547241211,15.42197036743164,19.521480560302734,19.521480560302734,92,3.3352580267821357,1.0,0.15549059633327567,0.0,0.0,0.0,-0.7389963865280151,CityLearnV3MADRLRewardFunction,matd3_unified_comparable_v4,E2,-0.0,1907,13.637538124787994,1.0,0.12602388051030333,0.0,8759
13,2.23606797749979,1.0,0.23076923076923078,-1.0,Building_16,15,MATD3,0.7900000214576721,True,0.0,0.0,0.0,0.5324955582618713,45,8721,0.0,0.0,-0.0,402921,0.0,54.89390563964844,-0.8059767484664917,29.23076057434082,43.366188049316406,54.89390563964844,54.89390563964844,113,3.2233941880861243,1.0,0.11971595718533593,0.0,0.0,0.0,-0.7389963865280151,CityLearnV3MADRLRewardFunction,matd3_unified_comparable_v4,E2,-0.0,1907,13.637538124787994,1.0,0.12602388051030333,0.0,8759
13,2.0,1.0,0.15384615384615385,-1.0,Building_17,16,MATD3,0.7900000214576721,True,0.0,0.0,0.0,0.5324955582618713,45,8721,0.0,0.0,-0.0,402921,0.0,22.46647071838379,-0.7543066740036011,11.963295936584473,17.748512268066406,22.46647071838379,22.46647071838379,113,3.212997057217479,1.0,0.11923809085799529,0.0,0.0,0.0,-0.7389963865280151,CityLearnV3MADRLRewardFunction,matd3_unified_comparable_v4,E2,-0.0,1907,13.637538124787994,1.0,0.12602388051030333,0.0,8759
6,2.0,1.0,0.3333333333333333,-1.0,Building_1,0,MATD3,0.742048978805542,False,0.0,0.0,0.0,0.5324955582618713,46,0,0.0,0.0,-0.0,402960,-0.0,0.0,-0.5068778991699219,0.0,0.0,0.0,0.0,64,4.6219236503915235,1.600000023841858,0.42718561500078067,0.0,-0.0,369.1062234512329,-0.3600386679172516,CityLearnV3MADRLRewardFunction,matd3_unified_comparable_v4,E2,-369.1062234512329,1907,16.62865634803733,1.0,0.20118652865745804,0.0,39
8,2.0,1.0,0.25,-1.0,Building_2,1,MATD3,0.742048978805542,False,0.0,0.0,0.0,0.5324955582618713,46,0,0.0,0.0,-0.0,402960,-0.0,0.0,-0.26197707653045654,0.0,0.0,0.0,0.0,78,3.857688053790005,1.600000023841858,0.23902935871424583,0.0,-0.0,211.442548828125,-0.3600386679172516,CityLearnV3MADRLRewardFunction,matd3_unified_comparable_v4,E2,-211.442548828125,1907,16.62865634803733,1.0,0.20118652865745804,0.0,39
10,2.449489742783178,1.0,0.0,-1.0,Building_3,2,MATD3,0.742048978805542,False,0.0,0.0,0.0,0.5324955582618713,46,0,0.0,0.0,-0.0,402960,-0.0,0.0,-0.21663282811641693,0.0,0.0,0.0,0.0,92,3.8492898598720036,1.840000033378601,0.19966130821115297,0.0,-0.0,154.77712005767822,-0.3600386679172516,CityLearnV3MADRLRewardFunction,matd3_unified_comparable_v4,E2,-154.77712005767822,1907,16.62865634803733,1.0,0.20118652865745804,0.0,39
8,2.23606797749979,1.0,0.125,-1.0,Building_4,3,MATD3,0.742048978805542,False,0.0,0.0,0.0,0.5324955582618713,46,0,0.0,0.0,-0.0,402960,-0.0,0.0,-0.6181208491325378,0.0,0.0,0.0,0.0,78,4.452368867209921,1.7200000286102295,0.3109239992709496,0.0,-0.0,65.70166468048096,-0.3600386679172516,CityLearnV3MADRLRewardFunction,matd3_unified_comparable_v4,E2,-65.70166468048096,1907,16.62865634803733,1.0,0.20118652865745804,0.0,39
5,1.7320508075688772,1.0,-0.2,-1.0,Building_5,4,MATD3,0.742048978805542,False,0.0,0.0,0.0,0.5324955582618713,46,0,0.0,0.0,-0.0,402960,-0.0,0.0,-0.47992023825645447,0.0,0.0,0.0,0.0,57,3.6785190426243233,1.840000033378601,0.307926711348588,0.0,-0.0,27.146960446929935,-0.3600386679172516,CityLearnV3MADRLRewardFunction,matd3_unified_comparable_v4,E2,-27.146960446929935,1907,16.62865634803733,1.0,0.20118652865745804,0.0,39
34,3.7416573867739413,1.0,0.23529411764705882,-1.0,Building_6,5,MATD3,0.742048978805542,False,0.0,0.0,0.0,0.5324955582618713,46,0,0.0,0.0,-0.0,402960,-0.0,0.0,-0.6211705803871155,0.0,0.0,0.0,0.0,260,5.460593247507368,1.7200000286102295,0.1432010631291912,0.0,-0.0,548.2186017562866,-0.3600386679172516,CityLearnV3MADRLRewardFunction,matd3_unified_comparable_v4,E2,-548.2186017562866,1907,16.62865634803733,1.0,0.20118652865745804,0.0,39
44,4.58257569495584,1.0,0.38636363636363635,-1.0,Building_7,6,MATD3,0.742048978805542,False,0.0,0.0,0.0,0.5324955582618713,46,0,0.0,0.0,-0.0,402960,-0.0,0.0,-0.3543625771999359,0.0,0.0,0.0,0.0,330,3.5886294271854435,1.6799999475479126,0.04873333963085756,0.0,-0.0,209.50236009750367,-0.3600386679172516,CityLearnV3MADRLRewardFunction,matd3_unified_comparable_v4,E2,-209.50236009750367,1907,16.62865634803733,1.0,0.20118652865745804,0.0,39
19,3.3166247903554,1.0,0.15789473684210525,-1.0,Building_8,7,MATD3,0.742048978805542,False,0.0,0.0,0.0,0.5324955582618713,46,0,0.0,0.0,-0.0,402960,-0.0,0.0,-0.23775547742843628,0.0,0.0,0.0,0.0,155,5.8881287755957095,1.0,0.2866012531302629,0.0,-0.0,558.3172803009032,-0.3600386679172516,CityLearnV3MADRLRewardFunction,matd3_unified_comparable_v4,E2,-558.3172803009032,1907,16.62865634803733,1.0,0.20118652865745804,0.0,39
12,2.6457513110645907,1.0,0.25,-1.0,Building_9,8,MATD3,0.742048978805542,False,0.0,0.0,0.0,0.5324955582618713,46,0,0.0,0.0,-0.0,402960,-0.0,0.0,-0.27936258912086487,0.0,0.0,0.0,0.0,106,3.7474268426188346,1.840000033378601,0.16831247364434432,0.0,-0.0,115.0167614830017,-0.3600386679172516,CityLearnV3MADRLRewardFunction,matd3_unified_comparable_v4,E2,-115.0167614830017,1907,16.62865634803733,1.0,0.20118652865745804,0.0,39
8,2.6457513110645907,1.0,0.125,-1.0,Building_10,9,MATD3,0.742048978805542,False,0.0,0.0,0.0,0.5324955582618713,46,0,0.0,0.0,-0.0,402960,-0.0,0.0,-0.24108637869358063,0.0,0.0,0.0,0.0,78,5.181579757661278,1.600000023841858,0.42291489735436744,0.0,-0.0,377.0811935646057,-0.3600386679172516,CityLearnV3MADRLRewardFunction,matd3_unified_comparable_v4,E2,-377.0811935646057,1907,16.62865634803733,1.0,0.20118652865745804,0.0,39
5,1.7320508075688772,1.0,-0.2,-1.0,Building_11,10,MATD3,0.742048978805542,False,0.0,0.0,0.0,0.5324955582618713,46,0,0.0,0.0,-0.0,402960,-0.0,0.0,-0.2455793172121048,0.0,0.0,0.0,0.0,57,3.985390772654942,1.840000033378601,0.3546321354806423,0.0,-0.0,1117.0434639312743,-0.3600386679172516,CityLearnV3MADRLRewardFunction,matd3_unified_comparable_v4,E2,-1117.0434639312743,1907,16.62865634803733,1.0,0.20118652865745804,0.0,39
5,1.7320508075688772,1.0,-0.2,-1.0,Building_12,11,MATD3,0.742048978805542,False,0.0,0.0,0.0,0.5324955582618713,46,0,0.0,0.0,-0.0,402960,-0.0,0.0,-0.3003696799278259,0.0,0.0,0.0,0.0,57,4.133836665412914,1.840000033378601,0.3897677664563321,0.0,-0.0,482.8552948951721,-0.3600386679172516,CityLearnV3MADRLRewardFunction,matd3_unified_comparable_v4,E2,-482.8552948951721,1907,16.62865634803733,1.0,0.20118652865745804,0.0,39
13,2.6457513110645907,1.0,0.38461538461538464,-1.0,Building_13,12,MATD3,0.742048978805542,False,0.0,0.0,0.0,0.5324955582618713,46,0,0.0,0.0,-0.0,402960,-0.0,0.0,-0.3543698787689209,0.0,0.0,0.0,0.0,113,3.624169955432772,1.6799999475479126,0.14666803500952974,0.0,-0.0,70.60768647460937,-0.3600386679172516,CityLearnV3MADRLRewardFunction,matd3_unified_comparable_v4,E2,-70.60768647460937,1907,16.62865634803733,1.0,0.20118652865745804,0.0,39
6,2.449489742783178,1.0,0.3333333333333333,-1.0,Building_14,13,MATD3,0.742048978805542,False,0.0,0.0,0.0,0.5324955582618713,46,0,0.0,0.0,-0.0,402960,-0.0,0.0,-0.33850499987602234,0.0,0.0,0.0,0.0,64,3.7048489850934296,1.6799999475479126,0.27893949969438836,0.0,-0.0,470.63206967773436,-0.3600386679172516,CityLearnV3MADRLRewardFunction,matd3_unified_comparable_v4,E2,-470.63206967773436,1907,16.62865634803733,1.0,0.20118652865745804,0.0,39
10,2.23606797749979,1.0,0.1,-1.0,Building_15,14,MATD3,0.742048978805542,False,0.0,0.0,0.0,0.5324955582618713,46,0,0.0,0.0,-0.0,402960,-0.0,0.0,-0.3543625771999359,0.0,0.0,0.0,0.0,92,3.852795095475045,1.0,0.22664326579188523,0.0,-0.0,258.52719811096193,-0.3600386679172516,CityLearnV3MADRLRewardFunction,matd3_unified_comparable_v4,E2,-258.52719811096193,1907,16.62865634803733,1.0,0.20118652865745804,0.0,39
13,2.23606797749979,1.0,0.23076923076923078,-1.0,Building_16,15,MATD3,0.742048978805542,False,0.0,0.0,0.0,0.5324955582618713,46,0,0.0,0.0,-0.0,402960,-0.0,0.0,-0.3543625771999359,0.0,0.0,0.0,0.0,113,4.170573618630671,1.600000023841858,0.19821596775302844,0.0,-0.0,269.1574779510498,-0.3600386679172516,CityLearnV3MADRLRewardFunction,matd3_unified_comparable_v4,E2,-269.1574779510498,1907,16.62865634803733,1.0,0.20118652865745804,0.0,39
13,2.0,1.0,0.15384615384615385,-1.0,Building_17,16,MATD3,0.742048978805542,False,0.0,0.0,0.0,0.5324955582618713,46,0,0.0,0.0,-0.0,402960,-0.0,0.0,-0.3558417856693268,0.0,0.0,0.0,0.0,113,4.191754222192683,1.840000033378601,0.1974677346910523,0.0,-0.0,42.14280030670165,-0.3600386679172516,CityLearnV3MADRLRewardFunction,matd3_unified_comparable_v4,E2,-42.14280030670165,1907,16.62865634803733,1.0,0.20118652865745804,0.0,39
6,2.0,1.0,0.3333333333333333,-1.0,Building_1,0,MATD3,0.7900000214576721,True,-2.591028533061035e-05,0.0,0.0,0.5324955582618713,46,8720,0.0,0.0,-0.0,411680,0.0,446.8855895996094,-0.8114431500434875,237.96458435058594,353.03961181640625,446.8855895996094,446.8856201171875,64,3.503224370920406,1.0,0.24708087975159287,0.0,0.0,0.0,-0.7374456524848938,CityLearnV3MADRLRewardFunction,matd3_unified_comparable_v4,E2,-0.0,1907,14.36942039239596,1.0,0.1394369537074277,0.0,8759
8,2.0,1.0,0.25,-1.0,Building_2,1,MATD3,0.7900000214576721,True,-7.45059693940675e-08,0.0,0.0,0.5324955582618713,46,8720,0.0,0.0,-0.0,411680,0.0,5.618855953216553,-0.6186769008636475,2.992015838623047,4.438896179199219,5.618855953216553,5.618855953216553,78,3.5967874580055867,1.0,0.20523377832693931,0.0,0.0,0.0,-0.7374456524848938,CityLearnV3MADRLRewardFunction,matd3_unified_comparable_v4,E2,-0.0,1907,14.36942039239596,1.0,0.1394369537074277,0.0,8759
10,2.449489742783178,1.0,0.0,-1.0,Building_3,2,MATD3,0.7900000214576721,True,0.0,0.0,0.0,0.5324955582618713,46,8720,0.0,0.0,-0.0,411680,0.0,98.17061614990234,-0.8079792261123657,52.27541732788086,77.5547866821289,98.17061614990234,98.17061614990234,92,3.3819518729175577,1.0,0.16205699093963788,0.0,0.0,0.0,-0.7374456524848938,CityLearnV3MADRLRewardFunction,matd3_unified_comparable_v4,E2,-0.0,1907,14.36942039239596,1.0,0.1394369537074277,0.0,8759
8,2.23606797749979,1.0,0.125,-1.0,Building_4,3,MATD3,0.7900000214576721,True,0.0,0.0,0.0,0.5324955582618713,46,8720,0.0,0.0,-0.0,411680,0.0,28.84416961669922,-0.7762286067008972,15.359392166137695,22.786893844604492,28.84416961669922,28.84416961669922,78,3.365757821671856,1.0,0.19006271679431963,0.0,0.0,0.0,-0.7374456524848938,CityLearnV3MADRLRewardFunction,matd3_unified_comparable_v4,E2,-0.0,1907,14.36942039239596,1.0,0.1394369537074277,0.0,8759
5,1.7320508075688772,1.0,-0.2,-1.0,Building_5,4,MATD3,0.7900000214576721,True,0.0,0.0,0.0,0.5324955582618713,46,8720,0.0,0.0,-0.0,411680,0.0,37.89287567138672,-0.8085435628890991,20.17778778076172,29.935373306274414,37.89287567138672,37.89287567138672,57,3.588186860022673,1.0,0.30008620049869805,0.0,0.0,0.0,-0.7374456524848938,CityLearnV3MADRLRewardFunction,matd3_unified_comparable_v4,E2,-0.0,1907,14.36942039239596,1.0,0.1394369537074277,0.0,8759
34,3.7416573867739413,1.0,0.23529411764705882,-1.0,Building_6,5,MATD3,0.7900000214576721,True,0.0,0.0,0.0,0.5324955582618713,46,8720,0.0,0.0,-0.0,411680,0.0,350.8894348144531,-0.810080349445343,186.84706115722656,277.2026672363281,350.8894348144531,350.8894348144531,260,3.3609150752866683,1.0,0.05693318809454258,0.0,0.0,0.0,-0.7374456524848938,CityLearnV3MADRLRewardFunction,matd3_unified_comparable_v4,E2,-0.0,1907,14.36942039239596,1.0,0.1394369537074277,0.0,8759
44,4.58257569495584,1.0,0.38636363636363635,-1.0,Building_7,6,MATD3,0.7900000214576721,True,2.119661439792253e-05,0.0,0.0,0.5324955582618713,46,8720,0.0,0.0,-0.0,411680,0.0,18.660245895385742,-0.7337864637374878,9.936497688293457,14.741594314575195,18.660245895385742,18.66022491455078,330,3.5839483164279073,1.0,0.04892784004861658,0.0,0.0,0.0,-0.7374456524848938,CityLearnV3MADRLRewardFunction,matd3_unified_comparable_v4,E2,-0.0,1907,14.36942039239596,1.0,0.1394369537074277,0.0,8759
19,3.3166247903554,1.0,0.15789473684210525,-1.0,Building_8,7,MATD3,0.7900000214576721,True,0.0,0.0,0.0,0.5324955582618713,46,8720,0.0,0.0,-0.0,411680,0.0,19.251495361328125,-0.7364574670791626,10.251336097717285,15.2086820602417,19.251495361328125,19.251495361328125,155,3.5885433590282907,1.0,0.10431925356388091,0.0,0.0,0.0,-0.7374456524848938,CityLearnV3MADRLRewardFunction,matd3_unified_comparable_v4,E2,-0.0,1907,14.36942039239596,1.0,0.1394369537074277,0.0,8759
12,2.6457513110645907,1.0,0.25,-1.0,Building_9,8,MATD3,0.7900000214576721,True,0.0,0.0,0.0,0.5324955582618713,46,8720,0.0,0.0,-0.0,411680,0.0,2.4506425857543945,-0.5641038417816162,1.304956316947937,1.9360077381134033,2.4506425857543945,2.4506425857543945,106,3.69422321994266,1.0,0.16635122839009986,0.0,0.0,0.0,-0.7374456524848938,CityLearnV3MADRLRewardFunction,matd3_unified_comparable_v4,E2,-0.0,1907,14.36942039239596,1.0,0.1394369537074277,0.0,8759
8,2.6457513110645907,1.0,0.125,-1.0,Building_10,9,MATD3,0.7900000214576721,True,0.0,0.0,0.0,0.5324955582618713,46,8720,0.0,0.0,-0.0,411680,0.0,34.33414077758789,-0.7884258031845093,18.282777786254883,27.123971939086914,34.33414077758789,34.33414077758789,78,3.415234646210866,1.0,0.1936505149381283,0.0,0.0,0.0,-0.7374456524848938,CityLearnV3MADRLRewardFunction,matd3_unified_comparable_v4,E2,-0.0,1907,14.36942039239596,1.0,0.1394369537074277,0.0,8759
5,1.7320508075688772,1.0,-0.2,-1.0,Building_11,10,MATD3,0.7900000214576721,True,0.0,0.0,0.0,0.5324955582618713,46,8720,0.0,0.0,-0.0,411680,0.0,57.917564392089844,-0.805500864982605,30.840845108032227,45.754878997802734,57.917564392089844,57.917564392089844,57,3.4269249047087063,1.0,0.2646699521625251,0.0,0.0,0.0,-0.7374456524848938,CityLearnV3MADRLRewardFunction,matd3_unified_comparable_v4,E2,-0.0,1907,14.36942039239596,1.0,0.1394369537074277,0.0,8759
5,1.7320508075688772,1.0,-0.2,-1.0,Building_12,11,MATD3,0.7900000214576721,True,0.0,0.0,0.0,0.5324955582618713,46,8720,0.0,0.0,-0.0,411680,0.0,182.6020965576172,-0.8088650107383728,97.23480224609375,144.2556610107422,182.6020965576172,182.6020965576172,57,3.38220839408873,1.0,0.2615112162995757,0.0,0.0,0.0,-0.7374456524848938,CityLearnV3MADRLRewardFunction,matd3_unified_comparable_v4,E2,-0.0,1907,14.36942039239596,1.0,0.1394369537074277,0.0,8759
13,2.6457513110645907,1.0,0.38461538461538464,-1.0,Building_13,12,MATD3,0.7900000214576721,True,-3.940150236303452e-06,0.0,0.0,0.5324955582618713,46,8720,0.0,0.0,-0.0,411680,0.0,2.789363384246826,-0.5856541395187378,1.4853236675262451,2.203597068786621,2.789363384246826,2.789367437362671,113,3.5803868130996173,1.0,0.14118063555354565,0.0,0.0,0.0,-0.7374456524848938,CityLearnV3MADRLRewardFunction,matd3_unified_comparable_v4,E2,-0.0,1907,14.36942039239596,1.0,0.1394369537074277,0.0,8759
6,2.449489742783178,1.0,0.3333333333333333,-1.0,Building_14,13,MATD3,0.7900000214576721,True,0.0,0.0,0.0,0.5324955582618713,46,8720,0.0,0.0,-0.0,411680,0.0,2.485826015472412,-0.5819096565246582,1.3236913681030273,1.9638025760650635,2.485826015472412,2.485826015472412,64,3.418981692118897,1.0,0.23510858113877475,0.0,0.0,0.0,-0.7374456524848938,CityLearnV3MADRLRewardFunction,matd3_unified_comparable_v4,E2,-0.0,1907,14.36942039239596,1.0,0.1394369537074277,0.0,8759
10,2.23606797749979,1.0,0.1,-1.0,Building_15,14,MATD3,0.7900000214576721,True,0.0,0.0,0.0,0.5324955582618713,46,8720,0.0,0.0,-0.0,411680,0.0,20.5941162109375,-0.7438784837722778,10.966275215148926,16.269351959228516,20.5941162109375,20.5941162109375,92,3.5109822890869915,1.0,0.17171372230286183,0.0,0.0,0.0,-0.7374456524848938,CityLearnV3MADRLRewardFunction,matd3_unified_comparable_v4,E2,-0.0,1907,14.36942039239596,1.0,0.1394369537074277,0.0,8759
13,2.23606797749979,1.0,0.23076923076923078,-1.0,Building_16,15,MATD3,0.7900000214576721,True,0.0,0.0,0.0,0.5324955582618713,46,8720,0.0,0.0,-0.0,411680,0.0,103.13050842285156,-0.8080489039421082,54.91653823852539,81.47310638427734,103.13050842285156,103.13050842285156,113,3.4178754577396515,1.0,0.13568326870424557,0.0,0.0,0.0,-0.7374456524848938,CityLearnV3MADRLRewardFunction,matd3_unified_comparable_v4,E2,-0.0,1907,14.36942039239596,1.0,0.1394369537074277,0.0,8759
13,2.0,1.0,0.15384615384615385,-1.0,Building_17,16,MATD3,0.7900000214576721,True,0.0,0.0,0.0,0.5324955582618713,46,8720,0.0,0.0,-0.0,411680,0.0,21.1981143951416,-0.746994137763977,11.287901878356934,16.746511459350586,21.1981143951416,21.1981143951416,113,3.40587103762136,1.0,0.13510602633510016,0.0,0.0,0.0,-0.7374456524848938,CityLearnV3MADRLRewardFunction,matd3_unified_comparable_v4,E2,-0.0,1907,14.36942039239596,1.0,0.1394369537074277,0.0,8759
6,2.0,1.0,0.3333333333333333,-1.0,Building_1,0,MATD3,0.7677950263023376,False,0.0,0.0,0.0,0.5324955582618713,47,0,0.0,0.0,-0.0,411720,-0.0,0.0,-0.14851301908493042,0.0,0.0,0.0,0.0,64,3.459290144579124,1.0,0.27304240578087047,0.0,-0.0,1308.5802991577148,-0.11551859974861145,CityLearnV3MADRLRewardFunction,matd3_unified_comparable_v4,E2,-1308.5802991577148,1907,15.378563380898767,1.0,0.17398797975844296,0.0,40
8,2.0,1.0,0.25,-1.0,Building_2,1,MATD3,0.7677950263023376,False,0.0,0.0,0.0,0.5324955582618713,47,0,0.0,0.0,-0.0,411720,-0.0,0.0,-0.14851301908493042,0.0,0.0,0.0,0.0,78,3.1185447877602646,0.9999989867210388,0.1856484328611539,0.0,-0.0,748.7105859375,-0.11551859974861145,CityLearnV3MADRLRewardFunction,matd3_unified_comparable_v4,E2,-748.7105859375,1907,15.378563380898767,1.0,0.17398797975844296,0.0,40
10,2.449489742783178,1.0,0.0,-1.0,Building_3,2,MATD3,0.7677950263023376,False,0.0,0.0,0.0,0.5324955582618713,47,0,0.0,0.0,-0.0,411720,-0.0,0.0,-0.0516645722091198,0.0,0.0,0.0,0.0,92,3.6244973360280337,1.840000033378601,0.17960145247533268,0.0,-0.0,557.1303909362794,-0.11551859974861145,CityLearnV3MADRLRewardFunction,matd3_unified_comparable_v4,E2,-557.1303909362794,1907,15.378563380898767,1.0,0.17398797975844296,0.0,40
8,2.23606797749979,1.0,0.125,-1.0,Building_4,3,MATD3,0.7677950263023376,False,0.0,0.0,0.0,0.5324955582618713,47,0,0.0,0.0,-0.0,411720,-0.0,0.0,-0.15135474503040314,0.0,0.0,0.0,0.0,78,4.36361422095887,1.7200000286102295,0.2914037261731349,0.0,-0.0,234.0055576477051,-0.11551859974861145,CityLearnV3MADRLRewardFunction,matd3_unified_comparable_v4,E2,-234.0055576477051,1907,15.378563380898767,1.0,0.17398797975844296,0.0,40
5,1.7320508075688772,1.0,-0.2,-1.0,Building_5,4,MATD3,0.7677950263023376,False,0.0,0.0,0.0,0.5324955582618713,47,0,0.0,0.0,-0.0,411720,-0.0,0.0,-0.0859694853425026,0.0,0.0,0.0,0.0,57,3.859128797369117,1.840000033378601,0.3287015820673683,0.0,-0.0,101.41757717590332,-0.11551859974861145,CityLearnV3MADRLRewardFunction,matd3_unified_comparable_v4,E2,-101.41757717590332,1907,15.378563380898767,1.0,0.17398797975844296,0.0,40
34,3.7416573867739413,1.0,0.23529411764705882,-1.0,Building_6,5,MATD3,0.7677950263023376,False,0.0,0.0,0.0,0.5324955582618713,47,0,0.0,0.0,-0.0,411720,-0.0,0.0,-0.03343316540122032,0.0,0.0,0.0,0.0,260,5.522186178640179,1.7200000286102295,0.1427643444818946,0.0,-0.0,1931.5998629943847,-0.11551859974861145,CityLearnV3MADRLRewardFunction,matd3_unified_comparable_v4,E2,-1931.5998629943847,1907,15.378563380898767,1.0,0.17398797975844296,0.0,40
44,4.58257569495584,1.0,0.38636363636363635,-1.0,Building_7,6,MATD3,0.7677950263023376,False,0.0,0.0,0.0,0.5324955582618713,47,0,0.0,0.0,-0.0,411720,-0.0,0.0,-0.07351301610469818,0.0,0.0,0.0,0.0,330,3.7625506016180923,1.6799999475479126,0.052635469524697824,0.0,-0.0,755.9171273254394,-0.11551859974861145,CityLearnV3MADRLRewardFunction,matd3_unified_comparable_v4,E2,-755.9171273254394,1907,15.378563380898767,1.0,0.17398797975844296,0.0,40
19,3.3166247903554,1.0,0.15789473684210525,-1.0,Building_8,7,MATD3,0.7677950263023376,False,0.0,0.0,0.0,0.5324955582618713,47,0,0.0,0.0,-0.0,411720,-0.0,0.0,-0.14851301908493042,0.0,0.0,0.0,0.0,155,5.171484867937658,1.0,0.22427647452681296,0.0,-0.0,1966.7057898071287,-0.11551859974861145,CityLearnV3MADRLRewardFunction,matd3_unified_comparable_v4,E2,-1966.7057898071287,1907,15.378563380898767,1.0,0.17398797975844296,0.0,40
12,2.6457513110645907,1.0,0.25,-1.0,Building_9,8,MATD3,0.7677950263023376,False,0.0,0.0,0.0,0.5324955582618713,47,0,0.0,0.0,-0.0,411720,-0.0,0.0,-0.024724414572119713,0.0,0.0,0.0,0.0,106,4.189342562628106,1.840000033378601,0.20068550293491977,0.0,-0.0,415.56147890930174,-0.11551859974861145,CityLearnV3MADRLRewardFunction,matd3_unified_comparable_v4,E2,-415.56147890930174,1907,15.378563380898767,1.0,0.17398797975844296,0.0,40
8,2.6457513110645907,1.0,0.125,-1.0,Building_10,9,MATD3,0.7677950263023376,False,0.0,0.0,0.0,0.5324955582618713,47,0,0.0,0.0,-0.0,411720,-0.0,0.0,-0.14851301908493042,0.0,0.0,0.0,0.0,78,2.95471494954694,0.9330127239227295,0.17725033422884268,0.0,-0.0,1336.3353371887208,-0.11551859974861145,CityLearnV3MADRLRewardFunction,matd3_unified_comparable_v4,E2,-1336.3353371887208,1907,15.378563380898767,1.0,0.17398797975844296,0.0,40
5,1.7320508075688772,1.0,-0.2,-1.0,Building_11,10,MATD3,0.7677950263023376,False,0.0,0.0,0.0,0.5324955582618713,47,0,0.0,0.0,-0.0,411720,-0.0,0.0,-0.14851301908493042,0.0,0.0,0.0,0.0,57,3.8963564078139274,1.840000033378601,0.3351159427118929,0.0,-0.0,3983.193010601807,-0.11551859974861145,CityLearnV3MADRLRewardFunction,matd3_unified_comparable_v4,E2,-3983.193010601807,1907,15.378563380898767,1.0,0.17398797975844296,0.0,40
5,1.7320508075688772,1.0,-0.2,-1.0,Building_12,11,MATD3,0.7677950263023376,False,0.0,0.0,0.0,0.5324955582618713,47,0,0.0,0.0,-0.0,411720,-0.0,0.0,-0.14851301908493042,0.0,0.0,0.0,0.0,57,4.090808010783884,1.840000033378601,0.3712316124716349,0.0,-0.0,1704.3241082763673,-0.11551859974861145,CityLearnV3MADRLRewardFunction,matd3_unified_comparable_v4,E2,-1704.3241082763673,1907,15.378563380898767,1.0,0.17398797975844296,0.0,40
13,2.6457513110645907,1.0,0.38461538461538464,-1.0,Building_13,12,MATD3,0.7677950263023376,False,0.0,0.0,0.0,0.5324955582618713,47,0,0.0,0.0,-0.0,411720,-0.0,0.0,-0.07351301610469818,0.0,0.0,0.0,0.0,113,3.763563609793556,1.6799999475479126,0.1535174903023032,0.0,-0.0,253.82555932617186,-0.11551859974861145,CityLearnV3MADRLRewardFunction,matd3_unified_comparable_v4,E2,-253.82555932617186,1907,15.378563380898767,1.0,0.17398797975844296,0.0,40
6,2.449489742783178,1.0,0.3333333333333333,-1.0,Building_14,13,MATD3,0.7677950263023376,False,0.0,0.0,0.0,0.5324955582618713,47,0,0.0,0.0,-0.0,411720,-0.0,0.0,-0.1372387707233429,0.0,0.0,0.0,0.0,64,3.873947456080565,1.6799999475479126,0.29733597877202556,0.0,-0.0,1661.8121039611815,-0.11551859974861145,CityLearnV3MADRLRewardFunction,matd3_unified_comparable_v4,E2,-1661.8121039611815,1907,15.378563380898767,1.0,0.17398797975844296,0.0,40
10,2.23606797749979,1.0,0.1,-1.0,Building_15,14,MATD3,0.7677950263023376,False,0.0,0.0,0.0,0.5324955582618713,47,0,0.0,0.0,-0.0,411720,-0.0,0.0,-0.14430001378059387,0.0,0.0,0.0,0.0,92,3.2704042158597173,1.0,0.17580905439251143,0.0,-0.0,923.5923491577149,-0.11551859974861145,CityLearnV3MADRLRewardFunction,matd3_unified_comparable_v4,E2,-923.5923491577149,1907,15.378563380898767,1.0,0.17398797975844296,0.0,40
13,2.23606797749979,1.0,0.23076923076923078,-1.0,Building_16,15,MATD3,0.7677950263023376,False,0.0,0.0,0.0,0.5324955582618713,47,0,0.0,0.0,-0.0,411720,-0.0,0.0,-0.14851301908493042,0.0,0.0,0.0,0.0,113,3.245310390270879,1.0,0.1404407811969255,0.0,-0.0,960.6137571899415,-0.11551859974861145,CityLearnV3MADRLRewardFunction,matd3_unified_comparable_v4,E2,-960.6137571899415,1907,15.378563380898767,1.0,0.17398797975844296,0.0,40
13,2.0,1.0,0.15384615384615385,-1.0,Building_17,16,MATD3,0.7677950263023376,False,0.0,0.0,0.0,0.5324955582618713,47,0,0.0,0.0,-0.0,411720,-0.0,0.0,-0.1485138088464737,0.0,0.0,0.0,0.0,113,3.8673163692124697,1.840000033378601,0.16688905211280933,0.0,-0.0,150.30547842407228,-0.11551859974861145,CityLearnV3MADRLRewardFunction,matd3_unified_comparable_v4,E2,-150.30547842407228,1907,15.378563380898767,1.0,0.17398797975844296,0.0,40
6,2.0,1.0,0.3333333333333333,-1.0,Building_1,0,MATD3,0.7900000214576721,True,-2.591028533061035e-05,0.0,0.0,0.5324955582618713,47,8719,0.0,0.0,-0.0,420439,0.0,391.5866394042969,-0.7314162850379944,208.5181427001953,309.35345458984375,391.5866394042969,391.586669921875,64,3.436595653999613,1.0,0.23313685692846775,0.0,0.0,0.0,-0.6234491467475891,CityLearnV3MADRLRewardFunction,matd3_unified_comparable_v4,E2,-0.0,1907,13.97765667413914,1.0,0.13056660017294602,0.0,8759
8,2.0,1.0,0.25,-1.0,Building_2,1,MATD3,0.7900000214576721,True,-7.45059693940675e-08,0.0,0.0,0.5324955582618713,47,8719,0.0,0.0,-0.0,420439,0.0,0.18486037850379944,-0.47416386008262634,0.09843733161687851,0.1460397094488144,0.18486037850379944,0.1848604530096054,78,3.520597752596835,1.0,0.19391298790772757,0.0,0.0,0.0,-0.6234491467475891,CityLearnV3MADRLRewardFunction,matd3_unified_comparable_v4,E2,-0.0,1907,13.97765667413914,1.0,0.13056660017294602,0.0,8759
10,2.449489742783178,1.0,0.0,-1.0,Building_3,2,MATD3,0.7900000214576721,True,0.0,0.0,0.0,0.5324955582618713,47,8719,0.0,0.0,-0.0,420439,0.0,39.0087890625,-0.7150572538375854,20.77200698852539,30.816944122314453,39.0087890625,39.0087890625,92,3.2643349760543376,1.0,0.15071380041215732,0.0,0.0,0.0,-0.6234491467475891,CityLearnV3MADRLRewardFunction,matd3_unified_comparable_v4,E2,-0.0,1907,13.97765667413914,1.0,0.13056660017294602,0.0,8759
8,2.23606797749979,1.0,0.125,-1.0,Building_4,3,MATD3,0.7900000214576721,True,0.0,0.0,0.0,0.5324955582618713,47,8719,0.0,0.0,-0.0,420439,0.0,36.67196273803711,-0.7120624780654907,19.52765655517578,28.97085189819336,36.67196273803711,36.67196273803711,78,3.2650679327162457,1.0,0.1776794059536396,0.0,0.0,0.0,-0.6234491467475891,CityLearnV3MADRLRewardFunction,matd3_unified_comparable_v4,E2,-0.0,1907,13.97765667413914,1.0,0.13056660017294602,0.0,8759
5,1.7320508075688772,1.0,-0.2,-1.0,Building_5,4,MATD3,0.7900000214576721,True,0.0,0.0,0.0,0.5324955582618713,47,8719,0.0,0.0,-0.0,420439,0.0,54.225337982177734,-0.7393672466278076,28.874752044677734,42.838016510009766,54.225337982177734,54.225337982177734,57,3.466878872534869,1.0,0.28067219126642795,0.0,0.0,0.0,-0.6234491467475891,CityLearnV3MADRLRewardFunction,matd3_unified_comparable_v4,E2,-0.0,1907,13.97765667413914,1.0,0.13056660017294602,0.0,8759
34,3.7416573867739413,1.0,0.23529411764705882,-1.0,Building_6,5,MATD3,0.7900000214576721,True,0.0,0.0,0.0,0.5324955582618713,47,8719,0.0,0.0,-0.0,420439,0.0,348.8946838378906,-0.7300425171852112,185.7848663330078,275.6268005371094,348.8946838378906,348.8946838378906,260,3.2554705069875767,1.0,0.05311486892975294,0.0,0.0,0.0,-0.6234491467475891,CityLearnV3MADRLRewardFunction,matd3_unified_comparable_v4,E2,-0.0,1907,13.97765667413914,1.0,0.13056660017294602,0.0,8759
44,4.58257569495584,1.0,0.38636363636363635,-1.0,Building_7,6,MATD3,0.7900000214576721,True,2.119661439792253e-05,0.0,0.0,0.5324955582618713,47,8719,0.0,0.0,-0.0,420439,0.0,2.9801065921783447,-0.5079035758972168,1.5868935585021973,2.3542842864990234,2.9801065921783447,2.9800853729248047,330,3.5021767049131327,1.0,0.04573751243226456,0.0,0.0,0.0,-0.6234491467475891,CityLearnV3MADRLRewardFunction,matd3_unified_comparable_v4,E2,-0.0,1907,13.97765667413914,1.0,0.13056660017294602,0.0,8759
19,3.3166247903554,1.0,0.15789473684210525,-1.0,Building_8,7,MATD3,0.7900000214576721,True,0.0,0.0,0.0,0.5324955582618713,47,8719,0.0,0.0,-0.0,420439,0.0,6.19936990737915,-0.5449035167694092,3.3011369705200195,4.897502422332764,6.19936990737915,6.19936990737915,155,3.3962261274741334,1.0,0.09467931918559536,0.0,0.0,0.0,-0.6234491467475891,CityLearnV3MADRLRewardFunction,matd3_unified_comparable_v4,E2,-0.0,1907,13.97765667413914,1.0,0.13056660017294602,0.0,8759
12,2.6457513110645907,1.0,0.25,-1.0,Building_9,8,MATD3,0.7900000214576721,True,0.0,0.0,0.0,0.5324955582618713,47,8719,0.0,0.0,-0.0,420439,0.0,2.1350696086883545,-0.4803004860877991,1.1369150876998901,1.6867049932479858,2.1350696086883545,2.1350696086883545,106,3.5815197403337824,1.0,0.15437126440821952,0.0,0.0,0.0,-0.6234491467475891,CityLearnV3MADRLRewardFunction,matd3_unified_comparable_v4,E2,-0.0,1907,13.97765667413914,1.0,0.13056660017294602,0.0,8759
8,2.6457513110645907,1.0,0.125,-1.0,Building_10,9,MATD3,0.7900000214576721,True,0.0,0.0,0.0,0.5324955582618713,47,8719,0.0,0.0,-0.0,420439,0.0,16.451881408691406,-0.6386224627494812,8.760553359985352,12.996986389160156,16.451881408691406,16.451881408691406,78,3.3327389865154204,1.0,0.18202073919849518,0.0,0.0,0.0,-0.6234491467475891,CityLearnV3MADRLRewardFunction,matd3_unified_comparable_v4,E2,-0.0,1907,13.97765667413914,1.0,0.13056660017294602,0.0,8759
5,1.7320508075688772,1.0,-0.2,-1.0,Building_11,10,MATD3,0.7900000214576721,True,0.0,0.0,0.0,0.5324955582618713,47,8719,0.0,0.0,-0.0,420439,0.0,66.45198059082031,-0.7267248034477234,35.38538360595703,52.497066497802734,66.45198059082031,66.45198059082031,57,3.3370684326624835,1.0,0.24824231287889315,0.0,0.0,0.0,-0.6234491467475891,CityLearnV3MADRLRewardFunction,matd3_unified_comparable_v4,E2,-0.0,1907,13.97765667413914,1.0,0.13056660017294602,0.0,8759
5,1.7320508075688772,1.0,-0.2,-1.0,Building_12,11,MATD3,0.7900000214576721,True,0.0,0.0,0.0,0.5324955582618713,47,8719,0.0,0.0,-0.0,420439,0.0,155.388671875,-0.7285810708999634,82.7437744140625,122.7570571899414,155.388671875,155.388671875,57,3.2986450553893563,1.0,0.24877953738497013,0.0,0.0,0.0,-0.6234491467475891,CityLearnV3MADRLRewardFunction,matd3_unified_comparable_v4,E2,-0.0,1907,13.97765667413914,1.0,0.13056660017294602,0.0,8759
13,2.6457513110645907,1.0,0.38461538461538464,-1.0,Building_13,12,MATD3,0.7900000214576721,True,-3.940150236303452e-06,0.0,0.0,0.5324955582618713,47,8719,0.0,0.0,-0.0,420439,0.0,0.10476967692375183,-0.4731903374195099,0.055789388716220856,0.0827680453658104,0.10476967692375183,0.1047736182808876,113,3.5034903058070705,1.0,0.13320528907058513,0.0,0.0,0.0,-0.6234491467475891,CityLearnV3MADRLRewardFunction,matd3_unified_comparable_v4,E2,-0.0,1907,13.97765667413914,1.0,0.13056660017294602,0.0,8759
6,2.449489742783178,1.0,0.3333333333333333,-1.0,Building_14,13,MATD3,0.7900000214576721,True,0.0,0.0,0.0,0.5324955582618713,47,8719,0.0,0.0,-0.0,420439,0.0,1.3521205186843872,-0.48826953768730164,0.7199981808662415,1.068175196647644,1.3521205186843872,1.3521205186843872,64,3.3627989173264545,1.0,0.22267394256778061,0.0,0.0,0.0,-0.6234491467475891,CityLearnV3MADRLRewardFunction,matd3_unified_comparable_v4,E2,-0.0,1907,13.97765667413914,1.0,0.13056660017294602,0.0,8759
10,2.23606797749979,1.0,0.1,-1.0,Building_15,14,MATD3,0.7900000214576721,True,0.0,0.0,0.0,0.5324955582618713,47,8719,0.0,0.0,-0.0,420439,0.0,15.147623062133789,-0.6291901469230652,8.066041946411133,11.966622352600098,15.147623062133789,15.147623062133789,92,3.4062206102198083,1.0,0.16028831105517305,0.0,0.0,0.0,-0.6234491467475891,CityLearnV3MADRLRewardFunction,matd3_unified_comparable_v4,E2,-0.0,1907,13.97765667413914,1.0,0.13056660017294602,0.0,8759
13,2.23606797749979,1.0,0.23076923076923078,-1.0,Building_16,15,MATD3,0.7900000214576721,True,0.0,0.0,0.0,0.5324955582618713,47,8719,0.0,0.0,-0.0,420439,0.0,11.957420349121094,-0.6029682159423828,6.367273330688477,9.446362495422363,11.957420349121094,11.957420349121094,113,3.329471900994795,1.0,0.1249398920124611,0.0,0.0,0.0,-0.6234491467475891,CityLearnV3MADRLRewardFunction,matd3_unified_comparable_v4,E2,-0.0,1907,13.97765667413914,1.0,0.13056660017294602,0.0,8759
13,2.0,1.0,0.15384615384615385,-1.0,Building_17,16,MATD3,0.7900000214576721,True,0.0,0.0,0.0,0.5324955582618713,47,8719,0.0,0.0,-0.0,420439,0.0,23.087642669677734,-0.6758719086647034,12.2940673828125,18.239238739013672,23.087642669677734,23.087642669677734,113,3.3488064918118936,1.0,0.129059622773027,0.0,0.0,0.0,-0.6234491467475891,CityLearnV3MADRLRewardFunction,matd3_unified_comparable_v4,E2,-0.0,1907,13.97765667413914,1.0,0.13056660017294602,0.0,8759
6,2.0,1.0,0.3333333333333333,-1.0,Building_1,0,MATD3,0.783939003944397,False,0.0,0.0,0.0,0.5324955582618713,48,0,0.0,0.0,-0.0,420480,-0.0,0.0,-0.3073515295982361,0.0,0.0,0.0,0.0,64,3.2370902910610186,1.0,0.23840374534484,0.0,-0.0,999.9932845153809,-0.30555081367492676,CityLearnV3MADRLRewardFunction,matd3_unified_comparable_v4,E2,-999.9932845153809,1907,14.513817584348558,1.0,0.1536855642192015,0.0,41
8,2.0,1.0,0.25,-1.0,Building_2,1,MATD3,0.783939003944397,False,0.0,0.0,0.0,0.5324955582618713,48,0,0.0,0.0,-0.0,420480,-0.0,0.0,-0.23235152661800385,0.0,0.0,0.0,0.0,78,3.2495489902969275,1.0,0.19078573947533584,0.0,-0.0,572.28380859375,-0.30555081367492676,CityLearnV3MADRLRewardFunction,matd3_unified_comparable_v4,E2,-572.28380859375,1907,14.513817584348558,1.0,0.1536855642192015,0.0,41
10,2.449489742783178,1.0,0.0,-1.0,Building_3,2,MATD3,0.783939003944397,False,0.0,0.0,0.0,0.5324955582618713,48,0,0.0,0.0,-0.0,420480,-0.0,0.0,-0.23235152661800385,0.0,0.0,0.0,0.0,92,3.6983230130134794,1.840000033378601,0.18115494076324545,0.0,-0.0,425.201996850586,-0.30555081367492676,CityLearnV3MADRLRewardFunction,matd3_unified_comparable_v4,E2,-425.201996850586,1907,14.513817584348558,1.0,0.1536855642192015,0.0,41
8,2.23606797749979,1.0,0.125,-1.0,Building_4,3,MATD3,0.783939003944397,False,0.0,0.0,0.0,0.5324955582618713,48,0,0.0,0.0,-0.0,420480,-0.0,0.0,-0.5474632382392883,0.0,0.0,0.0,0.0,78,3.7803891981205484,1.7200000286102295,0.22195472778418127,0.0,-0.0,178.7298814819336,-0.30555081367492676,CityLearnV3MADRLRewardFunction,matd3_unified_comparable_v4,E2,-178.7298814819336,1907,14.513817584348558,1.0,0.1536855642192015,0.0,41
5,1.7320508075688772,1.0,-0.2,-1.0,Building_5,4,MATD3,0.783939003944397,False,0.0,0.0,0.0,0.5324955582618713,48,0,0.0,0.0,-0.0,420480,-0.0,0.0,-0.2910221517086029,0.0,0.0,0.0,0.0,57,3.92733986454609,1.840000033378601,0.33159768908170234,0.0,-0.0,77.01599364624025,-0.30555081367492676,CityLearnV3MADRLRewardFunction,matd3_unified_comparable_v4,E2,-77.01599364624025,1907,14.513817584348558,1.0,0.1536855642192015,0.0,41
34,3.7416573867739413,1.0,0.23529411764705882,-1.0,Building_6,5,MATD3,0.783939003944397,False,0.0,0.0,0.0,0.5324955582618713,48,0,0.0,0.0,-0.0,420480,-0.0,0.0,-0.572365939617157,0.0,0.0,0.0,0.0,260,4.882306114561856,1.7200000286102295,0.11093106590784513,0.0,-0.0,1477.3712601226805,-0.30555081367492676,CityLearnV3MADRLRewardFunction,matd3_unified_comparable_v4,E2,-1477.3712601226805,1907,14.513817584348558,1.0,0.1536855642192015,0.0,41
44,4.58257569495584,1.0,0.38636363636363635,-1.0,Building_7,6,MATD3,0.783939003944397,False,0.0,0.0,0.0,0.5324955582618713,48,0,0.0,0.0,-0.0,420480,-0.0,0.0,-0.23235152661800385,0.0,0.0,0.0,0.0,330,3.848165907677311,1.6799999475479126,0.053536170675899046,0.0,-0.0,576.6058111541748,-0.30555081367492676,CityLearnV3MADRLRewardFunction,matd3_unified_comparable_v4,E2,-576.6058111541748,1907,14.513817584348558,1.0,0.1536855642192015,0.0,41
19,3.3166247903554,1.0,0.15789473684210525,-1.0,Building_8,7,MATD3,0.783939003944397,False,0.0,0.0,0.0,0.5324955582618713,48,0,0.0,0.0,-0.0,420480,-0.0,0.0,-0.3073515295982361,0.0,0.0,0.0,0.0,155,3.5237335714850184,1.0,0.11086999062568911,0.0,-0.0,1504.2751305419922,-0.30555081367492676,CityLearnV3MADRLRewardFunction,matd3_unified_comparable_v4,E2,-1504.2751305419922,1907,14.513817584348558,1.0,0.1536855642192015,0.0,41
12,2.6457513110645907,1.0,0.25,-1.0,Building_9,8,MATD3,0.783939003944397,False,0.0,0.0,0.0,0.5324955582618713,48,0,0.0,0.0,-0.0,420480,-0.0,0.0,-0.16962102055549622,0.0,0.0,0.0,0.0,106,4.471709300139818,1.840000033378601,0.22465689114804538,0.0,-0.0,317.17805920410154,-0.30555081367492676,CityLearnV3MADRLRewardFunction,matd3_unified_comparable_v4,E2,-317.17805920410154,1907,14.513817584348558,1.0,0.1536855642192015,0.0,41
8,2.6457513110645907,1.0,0.125,-1.0,Building_10,9,MATD3,0.783939003944397,False,0.0,0.0,0.0,0.5324955582618713,48,0,0.0,0.0,-0.0,420480,-0.0,0.0,-0.23235152661800385,0.0,0.0,0.0,0.0,78,3.0892702521043893,1.0,0.18371785145539504,0.0,-0.0,1021.2568420074463,-0.30555081367492676,CityLearnV3MADRLRewardFunction,matd3_unified_comparable_v4,E2,-1021.2568420074463,1907,14.513817584348558,1.0,0.1536855642192015,0.0,41
5,1.7320508075688772,1.0,-0.2,-1.0,Building_11,10,MATD3,0.783939003944397,False,0.0,0.0,0.0,0.5324955582618713,48,0,0.0,0.0,-0.0,420480,-0.0,0.0,-0.3073515295982361,0.0,0.0,0.0,0.0,57,3.721171428292877,1.840000033378601,0.29541023389289256,0.0,-0.0,3041.5489687042236,-0.30555081367492676,CityLearnV3MADRLRewardFunction,matd3_unified_comparable_v4,E2,-3041.5489687042236,1907,14.513817584348558,1.0,0.1536855642192015,0.0,41
5,1.7320508075688772,1.0,-0.2,-1.0,Building_12,11,MATD3,0.783939003944397,False,0.0,0.0,0.0,0.5324955582618713,48,0,0.0,0.0,-0.0,420480,-0.0,0.0,-0.3073515295982361,0.0,0.0,0.0,0.0,57,3.950959513366367,1.840000033378601,0.3362405540650351,0.0,-0.0,1303.2073262786864,-0.30555081367492676,CityLearnV3MADRLRewardFunction,matd3_unified_comparable_v4,E2,-1303.2073262786864,1907,14.513817584348558,1.0,0.1536855642192015,0.0,41
13,2.6457513110645907,1.0,0.38461538461538464,-1.0,Building_13,12,MATD3,0.783939003944397,False,0.0,0.0,0.0,0.5324955582618713,48,0,0.0,0.0,-0.0,420480,-0.0,0.0,-0.23235152661800385,0.0,0.0,0.0,0.0,113,3.858289620267365,1.6799999475479126,0.15852096307594166,0.0,-0.0,193.76143537597656,-0.30555081367492676,CityLearnV3MADRLRewardFunction,matd3_unified_comparable_v4,E2,-193.76143537597656,1907,14.513817584348558,1.0,0.1536855642192015,0.0,41
6,2.449489742783178,1.0,0.3333333333333333,-1.0,Building_14,13,MATD3,0.783939003944397,False,0.0,0.0,0.0,0.5324955582618713,48,0,0.0,0.0,-0.0,420480,-0.0,0.0,-0.3006606101989746,0.0,0.0,0.0,0.0,64,3.9445160535623938,1.6799999475479126,0.3015170401195064,0.0,-0.0,1270.632226751709,-0.30555081367492676,CityLearnV3MADRLRewardFunction,matd3_unified_comparable_v4,E2,-1270.632226751709,1907,14.513817584348558,1.0,0.1536855642192015,0.0,41
10,2.23606797749979,1.0,0.1,-1.0,Building_15,14,MATD3,0.783939003944397,False,0.0,0.0,0.0,0.5324955582618713,48,0,0.0,0.0,-0.0,420480,-0.0,0.0,-0.3073515295982361,0.0,0.0,0.0,0.0,92,3.1319899217770075,1.0,0.15659711024035577,0.0,-0.0,705.0795242492676,-0.30555081367492676,CityLearnV3MADRLRewardFunction,matd3_unified_comparable_v4,E2,-705.0795242492676,1907,14.513817584348558,1.0,0.1536855642192015,0.0,41
13,2.23606797749979,1.0,0.23076923076923078,-1.0,Building_16,15,MATD3,0.783939003944397,False,0.0,0.0,0.0,0.5324955582618713,48,0,0.0,0.0,-0.0,420480,-0.0,0.0,-0.3073515295982361,0.0,0.0,0.0,0.0,113,3.048924711624711,1.0,0.12247723815715418,0.0,-0.0,733.436636315918,-0.30555081367492676,CityLearnV3MADRLRewardFunction,matd3_unified_comparable_v4,E2,-733.436636315918,1907,14.513817584348558,1.0,0.1536855642192015,0.0,41
13,2.0,1.0,0.15384615384615385,-1.0,Building_17,16,MATD3,0.783939003944397,False,0.0,0.0,0.0,0.5324955582618713,48,0,0.0,0.0,-0.0,420480,-0.0,0.0,-0.3073640763759613,0.0,0.0,0.0,0.0,113,3.717656763201531,1.840000033378601,0.1486818657248421,0.0,-0.0,114.7736819152832,-0.30555081367492676,CityLearnV3MADRLRewardFunction,matd3_unified_comparable_v4,E2,-114.7736819152832,1907,14.513817584348558,1.0,0.1536855642192015,0.0,41
6,2.0,1.0,0.3333333333333333,-1.0,Building_1,0,MATD3,0.7900000214576721,True,-2.591028533061035e-05,0.0,0.0,0.5324955582618713,48,8718,0.0,0.0,-0.0,429198,0.0,433.4545593261719,-0.8126420378684998,230.8126220703125,342.4291076660156,433.4545593261719,433.45458984375,64,3.3346950690998187,1.0,0.22409327677451074,0.0,0.0,0.0,-0.7389963865280151,CityLearnV3MADRLRewardFunction,matd3_unified_comparable_v4,E2,-0.0,1907,13.637538124787994,1.0,0.12602388051030333,0.0,8759
8,2.0,1.0,0.25,-1.0,Building_2,1,MATD3,0.7900000214576721,True,-7.45059693940675e-08,0.0,0.0,0.5324955582618713,48,8718,0.0,0.0,-0.0,429198,0.0,15.16435432434082,-0.7112137675285339,8.074951171875,11.979840278625488,15.16435432434082,15.16435432434082,78,3.4503282414222163,1.0,0.19114438100503042,0.0,0.0,0.0,-0.7389963865280151,CityLearnV3MADRLRewardFunction,matd3_unified_comparable_v4,E2,-0.0,1907,13.637538124787994,1.0,0.12602388051030333,0.0,8759
10,2.449489742783178,1.0,0.0,-1.0,Building_3,2,MATD3,0.7900000214576721,True,0.0,0.0,0.0,0.5324955582618713,48,8718,0.0,0.0,-0.0,429198,0.0,94.53981018066406,-0.8091206550598145,50.3420295715332,74.68645477294922,94.53981018066406,94.53981018066406,92,3.204969290194373,1.0,0.14604751976287883,0.0,0.0,0.0,-0.7389963865280151,CityLearnV3MADRLRewardFunction,matd3_unified_comparable_v4,E2,-0.0,1907,13.637538124787994,1.0,0.12602388051030333,0.0,8759
8,2.23606797749979,1.0,0.125,-1.0,Building_4,3,MATD3,0.7900000214576721,True,0.0,0.0,0.0,0.5324955582618713,48,8718,0.0,0.0,-0.0,429198,0.0,31.04317283630371,-0.7830014824867249,16.530351638793945,24.524106979370117,31.04317283630371,31.04317283630371,78,3.1916766443122158,1.0,0.17149378894231257,0.0,0.0,0.0,-0.7389963865280151,CityLearnV3MADRLRewardFunction,matd3_unified_comparable_v4,E2,-0.0,1907,13.637538124787994,1.0,0.12602388051030333,0.0,8759
5,1.7320508075688772,1.0,-0.2,-1.0,Building_5,4,MATD3,0.7900000214576721,True,0.0,0.0,0.0,0.5324955582618713,48,8718,0.0,0.0,-0.0,429198,0.0,38.538970947265625,-0.8105393648147583,20.521831512451172,30.44578742980957,38.538970947265625,38.538970947265625,57,3.423454924171088,1.0,0.2743285089208369,0.0,0.0,0.0,-0.7389963865280151,CityLearnV3MADRLRewardFunction,matd3_unified_comparable_v4,E2,-0.0,1907,13.637538124787994,1.0,0.12602388051030333,0.0,8759
34,3.7416573867739413,1.0,0.23529411764705882,-1.0,Building_6,5,MATD3,0.7900000214576721,True,0.0,0.0,0.0,0.5324955582618713,48,8718,0.0,0.0,-0.0,429198,0.0,362.8901062011719,-0.8113460540771484,193.23736572265625,286.6831970214844,362.8901062011719,362.8901062011719,260,3.184578026920365,1.0,0.05131137789441989,0.0,0.0,0.0,-0.7389963865280151,CityLearnV3MADRLRewardFunction,matd3_unified_comparable_v4,E2,-0.0,1907,13.637538124787994,1.0,0.12602388051030333,0.0,8759
44,4.58257569495584,1.0,0.38636363636363635,-1.0,Building_7,6,MATD3,0.7900000214576721,True,2.119661439792253e-05,0.0,0.0,0.5324955582618713,48,8718,0.0,0.0,-0.0,429198,0.0,12.664132118225098,-0.6909528970718384,6.743594169616699,10.004664421081543,12.664132118225098,12.664111137390137,330,3.4121844398967727,1.0,0.04423387093525944,0.0,0.0,0.0,-0.7389963865280151,CityLearnV3MADRLRewardFunction,matd3_unified_comparable_v4,E2,-0.0,1907,13.637538124787994,1.0,0.12602388051030333,0.0,8759
19,3.3166247903554,1.0,0.05263157894736842,-1.0,Building_8,7,MATD3,0.7900000214576721,True,0.0,0.0,0.0,0.5324955582618713,48,8718,0.0,0.0,-0.0,429198,0.0,12.065996170043945,-0.6851596236228943,6.425089359283447,9.532136917114258,12.065996170043945,12.065996170043945,155,3.327079593304185,1.0,0.09201990635164323,0.0,0.0,0.0,-0.7389963865280151,CityLearnV3MADRLRewardFunction,matd3_unified_comparable_v4,E2,-0.0,1907,13.637538124787994,1.0,0.12602388051030333,0.0,8759
12,2.6457513110645907,1.0,0.25,-1.0,Building_9,8,MATD3,0.7900000214576721,True,0.0,0.0,0.0,0.5324955582618713,48,8718,0.0,0.0,-0.0,429198,0.0,2.290161371231079,-0.5633835792541504,1.2195007801055908,1.8092275857925415,2.290161371231079,2.290161371231079,106,3.524763688463799,1.0,0.1502447155005527,0.0,0.0,0.0,-0.7389963865280151,CityLearnV3MADRLRewardFunction,matd3_unified_comparable_v4,E2,-0.0,1907,13.637538124787994,1.0,0.12602388051030333,0.0,8759
8,2.6457513110645907,1.0,0.125,-1.0,Building_10,9,MATD3,0.7900000214576721,True,0.0,0.0,0.0,0.5324955582618713,48,8718,0.0,0.0,-0.0,429198,0.0,51.649574279785156,-0.8049476146697998,27.5031681060791,40.803165435791016,51.649574279785156,51.649574279785156,78,3.2453861913152173,1.0,0.17623050472675225,0.0,0.0,0.0,-0.7389963865280151,CityLearnV3MADRLRewardFunction,matd3_unified_comparable_v4,E2,-0.0,1907,13.637538124787994,1.0,0.12602388051030333,0.0,8759
5,1.7320508075688772,1.0,-0.2,-1.0,Building_11,10,MATD3,0.7900000214576721,True,0.0,0.0,0.0,0.5324955582618713,48,8718,0.0,0.0,-0.0,429198,0.0,71.54803466796875,-0.808362603187561,38.0990104675293,56.52294921875,71.54803466796875,71.54803466796875,57,3.2529987469196797,1.0,0.239674755421124,0.0,0.0,0.0,-0.7389963865280151,CityLearnV3MADRLRewardFunction,matd3_unified_comparable_v4,E2,-0.0,1907,13.637538124787994,1.0,0.12602388051030333,0.0,8759
5,1.7320508075688772,1.0,-0.2,-1.0,Building_12,11,MATD3,0.7900000214576721,True,0.0,0.0,0.0,0.5324955582618713,48,8718,0.0,0.0,-0.0,429198,0.0,215.11593627929688,-0.8103522658348083,114.54827880859375,169.94158935546875,215.11593627929688,215.11593627929688,57,3.2199753522224124,1.0,0.24075160789908023,0.0,0.0,0.0,-0.7389963865280151,CityLearnV3MADRLRewardFunction,matd3_unified_comparable_v4,E2,-0.0,1907,13.637538124787994,1.0,0.12602388051030333,0.0,8759
13,2.8284271247461903,1.0,0.46153846153846156,-1.0,Building_13,12,MATD3,0.7900000214576721,True,-3.940150236303452e-06,0.0,0.0,0.5324955582618713,48,8718,0.0,0.0,-0.0,429198,0.0,2.0330183506011963,-0.5777789354324341,1.0825732946395874,1.6060845851898193,2.0330183506011963,2.033022403717041,113,3.4123216014469584,1.0,0.12815825298296668,0.0,0.0,0.0,-0.7389963865280151,CityLearnV3MADRLRewardFunction,matd3_unified_comparable_v4,E2,-0.0,1907,13.637538124787994,1.0,0.12602388051030333,0.0,8759
6,2.449489742783178,1.0,0.3333333333333333,-1.0,Building_14,13,MATD3,0.7900000214576721,True,0.0,0.0,0.0,0.5324955582618713,48,8718,0.0,0.0,-0.0,429198,0.0,2.6149511337280273,-0.5846496820449829,1.3924498558044434,2.0658113956451416,2.6149511337280273,2.6149511337280273,64,3.246010192556302,1.0,0.21219419362023473,0.0,0.0,0.0,-0.7389963865280151,CityLearnV3MADRLRewardFunction,matd3_unified_comparable_v4,E2,-0.0,1907,13.637538124787994,1.0,0.12602388051030333,0.0,8759
10,2.23606797749979,1.0,0.1,-1.0,Building_15,14,MATD3,0.7900000214576721,True,0.0,0.0,0.0,0.5324955582618713,48,8718,0.0,0.0,-0.0,429198,0.0,19.521480560302734,-0.7392048835754395,10.395101547241211,15.42197036743164,19.521480560302734,19.521480560302734,92,3.3352580267821357,1.0,0.15549059633327567,0.0,0.0,0.0,-0.7389963865280151,CityLearnV3MADRLRewardFunction,matd3_unified_comparable_v4,E2,-0.0,1907,13.637538124787994,1.0,0.12602388051030333,0.0,8759
13,2.23606797749979,1.0,0.23076923076923078,-1.0,Building_16,15,MATD3,0.7900000214576721,True,0.0,0.0,0.0,0.5324955582618713,48,8718,0.0,0.0,-0.0,429198,0.0,54.89390563964844,-0.8059767484664917,29.23076057434082,43.366188049316406,54.89390563964844,54.89390563964844,113,3.2233941880861243,1.0,0.11971595718533593,0.0,0.0,0.0,-0.7389963865280151,CityLearnV3MADRLRewardFunction,matd3_unified_comparable_v4,E2,-0.0,1907,13.637538124787994,1.0,0.12602388051030333,0.0,8759
13,2.0,1.0,0.15384615384615385,-1.0,Building_17,16,MATD3,0.7900000214576721,True,0.0,0.0,0.0,0.5324955582618713,48,8718,0.0,0.0,-0.0,429198,0.0,22.46647071838379,-0.7543066740036011,11.963295936584473,17.748512268066406,22.46647071838379,22.46647071838379,113,3.212997057217479,1.0,0.11923809085799529,0.0,0.0,0.0,-0.7389963865280151,CityLearnV3MADRLRewardFunction,matd3_unified_comparable_v4,E2,-0.0,1907,13.637538124787994,1.0,0.12602388051030333,0.0,8759
6,2.0,1.0,0.3333333333333333,-1.0,Building_1,0,MATD3,0.7900000214576721,False,0.0,0.0,0.0,0.5324955582618713,49,0,0.0,0.0,-0.0,429240,-0.0,0.0,-0.500434160232544,0.0,0.0,0.0,0.0,64,3.2202642958775014,1.0,0.22464190190657973,0.0,-0.0,1482.348312774658,-0.3092396557331085,CityLearnV3MADRLRewardFunction,matd3_unified_comparable_v4,E2,-1482.348312774658,1907,14.107202264239973,1.0,0.14039097715014867,0.0,42
8,2.0,1.0,0.25,-1.0,Building_2,1,MATD3,0.7900000214576721,False,0.0,0.0,0.0,0.5324955582618713,49,0,0.0,0.0,-0.0,429240,-0.0,0.0,-0.23358452320098877,0.0,0.0,0.0,0.0,78,3.4009557806652566,1.0,0.1953690476142443,0.0,-0.0,847.945546875,-0.3092396557331085,CityLearnV3MADRLRewardFunction,matd3_unified_comparable_v4,E2,-847.945546875,1907,14.107202264239973,1.0,0.14039097715014867,0.0,42
10,2.449489742783178,1.0,0.0,-1.0,Building_3,2,MATD3,0.7900000214576721,False,0.0,0.0,0.0,0.5324955582618713,49,0,0.0,0.0,-0.0,429240,-0.0,0.0,-0.23749324679374695,0.0,0.0,0.0,0.0,92,3.701127118850112,1.840000033378601,0.17451909152062042,0.0,-0.0,630.7066435974122,-0.3092396557331085,CityLearnV3MADRLRewardFunction,matd3_unified_comparable_v4,E2,-630.7066435974122,1907,14.107202264239973,1.0,0.14039097715014867,0.0,42
8,2.23606797749979,1.0,0.125,-1.0,Building_4,3,MATD3,0.7900000214576721,False,0.0,0.0,0.0,0.5324955582618713,49,0,0.0,0.0,-0.0,429240,-0.0,0.0,-0.4977101981639862,0.0,0.0,0.0,0.0,78,3.7205874772842433,1.7200000286102295,0.2055840211418959,0.0,-0.0,264.8924489685059,-0.3092396557331085,CityLearnV3MADRLRewardFunction,matd3_unified_comparable_v4,E2,-264.8924489685059,1907,14.107202264239973,1.0,0.14039097715014867,0.0,42
5,1.7320508075688772,1.0,-0.2,-1.0,Building_5,4,MATD3,0.7900000214576721,False,0.0,0.0,0.0,0.5324955582618713,49,0,0.0,0.0,-0.0,429240,-0.0,0.0,-0.5649434924125671,0.0,0.0,0.0,0.0,57,3.8718486975597233,1.840000033378601,0.3101213098618022,0.0,-0.0,114.88654569091798,-0.3092396557331085,CityLearnV3MADRLRewardFunction,matd3_unified_comparable_v4,E2,-114.88654569091798,1907,14.107202264239973,1.0,0.14039097715014867,0.0,42
34,3.7416573867739413,1.0,0.23529411764705882,-1.0,Building_6,5,MATD3,0.7900000214576721,False,0.0,0.0,0.0,0.5324955582618713,49,0,0.0,0.0,-0.0,429240,-0.0,0.0,-0.5754295587539673,0.0,0.0,0.0,0.0,260,4.447450799447073,1.7200000286102295,0.08717766888439656,0.0,-0.0,2187.073099197388,-0.3092396557331085,CityLearnV3MADRLRewardFunction,matd3_unified_comparable_v4,E2,-2187.073099197388,1907,14.107202264239973,1.0,0.14039097715014867,0.0,42
44,4.58257569495584,1.0,0.38636363636363635,-1.0,Building_7,6,MATD3,0.7900000214576721,False,0.0,0.0,0.0,0.5324955582618713,49,0,0.0,0.0,-0.0,429240,-0.0,0.0,-0.23358453810214996,0.0,0.0,0.0,0.0,330,3.268644886176033,1.0,0.0443571999669075,0.0,-0.0,856.684053479004,-0.3092396557331085,CityLearnV3MADRLRewardFunction,matd3_unified_comparable_v4,E2,-856.684053479004,1907,14.107202264239973,1.0,0.14039097715014867,0.0,42
19,3.3166247903554,1.0,0.05263157894736842,-1.0,Building_8,7,MATD3,0.7900000214576721,False,0.0,0.0,0.0,0.5324955582618713,49,0,0.0,0.0,-0.0,429240,-0.0,0.0,-0.17085403203964233,0.0,0.0,0.0,0.0,155,3.638457788992742,1.0,0.11213246723336558,0.0,-0.0,2226.771834576416,-0.3092396557331085,CityLearnV3MADRLRewardFunction,matd3_unified_comparable_v4,E2,-2226.771834576416,1907,14.107202264239973,1.0,0.14039097715014867,0.0,42
12,2.6457513110645907,1.0,0.25,-1.0,Building_9,8,MATD3,0.7900000214576721,False,0.0,0.0,0.0,0.5324955582618713,49,0,0.0,0.0,-0.0,429240,-0.0,0.0,-0.21688571572303772,0.0,0.0,0.0,0.0,106,4.202563792209655,1.840000033378601,0.1975028026357012,0.0,-0.0,471.30374716491696,-0.3092396557331085,CityLearnV3MADRLRewardFunction,matd3_unified_comparable_v4,E2,-471.30374716491696,1907,14.107202264239973,1.0,0.14039097715014867,0.0,42
8,2.6457513110645907,1.0,0.125,-1.0,Building_10,9,MATD3,0.7900000214576721,False,0.0,0.0,0.0,0.5324955582618713,49,0,0.0,0.0,-0.0,429240,-0.0,0.0,-0.23358452320098877,0.0,0.0,0.0,0.0,78,3.153559928000236,1.0,0.17923930268257093,0.0,-0.0,1513.7512063385009,-0.3092396557331085,CityLearnV3MADRLRewardFunction,matd3_unified_comparable_v4,E2,-1513.7512063385009,1907,14.107202264239973,1.0,0.14039097715014867,0.0,42
5,1.7320508075688772,1.0,-0.2,-1.0,Building_11,10,MATD3,0.7900000214576721,False,0.0,0.0,0.0,0.5324955582618713,49,0,0.0,0.0,-0.0,429240,-0.0,0.0,-0.23358452320098877,0.0,0.0,0.0,0.0,57,3.8776437466355533,1.840000033378601,0.3038235348567628,0.0,-0.0,4513.623414239502,-0.3092396557331085,CityLearnV3MADRLRewardFunction,matd3_unified_comparable_v4,E2,-4513.623414239502,1907,14.107202264239973,1.0,0.14039097715014867,0.0,42
5,1.7320508075688772,1.0,-0.2,-1.0,Building_12,11,MATD3,0.7900000214576721,False,0.0,0.0,0.0,0.5324955582618713,49,0,0.0,0.0,-0.0,429240,-0.0,0.0,-0.3085845112800598,0.0,0.0,0.0,0.0,57,3.743502974615762,1.840000033378601,0.287787544361332,0.0,-0.0,1930.0348768615722,-0.3092396557331085,CityLearnV3MADRLRewardFunction,matd3_unified_comparable_v4,E2,-1930.0348768615722,1907,14.107202264239973,1.0,0.14039097715014867,0.0,42
13,2.8284271247461903,1.0,0.46153846153846156,-1.0,Building_13,12,MATD3,0.7900000214576721,False,0.0,0.0,0.0,0.5324955582618713,49,0,0.0,0.0,-0.0,429240,-0.0,0.0,-0.23382925987243652,0.0,0.0,0.0,0.0,113,3.2667742326519087,1.0,0.12793655904520929,0.0,-0.0,287.45306239624017,-0.3092396557331085,CityLearnV3MADRLRewardFunction,matd3_unified_comparable_v4,E2,-287.45306239624017,1907,14.107202264239973,1.0,0.14039097715014867,0.0,42
6,2.449489742783178,1.0,0.3333333333333333,-1.0,Building_14,13,MATD3,0.7900000214576721,False,0.0,0.0,0.0,0.5324955582618713,49,0,0.0,0.0,-0.0,429240,-0.0,0.0,-0.3085845112800598,0.0,0.0,0.0,0.0,64,3.112952960193576,1.0,0.21230286895297468,0.0,-0.0,1881.9502738067627,-0.3092396557331085,CityLearnV3MADRLRewardFunction,matd3_unified_comparable_v4,E2,-1881.9502738067627,1907,14.107202264239973,1.0,0.14039097715014867,0.0,42
10,2.23606797749979,1.0,0.1,-1.0,Building_15,14,MATD3,0.7900000214576721,False,0.0,0.0,0.0,0.5324955582618713,49,0,0.0,0.0,-0.0,429240,-0.0,0.0,-0.23358452320098877,0.0,0.0,0.0,0.0,92,3.221111429914147,1.0,0.15517737862208617,0.0,-0.0,1046.6847600402832,-0.3092396557331085,CityLearnV3MADRLRewardFunction,matd3_unified_comparable_v4,E2,-1046.6847600402832,1907,14.107202264239973,1.0,0.14039097715014867,0.0,42
13,2.23606797749979,1.0,0.23076923076923078,-1.0,Building_16,15,MATD3,0.7900000214576721,False,0.0,0.0,0.0,0.5324955582618713,49,0,0.0,0.0,-0.0,429240,-0.0,0.0,-0.23358452320098877,0.0,0.0,0.0,0.0,113,3.075543686084249,1.0,0.11920181510195269,0.0,-0.0,1088.5853324340821,-0.3092396557331085,CityLearnV3MADRLRewardFunction,matd3_unified_comparable_v4,E2,-1088.5853324340821,1907,14.107202264239973,1.0,0.14039097715014867,0.0,42
13,2.0,1.0,0.15384615384615385,-1.0,Building_17,16,MATD3,0.7900000214576721,False,0.0,0.0,0.0,0.5324955582618713,49,0,0.0,0.0,-0.0,429240,-0.0,0.0,-0.2408185452222824,0.0,0.0,0.0,0.0,113,3.730731805649303,1.840000033378601,0.14538731234791005,0.0,-0.0,170.09334479370116,-0.3092396557331085,CityLearnV3MADRLRewardFunction,matd3_unified_comparable_v4,E2,-170.09334479370116,1907,14.107202264239973,1.0,0.14039097715014867,0.0,42
6,2.0,1.0,0.3333333333333333,-1.0,Building_1,0,MATD3,0.7900000214576721,True,-2.591028533061035e-05,0.0,0.0,0.5324955582618713,49,8717,0.0,0.0,-0.0,437957,0.0,446.8855895996094,-0.8114431500434875,237.96458435058594,353.03961181640625,446.8855895996094,446.8856201171875,64,3.503224370920406,1.0,0.24708087975159287,0.0,0.0,0.0,-0.7374456524848938,CityLearnV3MADRLRewardFunction,matd3_unified_comparable_v4,E2,-0.0,1907,14.36942039239596,1.0,0.1394369537074277,0.0,8759
8,2.0,1.0,0.25,-1.0,Building_2,1,MATD3,0.7900000214576721,True,-7.45059693940675e-08,0.0,0.0,0.5324955582618713,49,8717,0.0,0.0,-0.0,437957,0.0,5.618855953216553,-0.6186769008636475,2.992015838623047,4.438896179199219,5.618855953216553,5.618855953216553,78,3.5967874580055867,1.0,0.20523377832693931,0.0,0.0,0.0,-0.7374456524848938,CityLearnV3MADRLRewardFunction,matd3_unified_comparable_v4,E2,-0.0,1907,14.36942039239596,1.0,0.1394369537074277,0.0,8759
10,2.449489742783178,1.0,0.0,-1.0,Building_3,2,MATD3,0.7900000214576721,True,0.0,0.0,0.0,0.5324955582618713,49,8717,0.0,0.0,-0.0,437957,0.0,98.17061614990234,-0.8079792261123657,52.27541732788086,77.5547866821289,98.17061614990234,98.17061614990234,92,3.3819518729175577,1.0,0.16205699093963788,0.0,0.0,0.0,-0.7374456524848938,CityLearnV3MADRLRewardFunction,matd3_unified_comparable_v4,E2,-0.0,1907,14.36942039239596,1.0,0.1394369537074277,0.0,8759
8,2.23606797749979,1.0,0.125,-1.0,Building_4,3,MATD3,0.7900000214576721,True,0.0,0.0,0.0,0.5324955582618713,49,8717,0.0,0.0,-0.0,437957,0.0,28.84416961669922,-0.7762286067008972,15.359392166137695,22.786893844604492,28.84416961669922,28.84416961669922,78,3.365757821671856,1.0,0.19006271679431963,0.0,0.0,0.0,-0.7374456524848938,CityLearnV3MADRLRewardFunction,matd3_unified_comparable_v4,E2,-0.0,1907,14.36942039239596,1.0,0.1394369537074277,0.0,8759
5,1.7320508075688772,1.0,-0.2,-1.0,Building_5,4,MATD3,0.7900000214576721,True,0.0,0.0,0.0,0.5324955582618713,49,8717,0.0,0.0,-0.0,437957,0.0,37.89287567138672,-0.8085435628890991,20.17778778076172,29.935373306274414,37.89287567138672,37.89287567138672,57,3.588186860022673,1.0,0.30008620049869805,0.0,0.0,0.0,-0.7374456524848938,CityLearnV3MADRLRewardFunction,matd3_unified_comparable_v4,E2,-0.0,1907,14.36942039239596,1.0,0.1394369537074277,0.0,8759
34,3.7416573867739413,1.0,0.23529411764705882,-1.0,Building_6,5,MATD3,0.7900000214576721,True,0.0,0.0,0.0,0.5324955582618713,49,8717,0.0,0.0,-0.0,437957,0.0,350.8894348144531,-0.810080349445343,186.84706115722656,277.2026672363281,350.8894348144531,350.8894348144531,260,3.3609150752866683,1.0,0.05693318809454258,0.0,0.0,0.0,-0.7374456524848938,CityLearnV3MADRLRewardFunction,matd3_unified_comparable_v4,E2,-0.0,1907,14.36942039239596,1.0,0.1394369537074277,0.0,8759
44,4.47213595499958,1.0,0.36363636363636365,-1.0,Building_7,6,MATD3,0.7900000214576721,True,2.119661439792253e-05,0.0,0.0,0.5324955582618713,49,8717,0.0,0.0,-0.0,437957,0.0,18.660245895385742,-0.7337864637374878,9.936497688293457,14.741594314575195,18.660245895385742,18.66022491455078,330,3.5839483164279073,1.0,0.04892784004861658,0.0,0.0,0.0,-0.7374456524848938,CityLearnV3MADRLRewardFunction,matd3_unified_comparable_v4,E2,-0.0,1907,14.36942039239596,1.0,0.1394369537074277,0.0,8759
19,3.3166247903554,1.0,0.05263157894736842,-1.0,Building_8,7,MATD3,0.7900000214576721,True,0.0,0.0,0.0,0.5324955582618713,49,8717,0.0,0.0,-0.0,437957,0.0,19.251495361328125,-0.7364574670791626,10.251336097717285,15.2086820602417,19.251495361328125,19.251495361328125,155,3.5885433590282907,1.0,0.10431925356388091,0.0,0.0,0.0,-0.7374456524848938,CityLearnV3MADRLRewardFunction,matd3_unified_comparable_v4,E2,-0.0,1907,14.36942039239596,1.0,0.1394369537074277,0.0,8759
12,2.6457513110645907,1.0,0.25,-1.0,Building_9,8,MATD3,0.7900000214576721,True,0.0,0.0,0.0,0.5324955582618713,49,8717,0.0,0.0,-0.0,437957,0.0,2.4506425857543945,-0.5641038417816162,1.304956316947937,1.9360077381134033,2.4506425857543945,2.4506425857543945,106,3.69422321994266,1.0,0.16635122839009986,0.0,0.0,0.0,-0.7374456524848938,CityLearnV3MADRLRewardFunction,matd3_unified_comparable_v4,E2,-0.0,1907,14.36942039239596,1.0,0.1394369537074277,0.0,8759
8,2.6457513110645907,1.0,0.125,-1.0,Building_10,9,MATD3,0.7900000214576721,True,0.0,0.0,0.0,0.5324955582618713,49,8717,0.0,0.0,-0.0,437957,0.0,34.33414077758789,-0.7884258031845093,18.282777786254883,27.123971939086914,34.33414077758789,34.33414077758789,78,3.415234646210866,1.0,0.1936505149381283,0.0,0.0,0.0,-0.7374456524848938,CityLearnV3MADRLRewardFunction,matd3_unified_comparable_v4,E2,-0.0,1907,14.36942039239596,1.0,0.1394369537074277,0.0,8759
5,1.7320508075688772,1.0,-0.2,-1.0,Building_11,10,MATD3,0.7900000214576721,True,0.0,0.0,0.0,0.5324955582618713,49,8717,0.0,0.0,-0.0,437957,0.0,57.917564392089844,-0.805500864982605,30.840845108032227,45.754878997802734,57.917564392089844,57.917564392089844,57,3.4269249047087063,1.0,0.2646699521625251,0.0,0.0,0.0,-0.7374456524848938,CityLearnV3MADRLRewardFunction,matd3_unified_comparable_v4,E2,-0.0,1907,14.36942039239596,1.0,0.1394369537074277,0.0,8759
5,1.7320508075688772,1.0,-0.2,-1.0,Building_12,11,MATD3,0.7900000214576721,True,0.0,0.0,0.0,0.5324955582618713,49,8717,0.0,0.0,-0.0,437957,0.0,182.6020965576172,-0.8088650107383728,97.23480224609375,144.2556610107422,182.6020965576172,182.6020965576172,57,3.38220839408873,1.0,0.2615112162995757,0.0,0.0,0.0,-0.7374456524848938,CityLearnV3MADRLRewardFunction,matd3_unified_comparable_v4,E2,-0.0,1907,14.36942039239596,1.0,0.1394369537074277,0.0,8759
13,2.8284271247461903,1.0,0.46153846153846156,-1.0,Building_13,12,MATD3,0.7900000214576721,True,-3.940150236303452e-06,0.0,0.0,0.5324955582618713,49,8717,0.0,0.0,-0.0,437957,0.0,2.789363384246826,-0.5856541395187378,1.4853236675262451,2.203597068786621,2.789363384246826,2.789367437362671,113,3.5803868130996173,1.0,0.14118063555354565,0.0,0.0,0.0,-0.7374456524848938,CityLearnV3MADRLRewardFunction,matd3_unified_comparable_v4,E2,-0.0,1907,14.36942039239596,1.0,0.1394369537074277,0.0,8759
6,2.23606797749979,1.0,0.16666666666666666,-1.0,Building_14,13,MATD3,0.7900000214576721,True,0.0,0.0,0.0,0.5324955582618713,49,8717,0.0,0.0,-0.0,437957,0.0,2.485826015472412,-0.5819096565246582,1.3236913681030273,1.9638025760650635,2.485826015472412,2.485826015472412,64,3.418981692118897,1.0,0.23510858113877475,0.0,0.0,0.0,-0.7374456524848938,CityLearnV3MADRLRewardFunction,matd3_unified_comparable_v4,E2,-0.0,1907,14.36942039239596,1.0,0.1394369537074277,0.0,8759
10,2.23606797749979,1.0,0.1,-1.0,Building_15,14,MATD3,0.7900000214576721,True,0.0,0.0,0.0,0.5324955582618713,49,8717,0.0,0.0,-0.0,437957,0.0,20.5941162109375,-0.7438784837722778,10.966275215148926,16.269351959228516,20.5941162109375,20.5941162109375,92,3.5109822890869915,1.0,0.17171372230286183,0.0,0.0,0.0,-0.7374456524848938,CityLearnV3MADRLRewardFunction,matd3_unified_comparable_v4,E2,-0.0,1907,14.36942039239596,1.0,0.1394369537074277,0.0,8759
13,2.23606797749979,1.0,0.23076923076923078,-1.0,Building_16,15,MATD3,0.7900000214576721,True,0.0,0.0,0.0,0.5324955582618713,49,8717,0.0,0.0,-0.0,437957,0.0,103.13050842285156,-0.8080489039421082,54.91653823852539,81.47310638427734,103.13050842285156,103.13050842285156,113,3.4178754577396515,1.0,0.13568326870424557,0.0,0.0,0.0,-0.7374456524848938,CityLearnV3MADRLRewardFunction,matd3_unified_comparable_v4,E2,-0.0,1907,14.36942039239596,1.0,0.1394369537074277,0.0,8759
13,2.0,1.0,0.15384615384615385,-1.0,Building_17,16,MATD3,0.7900000214576721,True,0.0,0.0,0.0,0.5324955582618713,49,8717,0.0,0.0,-0.0,437957,0.0,21.1981143951416,-0.746994137763977,11.287901878356934,16.746511459350586,21.1981143951416,21.1981143951416,113,3.40587103762136,1.0,0.13510602633510016,0.0,0.0,0.0,-0.7374456524848938,CityLearnV3MADRLRewardFunction,matd3_unified_comparable_v4,E2,-0.0,1907,14.36942039239596,1.0,0.1394369537074277,0.0,8759
