building_id,building_name,year,mes,E_medido_kWh,E_punta_medido_kWh,E_fuera_punta_medido_kWh,E_punta_raw_kWh,E_fuera_punta_raw_kWh,E_split_raw_total_kWh,E_total_activa_reportada_kWh,E_punta_cal_kWh,E_fuera_punta_cal_kWh,E_total_syn,E_gest_kWh,E_ns_orig,scale_factor,E_non_shiftable_cal_kWh,E_cooling_elec_cal_kWh,E_dhw_elec_cal_kWh,E_controlled_model_kWh,E_controlled_used_kWh,controlled_energy_scale_min,E_non_shiftable_residual_kWh,E_cal_tot,delta_%,reported_total_delta_kWh,reported_total_delta_%,factor_carga,energia_reactiva_kvarh,total_facturado,facturado_por_kWh_activo,tariff_peak_to_offpeak_ratio,tariff_peak_price,tariff_offpeak_price,tariff_cost_reconstructed,tariff_cost_delta,tariff_cost_delta_%,active_energy_source,measurement_quality_flag,tarifa,source_file,record_type,forecast_method,forecast_scale_factor,forecast_reference_months,large_system_class,controlled_cooling_proxy,critical_load_proxy,status
1,ELECTRO ORIENTE S.A.,2023,1,452872.700000000,68383.777700000,384488.922300000,68383.777700000,384488.922300000,452872.700000000,452872.700000000,68383.777700000,384488.922300000,452872.700070000,60926.386580000,391946.313490000,1.000000000,391946.313420000,60926.386580000,0.000000000,60926.386580000,60926.386580000,1.000000000,391946.313420000,452872.700000000,0.000000000,0.000000000,0.000000000,0.680000000,192922.962300000,255234.260000000,0.563589415,1.461538462,0.770041628,0.526870588,255234.260000000,-0.000000000,-0.000000000,energia_activa_punta_fuera,split_matches_reported_total,MT3,B_01.csv,measured,,,,critical_precision_ac,40.000000000,20.000000000,ok
1,ELECTRO ORIENTE S.A.,2023,2,453776.260000000,68520.215300000,385256.044700000,68520.215300000,385256.044700000,453776.260000000,453776.260000000,68520.215300000,385256.044700000,453776.259977000,57362.342957000,396413.917020000,1.000000000,396413.917043000,57362.342957000,0.000000000,57362.342957000,57362.342957000,1.000000000,396413.917043000,453776.260000000,-0.000000000,0.000000000,0.000000000,0.680000000,193307.877300000,247304.410000000,0.544991953,1.461538462,0.744631605,0.509484782,247304.410000000,-0.000000000,-0.000000000,energia_activa_punta_fuera,split_matches_reported_total,MT3,B_01.csv,measured,,,,critical_precision_ac,40.000000000,20.000000000,ok
1,ELECTRO ORIENTE S.A.,2023,3,467619.740000000,70610.580700000,397009.159300000,70610.580700000,397009.159300000,467619.740000000,467619.740000000,70610.580700000,397009.159300000,467619.739909000,65296.778852000,402322.961057000,1.000000000,402322.961148000,65296.778852000,0.000000000,65296.778852000,65296.778852000,1.000000000,402322.961148000,467619.740000000,0.000000000,0.000000000,0.000000000,0.680000000,199205.175100000,229125.890000000,0.489983357,1.461538462,0.669472442,0.458060092,229125.890000000,0.000000000,0.000000000,energia_activa_punta_fuera,split_matches_reported_total,MT3,B_01.csv,measured,,,,critical_precision_ac,40.000000000,20.000000000,ok
1,ELECTRO ORIENTE S.A.,2023,4,468528.200000000,70747.758200000,397780.441800000,70747.758200000,397780.441800000,468528.200000000,468528.200000000,70747.758200000,397780.441800000,468528.199967000,59960.659917000,408567.540050000,1.000000000,408567.540083000,59960.659917000,0.000000000,59960.659917000,59960.659917000,1.000000000,408567.540083000,468528.200000000,0.000000000,0.000000000,0.000000000,0.680000000,199592.177400000,247816.850000000,0.528926220,1.461538462,0.722680727,0.494465761,247816.850000000,0.000000000,0.000000000,energia_activa_punta_fuera,split_matches_reported_total,MT3,B_01.csv,measured,,,,critical_precision_ac,40.000000000,20.000000000,ok
1,ELECTRO ORIENTE S.A.,2023,5,483579.040000000,73020.435000000,410558.605000000,73020.435000000,410558.605000000,483579.040000000,483579.040000000,73020.435000000,410558.605000000,483579.039883000,66044.729238000,417534.310645000,1.000000000,417534.310762000,66044.729238000,0.000000000,66044.729238000,66044.729238000,1.000000000,417534.310762000,483579.040000000,0.000000000,0.000000000,0.000000000,0.680000000,206003.808400000,232695.230000000,0.481193788,1.461538462,0.657463107,0.449843179,232695.230000000,0.000000000,0.000000000,energia_activa_punta_fuera,split_matches_reported_total,MT3,B_01.csv,measured,,,,critical_precision_ac,40.000000000,20.000000000,ok
1,ELECTRO ORIENTE S.A.,2023,6,448920.360000000,67786.974400000,381133.385600000,67786.974400000,381133.385600000,448920.360000000,448920.360000000,67786.974400000,381133.385600000,448920.359833000,60193.679717000,388726.680116000,1.000000000,388726.680283000,60193.679717000,0.000000000,60193.679717000,60193.679717000,1.000000000,388726.680283000,448920.360000000,0.000000000,0.000000000,0.000000000,0.680000000,191239.272500000,232683.290000000,0.518317525,1.461538462,0.708185889,0.484548240,232683.290000000,-0.000000000,-0.000000000,energia_activa_punta_fuera,split_matches_reported_total,MT3,B_01.csv,measured,,,,critical_precision_ac,40.000000000,20.000000000,ok
1,ELECTRO ORIENTE S.A.,2023,7,461776.980000000,69728.324000000,392048.656000000,69728.324000000,392048.656000000,461776.980000000,461776.980000000,69728.324000000,392048.656000000,461776.980137000,63199.938480000,398577.041657000,1.000000000,398577.041520000,63199.938480000,0.000000000,63199.938480000,63199.938480000,1.000000000,398577.041520000,461776.980000000,0.000000000,0.000000000,0.000000000,0.680000000,196716.169700000,222042.530000000,0.480843653,1.461538462,0.656984712,0.449515856,222042.530000000,0.000000000,0.000000000,energia_activa_punta_fuera,split_matches_reported_total,MT3,B_01.csv,measured,,,,critical_precision_ac,40.000000000,20.000000000,ok
1,ELECTRO ORIENTE S.A.,2023,8,322281.820000000,48664.554800000,273617.265200000,48664.554800000,273617.265200000,322281.820000000,322281.820000000,48664.554800000,273617.265200000,322281.820075000,67546.250141000,254735.569934000,1.000000000,254735.569859000,67546.250141000,0.000000000,67546.250141000,67546.250141000,1.000000000,254735.569859000,322281.820000000,0.000000000,0.000000000,0.000000000,0.680000000,137291.480400000,152549.800000000,0.473342865,1.461538462,0.646736260,0.442503757,152549.800000000,0.000000000,0.000000000,energia_activa_punta_fuera,split_matches_reported_total,MT3,B_01.csv,measured,,,,critical_precision_ac,40.000000000,20.000000000,ok
1,ELECTRO ORIENTE S.A.,2023,9,547216.320000000,82629.664300000,464586.655700000,82629.664300000,464586.655700000,547216.320000000,547216.320000000,82629.664300000,464586.655700000,547216.319925000,65353.936401000,481862.383524000,1.000000000,481862.383599000,65353.936401000,0.000000000,65353.936401000,65353.936401000,1.000000000,481862.383599000,547216.320000000,0.000000000,-0.000000000,-0.000000000,0.680000000,233113.176200000,318554.720000000,0.582136732,1.461538462,0.795383137,0.544209515,318554.720000000,-0.000000000,-0.000000000,energia_activa_punta_fuera,split_matches_reported_total,MT3,B_01.csv,measured,,,,critical_precision_ac,40.000000000,20.000000000,ok
1,ELECTRO ORIENTE S.A.,2023,10,523671.820000000,79074.444800000,444597.375200000,79074.444800000,444597.375200000,523671.820000000,523671.820000000,79074.444800000,444597.375200000,523671.820140000,67168.056066000,456503.764074000,1.000000000,456503.763934000,67168.056066000,0.000000000,67168.056066000,67168.056066000,1.000000000,456503.763934000,523671.820000000,0.000000000,0.000000000,0.000000000,0.680000000,223083.261200000,252190.590000000,0.481581365,1.461538462,0.657992661,0.450205505,252190.590000000,0.000000000,0.000000000,energia_activa_punta_fuera,split_matches_reported_total,MT3,B_01.csv,measured,,,,critical_precision_ac,40.000000000,20.000000000,ok
1,ELECTRO ORIENTE S.A.,2023,11,483634.900000000,73028.869900000,410606.030100000,73028.869900000,410606.030100000,483634.900000000,483634.900000000,73028.869900000,410606.030100000,483634.899849000,65970.298707000,417664.601142000,1.000000000,417664.601293000,65970.298707000,0.000000000,65970.298707000,65970.298707000,1.000000000,417664.601293000,483634.900000000,0.000000000,0.000000000,0.000000000,0.680000000,206027.604700000,228066.620000000,0.471567747,1.461538462,0.644310886,0.440844291,228066.620000000,0.000000000,0.000000000,energia_activa_punta_fuera,split_matches_reported_total,MT3,B_01.csv,measured,,,,critical_precision_ac,40.000000000,20.000000000,ok
1,ELECTRO ORIENTE S.A.,2023,12,476307.440000000,71922.423400000,404385.016600000,71922.423400000,404385.016600000,476307.440000000,476307.440000000,71922.423400000,404385.016600000,476307.440199000,65206.167625000,411101.272574000,1.000000000,411101.272375000,65206.167625000,0.000000000,65206.167625000,65206.167625000,1.000000000,411101.272375000,476307.440000000,0.000000000,0.000000000,0.000000000,0.680000000,202906.119800000,240959.060000000,0.505889767,1.461538462,0.691205636,0.472930172,240959.060000000,0.000000000,0.000000000,energia_activa_punta_fuera,split_matches_reported_total,MT3,B_01.csv,measured,,,,critical_precision_ac,40.000000000,20.000000000,ok
1,ELECTRO ORIENTE S.A.,2024,1,462115.000000000,69779.365000000,392335.635000000,69779.365000000,392335.635000000,462115.000000000,462115.000000000,69779.365000000,392335.635000000,462115.000076000,68214.993364000,393900.006712000,1.000000000,393900.006636000,68214.993364000,0.000000000,68214.993364000,68214.993364000,1.000000000,393900.006636000,462115.000000000,0.000000000,0.000000000,0.000000000,0.680000000,196860.165600000,237942.980000000,0.514899928,1.461538462,0.703516369,0.481353305,237942.980000000,0.000000000,0.000000000,energia_activa_punta_fuera,split_matches_reported_total,MT3,B_01.csv,measured,,,,critical_precision_ac,40.000000000,20.000000000,ok
1,ELECTRO ORIENTE S.A.,2024,2,463037.000000000,69918.587000000,393118.413000000,69918.587000000,393118.413000000,463037.000000000,463037.000000000,69918.587000000,393118.413000000,463037.000116000,63927.131423000,399109.868693000,1.000000000,399109.868577000,63927.131423000,0.000000000,63927.131423000,63927.131423000,1.000000000,399109.868577000,463037.000000000,0.000000000,0.000000000,0.000000000,0.680000000,197252.936000000,210889.570000000,0.455448636,1.461538462,0.622287076,0.425775368,210889.570000000,0.000000000,0.000000000,energia_activa_punta_fuera,split_matches_reported_total,MT3,B_01.csv,measured,,,,critical_precision_ac,40.000000000,20.000000000,ok
1,ELECTRO ORIENTE S.A.,2024,3,477163.000000000,72051.613000000,405111.387000000,72051.613000000,405111.387000000,477163.000000000,477163.000000000,72051.613000000,405111.387000000,477162.999956000,67095.778954000,410067.221002000,1.000000000,410067.221046000,67095.778954000,0.000000000,67095.778954000,67095.778954000,1.000000000,410067.221046000,477163.000000000,0.000000000,0.000000000,0.000000000,0.680000000,203270.586800000,236704.520000000,0.496066376,1.461538462,0.677783772,0.463746792,236704.520000000,-0.000000000,-0.000000000,energia_activa_punta_fuera,split_matches_reported_total,MT3,B_01.csv,measured,,,,critical_precision_ac,40.000000000,20.000000000,ok
1,ELECTRO ORIENTE S.A.,2024,4,478090.000000000,72191.590000000,405898.410000000,72191.590000000,405898.410000000,478090.000000000,478090.000000000,72191.590000000,405898.410000000,478090.000096000,66319.398250000,411770.601846000,1.000000000,411770.601750000,66319.398250000,0.000000000,66319.398250000,66319.398250000,1.000000000,411770.601750000,478090.000000000,0.000000000,0.000000000,0.000000000,0.680000000,203665.487200000,204275.560000000,0.427274279,1.461538462,0.583791982,0.399436619,204275.560000000,0.000000000,0.000000000,energia_activa_punta_fuera,split_matches_reported_total,MT3,B_01.csv,measured,,,,critical_precision_ac,40.000000000,20.000000000,ok
1,ELECTRO ORIENTE S.A.,2024,5,493448.000000000,74510.648000000,418937.352000000,74510.648000000,418937.352000000,493448.000000000,493448.000000000,74510.648000000,418937.352000000,493448.000025000,67126.082379000,426321.917646000,1.000000000,426321.917621000,67126.082379000,0.000000000,67126.082379000,67126.082379000,1.000000000,426321.917621000,493448.000000000,0.000000000,0.000000000,0.000000000,0.680000000,210207.967800000,202278.400000000,0.409928503,1.461538462,0.560092159,0.383220951,202278.400000000,0.000000000,0.000000000,energia_activa_punta_fuera,split_matches_reported_total,MT3,B_01.csv,measured,,,,critical_precision_ac,40.000000000,20.000000000,ok
1,ELECTRO ORIENTE S.A.,2024,6,458082.000000000,69170.382000000,388911.618000000,69170.382000000,388911.618000000,458082.000000000,458082.000000000,69170.382000000,388911.618000000,458082.000001000,61382.241051000,396699.758950000,1.000000000,396699.758949000,61382.241051000,0.000000000,61382.241051000,61382.241051000,1.000000000,396699.758949000,458082.000000000,0.000000000,0.000000000,0.000000000,0.680000000,195142.114800000,220641.030000000,0.481662737,1.461538462,0.658103841,0.450281575,220641.030000000,0.000000000,0.000000000,energia_activa_punta_fuera,split_matches_reported_total,MT3,B_01.csv,measured,,,,critical_precision_ac,40.000000000,20.000000000,ok
1,ELECTRO ORIENTE S.A.,2024,7,471201.000000000,71151.351000000,400049.649000000,71151.351000000,400049.649000000,471201.000000000,471201.000000000,71151.351000000,400049.649000000,471200.999862000,64993.941759000,406207.058103000,1.000000000,406207.058241000,64993.941759000,0.000000000,64993.941759000,64993.941759000,1.000000000,406207.058241000,471201.000000000,-0.000000000,0.000000000,0.000000000,0.680000000,200730.785400000,212750.830000000,0.451507594,1.461538462,0.616902365,0.422091092,212750.830000000,0.000000000,0.000000000,energia_activa_punta_fuera,split_matches_reported_total,MT3,B_01.csv,measured,,,,critical_precision_ac,40.000000000,20.000000000,ok
1,ELECTRO ORIENTE S.A.,2024,8,328859.000000000,49657.709000000,279201.291000000,49657.709000000,279201.291000000,328859.000000000,328859.000000000,49657.709000000,279201.291000000,328858.999827000,66701.527975000,262157.471852000,1.000000001,262157.472025000,66701.527975000,0.000000000,66701.527975000,66701.527975000,1.000000000,262157.472025000,328859.000000000,0.000000000,0.000000000,0.000000000,0.680000000,140093.347400000,144359.530000000,0.438970896,1.461538462,0.599773266,0.410371182,144359.530000000,0.000000000,0.000000000,energia_activa_punta_fuera,split_matches_reported_total,MT3,B_01.csv,measured,,,,critical_precision_ac,40.000000000,20.000000000,ok
1,ELECTRO ORIENTE S.A.,2024,9,558384.000000000,84315.984000000,474068.016000000,84315.984000000,474068.016000000,558384.000000000,558384.000000000,84315.984000000,474068.016000000,558383.999971000,65267.723382000,493116.276589000,1.000000000,493116.276618000,65267.723382000,0.000000000,65267.723382000,65267.723382000,1.000000000,493116.276618000,558384.000000000,0.000000000,0.000000000,0.000000000,0.680000000,237870.587900000,246564.540000000,0.441568061,1.461538462,0.603321815,0.412799136,246564.540000000,0.000000000,0.000000000,energia_activa_punta_fuera,split_matches_reported_total,MT3,B_01.csv,measured,,,,critical_precision_ac,40.000000000,20.000000000,ok
1,ELECTRO ORIENTE S.A.,2024,10,534359.000000000,80688.209000000,453670.791000000,80688.209000000,453670.791000000,534359.000000000,534359.000000000,80688.209000000,453670.791000000,534359.000041000,68717.796028000,465641.204013000,1.000000000,465641.203972000,68717.796028000,0.000000000,68717.796028000,68717.796028000,1.000000000,465641.203972000,534359.000000000,0.000000000,0.000000000,0.000000000,0.680000000,227635.980800000,235203.160000000,0.440159443,1.461538462,0.601397197,0.411482293,235203.160000000,0.000000000,0.000000000,energia_activa_punta_fuera,split_matches_reported_total,MT3,B_01.csv,measured,,,,critical_precision_ac,40.000000000,20.000000000,ok
1,ELECTRO ORIENTE S.A.,2024,11,493505.000000000,74519.255000000,418985.745000000,74519.255000000,418985.745000000,493505.000000000,493505.000000000,74519.255000000,418985.745000000,493504.999947000,64433.052492000,429071.947455000,1.000000000,429071.947508000,64433.052492000,0.000000000,64433.052492000,64433.052492000,1.000000000,429071.947508000,493505.000000000,0.000000000,0.000000000,0.000000000,0.680000000,210232.249700000,213595.790000000,0.432813832,1.461538462,0.591360765,0.404615260,213595.790000000,0.000000000,0.000000000,energia_activa_punta_fuera,split_matches_reported_total,MT3,B_01.csv,measured,,,,critical_precision_ac,40.000000000,20.000000000,ok
1,ELECTRO ORIENTE S.A.,2024,12,486028.000000000,73390.228000000,412637.772000000,73390.228000000,412637.772000000,486028.000000000,486028.000000000,73390.228000000,412637.772000000,486028.000098000,65448.331589000,420579.668509000,1.000000000,420579.668411000,65448.331589000,0.000000000,65448.331589000,65448.331589000,1.000000000,420579.668411000,486028.000000000,0.000000000,0.000000000,0.000000000,0.680000000,207047.061000000,214074.480000000,0.440457093,1.461538462,0.601803881,0.411760550,214074.480000000,0.000000000,0.000000000,energia_activa_punta_fuera,split_matches_reported_total,MT3,B_01.csv,measured,,,,critical_precision_ac,40.000000000,20.000000000,ok
1,ELECTRO ORIENTE S.A.,2025,1,497719.000000000,75155.569000000,422563.431000000,75155.569000000,422563.431000000,497719.000000000,497719.000000000,75155.569000000,422563.431000000,497718.999993000,66018.365426000,431700.634567000,1.000000000,431700.634574000,66018.365426000,0.000000000,66018.365426000,66018.365426000,1.000000000,431700.634574000,497719.000000000,0.000000000,0.000000000,0.000000000,0.680000000,212027.406100000,228362.880000000,0.458818892,1.461538462,0.626891913,0.428926046,228362.880000000,0.000000000,0.000000000,energia_activa_punta_fuera,split_matches_reported_total,MT3,B_01.csv,measured,,,,critical_precision_ac,40.000000000,20.000000000,ok
1,ELECTRO ORIENTE S.A.,2025,2,406491.000000000,61380.141000000,345110.859000000,61380.141000000,345110.859000000,406491.000000000,406491.000000000,61380.141000000,345110.859000000,406490.999990000,58523.607710000,347967.392280000,1.000000000,347967.392290000,58523.607710000,0.000000000,58523.607710000,58523.607710000,1.000000000,347967.392290000,406491.000000000,0.000000000,0.000000000,0.000000000,0.680000000,173164.440900000,179828.180000000,0.442391541,1.461538462,0.604446950,0.413568966,179828.180000000,-0.000000000,-0.000000000,energia_activa_punta_fuera,split_matches_reported_total,MT3,B_01.csv,measured,,,,critical_precision_ac,40.000000000,20.000000000,ok
1,ELECTRO ORIENTE S.A.,2025,3,467520.000000000,70595.520000000,396924.480000000,70595.520000000,396924.480000000,467520.000000000,467520.000000000,70595.520000000,396924.480000000,467520.000052000,63888.371273000,403631.628779000,1.000000000,403631.628727000,63888.371273000,0.000000000,63888.371273000,63888.371273000,1.000000000,403631.628727000,467520.000000000,0.000000000,0.000000000,0.000000000,0.680000000,199162.686000000,217861.080000000,0.465993070,1.461538462,0.636694112,0.435632814,217861.080000000,0.000000000,0.000000000,energia_activa_punta_fuera,split_matches_reported_total,MT3,B_01.csv,measured,,,,critical_precision_ac,40.000000000,20.000000000,ok
1,ELECTRO ORIENTE S.A.,2025,4,497562.000000000,75131.862000000,422430.138000000,75131.862000000,422430.138000000,497562.000000000,497562.000000000,75131.862000000,422430.138000000,497561.999912000,63233.599680000,434328.400232000,1.000000000,434328.400320000,63233.599680000,0.000000000,63233.599680000,63233.599680000,1.000000000,434328.400320000,497562.000000000,0.000000000,0.000000000,0.000000000,0.680000000,211960.524400000,217753.780000000,0.437641500,1.461538462,0.597956889,0.409128398,217753.780000000,0.000000000,0.000000000,energia_activa_punta_fuera,split_matches_reported_total,MT3,B_01.csv,measured,,,,critical_precision_ac,40.000000000,20.000000000,ok
1,ELECTRO ORIENTE S.A.,2025,5,464507.000000000,70140.557000000,394366.443000000,70140.557000000,394366.443000000,464507.000000000,464507.000000000,70140.557000000,394366.443000000,464506.999957000,64442.412014000,400064.587943000,1.000000000,400064.587986000,64442.412014000,0.000000000,64442.412014000,64442.412014000,1.000000000,400064.587986000,464507.000000000,0.000000000,0.000000000,0.000000000,0.680000000,197879.153400000,214514.270000000,0.461810629,1.461538462,0.630979574,0.431722866,214514.270000000,0.000000000,0.000000000,energia_activa_punta_fuera,split_matches_reported_total,MT3,B_01.csv,measured,,,,critical_precision_ac,40.000000000,20.000000000,ok
1,ELECTRO ORIENTE S.A.,2025,6,655112.000000000,98921.912000000,556190.088000000,98921.912000000,556190.088000000,655112.000000000,655112.000000000,98921.912000000,556190.088000000,655111.999898000,60258.798826000,594853.201072000,1.000000000,594853.201174000,60258.798826000,0.000000000,60258.798826000,60258.798826000,1.000000000,594853.201174000,655112.000000000,0.000000000,0.000000000,0.000000000,0.680000000,279076.543400000,392819.760000000,0.599622294,1.461538462,0.819273952,0.560555862,392819.760000000,0.000000000,0.000000000,energia_activa_punta_fuera,split_matches_reported_total,MT3,B_01.csv,measured,,,,critical_precision_ac,40.000000000,20.000000000,ok
1,ELECTRO ORIENTE S.A.,2025,7,440787.000000000,66558.837000000,374228.163000000,66558.837000000,374228.163000000,440787.000000000,440787.000000000,66558.837000000,374228.163000000,440787.000017000,62951.658919000,377835.341098000,1.000000000,377835.341081000,62951.658919000,0.000000000,62951.658919000,62951.658919000,1.000000000,377835.341081000,440787.000000000,-0.000000000,0.000000000,0.000000000,0.680000000,187774.475700000,302209.100000000,0.685612552,1.461538462,0.936763878,0.640943706,302209.100000000,0.000000000,0.000000000,energia_activa_punta_fuera,split_matches_reported_total,MT3,B_01.csv,measured,,,,critical_precision_ac,40.000000000,20.000000000,ok
1,ELECTRO ORIENTE S.A.,2025,8,477763.000000000,72142.213000000,405620.787000000,72142.213000000,405620.787000000,477763.000000000,477763.000000000,72142.213000000,405620.787000000,477762.999937000,63364.241337000,414398.758600000,1.000000000,414398.758663000,63364.241337000,0.000000000,63364.241337000,63364.241337000,1.000000000,414398.758663000,477763.000000000,0.000000000,0.000000000,0.000000000,0.680000000,203526.185700000,340358.900000000,0.712401128,1.461538462,0.973365556,0.665986960,340358.900000000,0.000000000,0.000000000,energia_activa_punta_fuera,split_matches_reported_total,MT3,B_01.csv,measured,,,,critical_precision_ac,40.000000000,20.000000000,ok
1,ELECTRO ORIENTE S.A.,2025,9,489232.000000000,73874.032000000,415357.968000000,73874.032000000,415357.968000000,489232.000000000,489232.000000000,73874.032000000,415357.968000000,489231.999896000,63262.073884000,425969.926012000,1.000000000,425969.926116000,63262.073884000,0.000000000,63262.073884000,63262.073884000,1.000000000,425969.926116000,489232.000000000,0.000000000,0.000000000,0.000000000,0.680000000,208411.959300000,333802.480000000,0.682298950,1.461538462,0.932236449,0.637845991,333802.480000000,0.000000000,0.000000000,energia_activa_punta_fuera,split_matches_reported_total,MT3,B_01.csv,measured,,,,critical_precision_ac,40.000000000,20.000000000,ok
1,ELECTRO ORIENTE S.A.,2025,10,519207.000000000,78400.257000000,440806.743000000,78400.257000000,440806.743000000,519207.000000000,519207.000000000,78400.257000000,440806.743000000,519207.000066000,66817.968738000,452389.031328000,1.000000000,452389.031262000,66817.968738000,0.000000000,66817.968738000,66817.968738000,1.000000000,452389.031262000,519207.000000000,0.000000000,0.000000000,0.000000000,0.680000000,221181.255800000,369757.470000000,0.712158099,1.461538462,0.973033502,0.665759764,369757.470000000,0.000000000,0.000000000,energia_activa_punta_fuera,split_matches_reported_total,MT3,B_01.csv,measured,,,,critical_precision_ac,40.000000000,20.000000000,ok
1,ELECTRO ORIENTE S.A.,2025,11,510358.900000000,77064.193900000,433294.706100000,77064.193900000,433294.706100000,510358.900000000,510358.900000000,77064.193900000,433294.706100000,510358.900115000,61972.065485000,448386.834630000,1.000000000,448386.834515000,61972.065485000,0.000000000,61972.065485000,61972.065485000,1.000000000,448386.834515000,510358.900000000,-0.000000000,0.000000000,0.000000000,0.680000000,217411.981000000,368310.020000000,0.721668653,1.461538462,0.986027931,0.674650690,368310.020000000,0.000000000,0.000000000,energia_activa_punta_fuera,split_matches_reported_total,MT3,B_01.csv,measured,,,,critical_precision_ac,40.000000000,20.000000000,ok
1,ELECTRO ORIENTE S.A.,2025,12,502626.549900000,75896.609000000,426729.940900000,75896.609000000,426729.940900000,502626.549900000,502626.550000000,75896.609000000,426729.940900000,502626.550037000,66890.511937000,435736.038100000,1.000000000,435736.037963000,66890.511937000,0.000000000,66890.511937000,66890.511937000,1.000000000,435736.037963000,502626.549900000,0.000000000,0.000100000,0.000000020,0.680000000,214118.013700000,392487.170000000,0.780872340,1.461538462,1.066918917,0.729997153,392487.170000000,0.000000000,0.000000000,energia_activa_punta_fuera,split_matches_reported_total,MT3,B_01.csv,measured,,,,critical_precision_ac,40.000000000,20.000000000,ok
2,MUNICIPALIDAD DISTRITAL DE SAN JUAN BAUTISTA,2023,1,2349.600000000,743.200000000,1606.400000000,743.200000000,1606.400000000,2349.600000000,3134.800000000,743.200000000,1606.400000000,2349.600000000,2349.600000000,0.000000000,1.000000000,0.000001000,2349.599999000,0.000000000,2349.600000000,2349.599999000,0.999999999,0.000001000,2349.600000000,0.000000000,785.200000000,33.418454205,0.422711000,135.200000000,9055.000000000,3.853847463,1.461538462,4.915009713,3.362901383,9055.000000000,0.000000000,0.000000000,energia_activa_punta_fuera,split_reported_total_mismatch,BT3,B_02.csv,measured,,,,none,0.000000000,0.000000000,ok
2,MUNICIPALIDAD DISTRITAL DE SAN JUAN BAUTISTA,2023,2,2252.800000000,779.200000000,1473.600000000,779.200000000,1473.600000000,2252.800000000,156.800000000,779.200000000,1473.600000000,2252.799999000,2252.799999000,0.000000000,1.000000001,0.000001000,2252.799999000,0.000000000,2252.799999000,2252.799999000,1.000000000,0.000001000,2252.800000000,-0.000000000,-2096.000000000,-93.039772727,0.296296000,146.400000000,2429.000000000,1.078213778,1.461538462,1.358917130,0.929785405,2429.000000000,0.000000000,0.000000000,energia_activa_punta_fuera,split_reported_total_mismatch,BT3,B_02.csv,measured,,,,none,0.000000000,0.000000000,ok
2,MUNICIPALIDAD DISTRITAL DE SAN JUAN BAUTISTA,2023,3,2106.800000000,716.800000000,1390.000000000,716.800000000,1390.000000000,2106.800000000,297.200000000,716.800000000,1390.000000000,2106.800001000,2106.800001000,0.000000000,0.999999999,0.000001000,2106.799999000,0.000000000,2106.800001000,2106.799999000,0.999999997,0.000001000,2106.800000000,0.000000000,-1809.600000000,-85.893297893,0.389110000,17.200000000,1421.500000000,0.674719954,1.461538462,0.852293526,0.583148202,1421.500000000,0.000000000,0.000000000,energia_activa_punta_fuera,split_reported_total_mismatch,BT3,B_02.csv,measured,,,,none,0.000000000,0.000000000,ok
2,MUNICIPALIDAD DISTRITAL DE SAN JUAN BAUTISTA,2023,4,1358.000000000,420.800000000,937.200000000,420.800000000,937.200000000,1358.000000000,463.600000000,420.800000000,937.200000000,1358.000002000,1358.000002000,0.000000000,0.999999998,0.000001000,1357.999999000,0.000000000,1358.000002000,1357.999999000,0.999999997,0.000001000,1358.000000000,0.000000000,-894.400000000,-65.861561119,0.322964000,38.000000000,1080.000000000,0.795287187,1.461538462,1.016908835,0.695779729,1080.000000000,0.000000000,0.000000000,energia_activa_punta_fuera,split_reported_total_mismatch,BT3,B_02.csv,measured,,,,none,0.000000000,0.000000000,ok
2,MUNICIPALIDAD DISTRITAL DE SAN JUAN BAUTISTA,2023,5,3682.800000000,1137.200000000,2545.600000000,1137.200000000,2545.600000000,3682.800000000,303.200000000,1137.200000000,2545.600000000,3682.800000000,3682.800000000,0.000000000,1.000000000,0.000002000,3682.799998000,0.000000000,3682.800000000,3682.799998000,0.999999999,0.000002000,3682.800000000,0.000000000,-3379.600000000,-91.767133703,0.344676000,307.600000000,894.500000000,0.242885848,1.461538462,0.310706111,0.212588392,894.500000000,0.000000000,0.000000000,energia_activa_punta_fuera,split_reported_total_mismatch,BT3,B_02.csv,measured,,,,none,0.000000000,0.000000000,ok
2,MUNICIPALIDAD DISTRITAL DE SAN JUAN BAUTISTA,2023,6,7000.000000000,1986.000000000,5014.000000000,1986.000000000,5014.000000000,7000.000000000,2349.600000000,1986.000000000,5014.000000000,7000.000025000,6382.238289000,617.761736000,0.999999996,617.761712000,6382.238288000,0.000000000,6382.238289000,6382.238288000,1.000000000,617.761712000,7000.000000000,0.000000000,-4650.400000000,-66.434285714,0.287639000,500.800000000,7269.000000000,1.038428571,1.461538462,1.341977924,0.918195422,7269.000000000,0.000000000,0.000000000,energia_activa_punta_fuera,split_reported_total_mismatch,BT3,B_02.csv,measured,,,,none,0.000000000,0.000000000,ok
2,MUNICIPALIDAD DISTRITAL DE SAN JUAN BAUTISTA,2023,7,6914.800000000,2157.600000000,4757.200000000,2157.600000000,4757.200000000,6914.800000000,2252.800000000,2157.600000000,4757.200000000,6914.799986000,6157.312361000,757.487625000,1.000000002,757.487639000,6157.312361000,0.000000000,6157.312361000,6157.312361000,1.000000000,757.487639000,6914.800000000,0.000000000,-4662.000000000,-67.420605079,0.273771000,1056.000000000,2550.000000000,0.368774223,1.461538462,0.471129349,0.322351660,2550.000000000,0.000000000,0.000000000,energia_activa_punta_fuera,split_reported_total_mismatch,BT3,B_02.csv,measured,,,,none,0.000000000,0.000000000,ok
2,MUNICIPALIDAD DISTRITAL DE SAN JUAN BAUTISTA,2023,8,5154.800000000,1494.400000000,3660.400000000,1494.400000000,3660.400000000,5154.800000000,2106.800000000,1494.400000000,3660.400000000,5154.800002000,5154.800002000,0.000000000,1.000000000,0.000001000,5154.799999000,0.000000000,5154.800002000,5154.799999000,0.999999999,0.000001000,5154.800000000,0.000000000,-3048.000000000,-59.129355164,0.511388000,403.600000000,4945.500000000,0.959397067,1.461538462,1.236719980,0.846176828,4945.500000000,0.000000000,0.000000000,energia_activa_punta_fuera,split_reported_total_mismatch,BT3,B_02.csv,measured,,,,none,0.000000000,0.000000000,ok
2,MUNICIPALIDAD DISTRITAL DE SAN JUAN BAUTISTA,2023,9,3923.200000000,1293.200000000,2630.000000000,1293.200000000,2630.000000000,3923.200000000,1358.000000000,1293.200000000,2630.000000000,3923.199997000,3923.199997000,0.000000000,1.000000001,0.000003000,3923.199997000,0.000000000,3923.199997000,3923.199997000,1.000000000,0.000003000,3923.200000000,0.000000000,-2565.200000000,-65.385399674,0.404220000,169.200000000,1425.000000000,0.363223899,1.461538462,0.460766361,0.315261195,1425.000000000,0.000000000,0.000000000,energia_activa_punta_fuera,split_reported_total_mismatch,BT3,B_02.csv,measured,,,,none,0.000000000,0.000000000,ok
2,MUNICIPALIDAD DISTRITAL DE SAN JUAN BAUTISTA,2023,10,3394.800000000,1183.600000000,2211.200000000,1183.600000000,2211.200000000,3394.800000000,3682.800000000,1183.600000000,2211.200000000,3394.800000000,3394.800000000,0.000000000,1.000000000,0.000002000,3394.799998000,0.000000000,3394.800000000,3394.799998000,0.999999999,0.000002000,3394.800000000,-0.000000000,288.000000000,8.483563097,0.439832000,167.200000000,2810.000000000,0.827736538,1.461538462,1.042081430,0.713003084,2810.000000000,0.000000000,0.000000000,energia_activa_punta_fuera,split_reported_total_mismatch,BT3,B_02.csv,measured,,,,none,0.000000000,0.000000000,ok
2,MUNICIPALIDAD DISTRITAL DE SAN JUAN BAUTISTA,2023,11,3847.600000000,1145.200000000,2702.400000000,1145.200000000,2702.400000000,3847.600000000,7000.000000000,1145.200000000,2702.400000000,3847.600003000,3847.600003000,0.000000000,0.999999999,0.000000000,3847.600000000,0.000000000,3847.600003000,3847.600000000,0.999999999,0.000000000,3847.600000000,0.000000000,3152.400000000,81.931593721,0.492978000,206.000000000,5316.500000000,1.381770454,1.461538462,1.775593250,1.214879592,5316.500000000,0.000000000,0.000000000,energia_activa_punta_fuera,split_reported_total_mismatch,BT3,B_02.csv,measured,,,,none,0.000000000,0.000000000,ok
2,MUNICIPALIDAD DISTRITAL DE SAN JUAN BAUTISTA,2023,12,3269.600000000,1048.800000000,2220.800000000,1048.800000000,2220.800000000,3269.600000000,6914.800000000,1048.800000000,2220.800000000,3269.599997000,3269.599997000,0.000000000,1.000000001,0.000003000,3269.599997000,0.000000000,3269.599997000,3269.599997000,1.000000000,0.000003000,3269.600000000,0.000000000,3645.200000000,111.487643748,0.446959000,229.600000000,11021.000000000,3.370748715,1.461538462,4.291174156,2.936066528,11021.000000000,0.000000000,0.000000000,energia_activa_punta_fuera,split_reported_total_mismatch,BT3,B_02.csv,measured,,,,none,0.000000000,0.000000000,ok
2,MUNICIPALIDAD DISTRITAL DE SAN JUAN BAUTISTA,2024,1,3574.000000000,1066.800000000,2507.200000000,1066.800000000,2507.200000000,3574.000000000,5154.800000000,1066.800000000,2507.200000000,3574.000004000,3574.000004000,0.000000000,0.999999999,0.000000000,3574.000000000,0.000000000,3574.000004000,3574.000000000,0.999999999,0.000000000,3574.000000000,0.000000000,1580.800000000,44.230554001,0.397747000,299.200000000,10491.500000000,2.935506435,1.461538462,3.770865334,2.580065755,10491.500000000,0.000000000,0.000000000,energia_activa_punta_fuera,split_reported_total_mismatch,BT3,B_02.csv,measured,,,,none,0.000000000,0.000000000,ok
2,MUNICIPALIDAD DISTRITAL DE SAN JUAN BAUTISTA,2024,2,2812.000000000,928.400000000,1883.600000000,928.400000000,1883.600000000,2812.000000000,3923.200000000,928.400000000,1883.600000000,2812.000004000,2812.000004000,0.000000000,0.999999999,0.000000000,2812.000000000,0.000000000,2812.000004000,2812.000000000,0.999999999,0.000000000,2812.000000000,0.000000000,1111.200000000,39.516358464,0.433950000,199.200000000,8884.500000000,3.159495021,1.461538462,4.007119051,2.741713035,8884.500000000,-0.000000000,-0.000000000,energia_activa_punta_fuera,split_reported_total_mismatch,BT3,B_02.csv,measured,,,,none,0.000000000,0.000000000,ok
2,MUNICIPALIDAD DISTRITAL DE SAN JUAN BAUTISTA,2024,3,3281.600000000,1060.400000000,2221.200000000,1060.400000000,2221.200000000,3281.600000000,3394.800000000,1060.400000000,2221.200000000,3281.600001000,3281.600001000,0.000000000,1.000000000,0.000000000,3281.600000000,0.000000000,3281.600001000,3281.600000000,0.999999999,0.000000000,3281.600000000,-0.000000000,113.200000000,3.449536811,0.320970000,174.400000000,8007.500000000,2.440120673,1.461538462,3.103479577,2.123433395,8007.500000000,0.000000000,0.000000000,energia_activa_punta_fuera,split_reported_total_mismatch,BT3,B_02.csv,measured,,,,none,0.000000000,0.000000000,ok
2,MUNICIPALIDAD DISTRITAL DE SAN JUAN BAUTISTA,2024,4,4291.600000000,1268.400000000,3023.200000000,1268.400000000,3023.200000000,4291.600000000,3847.600000000,1268.400000000,3023.200000000,4291.599999000,4291.599999000,0.000000000,1.000000000,0.000001000,4291.599999000,0.000000000,4291.599999000,4291.599999000,1.000000000,0.000001000,4291.600000000,0.000000000,-444.000000000,-10.345791779,0.465668000,214.800000000,8023.500000000,1.869582440,1.461538462,2.404473417,1.645166022,8023.500000000,0.000000000,0.000000000,energia_activa_punta_fuera,split_reported_total_mismatch,BT3,B_02.csv,measured,,,,none,0.000000000,0.000000000,ok
2,MUNICIPALIDAD DISTRITAL DE SAN JUAN BAUTISTA,2024,5,2842.800000000,1010.800000000,1832.000000000,1010.800000000,1832.000000000,2842.800000000,3269.600000000,1010.800000000,1832.000000000,2842.799996000,2842.799996000,0.000000000,1.000000002,0.000004000,2842.799996000,0.000000000,2842.799996000,2842.799996000,1.000000000,0.000004000,2842.800000000,0.000000000,426.800000000,15.013367103,0.360249000,49.200000000,7290.500000000,2.564549036,1.461538462,3.219796286,2.203018512,7290.500000000,0.000000000,0.000000000,energia_activa_punta_fuera,split_reported_total_mismatch,BT3,B_02.csv,measured,,,,none,0.000000000,0.000000000,ok
2,MUNICIPALIDAD DISTRITAL DE SAN JUAN BAUTISTA,2024,6,3699.600000000,1234.800000000,2464.800000000,1234.800000000,2464.800000000,3699.600000000,3574.000000000,1234.800000000,2464.800000000,3699.600005000,3699.600005000,0.000000000,0.999999999,0.000001000,3699.599999000,0.000000000,3699.600005000,3699.599999000,0.999999998,0.000001000,3699.600000000,0.000000000,-125.600000000,-3.394961617,0.235271000,230.800000000,6042.000000000,1.633149530,1.461538462,2.068298273,1.415151450,6042.000000000,0.000000000,0.000000000,energia_activa_punta_fuera,split_reported_total_mismatch,BT3,B_02.csv,measured,,,,none,0.000000000,0.000000000,ok
2,MUNICIPALIDAD DISTRITAL DE SAN JUAN BAUTISTA,2024,7,9052.000000000,3120.800000000,5931.200000000,3120.800000000,5931.200000000,9052.000000000,2812.000000000,3120.800000000,5931.200000000,9052.000037000,7444.497340000,1607.502697000,0.999999996,1607.502662000,7444.497338000,0.000000000,7444.497340000,7444.497338000,1.000000000,1607.502662000,9052.000000000,0.000000000,-6240.000000000,-68.935041980,0.257627000,1498.000000000,2091.000000000,0.230998674,1.461538462,0.291266620,0.199287687,2091.000000000,0.000000000,0.000000000,energia_activa_punta_fuera,split_reported_total_mismatch,BT3,B_02.csv,measured,,,,none,0.000000000,0.000000000,ok
2,MUNICIPALIDAD DISTRITAL DE SAN JUAN BAUTISTA,2024,8,9206.400000000,3438.400000000,5768.000000000,3438.400000000,5768.000000000,9206.400000000,3281.600000000,3438.400000000,5768.000000000,9206.400036000,7282.655157000,1923.744879000,0.999999996,1923.744846000,7282.655154000,0.000000000,7282.655157000,7282.655154000,0.999999999,1923.744846000,9206.400000000,0.000000000,-5924.800000000,-64.355231144,0.299874000,1189.200000000,4428.000000000,0.480969760,1.461538462,0.599599754,0.410252463,4428.000000000,0.000000000,0.000000000,energia_activa_punta_fuera,split_reported_total_mismatch,BT3,B_02.csv,measured,,,,none,0.000000000,0.000000000,ok
2,MUNICIPALIDAD DISTRITAL DE SAN JUAN BAUTISTA,2024,9,9296.800000000,3038.800000000,6258.000000000,3038.800000000,6258.000000000,9296.800000000,4291.600000000,3038.800000000,6258.000000000,9296.800041000,7731.247950000,1565.552091000,0.999999996,1565.552053000,7731.247947000,0.000000000,7731.247950000,7731.247947000,0.999999999,1565.552053000,9296.800000000,0.000000000,-5005.200000000,-53.837879701,0.305397000,383.600000000,4958.000000000,0.533301781,1.461538462,0.677267865,0.463393802,4958.000000000,0.000000000,0.000000000,energia_activa_punta_fuera,split_reported_total_mismatch,BT3,B_02.csv,measured,,,,none,0.000000000,0.000000000,ok
2,MUNICIPALIDAD DISTRITAL DE SAN JUAN BAUTISTA,2024,10,7811.600000000,2824.000000000,4987.600000000,2824.000000000,4987.600000000,7811.600000000,2842.800000000,2824.000000000,4987.600000000,7811.600007000,6566.182220000,1245.417787000,0.999999999,1245.417784000,6566.182216000,0.000000000,6566.182220000,6566.182216000,0.999999999,1245.417784000,7811.600000000,0.000000000,-4968.800000000,-63.607967638,0.261054000,638.400000000,4755.000000000,0.608710123,1.461538462,0.762438521,0.521668461,4755.000000000,0.000000000,0.000000000,energia_activa_punta_fuera,split_reported_total_mismatch,BT3,B_02.csv,measured,,,,none,0.000000000,0.000000000,ok
2,MUNICIPALIDAD DISTRITAL DE SAN JUAN BAUTISTA,2024,11,8057.200000000,2606.400000000,5450.800000000,2606.400000000,5450.800000000,8057.200000000,3699.600000000,2606.400000000,5450.800000000,8057.200044000,6890.188919000,1167.011125000,0.999999994,1167.011082000,6890.188918000,0.000000000,6890.188919000,6890.188918000,1.000000000,1167.011082000,8057.200000000,0.000000000,-4357.600000000,-54.083304374,0.361452000,324.400000000,5277.000000000,0.654942164,1.461538462,0.832873685,0.569860943,5277.000000000,0.000000000,0.000000000,energia_activa_punta_fuera,split_reported_total_mismatch,BT3,B_02.csv,measured,,,,none,0.000000000,0.000000000,ok
2,MUNICIPALIDAD DISTRITAL DE SAN JUAN BAUTISTA,2024,12,8731.200000000,2979.600000000,5751.600000000,2979.600000000,5751.600000000,8731.200000000,9052.000000000,2979.600000000,5751.600000000,8731.199959000,7229.858663000,1501.341296000,1.000000005,1501.341337000,7229.858663000,0.000000000,7229.858663000,7229.858663000,1.000000000,1501.341337000,8731.200000000,0.000000000,320.800000000,3.674179952,0.289005000,1362.000000000,10127.000000000,1.159863478,1.461538462,1.464517533,1.002038312,10127.000000000,0.000000000,0.000000000,energia_activa_punta_fuera,split_reported_total_mismatch,BT3,B_02.csv,measured,,,,none,0.000000000,0.000000000,ok
2,MUNICIPALIDAD DISTRITAL DE SAN JUAN BAUTISTA,2025,1,8912.000000000,3264.000000000,5648.000000000,3264.000000000,5648.000000000,8912.000000000,9206.400000000,3264.000000000,5648.000000000,8911.999961000,7163.931678000,1748.068283000,1.000000004,1748.068322000,7163.931678000,0.000000000,7163.931678000,7163.931678000,1.000000000,1748.068322000,8912.000000000,0.000000000,294.400000000,3.303411131,0.305172000,2033.200000000,7767.500000000,0.871577648,1.461538462,1.089652245,0.745551536,7767.500000000,-0.000000000,-0.000000000,energia_activa_punta_fuera,split_reported_total_mismatch,BT3,B_02.csv,measured,,,,none,0.000000000,0.000000000,ok
2,MUNICIPALIDAD DISTRITAL DE SAN JUAN BAUTISTA,2025,2,8221.600000000,3107.200000000,5114.400000000,3107.200000000,5114.400000000,8221.600000000,9296.800000000,3107.200000000,5114.400000000,8221.600032000,6433.558308000,1788.041724000,0.999999996,1788.041692000,6433.558308000,0.000000000,6433.558308000,6433.558308000,1.000000000,1788.041692000,8221.600000000,0.000000000,1075.200000000,13.077746424,0.262865000,1405.600000000,7811.500000000,0.950119198,1.461538462,1.182391415,0.809004652,7811.500000000,0.000000000,0.000000000,energia_activa_punta_fuera,split_reported_total_mismatch,BT3,B_02.csv,measured,,,,none,0.000000000,0.000000000,ok
2,MUNICIPALIDAD DISTRITAL DE SAN JUAN BAUTISTA,2025,3,7866.400000000,2976.800000000,4889.600000000,2976.800000000,4889.600000000,7866.400000000,7811.600000000,2976.800000000,4889.600000000,7866.400036000,6289.220032000,1577.180004000,0.999999995,1577.179971000,6289.220029000,0.000000000,6289.220032000,6289.220029000,1.000000000,1577.179971000,7866.400000000,0.000000000,-54.800000000,-0.696633784,0.251740000,1542.000000000,7263.500000000,0.923357571,1.461538462,1.148867004,0.786066898,7263.500000000,0.000000000,0.000000000,energia_activa_punta_fuera,split_matches_reported_total,BT3,B_02.csv,measured,,,,none,0.000000000,0.000000000,ok
2,MUNICIPALIDAD DISTRITAL DE SAN JUAN BAUTISTA,2025,4,8248.400000000,3244.000000000,5004.400000000,3244.000000000,5004.400000000,8248.400000000,8057.200000000,3244.000000000,5004.400000000,8248.400026000,6454.395754000,1794.004272000,0.999999997,1794.004246000,6454.395754000,0.000000000,6454.395754000,6454.395754000,1.000000000,1794.004246000,8248.400000000,0.000000000,-191.200000000,-2.318025314,0.273024000,2090.000000000,7048.500000000,0.854529363,1.461538462,1.057053575,0.723247183,7048.500000000,0.000000000,0.000000000,energia_activa_punta_fuera,split_reported_total_mismatch,BT3,B_02.csv,measured,,,,none,0.000000000,0.000000000,ok
2,MUNICIPALIDAD DISTRITAL DE SAN JUAN BAUTISTA,2025,5,7803.200000000,2831.600000000,4971.600000000,2831.600000000,4971.600000000,7803.200000000,8731.200000000,2831.600000000,4971.600000000,7803.199994000,6428.125192000,1375.074802000,1.000000001,1375.074808000,6428.125192000,0.000000000,6428.125192000,6428.125192000,1.000000000,1375.074808000,7803.200000000,-0.000000000,928.000000000,11.892556900,0.252746000,1760.400000000,7399.000000000,0.948200738,1.461538462,1.187026729,0.812176183,7399.000000000,0.000000000,0.000000000,energia_activa_punta_fuera,split_reported_total_mismatch,BT3,B_02.csv,measured,,,,none,0.000000000,0.000000000,ok
2,MUNICIPALIDAD DISTRITAL DE SAN JUAN BAUTISTA,2025,6,8248.000000000,3409.600000000,4838.400000000,3409.600000000,4838.400000000,8248.000000000,8912.000000000,3409.600000000,4838.400000000,8247.999987000,6190.599793000,2057.400194000,1.000000002,2057.400208000,6190.599792000,0.000000000,6190.599793000,6190.599792000,1.000000000,2057.400208000,8248.000000000,0.000000000,664.000000000,8.050436469,0.230216000,1776.800000000,14612.000000000,1.771580989,1.461538462,2.174377514,1.487731983,14612.000000000,-0.000000000,-0.000000000,energia_activa_punta_fuera,split_reported_total_mismatch,BT3,B_02.csv,measured,,,,none,0.000000000,0.000000000,ok
2,MUNICIPALIDAD DISTRITAL DE SAN JUAN BAUTISTA,2025,7,9087.200000000,3242.800000000,5844.400000000,3242.800000000,5844.400000000,9087.200000000,8221.600000000,3242.800000000,5844.400000000,9087.199979000,7275.894400000,1811.305579000,1.000000002,1811.305600000,7275.894400000,0.000000000,7275.894400000,7275.894400000,1.000000000,1811.305600000,9087.200000000,0.000000000,-865.600000000,-9.525486398,0.300789000,2340.000000000,7079.500000000,0.779062858,1.461538462,0.977615444,0.668894778,7079.500000000,0.000000000,0.000000000,energia_activa_punta_fuera,split_reported_total_mismatch,BT3,B_02.csv,measured,,,,none,0.000000000,0.000000000,ok
2,MUNICIPALIDAD DISTRITAL DE SAN JUAN BAUTISTA,2025,8,8406.000000000,2952.000000000,5454.000000000,2952.000000000,5454.000000000,8406.000000000,7866.400000000,2952.000000000,5454.000000000,8406.000017000,6844.997955000,1561.002062000,0.999999998,1561.002045000,6844.997955000,0.000000000,6844.997955000,6844.997955000,1.000000000,1561.002045000,8406.000000000,0.000000000,-539.600000000,-6.419224364,0.303089000,2153.200000000,7087.000000000,0.843088270,1.461538462,1.060343334,0.725498071,7087.000000000,0.000000000,0.000000000,energia_activa_punta_fuera,split_reported_total_mismatch,BT3,B_02.csv,measured,,,,none,0.000000000,0.000000000,ok
2,MUNICIPALIDAD DISTRITAL DE SAN JUAN BAUTISTA,2025,9,6418.800000000,2247.200000000,4171.600000000,2247.200000000,4171.600000000,6418.800000000,8248.400000000,2247.200000000,4171.600000000,6418.800012000,5625.824200000,792.975812000,0.999999998,792.975800000,5625.824200000,0.000000000,5625.824200000,5625.824200000,1.000000000,792.975800000,6418.800000000,0.000000000,1829.600000000,28.503770175,0.247638000,856.000000000,7130.500000000,1.110877423,1.461538462,1.397739137,0.956347831,7130.500000000,-0.000000000,-0.000000000,energia_activa_punta_fuera,split_reported_total_mismatch,BT3,B_02.csv,measured,,,,none,0.000000000,0.000000000,ok
2,MUNICIPALIDAD DISTRITAL DE SAN JUAN BAUTISTA,2025,10,5272.400000000,1774.400000000,3498.000000000,1774.400000000,3498.000000000,5272.400000000,7803.200000000,1774.400000000,3498.000000000,5272.399962000,5026.267171000,246.132791000,1.000000007,246.132829000,5026.267171000,0.000000000,5026.267171000,5026.267171000,1.000000000,246.132829000,5272.400000000,0.000000000,2530.800000000,48.000910401,0.274056000,230.800000000,14066.500000000,2.667950080,1.461538462,3.375067561,2.309256752,14066.500000000,-0.000000000,-0.000000000,energia_activa_punta_fuera,split_reported_total_mismatch,BT3,B_02.csv,measured,,,,none,0.000000000,0.000000000,ok
2,MUNICIPALIDAD DISTRITAL DE SAN JUAN BAUTISTA,2025,11,4098.800000000,1274.400000000,2824.400000000,1274.400000000,2824.400000000,4098.800000000,8248.000000000,1274.400000000,2824.400000000,4098.799998000,4098.799998000,0.000000000,1.000000001,0.000002000,4098.799998000,0.000000000,4098.799998000,4098.799998000,1.000000000,0.000002000,4098.800000000,-0.000000000,4149.200000000,101.229628184,0.416138000,0.000000000,7679.500000000,1.873597150,1.461538462,2.394692011,1.638473481,7679.500000000,0.000000000,0.000000000,energia_activa_punta_fuera,split_reported_total_mismatch,BT3,B_02.csv,measured,,,,none,0.000000000,0.000000000,ok
2,MUNICIPALIDAD DISTRITAL DE SAN JUAN BAUTISTA,2025,12,4018.000000000,1073.200000000,2944.800000000,1073.200000000,2944.800000000,4018.000000000,9087.200000000,1073.200000000,2944.800000000,4018.000000000,4018.000000000,0.000000000,1.000000000,0.000001000,4017.999999000,0.000000000,4018.000000000,4017.999999000,1.000000000,0.000001000,4018.000000000,0.000000000,5069.200000000,126.162269786,0.542855000,0.000000000,15976.000000000,3.976107516,1.461538462,5.173469318,3.539742165,15976.000000000,0.000000000,0.000000000,energia_activa_punta_fuera,split_reported_total_mismatch,BT3,B_02.csv,measured,,,,none,0.000000000,0.000000000,ok
3,AEROPUERTO INTERNACIONAL,2023,1,89272.638000000,20009.070900000,69263.567100000,20009.070900000,69263.567100000,89272.638000000,89272.640000000,20009.070900000,69263.567100000,89272.637999000,89272.637999000,0.000000000,1.000000000,0.000001000,89272.637999000,0.000000000,89272.637999000,89272.637999000,1.000000000,0.000001000,89272.638000000,0.000000000,0.002000000,0.000002240,0.655715000,41568.140300000,49441.500000000,0.553825910,1.461538462,0.733554146,0.501905468,49441.500000000,-0.000000000,-0.000000000,energia_activa_punta_fuera,split_matches_reported_total,MT4,B_03.csv,measured,,,,controlled_cooling,48.000000000,0.000000000,ok
3,AEROPUERTO INTERNACIONAL,2023,2,82454.463100000,18295.436300000,64159.026800000,18295.436300000,64159.026800000,82454.463100000,82454.470000000,18295.436300000,64159.026800000,82454.463103000,82454.463103000,0.000000000,1.000000000,0.000000000,82454.463100000,0.000000000,82454.463103000,82454.463100000,1.000000000,0.000000000,82454.463100000,0.000000000,0.006900000,0.000008368,0.557399000,39340.869800000,46229.500000000,0.560667043,1.461538462,0.743314625,0.508583691,46229.500000000,-0.000000000,-0.000000000,energia_activa_punta_fuera,split_matches_reported_total,MT4,B_03.csv,measured,,,,controlled_cooling,48.000000000,0.000000000,ok
3,AEROPUERTO INTERNACIONAL,2023,3,73136.290600000,16868.165000000,56268.125600000,16868.165000000,56268.125600000,73136.290600000,73136.300000000,16868.165000000,56268.125600000,73136.290600000,73136.290600000,0.000000000,1.000000000,0.000001000,73136.290599000,0.000000000,73136.290600000,73136.290599000,1.000000000,0.000001000,73136.290600000,0.000000000,0.009400000,0.000012853,0.547725000,32799.967200000,41622.000000000,0.569101873,1.461538462,0.751741880,0.514349707,41622.000000000,0.000000000,0.000000000,energia_activa_punta_fuera,split_matches_reported_total,MT4,B_03.csv,measured,,,,controlled_cooling,48.000000000,0.000000000,ok
3,AEROPUERTO INTERNACIONAL,2023,4,80604.464900000,18695.435900000,61909.029000000,18695.435900000,61909.029000000,80604.464900000,80604.470000000,18695.435900000,61909.029000000,80604.464900000,80604.464900000,0.000000000,1.000000000,0.000000000,80604.464900000,0.000000000,80604.464900000,80604.464900000,1.000000000,0.000000000,80604.464900000,-0.000000000,0.005100000,0.000006327,0.527391000,40645.413900000,45465.500000000,0.564056843,1.461538462,0.744673853,0.509513689,45465.500000000,0.000000000,0.000000000,energia_activa_punta_fuera,split_matches_reported_total,MT4,B_03.csv,measured,,,,controlled_cooling,48.000000000,0.000000000,ok
3,AEROPUERTO INTERNACIONAL,2023,5,78027.149200000,15563.575300000,62463.573900000,15563.575300000,62463.573900000,78027.149200000,78027.150000000,15563.575300000,62463.573900000,78027.149200000,78027.149200000,0.000000000,1.000000000,0.000000000,78027.149200000,0.000000000,78027.149200000,78027.149200000,1.000000000,0.000000000,78027.149200000,0.000000000,0.000800000,0.000001025,0.574497000,38763.597600000,43476.500000000,0.557197084,1.461538462,0.745714412,0.510225650,43476.500000000,0.000000000,0.000000000,energia_activa_punta_fuera,split_matches_reported_total,MT4,B_03.csv,measured,,,,controlled_cooling,48.000000000,0.000000000,ok
3,AEROPUERTO INTERNACIONAL,2023,6,79522.693300000,17509.118900000,62013.574400000,17509.118900000,62013.574400000,79522.693300000,79522.690000000,17509.118900000,62013.574400000,79522.693298000,79522.693298000,0.000000000,1.000000000,0.000002000,79522.693298000,0.000000000,79522.693298000,79522.693298000,1.000000000,0.000002000,79522.693300000,0.000000000,-0.003300000,-0.000004150,0.571732000,40522.686800000,41325.000000000,0.519662983,1.461538462,0.689445659,0.471725977,41325.000000000,0.000000000,0.000000000,energia_activa_punta_fuera,split_matches_reported_total,MT4,B_03.csv,measured,,,,controlled_cooling,48.000000000,0.000000000,ok
3,AEROPUERTO INTERNACIONAL,2023,7,73981.744300000,15704.529800000,58277.214500000,15704.529800000,58277.214500000,73981.744300000,73981.740000000,15704.529800000,58277.214500000,73981.744299000,73981.744299000,0.000000000,1.000000000,0.000001000,73981.744299000,0.000000000,73981.744299000,73981.744299000,1.000000000,0.000001000,73981.744300000,-0.000000000,-0.004300000,-0.000005812,0.581119000,36622.690700000,38126.500000000,0.515350109,1.461538462,0.685994753,0.469364831,38126.500000000,0.000000000,0.000000000,energia_activa_punta_fuera,split_matches_reported_total,MT4,B_03.csv,measured,,,,controlled_cooling,48.000000000,0.000000000,ok
3,AEROPUERTO INTERNACIONAL,2023,8,66681.751500000,13527.259200000,53154.492300000,13527.259200000,53154.492300000,66681.751500000,66681.750000000,13527.259200000,53154.492300000,66681.751496000,66681.751496000,0.000000000,1.000000000,0.000004000,66681.751496000,0.000000000,66681.751496000,66681.751496000,1.000000000,0.000004000,66681.751500000,-0.000000000,-0.001500000,-0.000002249,0.513224000,40199.959800000,35034.500000000,0.525398617,1.461538462,0.702148751,0.480417567,35034.500000000,0.000000000,0.000000000,energia_activa_punta_fuera,split_matches_reported_total,MT4,B_03.csv,measured,,,,controlled_cooling,48.000000000,0.000000000,ok
3,AEROPUERTO INTERNACIONAL,2023,9,51513.539400000,9836.353800000,41677.185600000,9836.353800000,41677.185600000,51513.539400000,51513.540000000,9836.353800000,41677.185600000,51513.539397000,51513.539397000,0.000000000,1.000000000,0.000003000,51513.539397000,0.000000000,51513.539397000,51513.539397000,1.000000000,0.000003000,51513.539400000,0.000000000,0.000600000,0.000001165,0.509393000,19627.253100000,25978.000000000,0.504294605,1.461538462,0.677351410,0.463450965,25978.000000000,0.000000000,0.000000000,energia_activa_punta_fuera,split_matches_reported_total,MT4,B_03.csv,measured,,,,controlled_cooling,48.000000000,0.000000000,ok
3,AEROPUERTO INTERNACIONAL,2023,10,51704.539300000,10168.171700000,41536.367600000,10168.171700000,41536.367600000,51704.539300000,51704.540000000,10168.171700000,41536.367600000,51704.539302000,51704.539302000,0.000000000,1.000000000,0.000000000,51704.539300000,0.000000000,51704.539302000,51704.539300000,1.000000000,0.000000000,51704.539300000,0.000000000,0.000700000,0.000001354,0.493707000,5195.449400000,26372.500000000,0.510061599,1.461538462,0.683441547,0.467617900,26372.500000000,0.000000000,0.000000000,energia_activa_punta_fuera,split_matches_reported_total,MT4,B_03.csv,measured,,,,controlled_cooling,48.000000000,0.000000000,ok
3,AEROPUERTO INTERNACIONAL,2023,11,56045.398500000,10481.807700000,45563.590800000,10481.807700000,45563.590800000,56045.398500000,56045.400000000,10481.807700000,45563.590800000,56045.398499000,56045.398499000,0.000000000,1.000000000,0.000003000,56045.398497000,0.000000000,56045.398499000,56045.398497000,1.000000000,0.000003000,56045.398500000,0.000000000,0.001500000,0.000002676,0.509672000,23227.249500000,28729.500000000,0.512611218,1.461538462,0.689669722,0.471879284,28729.500000000,0.000000000,0.000000000,energia_activa_punta_fuera,split_matches_reported_total,MT4,B_03.csv,measured,,,,controlled_cooling,48.000000000,0.000000000,ok
3,AEROPUERTO INTERNACIONAL,2023,12,48595.406000000,9118.172700000,39477.233300000,9118.172700000,39477.233300000,48595.406000000,48595.400000000,9118.172700000,39477.233300000,48595.405999000,48595.405999000,0.000000000,1.000000000,0.000001000,48595.405999000,0.000000000,48595.405999000,48595.405999000,1.000000000,0.000001000,48595.406000000,0.000000000,-0.006000000,-0.000012347,0.472885000,28872.698400000,52884.000000000,1.088251017,1.461538462,1.463758473,1.001518955,52884.000000000,0.000000000,0.000000000,energia_activa_punta_fuera,split_matches_reported_total,MT4,B_03.csv,measured,,,,controlled_cooling,48.000000000,0.000000000,ok
3,AEROPUERTO INTERNACIONAL,2024,1,34895.419700000,6368.175500000,28527.244200000,6368.175500000,28527.244200000,34895.419700000,34895.420000000,6368.175500000,28527.244200000,34895.419702000,34895.419702000,0.000000000,1.000000000,0.000000000,34895.419700000,0.000000000,34895.419702000,34895.419700000,1.000000000,0.000000000,34895.419700000,0.000000000,0.000300000,0.000000860,0.406965000,18131.800100000,18400.500000000,0.527304161,1.461538462,0.710805833,0.486340833,18400.500000000,0.000000000,0.000000000,energia_activa_punta_fuera,split_matches_reported_total,MT4,B_03.csv,measured,,,,controlled_cooling,48.000000000,0.000000000,ok
3,AEROPUERTO INTERNACIONAL,2024,2,48295.406300000,9818.172000000,38477.234300000,9818.172000000,38477.234300000,48295.406300000,48295.400000000,9818.172000000,38477.234300000,48295.406301000,48295.406301000,0.000000000,1.000000000,0.000000000,48295.406300000,0.000000000,48295.406301000,48295.406300000,1.000000000,0.000000000,48295.406300000,0.000000000,-0.006300000,-0.000013045,0.595037000,22977.249800000,20384.000000000,0.422069128,1.461538462,0.563955423,0.385864237,20384.000000000,0.000000000,0.000000000,energia_activa_punta_fuera,split_matches_reported_total,MT4,B_03.csv,measured,,,,controlled_cooling,48.000000000,0.000000000,ok
3,AEROPUERTO INTERNACIONAL,2024,3,41013.595400000,8177.264600000,32836.330800000,8177.264600000,32836.330800000,41013.595400000,41013.590000000,8177.264600000,32836.330800000,41013.595399000,41013.595399000,0.000000000,1.000000000,0.000001000,41013.595399000,0.000000000,41013.595399000,41013.595399000,1.000000000,0.000001000,41013.595400000,-0.000000000,-0.005400000,-0.000013166,0.507366000,18354.527100000,18130.500000000,0.442060732,1.461538462,0.591644865,0.404809644,18130.500000000,0.000000000,0.000000000,energia_activa_punta_fuera,split_matches_reported_total,MT4,B_03.csv,measured,,,,controlled_cooling,48.000000000,0.000000000,ok
3,AEROPUERTO INTERNACIONAL,2024,4,42031.776200000,7586.356100000,34445.420100000,7586.356100000,34445.420100000,42031.776200000,42031.780000000,7586.356100000,34445.420100000,42031.776202000,42031.776202000,0.000000000,1.000000000,0.000001000,42031.776199000,0.000000000,42031.776202000,42031.776199000,1.000000000,0.000001000,42031.776200000,0.000000000,0.003800000,0.000009041,0.532907000,18681.799500000,18162.000000000,0.432101654,1.461538462,0.582969751,0.398874040,18162.000000000,0.000000000,0.000000000,energia_activa_punta_fuera,split_matches_reported_total,MT4,B_03.csv,measured,,,,controlled_cooling,48.000000000,0.000000000,ok
3,AEROPUERTO INTERNACIONAL,2024,5,46131.772100000,9131.809100000,36999.963000000,9131.809100000,36999.963000000,46131.772100000,46131.770000000,9131.809100000,36999.963000000,46131.772099000,46131.772099000,0.000000000,1.000000000,0.000001000,46131.772099000,0.000000000,46131.772099000,46131.772099000,1.000000000,0.000001000,46131.772100000,0.000000000,-0.002100000,-0.000004552,0.559358000,20749.979300000,18677.000000000,0.404861967,1.461538462,0.542186234,0.370969528,18677.000000000,0.000000000,0.000000000,energia_activa_punta_fuera,split_matches_reported_total,MT4,B_03.csv,measured,,,,controlled_cooling,48.000000000,0.000000000,ok
3,AEROPUERTO INTERNACIONAL,2024,6,54295.400300000,10959.080000000,43336.320300000,10959.080000000,43336.320300000,54295.400300000,54295.400000000,10959.080000000,43336.320300000,54295.400297000,54295.400297000,0.000000000,1.000000000,0.000003000,54295.400297000,0.000000000,54295.400297000,54295.400297000,1.000000000,0.000003000,54295.400300000,-0.000000000,-0.000300000,-0.000000553,0.525008000,24472.702800000,24973.000000000,0.459946881,1.461538462,0.614943324,0.420750696,24973.000000000,0.000000000,0.000000000,energia_activa_punta_fuera,split_matches_reported_total,MT4,B_03.csv,measured,,,,controlled_cooling,48.000000000,0.000000000,ok
3,AEROPUERTO INTERNACIONAL,2024,7,53559.037400000,9759.081200000,43799.956200000,9759.081200000,43799.956200000,53559.037400000,53559.040000000,9759.081200000,43799.956200000,53559.037398000,53559.037398000,0.000000000,1.000000000,0.000002000,53559.037398000,0.000000000,53559.037398000,53559.037398000,1.000000000,0.000002000,53559.037400000,0.000000000,0.002600000,0.000004854,0.543697000,27795.426800000,24288.000000000,0.453480891,1.461538462,0.611365350,0.418302608,24288.000000000,0.000000000,0.000000000,energia_activa_punta_fuera,split_matches_reported_total,MT4,B_03.csv,measured,,,,controlled_cooling,48.000000000,0.000000000,ok
3,AEROPUERTO INTERNACIONAL,2024,8,45909.045100000,9295.445300000,36613.599800000,9295.445300000,36613.599800000,45909.045100000,45909.050000000,9295.445300000,36613.599800000,45909.045100000,45909.045100000,0.000000000,1.000000000,0.000000000,45909.045100000,0.000000000,45909.045100000,45909.045100000,1.000000000,0.000000000,45909.045100000,0.000000000,0.004900000,0.000010673,0.572562000,21177.251600000,21376.000000000,0.465616306,1.461538462,0.622356823,0.425823090,21376.000000000,0.000000000,0.000000000,energia_activa_punta_fuera,split_matches_reported_total,MT4,B_03.csv,measured,,,,controlled_cooling,48.000000000,0.000000000,ok
3,AEROPUERTO INTERNACIONAL,2024,9,51954.493500000,10199.989800000,41754.503700000,10199.989800000,41754.503700000,51954.493500000,51954.490000000,10199.989800000,41754.503700000,51954.493498000,51954.493498000,0.000000000,1.000000000,0.000002000,51954.493498000,0.000000000,51954.493498000,51954.493498000,1.000000000,0.000002000,51954.493500000,0.000000000,-0.003500000,-0.000006737,0.581501000,22927.249800000,23644.000000000,0.455090569,1.461538462,0.609870900,0.417280089,23644.000000000,0.000000000,0.000000000,energia_activa_punta_fuera,split_matches_reported_total,MT4,B_03.csv,measured,,,,controlled_cooling,48.000000000,0.000000000,ok
3,AEROPUERTO INTERNACIONAL,2024,10,49927.222800000,9809.081100000,40118.141700000,9809.081100000,40118.141700000,49927.222800000,49927.220000000,9809.081100000,40118.141700000,49927.222802000,49927.222802000,0.000000000,1.000000000,0.000000000,49927.222800000,0.000000000,49927.222802000,49927.222800000,1.000000000,0.000000000,49927.222800000,0.000000000,-0.002800000,-0.000005608,0.493707000,25822.701500000,23227.500000000,0.465227159,1.461538462,0.623417536,0.426548841,23227.500000000,0.000000000,0.000000000,energia_activa_punta_fuera,split_matches_reported_total,MT4,B_03.csv,measured,,,,controlled_cooling,48.000000000,0.000000000,ok
3,AEROPUERTO INTERNACIONAL,2024,11,59381.758800000,10836.352800000,48545.406000000,10836.352800000,48545.406000000,59381.758800000,59381.760000000,10836.352800000,48545.406000000,59381.758803000,59381.758803000,0.000000000,1.000000000,0.000000000,59381.758800000,0.000000000,59381.758803000,59381.758800000,1.000000000,0.000000000,59381.758800000,0.000000000,0.001200000,0.000002021,0.546519000,27272.700000000,26072.500000000,0.439065810,1.461538462,0.591862314,0.404958425,26072.500000000,0.000000000,0.000000000,energia_activa_punta_fuera,split_matches_reported_total,MT4,B_03.csv,measured,,,,controlled_cooling,48.000000000,0.000000000,ok
3,AEROPUERTO INTERNACIONAL,2024,12,114163.522300000,23304.522200000,90859.000100000,23304.522200000,90859.000100000,114163.522300000,114163.520000000,23304.522200000,90859.000100000,114163.522298000,114163.522298000,0.000000000,1.000000000,0.000002000,114163.522298000,0.000000000,114163.522298000,114163.522298000,1.000000000,0.000002000,114163.522300000,-0.000000000,-0.002300000,-0.000002015,0.634242000,45136.318500000,45595.500000000,0.399387642,1.461538462,0.533460353,0.364999189,45595.500000000,0.000000000,0.000000000,energia_activa_punta_fuera,split_matches_reported_total,MT4,B_03.csv,measured,,,,controlled_cooling,48.000000000,0.000000000,ok
3,AEROPUERTO INTERNACIONAL,2025,1,115931.702300000,23040.886100000,92890.816200000,23040.886100000,92890.816200000,115931.702300000,115931.710000000,23040.886100000,92890.816200000,115931.702301000,115931.702301000,0.000000000,1.000000000,0.000001000,115931.702299000,0.000000000,115931.702301000,115931.702299000,1.000000000,0.000001000,115931.702300000,-0.000000000,0.007700000,0.000006642,0.647598000,43727.229000000,48228.500000000,0.416007865,1.461538462,0.556925489,0.381054282,48228.500000000,0.000000000,0.000000000,energia_activa_punta_fuera,split_matches_reported_total,MT4,B_03.csv,measured,,,,controlled_cooling,48.000000000,0.000000000,ok
3,AEROPUERTO INTERNACIONAL,2025,2,116918.064900000,24136.339500000,92781.725400000,24136.339500000,92781.725400000,116918.064900000,116918.070000000,24136.339500000,92781.725400000,116918.064899000,116918.064899000,0.000000000,1.000000000,0.000001000,116918.064899000,0.000000000,116918.064899000,116918.064899000,1.000000000,0.000001000,116918.064900000,0.000000000,0.005100000,0.000004362,0.627855000,43431.774800000,48803.500000000,0.417416248,1.461538462,0.556999487,0.381104912,48803.500000000,0.000000000,0.000000000,energia_activa_punta_fuera,split_matches_reported_total,MT4,B_03.csv,measured,,,,controlled_cooling,48.000000000,0.000000000,ok
3,AEROPUERTO INTERNACIONAL,2025,3,108377.164400000,22886.340800000,85490.823600000,22886.340800000,85490.823600000,108377.164400000,108377.160000000,22886.340800000,85490.823600000,108377.164400000,108377.164400000,0.000000000,1.000000000,0.000002000,108377.164398000,0.000000000,108377.164400000,108377.164398000,1.000000000,0.000002000,108377.164400000,0.000000000,-0.004400000,-0.000004060,0.583015000,40159.050800000,47224.000000000,0.435737549,1.461538462,0.580289554,0.397040221,47224.000000000,-0.000000000,-0.000000000,energia_activa_punta_fuera,split_matches_reported_total,MT4,B_03.csv,measured,,,,controlled_cooling,48.000000000,0.000000000,ok
3,AEROPUERTO INTERNACIONAL,2025,4,118122.609200000,24831.793400000,93290.815800000,24831.793400000,93290.815800000,118122.609200000,118122.610000000,24831.793400000,93290.815800000,118122.609199000,118122.609199000,0.000000000,1.000000000,0.000002000,118122.609198000,0.000000000,118122.609199000,118122.609198000,1.000000000,0.000002000,118122.609200000,0.000000000,0.000800000,0.000000677,0.669629000,43154.502300000,49119.000000000,0.415830638,1.461538462,0.554000645,0.379053073,49119.000000000,0.000000000,0.000000000,energia_activa_punta_fuera,split_matches_reported_total,MT4,B_03.csv,measured,,,,controlled_cooling,48.000000000,0.000000000,ok
3,AEROPUERTO INTERNACIONAL,2025,5,121790.787300000,24109.066800000,97681.720500000,24109.066800000,97681.720500000,121790.787300000,121790.790000000,24109.066800000,97681.720500000,121790.787302000,121790.787302000,0.000000000,1.000000000,0.000000000,121790.787300000,0.000000000,121790.787302000,121790.787300000,1.000000000,0.000000000,121790.787300000,0.000000000,0.002700000,0.000002217,0.619199000,42668.139200000,50006.500000000,0.410593454,1.461538462,0.549860788,0.376220539,50006.500000000,0.000000000,0.000000000,energia_activa_punta_fuera,split_matches_reported_total,MT4,B_03.csv,measured,,,,controlled_cooling,48.000000000,0.000000000,ok
3,AEROPUERTO INTERNACIONAL,2025,6,122245.332400000,25904.519600000,96340.812800000,25904.519600000,96340.812800000,122245.332400000,122245.330000000,25904.519600000,96340.812800000,122245.332401000,122245.332401000,0.000000000,1.000000000,0.000000000,122245.332400000,0.000000000,122245.332401000,122245.332400000,1.000000000,0.000000000,122245.332400000,0.000000000,-0.002400000,-0.000001963,0.618423000,44804.500700000,53216.000000000,0.435321324,1.461538462,0.579556616,0.396538737,53216.000000000,0.000000000,0.000000000,energia_activa_punta_fuera,split_matches_reported_total,MT4,B_03.csv,measured,,,,controlled_cooling,48.000000000,0.000000000,ok
3,AEROPUERTO INTERNACIONAL,2025,7,114686.249000000,23972.703300000,90713.545700000,23972.703300000,90713.545700000,114686.249000000,114686.250000000,23972.703300000,90713.545700000,114686.248999000,114686.248999000,0.000000000,1.000000000,0.000001000,114686.248999000,0.000000000,114686.248999000,114686.248999000,1.000000000,0.000001000,114686.249000000,0.000000000,0.001000000,0.000000872,0.611571000,40840.868300000,56667.500000000,0.494108932,1.461538462,0.658619109,0.450634127,56667.500000000,0.000000000,0.000000000,energia_activa_punta_fuera,split_matches_reported_total,MT4,B_03.csv,measured,,,,controlled_cooling,48.000000000,0.000000000,ok
3,AEROPUERTO INTERNACIONAL,2025,8,110336.253300000,22481.795700000,87854.457600000,22481.795700000,87854.457600000,110336.253300000,110336.260000000,22481.795700000,87854.457600000,110336.253298000,110336.253298000,0.000000000,1.000000000,0.000004000,110336.253296000,0.000000000,110336.253298000,110336.253296000,1.000000000,0.000004000,110336.253300000,-0.000000000,0.006700000,0.000006072,0.603110000,41268.140600000,55157.000000000,0.499899157,1.461538462,0.667818984,0.456928779,55157.000000000,-0.000000000,-0.000000000,energia_activa_punta_fuera,split_matches_reported_total,MT4,B_03.csv,measured,,,,controlled_cooling,48.000000000,0.000000000,ok
3,AEROPUERTO INTERNACIONAL,2025,9,116068.065780000,24046.079870000,92021.985910000,24046.079870000,92021.985910000,116068.065780000,116068.067100000,24046.079870000,92021.985910000,116068.065781000,116068.065781000,0.000000000,1.000000000,0.000000000,116068.065780000,0.000000000,116068.065781000,116068.065780000,1.000000000,0.000000000,116068.065780000,0.000000000,0.001320000,0.000001137,0.618971714,42332.425240000,12046.500000000,0.103788238,1.461538462,0.138452004,0.094730319,12046.500000000,0.000000000,0.000000000,energia_activa_punta_fuera,split_matches_reported_total,MT4,B_03.csv,measured,,,,controlled_cooling,48.000000000,0.000000000,ok
3,AEROPUERTO INTERNACIONAL,2025,10,115946.637340000,24033.185640000,91913.451700000,24033.185640000,91913.451700000,115946.637340000,115946.638200000,24033.185640000,91913.451700000,115946.637342000,115946.637342000,0.000000000,1.000000000,0.000000000,115946.637340000,0.000000000,115946.637342000,115946.637340000,1.000000000,0.000000000,115946.637340000,0.000000000,0.000860000,0.000000742,0.617702673,42175.375310000,5904.000000000,0.050919976,1.461538462,0.067923484,0.046473963,5904.000000000,0.000000000,0.000000000,energia_activa_punta_fuera,split_matches_reported_total,MT4,B_03.csv,measured,,,,controlled_cooling,48.000000000,0.000000000,ok
3,AEROPUERTO INTERNACIONAL,2025,11,117027.990620000,24197.020620000,92830.970000000,24197.020620000,92830.970000000,117027.990620000,117027.992200000,24197.020620000,92830.970000000,117027.990624000,117027.990624000,0.000000000,1.000000000,0.000000000,117027.990620000,0.000000000,117027.990624000,117027.990620000,1.000000000,0.000000000,117027.990620000,0.000000000,0.001580000,0.000001350,0.622658055,42463.421660000,5928.500000000,0.050658821,1.461538462,0.067589793,0.046245648,5928.500000000,0.000000000,0.000000000,energia_activa_punta_fuera,split_matches_reported_total,MT4,B_03.csv,measured,,,,controlled_cooling,48.000000000,0.000000000,ok
3,AEROPUERTO INTERNACIONAL,2025,12,117841.155000000,24648.566300000,93192.588700000,24648.566300000,93192.588700000,117841.155000000,117841.160000000,24648.566300000,93192.588700000,117841.154999000,117841.154999000,0.000000000,1.000000000,0.000001000,117841.154999000,0.000000000,117841.154999000,117841.154999000,1.000000000,0.000001000,117841.155000000,0.000000000,0.005000000,0.000004243,0.579450000,40593.186600000,55879.000000000,0.474189174,1.461538462,0.632030186,0.432441706,55879.000000000,0.000000000,0.000000000,energia_activa_punta_fuera,split_matches_reported_total,MT4,B_03.csv,measured,,,,controlled_cooling,48.000000000,0.000000000,ok
4,HIPERMERCADOS TOTTUS ORIENTE SAC,2023,1,116818.065000000,23090.886000000,93727.179000000,23090.886000000,93727.179000000,116818.065000000,130672.600000000,23090.886000000,93727.179000000,116818.064999000,116818.064999000,0.000000000,1.000000000,0.000002000,116818.064998000,0.000000000,116818.064999000,116818.064998000,1.000000000,0.000002000,116818.065000000,0.000000000,13854.535000000,11.859925089,0.586308000,30145.424400000,61248.500000000,0.524306750,1.461538462,0.702229925,0.480473107,61248.500000000,0.000000000,0.000000000,energia_activa_punta_fuera,split_reported_total_mismatch,MT3,B_04.csv,measured,,,,critical_refrigeration,0.000000000,7.200000000,ok
4,HIPERMERCADOS TOTTUS ORIENTE SAC,2023,2,113436.250200000,22181.796000000,91254.454200000,22181.796000000,91254.454200000,113436.250200000,117872.610000000,22181.796000000,91254.454200000,113436.250199000,113436.250199000,0.000000000,1.000000000,0.000001000,113436.250199000,0.000000000,113436.250199000,113436.250199000,1.000000000,0.000001000,113436.250200000,-0.000000000,4436.359800000,3.910883683,0.516713000,27836.335800000,55835.500000000,0.492219197,1.461538462,0.659845475,0.451473220,55835.500000000,0.000000000,0.000000000,energia_activa_punta_fuera,split_reported_total_mismatch,MT3,B_04.csv,measured,,,,critical_refrigeration,0.000000000,7.200000000,ok
4,HIPERMERCADOS TOTTUS ORIENTE SAC,2023,3,98363.538000000,18927.253800000,79436.284200000,18927.253800000,79436.284200000,98363.538000000,107090.800000000,18927.253800000,79436.284200000,98363.537998000,98363.537998000,0.000000000,1.000000000,0.000002000,98363.537998000,0.000000000,98363.537998000,98363.537998000,1.000000000,0.000002000,98363.538000000,-0.000000000,8727.262000000,8.872456377,0.483830000,24309.066600000,52114.000000000,0.529810142,1.461538462,0.711178234,0.486595634,52114.000000000,0.000000000,0.000000000,energia_activa_punta_fuera,split_reported_total_mismatch,MT3,B_04.csv,measured,,,,critical_refrigeration,0.000000000,7.200000000,ok
4,HIPERMERCADOS TOTTUS ORIENTE SAC,2023,4,113690.795400000,21799.978200000,91890.817200000,21799.978200000,91890.817200000,113690.795400000,117927.150000000,21799.978200000,91890.817200000,113690.795399000,113690.795399000,0.000000000,1.000000000,0.000002000,113690.795398000,0.000000000,113690.795399000,113690.795398000,1.000000000,0.000002000,113690.795400000,0.000000000,4236.354600000,3.726207197,0.612462000,27672.699600000,56197.500000000,0.494301230,1.461538462,0.663703155,0.454112685,56197.500000000,0.000000000,0.000000000,energia_activa_punta_fuera,split_reported_total_mismatch,MT3,B_04.csv,measured,,,,critical_refrigeration,0.000000000,7.200000000,ok
4,HIPERMERCADOS TOTTUS ORIENTE SAC,2023,5,108127.164600000,18345.436200000,89781.728400000,18345.436200000,89781.728400000,108127.164600000,108999.890000000,18345.436200000,89781.728400000,108127.164601000,108127.164601000,0.000000000,1.000000000,0.000000000,108127.164600000,0.000000000,108127.164601000,108127.164600000,1.000000000,0.000000000,108127.164600000,0.000000000,872.725400000,0.807128720,0.548454000,26181.792000000,57469.500000000,0.531499186,1.461538462,0.720394501,0.492901501,57469.500000000,0.000000000,0.000000000,energia_activa_punta_fuera,split_matches_reported_total,MT3,B_04.csv,measured,,,,critical_refrigeration,0.000000000,7.200000000,ok
4,HIPERMERCADOS TOTTUS ORIENTE SAC,2023,6,113563.522800000,20999.979000000,92563.543800000,20999.979000000,92563.543800000,113563.522800000,116818.070000000,20999.979000000,92563.543800000,113563.522804000,113563.522804000,0.000000000,1.000000000,0.000000000,113563.522800000,0.000000000,113563.522804000,113563.522800000,1.000000000,0.000000000,113563.522800000,0.000000000,3254.547200000,2.865838537,0.585357000,27618.154200000,65016.000000000,0.572507777,1.461538462,0.770944398,0.527488273,65016.000000000,0.000000000,0.000000000,energia_activa_punta_fuera,split_reported_total_mismatch,MT3,B_04.csv,measured,,,,critical_refrigeration,0.000000000,7.200000000,ok
4,HIPERMERCADOS TOTTUS ORIENTE SAC,2023,7,106836.256800000,19399.980600000,87436.276200000,19399.980600000,87436.276200000,106836.256800000,113436.250000000,19399.980600000,87436.276200000,106836.256798000,106836.256798000,0.000000000,1.000000000,0.000002000,106836.256798000,0.000000000,106836.256798000,106836.256798000,1.000000000,0.000002000,106836.256800000,0.000000000,6599.993200000,6.177671698,0.553671000,25163.611200000,63331.500000000,0.592790331,1.461538462,0.799389826,0.546950933,63331.500000000,0.000000000,0.000000000,energia_activa_punta_fuera,split_reported_total_mismatch,MT3,B_04.csv,measured,,,,critical_refrigeration,0.000000000,7.200000000,ok
4,HIPERMERCADOS TOTTUS ORIENTE SAC,2023,8,118490.790600000,20163.616200000,98327.174400000,20163.616200000,98327.174400000,118490.790600000,98363.530000000,20163.616200000,98327.174400000,118490.790599000,118490.790599000,0.000000000,1.000000000,0.000001000,118490.790599000,0.000000000,118490.790599000,118490.790599000,1.000000000,0.000001000,118490.790600000,0.000000000,-20127.260600000,-16.986350161,0.630319000,27799.972200000,56325.000000000,0.475353398,1.461538462,0.644155227,0.440737787,56325.000000000,0.000000000,0.000000000,energia_activa_punta_fuera,split_reported_total_mismatch,MT3,B_04.csv,measured,,,,critical_refrigeration,0.000000000,7.200000000,ok
4,HIPERMERCADOS TOTTUS ORIENTE SAC,2023,9,117545.337000000,21290.887800000,96254.449200000,21290.887800000,96254.449200000,117545.337000000,113690.800000000,21290.887800000,96254.449200000,117545.337002000,117545.337002000,0.000000000,1.000000000,0.000000000,117545.337000000,0.000000000,117545.337002000,117545.337000000,1.000000000,0.000000000,117545.337000000,0.000000000,-3854.537000000,-3.279191756,0.519027000,28999.971000000,61727.000000000,0.525133549,1.461538462,0.708291108,0.484620232,61727.000000000,0.000000000,0.000000000,energia_activa_punta_fuera,split_reported_total_mismatch,MT3,B_04.csv,measured,,,,critical_refrigeration,0.000000000,7.200000000,ok
4,HIPERMERCADOS TOTTUS ORIENTE SAC,2023,10,124854.420600000,22054.523400000,102799.897200000,22054.523400000,102799.897200000,124854.420600000,108127.170000000,22054.523400000,102799.897200000,124854.420598000,124854.420598000,0.000000000,1.000000000,0.000002000,124854.420598000,0.000000000,124854.420598000,124854.420598000,1.000000000,0.000002000,124854.420600000,-0.000000000,-16727.250600000,-13.397403568,0.578030000,29090.880000000,59799.500000000,0.478953806,1.461538462,0.647241711,0.442849592,59799.500000000,0.000000000,0.000000000,energia_activa_punta_fuera,split_reported_total_mismatch,MT3,B_04.csv,measured,,,,critical_refrigeration,0.000000000,7.200000000,ok
4,HIPERMERCADOS TOTTUS ORIENTE SAC,2023,11,127799.872200000,23036.340600000,104763.531600000,23036.340600000,104763.531600000,127799.872200000,113563.520000000,23036.340600000,104763.531600000,127799.872198000,127799.872198000,0.000000000,1.000000000,0.000002000,127799.872198000,0.000000000,127799.872198000,127799.872198000,1.000000000,0.000002000,127799.872200000,0.000000000,-14236.352200000,-11.139566852,0.599662000,28818.153000000,57805.000000000,0.452308747,1.461538462,0.610293955,0.417569548,57805.000000000,-0.000000000,-0.000000000,energia_activa_punta_fuera,split_reported_total_mismatch,MT3,B_04.csv,measured,,,,critical_refrigeration,0.000000000,7.200000000,ok
4,HIPERMERCADOS TOTTUS ORIENTE SAC,2023,12,120545.334000000,22636.341000000,97908.993000000,22636.341000000,97908.993000000,120545.334000000,106836.260000000,22636.341000000,97908.993000000,120545.333998000,120545.333998000,0.000000000,1.000000000,0.000002000,120545.333998000,0.000000000,120545.333998000,120545.333998000,1.000000000,0.000002000,120545.334000000,0.000000000,-13709.074000000,-11.372546365,0.550079000,27472.699800000,54464.000000000,0.451813423,1.461538462,0.607676029,0.415778336,54464.000000000,-0.000000000,-0.000000000,energia_activa_punta_fuera,split_reported_total_mismatch,MT3,B_04.csv,measured,,,,critical_refrigeration,0.000000000,7.200000000,ok
4,HIPERMERCADOS TOTTUS ORIENTE SAC,2024,1,121218.060600000,22036.341600000,99181.719000000,22036.341600000,99181.719000000,121218.060600000,118490.790000000,22036.341600000,99181.719000000,121218.060600000,121218.060600000,0.000000000,1.000000000,0.000001000,121218.060599000,0.000000000,121218.060600000,121218.060599000,1.000000000,0.000001000,121218.060600000,0.000000000,-2727.270600000,-2.249888001,0.574424000,26690.882400000,57357.500000000,0.473176189,1.461538462,0.638032077,0.436548263,57357.500000000,0.000000000,0.000000000,energia_activa_punta_fuera,split_reported_total_mismatch,MT3,B_04.csv,measured,,,,critical_refrigeration,0.000000000,7.200000000,ok
4,HIPERMERCADOS TOTTUS ORIENTE SAC,2024,2,110727.162000000,19745.434800000,90981.727200000,19745.434800000,90981.727200000,110727.162000000,117545.340000000,19745.434800000,90981.727200000,110727.162005000,110727.162005000,0.000000000,1.000000000,0.000000000,110727.162000000,0.000000000,110727.162005000,110727.162000000,1.000000000,0.000000000,110727.162000000,0.000000000,6818.178000000,6.157638177,0.498135000,25399.974600000,112509.000000000,1.016092149,1.461538462,1.372126398,0.938823325,112509.000000000,0.000000000,0.000000000,energia_activa_punta_fuera,split_reported_total_mismatch,MT3,B_04.csv,measured,,,,critical_refrigeration,0.000000000,7.200000000,ok
4,HIPERMERCADOS TOTTUS ORIENTE SAC,2024,3,110599.889400000,19818.162000000,90781.727400000,19818.162000000,90781.727400000,110599.889400000,124854.420000000,19818.162000000,90781.727400000,110599.889397000,110599.889397000,0.000000000,1.000000000,0.000003000,110599.889397000,0.000000000,110599.889397000,110599.889397000,1.000000000,0.000003000,110599.889400000,0.000000000,14254.530600000,12.888376903,0.505602000,25618.156200000,59163.000000000,0.534928202,1.461538462,0.722099030,0.494067757,59163.000000000,0.000000000,0.000000000,energia_activa_punta_fuera,split_reported_total_mismatch,MT3,B_04.csv,measured,,,,critical_refrigeration,0.000000000,7.200000000,ok
4,HIPERMERCADOS TOTTUS ORIENTE SAC,2024,4,117690.791400000,18854.526600000,98836.264800000,18854.526600000,98836.264800000,117690.791400000,127799.870000000,18854.526600000,98836.264800000,117690.791404000,117690.791404000,0.000000000,1.000000000,0.000000000,117690.791400000,0.000000000,117690.791404000,117690.791400000,1.000000000,0.000000000,117690.791400000,0.000000000,10109.078600000,8.589523853,0.530399000,27836.335800000,60632.500000000,0.515184742,1.461538462,0.701121221,0.479714520,60632.500000000,0.000000000,0.000000000,energia_activa_punta_fuera,split_reported_total_mismatch,MT3,B_04.csv,measured,,,,critical_refrigeration,0.000000000,7.200000000,ok
4,HIPERMERCADOS TOTTUS ORIENTE SAC,2024,5,115781.702400000,20872.706400000,94908.996000000,20872.706400000,94908.996000000,115781.702400000,120545.330000000,20872.706400000,94908.996000000,115781.702399000,115781.702399000,0.000000000,1.000000000,0.000002000,115781.702398000,0.000000000,115781.702399000,115781.702398000,1.000000000,0.000002000,115781.702400000,0.000000000,4763.627600000,4.114318153,0.520567000,27527.245200000,53865.500000000,0.465233270,1.461538462,0.627726646,0.429497179,53865.500000000,0.000000000,0.000000000,energia_activa_punta_fuera,split_reported_total_mismatch,MT3,B_04.csv,measured,,,,critical_refrigeration,0.000000000,7.200000000,ok
4,HIPERMERCADOS TOTTUS ORIENTE SAC,2024,6,112781.705400000,19381.798800000,93399.906600000,19381.798800000,93399.906600000,112781.705400000,121218.060000000,19381.798800000,93399.906600000,112781.705399000,112781.705399000,0.000000000,1.000000000,0.000001000,112781.705399000,0.000000000,112781.705399000,112781.705399000,1.000000000,0.000001000,112781.705400000,0.000000000,8436.354600000,7.480250959,0.529844000,26745.427800000,54796.500000000,0.485863375,1.461538462,0.657923821,0.450158404,54796.500000000,0.000000000,0.000000000,energia_activa_punta_fuera,split_reported_total_mismatch,MT3,B_04.csv,measured,,,,critical_refrigeration,0.000000000,7.200000000,ok
4,HIPERMERCADOS TOTTUS ORIENTE SAC,2024,7,104308.986600000,17509.073400000,86799.913200000,17509.073400000,86799.913200000,104308.986600000,110727.160000000,17509.073400000,86799.913200000,104308.986600000,104308.986600000,0.000000000,1.000000000,0.000000000,104308.986600000,0.000000000,104308.986600000,104308.986600000,1.000000000,0.000000000,104308.986600000,0.000000000,6418.173400000,6.153039742,0.503351000,25090.884000000,47507.000000000,0.455444939,1.461538462,0.617788482,0.422697383,47507.000000000,-0.000000000,-0.000000000,energia_activa_punta_fuera,split_reported_total_mismatch,MT3,B_04.csv,measured,,,,critical_refrigeration,0.000000000,7.200000000,ok
4,HIPERMERCADOS TOTTUS ORIENTE SAC,2024,8,105872.621400000,18818.163000000,87054.458400000,18818.163000000,87054.458400000,105872.621400000,110599.890000000,18818.163000000,87054.458400000,105872.621397000,105872.621397000,0.000000000,1.000000000,0.000003000,105872.621397000,0.000000000,105872.621397000,105872.621397000,1.000000000,0.000003000,105872.621400000,-0.000000000,4727.268600000,4.465052945,0.507053000,25709.065200000,45456.500000000,0.429350850,1.461538462,0.579937370,0.396799253,45456.500000000,0.000000000,0.000000000,energia_activa_punta_fuera,split_reported_total_mismatch,MT3,B_04.csv,measured,,,,critical_refrigeration,0.000000000,7.200000000,ok
4,HIPERMERCADOS TOTTUS ORIENTE SAC,2024,9,104418.077400000,18836.344800000,85581.732600000,18836.344800000,85581.732600000,104418.077400000,117690.790000000,18836.344800000,85581.732600000,104418.077396000,104418.077396000,0.000000000,1.000000000,0.000004000,104418.077396000,0.000000000,104418.077396000,104418.077396000,1.000000000,0.000004000,104418.077400000,0.000000000,13272.712600000,12.711125248,0.539674000,26709.064200000,47267.000000000,0.452670660,1.461538462,0.610745773,0.417878687,47267.000000000,0.000000000,0.000000000,energia_activa_punta_fuera,split_reported_total_mismatch,MT3,B_04.csv,measured,,,,critical_refrigeration,0.000000000,7.200000000,ok
4,HIPERMERCADOS TOTTUS ORIENTE SAC,2024,10,113654.431800000,20145.434400000,93508.997400000,20145.434400000,93508.997400000,113654.431800000,115781.710000000,20145.434400000,93508.997400000,113654.431800000,113654.431800000,0.000000000,1.000000000,0.000002000,113654.431798000,0.000000000,113654.431800000,113654.431798000,1.000000000,0.000002000,113654.431800000,-0.000000000,2127.278200000,1.871707215,0.521125000,26963.609400000,45646.000000000,0.401620942,1.461538462,0.542595553,0.371249589,45646.000000000,0.000000000,0.000000000,energia_activa_punta_fuera,split_matches_reported_total,MT3,B_04.csv,measured,,,,critical_refrigeration,0.000000000,7.200000000,ok
4,HIPERMERCADOS TOTTUS ORIENTE SAC,2024,11,116108.974800000,20909.070000000,95199.904800000,20909.070000000,95199.904800000,116108.974800000,112781.710000000,20909.070000000,95199.904800000,116108.974799000,116108.974799000,0.000000000,1.000000000,0.000001000,116108.974799000,0.000000000,116108.974799000,116108.974799000,1.000000000,0.000001000,116108.974800000,0.000000000,-3327.264800000,-2.865639634,0.527943000,28981.789200000,51536.000000000,0.443858884,1.461538462,0.598936518,0.409798670,51536.000000000,0.000000000,0.000000000,energia_activa_punta_fuera,split_reported_total_mismatch,MT3,B_04.csv,measured,,,,critical_refrigeration,0.000000000,7.200000000,ok
4,HIPERMERCADOS TOTTUS ORIENTE SAC,2024,12,114127.158600000,20254.525200000,93872.633400000,20254.525200000,93872.633400000,114127.158600000,104308.980000000,20254.525200000,93872.633400000,114127.158598000,114127.158598000,0.000000000,1.000000000,0.000002000,114127.158598000,0.000000000,114127.158598000,114127.158598000,1.000000000,0.000002000,114127.158600000,-0.000000000,-9818.178600000,-8.602841533,0.520480000,28854.516600000,47405.500000000,0.415374400,1.461538462,0.561123600,0.383926674,47405.500000000,0.000000000,0.000000000,energia_activa_punta_fuera,split_reported_total_mismatch,MT3,B_04.csv,measured,,,,critical_refrigeration,0.000000000,7.200000000,ok
4,HIPERMERCADOS TOTTUS ORIENTE SAC,2025,1,114399.885600000,20254.525200000,94145.360400000,20254.525200000,94145.360400000,114399.885600000,105872.620000000,20254.525200000,94145.360400000,114399.885601000,114399.885601000,0.000000000,1.000000000,0.000002000,114399.885598000,0.000000000,114399.885601000,114399.885598000,1.000000000,0.000002000,114399.885600000,0.000000000,-8527.265600000,-7.453910950,0.541107000,27127.245600000,95692.000000000,0.836469368,1.461538462,1.130179023,0.773280384,95692.000000000,0.000000000,0.000000000,energia_activa_punta_fuera,split_reported_total_mismatch,MT3,B_04.csv,measured,,,,critical_refrigeration,0.000000000,7.200000000,ok
4,HIPERMERCADOS TOTTUS ORIENTE SAC,2025,2,117781.700400000,22127.250600000,95654.449800000,22127.250600000,95654.449800000,117781.700400000,104418.070000000,22127.250600000,95654.449800000,117781.700401000,117781.700401000,0.000000000,1.000000000,0.000001000,117781.700399000,0.000000000,117781.700401000,117781.700399000,1.000000000,0.000001000,117781.700400000,0.000000000,-13363.630400000,-11.346100756,0.617941000,27327.245400000,45037.000000000,0.382376887,1.461538462,0.514267582,0.351867293,45037.000000000,0.000000000,0.000000000,energia_activa_punta_fuera,split_reported_total_mismatch,MT3,B_04.csv,measured,,,,critical_refrigeration,0.000000000,7.200000000,ok
4,HIPERMERCADOS TOTTUS ORIENTE SAC,2025,3,101145.353400000,18854.526600000,82290.826800000,18854.526600000,82290.826800000,101145.353400000,113654.430000000,18854.526600000,82290.826800000,101145.353399000,101145.353399000,0.000000000,1.000000000,0.000001000,101145.353399000,0.000000000,101145.353399000,101145.353399000,1.000000000,0.000001000,101145.353400000,-0.000000000,12509.076600000,12.367425867,0.517854000,24854.520600000,50189.000000000,0.496206680,1.461538462,0.667772978,0.456897301,50189.000000000,0.000000000,0.000000000,energia_activa_punta_fuera,split_reported_total_mismatch,MT3,B_04.csv,measured,,,,critical_refrigeration,0.000000000,7.200000000,ok
4,HIPERMERCADOS TOTTUS ORIENTE SAC,2025,4,111872.615400000,20363.616000000,91508.999400000,20363.616000000,91508.999400000,111872.615400000,116108.970000000,20363.616000000,91508.999400000,111872.615403000,111872.615403000,0.000000000,1.000000000,0.000000000,111872.615400000,0.000000000,111872.615403000,111872.615400000,1.000000000,0.000000000,111872.615400000,0.000000000,4236.354600000,3.786766390,0.577031000,28781.789400000,50337.500000000,0.449953725,1.461538462,0.606658364,0.415082039,50337.500000000,0.000000000,0.000000000,energia_activa_punta_fuera,split_reported_total_mismatch,MT3,B_04.csv,measured,,,,critical_refrigeration,0.000000000,7.200000000,ok
4,HIPERMERCADOS TOTTUS ORIENTE SAC,2025,5,110199.889800000,19872.707400000,90327.182400000,19872.707400000,90327.182400000,110199.889800000,114127.160000000,19872.707400000,90327.182400000,110199.889797000,110199.889797000,0.000000000,1.000000000,0.000003000,110199.889797000,0.000000000,110199.889797000,110199.889797000,1.000000000,0.000003000,110199.889800000,0.000000000,3927.270200000,3.563769625,0.608241000,29054.516400000,100180.500000000,0.909079856,1.461538462,1.226567084,0.839230110,100180.500000000,0.000000000,0.000000000,energia_activa_punta_fuera,split_reported_total_mismatch,MT3,B_04.csv,measured,,,,critical_refrigeration,0.000000000,7.200000000,ok
4,HIPERMERCADOS TOTTUS ORIENTE SAC,2025,6,111963.524400000,21018.160800000,90945.363600000,21018.160800000,90945.363600000,111963.524400000,114399.890000000,21018.160800000,90945.363600000,111963.524401000,111963.524401000,0.000000000,1.000000000,0.000000000,111963.524400000,0.000000000,111963.524401000,111963.524400000,1.000000000,0.000000000,111963.524400000,0.000000000,2436.365600000,2.176035109,0.619317000,29890.879200000,50088.000000000,0.447359980,1.461538462,0.601701487,0.411690491,50088.000000000,0.000000000,0.000000000,energia_activa_punta_fuera,split_reported_total_mismatch,MT3,B_04.csv,measured,,,,critical_refrigeration,0.000000000,7.200000000,ok
4,HIPERMERCADOS TOTTUS ORIENTE SAC,2025,7,103581.714600000,19527.253200000,84054.461400000,19527.253200000,84054.461400000,103581.714600000,117781.700000000,19527.253200000,84054.461400000,103581.714603000,103581.714603000,0.000000000,1.000000000,0.000000000,103581.714600000,0.000000000,103581.714603000,103581.714600000,1.000000000,0.000000000,103581.714600000,0.000000000,14199.985400000,13.708969247,0.533546000,28745.425800000,49834.500000000,0.481112909,1.461538462,0.646880375,0.442602362,49834.500000000,0.000000000,0.000000000,energia_activa_punta_fuera,split_reported_total_mismatch,MT3,B_04.csv,measured,,,,critical_refrigeration,0.000000000,7.200000000,ok
4,HIPERMERCADOS TOTTUS ORIENTE SAC,2025,8,102908.988000000,18254.527200000,84654.460800000,18254.527200000,84654.460800000,102908.988000000,101145.360000000,18254.527200000,84654.460800000,102908.987999000,102908.987999000,0.000000000,1.000000000,0.000002000,102908.987998000,0.000000000,102908.987999000,102908.987998000,1.000000000,0.000002000,102908.988000000,0.000000000,-1763.628000000,-1.713774505,0.543269000,28018.153800000,46076.500000000,0.447740289,1.461538462,0.604868985,0.413857726,46076.500000000,0.000000000,0.000000000,energia_activa_punta_fuera,split_matches_reported_total,MT3,B_04.csv,measured,,,,critical_refrigeration,0.000000000,7.200000000,ok
4,HIPERMERCADOS TOTTUS ORIENTE SAC,2025,9,112145.342400000,20454.525000000,91690.817400000,20454.525000000,91690.817400000,112145.342400000,111872.620000000,20454.525000000,91690.817400000,112145.342402000,112145.342402000,0.000000000,1.000000000,0.000000000,112145.342400000,0.000000000,112145.342402000,112145.342400000,1.000000000,0.000000000,112145.342400000,0.000000000,-272.722400000,-0.243186560,0.524596000,26563.609800000,48552.500000000,0.432942635,1.461538462,0.583631413,0.399326756,48552.500000000,0.000000000,0.000000000,energia_activa_punta_fuera,split_matches_reported_total,MT3,B_04.csv,measured,,,,critical_refrigeration,0.000000000,7.200000000,ok
4,HIPERMERCADOS TOTTUS ORIENTE SAC,2025,10,107308.983600000,20599.979400000,86709.004200000,20599.979400000,86709.004200000,107308.983600000,110199.890000000,20599.979400000,86709.004200000,107308.983602000,107308.983602000,0.000000000,1.000000000,0.000000000,107308.983600000,0.000000000,107308.983602000,107308.983600000,1.000000000,0.000000000,107308.983600000,0.000000000,2890.906400000,2.694002220,0.520458000,25818.156000000,46543.500000000,0.433733490,1.461538462,0.582323717,0.398432017,46543.500000000,0.000000000,0.000000000,energia_activa_punta_fuera,split_reported_total_mismatch,MT3,B_04.csv,measured,,,,critical_refrigeration,0.000000000,7.200000000,ok
4,HIPERMERCADOS TOTTUS ORIENTE SAC,2025,11,115199.884800000,20254.525200000,94945.359600000,20254.525200000,94945.359600000,115199.884800000,111963.520000000,20254.525200000,94945.359600000,115199.884800000,115199.884800000,0.000000000,1.000000000,0.000001000,115199.884799000,0.000000000,115199.884800000,115199.884799000,1.000000000,0.000001000,115199.884800000,-0.000000000,-3236.364800000,-2.809347254,0.589022000,26681.791500000,49186.500000000,0.426966573,1.461538462,0.577190225,0.394919628,49186.500000000,0.000000000,0.000000000,energia_activa_punta_fuera,split_reported_total_mismatch,MT3,B_04.csv,measured,,,,critical_refrigeration,0.000000000,7.200000000,ok
4,HIPERMERCADOS TOTTUS ORIENTE SAC,2025,12,111618.070200000,18799.981200000,92818.089000000,18799.981200000,92818.089000000,111618.070200000,103581.710000000,18799.981200000,92818.089000000,111618.070202000,111618.070202000,0.000000000,1.000000000,0.000000000,111618.070200000,0.000000000,111618.070202000,111618.070200000,1.000000000,0.000000000,111618.070200000,0.000000000,-8036.360200000,-7.199873807,0.609463000,25372.701900000,52533.000000000,0.470649599,1.461538462,0.638256036,0.436701498,52533.000000000,0.000000000,0.000000000,energia_activa_punta_fuera,split_reported_total_mismatch,MT3,B_04.csv,measured,,,,critical_refrigeration,0.000000000,7.200000000,ok
5,HOTEL PLAZA S.A.,2023,1,74083.562300000,13452.713800000,60630.848500000,13452.713800000,60630.848500000,74083.562300000,74083.560000000,13452.713800000,60630.848500000,74083.562312000,74083.562312000,0.000000000,1.000000000,0.000026000,55187.666554000,18895.895720000,74083.562312000,74083.562274000,0.999999999,0.000026000,74083.562300000,-0.000000000,-0.002300000,-0.000003105,0.564787000,47738.134100000,42885.500000000,0.578880101,1.461538462,0.780630845,0.534115841,42885.500000000,0.000000000,0.000000000,energia_activa_punta_fuera,split_matches_reported_total,MT3,B_05.csv,measured,,,,critical_refrigeration,0.000000000,35.200000000,ok
5,HOTEL PLAZA S.A.,2023,2,72754.472700000,13325.441200000,59429.031500000,13325.441200000,59429.031500000,72754.472700000,72754.470000000,13325.441200000,59429.031500000,72754.472607000,72754.472607000,0.000000000,1.000000001,0.000093000,54652.713736000,18101.758871000,72754.472607000,72754.472607000,1.000000000,0.000093000,72754.472700000,-0.000000000,-0.002700000,-0.000003711,0.525296000,47183.589200000,84924.500000000,1.167275314,1.461538462,1.573042674,1.076292356,84924.500000000,0.000000000,0.000000000,energia_activa_punta_fuera,split_matches_reported_total,MT3,B_05.csv,measured,,,,critical_refrigeration,0.000000000,35.200000000,ok
5,HOTEL PLAZA S.A.,2023,3,68681.749500000,12845.441700000,55836.307800000,12845.441700000,55836.307800000,68681.749500000,68681.750000000,12845.441700000,55836.307800000,68681.749552000,68681.749552000,0.000000000,0.999999999,0.000013000,51635.345466000,17046.404021000,68681.749552000,68681.749487000,0.999999999,0.000013000,68681.749500000,0.000000000,0.000500000,0.000000728,0.491708000,44474.501000000,40573.500000000,0.590746454,1.461538462,0.794791596,0.543804777,40573.500000000,-0.000000000,-0.000000000,energia_activa_punta_fuera,split_matches_reported_total,MT3,B_05.csv,measured,,,,critical_refrigeration,0.000000000,35.200000000,ok
5,HOTEL PLAZA S.A.,2023,4,76094.469300000,14687.258000000,61407.211300000,14687.258000000,61407.211300000,76094.469300000,76094.470000000,14687.258000000,61407.211300000,76094.469303000,76094.469303000,0.000000000,1.000000000,0.000003000,57210.690193000,18883.779104000,76094.469303000,76094.469297000,1.000000000,0.000003000,76094.469300000,0.000000000,0.000700000,0.000000920,0.518997000,49647.223100000,43611.000000000,0.573116554,1.461538462,0.769116565,0.526237650,43611.000000000,0.000000000,0.000000000,energia_activa_punta_fuera,split_matches_reported_total,MT3,B_05.csv,measured,,,,critical_refrigeration,0.000000000,35.200000000,ok
5,HOTEL PLAZA S.A.,2023,5,71772.637300000,12307.242200000,59465.395100000,12307.242200000,59465.395100000,71772.637300000,71772.640000000,12307.242200000,59465.395100000,71772.637310000,71772.637310000,0.000000000,1.000000000,0.000005000,54237.055961000,17535.581334000,71772.637310000,71772.637295000,1.000000000,0.000005000,71772.637300000,0.000000000,0.002700000,0.000003762,0.513355000,46819.953200000,41405.000000000,0.576891160,1.461538462,0.781313517,0.534582933,41405.000000000,0.000000000,0.000000000,energia_activa_punta_fuera,split_matches_reported_total,MT3,B_05.csv,measured,,,,critical_refrigeration,0.000000000,35.200000000,ok
5,HOTEL PLAZA S.A.,2023,6,77796.304000000,14549.094500000,63247.209500000,14549.094500000,63247.209500000,77796.304000000,77796.300000000,14549.094500000,63247.209500000,77796.303928000,77796.303928000,0.000000000,1.000000001,0.000072000,57983.070823000,19813.233106000,77796.303928000,77796.303928000,1.000000000,0.000072000,77796.304000000,0.000000000,-0.004000000,-0.000005142,0.508799000,50643.585700000,83240.500000000,1.069980137,1.461538462,1.439561745,0.984963299,83240.500000000,0.000000000,0.000000000,energia_activa_punta_fuera,split_matches_reported_total,MT3,B_05.csv,measured,,,,critical_refrigeration,0.000000000,35.200000000,ok
5,HOTEL PLAZA S.A.,2023,7,66979.933000000,11247.261500000,55732.671500000,11247.261500000,55732.671500000,66979.933000000,66979.930000000,11247.261500000,55732.671500000,66979.933000000,66979.933000000,0.000000000,1.000000000,0.000003000,50598.778348000,16381.154649000,66979.933000000,66979.932997000,1.000000000,0.000003000,66979.933000000,0.000000000,-0.003000000,-0.000004479,0.485899000,44141.774000000,34417.500000000,0.513847931,1.461538462,0.696990705,0.476888377,34417.500000000,0.000000000,0.000000000,energia_activa_punta_fuera,split_matches_reported_total,MT3,B_05.csv,measured,,,,critical_refrigeration,0.000000000,35.200000000,ok
5,HOTEL PLAZA S.A.,2023,8,81219.918800000,14101.804100000,67118.114700000,14101.804100000,67118.114700000,81219.918800000,81219.910000000,14101.804100000,67118.114700000,81219.918783000,81219.918783000,0.000000000,1.000000000,0.000023000,61728.819475000,19491.099302000,81219.918783000,81219.918777000,1.000000000,0.000023000,81219.918800000,0.000000000,-0.008800000,-0.000010835,0.555941000,53154.492300000,41649.000000000,0.512792928,1.461538462,0.693864074,0.474749103,41649.000000000,0.000000000,0.000000000,energia_activa_punta_fuera,split_matches_reported_total,MT3,B_05.csv,measured,,,,critical_refrigeration,0.000000000,35.200000000,ok
5,HOTEL PLAZA S.A.,2023,9,83772.643500000,15754.529700000,68018.113800000,15754.529700000,68018.113800000,83772.643500000,83772.640000000,15754.529700000,68018.113800000,83772.643488000,83772.643488000,0.000000000,1.000000000,0.000017000,63910.472048000,19862.171434000,83772.643488000,83772.643483000,1.000000000,0.000017000,83772.643500000,0.000000000,-0.003500000,-0.000004178,0.564312000,54238.127600000,40084.500000000,0.478491526,1.461538462,0.643480746,0.440276300,40084.500000000,0.000000000,0.000000000,energia_activa_punta_fuera,split_matches_reported_total,MT3,B_05.csv,measured,,,,critical_refrigeration,0.000000000,35.200000000,ok
5,HOTEL PLAZA S.A.,2023,10,78970.830100000,15341.802800000,63629.027300000,15341.802800000,63629.027300000,78970.830100000,78970.830000000,15341.802800000,63629.027300000,78970.830136000,78970.830136000,0.000000000,1.000000000,0.000000000,60150.024841000,18820.805259000,78970.830136000,78970.830100000,0.999999998,0.000000000,78970.830100000,-0.000000000,-0.000100000,-0.000000127,0.516481000,50945.403600000,79640.000000000,1.008473634,1.461538462,1.352640032,0.925490548,79640.000000000,0.000000000,0.000000000,energia_activa_punta_fuera,split_matches_reported_total,MT3,B_05.csv,measured,,,,critical_refrigeration,0.000000000,35.200000000,ok
5,HOTEL PLAZA S.A.,2023,11,84356.261100000,15947.256800000,68409.004300000,15947.256800000,68409.004300000,84356.261100000,84356.260000000,15947.256800000,68409.004300000,84356.261163000,84356.261163000,0.000000000,0.999999999,0.000000000,64212.501739000,20143.759361000,84356.261163000,84356.261100000,0.999999999,0.000000000,84356.261100000,0.000000000,-0.001100000,-0.000001304,0.549351000,54865.399700000,42139.000000000,0.499536127,1.461538462,0.671501276,0.459448241,42139.000000000,0.000000000,0.000000000,energia_activa_punta_fuera,split_matches_reported_total,MT3,B_05.csv,measured,,,,critical_refrigeration,0.000000000,35.200000000,ok
5,HOTEL PLAZA S.A.,2023,12,86610.840700000,16221.802000000,70389.038700000,16221.802000000,70389.038700000,86610.840700000,86610.840000000,16221.802000000,70389.038700000,86610.840606000,86610.840606000,0.000000000,1.000000001,0.000096000,65882.059554000,20728.781050000,86610.840606000,86610.840604000,1.000000000,0.000096000,86610.840700000,0.000000000,-0.000700000,-0.000000808,0.563553000,55250.853800000,39802.000000000,0.459549863,1.461538462,0.618209327,0.422985329,39802.000000000,0.000000000,0.000000000,energia_activa_punta_fuera,split_matches_reported_total,MT3,B_05.csv,measured,,,,critical_refrigeration,0.000000000,35.200000000,ok
5,HOTEL PLAZA S.A.,2024,1,85350.823700000,14805.439700000,70545.384000000,14805.439700000,70545.384000000,85350.823700000,85350.820000000,14805.439700000,70545.384000000,85350.823761000,85350.823761000,0.000000000,0.999999999,0.000022000,65008.373144000,20342.450534000,85350.823761000,85350.823678000,0.999999999,0.000022000,85350.823700000,0.000000000,-0.003700000,-0.000004335,0.600908000,56363.580000000,39825.000000000,0.466603581,1.461538462,0.631407878,0.432015917,39825.000000000,0.000000000,0.000000000,energia_activa_punta_fuera,split_matches_reported_total,MT3,B_05.csv,measured,,,,critical_refrigeration,0.000000000,35.200000000,ok
5,HOTEL PLAZA S.A.,2024,2,82018.099800000,15141.803000000,66876.296800000,15141.803000000,66876.296800000,82018.099800000,82018.100000000,15141.803000000,66876.296800000,82018.099737000,82018.099737000,0.000000000,1.000000001,0.000063000,62599.170402000,19418.929335000,82018.099737000,82018.099737000,1.000000000,0.000063000,82018.099800000,0.000000000,0.000200000,0.000000244,0.652633000,53358.128500000,36687.500000000,0.447309802,1.461538462,0.602429232,0.412188422,36687.500000000,0.000000000,0.000000000,energia_activa_punta_fuera,split_matches_reported_total,MT3,B_05.csv,measured,,,,critical_refrigeration,0.000000000,35.200000000,ok
5,HOTEL PLAZA S.A.,2024,3,78661.739500000,15096.348500000,63565.391000000,15096.348500000,63565.391000000,78661.739500000,78661.740000000,15096.348500000,63565.391000000,78661.739500000,78661.739500000,0.000000000,1.000000000,0.000009000,60202.744014000,18458.995477000,78661.739500000,78661.739491000,1.000000000,0.000009000,78661.739500000,0.000000000,0.000500000,0.000000636,0.709432000,51156.312500000,32221.000000000,0.409614639,1.461538462,0.549954736,0.376284819,32221.000000000,0.000000000,0.000000000,energia_activa_punta_fuera,split_matches_reported_total,MT3,B_05.csv,measured,,,,critical_refrigeration,0.000000000,35.200000000,ok
5,HOTEL PLAZA S.A.,2024,4,84939.915100000,14458.167400000,70481.747700000,14458.167400000,70481.747700000,84939.915100000,84939.920000000,14458.167400000,70481.747700000,84939.915164000,84939.915164000,0.000000000,0.999999999,0.000000000,64832.658221000,20107.256879000,84939.915164000,84939.915100000,0.999999999,0.000000000,84939.915100000,-0.000000000,0.004900000,0.000005769,0.569164000,57081.761100000,35122.500000000,0.413498176,1.461538462,0.560323666,0.383379350,35122.500000000,0.000000000,0.000000000,energia_activa_punta_fuera,split_matches_reported_total,MT3,B_05.csv,measured,,,,critical_refrigeration,0.000000000,35.200000000,ok
5,HOTEL PLAZA S.A.,2024,5,77545.377000000,14567.258200000,62978.118800000,14567.258200000,62978.118800000,77545.377000000,77545.380000000,14567.258200000,62978.118800000,77545.376945000,77545.376945000,0.000000000,1.000000001,0.000055000,58781.535782000,18763.841164000,77545.376945000,77545.376945000,1.000000000,0.000055000,77545.377000000,0.000000000,0.003000000,0.000003869,0.613210000,51547.221200000,31488.000000000,0.406059023,1.461538462,0.546121020,0.373661750,31488.000000000,0.000000000,0.000000000,energia_activa_punta_fuera,split_matches_reported_total,MT3,B_05.csv,measured,,,,critical_refrigeration,0.000000000,35.200000000,ok
5,HOTEL PLAZA S.A.,2024,6,79969.011000000,14758.167100000,65210.843900000,14758.167100000,65210.843900000,79969.011000000,79969.010000000,14758.167100000,65210.843900000,79969.011008000,79969.011008000,0.000000000,1.000000000,0.000006000,60537.494821000,19431.516173000,79969.011008000,79969.010994000,0.999999999,0.000006000,79969.011000000,0.000000000,-0.001000000,-0.000001250,0.620807000,52532.656600000,68157.000000000,0.852292646,1.461538462,1.147885852,0.785395583,68157.000000000,0.000000000,0.000000000,energia_activa_punta_fuera,split_matches_reported_total,MT3,B_05.csv,measured,,,,critical_refrigeration,0.000000000,35.200000000,ok
5,HOTEL PLAZA S.A.,2024,7,76565.378000000,13221.805000000,63343.573000000,13221.805000000,63343.573000000,76565.378000000,76565.380000000,13221.805000000,63343.573000000,76565.377980000,76565.377980000,0.000000000,1.000000000,0.000020000,57597.266766000,18968.111214000,76565.377980000,76565.377980000,1.000000000,0.000020000,76565.378000000,0.000000000,0.002000000,0.000002612,0.601723000,49379.968800000,34296.500000000,0.447937448,1.461538462,0.606350773,0.414871582,34296.500000000,0.000000000,0.000000000,energia_activa_punta_fuera,split_matches_reported_total,MT3,B_05.csv,measured,,,,critical_refrigeration,0.000000000,35.200000000,ok
5,HOTEL PLAZA S.A.,2024,8,73732.653500000,13998.167800000,59734.485700000,13998.167800000,59734.485700000,73732.653500000,73732.660000000,13998.167800000,59734.485700000,73732.653522000,73732.653522000,0.000000000,1.000000000,0.000000000,56028.051014000,17704.602486000,73732.653522000,73732.653500000,0.999999999,0.000000000,73732.653500000,0.000000000,0.006500000,0.000008816,0.577086000,47074.498400000,33482.000000000,0.454100028,1.461538462,0.610215598,0.417515935,33482.000000000,0.000000000,0.000000000,energia_activa_punta_fuera,split_matches_reported_total,MT3,B_05.csv,measured,,,,critical_refrigeration,0.000000000,35.200000000,ok
5,HOTEL PLAZA S.A.,2024,9,81350.827800000,15403.621000000,65947.206800000,15403.621000000,65947.206800000,81350.827800000,81350.830000000,15403.621000000,65947.206800000,81350.827866000,81350.827866000,0.000000000,0.999999999,0.000001000,62161.165038000,19189.662761000,81350.827866000,81350.827799000,0.999999999,0.000001000,81350.827800000,0.000000000,0.002200000,0.000002704,0.618338000,50889.040000000,36103.500000000,0.443800032,1.461538462,0.596501692,0.408132737,36103.500000000,0.000000000,0.000000000,energia_activa_punta_fuera,split_matches_reported_total,MT3,B_05.csv,measured,,,,critical_refrigeration,0.000000000,35.200000000,ok
5,HOTEL PLAZA S.A.,2024,10,83501.734700000,15489.075400000,68012.659300000,15489.075400000,68012.659300000,83501.734700000,83501.740000000,15489.075400000,68012.659300000,83501.734718000,83501.734718000,0.000000000,1.000000000,0.000000000,63617.772255000,19883.962445000,83501.734718000,83501.734700000,0.999999999,0.000000000,83501.734700000,0.000000000,0.005300000,0.000006347,0.602323000,51894.493600000,36444.000000000,0.436446023,1.461538462,0.587578501,0.402027396,36444.000000000,0.000000000,0.000000000,energia_activa_punta_fuera,split_matches_reported_total,MT3,B_05.csv,measured,,,,critical_refrigeration,0.000000000,35.200000000,ok
5,HOTEL PLAZA S.A.,2024,11,84127.188600000,15712.711600000,68414.477000000,15712.711600000,68414.477000000,84127.188600000,84127.190000000,15712.711600000,68414.477000000,84127.188656000,84127.188656000,0.000000000,0.999999999,0.000025000,63904.837441000,20222.351134000,84127.188656000,84127.188575000,0.999999999,0.000025000,84127.188600000,0.000000000,0.001400000,0.000001664,0.581573000,52423.583900000,36555.500000000,0.434526585,1.461538462,0.584676423,0.400041763,36555.500000000,0.000000000,0.000000000,energia_activa_punta_fuera,split_matches_reported_total,MT3,B_05.csv,measured,,,,critical_refrigeration,0.000000000,35.200000000,ok
5,HOTEL PLAZA S.A.,2024,12,77556.286100000,14245.440300000,63310.845800000,14245.440300000,63310.845800000,77556.286100000,77556.290000000,14245.440300000,63310.845800000,77556.286167000,77556.286167000,0.000000000,0.999999999,0.000000000,58787.889010000,18768.397090000,77556.286167000,77556.286100000,0.999999999,0.000000000,77556.286100000,0.000000000,0.003900000,0.000005029,0.626925000,47845.406700000,33729.000000000,0.434897050,1.461538462,0.585945364,0.400909986,33729.000000000,0.000000000,0.000000000,energia_activa_punta_fuera,split_matches_reported_total,MT3,B_05.csv,measured,,,,critical_refrigeration,0.000000000,35.200000000,ok
5,HOTEL PLAZA S.A.,2025,1,75565.379000000,13736.349900000,61829.029100000,13736.349900000,61829.029100000,75565.379000000,75565.380000000,13736.349900000,61829.029100000,75565.378970000,75565.378970000,0.000000000,1.000000000,0.000030000,57012.181640000,18553.197331000,75565.378970000,75565.378970000,1.000000000,0.000030000,75565.379000000,0.000000000,0.001000000,0.000001323,0.734397000,47419.952600000,32515.500000000,0.430296260,1.461538462,0.580215112,0.396989287,32515.500000000,0.000000000,0.000000000,energia_activa_punta_fuera,split_matches_reported_total,MT3,B_05.csv,measured,,,,critical_refrigeration,0.000000000,35.200000000,ok
5,HOTEL PLAZA S.A.,2025,2,77865.376700000,14379.985600000,63485.391100000,14379.985600000,63485.391100000,77865.376700000,77865.380000000,14379.985600000,63485.391100000,77865.376684000,77865.376684000,0.000000000,1.000000000,0.000025000,58781.943440000,19083.433235000,77865.376684000,77865.376675000,0.999999999,0.000025000,77865.376700000,0.000000000,0.003300000,0.000004238,0.647936000,47961.770200000,33814.500000000,0.434268752,1.461538462,0.584850310,0.400160738,33814.500000000,0.000000000,0.000000000,energia_activa_punta_fuera,split_matches_reported_total,MT3,B_05.csv,measured,,,,critical_refrigeration,0.000000000,35.200000000,ok
5,HOTEL PLAZA S.A.,2025,3,70241.747900000,13616.350000000,56625.397900000,13616.350000000,56625.397900000,70241.747900000,70241.750000000,13616.350000000,56625.397900000,70241.747872000,70241.747872000,0.000000000,1.000000000,0.000028000,53149.262591000,17092.485281000,70241.747872000,70241.747872000,1.000000000,0.000028000,70241.747900000,0.000000000,0.002100000,0.000002990,0.642598000,43427.229300000,31761.000000000,0.452166994,1.461538462,0.606588498,0.415034235,31761.000000000,0.000000000,0.000000000,energia_activa_punta_fuera,split_matches_reported_total,MT3,B_05.csv,measured,,,,critical_refrigeration,0.000000000,35.200000000,ok
5,HOTEL PLAZA S.A.,2025,4,83092.644200000,15681.802500000,67410.841700000,15681.802500000,67410.841700000,83092.644200000,83092.640000000,15681.802500000,67410.841700000,83092.644249000,83092.644249000,0.000000000,0.999999999,0.000006000,62645.305937000,20447.338257000,83092.644249000,83092.644194000,0.999999999,0.000006000,83092.644200000,-0.000000000,-0.004200000,-0.000005055,0.695220000,53919.946100000,35567.000000000,0.428040296,1.461538462,0.575471147,0.393743417,35567.000000000,0.000000000,0.000000000,energia_activa_punta_fuera,split_matches_reported_total,MT3,B_05.csv,measured,,,,critical_refrigeration,0.000000000,35.200000000,ok
5,HOTEL PLAZA S.A.,2025,5,78790.830300000,13434.532000000,65356.298300000,13434.532000000,65356.298300000,78790.830300000,78790.830000000,13434.532000000,65356.298300000,78790.830344000,78790.830344000,0.000000000,0.999999999,0.000000000,59394.901956000,19395.928344000,78790.830344000,78790.830300000,0.999999999,0.000000000,78790.830300000,0.000000000,-0.000300000,-0.000000381,0.611661000,48185.406400000,33586.000000000,0.426267878,1.461538462,0.577555379,0.395169470,33586.000000000,-0.000000000,-0.000000000,energia_activa_punta_fuera,split_matches_reported_total,MT3,B_05.csv,measured,,,,critical_refrigeration,0.000000000,35.200000000,ok
5,HOTEL PLAZA S.A.,2025,6,79532.647800000,14476.349200000,65056.298600000,14476.349200000,65056.298600000,79532.647800000,79532.650000000,14476.349200000,65056.298600000,79532.647816000,79532.647816000,0.000000000,1.000000000,0.000016000,59720.879145000,19811.768639000,79532.647816000,79532.647784000,1.000000000,0.000016000,79532.647800000,0.000000000,0.002200000,0.000002766,0.666895000,48854.496600000,35079.000000000,0.441064154,1.461538462,0.594674694,0.406882685,35079.000000000,0.000000000,0.000000000,energia_activa_punta_fuera,split_matches_reported_total,MT3,B_05.csv,measured,,,,critical_refrigeration,0.000000000,35.200000000,ok
5,HOTEL PLAZA S.A.,2025,7,77085.377400000,13998.167800000,63087.209600000,13998.167800000,63087.209600000,77085.377400000,77085.380000000,13998.167800000,63087.209600000,77085.377297000,77085.377297000,0.000000000,1.000000001,0.000114000,57528.971161000,19556.406125000,77085.377297000,77085.377286000,0.999999999,0.000114000,77085.377400000,0.000000000,0.002600000,0.000003373,0.572808000,48338.133500000,39396.500000000,0.511076177,1.461538462,0.689194595,0.471554196,39396.500000000,0.000000000,0.000000000,energia_activa_punta_fuera,split_matches_reported_total,MT3,B_05.csv,measured,,,,critical_refrigeration,0.000000000,35.200000000,ok
5,HOTEL PLAZA S.A.,2025,8,82901.735200000,14523.621800000,68378.113400000,14523.621800000,68378.113400000,82901.735200000,82901.730000000,14523.621800000,68378.113400000,82901.735150000,82901.735150000,0.000000000,1.000000001,0.000065000,62573.229626000,20328.505509000,82901.735150000,82901.735135000,0.999999999,0.000065000,82901.735200000,0.000000000,-0.005200000,-0.000006272,0.588001000,52585.402000000,41944.000000000,0.505948397,1.461538462,0.684144933,0.468099164,41944.000000000,0.000000000,0.000000000,energia_activa_punta_fuera,split_matches_reported_total,MT3,B_05.csv,measured,,,,critical_refrigeration,0.000000000,35.200000000,ok
5,HOTEL PLAZA S.A.,2025,9,83149.007800000,14590.894500000,68558.113300000,14590.894500000,68558.113300000,83149.007800000,83149.000000000,14590.894500000,68558.113300000,83149.007807000,83149.007807000,0.000000000,1.000000000,0.000017000,62763.190941000,20385.816841000,83149.007807000,83149.007783000,1.000000000,0.000017000,83149.007800000,0.000000000,-0.007800000,-0.000009381,0.522340000,50992.676300000,42723.500000000,0.513818518,1.461538462,0.694701480,0.475322065,42723.500000000,0.000000000,0.000000000,energia_activa_punta_fuera,split_matches_reported_total,MT3,B_05.csv,measured,,,,critical_refrigeration,0.000000000,35.200000000,ok
5,HOTEL PLAZA S.A.,2025,10,76969.013900000,14590.894500000,62378.119400000,14590.894500000,62378.119400000,76969.013900000,76969.010000000,14590.894500000,62378.119400000,76969.013903000,76969.013903000,0.000000000,1.000000000,0.000016000,58266.407099000,18702.606785000,76969.013903000,76969.013884000,0.999999999,0.000016000,76969.013900000,0.000000000,-0.003900000,-0.000005067,0.546429000,47534.497900000,38706.000000000,0.502877691,1.461538462,0.675843438,0.462419194,38706.000000000,-0.000000000,-0.000000000,energia_activa_punta_fuera,split_matches_reported_total,MT3,B_05.csv,measured,,,,critical_refrigeration,0.000000000,35.200000000,ok
5,HOTEL PLAZA S.A.,2025,11,81578.100300000,14412.712900000,67165.387400000,14412.712900000,67165.387400000,81578.100300000,81578.100000000,14412.712900000,67165.387400000,81578.100338000,81578.100338000,0.000000000,1.000000000,0.000000000,61923.433581000,19654.666719000,81578.100338000,81578.100300000,0.999999998,0.000000000,81578.100300000,0.000000000,-0.000300000,-0.000000368,0.618221000,50823.585500000,39848.500000000,0.488470556,1.461538462,0.660093337,0.451642809,39848.500000000,0.000000000,0.000000000,energia_activa_punta_fuera,split_matches_reported_total,MT3,B_05.csv,measured,,,,critical_refrigeration,0.000000000,35.200000000,ok
5,HOTEL PLAZA S.A.,2025,12,80883.555500000,13903.622500000,66979.933000000,13903.622500000,66979.933000000,80883.555500000,80883.550000000,13903.622500000,66979.933000000,80883.555475000,80883.555475000,0.000000000,1.000000000,0.000025000,61250.704331000,19632.851144000,80883.555475000,80883.555475000,1.000000000,0.000025000,80883.555500000,0.000000000,-0.005500000,-0.000006800,0.598702000,49972.677300000,39456.500000000,0.487818565,1.461538462,0.660558855,0.451961322,39456.500000000,0.000000000,0.000000000,energia_activa_punta_fuera,split_matches_reported_total,MT3,B_05.csv,measured,,,,critical_refrigeration,0.000000000,35.200000000,ok
6,MALL AVENTURA S.A.,2023,1,823373.015393000,181412.913414000,641960.101979000,181412.913414000,641960.101979000,823373.015393000,823373.015393000,181412.913414000,641960.101979000,823373.015396000,823373.015396000,0.000000000,1.000000000,0.000000000,823373.015393000,0.000000000,823373.015396000,823373.015393000,1.000000000,0.000000000,823373.015393000,0.000000000,0.000000000,0.000000000,0.559359500,116149.876602000,357043.992151000,0.433635771,1.461538462,0.575275434,0.393609508,357043.992151000,0.000000000,0.000000000,forecast_from_monthly_active_energy,forecast,MT3,forecast,forecast,calendar_month_mean_overlap_scaled,0.771543327,"ref_years=2024,2025;overlap=2023-09,2023-10,2023-11,2023-12",controlled_cooling,216.000000000,0.000000000,ok
6,MALL AVENTURA S.A.,2023,2,821986.050531000,191981.951576000,630004.098955000,191981.951576000,630004.098955000,821986.050531000,821986.050531000,191981.951576000,630004.098955000,821986.050451000,821862.151327000,123.899124000,1.000000000,123.899204000,821862.151327000,0.000000000,821862.151327000,821862.151327000,1.000000000,123.899204000,821986.050531000,0.000000000,0.000000000,0.000000000,0.549194500,117603.431258000,338938.556948000,0.412341008,1.461538462,0.544009980,0.372217355,338938.556948000,0.000000000,0.000000000,forecast_from_monthly_active_energy,forecast,MT3,forecast,forecast,calendar_month_mean_overlap_scaled,0.771543327,"ref_years=2024,2025;overlap=2023-09,2023-10,2023-11,2023-12",controlled_cooling,216.000000000,0.000000000,ok
6,MALL AVENTURA S.A.,2023,3,763198.175563000,178485.558247000,584712.617316000,178485.558247000,584712.617316000,763198.175563000,763198.175563000,178485.558247000,584712.617316000,763198.175561000,763198.175561000,0.000000000,1.000000000,0.000003000,763198.175559000,0.000000000,763198.175561000,763198.175559000,1.000000000,0.000003000,763198.175563000,-0.000000000,0.000000000,0.000000000,0.523028000,112125.006548000,321615.798299000,0.421405355,1.461538462,0.555897742,0.380351087,321615.798299000,0.000000000,0.000000000,forecast_from_monthly_active_energy,forecast,MT3,forecast,forecast,calendar_month_mean_overlap_scaled,0.771543327,"ref_years=2024,2025;overlap=2023-09,2023-10,2023-11,2023-12",controlled_cooling,216.000000000,0.000000000,ok
6,MALL AVENTURA S.A.,2023,4,787504.513913000,176218.410691000,611286.103222000,176218.410691000,611286.103222000,787504.513913000,787504.513913000,176218.410691000,611286.103222000,787504.513912000,787504.513912000,0.000000000,1.000000000,0.000002000,787504.513911000,0.000000000,787504.513912000,787504.513911000,1.000000000,0.000002000,787504.513913000,0.000000000,0.000000000,0.000000000,0.561818500,103418.236669000,323040.359435000,0.410207629,1.461538462,0.543411947,0.371808174,323040.359435000,0.000000000,0.000000000,forecast_from_monthly_active_energy,forecast,MT3,forecast,forecast,calendar_month_mean_overlap_scaled,0.771543327,"ref_years=2024,2025;overlap=2023-09,2023-10,2023-11,2023-12",controlled_cooling,216.000000000,0.000000000,ok
6,MALL AVENTURA S.A.,2023,5,769572.913425000,177445.545516000,592127.367909000,177445.545516000,592127.367909000,769572.913425000,769572.913425000,177445.545516000,592127.367909000,769572.913427000,769572.913427000,0.000000000,1.000000000,0.000001000,769572.913424000,0.000000000,769572.913427000,769572.913424000,1.000000000,0.000001000,769572.913425000,0.000000000,0.000000000,0.000000000,0.541687500,110337.101537000,311990.437144000,0.405407248,1.461538462,0.535527458,0.366413524,311990.437144000,-0.000000000,-0.000000000,forecast_from_monthly_active_energy,forecast,MT3,forecast,forecast,calendar_month_mean_overlap_scaled,0.771543327,"ref_years=2024,2025;overlap=2023-09,2023-10,2023-11,2023-12",controlled_cooling,216.000000000,0.000000000,ok
6,MALL AVENTURA S.A.,2023,6,779974.266472000,183209.547948000,596764.718524000,183209.547948000,596764.718524000,779974.266472000,779974.266472000,183209.547948000,596764.718524000,779974.266470000,779974.266470000,0.000000000,1.000000000,0.000002000,779974.266470000,0.000000000,779974.266470000,779974.266470000,1.000000000,0.000002000,779974.266472000,0.000000000,0.000000000,0.000000000,0.565329000,120277.201506000,345273.046044000,0.442672356,1.461538462,0.583702550,0.399375429,345273.046044000,0.000000000,0.000000000,forecast_from_monthly_active_energy,forecast,MT3,forecast,forecast,calendar_month_mean_overlap_scaled,0.771543327,"ref_years=2024,2025;overlap=2023-09,2023-10,2023-11,2023-12",controlled_cooling,216.000000000,0.000000000,ok
6,MALL AVENTURA S.A.,2023,7,735033.297919000,171668.835609000,563364.462310000,171668.835609000,563364.462310000,735033.297919000,735033.297919000,171668.835609000,563364.462310000,735033.297917000,735033.297917000,0.000000000,1.000000000,0.000002000,735033.297917000,0.000000000,735033.297917000,735033.297917000,1.000000000,0.000002000,735033.297919000,0.000000000,0.000000000,0.000000000,0.536561500,102513.817706000,344159.331081000,0.468222776,1.461538462,0.617737539,0.422662527,344159.331081000,-0.000000000,-0.000000000,forecast_from_monthly_active_energy,forecast,MT3,forecast,forecast,calendar_month_mean_overlap_scaled,0.771543327,"ref_years=2024,2025;overlap=2023-09,2023-10,2023-11,2023-12",controlled_cooling,216.000000000,0.000000000,ok
6,MALL AVENTURA S.A.,2023,8,763885.474074000,173803.322007000,590082.152067000,173803.322007000,590082.152067000,763885.474074000,763885.474074000,173803.322007000,590082.152067000,763885.474072000,763885.474072000,0.000000000,1.000000000,0.000002000,763885.474072000,0.000000000,763885.474072000,763885.474072000,1.000000000,0.000002000,763885.474074000,-0.000000000,0.000000000,0.000000000,0.556660500,103050.707991000,352133.863769000,0.460977301,1.461538462,0.609709427,0.417169608,352133.863769000,0.000000000,0.000000000,forecast_from_monthly_active_energy,forecast,MT3,forecast,forecast,calendar_month_mean_overlap_scaled,0.771543327,"ref_years=2024,2025;overlap=2023-09,2023-10,2023-11,2023-12",controlled_cooling,216.000000000,0.000000000,ok
6,MALL AVENTURA S.A.,2023,9,260895.120000000,47815.200000000,213079.920000000,47815.200000000,213079.920000000,260895.120000000,260895.120000000,47815.200000000,213079.920000000,260895.120002000,260895.120002000,0.000000000,1.000000000,0.000000000,260895.120000000,0.000000000,260895.120002000,260895.120000000,1.000000000,0.000000000,260895.120000000,0.000000000,0.000000000,0.000000000,0.191103000,17175.000000000,170003.500000000,0.651616251,1.461538462,0.878086754,0.600796200,170003.500000000,0.000000000,0.000000000,energia_activa_punta_fuera,split_matches_reported_total,MT3,B_06.csv,measured,,,,controlled_cooling,216.000000000,0.000000000,ok
6,MALL AVENTURA S.A.,2023,10,926790.480000000,190573.800000000,736216.680000000,190573.800000000,736216.680000000,926790.480000000,926790.480000000,190573.800000000,736216.680000000,926790.479999000,926790.479999000,0.000000000,1.000000000,0.000001000,926790.479999000,0.000000000,926790.479999000,926790.479999000,1.000000000,0.000001000,926790.480000000,0.000000000,0.000000000,0.000000000,0.612309000,131354.400000000,417936.000000000,0.450949820,1.461538462,0.601952177,0.411862016,417936.000000000,0.000000000,0.000000000,energia_activa_punta_fuera,split_matches_reported_total,MT3,B_06.csv,measured,,,,controlled_cooling,216.000000000,0.000000000,ok
6,MALL AVENTURA S.A.,2023,11,1046438.400000000,223275.000000000,823163.400000000,223275.000000000,823163.400000000,1046438.400000000,1046438.400000000,223275.000000000,823163.400000000,1046438.399946000,936463.605770000,109974.794176000,1.000000000,109974.794230000,936463.605770000,0.000000000,936463.605770000,936463.605770000,1.000000000,109974.794230000,1046438.400000000,0.000000000,0.000000000,0.000000000,0.614987000,156498.600000000,487653.000000000,0.466012142,1.461538462,0.620035500,0.424234816,487653.000000000,0.000000000,0.000000000,energia_activa_punta_fuera,split_matches_reported_total,MT3,B_06.csv,measured,,,,controlled_cooling,216.000000000,0.000000000,ok
6,MALL AVENTURA S.A.,2023,12,1008516.000000000,225336.000000000,783180.000000000,225336.000000000,783180.000000000,1008516.000000000,1008516.000000000,225336.000000000,783180.000000000,1008515.999817000,950896.003769000,57619.996048000,1.000000000,57619.996232000,950896.003768000,0.000000000,950896.003769000,950896.003768000,1.000000000,57619.996232000,1008516.000000000,0.000000000,0.000000000,0.000000000,0.566358000,148392.000000000,444444.500000000,0.440691571,1.461538462,0.583876557,0.399494487,444444.500000000,0.000000000,0.000000000,energia_activa_punta_fuera,split_matches_reported_total,MT3,B_06.csv,measured,,,,controlled_cooling,216.000000000,0.000000000,ok
6,MALL AVENTURA S.A.,2024,1,1044240.000000000,219840.000000000,824400.000000000,219840.000000000,824400.000000000,1044240.000000000,1044240.000000000,219840.000000000,824400.000000000,1044239.999976000,951334.187969000,92905.812007000,1.000000000,92905.812032000,951334.187968000,0.000000000,951334.187969000,951334.187968000,1.000000000,92905.812032000,1044240.000000000,0.000000000,0.000000000,0.000000000,0.555555000,137400.000000000,469640.500000000,0.449743833,1.461538462,0.599105253,0.409914121,469640.500000000,-0.000000000,-0.000000000,energia_activa_punta_fuera,split_matches_reported_total,MT3,B_06.csv,measured,,,,controlled_cooling,216.000000000,0.000000000,ok
6,MALL AVENTURA S.A.,2024,2,1071720.000000000,247320.000000000,824400.000000000,247320.000000000,824400.000000000,1071720.000000000,1071720.000000000,247320.000000000,824400.000000000,1071720.000030000,937665.101757000,134054.898273000,1.000000000,134054.898244000,937665.101756000,0.000000000,937665.101757000,937665.101756000,1.000000000,134054.898244000,1071720.000000000,0.000000000,0.000000000,0.000000000,0.570175000,151140.000000000,429247.000000000,0.400521591,1.461538462,0.529031193,0.361968711,429247.000000000,0.000000000,0.000000000,energia_activa_punta_fuera,split_matches_reported_total,MT3,B_06.csv,measured,,,,controlled_cooling,216.000000000,0.000000000,ok
6,MALL AVENTURA S.A.,2024,3,1030843.500000000,237963.060000000,792880.440000000,237963.060000000,792880.440000000,1030843.500000000,1030843.500000000,237963.060000000,792880.440000000,1030843.499934000,982223.291581000,48620.208353000,1.000000000,48620.208420000,982223.291580000,0.000000000,982223.291581000,982223.291580000,1.000000000,48620.208420000,1030843.500000000,0.000000000,0.000000000,0.000000000,0.523625000,161307.600000000,414363.500000000,0.401965478,1.461538462,0.530922010,0.363262428,414363.500000000,0.000000000,0.000000000,energia_activa_punta_fuera,split_matches_reported_total,MT3,B_06.csv,measured,,,,controlled_cooling,216.000000000,0.000000000,ok
6,MALL AVENTURA S.A.,2024,4,1009230.480000000,215305.800000000,793924.680000000,215305.800000000,793924.680000000,1009230.480000000,1009230.480000000,215305.800000000,793924.680000000,1009230.480051000,928530.840315000,80699.639736000,1.000000000,80699.639686000,928530.840314000,0.000000000,928530.840315000,928530.840314000,1.000000000,80699.639686000,1009230.480000000,0.000000000,0.000000000,0.000000000,0.528583000,126902.640000000,402717.500000000,0.399034223,1.461538462,0.530927158,0.363265950,402717.500000000,0.000000000,0.000000000,energia_activa_punta_fuera,split_matches_reported_total,MT3,B_06.csv,measured,,,,controlled_cooling,216.000000000,0.000000000,ok
6,MALL AVENTURA S.A.,2024,5,1000423.140000000,237331.020000000,763092.120000000,237331.020000000,763092.120000000,1000423.140000000,1000423.140000000,237331.020000000,763092.120000000,1000423.139831000,953519.117113000,46904.022718000,1.000000000,46904.022887000,953519.117113000,0.000000000,953519.117113000,953519.117113000,1.000000000,46904.022887000,1000423.140000000,0.000000000,0.000000000,0.000000000,0.535060000,145712.700000000,391584.000000000,0.391418375,1.461538462,0.515617501,0.352790922,391584.000000000,0.000000000,0.000000000,energia_activa_punta_fuera,split_matches_reported_total,MT3,B_06.csv,measured,,,,controlled_cooling,216.000000000,0.000000000,ok
6,MALL AVENTURA S.A.,2024,6,990021.960000000,230886.960000000,759135.000000000,230886.960000000,759135.000000000,990021.960000000,990021.960000000,230886.960000000,759135.000000000,990021.959931000,922479.584556000,67542.375375000,1.000000000,67542.375444000,922479.584556000,0.000000000,922479.584556000,922479.584556000,1.000000000,67542.375444000,990021.960000000,0.000000000,0.000000000,0.000000000,0.538037000,160799.220000000,447293.500000000,0.451801594,1.461538462,0.596156751,0.407896725,447293.500000000,0.000000000,0.000000000,energia_activa_punta_fuera,split_matches_reported_total,MT3,B_06.csv,measured,,,,controlled_cooling,216.000000000,0.000000000,ok
6,MALL AVENTURA S.A.,2024,7,938144.300000000,212754.740000000,725389.560000000,212754.740000000,725389.560000000,938144.300000000,938144.300000000,212754.740000000,725389.560000000,938144.299876000,916391.086160000,21753.213716000,1.000000000,21753.213840000,916391.086160000,0.000000000,916391.086160000,916391.086160000,1.000000000,21753.213840000,938144.300000000,-0.000000000,0.000000000,0.000000000,0.539835000,130868.920000000,411610.500000000,0.438749668,1.461538462,0.580490260,0.397177546,411610.500000000,0.000000000,0.000000000,energia_activa_punta_fuera,split_matches_reported_total,MT3,B_06.csv,measured,,,,controlled_cooling,216.000000000,0.000000000,ok
6,MALL AVENTURA S.A.,2024,8,1004632.160000000,235073.080000000,769559.080000000,235073.080000000,769559.080000000,1004632.160000000,1004632.160000000,235073.080000000,769559.080000000,1004632.160063000,971572.918184000,33059.241879000,1.000000000,33059.241816000,971572.918184000,0.000000000,971572.918184000,971572.918184000,1.000000000,33059.241816000,1004632.160000000,0.000000000,0.000000000,0.000000000,0.550914000,126353.040000000,434184.500000000,0.432182561,1.461538462,0.570085087,0.390058217,434184.500000000,0.000000000,0.000000000,energia_activa_punta_fuera,split_matches_reported_total,MT3,B_06.csv,measured,,,,controlled_cooling,216.000000000,0.000000000,ok
6,MALL AVENTURA S.A.,2024,9,1041519.480000000,246229.960000000,795289.520000000,246229.960000000,795289.520000000,1041519.480000000,1041519.480000000,246229.960000000,795289.520000000,1041519.480108000,972941.117378000,68578.362730000,1.000000000,68578.362623000,972941.117377000,0.000000000,972941.117378000,972941.117377000,1.000000000,68578.362623000,1041519.480000000,0.000000000,0.000000000,0.000000000,0.536233000,143688.340000000,449744.500000000,0.431815735,1.461538462,0.569026425,0.389333870,449744.500000000,0.000000000,0.000000000,energia_activa_punta_fuera,split_matches_reported_total,MT3,B_06.csv,measured,,,,controlled_cooling,216.000000000,0.000000000,ok
6,MALL AVENTURA S.A.,2024,10,1092966.620000000,254235.800000000,838730.820000000,254235.800000000,838730.820000000,1092966.620000000,1092966.620000000,254235.800000000,838730.820000000,1092966.620082000,997576.287995000,95390.332087000,1.000000000,95390.332007000,997576.287993000,0.000000000,997576.287995000,997576.287993000,1.000000000,95390.332007000,1092966.620000000,0.000000000,0.000000000,0.000000000,0.541573000,154300.200000000,462867.500000000,0.423496465,1.461538462,0.558948341,0.382438339,462867.500000000,0.000000000,0.000000000,energia_activa_punta_fuera,split_matches_reported_total,MT3,B_06.csv,measured,,,,controlled_cooling,216.000000000,0.000000000,ok
6,MALL AVENTURA S.A.,2024,11,1102845.680000000,258582.220000000,844263.460000000,258582.220000000,844263.460000000,1102845.680000000,1102845.680000000,258582.220000000,844263.460000000,1102845.679888000,960761.242873000,142084.437015000,1.000000000,142084.437127000,960761.242873000,0.000000000,960761.242873000,960761.242873000,1.000000000,142084.437127000,1102845.680000000,-0.000000000,0.000000000,0.000000000,0.552791000,157268.040000000,459130.000000000,0.416313913,1.461538462,0.549043462,0.375661316,459130.000000000,0.000000000,0.000000000,energia_activa_punta_fuera,split_matches_reported_total,MT3,B_06.csv,measured,,,,controlled_cooling,216.000000000,0.000000000,ok
6,MALL AVENTURA S.A.,2024,12,1048398.640000000,243376.620000000,805022.020000000,243376.620000000,805022.020000000,1048398.640000000,1048398.640000000,243376.620000000,805022.020000000,1048398.640086000,961699.914642000,86698.725444000,1.000000000,86698.725358000,961699.914642000,0.000000000,961699.914642000,961699.914642000,1.000000000,86698.725358000,1048398.640000000,0.000000000,0.000000000,0.000000000,0.531651000,155655.880000000,443176.000000000,0.422717069,1.461538462,0.558028851,0.381809214,443176.000000000,0.000000000,0.000000000,energia_activa_punta_fuera,split_matches_reported_total,MT3,B_06.csv,measured,,,,controlled_cooling,216.000000000,0.000000000,ok
6,MALL AVENTURA S.A.,2025,1,1090113.280000000,250869.500000000,839243.780000000,250869.500000000,839243.780000000,1090113.280000000,1090113.280000000,250869.500000000,839243.780000000,1090113.279992000,964707.788744000,125405.491248000,1.000000000,125405.491256000,964707.788744000,0.000000000,964707.788744000,964707.788744000,1.000000000,125405.491256000,1090113.280000000,0.000000000,0.000000000,0.000000000,0.563164000,164119.720000000,455152.500000000,0.417527709,1.461538462,0.551640538,0.377438263,455152.500000000,0.000000000,0.000000000,energia_activa_punta_fuera,split_matches_reported_total,MT3,B_06.csv,measured,,,,controlled_cooling,216.000000000,0.000000000,ok
6,MALL AVENTURA S.A.,2025,2,1059037.980000000,250301.580000000,808736.400000000,250301.580000000,808736.400000000,1059037.980000000,1059037.980000000,250301.580000000,808736.400000000,1059037.980184000,869048.300260000,189989.679924000,1.000000000,189989.679740000,869048.300260000,0.000000000,869048.300260000,869048.300260000,1.000000000,189989.679740000,1059037.980000000,0.000000000,0.000000000,0.000000000,0.528214000,153686.480000000,449202.000000000,0.424160425,1.461538462,0.558953993,0.382442206,449202.000000000,0.000000000,0.000000000,energia_activa_punta_fuera,split_matches_reported_total,MT3,B_06.csv,measured,,,,controlled_cooling,216.000000000,0.000000000,ok
6,MALL AVENTURA S.A.,2025,3,947524.140000000,224456.640000000,723067.500000000,224456.640000000,723067.500000000,947524.140000000,947524.140000000,224456.640000000,723067.500000000,947524.140116000,937550.336213000,9973.803903000,1.000000000,9973.803787000,937550.336213000,0.000000000,937550.336213000,937550.336213000,1.000000000,9973.803787000,947524.140000000,-0.000000000,0.000000000,0.000000000,0.522431000,130140.700000000,417711.500000000,0.440845233,1.461538462,0.580810665,0.397396771,417711.500000000,-0.000000000,-0.000000000,energia_activa_punta_fuera,split_matches_reported_total,MT3,B_06.csv,measured,,,,controlled_cooling,216.000000000,0.000000000,ok
6,MALL AVENTURA S.A.,2025,4,1032144.220000000,241727.820000000,790416.400000000,241727.820000000,790416.400000000,1032144.220000000,1032144.220000000,241727.820000000,790416.400000000,1032144.219969000,922218.740065000,109925.479904000,1.000000000,109925.479935000,922218.740065000,0.000000000,922218.740065000,922218.740065000,1.000000000,109925.479935000,1032144.220000000,0.000000000,0.000000000,0.000000000,0.595054000,141306.740000000,434926.000000000,0.421381035,1.461538462,0.555788245,0.380276167,434926.000000000,0.000000000,0.000000000,energia_activa_punta_fuera,split_matches_reported_total,MT3,B_06.csv,measured,,,,controlled_cooling,216.000000000,0.000000000,ok
6,MALL AVENTURA S.A.,2025,5,994469.140000000,222684.180000000,771784.960000000,222684.180000000,771784.960000000,994469.140000000,994469.140000000,222684.180000000,771784.960000000,994469.139910000,924946.292535000,69522.847375000,1.000000000,69522.847465000,924946.292535000,0.000000000,924946.292535000,924946.292535000,1.000000000,69522.847465000,994469.140000000,0.000000000,0.000000000,0.000000000,0.548315000,140317.460000000,417076.500000000,0.419396121,1.461538462,0.555548249,0.380111960,417076.500000000,0.000000000,0.000000000,energia_activa_punta_fuera,split_matches_reported_total,MT3,B_06.csv,measured,,,,controlled_cooling,216.000000000,0.000000000,ok
6,MALL AVENTURA S.A.,2025,6,1031832.780000000,244100.260000000,787732.520000000,244100.260000000,787732.520000000,1031832.780000000,1031832.780000000,244100.260000000,787732.520000000,1031832.779989000,909887.368011000,121945.411978000,1.000000000,121945.411989000,909887.368011000,0.000000000,909887.368011000,909887.368011000,1.000000000,121945.411989000,1031832.780000000,0.000000000,0.000000000,0.000000000,0.592621000,150640.780000000,447344.000000000,0.433543117,1.461538462,0.571265739,0.390866032,447344.000000000,0.000000000,0.000000000,energia_activa_punta_fuera,split_matches_reported_total,MT3,B_06.csv,measured,,,,controlled_cooling,216.000000000,0.000000000,ok
6,MALL AVENTURA S.A.,2025,7,967214.147500000,232443.215200000,734770.932300000,232443.215200000,734770.932300000,967214.147500000,967214.150000000,232443.215200000,734770.932300000,967214.147382000,918581.669356000,48632.478026000,1.000000000,48632.478144000,918581.669356000,0.000000000,918581.669356000,918581.669356000,1.000000000,48632.478144000,967214.147500000,0.000000000,0.002500000,0.000000258,0.533288000,134867.260000000,481378.500000000,0.497695884,1.461538462,0.654775293,0.448004148,481378.500000000,-0.000000000,-0.000000000,energia_activa_punta_fuera,split_matches_reported_total,MT3,B_06.csv,measured,,,,controlled_cooling,216.000000000,0.000000000,ok
6,MALL AVENTURA S.A.,2025,8,975517.100000000,215649.300000000,759867.800000000,215649.300000000,759867.800000000,975517.100000000,975517.100000000,215649.300000000,759867.800000000,975517.099941000,928824.744929000,46692.355012000,1.000000000,46692.355071000,928824.744929000,0.000000000,928824.744929000,928824.744929000,1.000000000,46692.355071000,975517.100000000,-0.000000000,-0.000000000,-0.000000000,0.562407000,140509.820000000,477781.000000000,0.489772040,1.461538462,0.649548302,0.444427785,477781.000000000,0.000000000,0.000000000,energia_activa_punta_fuera,split_matches_reported_total,MT3,B_06.csv,measured,,,,controlled_cooling,216.000000000,0.000000000,ok
6,MALL AVENTURA S.A.,2025,9,1025374.980000000,225386.380000000,799988.600000000,225386.380000000,799988.600000000,1025374.980000000,1025374.980000000,225386.380000000,799988.600000000,1025374.979987000,915557.505577000,109817.474410000,1.000000000,109817.474423000,915557.505577000,0.000000000,915557.505577000,915557.505577000,1.000000000,109817.474423000,1025374.980000000,0.000000000,0.000000000,0.000000000,0.565356000,157712.300000000,495384.000000000,0.483124720,1.461538462,0.641068809,0.438626028,495384.000000000,0.000000000,0.000000000,energia_activa_punta_fuera,split_matches_reported_total,MT3,B_06.csv,measured,,,,controlled_cooling,216.000000000,0.000000000,ok
6,MALL AVENTURA S.A.,2025,10,1010325.100000000,244127.740000000,766197.360000000,244127.740000000,766197.360000000,1010325.100000000,1010325.100000000,244127.740000000,766197.360000000,1010325.100033000,968012.425088000,42312.674945000,1.000000000,42312.674913000,968012.425087000,0.000000000,968012.425088000,968012.425087000,1.000000000,42312.674913000,1010325.100000000,0.000000000,0.000000000,0.000000000,0.543230000,157373.380000000,478087.500000000,0.473201646,1.461538462,0.622211591,0.425723720,478087.500000000,0.000000000,0.000000000,energia_activa_punta_fuera,split_matches_reported_total,MT3,B_06.csv,measured,,,,controlled_cooling,216.000000000,0.000000000,ok
6,MALL AVENTURA S.A.,2025,11,1053862.580000000,243129.300000000,810733.280000000,243129.300000000,810733.280000000,1053862.580000000,1053862.580000000,243129.300000000,810733.280000000,1053862.579973000,940537.144218000,113325.435755000,1.000000000,113325.435783000,940537.144217000,0.000000000,940537.144218000,940537.144217000,1.000000000,113325.435783000,1053862.580000000,0.000000000,0.000000000,0.000000000,0.559693000,165640.280000000,494627.500000000,0.469347246,1.461538462,0.619957062,0.424181148,494627.500000000,-0.000000000,-0.000000000,energia_activa_punta_fuera,split_matches_reported_total,MT3,B_06.csv,measured,,,,controlled_cooling,216.000000000,0.000000000,ok
6,MALL AVENTURA S.A.,2025,12,1030300.970900000,236328.644600000,793972.326300000,236328.644600000,793972.326300000,1030300.970900000,1030300.970000000,236328.644600000,793972.326300000,1030300.970859000,953364.145812000,76936.825047000,1.000000000,76936.825088000,953364.145812000,0.000000000,953364.145812000,953364.145812000,1.000000000,76936.825088000,1030300.970900000,-0.000000000,-0.000900000,-0.000000087,0.543373000,145698.960000000,484074.000000000,0.469837469,1.461538462,0.620947727,0.424858971,484074.000000000,0.000000000,0.000000000,energia_activa_punta_fuera,split_matches_reported_total,MT3,B_06.csv,measured,,,,controlled_cooling,216.000000000,0.000000000,ok
7,UNAP-FACULTAD DE BIOLOGIA-AULAS,2023,1,10242.544500000,2165.090700000,8077.453800000,2165.090700000,8077.453800000,10242.544500000,10242.540000000,2165.090700000,8077.453800000,10242.544481000,9254.292722000,988.251759000,1.000000002,988.251779000,9254.292721000,0.000000000,9254.292722000,9254.292721000,1.000000000,988.251779000,10242.544500000,0.000000000,-0.004500000,-0.000043934,0.207070000,8660.362900000,7301.000000000,0.712811157,1.461538462,0.949196396,0.649450166,7301.000000000,0.000000000,0.000000000,energia_activa_punta_fuera,split_matches_reported_total,MT3,B_07.csv,measured,,,,none,0.000000000,0.000000000,ok
7,UNAP-FACULTAD DE BIOLOGIA-AULAS,2023,2,19610.725600000,2081.818000000,17528.907600000,2081.818000000,17528.907600000,19610.725600000,19610.730000000,2081.818000000,17528.907600000,19610.725634000,14039.305478000,5571.420156000,0.999999998,5571.420122000,14039.305478000,0.000000000,14039.305478000,14039.305478000,1.000000000,5571.420122000,19610.725600000,0.000000000,0.004400000,0.000022437,0.231974000,10658.908200000,20129.000000000,1.026428109,1.461538462,1.430095773,0.978486582,20129.000000000,0.000000000,0.000000000,energia_activa_punta_fuera,split_matches_reported_total,MT3,B_07.csv,measured,,,,none,0.000000000,0.000000000,ok
7,UNAP-FACULTAD DE BIOLOGIA-AULAS,2023,3,17070.907600000,2498.181600000,14572.726000000,2498.181600000,14572.726000000,17070.907600000,17070.910000000,2498.181600000,14572.726000000,17070.907557000,15854.907012000,1216.000545000,1.000000003,1216.000588000,15854.907012000,0.000000000,15854.907012000,15854.907012000,1.000000000,1216.000588000,17070.907600000,0.000000000,0.002400000,0.000014059,0.200508000,6203.817600000,12117.500000000,0.709833378,1.461538462,0.971810547,0.664923006,12117.500000000,-0.000000000,-0.000000000,energia_activa_punta_fuera,split_matches_reported_total,MT3,B_07.csv,measured,,,,none,0.000000000,0.000000000,ok
7,UNAP-FACULTAD DE BIOLOGIA-AULAS,2023,4,19818.907400000,2747.999800000,17070.907600000,2747.999800000,17070.907600000,19818.907400000,19818.910000000,2747.999800000,17070.907600000,19818.907512000,14196.355607000,5622.551905000,0.999999994,5622.551793000,14196.355607000,0.000000000,14196.355607000,14196.355607000,1.000000000,5622.551793000,19818.907400000,0.000000000,0.002600000,0.000013119,0.239532000,6745.090300000,25300.500000000,1.276583996,1.461538462,1.753557966,1.199802819,25300.500000000,0.000000000,0.000000000,energia_activa_punta_fuera,split_matches_reported_total,MT3,B_07.csv,measured,,,,none,0.000000000,0.000000000,ok
7,UNAP-FACULTAD DE BIOLOGIA-AULAS,2023,5,7452.908400000,1124.181700000,6328.726700000,1124.181700000,6328.726700000,7452.908400000,7452.910000000,1124.181700000,6328.726700000,7452.908392000,7452.908392000,0.000000000,1.000000001,0.000008000,7452.908392000,0.000000000,7452.908392000,7452.908392000,1.000000000,0.000008000,7452.908400000,0.000000000,0.001600000,0.000021468,0.218079000,4205.272400000,6625.000000000,0.888914722,1.461538462,1.214623934,0.831058481,6625.000000000,0.000000000,0.000000000,energia_activa_punta_fuera,split_matches_reported_total,MT3,B_07.csv,measured,,,,none,0.000000000,0.000000000,ok
7,UNAP-FACULTAD DE BIOLOGIA-AULAS,2023,6,8035.817400000,1623.818000000,6411.999400000,1623.818000000,6411.999400000,8035.817400000,8035.820000000,1623.818000000,6411.999400000,8035.817379000,7584.293085000,451.524294000,1.000000003,451.524315000,7584.293085000,0.000000000,7584.293085000,7584.293085000,1.000000000,451.524315000,8035.817400000,0.000000000,0.002600000,0.000032355,0.291364000,1415.636200000,6226.000000000,0.774781169,1.461538462,1.035771983,0.708686094,6226.000000000,-0.000000000,-0.000000000,energia_activa_punta_fuera,split_matches_reported_total,MT3,B_07.csv,measured,,,,none,0.000000000,0.000000000,ok
7,UNAP-FACULTAD DE BIOLOGIA-AULAS,2023,7,13615.089700000,2373.272500000,11241.817200000,2373.272500000,11241.817200000,13615.089700000,13615.090000000,2373.272500000,11241.817200000,13615.089701000,12444.272619000,1170.817082000,1.000000000,1170.817084000,12444.272616000,0.000000000,12444.272619000,12444.272616000,1.000000000,1170.817084000,13615.089700000,0.000000000,0.000300000,0.000002203,0.241577000,249.818200000,9029.500000000,0.663197981,1.461538462,0.897114970,0.613815506,9029.500000000,0.000000000,0.000000000,energia_activa_punta_fuera,split_matches_reported_total,MT3,B_07.csv,measured,,,,none,0.000000000,0.000000000,ok
7,UNAP-FACULTAD DE BIOLOGIA-AULAS,2023,8,9988.562800000,1453.109000000,8535.453800000,1453.109000000,8535.453800000,9988.562800000,9988.560000000,1453.109000000,8535.453800000,9988.562830000,9885.709080000,102.853750000,0.999999997,102.853720000,9885.709080000,0.000000000,9885.709080000,9885.709080000,1.000000000,102.853720000,9988.562800000,0.000000000,-0.002800000,-0.000028032,0.161744000,3439.163300000,4547.000000000,0.455220645,1.461538462,0.623461200,0.426578716,4547.000000000,0.000000000,0.000000000,energia_activa_punta_fuera,split_matches_reported_total,MT3,B_07.csv,measured,,,,none,0.000000000,0.000000000,ok
7,UNAP-FACULTAD DE BIOLOGIA-AULAS,2023,9,28233.615700000,3335.072400000,24898.543300000,3335.072400000,24898.543300000,28233.615700000,28233.610000000,3335.072400000,24898.543300000,28233.615635000,15838.165180000,12395.450455000,1.000000002,12395.450520000,15838.165180000,0.000000000,15838.165180000,15838.165180000,1.000000000,12395.450520000,28233.615700000,0.000000000,-0.005700000,-0.000020189,0.325884000,891.018100000,18962.000000000,0.671610757,1.461538462,0.930836802,0.636888338,18962.000000000,-0.000000000,-0.000000000,energia_activa_punta_fuera,split_matches_reported_total,MT3,B_07.csv,measured,,,,none,0.000000000,0.000000000,ok
7,UNAP-FACULTAD DE BIOLOGIA-AULAS,2023,10,18611.452900000,2789.636100000,15821.816800000,2789.636100000,15821.816800000,18611.452900000,18611.460000000,2789.636100000,15821.816800000,18611.452828000,16564.026102000,2047.426726000,1.000000004,2047.426798000,16564.026102000,0.000000000,16564.026102000,16564.026102000,1.000000000,2047.426798000,18611.452900000,0.000000000,0.007100000,0.000038149,0.226581000,3372.545200000,10538.500000000,0.566237362,1.461538462,0.774030890,0.529600083,10538.500000000,0.000000000,0.000000000,energia_activa_punta_fuera,split_matches_reported_total,MT3,B_07.csv,measured,,,,none,0.000000000,0.000000000,ok
7,UNAP-FACULTAD DE BIOLOGIA-AULAS,2023,11,15280.544200000,2539.818000000,12740.726200000,2539.818000000,12740.726200000,15280.544200000,15280.550000000,2539.818000000,12740.726200000,15280.544174000,14030.223222000,1250.320952000,1.000000002,1250.320979000,14030.223221000,0.000000000,14030.223222000,14030.223221000,1.000000000,1250.320979000,15280.544200000,0.000000000,0.005800000,0.000037957,0.318576000,3289.272400000,9463.000000000,0.619284227,1.461538462,0.840620773,0.575161581,9463.000000000,-0.000000000,-0.000000000,energia_activa_punta_fuera,split_matches_reported_total,MT3,B_07.csv,measured,,,,none,0.000000000,0.000000000,ok
7,UNAP-FACULTAD DE BIOLOGIA-AULAS,2023,12,13531.817000000,2081.818000000,11449.999000000,2081.818000000,11449.999000000,13531.817000000,13531.820000000,2081.818000000,11449.999000000,13531.817007000,12682.143699000,849.673308000,0.999999999,849.673301000,12682.143699000,0.000000000,12682.143699000,12682.143699000,1.000000000,849.673301000,13531.817000000,0.000000000,0.003000000,0.000022170,0.260918000,3663.999700000,8243.500000000,0.609193872,1.461538462,0.831330865,0.568805328,8243.500000000,0.000000000,0.000000000,energia_activa_punta_fuera,split_matches_reported_total,MT3,B_07.csv,measured,,,,none,0.000000000,0.000000000,ok
7,UNAP-FACULTAD DE BIOLOGIA-AULAS,2024,1,12324.362500000,1956.908900000,10367.453600000,1956.908900000,10367.453600000,12324.362500000,12324.360000000,1956.908900000,10367.453600000,12324.362490000,11727.844049000,596.518441000,1.000000001,596.518451000,11727.844049000,0.000000000,11727.844049000,11727.844049000,1.000000000,596.518451000,12324.362500000,-0.000000000,-0.002500000,-0.000020285,0.411110000,3580.727000000,16024.500000000,1.300229525,1.461538462,1.770578899,1.211448720,16024.500000000,-0.000000000,-0.000000000,energia_activa_punta_fuera,split_matches_reported_total,MT3,B_07.csv,measured,,,,none,0.000000000,0.000000000,ok
7,UNAP-FACULTAD DE BIOLOGIA-AULAS,2024,2,26189.270400000,2456.545200000,23732.725200000,2456.545200000,23732.725200000,26189.270400000,26189.280000000,2456.545200000,23732.725200000,26189.270292000,15684.392861000,10504.877431000,1.000000004,10504.877539000,15684.392861000,0.000000000,15684.392861000,15684.392861000,1.000000000,10504.877539000,26189.270400000,0.000000000,0.009600000,0.000036656,0.253220000,6745.090300000,6213.000000000,0.237234558,1.461538462,0.332339727,0.227390339,6213.000000000,0.000000000,0.000000000,energia_activa_punta_fuera,split_matches_reported_total,MT3,B_07.csv,measured,,,,none,0.000000000,0.000000000,ok
7,UNAP-FACULTAD DE BIOLOGIA-AULAS,2024,3,25356.543200000,2456.545200000,22899.998000000,2456.545200000,22899.998000000,25356.543200000,25356.550000000,2456.545200000,22899.998000000,25356.543098000,15940.132959000,9416.410139000,1.000000004,9416.410241000,15940.132959000,0.000000000,15940.132959000,15940.132959000,1.000000000,9416.410241000,25356.543200000,0.000000000,0.006800000,0.000026818,0.224358000,6411.999400000,19408.500000000,0.765423735,1.461538462,1.070815868,0.732663488,19408.500000000,0.000000000,0.000000000,energia_activa_punta_fuera,split_matches_reported_total,MT3,B_07.csv,measured,,,,none,0.000000000,0.000000000,ok
7,UNAP-FACULTAD DE BIOLOGIA-AULAS,2024,4,19943.816500000,2331.636200000,17612.180300000,2331.636200000,17612.180300000,19943.816500000,19943.820000000,2331.636200000,17612.180300000,19943.816500000,16345.730366000,3598.086134000,1.000000000,3598.086134000,16345.730366000,0.000000000,16345.730366000,16345.730366000,1.000000000,3598.086134000,19943.816500000,0.000000000,0.003500000,0.000017549,0.232614000,4538.363200000,10613.500000000,0.532169959,1.461538462,0.737967208,0.504924932,10613.500000000,0.000000000,0.000000000,energia_activa_punta_fuera,split_matches_reported_total,MT3,B_07.csv,measured,,,,none,0.000000000,0.000000000,ok
7,UNAP-FACULTAD DE BIOLOGIA-AULAS,2024,5,17362.362100000,2706.363400000,14655.998700000,2706.363400000,14655.998700000,17362.362100000,17362.360000000,2706.363400000,14655.998700000,17362.362080000,15982.213168000,1380.148912000,1.000000001,1380.148937000,15982.213163000,0.000000000,15982.213168000,15982.213163000,1.000000000,1380.148937000,17362.362100000,0.000000000,-0.002100000,-0.000012095,0.227124000,3330.908800000,9364.000000000,0.539327538,1.461538462,0.735345393,0.503131059,9364.000000000,0.000000000,0.000000000,energia_activa_punta_fuera,split_matches_reported_total,MT3,B_07.csv,measured,,,,none,0.000000000,0.000000000,ok
7,UNAP-FACULTAD DE BIOLOGIA-AULAS,2024,6,23607.816100000,3039.454300000,20568.361800000,3039.454300000,20568.361800000,23607.816100000,23607.810000000,3039.454300000,20568.361800000,23607.816061000,14476.444811000,9131.371250000,1.000000002,9131.371289000,14476.444811000,0.000000000,14476.444811000,14476.444811000,1.000000000,9131.371289000,23607.816100000,0.000000000,-0.006100000,-0.000025839,0.266047000,5162.908600000,13443.500000000,0.569451234,1.461538462,0.785593307,0.537511210,13443.500000000,0.000000000,0.000000000,energia_activa_punta_fuera,split_matches_reported_total,MT3,B_07.csv,measured,,,,none,0.000000000,0.000000000,ok
7,UNAP-FACULTAD DE BIOLOGIA-AULAS,2024,7,19235.998300000,2623.090700000,16612.907600000,2623.090700000,16612.907600000,19235.998300000,19236.000000000,2623.090700000,16612.907600000,19235.998377000,16320.105119000,2915.893258000,0.999999996,2915.893181000,16320.105119000,0.000000000,16320.105119000,16320.105119000,1.000000000,2915.893181000,19235.998300000,0.000000000,0.001700000,0.000008838,0.219748000,3580.727000000,10983.500000000,0.570986742,1.461538462,0.785106770,0.537178316,10983.500000000,0.000000000,0.000000000,energia_activa_punta_fuera,split_matches_reported_total,MT3,B_07.csv,measured,,,,none,0.000000000,0.000000000,ok
7,UNAP-FACULTAD DE BIOLOGIA-AULAS,2024,8,22358.725300000,2789.636100000,19569.089200000,2789.636100000,19569.089200000,22358.725300000,22358.730000000,2789.636100000,19569.089200000,22358.725301000,16327.806955000,6030.918346000,1.000000000,6030.918345000,16327.806955000,0.000000000,16327.806955000,16327.806955000,1.000000000,6030.918345000,22358.725300000,0.000000000,0.004700000,0.000021021,0.267323000,4704.908700000,12549.000000000,0.561257399,1.461538462,0.775634463,0.530697264,12549.000000000,0.000000000,0.000000000,energia_activa_punta_fuera,split_matches_reported_total,MT3,B_07.csv,measured,,,,none,0.000000000,0.000000000,ok
7,UNAP-FACULTAD DE BIOLOGIA-AULAS,2024,9,15155.635100000,2123.454400000,13032.180700000,2123.454400000,13032.180700000,15155.635100000,15155.630000000,2123.454400000,13032.180700000,15155.635113000,14300.705251000,854.929862000,0.999999999,854.929849000,14300.705251000,0.000000000,14300.705251000,14300.705251000,1.000000000,854.929849000,15155.635100000,-0.000000000,-0.005100000,-0.000033651,0.240740000,3164.363400000,8921.500000000,0.588658934,1.461538462,0.808091541,0.552904738,8921.500000000,0.000000000,0.000000000,energia_activa_punta_fuera,split_matches_reported_total,MT3,B_07.csv,measured,,,,none,0.000000000,0.000000000,ok
7,UNAP-FACULTAD DE BIOLOGIA-AULAS,2024,10,20151.998300000,2539.818000000,17612.180300000,2539.818000000,17612.180300000,20151.998300000,20152.000000000,2539.818000000,17612.180300000,20151.998276000,17199.380468000,2952.617808000,1.000000001,2952.617832000,17199.380468000,0.000000000,17199.380468000,17199.380468000,1.000000000,2952.617832000,20151.998300000,0.000000000,0.001700000,0.000008436,0.171923000,3747.272400000,12656.500000000,0.628051859,1.461538462,0.867462435,0.593526929,12656.500000000,-0.000000000,-0.000000000,energia_activa_punta_fuera,split_matches_reported_total,MT3,B_07.csv,measured,,,,none,0.000000000,0.000000000,ok
7,UNAP-FACULTAD DE BIOLOGIA-AULAS,2024,11,23233.088900000,2789.636100000,20443.452800000,2789.636100000,20443.452800000,23233.088900000,23233.090000000,2789.636100000,20443.452800000,23233.088960000,15615.152134000,7617.936826000,0.999999997,7617.936766000,15615.152134000,0.000000000,15615.152134000,15615.152134000,1.000000000,7617.936766000,23233.088900000,0.000000000,0.001100000,0.000004735,0.242187000,4455.090500000,12998.000000000,0.559460692,1.461538462,0.774739062,0.530084622,12998.000000000,0.000000000,0.000000000,energia_activa_punta_fuera,split_matches_reported_total,MT3,B_07.csv,measured,,,,none,0.000000000,0.000000000,ok
7,UNAP-FACULTAD DE BIOLOGIA-AULAS,2024,12,23691.088800000,3289.272400000,20401.816400000,3289.272400000,20401.816400000,23691.088800000,23691.090000000,3289.272400000,20401.816400000,23691.088727000,15968.368371000,7722.720356000,1.000000003,7722.720429000,15968.368371000,0.000000000,15968.368371000,15968.368371000,1.000000000,7722.720429000,23691.088800000,0.000000000,0.001200000,0.000005065,0.233120000,4330.181400000,6718.000000000,0.283566537,1.461538462,0.389485177,0.266489858,6718.000000000,-0.000000000,-0.000000000,energia_activa_punta_fuera,split_matches_reported_total,MT3,B_07.csv,measured,,,,none,0.000000000,0.000000000,ok
7,UNAP-FACULTAD DE BIOLOGIA-AULAS,2025,1,18028.543900000,2747.999800000,15280.544100000,2747.999800000,15280.544100000,18028.543900000,18028.540000000,2747.999800000,15280.544100000,18028.543840000,16464.899718000,1563.644122000,1.000000003,1563.644182000,16464.899718000,0.000000000,16464.899718000,16464.899718000,1.000000000,1563.644182000,18028.543900000,0.000000000,-0.003900000,-0.000021632,0.167052000,3539.090600000,11628.500000000,0.645004947,1.461538462,0.880739534,0.602611260,11628.500000000,0.000000000,0.000000000,energia_activa_punta_fuera,split_matches_reported_total,MT3,B_07.csv,measured,,,,none,0.000000000,0.000000000,ok
7,UNAP-FACULTAD DE BIOLOGIA-AULAS,2025,2,13406.907900000,1831.999800000,11574.908100000,1831.999800000,11574.908100000,13406.907900000,13406.910000000,1831.999800000,11574.908100000,13406.907886000,12710.096162000,696.811724000,1.000000001,696.811743000,12710.096157000,0.000000000,12710.096162000,12710.096157000,1.000000000,696.811743000,13406.907900000,0.000000000,0.002100000,0.000015664,0.306316000,2706.363400000,20351.000000000,1.517948818,1.461538462,2.086923793,1.427895227,20351.000000000,0.000000000,0.000000000,energia_activa_punta_fuera,split_matches_reported_total,MT3,B_07.csv,measured,,,,none,0.000000000,0.000000000,ok
7,UNAP-FACULTAD DE BIOLOGIA-AULAS,2025,3,12116.180700000,1748.727100000,10367.453600000,1748.727100000,10367.453600000,12116.180700000,12116.180000000,1748.727100000,10367.453600000,12116.180738000,11563.795962000,552.384776000,0.999999997,552.384746000,11563.795954000,0.000000000,11563.795962000,11563.795954000,0.999999999,552.384746000,12116.180700000,0.000000000,-0.000700000,-0.000005777,0.303884000,2581.454300000,8390.500000000,0.692503703,1.461538462,0.948910279,0.649254401,8390.500000000,0.000000000,0.000000000,energia_activa_punta_fuera,split_matches_reported_total,MT3,B_07.csv,measured,,,,none,0.000000000,0.000000000,ok
7,UNAP-FACULTAD DE BIOLOGIA-AULAS,2025,4,18111.816600000,3247.636100000,14864.180500000,3247.636100000,14864.180500000,18111.816600000,18111.820000000,3247.636100000,14864.180500000,18111.816717000,15573.223463000,2538.593254000,0.999999994,2538.593137000,15573.223463000,0.000000000,15573.223463000,15573.223463000,1.000000000,2538.593137000,18111.816600000,-0.000000000,0.003400000,0.000018772,0.210510000,3539.090600000,11103.000000000,0.613025200,1.461538462,0.827478896,0.566169771,11103.000000000,0.000000000,0.000000000,energia_activa_punta_fuera,split_matches_reported_total,MT3,B_07.csv,measured,,,,none,0.000000000,0.000000000,ok
7,UNAP-FACULTAD DE BIOLOGIA-AULAS,2025,5,23024.907000000,5371.090400000,17653.816600000,5371.090400000,17653.816600000,23024.907000000,23024.910000000,5371.090400000,17653.816600000,23024.907041000,15642.579624000,7382.327417000,0.999999998,7382.327376000,15642.579624000,0.000000000,15642.579624000,15642.579624000,1.000000000,7382.327376000,23024.907000000,0.000000000,0.003000000,0.000013029,0.222624000,4371.817800000,12898.500000000,0.560197702,1.461538462,0.739168311,0.505746739,12898.500000000,0.000000000,0.000000000,energia_activa_punta_fuera,split_matches_reported_total,MT3,B_07.csv,measured,,,,none,0.000000000,0.000000000,ok
7,UNAP-FACULTAD DE BIOLOGIA-AULAS,2025,6,21151.270900000,5287.817700000,15863.453200000,5287.817700000,15863.453200000,21151.270900000,21151.270000000,5287.817700000,15863.453200000,21151.270892000,14515.267746000,6636.003146000,1.000000000,6636.003154000,14515.267746000,0.000000000,14515.267746000,14515.267746000,1.000000000,6636.003154000,21151.270900000,-0.000000000,-0.000900000,-0.000004255,0.189665000,4455.090500000,13189.500000000,0.623579550,1.461538462,0.817104239,0.559071321,13189.500000000,0.000000000,0.000000000,energia_activa_punta_fuera,split_matches_reported_total,MT3,B_07.csv,measured,,,,none,0.000000000,0.000000000,ok
7,UNAP-FACULTAD DE BIOLOGIA-AULAS,2025,7,21234.543600000,5870.726800000,15363.816800000,5870.726800000,15363.816800000,21234.543600000,21234.550000000,5870.726800000,15363.816800000,21234.543704000,15807.389505000,5427.154199000,0.999999995,5427.154095000,15807.389505000,0.000000000,15807.389505000,15807.389505000,1.000000000,5427.154095000,21234.543600000,0.000000000,0.006400000,0.000030140,0.206511000,5287.817700000,14073.000000000,0.662740875,1.461538462,0.859010042,0.587743713,14073.000000000,-0.000000000,-0.000000000,energia_activa_punta_fuera,split_matches_reported_total,MT3,B_07.csv,measured,,,,none,0.000000000,0.000000000,ok
7,UNAP-FACULTAD DE BIOLOGIA-AULAS,2025,8,16154.907600000,3913.817800000,12241.089800000,3913.817800000,12241.089800000,16154.907600000,16154.910000000,3913.817800000,12241.089800000,16154.907583000,13435.943250000,2718.964333000,1.000000001,2718.964350000,13435.943250000,0.000000000,13435.943250000,13435.943250000,1.000000000,2718.964350000,16154.907600000,0.000000000,0.002400000,0.000014856,0.222681000,4246.908700000,11313.000000000,0.700282557,1.461538462,0.920556885,0.629854711,11313.000000000,-0.000000000,-0.000000000,energia_activa_punta_fuera,split_matches_reported_total,MT3,B_07.csv,measured,,,,none,0.000000000,0.000000000,ok
7,UNAP-FACULTAD DE BIOLOGIA-AULAS,2025,9,23274.725300000,8035.817500000,15238.907800000,8035.817500000,15238.907800000,23274.725300000,23274.730000000,8035.817500000,15238.907800000,23274.725406000,15718.973980000,7555.751426000,0.999999995,7555.751320000,15718.973980000,0.000000000,15718.973980000,15718.973980000,1.000000000,7555.751320000,23274.725300000,0.000000000,0.004700000,0.000020194,0.200617000,4788.181400000,13636.500000000,0.585893059,1.461538462,0.738607736,0.505363188,13636.500000000,0.000000000,0.000000000,energia_activa_punta_fuera,split_matches_reported_total,MT3,B_07.csv,measured,,,,none,0.000000000,0.000000000,ok
7,UNAP-FACULTAD DE BIOLOGIA-AULAS,2025,10,29270.361100000,11075.271800000,18195.089300000,11075.271800000,18195.089300000,29270.361100000,29270.360000000,11075.271800000,18195.089300000,29270.361229000,16600.728206000,12669.633023000,0.999999996,12669.632894000,16600.728206000,0.000000000,16600.728206000,16600.728206000,1.000000000,12669.632894000,29270.361100000,0.000000000,-0.001100000,-0.000003758,0.250999000,5412.726800000,18643.000000000,0.636924155,1.461538462,0.792491470,0.542231006,18643.000000000,-0.000000000,-0.000000000,energia_activa_punta_fuera,split_matches_reported_total,MT3,B_07.csv,measured,,,,none,0.000000000,0.000000000,ok
7,UNAP-FACULTAD DE BIOLOGIA-AULAS,2025,11,26064.361300000,10284.180900000,15780.180400000,10284.180900000,15780.180400000,26064.361300000,26064.360000000,10284.180900000,15780.180400000,26064.361374000,14621.096594000,11443.264780000,0.999999997,11443.264706000,14621.096594000,0.000000000,14621.096594000,14621.096594000,1.000000000,11443.264706000,26064.361300000,0.000000000,-0.001300000,-0.000004988,0.259535000,5412.726800000,16932.500000000,0.649641854,1.461538462,0.803205843,0.549561893,16932.500000000,0.000000000,0.000000000,energia_activa_punta_fuera,split_matches_reported_total,MT3,B_07.csv,measured,,,,none,0.000000000,0.000000000,ok
7,UNAP-FACULTAD DE BIOLOGIA-AULAS,2025,12,16529.634900000,4746.545000000,11783.089900000,4746.545000000,11783.089900000,16529.634900000,16529.640000000,4746.545000000,11783.089900000,16529.634892000,13097.238843000,3432.396049000,1.000000000,3432.396060000,13097.238840000,0.000000000,13097.238843000,13097.238840000,1.000000000,3432.396060000,16529.634900000,0.000000000,0.005100000,0.000030854,0.177867000,3497.454200000,11800.000000000,0.713869367,1.461538462,0.921251777,0.630330163,11800.000000000,0.000000000,0.000000000,energia_activa_punta_fuera,split_matches_reported_total,MT3,B_07.csv,measured,,,,none,0.000000000,0.000000000,ok
8,PNP- ESCUELA TECNICA SUPERIOR-IQUITOS,2023,1,7890.090200000,1582.181700000,6307.908500000,1582.181700000,6307.908500000,7890.090200000,7890.090000000,1582.181700000,6307.908500000,7890.090175000,6927.047560000,963.042615000,1.000000003,963.042640000,6927.047560000,0.000000000,6927.047560000,6927.047560000,1.000000000,963.042640000,7890.090200000,0.000000000,-0.000200000,-0.000002535,0.478535000,6661.817600000,4873.000000000,0.617610176,1.461538462,0.826195592,0.565291721,4873.000000000,0.000000000,0.000000000,energia_activa_punta_fuera,split_matches_reported_total,MT3,B_08.csv,measured,,,,none,0.000000000,0.000000000,ok
8,PNP- ESCUELA TECNICA SUPERIOR-IQUITOS,2023,2,7432.090300000,1269.909000000,6162.181300000,1269.909000000,6162.181300000,7432.090300000,7432.090000000,1269.909000000,6162.181300000,7432.090256000,6747.465916000,684.624340000,1.000000006,684.624384000,6747.465916000,0.000000000,6747.465916000,6747.465916000,1.000000000,684.624384000,7432.090300000,0.000000000,-0.000300000,-0.000004037,0.372806000,6640.999400000,4465.500000000,0.600840385,1.461538462,0.813960521,0.556920357,4465.500000000,0.000000000,0.000000000,energia_activa_punta_fuera,split_matches_reported_total,MT3,B_08.csv,measured,,,,none,0.000000000,0.000000000,ok
8,PNP- ESCUELA TECNICA SUPERIOR-IQUITOS,2023,3,6432.817700000,1186.636300000,5246.181400000,1186.636300000,5246.181400000,6432.817700000,6432.820000000,1186.636300000,5246.181400000,6432.817652000,5925.751067000,507.066585000,1.000000008,507.066637000,5925.751063000,0.000000000,5925.751067000,5925.751063000,0.999999999,507.066637000,6432.817700000,-0.000000000,0.002300000,0.000035754,0.373188000,5933.181300000,3992.500000000,0.620645600,1.461538462,0.835928036,0.571950762,3992.500000000,0.000000000,0.000000000,energia_activa_punta_fuera,split_matches_reported_total,MT3,B_08.csv,measured,,,,none,0.000000000,0.000000000,ok
8,PNP- ESCUELA TECNICA SUPERIOR-IQUITOS,2023,4,8077.453800000,1561.363500000,6516.090300000,1561.363500000,6516.090300000,8077.453800000,8077.450000000,1561.363500000,6516.090300000,8077.453848000,7110.159148000,967.294700000,0.999999994,967.294657000,7110.159143000,0.000000000,7110.159148000,7110.159143000,0.999999999,967.294657000,8077.453800000,0.000000000,-0.003800000,-0.000047045,0.399177000,6495.272200000,4774.000000000,0.591027831,1.461538462,0.793057366,0.542618198,4774.000000000,0.000000000,0.000000000,energia_activa_punta_fuera,split_matches_reported_total,MT3,B_08.csv,measured,,,,none,0.000000000,0.000000000,ok
8,PNP- ESCUELA TECNICA SUPERIOR-IQUITOS,2023,5,7307.181200000,1373.999900000,5933.181300000,1373.999900000,5933.181300000,7307.181200000,7307.180000000,1373.999900000,5933.181300000,7307.181239000,6624.173209000,683.008030000,0.999999995,683.007991000,6624.173209000,0.000000000,6624.173209000,6624.173209000,1.000000000,683.007991000,7307.181200000,0.000000000,-0.001200000,-0.000016422,0.420258000,6162.181300000,4342.500000000,0.594278407,1.461538462,0.799201994,0.546822417,4342.500000000,0.000000000,0.000000000,energia_activa_punta_fuera,split_matches_reported_total,MT3,B_08.csv,measured,,,,none,0.000000000,0.000000000,ok
8,PNP- ESCUELA TECNICA SUPERIOR-IQUITOS,2023,6,8972.635600000,1748.727100000,7223.908500000,1748.727100000,7223.908500000,8972.635600000,8972.640000000,1748.727100000,7223.908500000,8972.635624000,7844.095554000,1128.540070000,0.999999997,1128.540050000,7844.095550000,0.000000000,7844.095554000,7844.095550000,1.000000000,1128.540050000,8972.635600000,0.000000000,0.004400000,0.000049038,0.415701000,6328.726700000,9200.000000000,1.025339756,1.461538462,1.374898850,0.940720265,9200.000000000,0.000000000,0.000000000,energia_activa_punta_fuera,split_matches_reported_total,MT3,B_08.csv,measured,,,,none,0.000000000,0.000000000,ok
8,PNP- ESCUELA TECNICA SUPERIOR-IQUITOS,2023,7,6765.908500000,1415.636200000,5350.272300000,1415.636200000,5350.272300000,6765.908500000,6765.910000000,1415.636200000,5350.272300000,6765.908495000,5983.918460000,781.990035000,1.000000001,781.990048000,5983.918452000,0.000000000,5983.918460000,5983.918452000,0.999999998,781.990048000,6765.908500000,0.000000000,0.001500000,0.000022170,0.358245000,6016.454000000,3916.000000000,0.578784061,1.461538462,0.771420589,0.527814087,3916.000000000,0.000000000,0.000000000,energia_activa_punta_fuera,split_matches_reported_total,MT3,B_08.csv,measured,,,,none,0.000000000,0.000000000,ok
8,PNP- ESCUELA TECNICA SUPERIOR-IQUITOS,2023,8,7536.181100000,1540.545300000,5995.635800000,1540.545300000,5995.635800000,7536.181100000,7536.190000000,1540.545300000,5995.635800000,7536.181070000,6709.446150000,826.734920000,1.000000004,826.734955000,6709.446145000,0.000000000,6709.446150000,6709.446145000,0.999999999,826.734955000,7536.181100000,0.000000000,0.008900000,0.000118097,0.497798000,6245.454000000,4266.500000000,0.566135546,1.461538462,0.756093259,0.517326967,4266.500000000,0.000000000,0.000000000,energia_activa_punta_fuera,split_matches_reported_total,MT3,B_08.csv,measured,,,,none,0.000000000,0.000000000,ok
8,PNP- ESCUELA TECNICA SUPERIOR-IQUITOS,2023,9,7910.908400000,1582.181700000,6328.726700000,1582.181700000,6328.726700000,7910.908400000,7910.910000000,1582.181700000,6328.726700000,7910.908448000,6991.707368000,919.201080000,0.999999994,919.201032000,6991.707368000,0.000000000,6991.707368000,6991.707368000,1.000000000,919.201032000,7910.908400000,-0.000000000,0.001600000,0.000020225,0.425627000,6141.363100000,4018.500000000,0.507969477,1.461538462,0.679677468,0.465042478,4018.500000000,0.000000000,0.000000000,energia_activa_punta_fuera,split_matches_reported_total,MT3,B_08.csv,measured,,,,none,0.000000000,0.000000000,ok
8,PNP- ESCUELA TECNICA SUPERIOR-IQUITOS,2023,10,8972.635600000,1769.545300000,7203.090300000,1769.545300000,7203.090300000,8972.635600000,8972.640000000,1769.545300000,7203.090300000,8972.635572000,7888.149262000,1084.486310000,1.000000003,1084.486338000,7888.149262000,0.000000000,7888.149262000,7888.149262000,1.000000000,1084.486338000,8972.635600000,0.000000000,0.004400000,0.000049038,0.436942000,6203.817600000,4516.500000000,0.503363805,1.461538462,0.674308229,0.461368788,4516.500000000,0.000000000,0.000000000,energia_activa_punta_fuera,split_matches_reported_total,MT3,B_08.csv,measured,,,,none,0.000000000,0.000000000,ok
8,PNP- ESCUELA TECNICA SUPERIOR-IQUITOS,2023,11,8701.999200000,1644.636200000,7057.363000000,1644.636200000,7057.363000000,8701.999200000,8702.000000000,1644.636200000,7057.363000000,8701.999254000,7737.367444000,964.631810000,0.999999994,964.631757000,7737.367443000,0.000000000,7737.367444000,7737.367443000,1.000000000,964.631757000,8701.999200000,0.000000000,0.000800000,0.000009193,0.436507000,6099.726700000,4470.500000000,0.513732523,1.461538462,0.690599813,0.472515662,4470.500000000,0.000000000,0.000000000,energia_activa_punta_fuera,split_matches_reported_total,MT3,B_08.csv,measured,,,,none,0.000000000,0.000000000,ok
8,PNP- ESCUELA TECNICA SUPERIOR-IQUITOS,2023,12,8160.726600000,1686.272600000,6474.454000000,1686.272600000,6474.454000000,8160.726600000,8160.720000000,1686.272600000,6474.454000000,8160.726558000,7122.892118000,1037.834440000,1.000000005,1037.834486000,7122.892114000,0.000000000,7122.892118000,7122.892114000,0.999999999,1037.834486000,8160.726600000,0.000000000,-0.006600000,-0.000080875,0.422049000,5933.181300000,4186.000000000,0.512944521,1.461538462,0.684416122,0.468284715,4186.000000000,0.000000000,0.000000000,energia_activa_punta_fuera,split_matches_reported_total,MT3,B_08.csv,measured,,,,none,0.000000000,0.000000000,ok
8,PNP- ESCUELA TECNICA SUPERIOR-IQUITOS,2024,1,7452.908400000,1353.181700000,6099.726700000,1353.181700000,6099.726700000,7452.908400000,7452.910000000,1353.181700000,6099.726700000,7452.908352000,6820.278132000,632.630220000,1.000000006,632.630274000,6820.278126000,0.000000000,6820.278132000,6820.278126000,0.999999999,632.630274000,7452.908400000,-0.000000000,0.001600000,0.000021468,0.487473000,6141.363100000,3937.500000000,0.528317241,1.461538462,0.712453186,0.487467969,3937.500000000,-0.000000000,-0.000000000,energia_activa_punta_fuera,split_matches_reported_total,MT3,B_08.csv,measured,,,,none,0.000000000,0.000000000,ok
8,PNP- ESCUELA TECNICA SUPERIOR-IQUITOS,2024,2,7348.817500000,1436.454400000,5912.363100000,1436.454400000,5912.363100000,7348.817500000,7348.810000000,1436.454400000,5912.363100000,7348.817534000,6573.058849000,775.758685000,0.999999995,775.758654000,6573.058846000,0.000000000,6573.058849000,6573.058846000,1.000000000,775.758654000,7348.817500000,0.000000000,-0.007500000,-0.000102057,0.471421000,6141.363100000,3107.000000000,0.422789109,1.461538462,0.566789237,0.387803162,3107.000000000,0.000000000,0.000000000,energia_activa_punta_fuera,split_matches_reported_total,MT3,B_08.csv,measured,,,,none,0.000000000,0.000000000,ok
8,PNP- ESCUELA TECNICA SUPERIOR-IQUITOS,2024,3,7536.181200000,1478.090800000,6058.090400000,1478.090800000,6058.090400000,7536.181200000,7536.180000000,1478.090800000,6058.090400000,7536.181165000,6730.685395000,805.495770000,1.000000005,805.495808000,6730.685392000,0.000000000,6730.685395000,6730.685392000,1.000000000,805.495808000,7536.181200000,0.000000000,-0.001200000,-0.000015923,0.457070000,5579.272200000,3547.000000000,0.470662781,1.461538462,0.630790843,0.431593734,3547.000000000,0.000000000,0.000000000,energia_activa_punta_fuera,split_matches_reported_total,MT3,B_08.csv,measured,,,,none,0.000000000,0.000000000,ok
8,PNP- ESCUELA TECNICA SUPERIOR-IQUITOS,2024,4,8119.090200000,1478.090800000,6640.999400000,1478.090800000,6640.999400000,8119.090200000,8119.090000000,1478.090800000,6640.999400000,8119.090190000,7334.896430000,784.193760000,1.000000001,784.193771000,7334.896429000,0.000000000,7334.896430000,7334.896429000,1.000000000,784.193771000,8119.090200000,-0.000000000,-0.000200000,-0.000002463,0.501543000,5849.908600000,3540.500000000,0.436071027,1.461538462,0.587934189,0.402270761,3540.500000000,0.000000000,0.000000000,energia_activa_punta_fuera,split_matches_reported_total,MT3,B_08.csv,measured,,,,none,0.000000000,0.000000000,ok
8,PNP- ESCUELA TECNICA SUPERIOR-IQUITOS,2024,5,7598.635700000,1519.727100000,6078.908600000,1519.727100000,6078.908600000,7598.635700000,7598.640000000,1519.727100000,6078.908600000,7598.635706000,6780.663271000,817.972435000,0.999999999,817.972432000,6780.663268000,0.000000000,6780.663271000,6780.663268000,1.000000000,817.972432000,7598.635700000,-0.000000000,0.004300000,0.000056589,0.501924000,5537.635900000,3359.500000000,0.442118840,1.461538462,0.591567463,0.404756685,3359.500000000,0.000000000,0.000000000,energia_activa_punta_fuera,split_matches_reported_total,MT3,B_08.csv,measured,,,,none,0.000000000,0.000000000,ok
8,PNP- ESCUELA TECNICA SUPERIOR-IQUITOS,2024,6,8535.453800000,1748.727100000,6786.726700000,1748.727100000,6786.726700000,8535.453800000,8535.460000000,1748.727100000,6786.726700000,8535.453780000,7391.181855000,1144.271925000,1.000000002,1144.271945000,7391.181855000,0.000000000,7391.181855000,7391.181855000,1.000000000,1144.271945000,8535.453800000,0.000000000,0.006200000,0.000072638,0.470615000,5516.817700000,7568.000000000,0.886654673,1.461538462,1.183928679,0.810056464,7568.000000000,0.000000000,0.000000000,energia_activa_punta_fuera,split_matches_reported_total,MT3,B_08.csv,measured,,,,none,0.000000000,0.000000000,ok
8,PNP- ESCUELA TECNICA SUPERIOR-IQUITOS,2024,7,8431.362900000,1623.818000000,6807.544900000,1623.818000000,6807.544900000,8431.362900000,8431.360000000,1623.818000000,6807.544900000,8431.362942000,7492.983882000,938.379060000,0.999999995,938.379021000,7492.983879000,0.000000000,7492.983882000,7492.983879000,1.000000000,938.379021000,8431.362900000,0.000000000,-0.002900000,-0.000034395,0.453629000,5079.635900000,4102.500000000,0.486576138,1.461538462,0.653096702,0.446855638,4102.500000000,0.000000000,0.000000000,energia_activa_punta_fuera,split_matches_reported_total,MT3,B_08.csv,measured,,,,none,0.000000000,0.000000000,ok
8,PNP- ESCUELA TECNICA SUPERIOR-IQUITOS,2024,8,7681.908400000,1540.545300000,6141.363100000,1540.545300000,6141.363100000,7681.908400000,7681.910000000,1540.545300000,6141.363100000,7681.908419000,6827.242624000,854.665795000,0.999999998,854.665776000,6827.242624000,0.000000000,6827.242624000,6827.242624000,1.000000000,854.665776000,7681.908400000,-0.000000000,0.001600000,0.000020828,0.453540000,5475.181300000,3892.000000000,0.506644937,1.461538462,0.677749983,0.463723672,3892.000000000,0.000000000,0.000000000,energia_activa_punta_fuera,split_matches_reported_total,MT3,B_08.csv,measured,,,,none,0.000000000,0.000000000,ok
8,PNP- ESCUELA TECNICA SUPERIOR-IQUITOS,2024,9,6953.272100000,1373.999900000,5579.272200000,1373.999900000,5579.272200000,6953.272100000,6953.270000000,1373.999900000,5579.272200000,6953.272046000,6245.009486000,708.262560000,1.000000008,708.262614000,6245.009486000,0.000000000,6245.009486000,6245.009486000,1.000000000,708.262614000,6953.272100000,0.000000000,-0.002100000,-0.000030202,0.468574000,5641.726800000,3584.500000000,0.515512689,1.461538462,0.690469295,0.472426360,3584.500000000,0.000000000,0.000000000,energia_activa_punta_fuera,split_matches_reported_total,MT3,B_08.csv,measured,,,,none,0.000000000,0.000000000,ok
8,PNP- ESCUELA TECNICA SUPERIOR-IQUITOS,2024,10,7848.453800000,1519.727100000,6328.726700000,1519.727100000,6328.726700000,7848.453800000,7848.460000000,1519.727100000,6328.726700000,7848.453742000,7043.302087000,805.151655000,1.000000007,805.151713000,7043.302087000,0.000000000,7043.302087000,7043.302087000,1.000000000,805.151713000,7848.453800000,-0.000000000,0.006200000,0.000078996,0.443737000,4600.817800000,3650.000000000,0.465059755,1.461538462,0.623941380,0.426907260,3650.000000000,0.000000000,0.000000000,energia_activa_punta_fuera,split_matches_reported_total,MT3,B_08.csv,measured,,,,none,0.000000000,0.000000000,ok
8,PNP- ESCUELA TECNICA SUPERIOR-IQUITOS,2024,11,9555.544600000,1936.090700000,7619.453900000,1936.090700000,7619.453900000,9555.544600000,9555.540000000,1936.090700000,7619.453900000,9555.544579000,8268.613314000,1286.931265000,1.000000002,1286.931287000,8268.613313000,0.000000000,8268.613314000,8268.613313000,1.000000000,1286.931287000,9555.544600000,0.000000000,-0.004600000,-0.000048140,0.490385000,46903.359500000,6323.000000000,0.661710061,1.461538462,0.884409724,0.605122443,6323.000000000,0.000000000,0.000000000,energia_activa_punta_fuera,split_matches_reported_total,MT3,B_08.csv,measured,,,,none,0.000000000,0.000000000,ok
8,PNP- ESCUELA TECNICA SUPERIOR-IQUITOS,2024,12,9680.453700000,1915.272600000,7765.181100000,1915.272600000,7765.181100000,9680.453700000,9680.450000000,1915.272600000,7765.181100000,9680.453684000,8432.029529000,1248.424155000,1.000000002,1248.424171000,8432.029529000,0.000000000,8432.029529000,8432.029529000,1.000000000,1248.424171000,9680.453700000,-0.000000000,-0.003700000,-0.000038221,0.542717000,11250.739270000,3512.000000000,0.362792913,1.461538462,0.485868635,0.332436434,3512.000000000,0.000000000,0.000000000,energia_activa_punta_fuera,split_matches_reported_total,MT3,B_08.csv,measured,,,,none,0.000000000,0.000000000,ok
8,PNP- ESCUELA TECNICA SUPERIOR-IQUITOS,2025,1,8889.362800000,1727.908900000,7161.453900000,1727.908900000,7161.453900000,8889.362800000,8889.360000000,1727.908900000,7161.453900000,8889.362804000,7847.466204000,1041.896600000,1.000000000,1041.896598000,7847.466202000,0.000000000,7847.466204000,7847.466202000,1.000000000,1041.896598000,8889.362800000,0.000000000,-0.002800000,-0.000031498,0.482158000,12066.896900000,3918.000000000,0.440751501,1.461538462,0.591141831,0.404465463,3918.000000000,0.000000000,0.000000000,energia_activa_punta_fuera,split_matches_reported_total,MT3,B_08.csv,measured,,,,none,0.000000000,0.000000000,ok
8,PNP- ESCUELA TECNICA SUPERIOR-IQUITOS,2025,2,10159.271900000,2123.454400000,8035.817500000,2123.454400000,8035.817500000,10159.271900000,10159.270000000,2123.454400000,8035.817500000,10159.271862000,8634.105902000,1525.165960000,1.000000004,1525.165998000,8634.105902000,0.000000000,8634.105902000,8634.105902000,1.000000000,1525.165998000,10159.271900000,0.000000000,-0.001900000,-0.000018702,0.480694000,13002.622500000,8542.000000000,0.840808287,1.461538462,1.120755380,0.766832629,8542.000000000,0.000000000,0.000000000,energia_activa_punta_fuera,split_matches_reported_total,MT3,B_08.csv,measured,,,,none,0.000000000,0.000000000,ok
8,PNP- ESCUELA TECNICA SUPERIOR-IQUITOS,2025,3,11262.635300000,2456.545200000,8806.090100000,2456.545200000,8806.090100000,11262.635300000,11262.640000000,2456.545200000,8806.090100000,11262.635299000,9437.857014000,1824.778285000,1.000000000,1824.778286000,9437.857014000,0.000000000,9437.857014000,9437.857014000,1.000000000,1824.778286000,11262.635300000,-0.000000000,0.004700000,0.000041731,0.469617000,14134.477720000,5248.000000000,0.465965545,1.461538462,0.618739161,0.423347847,5248.000000000,-0.000000000,-0.000000000,energia_activa_punta_fuera,split_matches_reported_total,MT3,B_08.csv,measured,,,,none,0.000000000,0.000000000,ok
8,PNP- ESCUELA TECNICA SUPERIOR-IQUITOS,2025,4,12032.908000000,2685.545200000,9347.362800000,2685.545200000,9347.362800000,12032.908000000,12032.910000000,2685.545200000,9347.362800000,12032.907992000,10003.336152000,2029.571840000,1.000000001,2029.571851000,10003.336149000,0.000000000,10003.336152000,10003.336149000,1.000000000,2029.571851000,12032.908000000,0.000000000,0.002000000,0.000016621,0.521284000,15371.520070000,5399.000000000,0.448686219,1.461538462,0.594530896,0.406784297,5399.000000000,0.000000000,0.000000000,energia_activa_punta_fuera,split_matches_reported_total,MT3,B_08.csv,measured,,,,none,0.000000000,0.000000000,ok
8,PNP- ESCUELA TECNICA SUPERIOR-IQUITOS,2025,5,11658.180800000,2706.363400000,8951.817400000,2706.363400000,8951.817400000,11658.180800000,11658.180000000,2706.363400000,8951.817400000,11658.180760000,9609.569315000,2048.611445000,1.000000003,2048.611485000,9609.569315000,0.000000000,9609.569315000,9609.569315000,1.000000000,2048.611485000,11658.180800000,0.000000000,-0.000800000,-0.000006862,0.495400000,16761.490540000,5197.500000000,0.445824275,1.461538462,0.588532293,0.402679990,5197.500000000,0.000000000,0.000000000,energia_activa_punta_fuera,split_matches_reported_total,MT3,B_08.csv,measured,,,,none,0.000000000,0.000000000,ok
8,PNP- ESCUELA TECNICA SUPERIOR-IQUITOS,2025,6,12532.544400000,3018.636100000,9513.908300000,3018.636100000,9513.908300000,12532.544400000,12532.550000000,3018.636100000,9513.908300000,12532.544369000,10126.334024000,2406.210345000,1.000000003,2406.210376000,10126.334024000,0.000000000,10126.334024000,10126.334024000,1.000000000,2406.210376000,12532.544400000,0.000000000,0.005600000,0.000044684,0.486110000,18498.729500000,5895.000000000,0.470375353,1.461538462,0.618692881,0.423316182,5895.000000000,-0.000000000,-0.000000000,energia_activa_punta_fuera,split_matches_reported_total,MT3,B_08.csv,measured,,,,none,0.000000000,0.000000000,ok
8,PNP- ESCUELA TECNICA SUPERIOR-IQUITOS,2025,7,11866.362600000,2976.999700000,8889.362900000,2976.999700000,8889.362900000,11866.362600000,11866.360000000,2976.999700000,8889.362900000,11866.362652000,9535.868737000,2330.493915000,0.999999996,2330.493865000,9535.868735000,0.000000000,9535.868737000,9535.868735000,1.000000000,2330.493865000,11866.362600000,0.000000000,-0.002600000,-0.000021911,0.460270000,395.545400000,6326.000000000,0.533103548,1.461538462,0.698296012,0.477781482,6326.000000000,0.000000000,0.000000000,energia_activa_punta_fuera,split_matches_reported_total,MT3,B_08.csv,measured,,,,none,0.000000000,0.000000000,ok
8,PNP- ESCUELA TECNICA SUPERIOR-IQUITOS,2025,8,11949.635300000,2706.363400000,9243.271900000,2706.363400000,9243.271900000,11949.635300000,11949.630000000,2706.363400000,9243.271900000,11949.635343000,9871.893623000,2077.741720000,0.999999996,2077.741677000,9871.893623000,0.000000000,9871.893623000,9871.893623000,1.000000000,2077.741677000,11949.635300000,0.000000000,-0.005300000,-0.000044353,0.501397000,5037.999600000,12670.000000000,1.060283405,1.461538462,1.402990877,0.959941126,12670.000000000,0.000000000,0.000000000,energia_activa_punta_fuera,split_matches_reported_total,MT3,B_08.csv,measured,,,,none,0.000000000,0.000000000,ok
8,PNP- ESCUELA TECNICA SUPERIOR-IQUITOS,2025,9,11595.726300000,2852.090700000,8743.635600000,2852.090700000,8743.635600000,11595.726300000,11595.730000000,2852.090700000,8743.635600000,11595.726309000,9402.836739000,2192.889570000,0.999999999,2192.889564000,9402.836736000,0.000000000,9402.836739000,9402.836736000,1.000000000,2192.889564000,11595.726300000,0.000000000,0.003700000,0.000031908,0.432185000,5433.545000000,6450.500000000,0.556282533,1.461538462,0.730142384,0.499571105,6450.500000000,0.000000000,0.000000000,energia_activa_punta_fuera,split_matches_reported_total,MT3,B_08.csv,measured,,,,none,0.000000000,0.000000000,ok
8,PNP- ESCUELA TECNICA SUPERIOR-IQUITOS,2025,10,10596.453600000,2935.363400000,7661.090200000,2935.363400000,7661.090200000,10596.453600000,10596.450000000,2935.363400000,7661.090200000,10596.453554000,8350.876924000,2245.576630000,1.000000004,2245.576676000,8350.876924000,0.000000000,8350.876924000,8350.876924000,1.000000000,2245.576676000,10596.453600000,0.000000000,-0.003600000,-0.000033974,0.436384000,4975.545000000,5696.500000000,0.537585518,1.461538462,0.696635340,0.476645233,5696.500000000,0.000000000,0.000000000,energia_activa_punta_fuera,split_matches_reported_total,MT3,B_08.csv,measured,,,,none,0.000000000,0.000000000,ok
8,PNP- ESCUELA TECNICA SUPERIOR-IQUITOS,2025,11,11762.271700000,2976.999700000,8785.272000000,2976.999700000,8785.272000000,11762.271700000,11762.270000000,2976.999700000,8785.272000000,11762.271670000,9396.015170000,2366.256500000,1.000000003,2366.256530000,9396.015170000,0.000000000,9396.015170000,9396.015170000,1.000000000,2366.256530000,11762.271700000,0.000000000,-0.001700000,-0.000014453,0.506272000,5412.726800000,6038.000000000,0.513336212,1.461538462,0.671786449,0.459643360,6038.000000000,0.000000000,0.000000000,energia_activa_punta_fuera,split_matches_reported_total,MT3,B_08.csv,measured,,,,none,0.000000000,0.000000000,ok
8,PNP- ESCUELA TECNICA SUPERIOR-IQUITOS,2025,12,12157.817100000,3039.454300000,9118.362800000,3039.454300000,9118.362800000,12157.817100000,12157.810000000,3039.454300000,9118.362800000,12157.817099000,9811.564974000,2346.252125000,1.000000000,2346.252126000,9811.564974000,0.000000000,9811.564974000,9811.564974000,1.000000000,2346.252126000,12157.817100000,0.000000000,-0.007100000,-0.000058399,0.458254000,5079.635900000,6257.000000000,0.514648308,1.461538462,0.674366748,0.461408828,6257.000000000,0.000000000,0.000000000,energia_activa_punta_fuera,split_matches_reported_total,MT3,B_08.csv,measured,,,,none,0.000000000,0.000000000,ok
9,GOBIERNO REGIONAL DE LORETO - COER,2023,1,2914.545200000,562.090900000,2352.454300000,562.090900000,2352.454300000,2914.545200000,4267.730000000,562.090900000,2352.454300000,2914.545201000,2914.545201000,0.000000000,1.000000000,0.000000000,2914.545200000,0.000000000,2914.545201000,2914.545200000,0.999999999,0.000000000,2914.545200000,0.000000000,1353.184800000,46.428677792,0.249287000,895.181700000,2297.500000000,0.788287655,1.461538462,1.057944071,0.723856470,2297.500000000,0.000000000,0.000000000,energia_activa_punta_fuera,split_reported_total_mismatch,MT2,B_09.csv,measured,,,,critical_precision_ac,21.600000000,10.000000000,ok
9,GOBIERNO REGIONAL DE LORETO - COER,2023,2,4850.636000000,666.181800000,4184.454200000,666.181800000,4184.454200000,4850.636000000,5287.820000000,666.181800000,4184.454200000,4850.636001000,4850.636001000,0.000000000,1.000000000,0.000000000,4850.636000000,0.000000000,4850.636001000,4850.636000000,0.999999999,0.000000000,4850.636000000,0.000000000,437.184000000,9.012921192,0.283869000,1561.363500000,4970.000000000,1.024607907,1.461538462,1.408239426,0.963532239,4970.000000000,0.000000000,0.000000000,energia_activa_punta_fuera,split_reported_total_mismatch,MT2,B_09.csv,measured,,,,critical_precision_ac,21.600000000,10.000000000,ok
9,GOBIERNO REGIONAL DE LORETO - COER,2023,3,3872.181400000,582.909000000,3289.272400000,582.909000000,3289.272400000,3872.181400000,4413.460000000,582.909000000,3289.272400000,3872.181403000,3872.181403000,0.000000000,0.999999999,0.000000000,3872.181400000,0.000000000,3872.181403000,3872.181400000,0.999999999,0.000000000,3872.181400000,-0.000000000,541.278600000,13.978647798,0.263605000,1186.636300000,2412.500000000,0.623033828,1.461538462,0.851431382,0.582558314,2412.500000000,0.000000000,0.000000000,energia_activa_punta_fuera,split_reported_total_mismatch,MT2,B_09.csv,measured,,,,critical_precision_ac,21.600000000,10.000000000,ok
9,GOBIERNO REGIONAL DE LORETO - COER,2023,4,4434.272300000,686.999900000,3747.272400000,686.999900000,3747.272400000,4434.272300000,4538.360000000,686.999900000,3747.272400000,4434.272298000,4434.272298000,0.000000000,1.000000000,0.000003000,4434.272297000,0.000000000,4434.272298000,4434.272297000,0.999999999,0.000003000,4434.272300000,0.000000000,104.087700000,2.347345696,0.328703000,1311.545300000,2428.000000000,0.547553203,1.461538462,0.746864786,0.511012748,2428.000000000,0.000000000,0.000000000,energia_activa_punta_fuera,split_reported_total_mismatch,MT2,B_09.csv,measured,,,,critical_precision_ac,21.600000000,10.000000000,ok
9,GOBIERNO REGIONAL DE LORETO - COER,2023,5,4080.363300000,603.727300000,3476.636000000,603.727300000,3476.636000000,4080.363300000,4080.360000000,603.727300000,3476.636000000,4080.363300000,4080.363300000,0.000000000,1.000000000,0.000000000,4080.363300000,0.000000000,4080.363300000,4080.363300000,1.000000000,0.000000000,4080.363300000,0.000000000,-0.003300000,-0.000080875,0.878141000,1186.636200000,4606.000000000,1.128821054,1.461538462,1.544353259,1.056662756,4606.000000000,0.000000000,0.000000000,energia_activa_punta_fuera,split_matches_reported_total,MT2,B_09.csv,measured,,,,critical_precision_ac,21.600000000,10.000000000,ok
9,GOBIERNO REGIONAL DE LORETO - COER,2023,6,4496.726800000,686.999900000,3809.726900000,686.999900000,3809.726900000,4496.726800000,3497.460000000,686.999900000,3809.726900000,4496.726800000,4496.726800000,0.000000000,1.000000000,0.000000000,4496.726800000,0.000000000,4496.726800000,4496.726800000,0.999999999,0.000000000,4496.726800000,-0.000000000,-999.266800000,-22.222092745,0.315789000,1332.363500000,4216.000000000,0.937570857,1.461538462,1.280036862,0.875814695,4216.000000000,0.000000000,0.000000000,energia_activa_punta_fuera,split_reported_total_mismatch,MT2,B_09.csv,measured,,,,critical_precision_ac,21.600000000,10.000000000,ok
9,GOBIERNO REGIONAL DE LORETO - COER,2023,7,3622.363300000,603.727200000,3018.636100000,603.727200000,3018.636100000,3622.363300000,3768.090000000,603.727200000,3018.636100000,3622.363299000,3622.363299000,0.000000000,1.000000000,0.000001000,3622.363299000,0.000000000,3622.363299000,3622.363299000,1.000000000,0.000001000,3622.363300000,0.000000000,145.726700000,4.022973068,0.298354000,1061.727200000,1606.000000000,0.443356965,1.461538462,0.601698740,0.411688611,1606.000000000,0.000000000,0.000000000,energia_activa_punta_fuera,split_reported_total_mismatch,MT2,B_09.csv,measured,,,,critical_precision_ac,21.600000000,10.000000000,ok
9,GOBIERNO REGIONAL DE LORETO - COER,2023,8,4267.726900000,562.090900000,3705.636000000,562.090900000,3705.636000000,4267.726900000,4246.900000000,562.090900000,3705.636000000,4267.726904000,4267.726904000,0.000000000,0.999999999,0.000000000,4267.726900000,0.000000000,4267.726904000,4267.726900000,0.999999998,0.000000000,4267.726900000,0.000000000,-20.826900000,-0.488009202,0.273771000,1311.545300000,2022.500000000,0.473905676,1.461538462,0.652940431,0.446748716,2022.500000000,-0.000000000,-0.000000000,energia_activa_punta_fuera,split_matches_reported_total,MT2,B_09.csv,measured,,,,critical_precision_ac,21.600000000,10.000000000,ok
9,GOBIERNO REGIONAL DE LORETO - COER,2023,9,5287.817800000,666.181800000,4621.636000000,666.181800000,4621.636000000,5287.817800000,4559.180000000,666.181800000,4621.636000000,5287.817800000,5287.817800000,0.000000000,1.000000000,0.000000000,5287.817800000,0.000000000,5287.817800000,5287.817800000,1.000000000,0.000000000,5287.817800000,0.000000000,-728.637800000,-13.779555718,0.306763000,2081.818000000,2094.500000000,0.396099124,1.461538462,0.547101995,0.374332944,2094.500000000,0.000000000,0.000000000,energia_activa_punta_fuera,split_reported_total_mismatch,MT2,B_09.csv,measured,,,,critical_precision_ac,21.600000000,10.000000000,ok
9,GOBIERNO REGIONAL DE LORETO - COER,2023,10,4413.454100000,582.909000000,3830.545100000,582.909000000,3830.545100000,4413.454100000,4205.280000000,582.909000000,3830.545100000,4413.454098000,4413.454098000,0.000000000,1.000000000,0.000002000,4413.454098000,0.000000000,4413.454098000,4413.454098000,0.999999999,0.000002000,4413.454100000,-0.000000000,-208.174100000,-4.716806730,0.258284000,1269.909000000,2024.500000000,0.458711013,1.461538462,0.631904229,0.432355525,2024.500000000,-0.000000000,-0.000000000,energia_activa_punta_fuera,split_reported_total_mismatch,MT2,B_09.csv,measured,,,,critical_precision_ac,21.600000000,10.000000000,ok
9,GOBIERNO REGIONAL DE LORETO - COER,2023,11,4538.363200000,520.454500000,4017.908700000,520.454500000,4017.908700000,4538.363200000,3809.730000000,520.454500000,4017.908700000,4538.363199000,4538.363199000,0.000000000,1.000000000,0.000002000,4538.363198000,0.000000000,4538.363199000,4538.363198000,0.999999998,0.000002000,4538.363200000,0.000000000,-728.633200000,-16.054977706,0.258784000,1498.909000000,2078.000000000,0.457874328,1.461538462,0.635561483,0.434857857,2078.000000000,0.000000000,0.000000000,energia_activa_punta_fuera,split_reported_total_mismatch,MT2,B_09.csv,measured,,,,critical_precision_ac,21.600000000,10.000000000,ok
9,GOBIERNO REGIONAL DE LORETO - COER,2023,12,4080.363300000,458.000000000,3622.363300000,458.000000000,3622.363300000,4080.363300000,3476.640000000,458.000000000,3622.363300000,4080.363297000,4080.363297000,0.000000000,1.000000001,0.000003000,4080.363297000,0.000000000,4080.363297000,4080.363297000,1.000000000,0.000003000,4080.363300000,0.000000000,-603.723300000,-14.795822225,0.286549000,1269.909000000,1881.000000000,0.460988363,1.461538462,0.640567410,0.438282965,1881.000000000,0.000000000,0.000000000,energia_activa_punta_fuera,split_reported_total_mismatch,MT2,B_09.csv,measured,,,,critical_precision_ac,21.600000000,10.000000000,ok
9,GOBIERNO REGIONAL DE LORETO - COER,2024,1,3497.454200000,395.545400000,3101.908800000,395.545400000,3101.908800000,3497.454200000,3872.180000000,395.545400000,3101.908800000,3497.454199000,3497.454199000,0.000000000,1.000000000,0.000001000,3497.454199000,0.000000000,3497.454199000,3497.454199000,0.999999999,0.000001000,3497.454200000,0.000000000,374.725800000,10.714244664,0.222222000,1103.363500000,1978.000000000,0.565554225,1.461538462,0.785574017,0.537498011,1978.000000000,0.000000000,0.000000000,energia_activa_punta_fuera,split_reported_total_mismatch,MT2,B_09.csv,measured,,,,critical_precision_ac,21.600000000,10.000000000,ok
9,GOBIERNO REGIONAL DE LORETO - COER,2024,2,3768.090600000,416.363600000,3351.727000000,416.363600000,3351.727000000,3768.090600000,3830.550000000,416.363600000,3351.727000000,3768.090597000,3768.090597000,0.000000000,1.000000001,0.000004000,3768.090596000,0.000000000,3768.090597000,3768.090596000,0.999999997,0.000004000,3768.090600000,-0.000000000,62.459400000,1.657587533,0.279320000,1061.727200000,2236.000000000,0.593403991,1.461538462,0.825198676,0.564609620,2236.000000000,0.000000000,0.000000000,energia_activa_punta_fuera,split_matches_reported_total,MT2,B_09.csv,measured,,,,critical_precision_ac,21.600000000,10.000000000,ok
9,GOBIERNO REGIONAL DE LORETO - COER,2024,3,4246.908700000,520.454500000,3726.454200000,520.454500000,3726.454200000,4246.908700000,4330.180000000,520.454500000,3726.454200000,4246.908699000,4246.908699000,0.000000000,1.000000000,0.000001000,4246.908699000,0.000000000,4246.908699000,4246.908699000,1.000000000,0.000001000,4246.908700000,0.000000000,83.271300000,1.960750887,0.304659000,1373.999900000,2331.000000000,0.548869817,1.461538462,0.759250325,0.519487064,2331.000000000,-0.000000000,-0.000000000,energia_activa_punta_fuera,split_matches_reported_total,MT2,B_09.csv,measured,,,,critical_precision_ac,21.600000000,10.000000000,ok
9,GOBIERNO REGIONAL DE LORETO - COER,2024,4,4559.181400000,541.272700000,4017.908700000,541.272700000,4017.908700000,4559.181400000,4080.370000000,541.272700000,4017.908700000,4559.181403000,4559.181403000,0.000000000,0.999999999,0.000000000,4559.181400000,0.000000000,4559.181403000,4559.181400000,0.999999999,0.000000000,4559.181400000,0.000000000,-478.811400000,-10.502135318,0.295307000,1707.090800000,1947.000000000,0.427050347,1.461538462,0.591727103,0.404865913,1947.000000000,0.000000000,0.000000000,energia_activa_punta_fuera,split_reported_total_mismatch,MT2,B_09.csv,measured,,,,critical_precision_ac,21.600000000,10.000000000,ok
9,GOBIERNO REGIONAL DE LORETO - COER,2024,5,4205.272400000,624.545400000,3580.727000000,624.545400000,3580.727000000,4205.272400000,4080.360000000,624.545400000,3580.727000000,4205.272403000,4205.272403000,0.000000000,0.999999999,0.000000000,4205.272400000,0.000000000,4205.272403000,4205.272400000,0.999999999,0.000000000,4205.272400000,0.000000000,-124.912400000,-2.970375950,0.267195000,1415.636200000,300.500000000,0.071457916,1.461538462,0.097738945,0.066874015,300.500000000,0.000000000,0.000000000,energia_activa_punta_fuera,split_reported_total_mismatch,MT2,B_09.csv,measured,,,,critical_precision_ac,21.600000000,10.000000000,ok
9,GOBIERNO REGIONAL DE LORETO - COER,2024,6,3809.726900000,499.636300000,3310.090600000,499.636300000,3310.090600000,3809.726900000,3185.180000000,499.636300000,3310.090600000,3809.726902000,3809.726902000,0.000000000,1.000000000,0.000001000,3809.726899000,0.000000000,3809.726902000,3809.726899000,0.999999999,0.000001000,3809.726900000,0.000000000,-624.546900000,-16.393482168,0.237538000,1186.636300000,1704.500000000,0.447407398,1.461538462,0.616581659,0.421871662,1704.500000000,0.000000000,0.000000000,energia_activa_punta_fuera,split_reported_total_mismatch,MT2,B_09.csv,measured,,,,critical_precision_ac,21.600000000,10.000000000,ok
9,GOBIERNO REGIONAL DE LORETO - COER,2024,7,3476.636100000,458.000000000,3018.636100000,458.000000000,3018.636100000,3476.636100000,4455.090000000,458.000000000,3018.636100000,3476.636096000,3476.636096000,0.000000000,1.000000001,0.000004000,3476.636096000,0.000000000,3476.636096000,3476.636096000,1.000000000,0.000004000,3476.636100000,-0.000000000,978.453900000,28.143696144,0.257715000,936.818100000,2168.500000000,0.623735110,1.461538462,0.859362351,0.587984767,2168.500000000,0.000000000,0.000000000,energia_activa_punta_fuera,split_reported_total_mismatch,MT2,B_09.csv,measured,,,,critical_precision_ac,21.600000000,10.000000000,ok
9,GOBIERNO REGIONAL DE LORETO - COER,2024,8,3872.181500000,458.000000000,3414.181500000,458.000000000,3414.181500000,3872.181500000,4205.270000000,458.000000000,3414.181500000,3872.181499000,3872.181499000,0.000000000,1.000000000,0.000003000,3872.181497000,0.000000000,3872.181499000,3872.181497000,0.999999995,0.000003000,3872.181500000,0.000000000,333.088500000,8.602089029,0.307539000,686.999900000,2113.000000000,0.545687231,1.461538462,0.756258300,0.517439890,2113.000000000,0.000000000,0.000000000,energia_activa_punta_fuera,split_reported_total_mismatch,MT2,B_09.csv,measured,,,,critical_precision_ac,21.600000000,10.000000000,ok
9,GOBIERNO REGIONAL DE LORETO - COER,2024,9,3830.545100000,499.636300000,3330.908800000,499.636300000,3330.908800000,3830.545100000,4809.000000000,499.636300000,3330.908800000,3830.545098000,3830.545098000,0.000000000,1.000000000,0.000003000,3830.545097000,0.000000000,3830.545098000,3830.545097000,0.999999998,0.000003000,3830.545100000,-0.000000000,978.454900000,25.543489881,0.280830000,1436.454400000,2489.000000000,0.649776973,1.461538462,0.895749330,0.612881121,2489.000000000,0.000000000,0.000000000,energia_activa_punta_fuera,split_reported_total_mismatch,MT2,B_09.csv,measured,,,,critical_precision_ac,21.600000000,10.000000000,ok
9,GOBIERNO REGIONAL DE LORETO - COER,2024,10,4330.181400000,520.454500000,3809.726900000,520.454500000,3809.726900000,4330.181400000,4746.550000000,520.454500000,3809.726900000,4330.181407000,4330.181407000,0.000000000,0.999999998,0.000000000,4330.181400000,0.000000000,4330.181407000,4330.181400000,0.999999996,0.000000000,4330.181400000,0.000000000,416.368600000,9.615500173,0.286028000,1436.454400000,2566.000000000,0.592584874,1.461538462,0.820566020,0.561439909,2566.000000000,0.000000000,0.000000000,energia_activa_punta_fuera,split_reported_total_mismatch,MT2,B_09.csv,measured,,,,critical_precision_ac,21.600000000,10.000000000,ok
9,GOBIERNO REGIONAL DE LORETO - COER,2024,11,4080.363200000,478.818100000,3601.545100000,478.818100000,3601.545100000,4080.363200000,4913.090000000,478.818100000,3601.545100000,4080.363197000,4080.363197000,0.000000000,1.000000001,0.000004000,4080.363196000,0.000000000,4080.363197000,4080.363196000,0.999999999,0.000004000,4080.363200000,0.000000000,832.726800000,20.408153862,0.295894000,1457.272600000,2745.000000000,0.672734231,1.461538462,0.932711201,0.638170821,2745.000000000,0.000000000,0.000000000,energia_activa_punta_fuera,split_reported_total_mismatch,MT2,B_09.csv,measured,,,,critical_precision_ac,21.600000000,10.000000000,ok
9,GOBIERNO REGIONAL DE LORETO - COER,2024,12,4080.363300000,520.454500000,3559.908800000,520.454500000,3559.908800000,4080.363300000,4434.270000000,520.454500000,3559.908800000,4080.363297000,4080.363297000,0.000000000,1.000000001,0.000005000,4080.363295000,0.000000000,4080.363297000,4080.363295000,0.999999998,0.000005000,4080.363300000,0.000000000,353.906700000,8.673411507,0.320260000,1165.818100000,2816.000000000,0.690134626,1.461538462,0.952580188,0.651765392,2816.000000000,-0.000000000,-0.000000000,energia_activa_punta_fuera,split_reported_total_mismatch,MT2,B_09.csv,measured,,,,critical_precision_ac,21.600000000,10.000000000,ok
9,GOBIERNO REGIONAL DE LORETO - COER,2025,1,3185.181600000,353.909100000,2831.272500000,353.909100000,2831.272500000,3185.181600000,4288.550000000,353.909100000,2831.272500000,3185.181603000,3185.181603000,0.000000000,0.999999999,0.000000000,3185.181600000,0.000000000,3185.181603000,3185.181600000,0.999999990,0.000000000,3185.181600000,0.000000000,1103.368400000,34.640674805,0.183189000,1040.909000000,2773.500000000,0.870750980,1.461538462,1.210556235,0.828275319,2773.500000000,0.000000000,0.000000000,energia_activa_punta_fuera,split_reported_total_mismatch,MT2,B_09.csv,measured,,,,critical_precision_ac,21.600000000,10.000000000,ok
9,GOBIERNO REGIONAL DE LORETO - COER,2025,2,4455.090500000,478.818100000,3976.272400000,478.818100000,3976.272400000,4455.090500000,3684.820000000,478.818100000,3976.272400000,4455.090498000,4455.090498000,0.000000000,1.000000000,0.000003000,4455.090497000,0.000000000,4455.090498000,4455.090497000,0.999999998,0.000003000,4455.090500000,0.000000000,-770.270500000,-17.289671220,0.285790000,1936.090700000,2147.000000000,0.481920625,1.461538462,0.671057969,0.459144926,2147.000000000,0.000000000,0.000000000,energia_activa_punta_fuera,split_reported_total_mismatch,MT2,B_09.csv,measured,,,,critical_precision_ac,21.600000000,10.000000000,ok
9,GOBIERNO REGIONAL DE LORETO - COER,2025,3,4205.272400000,416.363600000,3788.908800000,416.363600000,3788.908800000,4205.272400000,4413.460000000,416.363600000,3788.908800000,4205.272402000,4205.272402000,0.000000000,0.999999999,0.000000000,4205.272400000,0.000000000,4205.272402000,4205.272400000,0.999999998,0.000000000,4205.272400000,0.000000000,208.187600000,4.950632925,0.264674000,1769.545300000,4138.000000000,0.984002844,1.461538462,1.375310603,0.941001991,4138.000000000,0.000000000,0.000000000,energia_activa_punta_fuera,split_reported_total_mismatch,MT2,B_09.csv,measured,,,,critical_precision_ac,21.600000000,10.000000000,ok
9,GOBIERNO REGIONAL DE LORETO - COER,2025,4,4808.999600000,499.636300000,4309.363300000,499.636300000,4309.363300000,4808.999600000,5371.100000000,499.636300000,4309.363300000,4808.999597000,4808.999597000,0.000000000,1.000000001,0.000003000,4808.999597000,0.000000000,4808.999597000,4808.999597000,1.000000000,0.000003000,4808.999600000,0.000000000,562.100400000,11.688510018,0.317656000,2331.636200000,3036.500000000,0.631420306,1.461538462,0.880617645,0.602527863,3036.500000000,0.000000000,0.000000000,energia_activa_punta_fuera,split_reported_total_mismatch,MT2,B_09.csv,measured,,,,critical_precision_ac,21.600000000,10.000000000,ok
9,GOBIERNO REGIONAL DE LORETO - COER,2025,5,4746.545000000,499.636300000,4246.908700000,499.636300000,4246.908700000,4746.545000000,4809.000000000,499.636300000,4246.908700000,4746.544999000,4746.544999000,0.000000000,1.000000000,0.000001000,4746.544999000,0.000000000,4746.544999000,4746.544999000,1.000000000,0.000001000,4746.545000000,-0.000000000,62.455000000,1.315799176,0.304487000,2269.181600000,2692.500000000,0.567254708,1.461538462,0.790652317,0.540972638,2692.500000000,0.000000000,0.000000000,energia_activa_punta_fuera,split_matches_reported_total,MT2,B_09.csv,measured,,,,critical_precision_ac,21.600000000,10.000000000,ok
9,GOBIERNO REGIONAL DE LORETO - COER,2025,6,4913.090400000,582.909000000,4330.181400000,582.909000000,4330.181400000,4913.090400000,3893.000000000,582.909000000,4330.181400000,4913.090398000,4913.090398000,0.000000000,1.000000000,0.000002000,4913.090398000,0.000000000,4913.090398000,4913.090398000,1.000000000,0.000002000,4913.090400000,0.000000000,-1020.090400000,-20.762703654,0.292658000,2310.818000000,2086.000000000,0.424580016,1.461538462,0.588324103,0.402537544,2086.000000000,0.000000000,0.000000000,energia_activa_punta_fuera,split_reported_total_mismatch,MT2,B_09.csv,measured,,,,critical_precision_ac,21.600000000,10.000000000,ok
9,GOBIERNO REGIONAL DE LORETO - COER,2025,7,4434.272400000,562.090900000,3872.181500000,562.090900000,3872.181500000,4434.272400000,3289.270000000,562.090900000,3872.181500000,4434.272402000,4434.272402000,0.000000000,1.000000000,0.000000000,4434.272400000,0.000000000,4434.272402000,4434.272400000,0.999999999,0.000000000,4434.272400000,0.000000000,-1145.002400000,-25.821652274,0.273920000,2185.908900000,1994.000000000,0.449679185,1.461538462,0.620897870,0.424824858,1994.000000000,-0.000000000,-0.000000000,energia_activa_punta_fuera,split_reported_total_mismatch,MT2,B_09.csv,measured,,,,critical_precision_ac,21.600000000,10.000000000,ok
9,GOBIERNO REGIONAL DE LORETO - COER,2025,8,4288.545000000,582.909000000,3705.636000000,582.909000000,3705.636000000,4288.545000000,3393.360000000,582.909000000,3705.636000000,4288.545000000,4288.545000000,0.000000000,1.000000000,0.000000000,4288.545000000,0.000000000,4288.545000000,4288.545000000,1.000000000,0.000000000,4288.545000000,0.000000000,-895.185000000,-20.873862814,0.286110000,1811.181700000,2228.000000000,0.519523521,1.461538462,0.714481753,0.488855936,2228.000000000,0.000000000,0.000000000,energia_activa_punta_fuera,split_reported_total_mismatch,MT2,B_09.csv,measured,,,,critical_precision_ac,21.600000000,10.000000000,ok
9,GOBIERNO REGIONAL DE LORETO - COER,2025,9,3684.817900000,437.181800000,3247.636100000,437.181800000,3247.636100000,3684.817900000,3997.090000000,437.181800000,3247.636100000,3684.817902000,3684.817902000,0.000000000,0.999999999,0.000000000,3684.817900000,0.000000000,3684.817902000,3684.817900000,0.999999998,0.000000000,3684.817900000,0.000000000,312.272100000,8.474559896,0.231917000,1144.999900000,2458.500000000,0.667197150,1.461538462,0.924509275,0.632558978,2458.500000000,0.000000000,0.000000000,energia_activa_punta_fuera,split_reported_total_mismatch,MT2,B_09.csv,measured,,,,critical_precision_ac,21.600000000,10.000000000,ok
9,GOBIERNO REGIONAL DE LORETO - COER,2025,10,4413.454100000,478.818100000,3934.636000000,478.818100000,3934.636000000,4413.454100000,4226.090000000,478.818100000,3934.636000000,4413.454102000,4413.454102000,0.000000000,0.999999999,0.000000000,4413.454100000,0.000000000,4413.454102000,4413.454100000,0.999999998,0.000000000,4413.454100000,0.000000000,-187.364100000,-4.245293952,0.105158000,1186.636300000,2785.500000000,0.631138319,1.461538462,0.878446840,0.601042575,2785.500000000,0.000000000,0.000000000,energia_activa_punta_fuera,split_reported_total_mismatch,MT2,B_09.csv,measured,,,,critical_precision_ac,21.600000000,10.000000000,ok
9,GOBIERNO REGIONAL DE LORETO - COER,2025,11,5371.090400000,624.545400000,4746.545000000,624.545400000,4746.545000000,5371.090400000,3559.910000000,624.545400000,4746.545000000,5371.090398000,5371.090398000,0.000000000,1.000000000,0.000002000,5371.090398000,0.000000000,5371.090398000,5371.090398000,1.000000000,0.000002000,5371.090400000,0.000000000,-1811.180400000,-33.720907025,0.325757000,2185.908900000,2467.500000000,0.459403923,1.461538462,0.637237699,0.436004742,2467.500000000,0.000000000,0.000000000,energia_activa_punta_fuera,split_reported_total_mismatch,MT2,B_09.csv,measured,,,,critical_precision_ac,21.600000000,10.000000000,ok
9,GOBIERNO REGIONAL DE LORETO - COER,2025,12,4808.999600000,562.090900000,4246.908700000,562.090900000,4246.908700000,4808.999600000,3081.090000000,562.090900000,4246.908700000,4808.999600000,4808.999600000,0.000000000,1.000000000,0.000001000,4808.999599000,0.000000000,4808.999600000,4808.999599000,0.999999999,0.000001000,4808.999600000,0.000000000,-1727.909600000,-35.930749506,0.320833000,1852.818000000,2232.500000000,0.464233767,1.461538462,0.643766824,0.440472037,2232.500000000,0.000000000,0.000000000,energia_activa_punta_fuera,split_reported_total_mismatch,MT2,B_09.csv,measured,,,,critical_precision_ac,21.600000000,10.000000000,ok
10,GOBIERNO REGIONAL DE LORETO,2023,1,78109.012800000,6836.356800000,71272.656000000,6836.356800000,71272.656000000,78109.012800000,78109.020000000,6836.356800000,71272.656000000,78109.012793000,61180.276895000,16928.735898000,1.000000000,16928.735905000,61180.276895000,0.000000000,61180.276895000,61180.276895000,1.000000000,16928.735905000,78109.012800000,0.000000000,0.007200000,0.000009218,0.220987000,18763.617600000,114921.500000000,1.471296280,1.461538462,2.066864374,1.414170361,114921.500000000,0.000000000,0.000000000,energia_activa_punta_fuera,split_matches_reported_total,MT4,B_10.csv,measured,,,,controlled_cooling,131.200000000,0.000000000,ok
10,GOBIERNO REGIONAL DE LORETO,2023,2,87709.003200000,7127.265600000,80581.737600000,7127.265600000,80581.737600000,87709.003200000,87709.010000000,7127.265600000,80581.737600000,87709.003094000,57597.500266000,30111.502828000,1.000000001,30111.502934000,57597.500266000,0.000000000,57597.500266000,57597.500266000,1.000000000,30111.502934000,87709.003200000,0.000000000,0.006800000,0.000007753,0.268429000,21018.160800000,109779.000000000,1.251627495,1.461538462,1.763174255,1.206382385,109779.000000000,0.000000000,0.000000000,energia_activa_punta_fuera,split_matches_reported_total,MT4,B_10.csv,measured,,,,controlled_cooling,131.200000000,0.000000000,ok
10,GOBIERNO REGIONAL DE LORETO,2023,3,89599.910400000,7636.356000000,81963.554400000,7636.356000000,81963.554400000,89599.910400000,89599.910000000,7636.356000000,81963.554400000,89599.910612000,67042.165620000,22557.744992000,0.999999998,22557.744780000,67042.165620000,0.000000000,67042.165620000,67042.165620000,1.000000000,22557.744780000,89599.910400000,0.000000000,-0.000400000,-0.000000446,0.267361000,19854.525600000,57284.500000000,0.639336577,1.461538462,0.899050258,0.615139650,57284.500000000,0.000000000,0.000000000,energia_activa_punta_fuera,split_matches_reported_total,MT4,B_10.csv,measured,,,,controlled_cooling,131.200000000,0.000000000,ok
10,GOBIERNO REGIONAL DE LORETO,2023,4,104436.259200000,8290.900800000,96145.358400000,8290.900800000,96145.358400000,104436.259200000,104436.260000000,8290.900800000,96145.358400000,104436.259249000,57972.682444000,46463.576805000,1.000000000,46463.576756000,57972.682444000,0.000000000,57972.682444000,57972.682444000,1.000000000,46463.576756000,104436.259200000,0.000000000,0.000800000,0.000000766,0.291159000,23490.885600000,121100.000000000,1.159558959,1.461538462,1.634839119,1.118574134,121100.000000000,0.000000000,0.000000000,energia_activa_punta_fuera,split_matches_reported_total,MT4,B_10.csv,measured,,,,controlled_cooling,131.200000000,0.000000000,ok
10,GOBIERNO REGIONAL DE LORETO,2023,5,81745.372800000,6981.811200000,74763.561600000,6981.811200000,74763.561600000,81745.372800000,81745.370000000,6981.811200000,74763.561600000,81745.372747000,67247.267017000,14498.105730000,1.000000001,14498.105783000,67247.267017000,0.000000000,67247.267017000,67247.267017000,1.000000000,14498.105783000,81745.372800000,0.000000000,-0.002800000,-0.000003425,0.226905000,18618.163200000,56942.500000000,0.696583770,1.461538462,0.979473466,0.670166056,56942.500000000,0.000000000,0.000000000,energia_activa_punta_fuera,split_matches_reported_total,MT4,B_10.csv,measured,,,,controlled_cooling,131.200000000,0.000000000,ok
10,GOBIERNO REGIONAL DE LORETO,2023,6,97745.356800000,7854.537600000,89890.819200000,7854.537600000,89890.819200000,97745.356800000,97745.360000000,7854.537600000,89890.819200000,97745.356605000,61137.717779000,36607.638826000,1.000000002,36607.639021000,61137.717779000,0.000000000,61137.717779000,61137.717779000,1.000000000,36607.639021000,97745.356800000,0.000000000,0.003200000,0.000003274,0.272506000,19781.798400000,61469.000000000,0.628868746,1.461538462,0.886246816,0.606379401,61469.000000000,0.000000000,0.000000000,energia_activa_punta_fuera,split_matches_reported_total,MT4,B_10.csv,measured,,,,controlled_cooling,131.200000000,0.000000000,ok
10,GOBIERNO REGIONAL DE LORETO,2023,7,83127.189600000,7345.447200000,75781.742400000,7345.447200000,75781.742400000,83127.189600000,83127.190000000,7345.447200000,75781.742400000,83127.189563000,61778.422597000,21348.766966000,1.000000000,21348.767003000,61778.422597000,0.000000000,61778.422597000,61778.422597000,1.000000000,21348.767003000,83127.189600000,0.000000000,0.000400000,0.000000481,0.264143000,17163.619200000,54191.500000000,0.651910648,1.461538462,0.915457066,0.626365361,54191.500000000,-0.000000000,-0.000000000,energia_activa_punta_fuera,split_matches_reported_total,MT4,B_10.csv,measured,,,,controlled_cooling,131.200000000,0.000000000,ok
10,GOBIERNO REGIONAL DE LORETO,2023,8,94545.360000000,7636.356000000,86909.004000000,7636.356000000,86909.004000000,94545.360000000,94545.360000000,7636.356000000,86909.004000000,94545.359879000,69426.136809000,25119.223070000,1.000000001,25119.223191000,69426.136809000,0.000000000,69426.136809000,69426.136809000,1.000000000,25119.223191000,94545.360000000,-0.000000000,0.000000000,0.000000000,0.272331000,17818.164000000,55258.000000000,0.584460200,1.461538462,0.823512090,0.563455640,55258.000000000,0.000000000,0.000000000,energia_activa_punta_fuera,split_matches_reported_total,MT4,B_10.csv,measured,,,,controlled_cooling,131.200000000,0.000000000,ok
10,GOBIERNO REGIONAL DE LORETO,2023,9,116581.701600000,8945.445600000,107636.256000000,8945.445600000,107636.256000000,116581.701600000,116581.710000000,8945.445600000,107636.256000000,116581.701551000,64924.392768000,51657.308783000,1.000000000,51657.308832000,64924.392768000,0.000000000,64924.392768000,64924.392768000,1.000000000,51657.308832000,116581.701600000,0.000000000,0.008400000,0.000007205,0.283978000,20436.343200000,117922.500000000,1.011500934,1.461538462,1.427783470,0.976904479,117922.500000000,-0.000000000,-0.000000000,energia_activa_punta_fuera,split_matches_reported_total,MT4,B_10.csv,measured,,,,controlled_cooling,131.200000000,0.000000000,ok
10,GOBIERNO REGIONAL DE LORETO,2023,10,116872.610400000,9236.354400000,107636.256000000,9236.354400000,107636.256000000,116872.610400000,116872.610000000,9236.354400000,107636.256000000,116872.610355000,68109.203414000,48763.406941000,1.000000000,48763.406986000,68109.203414000,0.000000000,68109.203414000,68109.203414000,1.000000000,48763.406986000,116872.610400000,0.000000000,-0.000400000,-0.000000342,0.279342000,20145.434400000,65293.500000000,0.558672385,1.461538462,0.787786632,0.539011906,65293.500000000,0.000000000,0.000000000,energia_activa_punta_fuera,split_matches_reported_total,MT4,B_10.csv,measured,,,,controlled_cooling,131.200000000,0.000000000,ok
10,GOBIERNO REGIONAL DE LORETO,2023,11,123854.421600000,9818.172000000,114036.249600000,9818.172000000,114036.249600000,123854.421600000,123854.420000000,9818.172000000,114036.249600000,123854.421749000,66820.965711000,57033.456038000,0.999999999,57033.455889000,66820.965711000,0.000000000,66820.965711000,66820.965711000,1.000000000,57033.455889000,123854.421600000,0.000000000,-0.001600000,-0.000001292,0.295659000,21090.888000000,68615.000000000,0.553997178,1.461538462,0.781109707,0.534443484,68615.000000000,0.000000000,0.000000000,energia_activa_punta_fuera,split_matches_reported_total,MT4,B_10.csv,measured,,,,controlled_cooling,131.200000000,0.000000000,ok
10,GOBIERNO REGIONAL DE LORETO,2023,12,114981.703200000,9236.354400000,105745.348800000,9236.354400000,105745.348800000,114981.703200000,114981.700000000,9236.354400000,105745.348800000,114981.703255000,62920.081248000,52061.622007000,1.000000000,52061.621952000,62920.081248000,0.000000000,62920.081248000,62920.081248000,1.000000000,52061.621952000,114981.703200000,0.000000000,-0.003200000,-0.000002783,0.284803000,19563.616800000,129774.500000000,1.128653485,1.461538462,1.590599204,1.088304718,129774.500000000,0.000000000,0.000000000,energia_activa_punta_fuera,split_matches_reported_total,MT4,B_10.csv,measured,,,,controlled_cooling,131.200000000,0.000000000,ok
10,GOBIERNO REGIONAL DE LORETO,2024,1,91563.544800000,8436.355200000,83127.189600000,8436.355200000,83127.189600000,91563.544800000,91563.550000000,8436.355200000,83127.189600000,91563.544726000,68996.967020000,22566.577706000,1.000000001,22566.577780000,68996.967020000,0.000000000,68996.967020000,68996.967020000,1.000000000,22566.577780000,91563.544800000,0.000000000,0.005200000,0.000005679,0.224757000,16363.620000000,116993.500000000,1.277730130,1.461538462,1.791278347,1.225611501,116993.500000000,0.000000000,0.000000000,energia_activa_punta_fuera,split_matches_reported_total,MT4,B_10.csv,measured,,,,controlled_cooling,131.200000000,0.000000000,ok
10,GOBIERNO REGIONAL DE LORETO,2024,2,102254.443200000,9381.808800000,92872.634400000,9381.808800000,92872.634400000,102254.443200000,102254.440000000,9381.808800000,92872.634400000,102254.443251000,64331.691576000,37922.751675000,1.000000000,37922.751624000,64331.691576000,0.000000000,64331.691576000,64331.691576000,1.000000000,37922.751624000,102254.443200000,0.000000000,-0.003200000,-0.000003129,0.270467000,18036.345600000,54926.500000000,0.537155142,1.461538462,0.753178799,0.515332862,54926.500000000,-0.000000000,-0.000000000,energia_activa_punta_fuera,split_matches_reported_total,MT4,B_10.csv,measured,,,,controlled_cooling,131.200000000,0.000000000,ok
10,GOBIERNO REGIONAL DE LORETO,2024,3,106749.638700000,11027.043500000,95722.595200000,11027.043500000,95722.595200000,106749.638700000,106749.640000000,11027.043500000,95722.595200000,106749.638645000,65151.347243000,41598.291402000,1.000000001,41598.291457000,65151.347243000,0.000000000,65151.347243000,65151.347243000,1.000000000,41598.291457000,106749.638700000,-0.000000000,0.001300000,0.000001218,0.259366000,18092.781900000,53927.000000000,0.505172670,1.461538462,0.704730497,0.482184024,53927.000000000,-0.000000000,-0.000000000,energia_activa_punta_fuera,split_matches_reported_total,MT4,B_10.csv,measured,,,,controlled_cooling,131.200000000,0.000000000,ok
10,GOBIERNO REGIONAL DE LORETO,2024,4,102372.261300000,11222.461500000,91149.799800000,11222.461500000,91149.799800000,102372.261300000,102372.260000000,11222.461500000,91149.799800000,102372.261181000,67054.648737000,35317.612444000,1.000000001,35317.612563000,67054.648737000,0.000000000,67054.648737000,67054.648737000,1.000000000,35317.612563000,102372.261300000,0.000000000,-0.001300000,-0.000001270,0.257375000,17927.182100000,51901.000000000,0.506983038,1.461538462,0.705290531,0.482567205,51901.000000000,0.000000000,0.000000000,energia_activa_punta_fuera,split_matches_reported_total,MT4,B_10.csv,measured,,,,controlled_cooling,131.200000000,0.000000000,ok
10,GOBIERNO REGIONAL DE LORETO,2024,5,117900.027500000,14965.585000000,102934.442500000,14965.585000000,102934.442500000,117900.027500000,117900.030000000,14965.585000000,102934.442500000,117900.027584000,67928.294179000,49971.733405000,0.999999999,49971.733321000,67928.294179000,0.000000000,67928.294179000,67928.294179000,1.000000000,49971.733321000,117900.027500000,0.000000000,0.002500000,0.000002120,0.300008000,19191.399000000,52950.500000000,0.449113551,1.461538462,0.620069832,0.424258306,52950.500000000,0.000000000,0.000000000,energia_activa_punta_fuera,split_matches_reported_total,MT4,B_10.csv,measured,,,,controlled_cooling,131.200000000,0.000000000,ok
10,GOBIERNO REGIONAL DE LORETO,2024,6,103796.768900000,16019.474900000,87777.294000000,16019.474900000,87777.294000000,103796.768900000,103796.760000000,16019.474900000,87777.294000000,103796.768912000,59175.495597000,44621.273315000,1.000000000,44621.273303000,59175.495597000,0.000000000,59175.495597000,59175.495597000,1.000000000,44621.273303000,103796.768900000,0.000000000,-0.008900000,-0.000008574,0.264615000,15628.929800000,55996.500000000,0.539482111,1.461538462,0.736044286,0.503609248,55996.500000000,0.000000000,0.000000000,energia_activa_punta_fuera,split_matches_reported_total,MT4,B_10.csv,measured,,,,controlled_cooling,131.200000000,0.000000000,ok
10,GOBIERNO REGIONAL DE LORETO,2024,7,92577.871000000,15784.056900000,76793.814100000,15784.056900000,76793.814100000,92577.871000000,92577.870000000,15784.056900000,76793.814100000,92577.871118000,67093.963494000,25483.907624000,0.999999999,25483.907506000,67093.963494000,0.000000000,67093.963494000,67093.963494000,1.000000000,25483.907506000,92577.871000000,0.000000000,-0.001000000,-0.000001080,0.246821000,13582.604600000,52314.000000000,0.565081044,1.461538462,0.765639532,0.523858627,52314.000000000,0.000000000,0.000000000,energia_activa_punta_fuera,split_matches_reported_total,MT4,B_10.csv,measured,,,,controlled_cooling,131.200000000,0.000000000,ok
10,GOBIERNO REGIONAL DE LORETO,2024,8,96199.758300000,17278.891800000,78920.866500000,17278.891800000,78920.866500000,96199.758300000,96199.760000000,17278.891800000,78920.866500000,96199.758194000,67063.935633000,29135.822561000,1.000000001,29135.822667000,67063.935633000,0.000000000,67063.935633000,67063.935633000,1.000000000,29135.822667000,96199.758300000,0.000000000,0.001700000,0.000001767,0.268432000,14272.785700000,46483.000000000,0.483192482,1.461538462,0.652142382,0.446202683,46483.000000000,0.000000000,0.000000000,energia_activa_punta_fuera,split_matches_reported_total,MT4,B_10.csv,measured,,,,controlled_cooling,131.200000000,0.000000000,ok
10,GOBIERNO REGIONAL DE LORETO,2024,9,102515.970200000,9541.445000000,92974.525200000,9541.445000000,92974.525200000,102515.970200000,102515.980000000,9541.445000000,92974.525200000,102515.970209000,65767.412861000,36748.557348000,1.000000000,36748.557339000,65767.412861000,0.000000000,65767.412861000,65767.412861000,1.000000000,36748.557339000,102515.970200000,-0.000000000,0.009800000,0.000009559,0.257330000,15097.948500000,50595.000000000,0.493532860,1.461538462,0.691608083,0.473205530,50595.000000000,0.000000000,0.000000000,energia_activa_punta_fuera,split_matches_reported_total,MT4,B_10.csv,measured,,,,controlled_cooling,131.200000000,0.000000000,ok
10,GOBIERNO REGIONAL DE LORETO,2024,10,122727.804500000,9029.518200000,113698.286300000,9029.518200000,113698.286300000,122727.804500000,122727.810000000,9029.518200000,113698.286300000,122727.804466000,70624.305447000,52103.499019000,1.000000000,52103.499053000,70624.305447000,0.000000000,70624.305447000,70624.305447000,1.000000000,52103.499053000,122727.804500000,-0.000000000,0.005500000,0.000004481,0.291657000,17695.255000000,62709.000000000,0.510960008,1.461538462,0.722261848,0.494179159,62709.000000000,0.000000000,0.000000000,energia_activa_punta_fuera,split_matches_reported_total,MT4,B_10.csv,measured,,,,controlled_cooling,131.200000000,0.000000000,ok
10,GOBIERNO REGIONAL DE LORETO,2024,11,122672.895600000,10057.880900000,112615.014700000,10057.880900000,112615.014700000,122672.895600000,122672.890000000,10057.880900000,112615.014700000,122672.895539000,63954.657227000,58718.238312000,1.000000000,58718.238373000,63954.657227000,0.000000000,63954.657227000,63954.657227000,1.000000000,58718.238373000,122672.895600000,-0.000000000,-0.005600000,-0.000004565,0.285453000,16792.783200000,62579.000000000,0.510128987,1.461538462,0.718388402,0.491528906,62579.000000000,0.000000000,0.000000000,energia_activa_punta_fuera,split_matches_reported_total,MT4,B_10.csv,measured,,,,controlled_cooling,131.200000000,0.000000000,ok
10,GOBIERNO REGIONAL DE LORETO,2024,12,111072.398100000,11148.788900000,99923.609200000,11148.788900000,99923.609200000,111072.398100000,111072.400000000,11148.788900000,99923.609200000,111072.398183000,65430.420316000,45641.977867000,0.999999999,45641.977784000,65430.420316000,0.000000000,65430.420316000,65430.420316000,1.000000000,45641.977784000,111072.398100000,0.000000000,0.001900000,0.000001711,0.276771000,14985.657700000,58533.000000000,0.526980609,1.461538462,0.736101430,0.503648347,58533.000000000,-0.000000000,-0.000000000,energia_activa_punta_fuera,split_matches_reported_total,MT4,B_10.csv,measured,,,,controlled_cooling,131.200000000,0.000000000,ok
10,GOBIERNO REGIONAL DE LORETO,2025,1,89734.455700000,10722.462000000,79011.993700000,10722.462000000,79011.993700000,89734.455700000,89734.450000000,10722.462000000,79011.993700000,89734.455711000,67617.279471000,22117.176240000,1.000000000,22117.176229000,67617.279471000,0.000000000,67617.279471000,67617.279471000,1.000000000,22117.176229000,89734.455700000,-0.000000000,-0.005700000,-0.000006352,0.217803000,11953.297100000,52105.500000000,0.580663242,1.461538462,0.804304507,0.550313610,52105.500000000,0.000000000,0.000000000,energia_activa_punta_fuera,split_matches_reported_total,MT4,B_10.csv,measured,,,,controlled_cooling,131.200000000,0.000000000,ok
10,GOBIERNO REGIONAL DE LORETO,2025,2,112015.597100000,14062.822300000,97952.774800000,14062.822300000,97952.774800000,112015.597100000,112015.590000000,14062.822300000,97952.774800000,112015.597135000,58337.171695000,53678.425440000,1.000000000,53678.425405000,58337.171695000,0.000000000,58337.171695000,58337.171695000,1.000000000,53678.425405000,112015.597100000,0.000000000,-0.007100000,-0.000006338,0.288145000,14825.367000000,58663.500000000,0.523708318,1.461538462,0.723498111,0.495025023,58663.500000000,0.000000000,0.000000000,energia_activa_punta_fuera,split_matches_reported_total,MT4,B_10.csv,measured,,,,controlled_cooling,131.200000000,0.000000000,ok
10,GOBIERNO REGIONAL DE LORETO,2025,3,98319.465300000,14217.585800000,84101.879500000,14217.585800000,84101.879500000,98319.465300000,98319.470000000,14217.585800000,84101.879500000,98319.465171000,61873.696024000,36445.769147000,1.000000001,36445.769276000,61873.696024000,0.000000000,61873.696024000,61873.696024000,1.000000000,36445.769276000,98319.465300000,0.000000000,0.004700000,0.000004780,0.265277000,12617.660100000,54621.000000000,0.555546146,1.461538462,0.761151844,0.520788104,54621.000000000,0.000000000,0.000000000,energia_activa_punta_fuera,split_matches_reported_total,MT4,B_10.csv,measured,,,,controlled_cooling,131.200000000,0.000000000,ok
10,GOBIERNO REGIONAL DE LORETO,2025,4,88864.783900000,13480.932000000,75383.851900000,13480.932000000,75383.851900000,88864.783900000,88864.780000000,13480.932000000,75383.851900000,88864.783896000,63863.779298000,25001.004598000,1.000000000,25001.004602000,63863.779298000,0.000000000,63863.779298000,63863.779298000,1.000000000,25001.004602000,88864.783900000,0.000000000,-0.003900000,-0.000004389,0.247820000,12673.878200000,50816.000000000,0.571835071,1.461538462,0.781071353,0.534417242,50816.000000000,0.000000000,0.000000000,energia_activa_punta_fuera,split_matches_reported_total,MT4,B_10.csv,measured,,,,controlled_cooling,131.200000000,0.000000000,ok
10,GOBIERNO REGIONAL DE LORETO,2025,5,84029.334200000,10479.353200000,73549.981000000,10479.353200000,73549.981000000,84029.334200000,84029.330000000,10479.353200000,73549.981000000,84029.334196000,63942.353786000,20086.980410000,1.000000000,20086.980414000,63942.353786000,0.000000000,63942.353786000,63942.353786000,1.000000000,20086.980414000,84029.334200000,0.000000000,-0.004200000,-0.000004998,0.223834000,11506.461200000,50315.000000000,0.598778992,1.461538462,0.827508179,0.566189807,50315.000000000,0.000000000,0.000000000,energia_activa_punta_fuera,split_matches_reported_total,MT4,B_10.csv,measured,,,,controlled_cooling,131.200000000,0.000000000,ok
10,GOBIERNO REGIONAL DE LORETO,2025,6,96746.412300000,8541.318700000,88205.093600000,8541.318700000,88205.093600000,96746.412300000,96746.410000000,8541.318700000,88205.093600000,96746.412305000,59426.333409000,37320.078896000,1.000000000,37320.078891000,59426.333409000,0.000000000,59426.333409000,59426.333409000,1.000000000,37320.078891000,96746.412300000,0.000000000,-0.002300000,-0.000002377,0.282182000,9550.626800000,55190.000000000,0.570460430,1.461538462,0.801106980,0.548125828,55190.000000000,0.000000000,0.000000000,energia_activa_punta_fuera,split_matches_reported_total,MT4,B_10.csv,measured,,,,controlled_cooling,131.200000000,0.000000000,ok
10,GOBIERNO REGIONAL DE LORETO,2025,7,92423.525700000,7674.374100000,84749.151600000,7674.374100000,84749.151600000,92423.525700000,92423.520000000,7674.374100000,84749.151600000,92423.525842000,64986.204925000,27437.320917000,0.999999998,27437.320775000,64986.204925000,0.000000000,64986.204925000,64986.204925000,1.000000000,27437.320775000,92423.525700000,0.000000000,-0.005700000,-0.000006167,0.291259000,8023.028300000,55701.000000000,0.602671231,1.461538462,0.848316490,0.580427072,55701.000000000,0.000000000,0.000000000,energia_activa_punta_fuera,split_matches_reported_total,MT4,B_10.csv,measured,,,,controlled_cooling,131.200000000,0.000000000,ok
10,GOBIERNO REGIONAL DE LORETO,2025,8,90049.600900000,7838.883100000,82210.717800000,7838.883100000,82210.717800000,90049.600900000,90049.600000000,7838.883100000,82210.717800000,90049.600829000,62300.865110000,27748.735719000,1.000000001,27748.735790000,62300.865110000,0.000000000,62300.865110000,62300.865110000,1.000000000,27748.735790000,90049.600900000,0.000000000,-0.000900000,-0.000000999,0.279251000,6846.102200000,55448.000000000,0.615749536,1.461538462,0.865181029,0.591965967,55448.000000000,0.000000000,0.000000000,energia_activa_punta_fuera,split_matches_reported_total,MT4,B_10.csv,measured,,,,controlled_cooling,131.200000000,0.000000000,ok
10,GOBIERNO REGIONAL DE LORETO,2025,9,99413.737000000,8271.264500000,91142.472500000,8271.264500000,91142.472500000,99413.737000000,99413.730000000,8271.264500000,91142.472500000,99413.736832000,64534.934078000,34878.802754000,1.000000002,34878.802922000,64534.934078000,0.000000000,64534.934078000,64534.934078000,1.000000000,34878.802922000,99413.737000000,-0.000000000,-0.007000000,-0.000007041,0.282487000,8291.991700000,58953.500000000,0.593011608,1.461538462,0.834658235,0.571081950,58953.500000000,0.000000000,0.000000000,energia_activa_punta_fuera,split_matches_reported_total,MT4,B_10.csv,measured,,,,controlled_cooling,131.200000000,0.000000000,ok
10,GOBIERNO REGIONAL DE LORETO,2025,10,112213.960500000,9948.862800000,102265.097700000,9948.862800000,102265.097700000,112213.960500000,112213.960000000,9948.862800000,102265.097700000,112213.960397000,68145.404391000,44068.556006000,1.000000001,44068.556109000,68145.404391000,0.000000000,68145.404391000,68145.404391000,1.000000000,44068.556109000,112213.960500000,0.000000000,-0.000500000,-0.000000446,0.292307000,8610.264100000,63673.000000000,0.567424942,1.461538462,0.796712009,0.545118743,63673.000000000,0.000000000,0.000000000,energia_activa_punta_fuera,split_matches_reported_total,MT4,B_10.csv,measured,,,,controlled_cooling,131.200000000,0.000000000,ok
10,GOBIERNO REGIONAL DE LORETO,2025,11,110431.798600000,9790.353800000,100641.444800000,9790.353800000,100641.444800000,110431.798600000,110431.790000000,9790.353800000,100641.444800000,110431.798517000,59727.639587000,50704.158930000,1.000000001,50704.159013000,59727.639587000,0.000000000,59727.639587000,59727.639587000,1.000000000,50704.159013000,110431.798600000,0.000000000,-0.008600000,-0.000007788,0.303729000,7617.537800000,60396.000000000,0.546907691,1.461538462,0.767905627,0.525409113,60396.000000000,0.000000000,0.000000000,energia_activa_punta_fuera,split_matches_reported_total,MT4,B_10.csv,measured,,,,controlled_cooling,131.200000000,0.000000000,ok
10,GOBIERNO REGIONAL DE LORETO,2025,12,83951.207000000,7534.356100000,76416.850900000,7534.356100000,76416.850900000,83951.207000000,83951.210000000,7534.356100000,76416.850900000,83951.207156000,68388.593950000,15562.613206000,0.999999998,15562.613050000,68388.593950000,0.000000000,68388.593950000,68388.593950000,1.000000000,15562.613050000,83951.207000000,-0.000000000,0.003000000,0.000003574,0.232910000,6748.411400000,50366.500000000,0.599949683,1.461538462,0.841973623,0.576087216,50366.500000000,-0.000000000,-0.000000000,energia_activa_punta_fuera,split_matches_reported_total,MT4,B_10.csv,measured,,,,controlled_cooling,131.200000000,0.000000000,ok
11,HOSPITAL REGIONAL DE LORETO,2023,1,51659.948400000,9638.172200000,42021.776200000,9638.172200000,42021.776200000,51659.948400000,83749.010000000,9638.172200000,42021.776200000,51659.948322000,51659.948291000,0.000031000,1.000000002,0.000109000,48790.729213000,2869.219078000,51659.948291000,51659.948291000,1.000000000,0.000109000,51659.948400000,0.000000000,32089.061600000,62.115938157,0.426944000,22794.522700000,80130.000000000,1.551104917,1.461538462,2.087266994,1.428130049,80130.000000000,0.000000000,0.000000000,energia_activa_punta_fuera,split_reported_total_mismatch,MT2,B_11.csv,measured,,,,critical_refrigeration,192.000000000,64.000000000,ok
11,HOSPITAL REGIONAL DE LORETO,2023,2,84976.278600000,14514.530900000,70461.747700000,14514.530900000,70461.747700000,84976.278600000,85761.740000000,14514.530900000,70461.747700000,84976.278573000,84976.278573000,0.000000000,1.000000000,0.000027000,80421.456710000,4554.821864000,84976.278573000,84976.278573000,1.000000000,0.000027000,84976.278600000,0.000000000,785.461400000,0.924330193,0.773873000,29487.243200000,38196.000000000,0.449490147,1.461538462,0.608941857,0.416644428,38196.000000000,0.000000000,0.000000000,energia_activa_punta_fuera,split_matches_reported_total,MT2,B_11.csv,measured,,,,critical_refrigeration,192.000000000,64.000000000,ok
11,HOSPITAL REGIONAL DE LORETO,2023,3,77350.831800000,13630.895500000,63719.936300000,13630.895500000,63719.936300000,77350.831800000,80279.920000000,13630.895500000,63719.936300000,77350.832087000,77350.831498000,0.000589000,0.999999996,0.000323000,73241.149224000,4109.682253000,77350.831498000,77350.831477000,0.999999998,0.000323000,77350.831800000,0.000000000,2929.088200000,3.786757210,0.752898000,25641.792500000,37342.000000000,0.482761454,1.461538462,0.652504243,0.446450271,37342.000000000,0.000000000,0.000000000,energia_activa_punta_fuera,split_reported_total_mismatch,MT2,B_11.csv,measured,,,,critical_refrigeration,192.000000000,64.000000000,ok
11,HOSPITAL REGIONAL DE LORETO,2023,4,81883.554500000,14776.348900000,67107.205600000,14776.348900000,67107.205600000,81883.554500000,83421.730000000,14776.348900000,67107.205600000,81883.554446000,81883.554446000,0.000000000,1.000000001,0.000069000,77483.617738000,4399.936693000,81883.554446000,81883.554431000,1.000000000,0.000069000,81883.554500000,-0.000000000,1538.175500000,1.878491364,0.837349000,26656.337000000,38904.500000000,0.475119824,1.461538462,0.641017346,0.438590816,38904.500000000,0.000000000,0.000000000,energia_activa_punta_fuera,split_matches_reported_total,MT2,B_11.csv,measured,,,,critical_refrigeration,192.000000000,64.000000000,ok
11,HOSPITAL REGIONAL DE LORETO,2023,5,74405.380100000,11732.715500000,62672.664600000,11732.715500000,62672.664600000,74405.380100000,75010.830000000,11732.715500000,62672.664600000,74405.380178000,74405.380178000,0.000000000,0.999999999,0.000000000,70521.789822000,3883.590278000,74405.380178000,74405.380100000,0.999999999,0.000000000,74405.380100000,0.000000000,605.449900000,0.813717905,0.743849000,25576.338100000,33159.000000000,0.445653257,1.461538462,0.607151875,0.415419704,33159.000000000,-0.000000000,-0.000000000,energia_activa_punta_fuera,split_matches_reported_total,MT2,B_11.csv,measured,,,,critical_refrigeration,192.000000000,64.000000000,ok
11,HOSPITAL REGIONAL DE LORETO,2023,6,77318.104500000,14154.531300000,63163.573200000,14154.531300000,63163.573200000,77318.104500000,71165.390000000,14154.531300000,63163.573200000,77318.104480000,77318.104480000,0.000000000,1.000000000,0.000020000,73057.194597000,4260.909882000,77318.104480000,77318.104480000,1.000000000,0.000020000,77318.104500000,0.000000000,-6152.714500000,-7.957663396,0.772968000,27687.245000000,30471.000000000,0.394099160,1.461538462,0.531115395,0.363394744,30471.000000000,0.000000000,0.000000000,energia_activa_punta_fuera,split_reported_total_mismatch,MT2,B_11.csv,measured,,,,critical_refrigeration,192.000000000,64.000000000,ok
11,HOSPITAL REGIONAL DE LORETO,2023,7,81703.554600000,14596.349000000,67107.205600000,14596.349000000,67107.205600000,81703.554600000,78512.650000000,14596.349000000,67107.205600000,81703.554404000,81703.554404000,0.000000000,1.000000002,0.000196000,77382.716380000,4320.838025000,81703.554404000,81703.554404000,1.000000000,0.000196000,81703.554600000,0.000000000,-3190.904600000,-3.905466066,0.813934000,28979.971000000,31782.000000000,0.388991644,1.461538462,0.525219827,0.359360934,31782.000000000,0.000000000,0.000000000,energia_activa_punta_fuera,split_reported_total_mismatch,MT2,B_11.csv,measured,,,,critical_refrigeration,192.000000000,64.000000000,ok
11,HOSPITAL REGIONAL DE LORETO,2023,8,83749.007100000,13450.895600000,70298.111500000,13450.895600000,70298.111500000,83749.007100000,71999.920000000,13450.895600000,70298.111500000,83749.007091000,83749.007091000,0.000000000,1.000000000,0.000011000,79472.295084000,4276.712005000,83749.007091000,83749.007089000,1.000000000,0.000011000,83749.007100000,0.000000000,-11749.087100000,-14.028927037,0.857458000,29503.606900000,29034.500000000,0.346684707,1.461538462,0.471725216,0.322759358,29034.500000000,0.000000000,0.000000000,energia_activa_punta_fuera,split_reported_total_mismatch,MT2,B_11.csv,measured,,,,critical_refrigeration,192.000000000,64.000000000,ok
11,HOSPITAL REGIONAL DE LORETO,2023,9,85761.732400000,15038.166800000,70723.565600000,15038.166800000,70723.565600000,85761.732400000,80427.200000000,15038.166800000,70723.565600000,85761.732262000,85761.732262000,0.000000000,1.000000002,0.000138000,81434.666203000,4327.066059000,85761.732262000,85761.732262000,1.000000000,0.000138000,85761.732400000,0.000000000,-5334.532400000,-6.220177987,0.835725000,29929.061000000,30717.000000000,0.358166739,1.461538462,0.484281582,0.331350556,30717.000000000,0.000000000,0.000000000,energia_activa_punta_fuera,split_reported_total_mismatch,MT2,B_11.csv,measured,,,,critical_refrigeration,192.000000000,64.000000000,ok
11,HOSPITAL REGIONAL DE LORETO,2023,10,80279.919700000,14825.439700000,65454.480000000,14825.439700000,65454.480000000,80279.919700000,69332.660000000,14825.439700000,65454.480000000,80279.919844000,80279.919689000,0.000155000,0.999999998,0.000080000,76205.906443000,4074.013177000,80279.919689000,80279.919620000,0.999999999,0.000080000,80279.919700000,0.000000000,-10947.259700000,-13.636361049,0.724111000,28407.244300000,26421.000000000,0.329110942,1.461538462,0.443230378,0.303262890,26421.000000000,0.000000000,0.000000000,energia_activa_punta_fuera,split_reported_total_mismatch,MT2,B_11.csv,measured,,,,critical_refrigeration,192.000000000,64.000000000,ok
11,HOSPITAL REGIONAL DE LORETO,2023,11,83421.734800000,15430.893700000,67990.841100000,15430.893700000,67990.841100000,83421.734800000,73358.110000000,15430.893700000,67990.841100000,83421.734832000,83421.734832000,0.000000000,1.000000000,0.000030000,79192.002585000,4229.732185000,83421.734832000,83421.734770000,0.999999999,0.000030000,83421.734800000,0.000000000,-10063.624800000,-12.063552531,0.863482000,30730.878400000,32362.000000000,0.387932474,1.461538462,0.522381073,0.357418629,32362.000000000,0.000000000,0.000000000,energia_activa_punta_fuera,split_reported_total_mismatch,MT2,B_11.csv,measured,,,,critical_refrigeration,192.000000000,64.000000000,ok
11,HOSPITAL REGIONAL DE LORETO,2023,12,75010.834100000,13843.622500000,61167.211600000,13843.622500000,61167.211600000,75010.834100000,71492.650000000,13843.622500000,61167.211600000,75010.834124000,75010.834124000,0.000000000,1.000000000,0.000022000,71159.608382000,3851.225697000,75010.834124000,75010.834078000,0.999999999,0.000022000,75010.834100000,0.000000000,-3518.184100000,-4.690234607,0.736030000,26869.064000000,30090.000000000,0.401142053,1.461538462,0.540265174,0.369655119,30090.000000000,0.000000000,0.000000000,energia_activa_punta_fuera,split_reported_total_mismatch,MT2,B_11.csv,measured,,,,critical_refrigeration,192.000000000,64.000000000,ok
11,HOSPITAL REGIONAL DE LORETO,2024,1,71165.383300000,12550.896500000,58614.486800000,12550.896500000,58614.486800000,71165.383300000,69299.930000000,12550.896500000,58614.486800000,71165.383294000,71165.383294000,0.000000000,1.000000000,0.000016000,67560.368667000,3605.014617000,71165.383294000,71165.383284000,0.999999999,0.000016000,71165.383300000,0.000000000,-1865.453300000,-2.621293125,0.795820000,25527.247200000,30420.500000000,0.427462041,1.461538462,0.577726425,0.395286502,30420.500000000,-0.000000000,-0.000000000,energia_activa_punta_fuera,split_reported_total_mismatch,MT2,B_11.csv,measured,,,,critical_refrigeration,192.000000000,64.000000000,ok
11,HOSPITAL REGIONAL DE LORETO,2024,2,78512.648700000,14187.258500000,64325.390200000,14187.258500000,64325.390200000,78512.648700000,72376.290000000,14187.258500000,64325.390200000,78512.648582000,78512.648582000,0.000000000,1.000000002,0.000118000,74559.171416000,3953.477166000,78512.648582000,78512.648582000,1.000000000,0.000118000,78512.648700000,-0.000000000,-6136.358700000,-7.815758100,0.838224000,27719.972300000,31568.500000000,0.402081709,1.461538462,0.542419983,0.371129462,31568.500000000,0.000000000,0.000000000,energia_activa_punta_fuera,split_reported_total_mismatch,MT2,B_11.csv,measured,,,,critical_refrigeration,192.000000000,64.000000000,ok
11,HOSPITAL REGIONAL DE LORETO,2024,3,71999.928000000,13352.713900000,58647.214100000,13352.713900000,58647.214100000,71999.928000000,56176.310000000,13352.713900000,58647.214100000,71999.927959000,71999.927959000,0.000000000,1.000000001,0.000042000,68389.732839000,3610.195119000,71999.927959000,71999.927958000,1.000000000,0.000042000,71999.928000000,-0.000000000,-15823.618000000,-21.977269199,0.685870000,26525.428000000,57758.000000000,0.802195247,1.461538462,1.079997466,0.738945634,57758.000000000,0.000000000,0.000000000,energia_activa_punta_fuera,split_reported_total_mismatch,MT2,B_11.csv,measured,,,,critical_refrigeration,192.000000000,64.000000000,ok
11,HOSPITAL REGIONAL DE LORETO,2024,4,80427.192300000,12959.987000000,67467.205300000,12959.987000000,67467.205300000,80427.192300000,75059.930000000,12959.987000000,67467.205300000,80427.192270000,80427.192270000,0.000000000,1.000000000,0.000030000,76376.918917000,4050.273353000,80427.192270000,80427.192270000,1.000000000,0.000030000,80427.192300000,0.000000000,-5367.262300000,-6.673442335,0.837593000,28505.426000000,30949.500000000,0.384813881,1.461538462,0.523487469,0.358175637,30949.500000000,-0.000000000,-0.000000000,energia_activa_punta_fuera,split_reported_total_mismatch,MT2,B_11.csv,measured,,,,critical_refrigeration,192.000000000,64.000000000,ok
11,HOSPITAL REGIONAL DE LORETO,2024,5,69332.657900000,12518.169300000,56814.488600000,12518.169300000,56814.488600000,69332.657900000,79985.380000000,12518.169300000,56814.488600000,69332.657973000,69332.657818000,0.000155000,0.999999999,0.000082000,65762.289201000,3570.368616000,69332.657818000,69332.657818000,1.000000000,0.000082000,69332.657900000,0.000000000,10652.722100000,15.364652709,0.852858000,24381.793800000,31936.500000000,0.460627084,1.461538462,0.621438590,0.425194825,31936.500000000,-0.000000000,-0.000000000,energia_activa_punta_fuera,split_reported_total_mismatch,MT2,B_11.csv,measured,,,,critical_refrigeration,192.000000000,64.000000000,ok
11,HOSPITAL REGIONAL DE LORETO,2024,6,73358.108500000,13385.441200000,59972.667300000,13385.441200000,59972.667300000,73358.108500000,85761.730000000,13385.441200000,59972.667300000,73358.108516000,73358.108516000,0.000000000,1.000000000,0.000000000,69513.547124000,3844.561376000,73358.108516000,73358.108500000,1.000000000,0.000000000,73358.108500000,0.000000000,12403.621500000,16.908316959,0.737723000,30681.787500000,34711.000000000,0.473171960,1.461538462,0.637842722,0.436418704,34711.000000000,0.000000000,0.000000000,energia_activa_punta_fuera,split_reported_total_mismatch,MT2,B_11.csv,measured,,,,critical_refrigeration,192.000000000,64.000000000,ok
11,HOSPITAL REGIONAL DE LORETO,2024,7,71492.655700000,11896.351700000,59596.304000000,11896.351700000,59596.304000000,71492.655700000,83274.460000000,11896.351700000,59596.304000000,71492.655665000,71492.655665000,0.000000000,1.000000000,0.000059000,67689.782467000,3802.873174000,71492.655665000,71492.655641000,0.999999998,0.000059000,71492.655700000,0.000000000,11781.804300000,16.479740730,0.887142000,26083.610300000,33895.500000000,0.474111637,1.461538462,0.643510866,0.440296909,33895.500000000,0.000000000,0.000000000,energia_activa_punta_fuera,split_reported_total_mismatch,MT2,B_11.csv,measured,,,,critical_refrigeration,192.000000000,64.000000000,ok
11,HOSPITAL REGIONAL DE LORETO,2024,8,69299.930700000,12518.169300000,56781.761400000,12518.169300000,56781.761400000,69299.930700000,72752.660000000,12518.169300000,56781.761400000,69299.930625000,69299.930625000,0.000000000,1.000000001,0.000080000,65749.185514000,3550.745106000,69299.930625000,69299.930620000,1.000000000,0.000080000,69299.930700000,0.000000000,3452.729300000,4.982298344,0.681569000,26459.973500000,30710.000000000,0.443146186,1.461538462,0.597833144,0.409043730,30710.000000000,0.000000000,0.000000000,energia_activa_punta_fuera,split_reported_total_mismatch,MT2,B_11.csv,measured,,,,critical_refrigeration,192.000000000,64.000000000,ok
11,HOSPITAL REGIONAL DE LORETO,2024,9,72376.291200000,12959.987000000,59416.304200000,12959.987000000,59416.304200000,72376.291200000,102141.720000000,12959.987000000,59416.304200000,72376.291142000,72376.291142000,0.000000000,1.000000001,0.000061000,68741.129692000,3635.161447000,72376.291142000,72376.291139000,1.000000000,0.000061000,72376.291200000,0.000000000,29765.428800000,41.125938213,0.684844000,29339.970700000,40053.500000000,0.553406362,1.461538462,0.747082142,0.511161466,40053.500000000,0.000000000,0.000000000,energia_activa_punta_fuera,split_reported_total_mismatch,MT2,B_11.csv,measured,,,,critical_refrigeration,192.000000000,64.000000000,ok
11,HOSPITAL REGIONAL DE LORETO,2024,10,56176.307400000,10079.989900000,46096.317500000,10079.989900000,46096.317500000,56176.307400000,94974.450000000,10079.989900000,46096.317500000,56176.307245000,56176.307245000,0.000000000,1.000000003,0.000155000,53337.104191000,2839.203054000,56176.307245000,56176.307245000,1.000000000,0.000155000,56176.307400000,0.000000000,38798.142600000,69.064957089,0.579350000,23579.976400000,36373.000000000,0.647479368,1.461538462,0.873939715,0.597958752,36373.000000000,0.000000000,0.000000000,energia_activa_punta_fuera,split_reported_total_mismatch,MT2,B_11.csv,measured,,,,critical_refrigeration,192.000000000,64.000000000,ok
11,HOSPITAL REGIONAL DE LORETO,2024,11,75059.925000000,13139.986900000,61919.938100000,13139.986900000,61919.938100000,75059.925000000,87398.100000000,13139.986900000,61919.938100000,75059.924873000,75059.924873000,0.000000000,1.000000002,0.000136000,71210.741476000,3849.183388000,75059.924873000,75059.924864000,0.999999999,0.000136000,75059.925000000,-0.000000000,12338.175000000,16.437766225,0.844938000,27016.336600000,35707.500000000,0.475719900,1.461538462,0.643305814,0.440156610,35707.500000000,0.000000000,0.000000000,energia_activa_punta_fuera,split_reported_total_mismatch,MT2,B_11.csv,measured,,,,critical_refrigeration,192.000000000,64.000000000,ok
11,HOSPITAL REGIONAL DE LORETO,2024,12,79985.374600000,13990.895100000,65994.479500000,13990.895100000,65994.479500000,79985.374600000,88772.640000000,13990.895100000,65994.479500000,79985.374610000,79985.374610000,0.000000000,1.000000000,0.000001000,75836.945883000,4148.428716000,79985.374610000,79985.374599000,1.000000000,0.000001000,79985.374600000,0.000000000,8787.265400000,10.986090200,0.780332000,28865.425700000,41470.500000000,0.518476036,1.461538462,0.701166474,0.479745482,41470.500000000,0.000000000,0.000000000,energia_activa_punta_fuera,split_reported_total_mismatch,MT2,B_11.csv,measured,,,,critical_refrigeration,192.000000000,64.000000000,ok
11,HOSPITAL REGIONAL DE LORETO,2025,1,85761.732400000,14334.531100000,71427.201300000,14334.531100000,71427.201300000,85761.732400000,80607.190000000,14334.531100000,71427.201300000,85761.732165000,85761.732134000,0.000031000,1.000000003,0.000266000,81263.177893000,4498.554241000,85761.732134000,85761.732134000,1.000000000,0.000266000,85761.732400000,0.000000000,-5154.542400000,-6.010305827,0.835725000,30730.878400000,37413.000000000,0.436243520,1.461538462,0.591923769,0.405000473,37413.000000000,0.000000000,0.000000000,energia_activa_punta_fuera,split_reported_total_mismatch,MT2,B_11.csv,measured,,,,critical_refrigeration,192.000000000,64.000000000,ok
11,HOSPITAL REGIONAL DE LORETO,2025,2,83274.462200000,15021.803200000,68252.659000000,15021.803200000,68252.659000000,83274.462200000,80558.100000000,15021.803200000,68252.659000000,83274.462000000,83274.462000000,0.000000000,1.000000002,0.000211000,78897.416409000,4377.045581000,83274.462000000,83274.461989000,0.999999999,0.000211000,83274.462200000,0.000000000,-2716.362200000,-3.261939049,0.873677000,27654.517800000,36977.500000000,0.444043696,1.461538462,0.599107361,0.409915563,36977.500000000,-0.000000000,-0.000000000,energia_activa_punta_fuera,split_reported_total_mismatch,MT2,B_11.csv,measured,,,,critical_refrigeration,192.000000000,64.000000000,ok
11,HOSPITAL REGIONAL DE LORETO,2025,3,72752.654500000,12550.896500000,60201.758000000,12550.896500000,60201.758000000,72752.654500000,76941.740000000,12550.896500000,60201.758000000,72752.654461000,72752.654461000,0.000000000,1.000000001,0.000068000,68949.714335000,3802.940097000,72752.654461000,72752.654432000,1.000000000,0.000068000,72752.654500000,0.000000000,4189.085500000,5.757983030,0.616883000,26950.882100000,34699.500000000,0.476951669,1.461538462,0.645673322,0.441776484,34699.500000000,0.000000000,0.000000000,energia_activa_punta_fuera,split_reported_total_mismatch,MT2,B_11.csv,measured,,,,critical_refrigeration,192.000000000,64.000000000,ok
11,HOSPITAL REGIONAL DE LORETO,2025,4,102141.716100000,17721.800500000,84419.915600000,17721.800500000,84419.915600000,102141.716100000,77841.740000000,17721.800500000,84419.915600000,102141.716111000,102141.716111000,0.000000000,1.000000000,0.000000000,96770.470253000,5371.245846000,102141.716111000,102141.716100000,0.999999999,0.000000000,102141.716100000,0.000000000,-24299.976100000,-23.790452156,0.897457000,38209.052700000,34899.500000000,0.341677243,1.461538462,0.462350392,0.316345005,34899.500000000,0.000000000,0.000000000,energia_activa_punta_fuera,split_reported_total_mismatch,MT2,B_11.csv,measured,,,,critical_refrigeration,192.000000000,64.000000000,ok
11,HOSPITAL REGIONAL DE LORETO,2025,5,94974.450500000,15807.256900000,79167.193600000,15807.256900000,79167.193600000,94974.450500000,70445.390000000,15807.256900000,79167.193600000,94974.450556000,94974.450556000,0.000000000,0.999999999,0.000000000,89943.673710000,5030.776790000,94974.450556000,94974.450500000,0.999999999,0.000000000,94974.450500000,0.000000000,-24529.060500000,-25.827009655,0.832759000,36049.054900000,31419.500000000,0.330820551,1.461538462,0.449014955,0.307220758,31419.500000000,0.000000000,0.000000000,energia_activa_punta_fuera,split_reported_total_mismatch,MT2,B_11.csv,measured,,,,critical_refrigeration,192.000000000,64.000000000,ok
11,HOSPITAL REGIONAL DE LORETO,2025,6,87398.094500000,14858.167000000,72539.927500000,14858.167000000,72539.927500000,87398.094500000,101110.810000000,14858.167000000,72539.927500000,87398.094470000,87398.094470000,0.000000000,1.000000000,0.000030000,82682.194775000,4715.899694000,87398.094470000,87398.094470000,1.000000000,0.000030000,87398.094500000,0.000000000,13712.715500000,15.689947908,0.852650000,31058.150800000,335111.000000000,3.834305564,1.461538462,5.196264663,3.555338980,335111.000000000,0.000000000,0.000000000,energia_activa_punta_fuera,split_reported_total_mismatch,MT2,B_11.csv,measured,,,,critical_refrigeration,192.000000000,64.000000000,ok
11,HOSPITAL REGIONAL DE LORETO,2025,7,88772.638500000,15398.166400000,73374.472100000,15398.166400000,73374.472100000,88772.638500000,82210.830000000,15398.166400000,73374.472100000,88772.638301000,88772.638301000,0.000000000,1.000000002,0.000211000,83908.454585000,4864.183704000,88772.638301000,88772.638289000,0.999999999,0.000211000,88772.638500000,0.000000000,-6561.808500000,-7.391701555,0.786505000,32301.785900000,382914.000000000,4.313423668,1.461538462,5.836947718,3.993701070,382914.000000000,0.000000000,0.000000000,energia_activa_punta_fuera,split_reported_total_mismatch,MT2,B_11.csv,measured,,,,critical_refrigeration,192.000000000,64.000000000,ok
11,HOSPITAL REGIONAL DE LORETO,2025,8,80607.192100000,13369.077500000,67238.114600000,13369.077500000,67238.114600000,80607.192100000,79363.550000000,13369.077500000,67238.114600000,80607.192314000,80607.191725000,0.000589000,0.999999997,0.000375000,76342.087178000,4265.104547000,80607.191725000,80607.191725000,1.000000000,0.000375000,80607.192100000,0.000000000,-1243.642100000,-1.542842602,0.902594000,26443.609900000,420804.000000000,5.220427471,1.461538462,7.087332301,4.849227364,420804.000000000,-0.000000000,-0.000000000,energia_activa_punta_fuera,split_matches_reported_total,MT2,B_11.csv,measured,,,,critical_refrigeration,192.000000000,64.000000000,ok
11,HOSPITAL REGIONAL DE LORETO,2025,9,80558.101200000,13598.168200000,66959.933000000,13598.168200000,66959.933000000,80558.101200000,66190.850000000,13598.168200000,66959.933000000,80558.101201000,80558.101201000,0.000000000,1.000000000,0.000015000,76324.058174000,4234.043011000,80558.101201000,80558.101185000,0.999999999,0.000015000,80558.101200000,0.000000000,-14367.251200000,-17.834644792,0.917785000,26410.882700000,462286.000000000,5.738541414,1.461538462,7.780908144,5.323779256,462286.000000000,0.000000000,0.000000000,energia_activa_punta_fuera,split_reported_total_mismatch,MT2,B_11.csv,measured,,,,critical_refrigeration,192.000000000,64.000000000,ok
11,HOSPITAL REGIONAL DE LORETO,2025,10,76941.741200000,14023.622300000,62918.118900000,14023.622300000,62918.118900000,76941.741200000,66714.470000000,14023.622300000,62918.118900000,76941.740894000,76941.740894000,0.000000000,1.000000004,0.000306000,72955.863595000,3985.877299000,76941.740894000,76941.740894000,1.000000000,0.000306000,76941.741200000,0.000000000,-10227.271200000,-13.292227392,0.852553000,26263.610100000,504943.500000000,6.562673162,1.461538462,8.847348570,6.053449022,504943.500000000,0.000000000,0.000000000,energia_activa_punta_fuera,split_reported_total_mismatch,MT2,B_11.csv,measured,,,,critical_refrigeration,192.000000000,64.000000000,ok
11,HOSPITAL REGIONAL DE LORETO,2025,11,77841.740400000,13401.804800000,64439.935600000,13401.804800000,64439.935600000,77841.740400000,76663.560000000,13401.804800000,64439.935600000,77841.740355000,77841.740355000,0.000000000,1.000000001,0.000045000,73804.050202000,4037.690153000,77841.740355000,77841.740355000,1.000000000,0.000045000,77841.740400000,0.000000000,-1178.180400000,-1.513558656,0.825867000,29012.698300000,551768.000000000,7.088330723,1.461538462,9.597252576,6.566541236,551768.000000000,0.000000000,0.000000000,energia_activa_punta_fuera,split_matches_reported_total,MT2,B_11.csv,measured,,,,critical_refrigeration,192.000000000,64.000000000,ok
11,HOSPITAL REGIONAL DE LORETO,2025,12,70445.384100000,11732.715500000,58712.668600000,11732.715500000,58712.668600000,70445.384100000,78758.100000000,11732.715500000,58712.668600000,70445.384068000,70445.384068000,0.000000000,1.000000000,0.000032000,66801.137200000,3644.246868000,70445.384068000,70445.384068000,1.000000000,0.000032000,70445.384100000,0.000000000,8312.715900000,11.800227944,0.869064000,25772.701500000,599575.500000000,8.511210602,1.461538462,11.551503664,7.903660402,599575.500000000,0.000000000,0.000000000,energia_activa_punta_fuera,split_reported_total_mismatch,MT2,B_11.csv,measured,,,,critical_refrigeration,192.000000000,64.000000000,ok
12,SEGURO SOCIAL DE SALUD - ESSALUD,2023,1,179018.002800000,27981.790200000,151036.212600000,27981.790200000,151036.212600000,179018.002800000,179018.000000000,27981.790200000,151036.212600000,179018.002856000,179018.002856000,0.000000000,1.000000000,0.000000000,164379.543535000,14638.459265000,179018.002856000,179018.002800000,0.999999999,0.000000000,179018.002800000,0.000000000,-0.002800000,-0.000001564,0.542658000,35236.328400000,97295.000000000,0.543492825,1.461538462,0.740886795,0.506922544,97295.000000000,0.000000000,0.000000000,energia_activa_punta_fuera,split_matches_reported_total,MT2,B_12.csv,measured,,,,critical_refrigeration,0.000000000,40.000000000,ok
12,SEGURO SOCIAL DE SALUD - ESSALUD,2023,2,170290.738800000,26890.882200000,143399.856600000,26890.882200000,143399.856600000,170290.738800000,170290.740000000,26890.882200000,143399.856600000,170290.738660000,170290.738660000,0.000000000,1.000000001,0.000158000,156813.019645000,13477.718996000,170290.738660000,170290.738642000,0.999999999,0.000158000,170290.738800000,0.000000000,0.001200000,0.000000705,0.543372000,33709.057200000,91026.000000000,0.534532886,1.461538462,0.728169707,0.498221378,91026.000000000,0.000000000,0.000000000,energia_activa_punta_fuera,split_matches_reported_total,MT2,B_12.csv,measured,,,,critical_refrigeration,0.000000000,40.000000000,ok
12,SEGURO SOCIAL DE SALUD - ESSALUD,2023,3,154963.481400000,24927.247800000,130036.233600000,24927.247800000,130036.233600000,154963.481400000,154963.480000000,24927.247800000,130036.233600000,154963.481353000,154963.481353000,0.000000000,1.000000000,0.000065000,142798.596533000,12164.884802000,154963.481353000,154963.481335000,0.999999999,0.000065000,154963.481400000,0.000000000,-0.001400000,-0.000000903,0.495707000,30654.514800000,85713.000000000,0.553117413,1.461538462,0.752532448,0.514890622,85713.000000000,0.000000000,0.000000000,energia_activa_punta_fuera,split_matches_reported_total,MT2,B_12.csv,measured,,,,critical_refrigeration,0.000000000,40.000000000,ok
12,SEGURO SOCIAL DE SALUD - ESSALUD,2023,4,186654.358800000,30218.151600000,156436.207200000,30218.151600000,156436.207200000,186654.358800000,186654.360000000,30218.151600000,156436.207200000,186654.358840000,186654.358840000,0.000000000,1.000000000,0.000000000,171850.410356000,14803.948444000,186654.358840000,186654.358800000,0.999999999,0.000000000,186654.358800000,0.000000000,0.001200000,0.000000643,0.546296000,33436.330200000,98995.500000000,0.530368006,1.461538462,0.721260552,0.493494062,98995.500000000,0.000000000,0.000000000,energia_activa_punta_fuera,split_matches_reported_total,MT2,B_12.csv,measured,,,,critical_refrigeration,0.000000000,40.000000000,ok
12,SEGURO SOCIAL DE SALUD - ESSALUD,2023,5,175581.642600000,25854.519600000,149727.123000000,25854.519600000,149727.123000000,175581.642600000,175581.640000000,25854.519600000,149727.123000000,175581.642876000,175581.642287000,0.000589000,0.999999998,0.000338000,162026.649516000,13554.992746000,175581.642287000,175581.642262000,0.999999999,0.000338000,175581.642600000,-0.000000000,-0.002600000,-0.000001481,0.489150000,31418.150400000,93484.000000000,0.532424681,1.461538462,0.728639455,0.498542785,93484.000000000,0.000000000,0.000000000,energia_activa_punta_fuera,split_matches_reported_total,MT2,B_12.csv,measured,,,,critical_refrigeration,0.000000000,40.000000000,ok
12,SEGURO SOCIAL DE SALUD - ESSALUD,2023,6,190854.354600000,28963.607400000,161890.747200000,28963.607400000,161890.747200000,190854.354600000,190854.360000000,28963.607400000,161890.747200000,190854.354616000,190854.354616000,0.000000000,1.000000000,0.000069000,175353.023973000,15501.330558000,190854.354616000,190854.354531000,0.999999999,0.000069000,190854.354600000,0.000000000,0.005400000,0.000002829,0.549121000,36163.600200000,93659.000000000,0.490735463,1.461538462,0.670280942,0.458613276,93659.000000000,-0.000000000,-0.000000000,energia_activa_punta_fuera,split_matches_reported_total,MT2,B_12.csv,measured,,,,critical_refrigeration,0.000000000,40.000000000,ok
12,SEGURO SOCIAL DE SALUD - ESSALUD,2023,7,170890.738200000,26672.700600000,144218.037600000,26672.700600000,144218.037600000,170890.738200000,170890.740000000,26672.700600000,144218.037600000,170890.738239000,170890.738239000,0.000000000,1.000000000,0.000000000,157526.870557000,13363.867643000,170890.738239000,170890.738200000,0.999999999,0.000000000,170890.738200000,0.000000000,0.001800000,0.000001053,0.504216000,32618.149200000,84586.500000000,0.494974162,1.461538462,0.674812243,0.461713640,84586.500000000,0.000000000,0.000000000,energia_activa_punta_fuera,split_matches_reported_total,MT2,B_12.csv,measured,,,,critical_refrigeration,0.000000000,40.000000000,ok
12,SEGURO SOCIAL DE SALUD - ESSALUD,2023,8,192872.534400000,28527.244200000,164345.290200000,28527.244200000,164345.290200000,192872.534400000,192872.530000000,28527.244200000,164345.290200000,192872.534365000,192872.534365000,0.000000000,1.000000000,0.000042000,178286.253742000,14586.280616000,192872.534365000,192872.534358000,1.000000000,0.000042000,192872.534400000,-0.000000000,-0.004400000,-0.000002281,0.528076000,36218.145600000,92208.500000000,0.478079994,1.461538462,0.654081503,0.447529449,92208.500000000,0.000000000,0.000000000,energia_activa_punta_fuera,split_matches_reported_total,MT2,B_12.csv,measured,,,,critical_refrigeration,0.000000000,40.000000000,ok
12,SEGURO SOCIAL DE SALUD - ESSALUD,2023,9,206181.612000000,32563.603800000,173618.008200000,32563.603800000,173618.008200000,206181.612000000,206181.610000000,32563.603800000,173618.008200000,206181.612001000,206181.612001000,0.000000000,1.000000000,0.000007000,190767.041959000,15414.570035000,206181.612001000,206181.611993000,1.000000000,0.000007000,206181.612000000,0.000000000,-0.002000000,-0.000000970,0.568797000,36490.872600000,91432.000000000,0.443453706,1.461538462,0.604090231,0.413324895,91432.000000000,0.000000000,0.000000000,energia_activa_punta_fuera,split_matches_reported_total,MT2,B_12.csv,measured,,,,critical_refrigeration,0.000000000,40.000000000,ok
12,SEGURO SOCIAL DE SALUD - ESSALUD,2023,10,209563.426800000,33545.421000000,176018.005800000,33545.421000000,176018.005800000,209563.426800000,209563.430000000,33545.421000000,176018.005800000,209563.426590000,209563.426590000,0.000000000,1.000000001,0.000212000,193862.437687000,15700.988901000,209563.426590000,209563.426588000,1.000000000,0.000212000,209563.426800000,0.000000000,0.003200000,0.000001527,0.554113000,36327.236400000,95476.000000000,0.455594764,1.461538462,0.620059411,0.424251176,95476.000000000,0.000000000,0.000000000,energia_activa_punta_fuera,split_matches_reported_total,MT2,B_12.csv,measured,,,,critical_refrigeration,0.000000000,40.000000000,ok
12,SEGURO SOCIAL DE SALUD - ESSALUD,2023,11,205090.704000000,32399.967600000,172690.736400000,32399.967600000,172690.736400000,205090.704000000,205090.710000000,32399.967600000,172690.736400000,205090.703774000,205090.703774000,0.000000000,1.000000001,0.000234000,189720.160460000,15370.543305000,205090.703774000,205090.703766000,1.000000000,0.000234000,205090.704000000,-0.000000000,0.006000000,0.000002926,0.527497000,32563.603800000,96588.500000000,0.470955037,1.461538462,0.641541984,0.438949779,96588.500000000,0.000000000,0.000000000,energia_activa_punta_fuera,split_matches_reported_total,MT2,B_12.csv,measured,,,,critical_refrigeration,0.000000000,40.000000000,ok
12,SEGURO SOCIAL DE SALUD - ESSALUD,2023,12,200836.162800000,32563.603800000,168272.559000000,32563.603800000,168272.559000000,200836.162800000,200836.160000000,32563.603800000,168272.559000000,200836.162758000,200836.162758000,0.000000000,1.000000000,0.000042000,185587.616632000,15248.546126000,200836.162758000,200836.162758000,1.000000000,0.000042000,200836.162800000,0.000000000,-0.002800000,-0.000001394,0.540580000,33436.330200000,86678.500000000,0.431588110,1.461538462,0.586865204,0.401539350,86678.500000000,0.000000000,0.000000000,energia_activa_punta_fuera,split_matches_reported_total,MT2,B_12.csv,measured,,,,critical_refrigeration,0.000000000,40.000000000,ok
12,SEGURO SOCIAL DE SALUD - ESSALUD,2024,1,186981.631200000,28636.335000000,158345.296200000,28636.335000000,158345.296200000,186981.631200000,186981.640000000,28636.335000000,158345.296200000,186981.631016000,186981.631016000,0.000000000,1.000000001,0.000185000,172962.909449000,14018.721566000,186981.631016000,186981.631015000,1.000000000,0.000185000,186981.631200000,0.000000000,0.008800000,0.000004706,0.527254000,29672.697600000,83483.000000000,0.446477012,1.461538462,0.609463485,0.417001332,83483.000000000,0.000000000,0.000000000,energia_activa_punta_fuera,split_matches_reported_total,MT2,B_12.csv,measured,,,,critical_refrigeration,0.000000000,40.000000000,ok
12,SEGURO SOCIAL DE SALUD - ESSALUD,2024,2,197563.438800000,33163.603200000,164399.835600000,33163.603200000,164399.835600000,197563.438800000,197563.440000000,33163.603200000,164399.835600000,197563.438565000,197563.438565000,0.000000000,1.000000001,0.000235000,182844.842808000,14718.595756000,197563.438565000,197563.438565000,1.000000000,0.000235000,197563.438800000,0.000000000,0.001200000,0.000000607,0.558330000,32509.058400000,83730.500000000,0.423815765,1.461538462,0.574883773,0.393341529,83730.500000000,0.000000000,0.000000000,energia_activa_punta_fuera,split_matches_reported_total,MT2,B_12.csv,measured,,,,critical_refrigeration,0.000000000,40.000000000,ok
12,SEGURO SOCIAL DE SALUD - ESSALUD,2024,3,190745.263800000,34254.511200000,156490.752600000,34254.511200000,156490.752600000,190745.263800000,190745.260000000,34254.511200000,156490.752600000,190745.263812000,190745.263812000,0.000000000,1.000000000,0.000035000,176597.127159000,14148.136606000,190745.263812000,190745.263765000,1.000000000,0.000035000,190745.263800000,-0.000000000,-0.003800000,-0.000001992,0.518350000,30872.696400000,159091.000000000,0.834049542,1.461538462,1.125693265,0.770211181,159091.000000000,0.000000000,0.000000000,energia_activa_punta_fuera,split_matches_reported_total,MT2,B_12.csv,measured,,,,critical_refrigeration,0.000000000,40.000000000,ok
12,SEGURO SOCIAL DE SALUD - ESSALUD,2024,4,198981.619200000,32945.421600000,166036.197600000,32945.421600000,166036.197600000,198981.619200000,198981.620000000,32945.421600000,166036.197600000,198981.619200000,198981.619200000,0.000000000,1.000000000,0.000013000,184148.091306000,14833.527881000,198981.619200000,198981.619187000,1.000000000,0.000013000,198981.619200000,0.000000000,0.000800000,0.000000402,0.537862000,34036.329600000,77220.500000000,0.388078559,1.461538462,0.526925659,0.360528083,77220.500000000,0.000000000,0.000000000,energia_activa_punta_fuera,split_matches_reported_total,MT2,B_12.csv,measured,,,,critical_refrigeration,0.000000000,40.000000000,ok
12,SEGURO SOCIAL DE SALUD - ESSALUD,2024,5,204217.977600000,38672.688600000,165545.289000000,38672.688600000,165545.289000000,204217.977600000,204217.980000000,38672.688600000,165545.289000000,204217.977383000,204217.977383000,0.000000000,1.000000001,0.000217000,188624.289876000,15593.687507000,204217.977383000,204217.977383000,1.000000000,0.000217000,204217.977600000,-0.000000000,0.002400000,0.000001175,0.557341000,35563.600800000,77108.000000000,0.377576945,1.461538462,0.507488069,0.347228679,77108.000000000,0.000000000,0.000000000,energia_activa_punta_fuera,split_matches_reported_total,MT2,B_12.csv,measured,,,,critical_refrigeration,0.000000000,40.000000000,ok
12,SEGURO SOCIAL DE SALUD - ESSALUD,2024,6,198654.346800000,37799.962200000,160854.384600000,37799.962200000,160854.384600000,198654.346800000,198654.340000000,37799.962200000,160854.384600000,198654.346787000,198654.346787000,0.000000000,1.000000000,0.000023000,183256.028413000,15398.318364000,198654.346787000,198654.346777000,1.000000000,0.000023000,198654.346800000,0.000000000,-0.006800000,-0.000003423,0.546256000,32072.695200000,86455.000000000,0.435203163,1.461538462,0.584715526,0.400068518,86455.000000000,0.000000000,0.000000000,energia_activa_punta_fuera,split_matches_reported_total,MT2,B_12.csv,measured,,,,critical_refrigeration,0.000000000,40.000000000,ok
12,SEGURO SOCIAL DE SALUD - ESSALUD,2024,7,188563.447800000,36545.418000000,152018.029800000,36545.418000000,152018.029800000,188563.447800000,188563.450000000,36545.418000000,152018.029800000,188563.447734000,188563.447734000,0.000000000,1.000000000,0.000066000,173693.637361000,14869.810373000,188563.447734000,188563.447734000,1.000000000,0.000066000,188563.447800000,-0.000000000,0.002200000,0.000001167,0.541306000,28418.153400000,81557.500000000,0.432520199,1.461538462,0.580241912,0.397007624,81557.500000000,0.000000000,0.000000000,energia_activa_punta_fuera,split_matches_reported_total,MT2,B_12.csv,measured,,,,critical_refrigeration,0.000000000,40.000000000,ok
12,SEGURO SOCIAL DE SALUD - ESSALUD,2024,8,183490.725600000,36054.509400000,147436.216200000,36054.509400000,147436.216200000,183490.725600000,183490.730000000,36054.509400000,147436.216200000,183490.725614000,183490.725614000,0.000000000,1.000000000,0.000011000,169542.094478000,13948.631111000,183490.725614000,183490.725589000,0.999999999,0.000011000,183490.725600000,0.000000000,0.004400000,0.000002398,0.570478000,26399.973600000,79587.500000000,0.433741268,1.461538462,0.581219483,0.397676488,79587.500000000,0.000000000,0.000000000,energia_activa_punta_fuera,split_matches_reported_total,MT2,B_12.csv,measured,,,,critical_refrigeration,0.000000000,40.000000000,ok
12,SEGURO SOCIAL DE SALUD - ESSALUD,2024,9,193363.443000000,40090.869000000,153272.574000000,40090.869000000,153272.574000000,193363.443000000,193363.440000000,40090.869000000,153272.574000000,193363.442859000,193363.442859000,0.000000000,1.000000001,0.000145000,178934.716126000,14428.726729000,193363.442859000,193363.442855000,1.000000000,0.000145000,193363.443000000,0.000000000,-0.003000000,-0.000001551,0.537512000,27872.699400000,83642.000000000,0.432563667,1.461538462,0.576994273,0.394785555,83642.000000000,0.000000000,0.000000000,energia_activa_punta_fuera,split_matches_reported_total,MT2,B_12.csv,measured,,,,critical_refrigeration,0.000000000,40.000000000,ok
12,SEGURO SOCIAL DE SALUD - ESSALUD,2024,10,216981.601200000,45763.590600000,171218.010600000,45763.590600000,171218.010600000,216981.601200000,216981.600000000,45763.590600000,171218.010600000,216981.600962000,216981.600962000,0.000000000,1.000000001,0.000238000,200707.945158000,16273.655804000,216981.600962000,216981.600962000,1.000000000,0.000238000,216981.601200000,-0.000000000,-0.001200000,-0.000000553,0.560344000,32672.694600000,92337.000000000,0.425552210,1.461538462,0.566788031,0.387802337,92337.000000000,0.000000000,0.000000000,energia_activa_punta_fuera,split_matches_reported_total,MT2,B_12.csv,measured,,,,critical_refrigeration,0.000000000,40.000000000,ok
12,SEGURO SOCIAL DE SALUD - ESSALUD,2024,11,216817.965000000,46363.590000000,170454.375000000,46363.590000000,170454.375000000,216817.965000000,216817.970000000,46363.590000000,170454.375000000,216817.964768000,216817.964768000,0.000000000,1.000000001,0.000250000,200295.514199000,16522.450552000,216817.964768000,216817.964750000,1.000000000,0.000250000,216817.965000000,0.000000000,0.005000000,0.000002306,0.567403000,31472.695800000,90200.000000000,0.416017188,1.461538462,0.553407276,0.378647083,90200.000000000,0.000000000,0.000000000,energia_activa_punta_fuera,split_matches_reported_total,MT2,B_12.csv,measured,,,,critical_refrigeration,0.000000000,40.000000000,ok
12,SEGURO SOCIAL DE SALUD - ESSALUD,2024,12,199581.618600000,43581.774600000,155999.844000000,43581.774600000,155999.844000000,199581.618600000,199581.610000000,43581.774600000,155999.844000000,199581.618369000,199581.618369000,0.000000000,1.000000001,0.000231000,184217.209889000,15364.408480000,199581.618369000,199581.618369000,1.000000000,0.000231000,199581.618600000,0.000000000,-0.008600000,-0.000004309,0.536070000,29072.698200000,84823.500000000,0.425006574,1.461538462,0.564291783,0.386094378,84823.500000000,0.000000000,0.000000000,energia_activa_punta_fuera,split_matches_reported_total,MT2,B_12.csv,measured,,,,critical_refrigeration,0.000000000,40.000000000,ok
12,SEGURO SOCIAL DE SALUD - ESSALUD,2025,1,188290.720800000,41399.958600000,146890.762200000,41399.958600000,146890.762200000,188290.720800000,188290.720000000,41399.958600000,146890.762200000,188290.720775000,188290.720775000,0.000000000,1.000000000,0.000044000,173607.841224000,14682.879533000,188290.720775000,188290.720756000,1.000000000,0.000044000,188290.720800000,-0.000000000,-0.000800000,-0.000000425,0.539307000,27218.154600000,80839.000000000,0.429330769,1.461538462,0.569673204,0.389776403,80839.000000000,0.000000000,0.000000000,energia_activa_punta_fuera,split_matches_reported_total,MT2,B_12.csv,measured,,,,critical_refrigeration,0.000000000,40.000000000,ok
12,SEGURO SOCIAL DE SALUD - ESSALUD,2025,2,196581.621600000,46363.590000000,150218.031600000,46363.590000000,150218.031600000,196581.621600000,196581.620000000,46363.590000000,150218.031600000,196581.621564000,196581.621536000,0.000028000,1.000000000,0.000071000,181220.336372000,15361.285157000,196581.621536000,196581.621529000,1.000000000,0.000071000,196581.621600000,-0.000000000,-0.001600000,-0.000000814,0.540556000,25963.610400000,84593.500000000,0.430322526,1.461538462,0.567192125,0.388078823,84593.500000000,0.000000000,0.000000000,energia_activa_punta_fuera,split_matches_reported_total,MT2,B_12.csv,measured,,,,critical_refrigeration,0.000000000,40.000000000,ok
12,SEGURO SOCIAL DE SALUD - ESSALUD,2025,3,171381.646800000,40581.777600000,130799.869200000,40581.777600000,130799.869200000,171381.646800000,171381.650000000,40581.777600000,130799.869200000,171381.646516000,171381.646516000,0.000000000,1.000000002,0.000284000,158035.880938000,13345.765579000,171381.646516000,171381.646516000,1.000000000,0.000284000,171381.646800000,0.000000000,0.003200000,0.000001867,0.485415000,22581.795600000,78577.500000000,0.458494252,1.461538462,0.604087174,0.413322804,78577.500000000,0.000000000,0.000000000,energia_activa_punta_fuera,split_matches_reported_total,MT2,B_12.csv,measured,,,,critical_refrigeration,0.000000000,40.000000000,ok
12,SEGURO SOCIAL DE SALUD - ESSALUD,2025,4,200727.072000000,47399.952600000,153327.119400000,47399.952600000,153327.119400000,200727.072000000,200727.070000000,47399.952600000,153327.119400000,200727.071856000,200727.071856000,0.000000000,1.000000001,0.000162000,185021.640792000,15705.431046000,200727.071856000,200727.071838000,1.000000000,0.000162000,200727.072000000,0.000000000,-0.002000000,-0.000000996,0.566014000,26890.882200000,86517.000000000,0.431018094,1.461538462,0.568039830,0.388658831,86517.000000000,0.000000000,0.000000000,energia_activa_punta_fuera,split_matches_reported_total,MT2,B_12.csv,measured,,,,critical_refrigeration,0.000000000,40.000000000,ok
12,SEGURO SOCIAL DE SALUD - ESSALUD,2025,5,205417.976400000,47127.225600000,158290.750800000,47127.225600000,158290.750800000,205417.976400000,205417.980000000,47127.225600000,158290.750800000,205417.976446000,205417.976105000,0.000341000,1.000000000,0.000295000,189227.152447000,16190.823658000,205417.976105000,205417.976105000,1.000000000,0.000295000,205417.976400000,0.000000000,0.003600000,0.000001753,0.545987000,26890.882200000,86740.000000000,0.422260999,1.461538462,0.558059613,0.381830261,86740.000000000,0.000000000,0.000000000,energia_activa_punta_fuera,split_matches_reported_total,MT2,B_12.csv,measured,,,,critical_refrigeration,0.000000000,40.000000000,ok
12,SEGURO SOCIAL DE SALUD - ESSALUD,2025,6,202145.252400000,45109.045800000,157036.206600000,45109.045800000,157036.206600000,202145.252400000,202145.260000000,45109.045800000,157036.206600000,202145.252379000,202145.252379000,0.000000000,1.000000000,0.000023000,185949.964601000,16195.287776000,202145.252379000,202145.252377000,1.000000000,0.000023000,202145.252400000,0.000000000,0.007600000,0.000003760,0.584911000,26672.700600000,89072.500000000,0.440636122,1.461538462,0.583871883,0.399491288,89072.500000000,0.000000000,0.000000000,energia_activa_punta_fuera,split_matches_reported_total,MT2,B_12.csv,measured,,,,critical_refrigeration,0.000000000,40.000000000,ok
12,SEGURO SOCIAL DE SALUD - ESSALUD,2025,7,182072.545200000,29509.061400000,152563.483800000,29509.061400000,152563.483800000,182072.545200000,182072.540000000,29509.061400000,152563.483800000,182072.544915000,182072.544915000,0.000000000,1.000000002,0.000285000,167346.045390000,14726.499525000,182072.544915000,182072.544915000,1.000000000,0.000285000,182072.545200000,0.000000000,-0.005200000,-0.000002856,0.550606000,26345.428200000,89632.000000000,0.492287291,1.461538462,0.669422053,0.458025615,89632.000000000,0.000000000,0.000000000,energia_activa_punta_fuera,split_matches_reported_total,MT2,B_12.csv,measured,,,,critical_refrigeration,0.000000000,40.000000000,ok
12,SEGURO SOCIAL DE SALUD - ESSALUD,2025,8,176672.550600000,28254.517200000,148418.033400000,28254.517200000,148418.033400000,176672.550600000,176672.550000000,28254.517200000,148418.033400000,176672.550583000,176672.550583000,0.000000000,1.000000000,0.000021000,162842.908189000,13829.642390000,176672.550583000,176672.550579000,1.000000000,0.000021000,176672.550600000,0.000000000,-0.000600000,-0.000000340,0.573802000,29890.879200000,86096.000000000,0.487319619,1.461538462,0.663278484,0.453822121,86096.000000000,0.000000000,0.000000000,energia_activa_punta_fuera,split_matches_reported_total,MT2,B_12.csv,measured,,,,critical_refrigeration,0.000000000,40.000000000,ok
12,SEGURO SOCIAL DE SALUD - ESSALUD,2025,9,194563.441800000,32890.876200000,161672.565600000,32890.876200000,161672.565600000,194563.441800000,194563.450000000,32890.876200000,161672.565600000,194563.441691000,194563.441691000,0.000000000,1.000000001,0.000109000,179425.085573000,15138.356118000,194563.441691000,194563.441691000,1.000000000,0.000109000,194563.441800000,0.000000000,0.008200000,0.000004215,0.544413000,32127.240600000,90658.000000000,0.465955984,1.461538462,0.631723677,0.432231990,90658.000000000,-0.000000000,-0.000000000,energia_activa_punta_fuera,split_matches_reported_total,MT2,B_12.csv,measured,,,,critical_refrigeration,0.000000000,40.000000000,ok
12,SEGURO SOCIAL DE SALUD - ESSALUD,2025,10,198436.165200000,36436.327200000,161999.838000000,36436.327200000,161999.838000000,198436.165200000,198436.170000000,36436.327200000,161999.838000000,198436.165202000,198436.165202000,0.000000000,1.000000000,0.000011000,183237.114321000,15199.050868000,198436.165202000,198436.165189000,1.000000000,0.000011000,198436.165200000,0.000000000,0.004800000,0.000002419,0.527429000,30981.787200000,93499.500000000,0.471181752,1.461538462,0.634849033,0.434370391,93499.500000000,0.000000000,0.000000000,energia_activa_punta_fuera,split_matches_reported_total,MT2,B_12.csv,measured,,,,critical_refrigeration,0.000000000,40.000000000,ok
12,SEGURO SOCIAL DE SALUD - ESSALUD,2025,11,212017.969800000,38399.961600000,173618.008200000,38399.961600000,173618.008200000,212017.969800000,212017.970000000,38399.961600000,173618.008200000,212017.969736000,212017.969736000,0.000000000,1.000000000,0.000064000,195714.562207000,16303.407529000,212017.969736000,212017.969736000,1.000000000,0.000064000,212017.969800000,0.000000000,0.000200000,0.000000094,0.557132000,33163.603200000,98575.500000000,0.464939364,1.461538462,0.627105595,0.429072249,98575.500000000,0.000000000,0.000000000,energia_activa_punta_fuera,split_matches_reported_total,MT2,B_12.csv,measured,,,,critical_refrigeration,0.000000000,40.000000000,ok
12,SEGURO SOCIAL DE SALUD - ESSALUD,2025,12,203781.614400000,36490.872600000,167290.741800000,36490.872600000,167290.741800000,203781.614400000,203781.610000000,36490.872600000,167290.741800000,203781.614404000,203781.614404000,0.000000000,1.000000000,0.000010000,188134.839785000,15646.774605000,203781.614404000,203781.614390000,1.000000000,0.000010000,203781.614400000,0.000000000,-0.004400000,-0.000002159,0.533836000,28854.516600000,96230.000000000,0.472221207,1.461538462,0.637483363,0.436172827,96230.000000000,-0.000000000,-0.000000000,energia_activa_punta_fuera,split_matches_reported_total,MT2,B_12.csv,measured,,,,critical_refrigeration,0.000000000,40.000000000,ok
13,UNAP-FACULTAD DE CIENCIAS AD..CONTABLES Y ECO,2023,1,4494.625000000,389.500000000,4105.125000000,389.500000000,4105.125000000,4494.625000000,4494.630000000,389.500000000,4105.125000000,4494.624999000,4494.624999000,0.000000000,1.000000000,0.000001000,4494.624999000,0.000000000,4494.624999000,4494.624999000,1.000000000,0.000001000,4494.625000000,0.000000000,0.005000000,0.000111244,0.143132000,1178.750000000,3821.000000000,0.850126540,1.461538462,1.194708488,0.817432123,3821.000000000,0.000000000,0.000000000,energia_activa_punta_fuera,split_matches_reported_total,MT4,B_13.csv,measured,,,,none,0.000000000,0.000000000,ok
13,UNAP-FACULTAD DE CIENCIAS AD..CONTABLES Y ECO,2023,2,5360.750000000,451.000000000,4909.750000000,451.000000000,4909.750000000,5360.750000000,5360.750000000,451.000000000,4909.750000000,5360.749997000,5360.749997000,0.000000000,1.000000000,0.000003000,5360.749997000,0.000000000,5360.749997000,5360.749997000,1.000000000,0.000003000,5360.750000000,0.000000000,0.000000000,0.000000000,0.169915000,1337.625000000,8008.000000000,1.493820827,1.461538462,2.101670333,1.437984965,8008.000000000,0.000000000,0.000000000,energia_activa_punta_fuera,split_matches_reported_total,MT4,B_13.csv,measured,,,,none,0.000000000,0.000000000,ok
13,UNAP-FACULTAD DE CIENCIAS AD..CONTABLES Y ECO,2023,3,4356.250000000,430.500000000,3925.750000000,430.500000000,3925.750000000,4356.250000000,4356.250000000,430.500000000,3925.750000000,4356.249998000,4356.249998000,0.000000000,1.000000001,0.000002000,4356.249998000,0.000000000,4356.249998000,4356.249998000,1.000000000,0.000002000,4356.250000000,-0.000000000,0.000000000,0.000000000,0.162164000,1240.250000000,3629.000000000,0.833055954,1.461538462,1.164432548,0.796717006,3629.000000000,0.000000000,0.000000000,energia_activa_punta_fuera,split_matches_reported_total,MT4,B_13.csv,measured,,,,none,0.000000000,0.000000000,ok
13,UNAP-FACULTAD DE CIENCIAS AD..CONTABLES Y ECO,2023,4,6042.375000000,584.250000000,5458.125000000,584.250000000,5458.125000000,6042.375000000,6042.380000000,584.250000000,5458.125000000,6042.375000000,6042.375000000,0.000000000,1.000000000,0.000000000,6042.375000000,0.000000000,6042.375000000,6042.375000000,1.000000000,0.000000000,6042.375000000,0.000000000,0.005000000,0.000082749,0.182146000,1686.125000000,8088.000000000,1.338546515,1.461538462,1.872761257,1.281362965,8088.000000000,0.000000000,0.000000000,energia_activa_punta_fuera,split_matches_reported_total,MT4,B_13.csv,measured,,,,none,0.000000000,0.000000000,ok
13,UNAP-FACULTAD DE CIENCIAS AD..CONTABLES Y ECO,2023,5,4525.375000000,425.375000000,4100.000000000,425.375000000,4100.000000000,4525.375000000,4525.380000000,425.375000000,4100.000000000,4525.375001000,4525.375001000,0.000000000,1.000000000,0.000002000,4525.374998000,0.000000000,4525.375001000,4525.374998000,0.999999999,0.000002000,4525.375000000,0.000000000,0.005000000,0.000110488,0.151219000,1153.125000000,3660.000000000,0.808772754,1.461538462,1.132903105,0.775144230,3660.000000000,0.000000000,0.000000000,energia_activa_punta_fuera,split_matches_reported_total,MT4,B_13.csv,measured,,,,none,0.000000000,0.000000000,ok
13,UNAP-FACULTAD DE CIENCIAS AD..CONTABLES Y ECO,2023,6,5704.125000000,512.500000000,5191.625000000,512.500000000,5191.625000000,5704.125000000,5704.130000000,512.500000000,5191.625000000,5704.125003000,5704.125003000,0.000000000,0.999999999,0.000000000,5704.125000000,0.000000000,5704.125003000,5704.125000000,0.999999998,0.000000000,5704.125000000,0.000000000,0.005000000,0.000087656,0.192747000,1204.375000000,3922.500000000,0.687660246,1.461538462,0.965024303,0.660279786,3922.500000000,-0.000000000,-0.000000000,energia_activa_punta_fuera,split_matches_reported_total,MT4,B_13.csv,measured,,,,none,0.000000000,0.000000000,ok
13,UNAP-FACULTAD DE CIENCIAS AD..CONTABLES Y ECO,2023,7,4325.500000000,512.500000000,3813.000000000,512.500000000,3813.000000000,4325.500000000,4325.500000000,512.500000000,3813.000000000,4325.499999000,4325.499999000,0.000000000,1.000000000,0.000002000,4325.499998000,0.000000000,4325.499999000,4325.499998000,1.000000000,0.000002000,4325.500000000,0.000000000,0.000000000,0.000000000,0.150284000,1117.250000000,3304.000000000,0.763842330,1.461538462,1.058501176,0.724237647,3304.000000000,0.000000000,0.000000000,energia_activa_punta_fuera,split_matches_reported_total,MT4,B_13.csv,measured,,,,none,0.000000000,0.000000000,ok
13,UNAP-FACULTAD DE CIENCIAS AD..CONTABLES Y ECO,2023,8,6083.375000000,825.125000000,5258.250000000,825.125000000,5258.250000000,6083.375000000,6083.380000000,825.125000000,5258.250000000,6083.374994000,6083.374994000,0.000000000,1.000000001,0.000006000,6083.374994000,0.000000000,6083.374994000,6083.374994000,1.000000000,0.000006000,6083.375000000,0.000000000,0.005000000,0.000082191,0.189713000,1614.375000000,4041.500000000,0.664351614,1.461538462,0.913772150,0.625212524,4041.500000000,0.000000000,0.000000000,energia_activa_punta_fuera,split_matches_reported_total,MT4,B_13.csv,measured,,,,none,0.000000000,0.000000000,ok
13,UNAP-FACULTAD DE CIENCIAS AD..CONTABLES Y ECO,2023,9,7036.625000000,912.250000000,6124.375000000,912.250000000,6124.375000000,7036.625000000,7036.630000000,912.250000000,6124.375000000,7036.625001000,7036.625001000,0.000000000,1.000000000,0.000001000,7036.624999000,0.000000000,7036.625001000,7036.624999000,1.000000000,0.000001000,7036.625000000,0.000000000,0.005000000,0.000071057,0.220201000,1629.750000000,8183.500000000,1.162986517,1.461538462,1.603786503,1.097327607,8183.500000000,0.000000000,0.000000000,energia_activa_punta_fuera,split_matches_reported_total,MT4,B_13.csv,measured,,,,none,0.000000000,0.000000000,ok
13,UNAP-FACULTAD DE CIENCIAS AD..CONTABLES Y ECO,2023,10,6964.875000000,748.250000000,6216.625000000,748.250000000,6216.625000000,6964.875000000,6964.880000000,748.250000000,6216.625000000,6964.875001000,6964.875001000,0.000000000,1.000000000,0.000001000,6964.874999000,0.000000000,6964.875001000,6964.874999000,0.999999998,0.000001000,6964.875000000,0.000000000,0.005000000,0.000071789,0.211365000,1506.750000000,4250.000000000,0.610204778,1.461538462,0.849705957,0.581377760,4250.000000000,-0.000000000,-0.000000000,energia_activa_punta_fuera,split_matches_reported_total,MT4,B_13.csv,measured,,,,none,0.000000000,0.000000000,ok
13,UNAP-FACULTAD DE CIENCIAS AD..CONTABLES Y ECO,2023,11,7344.125000000,855.875000000,6488.250000000,855.875000000,6488.250000000,7344.125000000,7344.130000000,855.875000000,6488.250000000,7344.125001000,7344.125001000,0.000000000,1.000000000,0.000002000,7344.124998000,0.000000000,7344.125001000,7344.124998000,1.000000000,0.000002000,7344.125000000,0.000000000,0.005000000,0.000068082,0.211057000,1440.125000000,8544.500000000,1.163446973,1.461538462,1.613630010,1.104062639,8544.500000000,0.000000000,0.000000000,energia_activa_punta_fuera,split_matches_reported_total,MT4,B_13.csv,measured,,,,none,0.000000000,0.000000000,ok
13,UNAP-FACULTAD DE CIENCIAS AD..CONTABLES Y ECO,2023,12,6636.875000000,763.625000000,5873.250000000,763.625000000,5873.250000000,6636.875000000,6636.880000000,763.625000000,5873.250000000,6636.874999000,6636.874999000,0.000000000,1.000000000,0.000003000,6636.874997000,0.000000000,6636.874999000,6636.874997000,0.999999998,0.000003000,6636.875000000,0.000000000,0.005000000,0.000075337,0.204155000,1081.375000000,3673.500000000,0.553498446,1.461538462,0.768166804,0.525587813,3673.500000000,0.000000000,0.000000000,energia_activa_punta_fuera,split_matches_reported_total,MT4,B_13.csv,measured,,,,none,0.000000000,0.000000000,ok
13,UNAP-FACULTAD DE CIENCIAS AD..CONTABLES Y ECO,2024,1,5166.000000000,553.500000000,4612.500000000,553.500000000,4612.500000000,5166.000000000,5166.000000000,553.500000000,4612.500000000,5165.999997000,5165.999997000,0.000000000,1.000000001,0.000006000,5165.999994000,0.000000000,5165.999997000,5165.999994000,0.999999994,0.000006000,5166.000000000,0.000000000,0.000000000,0.000000000,0.150537000,973.750000000,7417.000000000,1.435733643,1.461538462,1.999503398,1.368081272,7417.000000000,0.000000000,0.000000000,energia_activa_punta_fuera,split_matches_reported_total,MT4,B_13.csv,measured,,,,none,0.000000000,0.000000000,ok
13,UNAP-FACULTAD DE CIENCIAS AD..CONTABLES Y ECO,2024,2,7472.250000000,1091.625000000,6380.625000000,1091.625000000,6380.625000000,7472.250000000,7472.260000000,1091.625000000,6380.625000000,7472.249971000,7338.074663000,134.175308000,1.000000004,134.175337000,7338.074663000,0.000000000,7338.074663000,7338.074663000,1.000000000,134.175337000,7472.250000000,0.000000000,0.010000000,0.000133828,0.213832000,1306.875000000,4337.000000000,0.580414199,1.461538462,0.794713036,0.543751025,4337.000000000,0.000000000,0.000000000,energia_activa_punta_fuera,split_matches_reported_total,MT4,B_13.csv,measured,,,,none,0.000000000,0.000000000,ok
13,UNAP-FACULTAD DE CIENCIAS AD..CONTABLES Y ECO,2024,3,6488.250000000,871.250000000,5617.000000000,871.250000000,5617.000000000,6488.250000000,6488.250000000,871.250000000,5617.000000000,6488.249995000,6488.249995000,0.000000000,1.000000001,0.000005000,6488.249995000,0.000000000,6488.249995000,6488.249995000,1.000000000,0.000005000,6488.250000000,-0.000000000,0.000000000,0.000000000,0.206134000,1050.625000000,7989.500000000,1.231379802,1.461538462,1.694679583,1.159517610,7989.500000000,-0.000000000,-0.000000000,energia_activa_punta_fuera,split_matches_reported_total,MT4,B_13.csv,measured,,,,none,0.000000000,0.000000000,ok
13,UNAP-FACULTAD DE CIENCIAS AD..CONTABLES Y ECO,2024,4,6078.250000000,702.125000000,5376.125000000,702.125000000,5376.125000000,6078.250000000,6078.260000000,702.125000000,5376.125000000,6078.249998000,6078.249998000,0.000000000,1.000000000,0.000002000,6078.249998000,0.000000000,6078.249998000,6078.249998000,1.000000000,0.000002000,6078.250000000,0.000000000,0.010000000,0.000164521,0.190210000,958.375000000,3523.000000000,0.579607617,1.461538462,0.804241259,0.550270335,3523.000000000,-0.000000000,-0.000000000,energia_activa_punta_fuera,split_matches_reported_total,MT4,B_13.csv,measured,,,,none,0.000000000,0.000000000,ok
13,UNAP-FACULTAD DE CIENCIAS AD..CONTABLES Y ECO,2024,5,6221.750000000,650.875000000,5570.875000000,650.875000000,5570.875000000,6221.750000000,6221.760000000,650.875000000,5570.875000000,6221.750004000,6221.750004000,0.000000000,0.999999999,0.000000000,6221.750000000,0.000000000,6221.750004000,6221.750000000,0.999999999,0.000000000,6221.750000000,-0.000000000,0.010000000,0.000160726,0.201446000,799.500000000,3466.500000000,0.557158356,1.461538462,0.776802142,0.531496202,3466.500000000,0.000000000,0.000000000,energia_activa_punta_fuera,split_matches_reported_total,MT4,B_13.csv,measured,,,,none,0.000000000,0.000000000,ok
13,UNAP-FACULTAD DE CIENCIAS AD..CONTABLES Y ECO,2024,6,5591.375000000,492.000000000,5099.375000000,492.000000000,5099.375000000,5591.375000000,5591.380000000,492.000000000,5099.375000000,5591.374996000,5591.374996000,0.000000000,1.000000001,0.000004000,5591.374996000,0.000000000,5591.374996000,5591.374996000,1.000000000,0.000004000,5591.375000000,-0.000000000,0.005000000,0.000089423,0.171024000,794.375000000,3773.000000000,0.674789296,1.461538462,0.947740858,0.648454271,3773.000000000,0.000000000,0.000000000,energia_activa_punta_fuera,split_matches_reported_total,MT4,B_13.csv,measured,,,,none,0.000000000,0.000000000,ok
13,UNAP-FACULTAD DE CIENCIAS AD..CONTABLES Y ECO,2024,7,4930.250000000,661.125000000,4269.125000000,661.125000000,4269.125000000,4930.250000000,4930.260000000,661.125000000,4269.125000000,4930.250003000,4930.250003000,0.000000000,0.999999999,0.000000000,4930.250000000,0.000000000,4930.250003000,4930.250000000,0.999999999,0.000000000,4930.250000000,0.000000000,0.010000000,0.000202829,0.163538000,630.375000000,3368.000000000,0.683129659,1.461538462,0.940229210,0.643314722,3368.000000000,0.000000000,0.000000000,energia_activa_punta_fuera,split_matches_reported_total,MT4,B_13.csv,measured,,,,none,0.000000000,0.000000000,ok
13,UNAP-FACULTAD DE CIENCIAS AD..CONTABLES Y ECO,2024,8,5201.875000000,558.625000000,4643.250000000,558.625000000,4643.250000000,5201.875000000,5201.880000000,558.625000000,4643.250000000,5201.874997000,5201.874997000,0.000000000,1.000000001,0.000003000,5201.874997000,0.000000000,5201.874997000,5201.874997000,1.000000000,0.000003000,5201.875000000,0.000000000,0.005000000,0.000096119,0.190760000,568.875000000,3391.000000000,0.651880332,1.461538462,0.907755953,0.621096178,3391.000000000,0.000000000,0.000000000,energia_activa_punta_fuera,split_matches_reported_total,MT4,B_13.csv,measured,,,,none,0.000000000,0.000000000,ok
13,UNAP-FACULTAD DE CIENCIAS AD..CONTABLES Y ECO,2024,9,5335.125000000,609.875000000,4725.250000000,609.875000000,4725.250000000,5335.125000000,5335.130000000,609.875000000,4725.250000000,5335.125003000,5335.125003000,0.000000000,0.999999999,0.000000000,5335.125000000,0.000000000,5335.125003000,5335.125000000,0.999999999,0.000000000,5335.125000000,0.000000000,0.005000000,0.000093719,0.185839000,527.875000000,3480.000000000,0.652280874,1.461538462,0.905556497,0.619591288,3480.000000000,-0.000000000,-0.000000000,energia_activa_punta_fuera,split_matches_reported_total,MT4,B_13.csv,measured,,,,none,0.000000000,0.000000000,ok
13,UNAP-FACULTAD DE CIENCIAS AD..CONTABLES Y ECO,2024,10,6898.250000000,676.500000000,6221.750000000,676.500000000,6221.750000000,6898.250000000,6898.250000000,676.500000000,6221.750000000,6898.250001000,6898.250001000,0.000000000,1.000000000,0.000000000,6898.250000000,0.000000000,6898.250001000,6898.250000000,1.000000000,0.000000000,6898.250000000,0.000000000,0.000000000,0.000000000,0.191737000,620.125000000,4145.000000000,0.600877034,1.461538462,0.840176559,0.574857646,4145.000000000,-0.000000000,-0.000000000,energia_activa_punta_fuera,split_matches_reported_total,MT4,B_13.csv,measured,,,,none,0.000000000,0.000000000,ok
13,UNAP-FACULTAD DE CIENCIAS AD..CONTABLES Y ECO,2024,11,5929.625000000,512.500000000,5417.125000000,512.500000000,5417.125000000,5929.625000000,5929.630000000,512.500000000,5417.125000000,5929.624997000,5929.624997000,0.000000000,1.000000001,0.000003000,5929.624997000,0.000000000,5929.624997000,5929.624997000,1.000000000,0.000003000,5929.625000000,0.000000000,0.005000000,0.000084322,0.161501000,492.000000000,3890.000000000,0.656027995,1.461538462,0.922029500,0.630862290,3890.000000000,-0.000000000,-0.000000000,energia_activa_punta_fuera,split_matches_reported_total,MT4,B_13.csv,measured,,,,none,0.000000000,0.000000000,ok
13,UNAP-FACULTAD DE CIENCIAS AD..CONTABLES Y ECO,2024,12,6237.125000000,584.250000000,5652.875000000,584.250000000,5652.875000000,6237.125000000,6237.130000000,584.250000000,5652.875000000,6237.125002000,6237.125002000,0.000000000,1.000000000,0.000000000,6237.125000000,0.000000000,6237.125002000,6237.125000000,0.999999999,0.000000000,6237.125000000,0.000000000,0.005000000,0.000080165,0.181554000,481.750000000,3916.500000000,0.627933543,1.461538462,0.879715681,0.601910729,3916.500000000,0.000000000,0.000000000,energia_activa_punta_fuera,split_matches_reported_total,MT4,B_13.csv,measured,,,,none,0.000000000,0.000000000,ok
13,UNAP-FACULTAD DE CIENCIAS AD..CONTABLES Y ECO,2025,1,5637.500000000,773.875000000,4863.625000000,773.875000000,4863.625000000,5637.500000000,5637.510000000,773.875000000,4863.625000000,5637.500001000,5637.500001000,0.000000000,1.000000000,0.000000000,5637.500000000,0.000000000,5637.500001000,5637.500000000,1.000000000,0.000000000,5637.500000000,-0.000000000,0.010000000,0.000177384,0.191931000,553.500000000,3627.000000000,0.643370288,1.461538462,0.884285086,0.605037164,3627.000000000,-0.000000000,-0.000000000,energia_activa_punta_fuera,split_matches_reported_total,MT4,B_13.csv,measured,,,,none,0.000000000,0.000000000,ok
13,UNAP-FACULTAD DE CIENCIAS AD..CONTABLES Y ECO,2025,2,5781.000000000,574.000000000,5207.000000000,574.000000000,5207.000000000,5781.000000000,5781.000000000,574.000000000,5207.000000000,5780.999997000,5780.999997000,0.000000000,1.000000001,0.000003000,5780.999997000,0.000000000,5780.999997000,5780.999997000,1.000000000,0.000003000,5781.000000000,-0.000000000,0.000000000,0.000000000,0.185185000,435.625000000,7344.000000000,1.270368448,1.461538462,1.775334936,1.214702851,7344.000000000,0.000000000,0.000000000,energia_activa_punta_fuera,split_matches_reported_total,MT4,B_13.csv,measured,,,,none,0.000000000,0.000000000,ok
13,UNAP-FACULTAD DE CIENCIAS AD..CONTABLES Y ECO,2025,3,5330.000000000,574.000000000,4756.000000000,574.000000000,4756.000000000,5330.000000000,5330.000000000,574.000000000,4756.000000000,5330.000000000,5330.000000000,0.000000000,1.000000000,0.000001000,5329.999999000,0.000000000,5330.000000000,5329.999999000,1.000000000,0.000001000,5330.000000000,0.000000000,0.000000000,0.000000000,0.157004000,451.000000000,3731.000000000,0.700000000,1.461538462,0.974633596,0.666854566,3731.000000000,0.000000000,0.000000000,energia_activa_punta_fuera,split_matches_reported_total,MT4,B_13.csv,measured,,,,none,0.000000000,0.000000000,ok
13,UNAP-FACULTAD DE CIENCIAS AD..CONTABLES Y ECO,2025,4,6652.250000000,773.875000000,5878.375000000,773.875000000,5878.375000000,6652.250000000,6652.260000000,773.875000000,5878.375000000,6652.250001000,6652.250001000,0.000000000,1.000000000,0.000001000,6652.249999000,0.000000000,6652.250001000,6652.249999000,1.000000000,0.000001000,6652.250000000,0.000000000,0.010000000,0.000150325,0.212091000,425.375000000,3967.000000000,0.596339584,1.461538462,0.827161239,0.565952427,3967.000000000,0.000000000,0.000000000,energia_activa_punta_fuera,split_matches_reported_total,MT4,B_13.csv,measured,,,,none,0.000000000,0.000000000,ok
13,UNAP-FACULTAD DE CIENCIAS AD..CONTABLES Y ECO,2025,5,6524.125000000,958.375000000,5565.750000000,958.375000000,5565.750000000,6524.125000000,6524.130000000,958.375000000,5565.750000000,6524.124971000,6514.746170000,9.378801000,1.000000004,9.378833000,6514.746167000,0.000000000,6514.746170000,6514.746167000,1.000000000,9.378833000,6524.125000000,0.000000000,0.005000000,0.000076639,0.187691000,287.000000000,3920.500000000,0.600923495,1.461538462,0.822507871,0.562768543,3920.500000000,0.000000000,0.000000000,energia_activa_punta_fuera,split_matches_reported_total,MT4,B_13.csv,measured,,,,none,0.000000000,0.000000000,ok
13,UNAP-FACULTAD DE CIENCIAS AD..CONTABLES Y ECO,2025,6,6185.875000000,1066.000000000,5119.875000000,1066.000000000,5119.875000000,6185.875000000,6185.880000000,1066.000000000,5119.875000000,6185.875043000,6006.581039000,179.294004000,0.999999993,179.293965000,6006.581035000,0.000000000,6006.581039000,6006.581035000,0.999999999,179.293965000,6185.875000000,0.000000000,0.005000000,0.000080829,0.191150000,71.750000000,3910.500000000,0.632166023,1.461538462,0.855863003,0.585590476,3910.500000000,0.000000000,0.000000000,energia_activa_punta_fuera,split_matches_reported_total,MT4,B_13.csv,measured,,,,none,0.000000000,0.000000000,ok
13,UNAP-FACULTAD DE CIENCIAS AD..CONTABLES Y ECO,2025,7,4817.500000000,753.375000000,4064.125000000,753.375000000,4064.125000000,4817.500000000,4817.510000000,753.375000000,4064.125000000,4817.499999000,4817.499999000,0.000000000,1.000000000,0.000002000,4817.499998000,0.000000000,4817.499999000,4817.499998000,0.999999999,0.000002000,4817.500000000,0.000000000,0.010000000,0.000207577,0.179088000,56.375000000,3581.500000000,0.743435392,1.461538462,1.013414448,0.693388833,3581.500000000,0.000000000,0.000000000,energia_activa_punta_fuera,split_matches_reported_total,MT4,B_13.csv,measured,,,,none,0.000000000,0.000000000,ok
13,UNAP-FACULTAD DE CIENCIAS AD..CONTABLES Y ECO,2025,8,5104.500000000,640.625000000,4463.875000000,640.625000000,4463.875000000,5104.500000000,5104.510000000,640.625000000,4463.875000000,5104.499999000,5104.499999000,0.000000000,1.000000000,0.000001000,5104.499999000,0.000000000,5104.499999000,5104.499999000,1.000000000,0.000001000,5104.500000000,0.000000000,0.010000000,0.000195906,0.165272000,61.500000000,3811.000000000,0.746596141,1.461538462,1.031434178,0.705718122,3811.000000000,0.000000000,0.000000000,energia_activa_punta_fuera,split_matches_reported_total,MT4,B_13.csv,measured,,,,none,0.000000000,0.000000000,ok
13,UNAP-FACULTAD DE CIENCIAS AD..CONTABLES Y ECO,2025,9,6129.500000000,850.750000000,5278.750000000,850.750000000,5278.750000000,6129.500000000,6129.500000000,850.750000000,5278.750000000,6129.500003000,6129.500003000,0.000000000,1.000000000,0.000000000,6129.500000000,0.000000000,6129.500003000,6129.500000000,1.000000000,0.000000000,6129.500000000,0.000000000,0.000000000,0.000000000,0.181740000,117.875000000,4224.500000000,0.689207929,1.461538462,0.946661084,0.647715479,4224.500000000,0.000000000,0.000000000,energia_activa_punta_fuera,split_matches_reported_total,MT4,B_13.csv,measured,,,,none,0.000000000,0.000000000,ok
13,UNAP-FACULTAD DE CIENCIAS AD..CONTABLES Y ECO,2025,10,6913.625000000,1019.875000000,5893.750000000,1019.875000000,5893.750000000,6913.625000000,6913.630000000,1019.875000000,5893.750000000,6913.624995000,6892.839902000,20.785093000,1.000000001,20.785098000,6892.839902000,0.000000000,6892.839902000,6892.839902000,1.000000000,20.785098000,6913.625000000,0.000000000,0.005000000,0.000072321,0.220424000,128.125000000,4345.500000000,0.628541467,1.461538462,0.860079352,0.588475346,4345.500000000,0.000000000,0.000000000,energia_activa_punta_fuera,split_matches_reported_total,MT4,B_13.csv,measured,,,,none,0.000000000,0.000000000,ok
13,UNAP-FACULTAD DE CIENCIAS AD..CONTABLES Y ECO,2025,11,6759.875000000,912.250000000,5847.625000000,912.250000000,5847.625000000,6759.875000000,6759.880000000,912.250000000,5847.625000000,6759.874994000,6741.441674000,18.433320000,1.000000001,18.433328000,6741.441672000,0.000000000,6741.441674000,6741.441672000,1.000000000,18.433328000,6759.875000000,0.000000000,0.005000000,0.000073966,0.215522000,133.250000000,4242.000000000,0.627526397,1.461538462,0.863378481,0.590732645,4242.000000000,0.000000000,0.000000000,energia_activa_punta_fuera,split_matches_reported_total,MT4,B_13.csv,measured,,,,none,0.000000000,0.000000000,ok
13,UNAP-FACULTAD DE CIENCIAS AD..CONTABLES Y ECO,2025,12,5565.750000000,855.875000000,4709.875000000,855.875000000,4709.875000000,5565.750000000,5565.760000000,855.875000000,4709.875000000,5565.750002000,5565.750002000,0.000000000,1.000000000,0.000000000,5565.750000000,0.000000000,5565.750002000,5565.750000000,0.999999999,0.000000000,5565.750000000,0.000000000,0.010000000,0.000179670,0.170625000,158.875000000,3833.500000000,0.688766114,1.461538462,0.939947090,0.643121693,3833.500000000,0.000000000,0.000000000,energia_activa_punta_fuera,split_matches_reported_total,MT4,B_13.csv,measured,,,,none,0.000000000,0.000000000,ok
14,AUTORIDAD PORTUARIA NACIONAL,2023,1,3727.500000000,544.500000000,3183.000000000,544.500000000,3183.000000000,3727.500000000,3727.500000000,544.500000000,3183.000000000,3727.499996000,3727.499996000,0.000000000,1.000000001,0.000004000,3727.499996000,0.000000000,3727.499996000,3727.499996000,1.000000000,0.000004000,3727.500000000,-0.000000000,0.000000000,0.000000000,0.278787000,63.000000000,6857.000000000,1.839570758,1.461538462,2.518787035,1.723380603,6857.000000000,0.000000000,0.000000000,energia_activa_punta_fuera,split_matches_reported_total,BT3,B_14.csv,measured,,,,none,0.000000000,0.000000000,ok
14,AUTORIDAD PORTUARIA NACIONAL,2023,2,3709.500000000,625.500000000,3084.000000000,625.500000000,3084.000000000,3709.500000000,3709.500000000,625.500000000,3084.000000000,3709.500003000,3709.500003000,0.000000000,0.999999999,0.000000000,3709.500000000,0.000000000,3709.500003000,3709.500000000,0.999999998,0.000000000,3709.500000000,-0.000000000,0.000000000,0.000000000,0.341423000,94.500000000,3292.000000000,0.887451139,1.461538462,1.203389994,0.823372101,3292.000000000,0.000000000,0.000000000,energia_activa_punta_fuera,split_matches_reported_total,BT3,B_14.csv,measured,,,,none,0.000000000,0.000000000,ok
14,AUTORIDAD PORTUARIA NACIONAL,2023,3,3066.000000000,513.000000000,2553.000000000,513.000000000,2553.000000000,3066.000000000,3066.000000000,513.000000000,2553.000000000,3066.000000000,3066.000000000,0.000000000,1.000000000,0.000001000,3065.999999000,0.000000000,3066.000000000,3065.999999000,1.000000000,0.000001000,3066.000000000,0.000000000,0.000000000,0.000000000,0.336760000,36.000000000,2970.500000000,0.968851924,1.461538462,1.314502981,0.899396777,2970.500000000,0.000000000,0.000000000,energia_activa_punta_fuera,split_matches_reported_total,BT3,B_14.csv,measured,,,,none,0.000000000,0.000000000,ok
14,AUTORIDAD PORTUARIA NACIONAL,2023,4,3892.500000000,679.500000000,3213.000000000,679.500000000,3213.000000000,3892.500000000,3892.500000000,679.500000000,3213.000000000,3892.499995000,3892.499995000,0.000000000,1.000000001,0.000007000,3892.499993000,0.000000000,3892.499995000,3892.499993000,0.999999998,0.000007000,3892.500000000,0.000000000,0.000000000,0.000000000,0.370037000,58.500000000,6322.000000000,1.624149004,1.461538462,2.196764784,1.503049589,6322.000000000,0.000000000,0.000000000,energia_activa_punta_fuera,split_matches_reported_total,BT3,B_14.csv,measured,,,,none,0.000000000,0.000000000,ok
14,AUTORIDAD PORTUARIA NACIONAL,2023,5,3072.000000000,459.000000000,2613.000000000,459.000000000,2613.000000000,3072.000000000,3072.000000000,459.000000000,2613.000000000,3071.999995000,3071.999995000,0.000000000,1.000000002,0.000005000,3071.999995000,0.000000000,3071.999995000,3071.999995000,1.000000000,0.000005000,3072.000000000,-0.000000000,0.000000000,0.000000000,0.303569000,36.000000000,2989.000000000,0.972981771,1.461538462,1.330311548,0.910213165,2989.000000000,-0.000000000,-0.000000000,energia_activa_punta_fuera,split_matches_reported_total,BT3,B_14.csv,measured,,,,none,0.000000000,0.000000000,ok
14,AUTORIDAD PORTUARIA NACIONAL,2023,6,3747.000000000,622.500000000,3124.500000000,622.500000000,3124.500000000,3747.000000000,3747.000000000,622.500000000,3124.500000000,3747.000001000,3747.000001000,0.000000000,1.000000000,0.000000000,3747.000000000,0.000000000,3747.000001000,3747.000000000,0.999999999,0.000000000,3747.000000000,0.000000000,0.000000000,0.000000000,0.411071000,24.000000000,6012.000000000,1.604483587,1.461538462,2.178011669,1.490218510,6012.000000000,0.000000000,0.000000000,energia_activa_punta_fuera,split_matches_reported_total,BT3,B_14.csv,measured,,,,none,0.000000000,0.000000000,ok
14,AUTORIDAD PORTUARIA NACIONAL,2023,7,3408.000000000,619.500000000,2788.500000000,619.500000000,2788.500000000,3408.000000000,3408.000000000,619.500000000,2788.500000000,3407.999999000,3407.999999000,0.000000000,1.000000000,0.000003000,3407.999997000,0.000000000,3407.999999000,3407.999997000,0.999999998,0.000003000,3408.000000000,-0.000000000,0.000000000,0.000000000,0.365226000,28.500000000,5752.000000000,1.687793427,1.461538462,2.275837654,1.557152079,5752.000000000,0.000000000,0.000000000,energia_activa_punta_fuera,split_matches_reported_total,BT3,B_14.csv,measured,,,,none,0.000000000,0.000000000,ok
14,AUTORIDAD PORTUARIA NACIONAL,2023,8,4305.000000000,681.000000000,3624.000000000,681.000000000,3624.000000000,4305.000000000,4305.000000000,681.000000000,3624.000000000,4304.999996000,4304.999996000,0.000000000,1.000000001,0.000004000,4304.999996000,0.000000000,4304.999996000,4304.999996000,1.000000000,0.000004000,4305.000000000,0.000000000,0.000000000,0.000000000,0.514336000,34.500000000,5705.000000000,1.325203252,1.461538462,1.805049042,1.235033555,5705.000000000,-0.000000000,-0.000000000,energia_activa_punta_fuera,split_matches_reported_total,BT3,B_14.csv,measured,,,,none,0.000000000,0.000000000,ok
14,AUTORIDAD PORTUARIA NACIONAL,2023,9,2058.000000000,336.000000000,1722.000000000,336.000000000,1722.000000000,2058.000000000,2058.000000000,336.000000000,1722.000000000,2057.999999000,2057.999999000,0.000000000,1.000000001,0.000003000,2057.999997000,0.000000000,2057.999999000,2057.999997000,0.999999996,0.000003000,2058.000000000,0.000000000,0.000000000,0.000000000,0.145019000,18.000000000,2360.500000000,1.146987366,1.461538462,1.558898158,1.066614529,2360.500000000,0.000000000,0.000000000,energia_activa_punta_fuera,split_matches_reported_total,BT3,B_14.csv,measured,,,,none,0.000000000,0.000000000,ok
14,AUTORIDAD PORTUARIA NACIONAL,2023,10,4293.000000000,717.000000000,3576.000000000,717.000000000,3576.000000000,4293.000000000,4293.000000000,717.000000000,3576.000000000,4292.999999000,4292.999999000,0.000000000,1.000000000,0.000002000,4292.999998000,0.000000000,4292.999999000,4292.999998000,0.999999999,0.000002000,4293.000000000,0.000000000,0.000000000,0.000000000,0.362351000,18.000000000,3214.500000000,0.748777079,1.461538462,1.016045316,0.695188901,3214.500000000,-0.000000000,-0.000000000,energia_activa_punta_fuera,split_matches_reported_total,BT3,B_14.csv,measured,,,,none,0.000000000,0.000000000,ok
14,AUTORIDAD PORTUARIA NACIONAL,2023,11,4536.000000000,720.000000000,3816.000000000,720.000000000,3816.000000000,4536.000000000,4536.000000000,720.000000000,3816.000000000,4535.999997000,4535.999997000,0.000000000,1.000000001,0.000003000,4535.999997000,0.000000000,4535.999997000,4535.999997000,0.999999999,0.000003000,4536.000000000,0.000000000,0.000000000,0.000000000,0.350291000,4.500000000,3427.000000000,0.755511464,1.461538462,1.028836430,0.703940715,3427.000000000,0.000000000,0.000000000,energia_activa_punta_fuera,split_matches_reported_total,BT3,B_14.csv,measured,,,,none,0.000000000,0.000000000,ok
14,AUTORIDAD PORTUARIA NACIONAL,2023,12,4197.000000000,739.500000000,3457.500000000,739.500000000,3457.500000000,4197.000000000,4197.000000000,739.500000000,3457.500000000,4197.000000000,4197.000000000,0.000000000,1.000000000,0.000002000,4196.999998000,0.000000000,4197.000000000,4196.999998000,0.999999997,0.000002000,4197.000000000,0.000000000,0.000000000,0.000000000,0.408634000,3.000000000,3176.500000000,0.756850131,1.461538462,1.022975355,0.699930506,3176.500000000,0.000000000,0.000000000,energia_activa_punta_fuera,split_matches_reported_total,BT3,B_14.csv,measured,,,,none,0.000000000,0.000000000,ok
14,AUTORIDAD PORTUARIA NACIONAL,2024,1,3882.000000000,643.500000000,3238.500000000,643.500000000,3238.500000000,3882.000000000,3882.000000000,643.500000000,3238.500000000,3881.999995000,3881.999995000,0.000000000,1.000000001,0.000005000,3881.999995000,0.000000000,3881.999995000,3881.999995000,0.999999999,0.000005000,3882.000000000,0.000000000,0.000000000,0.000000000,0.301294000,43.500000000,3452.000000000,0.889232354,1.461538462,1.207281830,0.826034937,3452.000000000,0.000000000,0.000000000,energia_activa_punta_fuera,split_matches_reported_total,BT3,B_14.csv,measured,,,,none,0.000000000,0.000000000,ok
14,AUTORIDAD PORTUARIA NACIONAL,2024,2,3832.500000000,709.500000000,3123.000000000,709.500000000,3123.000000000,3832.500000000,3832.500000000,709.500000000,3123.000000000,3832.499998000,3832.499998000,0.000000000,1.000000001,0.000004000,3832.499996000,0.000000000,3832.499998000,3832.499996000,0.999999997,0.000004000,3832.500000000,0.000000000,0.000000000,0.000000000,0.425492000,21.000000000,3075.000000000,0.802348337,1.461538462,1.080353923,0.739189527,3075.000000000,0.000000000,0.000000000,energia_activa_punta_fuera,split_matches_reported_total,BT3,B_14.csv,measured,,,,none,0.000000000,0.000000000,ok
14,AUTORIDAD PORTUARIA NACIONAL,2024,3,3543.000000000,703.500000000,2839.500000000,703.500000000,2839.500000000,3543.000000000,3543.000000000,703.500000000,2839.500000000,3543.000003000,3543.000003000,0.000000000,0.999999999,0.000000000,3543.000000000,0.000000000,3543.000003000,3543.000000000,0.999999998,0.000000000,3543.000000000,0.000000000,0.000000000,0.000000000,0.409046000,1.500000000,2784.500000000,0.785915890,1.461538462,1.052217582,0.719938345,2784.500000000,0.000000000,0.000000000,energia_activa_punta_fuera,split_matches_reported_total,BT3,B_14.csv,measured,,,,none,0.000000000,0.000000000,ok
14,AUTORIDAD PORTUARIA NACIONAL,2024,4,4048.500000000,720.000000000,3328.500000000,720.000000000,3328.500000000,4048.500000000,4048.500000000,720.000000000,3328.500000000,4048.500002000,4048.500002000,0.000000000,1.000000000,0.000000000,4048.500000000,0.000000000,4048.500002000,4048.500000000,0.999999999,0.000000000,4048.500000000,0.000000000,0.000000000,0.000000000,0.334697000,4.500000000,2995.500000000,0.739903668,1.461538462,0.999367872,0.683778018,2995.500000000,0.000000000,0.000000000,energia_activa_punta_fuera,split_matches_reported_total,BT3,B_14.csv,measured,,,,none,0.000000000,0.000000000,ok
14,AUTORIDAD PORTUARIA NACIONAL,2024,5,4377.000000000,879.000000000,3498.000000000,879.000000000,3498.000000000,4377.000000000,4377.000000000,879.000000000,3498.000000000,4377.000002000,4377.000002000,0.000000000,1.000000000,0.000000000,4377.000000000,0.000000000,4377.000002000,4377.000000000,0.999999998,0.000000000,4377.000000000,0.000000000,0.000000000,0.000000000,0.405277000,3.000000000,2980.000000000,0.680831620,1.461538462,0.910655408,0.623080016,2980.000000000,0.000000000,0.000000000,energia_activa_punta_fuera,split_matches_reported_total,BT3,B_14.csv,measured,,,,none,0.000000000,0.000000000,ok
14,AUTORIDAD PORTUARIA NACIONAL,2024,6,4545.000000000,939.000000000,3606.000000000,939.000000000,3606.000000000,4545.000000000,4545.000000000,939.000000000,3606.000000000,4545.000005000,4545.000005000,0.000000000,0.999999999,0.000001000,4544.999999000,0.000000000,4545.000005000,4544.999999000,0.999999998,0.000001000,4545.000000000,0.000000000,0.000000000,0.000000000,0.462962000,7.500000000,3344.500000000,0.735863586,1.461538462,0.981867767,0.671804261,3344.500000000,0.000000000,0.000000000,energia_activa_punta_fuera,split_matches_reported_total,BT3,B_14.csv,measured,,,,none,0.000000000,0.000000000,ok
14,AUTORIDAD PORTUARIA NACIONAL,2024,7,3526.500000000,756.000000000,2770.500000000,756.000000000,2770.500000000,3526.500000000,3526.500000000,756.000000000,2770.500000000,3526.499998000,3526.499998000,0.000000000,1.000000000,0.000002000,3526.499998000,0.000000000,3526.499998000,3526.499998000,1.000000000,0.000002000,3526.500000000,0.000000000,0.000000000,0.000000000,0.395312000,4.500000000,2813.000000000,0.797674748,1.461538462,1.060866804,0.725856234,2813.000000000,-0.000000000,-0.000000000,energia_activa_punta_fuera,split_matches_reported_total,BT3,B_14.csv,measured,,,,none,0.000000000,0.000000000,ok
14,AUTORIDAD PORTUARIA NACIONAL,2024,8,3927.000000000,672.000000000,3255.000000000,672.000000000,3255.000000000,3927.000000000,3927.000000000,672.000000000,3255.000000000,3927.000000000,3927.000000000,0.000000000,1.000000000,0.000002000,3926.999998000,0.000000000,3927.000000000,3926.999998000,0.999999997,0.000002000,3927.000000000,0.000000000,0.000000000,0.000000000,0.457372000,13.500000000,2888.500000000,0.735548765,1.461538462,0.996341884,0.681707605,2888.500000000,0.000000000,0.000000000,energia_activa_punta_fuera,split_matches_reported_total,BT3,B_14.csv,measured,,,,none,0.000000000,0.000000000,ok
14,AUTORIDAD PORTUARIA NACIONAL,2024,9,4470.000000000,729.000000000,3741.000000000,729.000000000,3741.000000000,4470.000000000,4470.000000000,729.000000000,3741.000000000,4469.999999000,4469.999999000,0.000000000,1.000000000,0.000002000,4469.999998000,0.000000000,4469.999999000,4469.999998000,0.999999999,0.000002000,4470.000000000,0.000000000,0.000000000,0.000000000,0.398353000,33.000000000,3172.500000000,0.709731544,1.461538462,0.964686960,0.660048973,3172.500000000,0.000000000,0.000000000,energia_activa_punta_fuera,split_matches_reported_total,BT3,B_14.csv,measured,,,,none,0.000000000,0.000000000,ok
14,AUTORIDAD PORTUARIA NACIONAL,2024,10,4470.000000000,682.500000000,3787.500000000,682.500000000,3787.500000000,4470.000000000,4470.000000000,682.500000000,3787.500000000,4470.000003000,4470.000003000,0.000000000,0.999999999,0.000000000,4470.000000000,0.000000000,4470.000003000,4470.000000000,0.999999999,0.000000000,4470.000000000,0.000000000,0.000000000,0.000000000,0.384297000,40.500000000,3132.000000000,0.700671141,1.461538462,0.956643357,0.654545455,3132.000000000,0.000000000,0.000000000,energia_activa_punta_fuera,split_matches_reported_total,BT3,B_14.csv,measured,,,,none,0.000000000,0.000000000,ok
14,AUTORIDAD PORTUARIA NACIONAL,2024,11,4872.000000000,799.500000000,4072.500000000,799.500000000,4072.500000000,4872.000000000,4872.000000000,799.500000000,4072.500000000,4872.000003000,4872.000003000,0.000000000,0.999999999,0.000000000,4872.000000000,0.000000000,4872.000003000,4872.000000000,0.999999999,0.000000000,4872.000000000,0.000000000,0.000000000,0.000000000,0.392953000,75.000000000,3309.500000000,0.679289819,1.461538462,0.922908136,0.631463461,3309.500000000,0.000000000,0.000000000,energia_activa_punta_fuera,split_matches_reported_total,BT3,B_14.csv,measured,,,,none,0.000000000,0.000000000,ok
14,AUTORIDAD PORTUARIA NACIONAL,2024,12,4573.500000000,790.500000000,3783.000000000,790.500000000,3783.000000000,4573.500000000,4573.500000000,790.500000000,3783.000000000,4573.500003000,4573.500003000,0.000000000,0.999999999,0.000000000,4573.500000000,0.000000000,4573.500003000,4573.500000000,0.999999999,0.000000000,4573.500000000,0.000000000,0.000000000,0.000000000,0.348536000,22.500000000,3298.000000000,0.721110747,1.461538462,0.976066419,0.667834918,3298.000000000,0.000000000,0.000000000,energia_activa_punta_fuera,split_matches_reported_total,BT3,B_14.csv,measured,,,,none,0.000000000,0.000000000,ok
14,AUTORIDAD PORTUARIA NACIONAL,2025,1,3499.500000000,586.500000000,2913.000000000,586.500000000,2913.000000000,3499.500000000,3499.500000000,586.500000000,2913.000000000,3499.500000000,3499.500000000,0.000000000,1.000000000,0.000002000,3499.499998000,0.000000000,3499.500000000,3499.499998000,0.999999996,0.000002000,3499.500000000,0.000000000,0.000000000,0.000000000,0.305686000,40.500000000,2907.500000000,0.830832976,1.461538462,1.127110431,0.771180821,2907.500000000,0.000000000,0.000000000,energia_activa_punta_fuera,split_matches_reported_total,BT3,B_14.csv,measured,,,,none,0.000000000,0.000000000,ok
14,AUTORIDAD PORTUARIA NACIONAL,2025,2,3447.000000000,667.500000000,2779.500000000,667.500000000,2779.500000000,3447.000000000,3447.000000000,667.500000000,2779.500000000,3446.999997000,3446.999997000,0.000000000,1.000000001,0.000003000,3446.999997000,0.000000000,3446.999997000,3446.999997000,1.000000000,0.000003000,3447.000000000,0.000000000,0.000000000,0.000000000,0.340262000,27.000000000,2859.500000000,0.829561938,1.461538462,1.112965011,0.761502376,2859.500000000,0.000000000,0.000000000,energia_activa_punta_fuera,split_matches_reported_total,BT3,B_14.csv,measured,,,,none,0.000000000,0.000000000,ok
14,AUTORIDAD PORTUARIA NACIONAL,2025,3,3078.000000000,645.000000000,2433.000000000,645.000000000,2433.000000000,3078.000000000,3078.000000000,645.000000000,2433.000000000,3078.000005000,3078.000005000,0.000000000,0.999999998,0.000000000,3078.000000000,0.000000000,3078.000005000,3078.000000000,0.999999997,0.000000000,3078.000000000,0.000000000,0.000000000,0.000000000,0.297805000,6.000000000,5644.000000000,1.833658220,1.461538462,2.443624100,1.671953332,5644.000000000,0.000000000,0.000000000,energia_activa_punta_fuera,split_matches_reported_total,BT3,B_14.csv,measured,,,,none,0.000000000,0.000000000,ok
14,AUTORIDAD PORTUARIA NACIONAL,2025,4,3189.000000000,672.000000000,2517.000000000,672.000000000,2517.000000000,3189.000000000,3189.000000000,672.000000000,2517.000000000,3188.999999000,3188.999999000,0.000000000,1.000000000,0.000001000,3188.999999000,0.000000000,3188.999999000,3188.999999000,0.999999999,0.000001000,3189.000000000,-0.000000000,0.000000000,0.000000000,0.337460000,1.500000000,2779.000000000,0.871433051,1.461538462,1.160742157,0.794192002,2779.000000000,0.000000000,0.000000000,energia_activa_punta_fuera,split_matches_reported_total,BT3,B_14.csv,measured,,,,none,0.000000000,0.000000000,ok
14,AUTORIDAD PORTUARIA NACIONAL,2025,5,3340.500000000,706.500000000,2634.000000000,706.500000000,2634.000000000,3340.500000000,3340.500000000,706.500000000,2634.000000000,3340.499998000,3340.499998000,0.000000000,1.000000001,0.000002000,3340.499998000,0.000000000,3340.499998000,3340.499998000,1.000000000,0.000002000,3340.500000000,0.000000000,0.000000000,0.000000000,0.323203000,0.000000000,2759.000000000,0.825924263,1.461538462,1.099768176,0.752472963,2759.000000000,0.000000000,0.000000000,energia_activa_punta_fuera,split_matches_reported_total,BT3,B_14.csv,measured,,,,none,0.000000000,0.000000000,ok
14,AUTORIDAD PORTUARIA NACIONAL,2025,6,3280.500000000,759.000000000,2521.500000000,759.000000000,2521.500000000,3280.500000000,3280.500000000,759.000000000,2521.500000000,3280.499995000,3280.499995000,0.000000000,1.000000002,0.000005000,3280.499995000,0.000000000,3280.499995000,3280.499995000,1.000000000,0.000005000,3280.500000000,0.000000000,0.000000000,0.000000000,0.386942000,1.500000000,2616.000000000,0.797439415,1.461538462,1.053039692,0.720500842,2616.000000000,0.000000000,0.000000000,energia_activa_punta_fuera,split_matches_reported_total,BT3,B_14.csv,measured,,,,none,0.000000000,0.000000000,ok
14,AUTORIDAD PORTUARIA NACIONAL,2025,7,3081.000000000,753.000000000,2328.000000000,753.000000000,2328.000000000,3081.000000000,3081.000000000,753.000000000,2328.000000000,3081.000001000,3081.000001000,0.000000000,1.000000000,0.000000000,3081.000000000,0.000000000,3081.000001000,3081.000000000,0.999999998,0.000000000,3081.000000000,-0.000000000,0.000000000,0.000000000,0.342881000,0.000000000,2692.000000000,0.873742291,1.461538462,1.147562316,0.785174216,2692.000000000,0.000000000,0.000000000,energia_activa_punta_fuera,split_matches_reported_total,BT3,B_14.csv,measured,,,,none,0.000000000,0.000000000,ok
14,AUTORIDAD PORTUARIA NACIONAL,2025,8,3013.500000000,661.500000000,2352.000000000,661.500000000,2352.000000000,3013.500000000,3013.500000000,661.500000000,2352.000000000,3013.499995000,3013.499995000,0.000000000,1.000000002,0.000005000,3013.499995000,0.000000000,3013.499995000,3013.499995000,1.000000000,0.000005000,3013.500000000,0.000000000,0.000000000,0.000000000,0.399181000,37.500000000,2661.500000000,0.883192301,1.461538462,1.172072918,0.801944628,2661.500000000,0.000000000,0.000000000,energia_activa_punta_fuera,split_matches_reported_total,BT3,B_14.csv,measured,,,,none,0.000000000,0.000000000,ok
14,AUTORIDAD PORTUARIA NACIONAL,2025,9,3501.000000000,781.500000000,2719.500000000,781.500000000,2719.500000000,3501.000000000,3501.000000000,781.500000000,2719.500000000,3500.999998000,3500.999998000,0.000000000,1.000000001,0.000002000,3500.999998000,0.000000000,3500.999998000,3500.999998000,1.000000000,0.000002000,3501.000000000,0.000000000,0.000000000,0.000000000,0.327110000,49.500000000,2894.500000000,0.826763782,1.461538462,1.095484244,0.749541851,2894.500000000,0.000000000,0.000000000,energia_activa_punta_fuera,split_matches_reported_total,BT3,B_14.csv,measured,,,,none,0.000000000,0.000000000,ok
14,AUTORIDAD PORTUARIA NACIONAL,2025,10,3595.500000000,847.500000000,2748.000000000,847.500000000,2748.000000000,3595.500000000,3595.500000000,847.500000000,2748.000000000,3595.499999000,3595.499999000,0.000000000,1.000000000,0.000003000,3595.499997000,0.000000000,3595.499999000,3595.499997000,0.999999999,0.000003000,3595.500000000,0.000000000,0.000000000,0.000000000,0.331920000,42.000000000,2852.000000000,0.793213739,1.461538462,1.045565493,0.715386916,2852.000000000,0.000000000,0.000000000,energia_activa_punta_fuera,split_matches_reported_total,BT3,B_14.csv,measured,,,,none,0.000000000,0.000000000,ok
14,AUTORIDAD PORTUARIA NACIONAL,2025,11,3570.000000000,832.500000000,2737.500000000,832.500000000,2737.500000000,3570.000000000,3570.000000000,832.500000000,2737.500000000,3569.999999000,3569.999999000,0.000000000,1.000000000,0.000001000,3569.999999000,0.000000000,3569.999999000,3569.999999000,1.000000000,0.000001000,3570.000000000,0.000000000,0.000000000,0.000000000,0.357744000,54.000000000,2854.000000000,0.799439776,1.461538462,1.054877930,0.721758584,2854.000000000,0.000000000,0.000000000,energia_activa_punta_fuera,split_matches_reported_total,BT3,B_14.csv,measured,,,,none,0.000000000,0.000000000,ok
14,AUTORIDAD PORTUARIA NACIONAL,2025,12,3339.000000000,774.000000000,2565.000000000,774.000000000,2565.000000000,3339.000000000,3339.000000000,774.000000000,2565.000000000,3338.999995000,3338.999995000,0.000000000,1.000000002,0.000005000,3338.999995000,0.000000000,3338.999995000,3338.999995000,1.000000000,0.000005000,3339.000000000,0.000000000,0.000000000,0.000000000,0.358246000,43.500000000,2726.500000000,0.816561845,1.461538462,1.078094108,0.737643337,2726.500000000,0.000000000,0.000000000,energia_activa_punta_fuera,split_matches_reported_total,BT3,B_14.csv,measured,,,,none,0.000000000,0.000000000,ok
15,DREL- COLEGIO NACIONAL DE IQUITOS,2023,1,10719.989300000,2625.451900000,8094.537400000,2625.451900000,8094.537400000,10719.989300000,10719.990000000,2625.451900000,8094.537400000,10719.989251000,6650.049542000,4069.939709000,1.000000005,4069.939758000,6650.049542000,0.000000000,6650.049542000,6650.049542000,1.000000000,4069.939758000,10719.989300000,-0.000000000,0.000700000,0.000006530,0.162156000,8347.264400000,8696.000000000,0.811194840,1.461538462,1.065187673,0.728812619,8696.000000000,0.000000000,0.000000000,energia_activa_punta_fuera,split_matches_reported_total,MT4,B_15.csv,measured,,,,none,0.000000000,0.000000000,ok
15,DREL- COLEGIO NACIONAL DE IQUITOS,2023,2,7730.901400000,2354.543100000,5376.358300000,2354.543100000,5376.358300000,7730.901400000,7730.900000000,2354.543100000,5376.358300000,7730.901374000,5572.092546000,2158.808828000,1.000000003,2158.808856000,5572.092544000,0.000000000,5572.092546000,5572.092544000,1.000000000,2158.808856000,7730.901400000,0.000000000,-0.001400000,-0.000018109,0.371418000,7321.810900000,14791.500000000,1.913295648,1.461538462,2.451723010,1.677494691,14791.500000000,-0.000000000,-0.000000000,energia_activa_punta_fuera,split_matches_reported_total,MT4,B_15.csv,measured,,,,none,0.000000000,0.000000000,ok
15,DREL- COLEGIO NACIONAL DE IQUITOS,2023,3,6827.265900000,2125.452400000,4701.813500000,2125.452400000,4701.813500000,6827.265900000,6827.260000000,2125.452400000,4701.813500000,6827.265936000,4928.453021000,1898.812915000,0.999999995,1898.812879000,4928.453021000,0.000000000,4928.453021000,4928.453021000,1.000000000,1898.812879000,6827.265900000,0.000000000,-0.005900000,-0.000086418,0.330081000,6374.539100000,5733.500000000,0.839794448,1.461538462,1.073190188,0.734288023,5733.500000000,0.000000000,0.000000000,energia_activa_punta_fuera,split_matches_reported_total,MT4,B_15.csv,measured,,,,none,0.000000000,0.000000000,ok
15,DREL- COLEGIO NACIONAL DE IQUITOS,2023,4,14447.258300000,3607.269100000,10839.989200000,3607.269100000,10839.989200000,14447.258300000,14447.260000000,3607.269100000,10839.989200000,14447.258381000,6283.880431000,8163.377950000,0.999999994,8163.377869000,6283.880431000,0.000000000,6283.880431000,6283.880431000,1.000000000,8163.377869000,14447.258300000,0.000000000,0.001700000,0.000011767,0.269173000,8709.082200000,9530.500000000,0.659675338,1.461538462,0.864514718,0.591510070,9530.500000000,0.000000000,0.000000000,energia_activa_punta_fuera,split_matches_reported_total,MT4,B_15.csv,measured,,,,none,0.000000000,0.000000000,ok
15,DREL- COLEGIO NACIONAL DE IQUITOS,2023,5,15419.984600000,3538.178300000,11881.806300000,3538.178300000,11881.806300000,15419.984600000,15419.990000000,3538.178300000,11881.806300000,15419.984640000,7294.211003000,8125.773637000,0.999999997,8125.773597000,7294.211003000,0.000000000,7294.211003000,7294.211003000,1.000000000,8125.773597000,15419.984600000,0.000000000,0.005400000,0.000035019,0.263516000,9523.626800000,10162.500000000,0.659047351,1.461538462,0.870984188,0.595936549,10162.500000000,0.000000000,0.000000000,energia_activa_punta_fuera,split_matches_reported_total,MT4,B_15.csv,measured,,,,none,0.000000000,0.000000000,ok
15,DREL- COLEGIO NACIONAL DE IQUITOS,2023,6,14998.148700000,3830.887100000,11167.261600000,3830.887100000,11167.261600000,14998.148700000,14998.150000000,3830.887100000,11167.261600000,14998.148607000,6658.698057000,8339.450550000,1.000000006,8339.450643000,6658.698057000,0.000000000,6658.698057000,6658.698057000,1.000000000,8339.450643000,14998.148700000,0.000000000,0.001300000,0.000008668,0.274746000,9216.354400000,9536.500000000,0.635845143,1.461538462,0.831310590,0.568791456,9536.500000000,0.000000000,0.000000000,energia_activa_punta_fuera,split_matches_reported_total,MT4,B_15.csv,measured,,,,none,0.000000000,0.000000000,ok
15,DREL- COLEGIO NACIONAL DE IQUITOS,2023,7,16259.983700000,3907.268800000,12352.714900000,3907.268800000,12352.714900000,16259.983700000,16259.980000000,3907.268800000,12352.714900000,16259.983515000,6702.485747000,9557.497768000,1.000000011,9557.497953000,6702.485747000,0.000000000,6702.485747000,6702.485747000,1.000000000,9557.497953000,16259.983700000,0.000000000,-0.003700000,-0.000022755,0.274797000,10014.535400000,9726.500000000,0.598186332,1.461538462,0.786989283,0.538466352,9726.500000000,0.000000000,0.000000000,energia_activa_punta_fuera,split_matches_reported_total,MT4,B_15.csv,measured,,,,none,0.000000000,0.000000000,ok
15,DREL- COLEGIO NACIONAL DE IQUITOS,2023,8,13638.186300000,3267.287600000,10370.898700000,3267.287600000,10370.898700000,13638.186300000,13638.190000000,3267.287600000,10370.898700000,13638.186105000,7551.718240000,6086.467865000,1.000000014,6086.468060000,7551.718240000,0.000000000,7551.718240000,7551.718240000,1.000000000,6086.468060000,13638.186300000,0.000000000,0.003700000,0.000027130,0.213923000,9527.263200000,8725.500000000,0.639784485,1.461538462,0.841972452,0.576086415,8725.500000000,0.000000000,0.000000000,energia_activa_punta_fuera,split_matches_reported_total,MT4,B_15.csv,measured,,,,none,0.000000000,0.000000000,ok
15,DREL- COLEGIO NACIONAL DE IQUITOS,2023,9,15801.802400000,3898.177900000,11903.624500000,3898.177900000,11903.624500000,15801.802400000,15801.800000000,3898.177900000,11903.624500000,15801.802437000,7031.658704000,8770.143733000,0.999999998,8770.143696000,7031.658704000,0.000000000,7031.658704000,7031.658704000,1.000000000,8770.143696000,15801.802400000,-0.000000000,-0.002400000,-0.000015188,0.310304000,10418.171400000,8794.000000000,0.556518793,1.461538462,0.730231089,0.499631798,8794.000000000,0.000000000,0.000000000,energia_activa_punta_fuera,split_matches_reported_total,MT4,B_15.csv,measured,,,,none,0.000000000,0.000000000,ok
15,DREL- COLEGIO NACIONAL DE IQUITOS,2023,10,16887.255800000,3789.087100000,13098.168700000,3789.087100000,13098.168700000,16887.255800000,16887.260000000,3789.087100000,13098.168700000,16887.255827000,7413.579664000,9473.676163000,0.999999998,9473.676136000,7413.579664000,0.000000000,7413.579664000,7413.579664000,1.000000000,9473.676136000,16887.255800000,0.000000000,0.004200000,0.000024871,0.273305000,11010.898100000,9660.500000000,0.572058605,1.461538462,0.757627328,0.518376593,9660.500000000,0.000000000,0.000000000,energia_activa_punta_fuera,split_matches_reported_total,MT4,B_15.csv,measured,,,,none,0.000000000,0.000000000,ok
15,DREL- COLEGIO NACIONAL DE IQUITOS,2023,11,14665.439900000,3425.451100000,11239.988800000,3425.451100000,11239.988800000,14665.439900000,14665.440000000,3425.451100000,11239.988800000,14665.439967000,7260.577171000,7404.862796000,0.999999995,7404.862729000,7260.577171000,0.000000000,7260.577171000,7260.577171000,1.000000000,7404.862729000,14665.439900000,0.000000000,0.000100000,0.000000682,0.233878000,10049.080900000,8930.000000000,0.608914568,1.461538462,0.803348713,0.549659646,8930.000000000,0.000000000,0.000000000,energia_activa_punta_fuera,split_matches_reported_total,MT4,B_15.csv,measured,,,,none,0.000000000,0.000000000,ok
15,DREL- COLEGIO NACIONAL DE IQUITOS,2023,12,18292.709000000,3892.723400000,14399.985600000,3892.723400000,14399.985600000,18292.709000000,18292.710000000,3892.723400000,14399.985600000,18292.708932000,6813.454291000,11479.254641000,1.000000004,11479.254709000,6813.454291000,0.000000000,6813.454291000,6813.454291000,1.000000000,11479.254709000,18292.709000000,0.000000000,0.001000000,0.000005467,0.285758000,11623.624700000,9828.500000000,0.537290568,1.461538462,0.715042068,0.489239309,9828.500000000,-0.000000000,-0.000000000,energia_activa_punta_fuera,split_matches_reported_total,MT4,B_15.csv,measured,,,,none,0.000000000,0.000000000,ok
15,DREL- COLEGIO NACIONAL DE IQUITOS,2024,1,12298.169500000,2619.997400000,9678.172100000,2619.997400000,9678.172100000,12298.169500000,12298.170000000,2619.997400000,9678.172100000,12298.169452000,7501.470912000,4796.698540000,1.000000004,4796.698588000,7501.470912000,0.000000000,7501.470912000,7501.470912000,1.000000000,4796.698588000,12298.169500000,0.000000000,0.000500000,0.000004066,0.236636000,9341.808800000,17616.000000000,1.432408295,1.461538462,1.906100605,1.304174098,17616.000000000,0.000000000,0.000000000,energia_activa_punta_fuera,split_matches_reported_total,MT4,B_15.csv,measured,,,,none,0.000000000,0.000000000,ok
15,DREL- COLEGIO NACIONAL DE IQUITOS,2024,2,7592.719700000,2227.270500000,5365.449200000,2227.270500000,5365.449200000,7592.719700000,7592.720000000,2227.270500000,5365.449200000,7592.719726000,5584.779414000,2007.940312000,0.999999997,2007.940286000,5584.779414000,0.000000000,5584.779414000,5584.779414000,1.000000000,2007.940286000,7592.719700000,0.000000000,0.000300000,0.000003951,0.300517000,7123.629200000,5132.000000000,0.675910636,1.461538462,0.870071279,0.595311928,5132.000000000,0.000000000,0.000000000,energia_activa_punta_fuera,split_matches_reported_total,MT4,B_15.csv,measured,,,,none,0.000000000,0.000000000,ok
15,DREL- COLEGIO NACIONAL DE IQUITOS,2024,3,7558.174200000,2170.906900000,5387.267300000,2170.906900000,5387.267300000,7558.174200000,7558.180000000,2170.906900000,5387.267300000,7558.174205000,5611.119713000,1947.054492000,0.999999999,1947.054489000,5611.119711000,0.000000000,5611.119713000,5611.119711000,1.000000000,1947.054489000,7558.174200000,0.000000000,0.005800000,0.000076738,0.317231000,6881.811300000,4942.000000000,0.653861616,1.461538462,0.843786489,0.577327598,4942.000000000,0.000000000,0.000000000,energia_activa_punta_fuera,split_matches_reported_total,MT4,B_15.csv,measured,,,,none,0.000000000,0.000000000,ok
15,DREL- COLEGIO NACIONAL DE IQUITOS,2024,4,13014.532500000,2667.270100000,10347.262400000,2667.270100000,10347.262400000,13014.532500000,13014.530000000,2667.270100000,10347.262400000,13014.532723000,7283.790957000,5730.741766000,0.999999983,5730.741543000,7283.790957000,0.000000000,7283.790957000,7283.790957000,1.000000000,5730.741543000,13014.532500000,0.000000000,-0.002500000,-0.000019209,0.254262000,8554.536900000,7014.000000000,0.538935993,1.461538462,0.719607808,0.492363237,7014.000000000,-0.000000000,-0.000000000,energia_activa_punta_fuera,split_matches_reported_total,MT4,B_15.csv,measured,,,,none,0.000000000,0.000000000,ok
15,DREL- COLEGIO NACIONAL DE IQUITOS,2024,5,18492.708800000,4243.632100000,14249.076700000,4243.632100000,14249.076700000,18492.708800000,18492.710000000,4243.632100000,14249.076700000,18492.708773000,7375.643930000,11117.064843000,1.000000001,11117.064870000,7375.643930000,0.000000000,7375.643930000,7375.643930000,1.000000000,11117.064870000,18492.708800000,0.000000000,0.001200000,0.000006489,0.333957000,10049.080900000,15543.500000000,0.840520454,1.461538462,1.110805373,0.760024729,15543.500000000,-0.000000000,-0.000000000,energia_activa_punta_fuera,split_matches_reported_total,MT4,B_15.csv,measured,,,,none,0.000000000,0.000000000,ok
15,DREL- COLEGIO NACIONAL DE IQUITOS,2024,6,14403.622000000,3427.269300000,10976.352700000,3427.269300000,10976.352700000,14403.622000000,14403.620000000,3427.269300000,10976.352700000,14403.622115000,6389.608975000,8014.013140000,0.999999992,8014.013025000,6389.608975000,0.000000000,6389.608975000,6389.608975000,1.000000000,8014.013025000,14403.622000000,-0.000000000,-0.002000000,-0.000013885,0.250632000,9218.172600000,8180.000000000,0.567912710,1.461538462,0.747892186,0.511715706,8180.000000000,0.000000000,0.000000000,energia_activa_punta_fuera,split_matches_reported_total,MT4,B_15.csv,measured,,,,none,0.000000000,0.000000000,ok
15,DREL- COLEGIO NACIONAL DE IQUITOS,2024,7,14354.531100000,3132.724100000,11221.807000000,3132.724100000,11221.807000000,14354.531100000,14354.530000000,3132.724100000,11221.807000000,14354.530991000,7265.236355000,7089.294636000,1.000000008,7089.294745000,7265.236355000,0.000000000,7265.236355000,7265.236355000,1.000000000,7089.294745000,14354.531100000,0.000000000,-0.001100000,-0.000007663,0.244215000,9574.535900000,8061.500000000,0.561599675,1.461538462,0.745689318,0.510208481,8061.500000000,-0.000000000,-0.000000000,energia_activa_punta_fuera,split_matches_reported_total,MT4,B_15.csv,measured,,,,none,0.000000000,0.000000000,ok
15,DREL- COLEGIO NACIONAL DE IQUITOS,2024,8,15992.711300000,3690.905400000,12301.805900000,3690.905400000,12301.805900000,15992.711300000,15992.720000000,3690.905400000,12301.805900000,15992.711095000,7266.551915000,8726.159180000,1.000000013,8726.159385000,7266.551915000,0.000000000,7266.551915000,7266.551915000,1.000000000,8726.159385000,15992.711300000,-0.000000000,0.008700000,0.000054400,0.290872000,9701.808500000,8592.500000000,0.537276003,1.461538462,0.709658848,0.485556054,8592.500000000,0.000000000,0.000000000,energia_activa_punta_fuera,split_matches_reported_total,MT4,B_15.csv,measured,,,,none,0.000000000,0.000000000,ok
15,DREL- COLEGIO NACIONAL DE IQUITOS,2024,9,17710.891300000,3778.178000000,13932.713300000,3778.178000000,13932.713300000,17710.891300000,17710.890000000,3778.178000000,13932.713300000,17710.891248000,7144.295649000,10566.595599000,1.000000003,10566.595651000,7144.295649000,0.000000000,7144.295649000,7144.295649000,1.000000000,10566.595651000,17710.891300000,0.000000000,-0.001300000,-0.000007340,0.326791000,10129.080800000,9201.000000000,0.519510839,1.461538462,0.691228292,0.472945673,9201.000000000,0.000000000,0.000000000,energia_activa_punta_fuera,split_matches_reported_total,MT4,B_15.csv,measured,,,,none,0.000000000,0.000000000,ok
15,DREL- COLEGIO NACIONAL DE IQUITOS,2024,10,16814.528600000,3850.905200000,12963.623400000,3850.905200000,12963.623400000,16814.528600000,16814.530000000,3850.905200000,12963.623400000,16814.528701000,7670.892999000,9143.635702000,0.999999994,9143.635601000,7670.892999000,0.000000000,7670.892999000,7670.892999000,1.000000000,9143.635601000,16814.528600000,0.000000000,0.001400000,0.000008326,0.273868000,9339.990700000,18137.500000000,1.078680255,1.461538462,1.425819706,0.975560851,18137.500000000,0.000000000,0.000000000,energia_activa_punta_fuera,split_matches_reported_total,MT4,B_15.csv,measured,,,,none,0.000000000,0.000000000,ok
15,DREL- COLEGIO NACIONAL DE IQUITOS,2024,11,19063.617300000,4227.268500000,14836.348800000,4227.268500000,14836.348800000,19063.617300000,19063.620000000,4227.268500000,14836.348800000,19063.617221000,6944.809122000,12118.808099000,1.000000004,12118.808178000,6944.809122000,0.000000000,6944.809122000,6944.809122000,1.000000000,12118.808178000,19063.617300000,0.000000000,0.002700000,0.000014163,0.313846000,10723.625600000,18623.000000000,0.976887005,1.461538462,1.295201788,0.886190697,18623.000000000,0.000000000,0.000000000,energia_activa_punta_fuera,split_matches_reported_total,MT4,B_15.csv,measured,,,,none,0.000000000,0.000000000,ok
15,DREL- COLEGIO NACIONAL DE IQUITOS,2024,12,18003.618400000,3967.268800000,14036.349600000,3967.268800000,14036.349600000,18003.618400000,18003.620000000,3967.268800000,14036.349600000,18003.618391000,7093.996048000,10909.622343000,1.000000001,10909.622352000,7093.996048000,0.000000000,7093.996048000,7093.996048000,1.000000000,10909.622352000,18003.618400000,0.000000000,0.001600000,0.000008887,0.271258000,10054.535400000,19308.000000000,1.072451080,1.461538462,1.422730550,0.973447219,19308.000000000,0.000000000,0.000000000,energia_activa_punta_fuera,split_matches_reported_total,MT4,B_15.csv,measured,,,,none,0.000000000,0.000000000,ok
15,DREL- COLEGIO NACIONAL DE IQUITOS,2025,1,11567.261200000,2749.088200000,8818.173000000,2749.088200000,8818.173000000,11567.261200000,11567.260000000,2749.088200000,8818.173000000,11567.261040000,7340.942558000,4226.318482000,1.000000014,4226.318642000,7340.942558000,0.000000000,7340.942558000,7340.942558000,1.000000000,4226.318642000,11567.261200000,0.000000000,-0.001200000,-0.000010374,0.236259000,7530.901600000,7051.500000000,0.609608435,1.461538462,0.802896646,0.549350337,7051.500000000,0.000000000,0.000000000,energia_activa_punta_fuera,split_matches_reported_total,MT4,B_15.csv,measured,,,,none,0.000000000,0.000000000,ok
15,DREL- COLEGIO NACIONAL DE IQUITOS,2025,2,8416.355200000,2389.088500000,6027.266700000,2389.088500000,6027.266700000,8416.355200000,8416.360000000,2389.088500000,6027.266700000,8416.355170000,6226.827386000,2189.527784000,1.000000004,2189.527814000,6226.827386000,0.000000000,6226.827386000,6226.827386000,1.000000000,2189.527814000,8416.355200000,0.000000000,0.004800000,0.000057032,0.392021000,6876.356800000,5328.000000000,0.633053130,1.461538462,0.818055213,0.559721988,5328.000000000,0.000000000,0.000000000,energia_activa_punta_fuera,split_matches_reported_total,MT4,B_15.csv,measured,,,,none,0.000000000,0.000000000,ok
15,DREL- COLEGIO NACIONAL DE IQUITOS,2025,3,7679.992300000,2265.452300000,5414.540000000,2265.452300000,5414.540000000,7679.992300000,7679.990000000,2265.452300000,5414.540000000,7679.992298000,5625.262575000,2054.729723000,1.000000000,2054.729725000,5625.262575000,0.000000000,5625.262575000,5625.262575000,1.000000000,2054.729725000,7679.992300000,-0.000000000,-0.002300000,-0.000029948,0.355555000,6029.084900000,5158.500000000,0.671680361,1.461538462,0.864050442,0.591192408,5158.500000000,0.000000000,0.000000000,energia_activa_punta_fuera,split_matches_reported_total,MT4,B_15.csv,measured,,,,none,0.000000000,0.000000000,ok
15,DREL- COLEGIO NACIONAL DE IQUITOS,2025,4,13683.622600000,2923.633400000,10759.989200000,2923.633400000,10759.989200000,13683.622600000,13683.620000000,2923.633400000,10759.989200000,13683.622538000,6933.006576000,6750.615962000,1.000000005,6750.616024000,6933.006576000,0.000000000,6933.006576000,6933.006576000,1.000000000,6750.616024000,13683.622600000,0.000000000,-0.002600000,-0.000019001,0.282507000,8183.628200000,7647.000000000,0.558843241,1.461538462,0.743457105,0.508681177,7647.000000000,0.000000000,0.000000000,energia_activa_punta_fuera,split_matches_reported_total,MT4,B_15.csv,measured,,,,none,0.000000000,0.000000000,ok
15,DREL- COLEGIO NACIONAL DE IQUITOS,2025,5,16990.892100000,3470.905600000,13519.986500000,3470.905600000,13519.986500000,16990.892100000,16990.900000000,3470.905600000,13519.986500000,16990.891945000,6947.394090000,10043.497855000,1.000000009,10043.498010000,6947.394090000,0.000000000,6947.394090000,6947.394090000,1.000000000,10043.498010000,16990.892100000,0.000000000,0.007900000,0.000046495,0.325292000,8665.445900000,8515.500000000,0.501180276,1.461538462,0.669382680,0.457998675,8515.500000000,0.000000000,0.000000000,energia_activa_punta_fuera,split_matches_reported_total,MT4,B_15.csv,measured,,,,none,0.000000000,0.000000000,ok
15,DREL- COLEGIO NACIONAL DE IQUITOS,2025,6,15387.257300000,3409.087500000,11978.169800000,3409.087500000,11978.169800000,15387.257300000,15387.260000000,3409.087500000,11978.169800000,15387.257216000,6448.179427000,8939.077789000,1.000000005,8939.077873000,6448.179427000,0.000000000,6448.179427000,6448.179427000,1.000000000,8939.077873000,15387.257300000,0.000000000,0.002700000,0.000017547,0.270210000,8750.900300000,8392.500000000,0.545418838,1.461538462,0.723199770,0.494820895,8392.500000000,0.000000000,0.000000000,energia_activa_punta_fuera,split_matches_reported_total,MT4,B_15.csv,measured,,,,none,0.000000000,0.000000000,ok
15,DREL- COLEGIO NACIONAL DE IQUITOS,2025,7,15876.347800000,3509.087400000,12367.260400000,3509.087400000,12367.260400000,15876.347800000,15876.350000000,3509.087400000,12367.260400000,15876.347848000,7062.398605000,8813.949243000,0.999999997,8813.949195000,7062.398605000,0.000000000,7062.398605000,7062.398605000,1.000000000,8813.949195000,15876.347800000,0.000000000,0.002200000,0.000013857,0.253719000,8169.082700000,9660.500000000,0.608483772,1.461538462,0.806998831,0.552157095,9660.500000000,0.000000000,0.000000000,energia_activa_punta_fuera,split_matches_reported_total,MT4,B_15.csv,measured,,,,none,0.000000000,0.000000000,ok
15,DREL- COLEGIO NACIONAL DE IQUITOS,2025,8,13552.713700000,3219.996800000,10332.716900000,3219.996800000,10332.716900000,13552.713700000,13552.720000000,3219.996800000,10332.716900000,13552.713815000,6749.552007000,6803.161808000,0.999999992,6803.161693000,6749.552007000,0.000000000,6749.552007000,6749.552007000,1.000000000,6803.161693000,13552.713700000,0.000000000,0.006300000,0.000046485,0.273160000,7289.083600000,8391.000000000,0.619137996,1.461538462,0.815471670,0.557954301,8391.000000000,0.000000000,0.000000000,energia_activa_punta_fuera,split_matches_reported_total,MT4,B_15.csv,measured,,,,none,0.000000000,0.000000000,ok
15,DREL- COLEGIO NACIONAL DE IQUITOS,2025,9,17259.982800000,4085.450500000,13174.532300000,4085.450500000,13174.532300000,17259.982800000,17259.980000000,4085.450500000,13174.532300000,17259.982885000,7016.304769000,10243.678116000,0.999999995,10243.678031000,7016.304769000,0.000000000,7016.304769000,7016.304769000,1.000000000,10243.678031000,17259.982800000,0.000000000,-0.002800000,-0.000016222,0.261083000,8759.991200000,10288.500000000,0.596089818,1.461538462,0.785405411,0.537382649,10288.500000000,0.000000000,0.000000000,energia_activa_punta_fuera,split_matches_reported_total,MT4,B_15.csv,measured,,,,none,0.000000000,0.000000000,ok
15,DREL- COLEGIO NACIONAL DE IQUITOS,2025,10,20401.797800000,4763.631600000,15638.166200000,4763.631600000,15638.166200000,20401.797800000,20401.800000000,4763.631600000,15638.166200000,20401.797681000,7405.565616000,12996.232065000,1.000000006,12996.232184000,7405.565616000,0.000000000,7405.565616000,7405.565616000,1.000000000,12996.232184000,20401.797800000,0.000000000,0.002200000,0.000010783,0.333006000,9703.626700000,11251.500000000,0.551495516,1.461538462,0.727619962,0.497845237,11251.500000000,0.000000000,0.000000000,energia_activa_punta_fuera,split_matches_reported_total,MT4,B_15.csv,measured,,,,none,0.000000000,0.000000000,ok
15,DREL- COLEGIO NACIONAL DE IQUITOS,2025,11,18570.890500000,4438.177400000,14132.713100000,4438.177400000,14132.713100000,18570.890500000,18570.890000000,4438.177400000,14132.713100000,18570.890418000,6474.317778000,12096.572640000,1.000000004,12096.572722000,6474.317778000,0.000000000,6474.317778000,6474.317778000,1.000000000,12096.572722000,18570.890500000,-0.000000000,-0.000500000,-0.000002692,0.301832000,8861.809300000,10418.500000000,0.561012408,1.461538462,0.738485457,0.505279523,10418.500000000,0.000000000,0.000000000,energia_activa_punta_fuera,split_matches_reported_total,MT4,B_15.csv,measured,,,,none,0.000000000,0.000000000,ok
15,DREL- COLEGIO NACIONAL DE IQUITOS,2025,12,17949.072900000,4250.904800000,13698.168100000,4250.904800000,13698.168100000,17949.072900000,17949.070000000,4250.904800000,13698.168100000,17949.072979000,7428.410633000,10520.662346000,0.999999996,10520.662267000,7428.410633000,0.000000000,7428.410633000,7428.410633000,1.000000000,10520.662267000,17949.072900000,0.000000000,-0.002900000,-0.000016157,0.262162000,9376.354300000,10459.000000000,0.582704191,1.461538462,0.767726811,0.525286765,10459.000000000,0.000000000,0.000000000,energia_activa_punta_fuera,split_matches_reported_total,MT4,B_15.csv,measured,,,,none,0.000000000,0.000000000,ok
16,SIMA - IQUITOS S.R.LTDA,2023,1,43963.592400000,5972.721300000,37990.871100000,5972.721300000,37990.871100000,43963.592400000,55320.950000000,5972.721300000,37990.871100000,43963.592394000,43963.592394000,0.000000000,1.000000000,0.000006000,43963.592394000,0.000000000,43963.592394000,43963.592394000,1.000000000,0.000006000,43963.592400000,0.000000000,11357.357600000,25.833552219,0.327322000,33709.057200000,9585.000000000,0.218021310,1.461538462,0.299845383,0.205157367,9585.000000000,0.000000000,0.000000000,energia_activa_punta_fuera,split_reported_total_mismatch,MT3,B_16.csv,measured,,,,controlled_cooling,40.000000000,0.000000000,ok
16,SIMA - IQUITOS S.R.LTDA,2023,2,50154.495300000,6736.356900000,43418.138400000,6736.356900000,43418.138400000,50154.495300000,53524.010000000,6736.356900000,43418.138400000,50154.495301000,50154.495301000,0.000000000,1.000000000,0.000000000,50154.495300000,0.000000000,50154.495301000,50154.495300000,1.000000000,0.000000000,50154.495300000,0.000000000,3369.514700000,6.718270575,0.357226000,39054.506400000,26533.500000000,0.529035331,1.461538462,0.728072137,0.498154620,26533.500000000,0.000000000,0.000000000,energia_activa_punta_fuera,split_reported_total_mismatch,MT3,B_16.csv,measured,,,,controlled_cooling,40.000000000,0.000000000,ok
16,SIMA - IQUITOS S.R.LTDA,2023,3,47181.771000000,6463.629900000,40718.141100000,6463.629900000,40718.141100000,47181.771000000,61019.940000000,6463.629900000,40718.141100000,47181.771002000,47181.771002000,0.000000000,1.000000000,0.000000000,47181.771000000,0.000000000,47181.771002000,47181.771000000,1.000000000,0.000000000,47181.771000000,0.000000000,13838.169000000,29.329481931,0.336052000,33981.784200000,33162.500000000,0.702866791,1.461538462,0.966177293,0.661068674,33162.500000000,0.000000000,0.000000000,energia_activa_punta_fuera,split_reported_total_mismatch,MT3,B_16.csv,measured,,,,controlled_cooling,40.000000000,0.000000000,ok
16,SIMA - IQUITOS S.R.LTDA,2023,4,47699.952300000,6218.175600000,41481.776700000,6218.175600000,41481.776700000,47699.952300000,69561.720000000,6218.175600000,41481.776700000,47699.952304000,47699.952304000,0.000000000,1.000000000,0.000000000,47699.952300000,0.000000000,47699.952304000,47699.952300000,1.000000000,0.000000000,47699.952300000,0.000000000,21861.767700000,45.831843945,0.341175000,36299.963700000,37041.500000000,0.776552139,1.461538462,1.070549850,0.732481476,37041.500000000,0.000000000,0.000000000,energia_activa_punta_fuera,split_reported_total_mismatch,MT3,B_16.csv,measured,,,,controlled_cooling,40.000000000,0.000000000,ok
16,SIMA - IQUITOS S.R.LTDA,2023,5,39163.597200000,4799.995200000,34363.602000000,4799.995200000,34363.602000000,39163.597200000,45703.130000000,4799.995200000,34363.602000000,39163.597204000,39163.597204000,0.000000000,1.000000000,0.000000000,39163.597200000,0.000000000,39163.597204000,39163.597200000,1.000000000,0.000000000,39163.597200000,0.000000000,6539.532800000,16.697988100,0.309216000,35154.510300000,26421.500000000,0.674644361,1.461538462,0.933228389,0.638524687,26421.500000000,0.000000000,0.000000000,energia_activa_punta_fuera,split_reported_total_mismatch,MT3,B_16.csv,measured,,,,controlled_cooling,40.000000000,0.000000000,ok
16,SIMA - IQUITOS S.R.LTDA,2023,6,49459.041400000,6389.993600000,43069.047800000,6389.993600000,43069.047800000,49459.041400000,51016.810000000,6389.993600000,43069.047800000,49459.041399000,49459.041399000,0.000000000,1.000000000,0.000003000,49459.041397000,0.000000000,49459.041399000,49459.041397000,1.000000000,0.000003000,49459.041400000,0.000000000,1557.768600000,3.149613409,0.386785000,36286.327400000,29732.500000000,0.601153988,1.461538462,0.829166713,0.567324593,29732.500000000,0.000000000,0.000000000,energia_activa_punta_fuera,split_reported_total_mismatch,MT3,B_16.csv,measured,,,,controlled_cooling,40.000000000,0.000000000,ok
16,SIMA - IQUITOS S.R.LTDA,2023,7,48772.151300000,7532.283400000,41239.867900000,7532.283400000,41239.867900000,48772.151300000,51509.950000000,7532.283400000,41239.867900000,48772.151303000,48772.151303000,0.000000000,1.000000000,0.000000000,48772.151300000,0.000000000,48772.151303000,48772.151300000,1.000000000,0.000000000,48772.151300000,0.000000000,2737.798700000,5.613446664,0.382235000,36199.927400000,2174.000000000,0.044574618,1.461538462,0.060812830,0.041608779,2174.000000000,0.000000000,0.000000000,energia_activa_punta_fuera,split_reported_total_mismatch,MT3,B_16.csv,measured,,,,controlled_cooling,40.000000000,0.000000000,ok
16,SIMA - IQUITOS S.R.LTDA,2023,8,55320.953800000,9419.090600000,45901.863200000,9419.090600000,45901.863200000,55320.953800000,46461.060000000,9419.090600000,45901.863200000,55320.953799000,55320.953799000,0.000000000,1.000000000,0.000002000,55320.953798000,0.000000000,55320.953799000,55320.953798000,1.000000000,0.000002000,55320.953800000,-0.000000000,-8859.893800000,-16.015439343,0.253808000,41251.513300000,24330.500000000,0.439806228,1.461538462,0.595961430,0.407763084,24330.500000000,0.000000000,0.000000000,energia_activa_punta_fuera,split_reported_total_mismatch,MT3,B_16.csv,measured,,,,controlled_cooling,40.000000000,0.000000000,ok
16,SIMA - IQUITOS S.R.LTDA,2023,9,53524.010100000,8204.964500000,45319.045600000,8204.964500000,45319.045600000,53524.010100000,50161.290000000,8204.964500000,45319.045600000,53524.010096000,53524.010096000,0.000000000,1.000000000,0.000004000,53524.010096000,0.000000000,53524.010096000,53524.010096000,1.000000000,0.000004000,53524.010100000,-0.000000000,-3362.720100000,-6.282638565,0.281296000,39611.169500000,25449.000000000,0.475468859,1.461538462,0.648998383,0.444051525,25449.000000000,0.000000000,0.000000000,energia_activa_punta_fuera,split_reported_total_mismatch,MT3,B_16.csv,measured,,,,controlled_cooling,40.000000000,0.000000000,ok
16,SIMA - IQUITOS S.R.LTDA,2023,10,61019.939000000,9646.354000000,51373.585000000,9646.354000000,51373.585000000,61019.939000000,50106.550000000,9646.354000000,51373.585000000,61019.939001000,61019.939001000,0.000000000,1.000000000,0.000000000,61019.939000000,0.000000000,61019.939001000,61019.939000000,1.000000000,0.000000000,61019.939000000,-0.000000000,-10913.389000000,-17.884955604,0.316833000,42008.139800000,24798.500000000,0.406399947,1.461538462,0.553578703,0.378764376,24798.500000000,-0.000000000,-0.000000000,energia_activa_punta_fuera,split_reported_total_mismatch,MT3,B_16.csv,measured,,,,controlled_cooling,40.000000000,0.000000000,ok
16,SIMA - IQUITOS S.R.LTDA,2023,11,69561.721400000,14449.049200000,55112.672200000,14449.049200000,55112.672200000,69561.721400000,51314.400000000,14449.049200000,55112.672200000,69561.721374000,66111.646014000,3450.075360000,1.000000000,3450.075387000,66111.646013000,0.000000000,66111.646014000,66111.646013000,1.000000000,3450.075387000,69561.721400000,0.000000000,-18247.321400000,-26.231842790,0.344266000,45919.045000000,29397.000000000,0.422603113,1.461538462,0.563617432,0.385632980,29397.000000000,0.000000000,0.000000000,energia_activa_punta_fuera,split_reported_total_mismatch,MT3,B_16.csv,measured,,,,controlled_cooling,40.000000000,0.000000000,ok
16,SIMA - IQUITOS S.R.LTDA,2023,12,45703.127000000,6464.529900000,39238.597100000,6464.529900000,39238.597100000,45703.127000000,41732.500000000,6464.529900000,39238.597100000,45703.126997000,45703.126997000,0.000000000,1.000000000,0.000003000,45703.126997000,0.000000000,45703.126997000,45703.126997000,1.000000000,0.000003000,45703.127000000,0.000000000,-3970.627000000,-8.687867244,0.245799000,35996.364000000,25308.500000000,0.553758608,1.461538462,0.759741438,0.519823089,25308.500000000,0.000000000,0.000000000,energia_activa_punta_fuera,split_reported_total_mismatch,MT3,B_16.csv,measured,,,,controlled_cooling,40.000000000,0.000000000,ok
16,SIMA - IQUITOS S.R.LTDA,2024,1,51016.803500000,6852.756800000,44164.046700000,6852.756800000,44164.046700000,51016.803500000,48291.580000000,6852.756800000,44164.046700000,51016.803501000,51016.803501000,0.000000000,1.000000000,0.000000000,51016.803500000,0.000000000,51016.803501000,51016.803500000,1.000000000,0.000000000,51016.803500000,0.000000000,-2725.223500000,-5.341815467,0.256854000,37890.862100000,25535.000000000,0.500521363,1.461538462,0.688827063,0.471302727,25535.000000000,0.000000000,0.000000000,energia_activa_punta_fuera,split_reported_total_mismatch,MT3,B_16.csv,measured,,,,controlled_cooling,40.000000000,0.000000000,ok
16,SIMA - IQUITOS S.R.LTDA,2024,2,51509.948500000,7829.992200000,43679.956300000,7829.992200000,43679.956300000,51509.948500000,53295.980000000,7829.992200000,43679.956300000,51509.948497000,51509.948497000,0.000000000,1.000000000,0.000003000,51509.948497000,0.000000000,51509.948497000,51509.948497000,1.000000000,0.000003000,51509.948500000,0.000000000,1786.031500000,3.467352525,0.276883000,39946.323700000,29273.500000000,0.568307693,1.461538462,0.776150285,0.531050195,29273.500000000,0.000000000,0.000000000,energia_activa_punta_fuera,split_reported_total_mismatch,MT3,B_16.csv,measured,,,,controlled_cooling,40.000000000,0.000000000,ok
16,SIMA - IQUITOS S.R.LTDA,2024,3,46461.062600000,7401.783500000,39059.279100000,7401.783500000,39059.279100000,46461.062600000,56084.430000000,7401.783500000,39059.279100000,46461.062599000,46461.062599000,0.000000000,1.000000000,0.000001000,46461.062599000,0.000000000,46461.062599000,46461.062599000,1.000000000,0.000001000,46461.062600000,0.000000000,9623.367400000,20.712757870,0.253489000,34407.102000000,29406.500000000,0.632927840,1.461538462,0.861689713,0.589577172,29406.500000000,-0.000000000,-0.000000000,energia_activa_punta_fuera,split_reported_total_mismatch,MT3,B_16.csv,measured,,,,controlled_cooling,40.000000000,0.000000000,ok
16,SIMA - IQUITOS S.R.LTDA,2024,4,50161.286200000,7271.856400000,42889.429800000,7271.856400000,42889.429800000,50161.286200000,65154.480000000,7271.856400000,42889.429800000,50161.286201000,50161.286201000,0.000000000,1.000000000,0.000000000,50161.286200000,0.000000000,50161.286201000,50161.286200000,1.000000000,0.000000000,50161.286200000,0.000000000,14993.193800000,29.889970804,0.262809000,36321.018200000,32873.000000000,0.655346035,1.461538462,0.897746140,0.614247359,32873.000000000,0.000000000,0.000000000,energia_activa_punta_fuera,split_reported_total_mismatch,MT3,B_16.csv,measured,,,,controlled_cooling,40.000000000,0.000000000,ok
16,SIMA - IQUITOS S.R.LTDA,2024,5,50106.549900000,8527.546000000,41579.003900000,8527.546000000,41579.003900000,50106.549900000,46636.310000000,8527.546000000,41579.003900000,50106.549901000,50106.549901000,0.000000000,1.000000000,0.000000000,50106.549900000,0.000000000,50106.549901000,50106.549900000,1.000000000,0.000000000,50106.549900000,-0.000000000,-3470.239900000,-6.925721102,0.261420000,34780.765200000,22607.500000000,0.451188518,1.461538462,0.611404513,0.418329403,22607.500000000,0.000000000,0.000000000,energia_activa_punta_fuera,split_reported_total_mismatch,MT3,B_16.csv,measured,,,,controlled_cooling,40.000000000,0.000000000,ok
16,SIMA - IQUITOS S.R.LTDA,2024,6,51314.403200000,9176.172600000,42138.230600000,9176.172600000,42138.230600000,51314.403200000,53999.950000000,9176.172600000,42138.230600000,51314.403199000,51314.403199000,0.000000000,1.000000000,0.000002000,51314.403198000,0.000000000,51314.403199000,51314.403198000,1.000000000,0.000002000,51314.403200000,0.000000000,2685.546800000,5.233514632,0.237913000,34256.338500000,28238.000000000,0.550293840,1.461538462,0.742956798,0.508338862,28238.000000000,0.000000000,0.000000000,energia_activa_punta_fuera,split_reported_total_mismatch,MT3,B_16.csv,measured,,,,controlled_cooling,40.000000000,0.000000000,ok
16,SIMA - IQUITOS S.R.LTDA,2024,7,41732.494600000,7516.056100000,34216.438500000,7516.056100000,34216.438500000,41732.494600000,63872.660000000,7516.056100000,34216.438500000,41732.494602000,41732.494602000,0.000000000,1.000000000,0.000001000,41732.494599000,0.000000000,41732.494602000,41732.494599000,1.000000000,0.000001000,41732.494600000,0.000000000,22140.165400000,53.052580758,0.215173000,34318.138400000,24871.000000000,0.595962457,1.461538462,0.804176155,0.550225790,24871.000000000,0.000000000,0.000000000,energia_activa_punta_fuera,split_reported_total_mismatch,MT3,B_16.csv,measured,,,,controlled_cooling,40.000000000,0.000000000,ok
16,SIMA - IQUITOS S.R.LTDA,2024,8,48291.579000000,9302.063400000,38989.515600000,9302.063400000,38989.515600000,48291.579000000,49418.130000000,9302.063400000,38989.515600000,48291.579001000,48291.579001000,0.000000000,1.000000000,0.000001000,48291.578999000,0.000000000,48291.579001000,48291.578999000,1.000000000,0.000001000,48291.579000000,0.000000000,1126.551000000,2.332810447,0.254480000,37657.980500000,27859.500000000,0.576901824,1.461538462,0.774324530,0.529800994,27859.500000000,0.000000000,0.000000000,energia_activa_punta_fuera,split_reported_total_mismatch,MT3,B_16.csv,measured,,,,controlled_cooling,40.000000000,0.000000000,ok
16,SIMA - IQUITOS S.R.LTDA,2024,9,53295.983100000,10770.943800000,42525.039300000,10770.943800000,42525.039300000,53295.983100000,43854.510000000,10770.943800000,42525.039300000,53295.983099000,53295.983099000,0.000000000,1.000000000,0.000003000,53295.983097000,0.000000000,53295.983099000,53295.983097000,1.000000000,0.000003000,53295.983100000,0.000000000,-9441.473100000,-17.715168294,0.266799000,37011.644800000,25394.000000000,0.476471181,1.461538462,0.636967546,0.435819900,25394.000000000,0.000000000,0.000000000,energia_activa_punta_fuera,split_reported_total_mismatch,MT3,B_16.csv,measured,,,,controlled_cooling,40.000000000,0.000000000,ok
16,SIMA - IQUITOS S.R.LTDA,2024,10,56084.425700000,12098.960600000,43985.465100000,12098.960600000,43985.465100000,56084.425700000,45109.040000000,12098.960600000,43985.465100000,56084.425663000,55470.391523000,614.034140000,1.000000001,614.034177000,55470.391523000,0.000000000,55470.391523000,55470.391523000,1.000000000,614.034177000,56084.425700000,-0.000000000,-10975.385700000,-19.569400173,0.284477000,31973.095300000,25326.500000000,0.451578129,1.461538462,0.600235404,0.410687382,25326.500000000,0.000000000,0.000000000,energia_activa_punta_fuera,split_reported_total_mismatch,MT3,B_16.csv,measured,,,,controlled_cooling,40.000000000,0.000000000,ok
16,SIMA - IQUITOS S.R.LTDA,2024,11,65154.480300000,14754.530700000,50399.949600000,14754.530700000,50399.949600000,65154.480300000,51763.580000000,14754.530700000,50399.949600000,65154.480293000,61205.355151000,3949.125142000,1.000000000,3949.125149000,61205.355151000,0.000000000,61205.355151000,61205.355151000,1.000000000,3949.125149000,65154.480300000,0.000000000,-13390.900300000,-20.552539500,0.282869000,33436.330200000,28857.000000000,0.442901238,1.461538462,0.586063321,0.400990693,28857.000000000,0.000000000,0.000000000,energia_activa_punta_fuera,split_reported_total_mismatch,MT3,B_16.csv,measured,,,,controlled_cooling,40.000000000,0.000000000,ok
16,SIMA - IQUITOS S.R.LTDA,2024,12,46636.317000000,11345.443200000,35290.873800000,11345.443200000,35290.873800000,46636.317000000,54709.040000000,11345.443200000,35290.873800000,46636.317026000,46231.434996000,404.882030000,0.999999999,404.882009000,46231.434991000,0.000000000,46231.434996000,46231.434991000,1.000000000,404.882009000,46636.317000000,0.000000000,8072.723000000,17.309949669,0.265066000,33490.875600000,32458.500000000,0.695991924,1.461538462,0.914534402,0.625734064,32458.500000000,0.000000000,0.000000000,energia_activa_punta_fuera,split_reported_total_mismatch,MT3,B_16.csv,measured,,,,controlled_cooling,40.000000000,0.000000000,ok
16,SIMA - IQUITOS S.R.LTDA,2025,1,53999.946000000,12927.259800000,41072.686200000,12927.259800000,41072.686200000,53999.946000000,55363.580000000,12927.259800000,41072.686200000,53999.945998000,52089.366605000,1910.579393000,1.000000000,1910.579395000,52089.366605000,0.000000000,52089.366605000,52089.366605000,1.000000000,1910.579395000,53999.946000000,-0.000000000,1363.634000000,2.525250673,0.307950000,33027.239700000,33400.000000000,0.618519137,1.461538462,0.814045968,0.556978820,33400.000000000,0.000000000,0.000000000,energia_activa_punta_fuera,split_reported_total_mismatch,MT3,B_16.csv,measured,,,,controlled_cooling,40.000000000,0.000000000,ok
16,SIMA - IQUITOS S.R.LTDA,2025,2,63872.663400000,17399.982600000,46472.680800000,17399.982600000,46472.680800000,63872.663400000,61963.580000000,17399.982600000,46472.680800000,63872.663381000,56318.772869000,7553.890512000,1.000000000,7553.890531000,56318.772869000,0.000000000,56318.772869000,56318.772869000,1.000000000,7553.890531000,63872.663400000,-0.000000000,-1909.083400000,-2.988889610,0.335337000,35209.055700000,37684.500000000,0.589994185,1.461538462,0.765990583,0.524098820,37684.500000000,0.000000000,0.000000000,energia_activa_punta_fuera,split_reported_total_mismatch,MT3,B_16.csv,measured,,,,controlled_cooling,40.000000000,0.000000000,ok
16,SIMA - IQUITOS S.R.LTDA,2025,3,49418.132400000,14236.349400000,35181.783000000,14236.349400000,35181.783000000,49418.132400000,65045.390000000,14236.349400000,35181.783000000,49418.132397000,45900.604308000,3517.528089000,1.000000000,3517.528092000,45900.604308000,0.000000000,45900.604308000,45900.604308000,1.000000000,3517.528092000,49418.132400000,-0.000000000,15627.257600000,31.622517568,0.250165000,33709.057200000,38034.500000000,0.769646649,1.461538462,0.992858020,0.679323908,38034.500000000,0.000000000,0.000000000,energia_activa_punta_fuera,split_reported_total_mismatch,MT3,B_16.csv,measured,,,,controlled_cooling,40.000000000,0.000000000,ok
16,SIMA - IQUITOS S.R.LTDA,2025,4,43854.501600000,12381.805800000,31472.695800000,12381.805800000,31472.695800000,43854.501600000,70063.570000000,12381.805800000,31472.695800000,43854.501603000,42159.871679000,1694.629924000,1.000000000,1694.629923000,42159.871677000,0.000000000,42159.871679000,42159.871677000,1.000000000,1694.629923000,43854.501600000,0.000000000,26209.068400000,59.763690029,0.257890000,34936.328700000,40121.500000000,0.914877573,1.461538462,1.182975267,0.809404130,40121.500000000,0.000000000,0.000000000,energia_activa_punta_fuera,split_reported_total_mismatch,MT3,B_16.csv,measured,,,,controlled_cooling,40.000000000,0.000000000,ok
16,SIMA - IQUITOS S.R.LTDA,2025,5,45109.045800000,13445.441100000,31663.604700000,13445.441100000,31663.604700000,45109.045800000,60354.480000000,13445.441100000,31663.604700000,45109.045821000,42531.313716000,2577.732105000,1.000000000,2577.732086000,42531.313714000,0.000000000,42531.313716000,42531.313714000,1.000000000,2577.732086000,45109.045800000,0.000000000,15245.434200000,33.796844800,0.231808000,33572.693700000,37280.500000000,0.826452862,1.461538462,1.061819609,0.726508154,37280.500000000,0.000000000,0.000000000,energia_activa_punta_fuera,split_reported_total_mismatch,MT3,B_16.csv,measured,,,,controlled_cooling,40.000000000,0.000000000,ok
16,SIMA - IQUITOS S.R.LTDA,2025,6,51763.584600000,16499.983500000,35263.601100000,16499.983500000,35263.601100000,51763.584600000,44099.960000000,16499.983500000,35263.601100000,51763.584620000,45406.587394000,6356.997226000,1.000000000,6356.997206000,45406.587394000,0.000000000,45406.587394000,45406.587394000,1.000000000,6356.997206000,51763.584600000,0.000000000,-7663.624600000,-14.805050035,0.259204000,37909.053000000,26893.000000000,0.519535117,1.461538462,0.661937373,0.452904518,26893.000000000,0.000000000,0.000000000,energia_activa_punta_fuera,split_reported_total_mismatch,MT3,B_16.csv,measured,,,,controlled_cooling,40.000000000,0.000000000,ok
16,SIMA - IQUITOS S.R.LTDA,2025,7,54709.036200000,14645.439900000,40063.596300000,14645.439900000,40063.596300000,54709.036200000,44181.780000000,14645.439900000,40063.596300000,54709.036173000,50498.883865000,4210.152308000,1.000000000,4210.152339000,50498.883861000,0.000000000,50498.883865000,50498.883861000,1.000000000,4210.152339000,54709.036200000,0.000000000,-10527.256200000,-19.242262213,0.281995000,37336.326300000,28367.000000000,0.518506667,1.461538462,0.674483382,0.461488630,28367.000000000,0.000000000,0.000000000,energia_activa_punta_fuera,split_reported_total_mismatch,MT3,B_16.csv,measured,,,,controlled_cooling,40.000000000,0.000000000,ok
16,SIMA - IQUITOS S.R.LTDA,2025,8,55363.581000000,16936.346700000,38427.234300000,16936.346700000,38427.234300000,55363.581000000,44972.680000000,16936.346700000,38427.234300000,55363.580988000,49022.699456000,6340.881532000,1.000000000,6340.881544000,49022.699456000,0.000000000,49022.699456000,49022.699456000,1.000000000,6340.881544000,55363.581000000,0.000000000,-10390.901000000,-18.768477061,0.273201000,37690.871400000,32400.000000000,0.585222260,1.461538462,0.749502675,0.512817620,32400.000000000,0.000000000,0.000000000,energia_activa_punta_fuera,split_reported_total_mismatch,MT3,B_16.csv,measured,,,,controlled_cooling,40.000000000,0.000000000,ok
16,SIMA - IQUITOS S.R.LTDA,2025,9,61963.574400000,18354.527100000,43609.047300000,18354.527100000,43609.047300000,61963.574400000,50427.220000000,18354.527100000,43609.047300000,61963.574377000,54288.786759000,7674.787618000,1.000000000,7674.787641000,54288.786759000,0.000000000,54288.786759000,54288.786759000,1.000000000,7674.787641000,61963.574400000,0.000000000,-11536.354400000,-18.617961458,0.308159000,40963.595400000,29210.500000000,0.471414057,1.461538462,0.606123846,0.414716316,29210.500000000,0.000000000,0.000000000,energia_activa_punta_fuera,split_reported_total_mismatch,MT3,B_16.csv,measured,,,,controlled_cooling,40.000000000,0.000000000,ok
16,SIMA - IQUITOS S.R.LTDA,2025,10,65045.389500000,22309.068600000,42736.320900000,22309.068600000,42736.320900000,65045.389500000,49663.590000000,22309.068600000,42736.320900000,65045.389560000,53903.342674000,11142.046886000,0.999999999,11142.046826000,53903.342674000,0.000000000,53903.342674000,53903.342674000,1.000000000,11142.046826000,65045.389500000,-0.000000000,-15381.799500000,-23.647793669,0.279300000,35918.145900000,62778.500000000,0.965149113,1.461538462,1.217824522,0.833248357,62778.500000000,0.000000000,0.000000000,energia_activa_punta_fuera,split_reported_total_mismatch,MT3,B_16.csv,measured,,,,controlled_cooling,40.000000000,0.000000000,ok
16,SIMA - IQUITOS S.R.LTDA,2025,11,70063.566300000,23890.885200000,46172.681100000,23890.885200000,46172.681100000,70063.566300000,54790.850000000,23890.885200000,46172.681100000,70063.566325000,56604.971980000,13458.594345000,1.000000000,13458.594324000,56604.971976000,0.000000000,56604.971980000,56604.971976000,1.000000000,13458.594324000,70063.566300000,0.000000000,-15272.716300000,-21.798371260,0.315757000,39545.415000000,68715.000000000,0.980752246,1.461538462,1.238493723,0.847390442,68715.000000000,0.000000000,0.000000000,energia_activa_punta_fuera,split_reported_total_mismatch,MT3,B_16.csv,measured,,,,controlled_cooling,40.000000000,0.000000000,ok
16,SIMA - IQUITOS S.R.LTDA,2025,12,60354.485100000,19936.343700000,40418.141400000,19936.343700000,40418.141400000,60354.485100000,48736.320000000,19936.343700000,40418.141400000,60354.485118000,51554.229795000,8800.255323000,1.000000000,8800.255305000,51554.229795000,0.000000000,51554.229795000,51554.229795000,1.000000000,8800.255305000,60354.485100000,0.000000000,-11618.165100000,-19.249878581,0.274674000,37745.416800000,32464.000000000,0.537888774,1.461538462,0.682147769,0.466732684,32464.000000000,0.000000000,0.000000000,energia_activa_punta_fuera,split_reported_total_mismatch,MT3,B_16.csv,measured,,,,controlled_cooling,40.000000000,0.000000000,ok
17,ASOCIACION CIVIL SELVA AMAZONICA,2023,1,30203.600000000,4953.600000000,25250.000000000,4953.600000000,25250.000000000,30203.600000000,33377.200000000,4953.600000000,25250.000000000,30203.600000000,30203.600000000,0.000000000,1.000000000,0.000000000,30203.600000000,0.000000000,30203.600000000,30203.600000000,1.000000000,0.000000000,30203.600000000,0.000000000,3173.600000000,10.507356739,0.429106000,116.800000000,23477.500000000,0.777308003,1.461538462,1.056121859,0.722609693,23477.500000000,0.000000000,0.000000000,energia_activa_punta_fuera,split_reported_total_mismatch,BT2,B_17.csv,measured,,,,critical_refrigeration,0.000000000,9.600000000,ok
17,ASOCIACION CIVIL SELVA AMAZONICA,2023,2,30008.800000000,5081.600000000,24927.200000000,5081.600000000,24927.200000000,30008.800000000,29707.200000000,5081.600000000,24927.200000000,30008.799999000,30008.799999000,0.000000000,1.000000000,0.000002000,30008.799998000,0.000000000,30008.799999000,30008.799998000,1.000000000,0.000002000,30008.800000000,0.000000000,-301.600000000,-1.005038522,0.479508000,125.600000000,21574.000000000,0.718922449,1.461538462,0.974565149,0.666807734,21574.000000000,0.000000000,0.000000000,energia_activa_punta_fuera,split_matches_reported_total,BT2,B_17.csv,measured,,,,critical_refrigeration,0.000000000,9.600000000,ok
17,ASOCIACION CIVIL SELVA AMAZONICA,2023,3,26441.200000000,4658.000000000,21783.200000000,4658.000000000,21783.200000000,26441.200000000,28871.200000000,4658.000000000,21783.200000000,26441.200000000,26441.200000000,0.000000000,1.000000000,0.000001000,26441.199999000,0.000000000,26441.200000000,26441.199999000,1.000000000,0.000001000,26441.200000000,0.000000000,2430.000000000,9.190203168,0.477429000,105.200000000,20953.000000000,0.792437560,1.461538462,1.071091111,0.732851813,20953.000000000,0.000000000,0.000000000,energia_activa_punta_fuera,split_reported_total_mismatch,BT2,B_17.csv,measured,,,,critical_refrigeration,0.000000000,9.600000000,ok
17,ASOCIACION CIVIL SELVA AMAZONICA,2023,4,30824.000000000,5417.200000000,25406.800000000,5417.200000000,25406.800000000,30824.000000000,33467.200000000,5417.200000000,25406.800000000,30824.000000000,30824.000000000,0.000000000,1.000000000,0.000001000,30823.999999000,0.000000000,30824.000000000,30823.999999000,1.000000000,0.000001000,30824.000000000,-0.000000000,2643.200000000,8.575136257,0.486489000,147.600000000,23151.000000000,0.751070594,1.461538462,1.015359110,0.694719391,23151.000000000,0.000000000,0.000000000,energia_activa_punta_fuera,split_reported_total_mismatch,BT2,B_17.csv,measured,,,,critical_refrigeration,0.000000000,9.600000000,ok
17,ASOCIACION CIVIL SELVA AMAZONICA,2023,5,28885.600000000,4688.800000000,24196.800000000,4688.800000000,24196.800000000,28885.600000000,32730.000000000,4688.800000000,24196.800000000,28885.599999000,28885.599999000,0.000000000,1.000000000,0.000001000,28885.599999000,0.000000000,28885.599999000,28885.599999000,1.000000000,0.000001000,28885.600000000,0.000000000,3844.400000000,13.309053646,0.433249000,103.600000000,24369.500000000,0.843655662,1.461538462,1.147096611,0.784855576,24369.500000000,0.000000000,0.000000000,energia_activa_punta_fuera,split_reported_total_mismatch,BT2,B_17.csv,measured,,,,critical_refrigeration,0.000000000,9.600000000,ok
17,ASOCIACION CIVIL SELVA AMAZONICA,2023,6,32820.000000000,5452.400000000,27367.600000000,5452.400000000,27367.600000000,32820.000000000,30203.600000000,5452.400000000,27367.600000000,32820.000000000,32820.000000000,0.000000000,1.000000000,0.000001000,32819.999999000,0.000000000,32820.000000000,32819.999999000,1.000000000,0.000001000,32820.000000000,0.000000000,-2616.400000000,-7.971968312,0.452754000,224.000000000,24803.500000000,0.755743449,1.461538462,1.025887598,0.701923094,24803.500000000,0.000000000,0.000000000,energia_activa_punta_fuera,split_reported_total_mismatch,BT2,B_17.csv,measured,,,,critical_refrigeration,0.000000000,9.600000000,ok
17,ASOCIACION CIVIL SELVA AMAZONICA,2023,7,29536.800000000,4866.000000000,24670.800000000,4866.000000000,24670.800000000,29536.800000000,30008.800000000,4866.000000000,24670.800000000,29536.800003000,29536.800003000,0.000000000,1.000000000,0.000001000,29536.799999000,0.000000000,29536.800003000,29536.799999000,1.000000000,0.000001000,29536.800000000,0.000000000,472.000000000,1.598006555,0.447267000,150.800000000,24237.500000000,0.820586523,1.461538462,1.114571716,0.762601700,24237.500000000,0.000000000,0.000000000,energia_activa_punta_fuera,split_matches_reported_total,BT2,B_17.csv,measured,,,,critical_refrigeration,0.000000000,9.600000000,ok
17,ASOCIACION CIVIL SELVA AMAZONICA,2023,8,34268.000000000,5365.200000000,28902.800000000,5365.200000000,28902.800000000,34268.000000000,26441.200000000,5365.200000000,28902.800000000,34267.999998000,34267.999998000,0.000000000,1.000000000,0.000002000,34267.999998000,0.000000000,34267.999998000,34267.999998000,1.000000000,0.000002000,34268.000000000,-0.000000000,-7826.800000000,-22.839967316,0.492492000,292.400000000,22532.500000000,0.657537644,1.461538462,0.896252307,0.613225263,22532.500000000,0.000000000,0.000000000,energia_activa_punta_fuera,split_reported_total_mismatch,BT2,B_17.csv,measured,,,,critical_refrigeration,0.000000000,9.600000000,ok
17,ASOCIACION CIVIL SELVA AMAZONICA,2023,9,36364.000000000,5923.600000000,30440.400000000,5923.600000000,30440.400000000,36364.000000000,30824.000000000,5923.600000000,30440.400000000,36363.999995000,36363.999995000,0.000000000,1.000000000,0.000005000,36363.999995000,0.000000000,36363.999995000,36363.999995000,1.000000000,0.000005000,36364.000000000,0.000000000,-5540.000000000,-15.234847652,0.469731000,416.400000000,24453.500000000,0.672464525,1.461538462,0.914107087,0.625441691,24453.500000000,0.000000000,0.000000000,energia_activa_punta_fuera,split_reported_total_mismatch,BT2,B_17.csv,measured,,,,critical_refrigeration,0.000000000,9.600000000,ok
17,ASOCIACION CIVIL SELVA AMAZONICA,2023,10,37988.000000000,6201.600000000,31786.400000000,6201.600000000,31786.400000000,37988.000000000,28885.600000000,6201.600000000,31786.400000000,37988.000003000,37988.000003000,0.000000000,1.000000000,0.000000000,37988.000000000,0.000000000,37988.000003000,37988.000000000,1.000000000,0.000000000,37988.000000000,0.000000000,-9102.400000000,-23.961250921,0.477908000,590.800000000,22971.500000000,0.604704117,1.461538462,0.821872783,0.562334009,22971.500000000,-0.000000000,-0.000000000,energia_activa_punta_fuera,split_reported_total_mismatch,BT2,B_17.csv,measured,,,,critical_refrigeration,0.000000000,9.600000000,ok
17,ASOCIACION CIVIL SELVA AMAZONICA,2023,11,39542.000000000,6444.400000000,33097.600000000,6444.400000000,33097.600000000,39542.000000000,32820.000000000,6444.400000000,33097.600000000,39541.999999000,39541.999999000,0.000000000,1.000000000,0.000002000,39541.999998000,0.000000000,39541.999999000,39541.999998000,1.000000000,0.000002000,39542.000000000,-0.000000000,-6722.000000000,-16.999645946,0.497819000,514.800000000,23574.500000000,0.596188862,1.461538462,0.810395244,0.554480956,23574.500000000,0.000000000,0.000000000,energia_activa_punta_fuera,split_reported_total_mismatch,BT2,B_17.csv,measured,,,,critical_refrigeration,0.000000000,9.600000000,ok
17,ASOCIACION CIVIL SELVA AMAZONICA,2023,12,38150.400000000,6157.600000000,31992.800000000,6157.600000000,31992.800000000,38150.400000000,29536.800000000,6157.600000000,31992.800000000,38150.399992000,38150.399992000,0.000000000,1.000000000,0.000008000,38150.399992000,0.000000000,38150.399992000,38150.399992000,1.000000000,0.000008000,38150.400000000,-0.000000000,-8613.600000000,-22.578007046,0.493725000,419.200000000,21343.000000000,0.559443676,1.461538462,0.760961515,0.520657879,21343.000000000,0.000000000,0.000000000,energia_activa_punta_fuera,split_reported_total_mismatch,BT2,B_17.csv,measured,,,,critical_refrigeration,0.000000000,9.600000000,ok
17,ASOCIACION CIVIL SELVA AMAZONICA,2024,1,35133.600000000,5441.600000000,29692.000000000,5441.600000000,29692.000000000,35133.600000000,34268.000000000,5441.600000000,29692.000000000,35133.600001000,35133.600001000,0.000000000,1.000000000,0.000000000,35133.600000000,0.000000000,35133.600001000,35133.600000000,1.000000000,0.000000000,35133.600000000,0.000000000,-865.600000000,-2.463738416,0.480660000,258.400000000,23412.000000000,0.666370654,1.461538462,0.908950473,0.621913482,23412.000000000,0.000000000,0.000000000,energia_activa_punta_fuera,split_reported_total_mismatch,BT2,B_17.csv,measured,,,,critical_refrigeration,0.000000000,9.600000000,ok
17,ASOCIACION CIVIL SELVA AMAZONICA,2024,2,34570.400000000,5539.600000000,29030.800000000,5539.600000000,29030.800000000,34570.400000000,36364.000000000,5539.600000000,29030.800000000,34570.399998000,34570.399998000,0.000000000,1.000000000,0.000002000,34570.399998000,0.000000000,34570.399998000,34570.399998000,1.000000000,0.000002000,34570.400000000,-0.000000000,1793.600000000,5.188253535,0.481492000,251.600000000,23475.500000000,0.679063592,1.461538462,0.924131177,0.632300279,23475.500000000,0.000000000,0.000000000,energia_activa_punta_fuera,split_reported_total_mismatch,BT2,B_17.csv,measured,,,,critical_refrigeration,0.000000000,9.600000000,ok
17,ASOCIACION CIVIL SELVA AMAZONICA,2024,3,34027.200000000,5782.800000000,28244.400000000,5782.800000000,28244.400000000,34027.200000000,37988.000000000,5782.800000000,28244.400000000,34027.200002000,34027.200002000,0.000000000,1.000000000,0.000000000,34027.200000000,0.000000000,34027.200002000,34027.200000000,1.000000000,0.000000000,34027.200000000,0.000000000,3960.800000000,11.640099685,0.444674000,292.000000000,24860.000000000,0.730591997,1.461538462,0.990125991,0.677454625,24860.000000000,0.000000000,0.000000000,energia_activa_punta_fuera,split_reported_total_mismatch,BT2,B_17.csv,measured,,,,critical_refrigeration,0.000000000,9.600000000,ok
17,ASOCIACION CIVIL SELVA AMAZONICA,2024,4,35435.200000000,5404.400000000,30030.800000000,5404.400000000,30030.800000000,35435.200000000,39542.000000000,5404.400000000,30030.800000000,35435.199995000,35435.199995000,0.000000000,1.000000000,0.000005000,35435.199995000,0.000000000,35435.199995000,35435.199995000,1.000000000,0.000005000,35435.200000000,0.000000000,4106.800000000,11.589605816,0.456037000,184.000000000,26182.500000000,0.738883935,1.461538462,1.008889966,0.690293135,26182.500000000,0.000000000,0.000000000,energia_activa_punta_fuera,split_reported_total_mismatch,BT2,B_17.csv,measured,,,,critical_refrigeration,0.000000000,9.600000000,ok
17,ASOCIACION CIVIL SELVA AMAZONICA,2024,5,34691.600000000,5862.400000000,28829.200000000,5862.400000000,28829.200000000,34691.600000000,38150.400000000,5862.400000000,28829.200000000,34691.599997000,34691.599997000,0.000000000,1.000000000,0.000004000,34691.599996000,0.000000000,34691.599997000,34691.599996000,1.000000000,0.000004000,34691.600000000,0.000000000,3458.800000000,9.970136863,0.487088000,359.200000000,24715.500000000,0.712434710,1.461538462,0.965915495,0.660889549,24715.500000000,0.000000000,0.000000000,energia_activa_punta_fuera,split_reported_total_mismatch,BT2,B_17.csv,measured,,,,critical_refrigeration,0.000000000,9.600000000,ok
17,ASOCIACION CIVIL SELVA AMAZONICA,2024,6,33936.796000000,5665.200000000,28271.596000000,5665.200000000,28271.596000000,33936.796000000,35133.600000000,5665.200000000,28271.596000000,33936.795997000,33936.795997000,0.000000000,1.000000000,0.000003000,33936.795997000,0.000000000,33936.795997000,33936.795997000,1.000000000,0.000003000,33936.796000000,0.000000000,1196.804000000,3.526567446,0.495109000,310.800000000,25637.000000000,0.755433719,1.461538462,1.025114093,0.701393853,25637.000000000,0.000000000,0.000000000,energia_activa_punta_fuera,split_reported_total_mismatch,BT2,B_17.csv,measured,,,,critical_refrigeration,0.000000000,9.600000000,ok
17,ASOCIACION CIVIL SELVA AMAZONICA,2024,7,31610.404000000,5041.200000000,26569.204000000,5041.200000000,26569.204000000,31610.404000000,34570.400000000,5041.200000000,26569.204000000,31610.403999000,31610.403999000,0.000000000,1.000000000,0.000002000,31610.403998000,0.000000000,31610.403999000,31610.403998000,1.000000000,0.000002000,31610.404000000,-0.000000000,2959.996000000,9.363992944,0.490211000,249.600000000,24106.500000000,0.762612841,1.461538462,1.038172525,0.710328569,24106.500000000,0.000000000,0.000000000,energia_activa_punta_fuera,split_reported_total_mismatch,BT2,B_17.csv,measured,,,,critical_refrigeration,0.000000000,9.600000000,ok
17,ASOCIACION CIVIL SELVA AMAZONICA,2024,8,32272.400000000,5346.400000000,26926.000000000,5346.400000000,26926.000000000,32272.400000000,34027.200000000,5346.400000000,26926.000000000,32272.400001000,32272.400001000,0.000000000,1.000000000,0.000000000,32272.400000000,0.000000000,32272.400001000,32272.400000000,1.000000000,0.000000000,32272.400000000,0.000000000,1754.800000000,5.437463591,0.513081000,343.200000000,22341.000000000,0.692263358,1.461538462,0.939903848,0.643092107,22341.000000000,0.000000000,0.000000000,energia_activa_punta_fuera,split_reported_total_mismatch,BT2,B_17.csv,measured,,,,critical_refrigeration,0.000000000,9.600000000,ok
17,ASOCIACION CIVIL SELVA AMAZONICA,2024,9,33940.800000000,5674.800000000,28266.000000000,5674.800000000,28266.000000000,33940.800000000,35435.200000000,5674.800000000,28266.000000000,33940.799999000,33940.799999000,0.000000000,1.000000000,0.000001000,33940.799999000,0.000000000,33940.799999000,33940.799999000,1.000000000,0.000001000,33940.800000000,-0.000000000,1494.400000000,4.402960449,0.456960000,413.200000000,22504.500000000,0.663051549,1.461538462,0.899651194,0.615550817,22504.500000000,0.000000000,0.000000000,energia_activa_punta_fuera,split_reported_total_mismatch,BT2,B_17.csv,measured,,,,critical_refrigeration,0.000000000,9.600000000,ok
17,ASOCIACION CIVIL SELVA AMAZONICA,2024,10,36575.200000000,5974.000000000,30601.200000000,5974.000000000,30601.200000000,36575.200000000,34691.600000000,5974.000000000,30601.200000000,36575.200000000,36575.200000000,0.000000000,1.000000000,0.000002000,36575.199998000,0.000000000,36575.200000000,36575.199998000,1.000000000,0.000002000,36575.200000000,0.000000000,-1883.600000000,-5.149937663,0.483614000,692.400000000,21638.500000000,0.591616724,1.461538462,0.804056586,0.550143980,21638.500000000,0.000000000,0.000000000,energia_activa_punta_fuera,split_reported_total_mismatch,BT2,B_17.csv,measured,,,,critical_refrigeration,0.000000000,9.600000000,ok
17,ASOCIACION CIVIL SELVA AMAZONICA,2024,11,37404.000000000,6000.000000000,31404.000000000,6000.000000000,31404.000000000,37404.000000000,33936.800000000,6000.000000000,31404.000000000,37403.999999000,37403.999999000,0.000000000,1.000000000,0.000001000,37403.999999000,0.000000000,37403.999999000,37403.999999000,1.000000000,0.000001000,37404.000000000,0.000000000,-3467.200000000,-9.269596835,0.468693000,747.200000000,23473.500000000,0.627566570,1.461538462,0.853987156,0.584307001,23473.500000000,0.000000000,0.000000000,energia_activa_punta_fuera,split_reported_total_mismatch,BT2,B_17.csv,measured,,,,critical_refrigeration,0.000000000,9.600000000,ok
17,ASOCIACION CIVIL SELVA AMAZONICA,2024,12,34247.600000000,5650.400000000,28597.200000000,5650.400000000,28597.200000000,34247.600000000,31610.400000000,5650.400000000,28597.200000000,34247.600000000,34247.600000000,0.000000000,1.000000000,0.000001000,34247.599999000,0.000000000,34247.600000000,34247.599999000,1.000000000,0.000001000,34247.600000000,0.000000000,-2637.200000000,-7.700393604,0.462345000,445.600000000,21970.500000000,0.641519406,1.461538462,0.871260758,0.596125782,21970.500000000,0.000000000,0.000000000,energia_activa_punta_fuera,split_reported_total_mismatch,BT2,B_17.csv,measured,,,,critical_refrigeration,0.000000000,9.600000000,ok
17,ASOCIACION CIVIL SELVA AMAZONICA,2025,1,31727.200000000,5219.200000000,26508.000000000,5219.200000000,26508.000000000,31727.200000000,32272.400000000,5219.200000000,26508.000000000,31727.199996000,31727.199996000,0.000000000,1.000000000,0.000004000,31727.199996000,0.000000000,31727.199996000,31727.199996000,1.000000000,0.000004000,31727.200000000,0.000000000,545.200000000,1.718399354,0.454659000,285.600000000,22307.500000000,0.703103331,1.461538462,0.955097564,0.653487807,22307.500000000,0.000000000,0.000000000,energia_activa_punta_fuera,split_matches_reported_total,BT2,B_17.csv,measured,,,,critical_refrigeration,0.000000000,9.600000000,ok
17,ASOCIACION CIVIL SELVA AMAZONICA,2025,2,34798.000000000,5904.800000000,28893.200000000,5904.800000000,28893.200000000,34798.000000000,33940.800000000,5904.800000000,28893.200000000,34797.999999000,34797.999999000,0.000000000,1.000000000,0.000002000,34797.999998000,0.000000000,34797.999999000,34797.999998000,1.000000000,0.000002000,34798.000000000,0.000000000,-857.200000000,-2.463359963,0.471793000,318.000000000,23587.500000000,0.677840680,1.461538462,0.918737039,0.628609553,23587.500000000,-0.000000000,-0.000000000,energia_activa_punta_fuera,split_reported_total_mismatch,BT2,B_17.csv,measured,,,,critical_refrigeration,0.000000000,9.600000000,ok
17,ASOCIACION CIVIL SELVA AMAZONICA,2025,3,29166.800000000,4922.800000000,24244.000000000,4922.800000000,24244.000000000,29166.800000000,36575.200000000,4922.800000000,24244.000000000,29166.800004000,29166.800004000,0.000000000,1.000000000,0.000000000,29166.800000000,0.000000000,29166.800004000,29166.800000000,1.000000000,0.000000000,29166.800000000,0.000000000,7408.400000000,25.400112457,0.465198000,166.800000000,24007.500000000,0.823110523,1.461538462,1.116067278,0.763624980,24007.500000000,-0.000000000,-0.000000000,energia_activa_punta_fuera,split_reported_total_mismatch,BT2,B_17.csv,measured,,,,critical_refrigeration,0.000000000,9.600000000,ok
17,ASOCIACION CIVIL SELVA AMAZONICA,2025,4,32961.600000000,5574.800000000,27386.800000000,5574.800000000,27386.800000000,32961.600000000,37404.000000000,5574.800000000,27386.800000000,32961.599999000,32961.599999000,0.000000000,1.000000000,0.000002000,32961.599998000,0.000000000,32961.599999000,32961.599998000,1.000000000,0.000002000,32961.600000000,0.000000000,4442.400000000,13.477501092,0.481489000,169.600000000,24112.000000000,0.731517887,1.461538462,0.991727236,0.678550214,24112.000000000,0.000000000,0.000000000,energia_activa_punta_fuera,split_reported_total_mismatch,BT2,B_17.csv,measured,,,,critical_refrigeration,0.000000000,9.600000000,ok
17,ASOCIACION CIVIL SELVA AMAZONICA,2025,5,33215.200000000,5242.000000000,27973.200000000,5242.000000000,27973.200000000,33215.200000000,34247.600000000,5242.000000000,27973.200000000,33215.200004000,33215.200004000,0.000000000,1.000000000,0.000000000,33215.200000000,0.000000000,33215.200004000,33215.200000000,1.000000000,0.000000000,33215.200000000,0.000000000,1032.400000000,3.108215516,0.506057000,268.400000000,22743.500000000,0.684731689,1.461538462,0.932815700,0.638242321,22743.500000000,0.000000000,0.000000000,energia_activa_punta_fuera,split_reported_total_mismatch,BT2,B_17.csv,measured,,,,critical_refrigeration,0.000000000,9.600000000,ok
17,ASOCIACION CIVIL SELVA AMAZONICA,2025,6,31854.400000000,5186.400000000,26668.000000000,5186.400000000,26668.000000000,31854.400000000,31727.200000000,5186.400000000,26668.000000000,31854.400000000,31854.400000000,0.000000000,1.000000000,0.000001000,31854.399999000,0.000000000,31854.400000000,31854.399999000,1.000000000,0.000001000,31854.400000000,0.000000000,-127.200000000,-0.399316892,0.510173000,183.600000000,22084.500000000,0.693295118,1.461538462,0.942455914,0.644838257,22084.500000000,0.000000000,0.000000000,energia_activa_punta_fuera,split_matches_reported_total,BT2,B_17.csv,measured,,,,critical_refrigeration,0.000000000,9.600000000,ok
17,ASOCIACION CIVIL SELVA AMAZONICA,2025,7,27976.400000000,4685.200000000,23291.200000000,4685.200000000,23291.200000000,27976.400000000,34798.000000000,4685.200000000,23291.200000000,27976.399996000,27976.399996000,0.000000000,1.000000000,0.000004000,27976.399996000,0.000000000,27976.399996000,27976.399996000,1.000000000,0.000004000,27976.400000000,0.000000000,6821.600000000,24.383408873,0.492847000,95.200000000,23159.500000000,0.827822736,1.461538462,1.123087183,0.768428073,23159.500000000,0.000000000,0.000000000,energia_activa_punta_fuera,split_reported_total_mismatch,BT2,B_17.csv,measured,,,,critical_refrigeration,0.000000000,9.600000000,ok
17,ASOCIACION CIVIL SELVA AMAZONICA,2025,8,28149.600000000,4562.800000000,23586.800000000,4562.800000000,23586.800000000,28149.600000000,29166.800000000,4562.800000000,23586.800000000,28149.599996000,28149.599996000,0.000000000,1.000000000,0.000004000,28149.599996000,0.000000000,28149.599996000,28149.599996000,1.000000000,0.000004000,28149.600000000,0.000000000,1017.200000000,3.613550459,0.505386000,80.400000000,21178.500000000,0.752355273,1.461538462,1.023059756,0.699988254,21178.500000000,-0.000000000,-0.000000000,energia_activa_punta_fuera,split_reported_total_mismatch,BT2,B_17.csv,measured,,,,critical_refrigeration,0.000000000,9.600000000,ok
17,ASOCIACION CIVIL SELVA AMAZONICA,2025,9,30832.400000000,5144.000000000,25688.400000000,5144.000000000,25688.400000000,30832.400000000,32961.600000000,5144.000000000,25688.400000000,30832.399999000,30832.399999000,0.000000000,1.000000000,0.000001000,30832.399999000,0.000000000,30832.399999000,30832.399999000,1.000000000,0.000001000,30832.400000000,0.000000000,2129.200000000,6.905722552,0.433604000,157.200000000,22123.500000000,0.717540639,1.461538462,0.973733869,0.666238963,22123.500000000,0.000000000,0.000000000,energia_activa_punta_fuera,split_reported_total_mismatch,BT2,B_17.csv,measured,,,,critical_refrigeration,0.000000000,9.600000000,ok
17,ASOCIACION CIVIL SELVA AMAZONICA,2025,10,31192.000000000,5342.800000000,25849.200000000,5342.800000000,25849.200000000,31192.000000000,33215.200000000,5342.800000000,25849.200000000,31191.999997000,31191.999997000,0.000000000,1.000000000,0.000003000,31191.999997000,0.000000000,31191.999997000,31191.999997000,1.000000000,0.000003000,31192.000000000,0.000000000,2023.200000000,6.486278533,0.474816000,206.000000000,21724.500000000,0.696476661,1.461538462,0.943350151,0.645450103,21724.500000000,0.000000000,0.000000000,energia_activa_punta_fuera,split_reported_total_mismatch,BT2,B_17.csv,measured,,,,critical_refrigeration,0.000000000,9.600000000,ok
17,ASOCIACION CIVIL SELVA AMAZONICA,2025,11,31126.800000000,5049.200000000,26077.600000000,5049.200000000,26077.600000000,31126.800000000,31854.400000000,5049.200000000,26077.600000000,31126.799998000,31126.799998000,0.000000000,1.000000000,0.000003000,31126.799997000,0.000000000,31126.799998000,31126.799997000,1.000000000,0.000003000,31126.800000000,0.000000000,727.600000000,2.337535500,0.465858000,280.000000000,21622.000000000,0.694642559,1.461538462,0.944531659,0.646258503,21622.000000000,0.000000000,0.000000000,energia_activa_punta_fuera,split_reported_total_mismatch,BT2,B_17.csv,measured,,,,critical_refrigeration,0.000000000,9.600000000,ok
17,ASOCIACION CIVIL SELVA AMAZONICA,2025,12,31478.400000000,5294.400000000,26184.000000000,5294.400000000,26184.000000000,31478.400000000,27976.400000000,5294.400000000,26184.000000000,31478.400002000,31478.400002000,0.000000000,1.000000000,0.000000000,31478.400000000,0.000000000,31478.400002000,31478.400000000,1.000000000,0.000000000,31478.400000000,-0.000000000,-3502.000000000,-11.125088950,0.474392000,399.600000000,21688.500000000,0.688996264,1.461538462,0.934455683,0.639364415,21688.500000000,0.000000000,0.000000000,energia_activa_punta_fuera,split_reported_total_mismatch,BT2,B_17.csv,measured,,,,critical_refrigeration,0.000000000,9.600000000,ok
