action_dim,action_l2,action_max,action_mean,action_min,agent,agent_index,algorithm,carbon_intensity,done,electrical_storage_electricity_consumption_kwh,electrical_storage_energy_balance_kwh,electrical_storage_soc,electricity_price,episode,episode_step,ev_charge_kwh,ev_electricity_consumption_kwh,ev_v2g_export_kwh,global_step,grid_export_kwh,grid_import_kwh,individual_reward,net_electricity_consumption_cost,net_electricity_consumption_emission,net_electricity_consumption_kwh,net_electricity_consumption_without_storage_kwh,observation_dim,observation_l2,observation_max,observation_mean,observation_min,pv_export_kwh,pv_generation_kwh,reward,reward_function,reward_profile,scenario,solar_generation_raw_kwh,state_dim,state_l2,state_max,state_mean,state_min,time_step
6,0.0,0.0,0.0,0.0,Building_1,0,MASAC,0.7900000214576721,False,0.0,0.0,0.0,0.39711645245552063,0,0,0.0,0.0,-0.0,0,-0.0,0.0,-0.5494993329048157,0.0,0.0,0.0,0.0,64,3.399947121501272,1.0,0.23232329500024207,0.0,0.0,0.0,-0.4925156235694885,CityLearnV3MADRLRewardFunction,masac_unified_comparable_v4,E1,-0.0,1907,14.51904259128735,1.0,0.1365605647239578,0.0,1
8,0.0,0.0,0.0,0.0,Building_2,1,MASAC,0.7900000214576721,False,0.0,0.0,0.0,0.39711645245552063,0,0,0.0,0.0,-0.0,0,-0.0,0.0,-0.4413459599018097,0.0,0.0,0.0,0.0,78,3.530972767129449,1.0,0.19426156773876685,0.0,0.0,0.0,-0.4925156235694885,CityLearnV3MADRLRewardFunction,masac_unified_comparable_v4,E1,-0.0,1907,14.51904259128735,1.0,0.1365605647239578,0.0,1
10,0.0,0.0,0.0,0.0,Building_3,2,MASAC,0.7900000214576721,False,0.0,0.0,0.0,0.39711645245552063,0,0,0.0,0.0,-0.0,0,-0.0,0.0,-0.5154462456703186,0.0,0.0,0.0,0.0,92,3.595184511317292,1.0,0.1728648382401013,0.0,0.0,0.0,-0.4925156235694885,CityLearnV3MADRLRewardFunction,masac_unified_comparable_v4,E1,-0.0,1907,14.51904259128735,1.0,0.1365605647239578,0.0,1
8,0.0,0.0,0.0,0.0,Building_4,3,MASAC,0.7900000214576721,False,0.0,0.0,0.0,0.39711645245552063,0,0,0.0,0.0,-0.0,0,-0.0,0.0,-0.5052692294120789,0.0,0.0,0.0,0.0,78,3.4599095937337703,1.0,0.19043285115502584,0.0,0.0,0.0,-0.4925156235694885,CityLearnV3MADRLRewardFunction,masac_unified_comparable_v4,E1,-0.0,1907,14.51904259128735,1.0,0.1365605647239578,0.0,1
5,0.0,0.0,0.0,0.0,Building_5,4,MASAC,0.7900000214576721,False,0.0,0.0,0.0,0.39711645245552063,0,0,0.0,0.0,-0.0,0,-0.0,0.0,-0.5317111015319824,0.0,0.0,0.0,0.0,57,3.5373607559917155,1.0,0.2738490780782804,0.0,0.0,0.0,-0.4925156235694885,CityLearnV3MADRLRewardFunction,masac_unified_comparable_v4,E1,-0.0,1907,14.51904259128735,1.0,0.1365605647239578,0.0,1
34,1.0,1.0,0.029411764705882353,0.0,Building_6,5,MASAC,0.7900000214576721,False,0.0,0.0,0.0,0.39711645245552063,0,0,0.0,0.0,-0.0,0,-0.0,0.0,-0.5465103387832642,0.0,0.0,0.0,0.0,260,3.446708557887374,1.0,0.057251454810970104,0.0,0.0,0.0,-0.4925156235694885,CityLearnV3MADRLRewardFunction,masac_unified_comparable_v4,E1,-0.0,1907,14.51904259128735,1.0,0.1365605647239578,0.0,1
44,0.0,0.0,0.0,0.0,Building_7,6,MASAC,0.7900000214576721,False,0.0,0.0,0.0,0.39711645245552063,0,0,0.0,0.0,-0.0,0,-0.0,0.0,-0.44820865988731384,0.0,0.0,0.0,0.0,330,3.511104933560661,1.0,0.04572345136354367,0.0,0.0,0.0,-0.4925156235694885,CityLearnV3MADRLRewardFunction,masac_unified_comparable_v4,E1,-0.0,1907,14.51904259128735,1.0,0.1365605647239578,0.0,1
19,0.0,0.0,0.0,0.0,Building_8,7,MASAC,0.7900000214576721,False,0.0,0.0,0.0,0.39711645245552063,0,0,0.0,0.0,-0.0,0,-0.0,0.0,-0.4430450201034546,0.0,0.0,0.0,0.0,155,3.529797331867745,1.0,0.09781620388309802,0.0,0.0,0.0,-0.4925156235694885,CityLearnV3MADRLRewardFunction,masac_unified_comparable_v4,E1,-0.0,1907,14.51904259128735,1.0,0.1365605647239578,0.0,1
12,0.0,0.0,0.0,0.0,Building_9,8,MASAC,0.7900000214576721,False,0.0,0.0,0.0,0.39711645245552063,0,0,0.0,0.0,-0.0,0,-0.0,0.0,-0.45133042335510254,0.0,0.0,0.0,0.0,106,3.6406126405888504,1.0,0.15179483432603894,0.0,0.0,0.0,-0.4925156235694885,CityLearnV3MADRLRewardFunction,masac_unified_comparable_v4,E1,-0.0,1907,14.51904259128735,1.0,0.1365605647239578,0.0,1
8,0.0,0.0,0.0,0.0,Building_10,9,MASAC,0.7900000214576721,False,0.0,0.0,0.0,0.39711645245552063,0,0,0.0,0.0,-0.0,0,-0.0,0.0,-0.5194079279899597,0.0,0.0,0.0,0.0,78,3.4879012296061043,1.0,0.1926768557049143,0.0,0.0,0.0,-0.4925156235694885,CityLearnV3MADRLRewardFunction,masac_unified_comparable_v4,E1,-0.0,1907,14.51904259128735,1.0,0.1365605647239578,0.0,1
5,0.0,0.0,0.0,0.0,Building_11,10,MASAC,0.7900000214576721,False,0.0,0.0,0.0,0.39711645245552063,0,0,0.0,0.0,-0.0,0,-0.0,0.0,-0.5361932516098022,0.0,0.0,0.0,0.0,57,3.6190027730143046,1.0,0.28072351599602324,0.0,0.0,0.0,-0.4925156235694885,CityLearnV3MADRLRewardFunction,masac_unified_comparable_v4,E1,-0.0,1907,14.51904259128735,1.0,0.1365605647239578,0.0,1
5,0.0,0.0,0.0,0.0,Building_12,11,MASAC,0.7900000214576721,False,0.0,0.0,0.0,0.39711645245552063,0,0,0.0,0.0,-0.0,0,-0.0,0.0,-0.5454437732696533,0.0,0.0,0.0,0.0,57,3.5772085401377147,1.0,0.27765777514299805,0.0,0.0,0.0,-0.4925156235694885,CityLearnV3MADRLRewardFunction,masac_unified_comparable_v4,E1,-0.0,1907,14.51904259128735,1.0,0.1365605647239578,0.0,1
13,0.0,0.0,0.0,0.0,Building_13,12,MASAC,0.7900000214576721,False,0.0,0.0,0.0,0.39711645245552063,0,0,0.0,0.0,-0.0,0,-0.0,0.0,-0.4437367618083954,0.0,0.0,0.0,0.0,113,3.5178147076479815,1.0,0.13379122516288694,0.0,0.0,0.0,-0.4925156235694885,CityLearnV3MADRLRewardFunction,masac_unified_comparable_v4,E1,-0.0,1907,14.51904259128735,1.0,0.1365605647239578,0.0,1
6,0.0,0.0,0.0,0.0,Building_14,13,MASAC,0.7900000214576721,False,0.0,0.0,0.0,0.39711645245552063,0,0,0.0,0.0,-0.0,0,-0.0,0.0,-0.4468543827533722,0.0,0.0,0.0,0.0,64,3.4945148124651526,1.0,0.23472238521208055,0.0,0.0,0.0,-0.4925156235694885,CityLearnV3MADRLRewardFunction,masac_unified_comparable_v4,E1,-0.0,1907,14.51904259128735,1.0,0.1365605647239578,0.0,1
10,1.0,1.0,0.1,0.0,Building_15,14,MASAC,0.7900000214576721,False,0.0,0.0,0.0,0.39711645245552063,0,0,0.0,0.0,-0.0,0,-0.0,0.0,-0.4509211480617523,0.0,0.0,0.0,0.0,92,3.533428896026317,1.0,0.1655962839115249,0.0,0.0,0.0,-0.4925156235694885,CityLearnV3MADRLRewardFunction,masac_unified_comparable_v4,E1,-0.0,1907,14.51904259128735,1.0,0.1365605647239578,0.0,1
13,0.0,0.0,0.0,0.0,Building_16,15,MASAC,0.7900000214576721,False,0.0,0.0,0.0,0.39711645245552063,0,0,0.0,0.0,-0.0,0,-0.0,0.0,-0.5336475968360901,0.0,0.0,0.0,0.0,113,3.4239601574799527,1.0,0.1302925614821436,0.0,0.0,0.0,-0.4925156235694885,CityLearnV3MADRLRewardFunction,masac_unified_comparable_v4,E1,-0.0,1907,14.51904259128735,1.0,0.1365605647239578,0.0,1
13,1.0,0.0,-0.07692307692307693,-1.0,Building_17,16,MASAC,0.7900000214576721,False,0.0,0.0,0.0,0.39711645245552063,0,0,0.0,0.0,-0.0,0,-0.0,0.0,-0.46419456601142883,0.0,0.0,0.0,0.0,113,3.548298200180829,1.0,0.14028504921073934,0.0,0.0,0.0,-0.4925156235694885,CityLearnV3MADRLRewardFunction,masac_unified_comparable_v4,E1,-0.0,1907,14.51904259128735,1.0,0.1365605647239578,0.0,1
6,0.0,0.0,0.0,0.0,Building_1,0,MASAC,0.7900000214576721,True,0.0,0.0,0.0,0.28695225715637207,0,8758,0.0,0.0,-0.0,8758,0.0,433.45458984375,-0.8419204354286194,172.66647338867188,342.42913818359375,433.45458984375,433.45458984375,64,3.269956422428065,1.0,0.21747579181101173,0.0,0.0,0.0,-0.8052181601524353,CityLearnV3MADRLRewardFunction,masac_unified_comparable_v4,E1,-0.0,1907,13.879393225481914,1.0,0.12803956167503808,0.0,8759
8,0.0,0.0,0.0,0.0,Building_2,1,MASAC,0.7900000214576721,True,0.0,0.0,0.0,0.28695225715637207,0,8758,0.0,0.0,-0.0,8758,0.0,15.16435432434082,-0.7895002365112305,6.040714740753174,11.979840278625488,15.16435432434082,15.16435432434082,78,3.440674211484822,1.0,0.1883010504146417,0.0,0.0,0.0,-0.8052181601524353,CityLearnV3MADRLRewardFunction,masac_unified_comparable_v4,E1,-0.0,1907,13.879393225481914,1.0,0.12803956167503808,0.0,8759
10,0.0,0.0,0.0,0.0,Building_3,2,MASAC,0.7900000214576721,True,0.0,0.0,0.0,0.28695225715637207,0,8758,0.0,0.0,-0.0,8758,0.0,94.53981018066406,-0.8269264101982117,37.65989685058594,74.68645477294922,94.53981018066406,94.53981018066406,92,3.1994244254474147,1.0,0.14422633717565433,0.0,0.0,0.0,-0.8052181601524353,CityLearnV3MADRLRewardFunction,masac_unified_comparable_v4,E1,-0.0,1907,13.879393225481914,1.0,0.12803956167503808,0.0,8759
8,0.0,0.0,0.0,0.0,Building_4,3,MASAC,0.7900000214576721,True,0.0,0.0,0.0,0.28695225715637207,0,8758,0.0,0.0,-0.0,8758,0.0,31.04317283630371,-0.8175365924835205,12.366035461425781,24.524106979370117,31.04317283630371,31.04317283630371,78,3.269936425049829,1.0,0.17614689115912485,0.0,0.0,0.0,-0.8052181601524353,CityLearnV3MADRLRewardFunction,masac_unified_comparable_v4,E1,-0.0,1907,13.879393225481914,1.0,0.12803956167503808,0.0,8759
5,0.0,0.0,0.0,0.0,Building_5,4,MASAC,0.7900000214576721,True,0.0,0.0,0.0,0.28695225715637207,0,8758,0.0,0.0,-0.0,8758,0.0,38.538970947265625,-0.8608738780021667,15.351984024047852,30.44578742980957,38.538970947265625,38.538970947265625,57,3.533395311015026,1.0,0.28565526805948793,0.0,0.0,0.0,-0.8052181601524353,CityLearnV3MADRLRewardFunction,masac_unified_comparable_v4,E1,-0.0,1907,13.879393225481914,1.0,0.12803956167503808,0.0,8759
34,0.0,0.0,0.0,0.0,Building_6,5,MASAC,0.7900000214576721,True,0.0,0.0,0.0,0.28695225715637207,0,8758,0.0,0.0,-0.0,8758,0.0,362.8901062011719,-0.8419166207313538,144.55712890625,286.6831970214844,362.8901062011719,362.8901062011719,260,3.2959038126572935,1.0,0.053197869744438395,0.0,0.0,0.0,-0.8052181601524353,CityLearnV3MADRLRewardFunction,masac_unified_comparable_v4,E1,-0.0,1907,13.879393225481914,1.0,0.12803956167503808,0.0,8759
44,0.0,0.0,0.0,0.0,Building_7,6,MASAC,0.7900000214576721,True,0.0,0.0,0.0,0.28695225715637207,0,8758,0.0,0.0,-0.0,8758,0.0,12.664111137390137,-0.7815396189689636,5.044743537902832,10.004648208618164,12.664111137390137,12.664111137390137,330,3.379793581615931,1.0,0.043318463455546984,0.0,0.0,0.0,-0.8052181601524353,CityLearnV3MADRLRewardFunction,masac_unified_comparable_v4,E1,-0.0,1907,13.879393225481914,1.0,0.12803956167503808,0.0,8759
19,0.0,0.0,0.0,0.0,Building_8,7,MASAC,0.7900000214576721,True,0.0,0.0,0.0,0.28695225715637207,0,8758,0.0,0.0,-0.0,8758,0.0,12.065996170043945,-0.7796264290809631,4.806484699249268,9.532136917114258,12.065996170043945,12.065996170043945,155,3.4413172869593684,1.0,0.09534865689854469,0.0,0.0,0.0,-0.8052181601524353,CityLearnV3MADRLRewardFunction,masac_unified_comparable_v4,E1,-0.0,1907,13.879393225481914,1.0,0.12803956167503808,0.0,8759
12,0.0,0.0,0.0,0.0,Building_9,8,MASAC,0.7900000214576721,True,0.0,0.0,0.0,0.28695225715637207,0,8758,0.0,0.0,-0.0,8758,0.0,2.290161371231079,-0.7234443426132202,0.9122849106788635,1.8092275857925415,2.290161371231079,2.290161371231079,106,3.5615491269710886,1.0,0.15195639761832525,0.0,0.0,0.0,-0.8052181601524353,CityLearnV3MADRLRewardFunction,masac_unified_comparable_v4,E1,-0.0,1907,13.879393225481914,1.0,0.12803956167503808,0.0,8759
8,1.0,1.0,0.125,0.0,Building_10,9,MASAC,0.7900000214576721,True,0.0,0.0,0.0,0.28695225715637207,0,8758,0.0,0.0,-0.0,8758,0.0,51.649574279785156,-0.8312702775001526,20.574588775634766,40.803165435791016,51.649574279785156,51.649574279785156,78,3.3774201367914616,1.0,0.18352103758698854,0.0,0.0,0.0,-0.8052181601524353,CityLearnV3MADRLRewardFunction,masac_unified_comparable_v4,E1,-0.0,1907,13.879393225481914,1.0,0.12803956167503808,0.0,8759
5,0.0,0.0,0.0,0.0,Building_11,10,MASAC,0.7900000214576721,True,0.0,0.0,0.0,0.28695225715637207,0,8758,0.0,0.0,-0.0,8758,0.0,71.54803466796875,-0.8349658846855164,28.501131057739258,56.52294921875,71.54803466796875,71.54803466796875,57,3.3677852768955807,1.0,0.24860207625387007,0.0,0.0,0.0,-0.8052181601524353,CityLearnV3MADRLRewardFunction,masac_unified_comparable_v4,E1,-0.0,1907,13.879393225481914,1.0,0.12803956167503808,0.0,8759
5,0.0,0.0,0.0,0.0,Building_12,11,MASAC,0.7900000214576721,True,0.0,0.0,0.0,0.28695225715637207,0,8758,0.0,0.0,-0.0,8758,0.0,215.11593627929688,-0.8402990102767944,85.69135284423828,169.94158935546875,215.11593627929688,215.11593627929688,57,3.259846768149191,1.0,0.24390083015487904,0.0,0.0,0.0,-0.8052181601524353,CityLearnV3MADRLRewardFunction,masac_unified_comparable_v4,E1,-0.0,1907,13.879393225481914,1.0,0.12803956167503808,0.0,8759
13,0.0,0.0,0.0,0.0,Building_13,12,MASAC,0.7900000214576721,True,0.0,0.0,0.0,0.28695225715637207,0,8758,0.0,0.0,-0.0,8758,0.0,2.033022403717041,-0.7398012280464172,0.8098536729812622,1.6060876846313477,2.033022403717041,2.033022403717041,113,3.3371441271180595,1.0,0.12395034473290485,0.0,0.0,0.0,-0.8052181601524353,CityLearnV3MADRLRewardFunction,masac_unified_comparable_v4,E1,-0.0,1907,13.879393225481914,1.0,0.12803956167503808,0.0,8759
6,0.0,0.0,0.0,0.0,Building_14,13,MASAC,0.7900000214576721,True,0.0,0.0,0.0,0.28695225715637207,0,8758,0.0,0.0,-0.0,8758,0.0,2.6149511337280273,-0.7424963116645813,1.041664719581604,2.0658113956451416,2.6149511337280273,2.6149511337280273,64,3.3818831262864797,1.0,0.22128577751573175,0.0,0.0,0.0,-0.8052181601524353,CityLearnV3MADRLRewardFunction,masac_unified_comparable_v4,E1,-0.0,1907,13.879393225481914,1.0,0.12803956167503808,0.0,8759
10,0.0,0.0,0.0,0.0,Building_15,14,MASAC,0.7900000214576721,True,0.0,0.0,0.0,0.28695225715637207,0,8758,0.0,0.0,-0.0,8758,0.0,19.521480560302734,-0.8007230758666992,7.776374340057373,15.42197036743164,19.521480560302734,19.521480560302734,92,3.467724452068946,1.0,0.1618186037015656,0.0,0.0,0.0,-0.8052181601524353,CityLearnV3MADRLRewardFunction,masac_unified_comparable_v4,E1,-0.0,1907,13.879393225481914,1.0,0.12803956167503808,0.0,8759
13,0.0,0.0,0.0,0.0,Building_16,15,MASAC,0.7900000214576721,True,0.0,0.0,0.0,0.28695225715637207,0,8758,0.0,0.0,-0.0,8758,0.0,54.89390563964844,-0.8294054865837097,21.866966247558594,43.366188049316406,54.89390563964844,54.89390563964844,113,3.287269992191482,1.0,0.12236572037228441,0.0,0.0,0.0,-0.8052181601524353,CityLearnV3MADRLRewardFunction,masac_unified_comparable_v4,E1,-0.0,1907,13.879393225481914,1.0,0.12803956167503808,0.0,8759
13,0.0,0.0,0.0,0.0,Building_17,16,MASAC,0.7900000214576721,True,0.0,0.0,0.0,0.28695225715637207,0,8758,0.0,0.0,-0.0,8758,0.0,22.46647071838379,-0.8064622282981873,8.949509620666504,17.748512268066406,22.46647071838379,22.46647071838379,113,3.331556518498785,1.0,0.12381679999881086,0.0,0.0,0.0,-0.8052181601524353,CityLearnV3MADRLRewardFunction,masac_unified_comparable_v4,E1,-0.0,1907,13.879393225481914,1.0,0.12803956167503808,0.0,8759
6,0.0,0.0,0.0,0.0,Building_1,0,MASAC,0.7900000214576721,False,0.0,0.0,0.0,0.37446051836013794,1,0,0.0,0.0,-0.0,8760,-0.0,0.0,-0.8082830309867859,0.0,0.0,0.0,0.0,64,3.3083174208178527,1.0,0.21762845574994572,-0.014203501865267754,0.0,0.0,-0.7570385336875916,CityLearnV3MADRLRewardFunction,masac_unified_comparable_v4,E1,-0.0,1907,14.150581308896948,1.0,0.12829975842429384,0.0,2
8,0.0,0.0,0.0,0.0,Building_2,1,MASAC,0.7900000214576721,False,0.0,0.0,0.0,0.37446051836013794,1,0,0.0,0.0,-0.0,8760,-0.0,0.0,-0.7027477025985718,0.0,0.0,0.0,0.0,78,3.4325377540178703,1.0,0.18127813479170585,-0.014203501865267754,0.0,0.0,-0.7570385336875916,CityLearnV3MADRLRewardFunction,masac_unified_comparable_v4,E1,-0.0,1907,14.150581308896948,1.0,0.12829975842429384,0.0,2
10,0.0,0.0,0.0,0.0,Building_3,2,MASAC,0.7900000214576721,False,0.0,0.0,0.0,0.37446051836013794,1,0,0.0,0.0,-0.0,8760,-0.0,0.0,-0.795833170413971,0.0,0.0,0.0,0.0,92,3.506029493384133,1.0,0.16215225124893629,-0.014203501865267754,0.0,0.0,-0.7570385336875916,CityLearnV3MADRLRewardFunction,masac_unified_comparable_v4,E1,-0.0,1907,14.150581308896948,1.0,0.12829975842429384,0.0,2
8,0.0,0.0,0.0,0.0,Building_4,3,MASAC,0.7900000214576721,False,0.0,0.0,0.0,0.37446051836013794,1,0,0.0,0.0,-0.0,8760,-0.0,0.0,-0.7499340772628784,0.0,0.0,0.0,0.0,78,3.3607638378967226,1.0,0.1775727963839204,-0.014203501865267754,0.0,0.0,-0.7570385336875916,CityLearnV3MADRLRewardFunction,masac_unified_comparable_v4,E1,-0.0,1907,14.150581308896948,1.0,0.12829975842429384,0.0,2
5,0.0,0.0,0.0,0.0,Building_5,4,MASAC,0.7900000214576721,False,0.0,0.0,0.0,0.37446051836013794,1,0,0.0,0.0,-0.0,8760,-0.0,0.0,-0.7861567735671997,0.0,0.0,0.0,0.0,57,3.44371915161523,1.0,0.25621212904521246,-0.014203501865267754,0.0,0.0,-0.7570385336875916,CityLearnV3MADRLRewardFunction,masac_unified_comparable_v4,E1,-0.0,1907,14.150581308896948,1.0,0.12829975842429384,0.0,2
34,0.0,0.0,0.0,0.0,Building_6,5,MASAC,0.7900000214576721,False,0.0,0.0,0.0,0.37446051836013794,1,0,0.0,0.0,-0.0,8760,-0.0,0.0,-0.8034464120864868,0.0,0.0,0.0,0.0,260,3.3461560003735293,1.0,0.05334266774499646,-0.014203501865267754,0.0,0.0,-0.7570385336875916,CityLearnV3MADRLRewardFunction,masac_unified_comparable_v4,E1,-0.0,1907,14.150581308896948,1.0,0.12829975842429384,0.0,2
44,1.0,1.0,0.022727272727272728,0.0,Building_7,6,MASAC,0.7900000214576721,False,0.0,0.0,0.0,0.37446051836013794,1,0,0.0,0.0,-0.0,8760,-0.0,0.0,-0.7249701023101807,0.0,0.0,0.0,0.0,330,3.4138499834020717,1.0,0.04283086793553648,-0.014203501865267754,0.0,0.0,-0.7570385336875916,CityLearnV3MADRLRewardFunction,masac_unified_comparable_v4,E1,-0.0,1907,14.150581308896948,1.0,0.12829975842429384,0.0,2
19,0.0,0.0,0.0,0.0,Building_8,7,MASAC,0.7900000214576721,False,0.0,0.0,0.0,0.37446051836013794,1,0,0.0,0.0,-0.0,8760,-0.0,0.0,-0.7033467292785645,0.0,0.0,0.0,0.0,155,3.4325837603285576,1.0,0.09130838206939158,-0.014203501865267754,0.0,0.0,-0.7570385336875916,CityLearnV3MADRLRewardFunction,masac_unified_comparable_v4,E1,-0.0,1907,14.150581308896948,1.0,0.12829975842429384,0.0,2
12,0.0,0.0,0.0,0.0,Building_9,8,MASAC,0.7900000214576721,False,0.0,0.0,0.0,0.37446051836013794,1,0,0.0,0.0,-0.0,8760,-0.0,0.0,-0.7102617621421814,0.0,0.0,0.0,0.0,106,3.558036506108788,1.0,0.14452830626506288,-0.014203501865267754,0.0,0.0,-0.7570385336875916,CityLearnV3MADRLRewardFunction,masac_unified_comparable_v4,E1,-0.0,1907,14.150581308896948,1.0,0.12829975842429384,0.0,2
8,0.0,0.0,0.0,0.0,Building_10,9,MASAC,0.7900000214576721,False,0.0,0.0,0.0,0.37446051836013794,1,0,0.0,0.0,-0.0,8760,-0.0,0.0,-0.787641704082489,0.0,0.0,0.0,0.0,78,3.388978296627166,1.0,0.18063215226030502,-0.014203501865267754,0.0,0.0,-0.7570385336875916,CityLearnV3MADRLRewardFunction,masac_unified_comparable_v4,E1,-0.0,1907,14.150581308896948,1.0,0.12829975842429384,0.0,2
5,0.0,0.0,0.0,0.0,Building_11,10,MASAC,0.7900000214576721,False,0.0,0.0,0.0,0.37446051836013794,1,0,0.0,0.0,-0.0,8760,-0.0,0.0,-0.7959738373756409,0.0,0.0,0.0,0.0,57,3.5302026619987257,1.0,0.26353120506463346,-0.014203501865267754,0.0,0.0,-0.7570385336875916,CityLearnV3MADRLRewardFunction,masac_unified_comparable_v4,E1,-0.0,1907,14.150581308896948,1.0,0.12829975842429384,0.0,2
5,1.0,1.0,0.2,0.0,Building_12,11,MASAC,0.7900000214576721,False,0.0,0.0,0.0,0.37446051836013794,1,0,0.0,0.0,-0.0,8760,-0.0,0.0,-0.8062407970428467,0.0,0.0,0.0,0.0,57,3.5332972507747176,1.0,0.2690532355520286,-0.014203501865267754,0.0,0.0,-0.7570385336875916,CityLearnV3MADRLRewardFunction,masac_unified_comparable_v4,E1,-0.0,1907,14.150581308896948,1.0,0.12829975842429384,0.0,2
13,0.0,0.0,0.0,0.0,Building_13,12,MASAC,0.7900000214576721,False,0.0,0.0,0.0,0.37446051836013794,1,0,0.0,0.0,-0.0,8760,-0.0,0.0,-0.7026222944259644,0.0,0.0,0.0,0.0,113,3.4185478020061364,1.0,0.12480057316082241,-0.014203501865267754,0.0,0.0,-0.7570385336875916,CityLearnV3MADRLRewardFunction,masac_unified_comparable_v4,E1,-0.0,1907,14.150581308896948,1.0,0.12829975842429384,0.0,2
6,0.0,0.0,0.0,0.0,Building_14,13,MASAC,0.7900000214576721,False,0.0,0.0,0.0,0.37446051836013794,1,0,0.0,0.0,-0.0,8760,-0.0,0.0,-0.7063444256782532,0.0,0.0,0.0,0.0,64,3.4027259204704277,1.0,0.21942471110378392,-0.014203501865267754,0.0,0.0,-0.7570385336875916,CityLearnV3MADRLRewardFunction,masac_unified_comparable_v4,E1,-0.0,1907,14.150581308896948,1.0,0.12829975842429384,0.0,2
10,0.0,0.0,0.0,0.0,Building_15,14,MASAC,0.7900000214576721,False,0.0,0.0,0.0,0.37446051836013794,1,0,0.0,0.0,-0.0,8760,-0.0,0.0,-0.7258533239364624,0.0,0.0,0.0,0.0,92,3.4385082848178,1.0,0.1557649153932605,-0.014203501865267754,0.0,0.0,-0.7570385336875916,CityLearnV3MADRLRewardFunction,masac_unified_comparable_v4,E1,-0.0,1907,14.150581308896948,1.0,0.12829975842429384,0.0,2
13,1.0,1.0,0.07692307692307693,0.0,Building_16,15,MASAC,0.7900000214576721,False,0.0,0.0,0.0,0.37446051836013794,1,0,0.0,0.0,-0.0,8760,-0.0,0.0,-0.787373960018158,0.0,0.0,0.0,0.0,113,3.3238347959412256,1.0,0.12133696386837854,-0.014203501865267754,0.0,0.0,-0.7570385336875916,CityLearnV3MADRLRewardFunction,masac_unified_comparable_v4,E1,-0.0,1907,14.150581308896948,1.0,0.12829975842429384,0.0,2
13,0.0,0.0,0.0,0.0,Building_17,16,MASAC,0.7900000214576721,False,0.0,0.0,0.0,0.37446051836013794,1,0,0.0,0.0,-0.0,8760,-0.0,0.0,-0.7726249694824219,0.0,0.0,0.0,0.0,113,3.493939426013369,1.0,0.1316432866671708,-0.014203501865267754,0.0,0.0,-0.7570385336875916,CityLearnV3MADRLRewardFunction,masac_unified_comparable_v4,E1,-0.0,1907,14.150581308896948,1.0,0.12829975842429384,0.0,2
6,0.0,0.0,0.0,0.0,Building_1,0,MASAC,0.7900000214576721,True,0.0,0.0,0.0,0.5087285041809082,1,8757,0.0,0.0,-0.0,17517,0.0,446.8856201171875,-0.8398103713989258,295.8052062988281,353.0396423339844,446.8856201171875,446.8856201171875,64,3.506885141120469,1.0,0.24939272832125425,0.0,0.0,0.0,-0.8029507398605347,CityLearnV3MADRLRewardFunction,masac_unified_comparable_v4,E1,-0.0,1907,14.557718573466321,1.0,0.1433192588931988,0.0,8759
8,0.0,0.0,0.0,0.0,Building_2,1,MASAC,0.7900000214576721,True,0.0,0.0,0.0,0.5087285041809082,1,8757,0.0,0.0,-0.0,17517,0.0,5.618855953216553,-0.7537742257118225,3.719266653060913,4.438896179199219,5.618855953216553,5.618855953216553,78,3.5162881683842495,1.0,0.20190924558884057,0.0,0.0,0.0,-0.8029507398605347,CityLearnV3MADRLRewardFunction,masac_unified_comparable_v4,E1,-0.0,1907,14.557718573466321,1.0,0.1433192588931988,0.0,8759
10,1.0,1.0,0.1,0.0,Building_3,2,MASAC,0.7900000214576721,True,0.0,0.0,0.0,0.5087285041809082,1,8757,0.0,0.0,-0.0,17517,0.0,98.17061614990234,-0.832743763923645,64.98168182373047,77.5547866821289,98.17061614990234,98.17061614990234,92,3.4595190877933786,1.0,0.16925146009611047,0.0,0.0,0.0,-0.8029507398605347,CityLearnV3MADRLRewardFunction,masac_unified_comparable_v4,E1,-0.0,1907,14.557718573466321,1.0,0.1433192588931988,0.0,8759
8,0.0,0.0,0.0,0.0,Building_4,3,MASAC,0.7900000214576721,True,0.0,0.0,0.0,0.5087285041809082,1,8757,0.0,0.0,-0.0,17517,0.0,28.84416961669922,-0.8130874633789062,19.09270477294922,22.786893844604492,28.84416961669922,28.84416961669922,78,3.4321183375404143,1.0,0.19776448263571814,0.0,0.0,0.0,-0.8029507398605347,CityLearnV3MADRLRewardFunction,masac_unified_comparable_v4,E1,-0.0,1907,14.557718573466321,1.0,0.1433192588931988,0.0,8759
5,0.0,0.0,0.0,0.0,Building_5,4,MASAC,0.7900000214576721,True,0.0,0.0,0.0,0.5087285041809082,1,8757,0.0,0.0,-0.0,17517,0.0,37.89287567138672,-0.8533499240875244,25.082279205322266,29.935373306274414,37.89287567138672,37.89287567138672,57,3.6287496247399784,1.0,0.3078543684984508,0.0,0.0,0.0,-0.8029507398605347,CityLearnV3MADRLRewardFunction,masac_unified_comparable_v4,E1,-0.0,1907,14.557718573466321,1.0,0.1433192588931988,0.0,8759
34,1.0,0.0,-0.029411764705882353,-1.0,Building_6,5,MASAC,0.7900000214576721,True,0.0,0.0,0.0,0.5087285041809082,1,8757,0.0,0.0,-0.0,17517,0.0,350.8894348144531,-0.8397753834724426,232.26283264160156,277.2026672363281,350.8894348144531,350.8894348144531,260,3.4712741119631945,1.0,0.06007833606921709,0.0,0.0,0.0,-0.8029507398605347,CityLearnV3MADRLRewardFunction,masac_unified_comparable_v4,E1,-0.0,1907,14.557718573466321,1.0,0.1433192588931988,0.0,8759
44,0.0,0.0,0.0,0.0,Building_7,6,MASAC,0.7900000214576721,True,0.0,0.0,0.0,0.5087285041809082,1,8757,0.0,0.0,-0.0,17517,0.0,18.66022491455078,-0.7960019111633301,12.35168743133545,14.741578102111816,18.66022491455078,18.66022491455078,330,3.48983132883289,1.0,0.0478495256467299,0.0,0.0,0.0,-0.8029507398605347,CityLearnV3MADRLRewardFunction,masac_unified_comparable_v4,E1,-0.0,1907,14.557718573466321,1.0,0.1433192588931988,0.0,8759
19,0.0,0.0,0.0,0.0,Building_8,7,MASAC,0.7900000214576721,True,0.0,0.0,0.0,0.5087285041809082,1,8757,0.0,0.0,-0.0,17517,0.0,19.251495361328125,-0.796107828617096,12.743064880371094,15.2086820602417,19.251495361328125,19.251495361328125,155,3.608780617508843,1.0,0.10567378026823844,0.0,0.0,0.0,-0.8029507398605347,CityLearnV3MADRLRewardFunction,masac_unified_comparable_v4,E1,-0.0,1907,14.557718573466321,1.0,0.1433192588931988,0.0,8759
12,0.0,0.0,0.0,0.0,Building_9,8,MASAC,0.7900000214576721,True,0.0,0.0,0.0,0.5087285041809082,1,8757,0.0,0.0,-0.0,17517,0.0,2.4506425857543945,-0.7224276065826416,1.6221439838409424,1.9360077381134033,2.4506425857543945,2.4506425857543945,106,3.727364576893713,1.0,0.1699788050269181,0.0,0.0,0.0,-0.8029507398605347,CityLearnV3MADRLRewardFunction,masac_unified_comparable_v4,E1,-0.0,1907,14.557718573466321,1.0,0.1433192588931988,0.0,8759
8,0.0,0.0,0.0,0.0,Building_10,9,MASAC,0.7900000214576721,True,0.0,0.0,0.0,0.5087285041809082,1,8757,0.0,0.0,-0.0,17517,0.0,34.33414077758789,-0.8172881603240967,22.726659774780273,27.123971939086914,34.33414077758789,34.33414077758789,78,3.4684080775005244,1.0,0.2003196585827913,0.0,0.0,0.0,-0.8029507398605347,CityLearnV3MADRLRewardFunction,masac_unified_comparable_v4,E1,-0.0,1907,14.557718573466321,1.0,0.1433192588931988,0.0,8759
5,0.0,0.0,0.0,0.0,Building_11,10,MASAC,0.7900000214576721,True,0.0,0.0,0.0,0.5087285041809082,1,8757,0.0,0.0,-0.0,17517,0.0,57.917564392089844,-0.8298535346984863,38.33713912963867,45.754878997802734,57.917564392089844,57.917564392089844,57,3.549439792597684,1.0,0.2800286485437761,0.0,0.0,0.0,-0.8029507398605347,CityLearnV3MADRLRewardFunction,masac_unified_comparable_v4,E1,-0.0,1907,14.557718573466321,1.0,0.1433192588931988,0.0,8759
5,0.0,0.0,0.0,0.0,Building_12,11,MASAC,0.7900000214576721,True,0.0,0.0,0.0,0.5087285041809082,1,8757,0.0,0.0,-0.0,17517,0.0,182.6020965576172,-0.8327950239181519,120.86907196044922,144.2556610107422,182.6020965576172,182.6020965576172,57,3.4159688776757307,1.0,0.2678599859538831,0.0,0.0,0.0,-0.8029507398605347,CityLearnV3MADRLRewardFunction,masac_unified_comparable_v4,E1,-0.0,1907,14.557718573466321,1.0,0.1433192588931988,0.0,8759
13,0.0,0.0,0.0,0.0,Building_13,12,MASAC,0.7900000214576721,True,0.0,0.0,0.0,0.5087285041809082,1,8757,0.0,0.0,-0.0,17517,0.0,2.789367437362671,-0.7411966323852539,1.8463547229766846,2.2036004066467285,2.789367437362671,2.789367437362671,113,3.4654459212835347,1.0,0.13605561206298591,0.0,0.0,0.0,-0.8029507398605347,CityLearnV3MADRLRewardFunction,masac_unified_comparable_v4,E1,-0.0,1907,14.557718573466321,1.0,0.1433192588931988,0.0,8759
6,0.0,0.0,0.0,0.0,Building_14,13,MASAC,0.7900000214576721,True,0.0,0.0,0.0,0.5087285041809082,1,8757,0.0,0.0,-0.0,17517,0.0,2.485826015472412,-0.7403742671012878,1.6454328298568726,1.9638025760650635,2.485826015472412,2.485826015472412,64,3.5756600559401712,1.0,0.2508129342459142,0.0,0.0,0.0,-0.8029507398605347,CityLearnV3MADRLRewardFunction,masac_unified_comparable_v4,E1,-0.0,1907,14.557718573466321,1.0,0.1433192588931988,0.0,8759
10,1.0,1.0,0.1,0.0,Building_15,14,MASAC,0.7900000214576721,True,0.0,0.0,0.0,0.5087285041809082,1,8757,0.0,0.0,-0.0,17517,0.0,20.5941162109375,-0.8020261526107788,13.631780624389648,16.269351959228516,20.5941162109375,20.5941162109375,92,3.6194482542720006,1.0,0.18070428915645764,0.0,0.0,0.0,-0.8029507398605347,CityLearnV3MADRLRewardFunction,masac_unified_comparable_v4,E1,-0.0,1907,14.557718573466321,1.0,0.1433192588931988,0.0,8759
13,0.0,0.0,0.0,0.0,Building_16,15,MASAC,0.7900000214576721,True,0.0,0.0,0.0,0.5087285041809082,1,8757,0.0,0.0,-0.0,17517,0.0,103.13050842285156,-0.8367915749549866,68.26476287841797,81.47310638427734,103.13050842285156,103.13050842285156,113,3.574055341787458,1.0,0.14456038322068948,0.0,0.0,0.0,-0.8029507398605347,CityLearnV3MADRLRewardFunction,masac_unified_comparable_v4,E1,-0.0,1907,14.557718573466321,1.0,0.1433192588931988,0.0,8759
13,0.0,0.0,0.0,0.0,Building_17,16,MASAC,0.7900000214576721,True,0.0,0.0,0.0,0.5087285041809082,1,8757,0.0,0.0,-0.0,17517,0.0,21.1981143951416,-0.802759051322937,14.031582832336426,16.746511459350586,21.1981143951416,21.1981143951416,113,3.4982484934326075,1.0,0.14164949070035884,0.0,0.0,0.0,-0.8029507398605347,CityLearnV3MADRLRewardFunction,masac_unified_comparable_v4,E1,-0.0,1907,14.557718573466321,1.0,0.1433192588931988,0.0,8759
6,0.0,0.0,0.0,0.0,Building_1,0,MASAC,0.7900000214576721,False,0.0,0.0,0.0,0.526870608329773,2,0,0.0,0.0,-0.0,17520,-0.0,0.0,-0.5564541220664978,0.0,0.0,0.0,0.0,64,3.2924334214664976,1.0,0.22837571939453483,0.0,0.0,0.0,-0.4969063997268677,CityLearnV3MADRLRewardFunction,masac_unified_comparable_v4,E1,-0.0,1907,13.902956064239385,1.0,0.13260664871303382,0.0,3
8,0.0,0.0,0.0,0.0,Building_2,1,MASAC,0.7900000214576721,False,0.0,0.0,0.0,0.526870608329773,2,0,0.0,0.0,-0.0,17520,-0.0,0.0,-0.4455861449241638,0.0,0.0,0.0,0.0,78,3.3703950564277947,1.0,0.18787282552474585,0.0,0.0,0.0,-0.4969063997268677,CityLearnV3MADRLRewardFunction,masac_unified_comparable_v4,E1,-0.0,1907,13.902956064239385,1.0,0.13260664871303382,0.0,3
10,0.0,0.0,0.0,0.0,Building_3,2,MASAC,0.7900000214576721,False,0.0,0.0,0.0,0.526870608329773,2,0,0.0,0.0,-0.0,17520,-0.0,0.0,-0.5415484309196472,0.0,0.0,0.0,0.0,92,3.433839063632819,1.0,0.16749418567380178,0.0,0.0,0.0,-0.4969063997268677,CityLearnV3MADRLRewardFunction,masac_unified_comparable_v4,E1,-0.0,1907,13.902956064239385,1.0,0.13260664871303382,0.0,3
8,0.0,0.0,0.0,0.0,Building_4,3,MASAC,0.7900000214576721,False,0.0,0.0,0.0,0.526870608329773,2,0,0.0,0.0,-0.0,17520,-0.0,0.0,-0.4982670247554779,0.0,0.0,0.0,0.0,78,3.295242679098483,1.0,0.18423217229354075,0.0,0.0,0.0,-0.4969063997268677,CityLearnV3MADRLRewardFunction,masac_unified_comparable_v4,E1,-0.0,1907,13.902956064239385,1.0,0.13260664871303382,0.0,3
5,0.0,0.0,0.0,0.0,Building_5,4,MASAC,0.7900000214576721,False,0.0,0.0,0.0,0.526870608329773,2,0,0.0,0.0,-0.0,17520,-0.0,0.0,-0.5363078117370605,0.0,0.0,0.0,0.0,57,3.364733573480939,1.0,0.26627169941601,0.0,0.0,0.0,-0.4969063997268677,CityLearnV3MADRLRewardFunction,masac_unified_comparable_v4,E1,-0.0,1907,13.902956064239385,1.0,0.13260664871303382,0.0,3
34,0.0,0.0,0.0,0.0,Building_6,5,MASAC,0.7900000214576721,False,0.0,0.0,0.0,0.526870608329773,2,0,0.0,0.0,-0.0,17520,-0.0,0.0,-0.546416163444519,0.0,0.0,0.0,0.0,260,3.2767401141346744,1.0,0.054865838014162505,0.0,0.0,0.0,-0.4969063997268677,CityLearnV3MADRLRewardFunction,masac_unified_comparable_v4,E1,-0.0,1907,13.902956064239385,1.0,0.13260664871303382,0.0,3
44,1.0,1.0,0.022727272727272728,0.0,Building_7,6,MASAC,0.7900000214576721,False,0.0,0.0,0.0,0.526870608329773,2,0,0.0,0.0,-0.0,17520,-0.0,0.0,-0.4457953870296478,0.0,0.0,0.0,0.0,330,3.3531921387346375,1.0,0.044251151337768094,0.0,0.0,0.0,-0.4969063997268677,CityLearnV3MADRLRewardFunction,masac_unified_comparable_v4,E1,-0.0,1907,13.902956064239385,1.0,0.13260664871303382,0.0,3
19,1.0,0.0,-0.05263157894736842,-1.0,Building_8,7,MASAC,0.7900000214576721,False,0.0,0.0,0.0,0.526870608329773,2,0,0.0,0.0,-0.0,17520,-0.0,0.0,-0.501181960105896,0.0,0.0,0.0,0.0,155,3.332800365293091,1.0,0.09294064814044584,0.0,0.0,0.0,-0.4969063997268677,CityLearnV3MADRLRewardFunction,masac_unified_comparable_v4,E1,-0.0,1907,13.902956064239385,1.0,0.13260664871303382,0.0,3
12,0.0,0.0,0.0,0.0,Building_9,8,MASAC,0.7900000214576721,False,0.0,0.0,0.0,0.526870608329773,2,0,0.0,0.0,-0.0,17520,-0.0,0.0,-0.45450496673583984,0.0,0.0,0.0,0.0,106,3.4841891997386645,1.0,0.14866559706487745,0.0,0.0,0.0,-0.4969063997268677,CityLearnV3MADRLRewardFunction,masac_unified_comparable_v4,E1,-0.0,1907,13.902956064239385,1.0,0.13260664871303382,0.0,3
8,0.0,0.0,0.0,0.0,Building_10,9,MASAC,0.7900000214576721,False,0.0,0.0,0.0,0.526870608329773,2,0,0.0,0.0,-0.0,17520,-0.0,0.0,-0.46968597173690796,0.0,0.0,0.0,0.0,78,3.3243870425218156,1.0,0.18578410195186734,0.0,0.0,0.0,-0.4969063997268677,CityLearnV3MADRLRewardFunction,masac_unified_comparable_v4,E1,-0.0,1907,13.902956064239385,1.0,0.13260664871303382,0.0,3
5,0.0,0.0,0.0,0.0,Building_11,10,MASAC,0.7900000214576721,False,0.0,0.0,0.0,0.526870608329773,2,0,0.0,0.0,-0.0,17520,-0.0,0.0,-0.537582278251648,0.0,0.0,0.0,0.0,57,3.478546701827308,1.0,0.2733640191063546,0.0,0.0,0.0,-0.4969063997268677,CityLearnV3MADRLRewardFunction,masac_unified_comparable_v4,E1,-0.0,1907,13.902956064239385,1.0,0.13260664871303382,0.0,3
5,0.0,0.0,0.0,0.0,Building_12,11,MASAC,0.7900000214576721,False,0.0,0.0,0.0,0.526870608329773,2,0,0.0,0.0,-0.0,17520,-0.0,0.0,-0.5508178472518921,0.0,0.0,0.0,0.0,57,3.4404943038576272,1.0,0.2736123310107934,0.0,0.0,0.0,-0.4969063997268677,CityLearnV3MADRLRewardFunction,masac_unified_comparable_v4,E1,-0.0,1907,13.902956064239385,1.0,0.13260664871303382,0.0,3
13,1.0,1.0,0.07692307692307693,0.0,Building_13,12,MASAC,0.7900000214576721,False,0.0,0.0,0.0,0.526870608329773,2,0,0.0,0.0,-0.0,17520,-0.0,0.0,-0.4456995129585266,0.0,0.0,0.0,0.0,113,3.3594569640319394,1.0,0.12945188357766751,0.0,0.0,0.0,-0.4969063997268677,CityLearnV3MADRLRewardFunction,masac_unified_comparable_v4,E1,-0.0,1907,13.902956064239385,1.0,0.13260664871303382,0.0,3
6,0.0,0.0,0.0,0.0,Building_14,13,MASAC,0.7900000214576721,False,0.0,0.0,0.0,0.526870608329773,2,0,0.0,0.0,-0.0,17520,-0.0,0.0,-0.44957005977630615,0.0,0.0,0.0,0.0,64,3.3763925110355784,1.0,0.22960085980594158,0.0,0.0,0.0,-0.4969063997268677,CityLearnV3MADRLRewardFunction,masac_unified_comparable_v4,E1,-0.0,1907,13.902956064239385,1.0,0.13260664871303382,0.0,3
10,0.0,0.0,0.0,0.0,Building_15,14,MASAC,0.7900000214576721,False,0.0,0.0,0.0,0.526870608329773,2,0,0.0,0.0,-0.0,17520,-0.0,0.0,-0.45066094398498535,0.0,0.0,0.0,0.0,92,3.369994455596965,1.0,0.15975611098110676,0.0,0.0,0.0,-0.4969063997268677,CityLearnV3MADRLRewardFunction,masac_unified_comparable_v4,E1,-0.0,1907,13.902956064239385,1.0,0.13260664871303382,0.0,3
13,0.0,0.0,0.0,0.0,Building_16,15,MASAC,0.7900000214576721,False,0.0,0.0,0.0,0.526870608329773,2,0,0.0,0.0,-0.0,17520,-0.0,0.0,-0.5048515200614929,0.0,0.0,0.0,0.0,113,3.320577368820628,1.0,0.12836535631027896,0.0,0.0,0.0,-0.4969063997268677,CityLearnV3MADRLRewardFunction,masac_unified_comparable_v4,E1,-0.0,1907,13.902956064239385,1.0,0.13260664871303382,0.0,3
13,1.0,1.0,0.07692307692307693,0.0,Building_17,16,MASAC,0.7900000214576721,False,0.0,0.0,0.0,0.526870608329773,2,0,0.0,0.0,-0.0,17520,-0.0,0.0,-0.512479305267334,0.0,0.0,0.0,0.0,113,3.440237209710385,1.0,0.136523561469749,0.0,0.0,0.0,-0.4969063997268677,CityLearnV3MADRLRewardFunction,masac_unified_comparable_v4,E1,-0.0,1907,13.902956064239385,1.0,0.13260664871303382,0.0,3
6,0.0,0.0,0.0,0.0,Building_1,0,MASAC,0.7900000214576721,True,0.0,0.0,0.0,0.32958081364631653,2,8756,0.0,0.0,-0.0,26276,0.0,391.586669921875,-0.816167950630188,179.1614532470703,309.3534851074219,391.586669921875,391.586669921875,64,3.428773902771757,1.0,0.2311621797271073,0.0,0.0,0.0,-0.7713942527770996,CityLearnV3MADRLRewardFunction,masac_unified_comparable_v4,E1,-0.0,1907,14.207492405059602,1.0,0.13303879721507267,0.0,8759
8,0.0,0.0,0.0,0.0,Building_2,1,MASAC,0.7900000214576721,True,0.0,0.0,0.0,0.32958081364631653,2,8756,0.0,0.0,-0.0,26276,0.0,0.1848604530096054,-0.7060045003890991,0.08457864075899124,0.14603976905345917,0.1848604530096054,0.1848604530096054,78,3.5142154716833645,1.0,0.19234930551969087,0.0,0.0,0.0,-0.7713942527770996,CityLearnV3MADRLRewardFunction,masac_unified_comparable_v4,E1,-0.0,1907,14.207492405059602,1.0,0.13303879721507267,0.0,8759
10,0.0,0.0,0.0,0.0,Building_3,2,MASAC,0.7900000214576721,True,0.0,0.0,0.0,0.32958081364631653,2,8756,0.0,0.0,-0.0,26276,0.0,39.0087890625,-0.8002541661262512,17.847572326660156,30.816944122314453,39.0087890625,39.0087890625,92,3.401610786108872,1.0,0.15808451078508212,0.0,0.0,0.0,-0.7713942527770996,CityLearnV3MADRLRewardFunction,masac_unified_comparable_v4,E1,-0.0,1907,14.207492405059602,1.0,0.13303879721507267,0.0,8759
8,0.0,0.0,0.0,0.0,Building_4,3,MASAC,0.7900000214576721,True,0.0,0.0,0.0,0.32958081364631653,2,8756,0.0,0.0,-0.0,26276,0.0,36.67196273803711,-0.7916353344917297,16.778411865234375,28.97085189819336,36.67196273803711,36.67196273803711,78,3.2586772004446205,1.0,0.1761976814804933,0.0,0.0,0.0,-0.7713942527770996,CityLearnV3MADRLRewardFunction,masac_unified_comparable_v4,E1,-0.0,1907,14.207492405059602,1.0,0.13303879721507267,0.0,8759
5,0.0,0.0,0.0,0.0,Building_5,4,MASAC,0.7900000214576721,True,0.0,0.0,0.0,0.32958081364631653,2,8756,0.0,0.0,-0.0,26276,0.0,54.225337982177734,-0.8361257314682007,24.809553146362305,42.838016510009766,54.225337982177734,54.225337982177734,57,3.602016585153555,1.0,0.2965389006493384,0.0,0.0,0.0,-0.7713942527770996,CityLearnV3MADRLRewardFunction,masac_unified_comparable_v4,E1,-0.0,1907,14.207492405059602,1.0,0.13303879721507267,0.0,8759
34,1.0,1.0,0.029411764705882353,0.0,Building_6,5,MASAC,0.7900000214576721,True,0.0,0.0,0.0,0.32958081364631653,2,8756,0.0,0.0,-0.0,26276,0.0,348.8946838378906,-0.8161424994468689,159.62872314453125,275.6268005371094,348.8946838378906,348.8946838378906,260,3.3494695914572996,1.0,0.05511775555518957,0.0,0.0,0.0,-0.7713942527770996,CityLearnV3MADRLRewardFunction,masac_unified_comparable_v4,E1,-0.0,1907,14.207492405059602,1.0,0.13303879721507267,0.0,8759
44,1.0,1.0,0.022727272727272728,0.0,Building_7,6,MASAC,0.7900000214576721,True,0.0,0.0,0.0,0.32958081364631653,2,8756,0.0,0.0,-0.0,26276,0.0,2.9800853729248047,-0.7179091572761536,1.3634693622589111,2.3542675971984863,2.9800853729248047,2.9800853729248047,330,3.3557978274741336,1.0,0.042946428444349406,0.0,0.0,0.0,-0.7713942527770996,CityLearnV3MADRLRewardFunction,masac_unified_comparable_v4,E1,-0.0,1907,14.207492405059602,1.0,0.13303879721507267,0.0,8759
19,1.0,1.0,0.05263157894736842,0.0,Building_8,7,MASAC,0.7900000214576721,True,35.7369499206543,0.0,0.0,0.32958081364631653,2,8756,0.0,0.0,-0.0,26276,0.0,41.93632125854492,-0.8258870840072632,19.186996459960938,33.129695892333984,41.93632125854492,6.199371337890625,155,3.5096413196979834,1.0,0.0986140735687748,0.0,0.0,0.0,-0.7713942527770996,CityLearnV3MADRLRewardFunction,masac_unified_comparable_v4,E1,-0.0,1907,14.207492405059602,1.0,0.13303879721507267,0.0,8759
12,0.0,0.0,0.0,0.0,Building_9,8,MASAC,0.7900000214576721,True,0.0,0.0,0.0,0.32958081364631653,2,8756,0.0,0.0,-0.0,26276,0.0,2.1350696086883545,-0.6970563530921936,0.9768518805503845,1.6867049932479858,2.1350696086883545,2.1350696086883545,106,3.592962383206637,1.0,0.15518372632422536,0.0,0.0,0.0,-0.7713942527770996,CityLearnV3MADRLRewardFunction,masac_unified_comparable_v4,E1,-0.0,1907,14.207492405059602,1.0,0.13303879721507267,0.0,8759
8,0.0,0.0,0.0,0.0,Building_10,9,MASAC,0.7900000214576721,True,0.0,0.0,0.0,0.32958081364631653,2,8756,0.0,0.0,-0.0,26276,0.0,16.451881408691406,-0.7680053114891052,7.52717924118042,12.996986389160156,16.451881408691406,16.451881408691406,78,3.4670885226120385,1.0,0.19070415303875238,0.0,0.0,0.0,-0.7713942527770996,CityLearnV3MADRLRewardFunction,masac_unified_comparable_v4,E1,-0.0,1907,14.207492405059602,1.0,0.13303879721507267,0.0,8759
5,0.0,0.0,0.0,0.0,Building_11,10,MASAC,0.7900000214576721,True,0.0,0.0,0.0,0.32958081364631653,2,8756,0.0,0.0,-0.0,26276,0.0,66.45198059082031,-0.8091289401054382,30.40357208251953,52.497066497802734,66.45198059082031,66.45198059082031,57,3.4715783321796607,1.0,0.26014572800251473,0.0,0.0,0.0,-0.7713942527770996,CityLearnV3MADRLRewardFunction,masac_unified_comparable_v4,E1,-0.0,1907,14.207492405059602,1.0,0.13303879721507267,0.0,8759
5,0.0,0.0,0.0,0.0,Building_12,11,MASAC,0.7900000214576721,True,0.0,0.0,0.0,0.32958081364631653,2,8756,0.0,0.0,-0.0,26276,0.0,155.388671875,-0.8153239488601685,71.0945053100586,122.7570571899414,155.388671875,155.388671875,57,3.4346348939348683,1.0,0.26068106790383655,0.0,0.0,0.0,-0.7713942527770996,CityLearnV3MADRLRewardFunction,masac_unified_comparable_v4,E1,-0.0,1907,14.207492405059602,1.0,0.13303879721507267,0.0,8759
13,0.0,0.0,0.0,0.0,Building_13,12,MASAC,0.7900000214576721,True,0.0,0.0,0.0,0.32958081364631653,2,8756,0.0,0.0,-0.0,26276,0.0,0.1047736182808876,-0.7056278586387634,0.04793675243854523,0.08277115970849991,0.1047736182808876,0.1047736182808876,113,3.3804514677181388,1.0,0.1272086018482141,0.0,0.0,0.0,-0.7713942527770996,CityLearnV3MADRLRewardFunction,masac_unified_comparable_v4,E1,-0.0,1907,14.207492405059602,1.0,0.13303879721507267,0.0,8759
6,1.0,1.0,0.16666666666666666,0.0,Building_14,13,MASAC,0.7900000214576721,True,0.0,0.0,0.0,0.32958081364631653,2,8756,0.0,0.0,-0.0,26276,0.0,1.3521205186843872,-0.7112448215484619,0.6186316013336182,1.068175196647644,1.3521205186843872,1.3521205186843872,64,3.481431673732388,1.0,0.23244147840887308,0.0,0.0,0.0,-0.7713942527770996,CityLearnV3MADRLRewardFunction,masac_unified_comparable_v4,E1,-0.0,1907,14.207492405059602,1.0,0.13303879721507267,0.0,8759
10,0.0,0.0,0.0,0.0,Building_15,14,MASAC,0.7900000214576721,True,0.0,0.0,0.0,0.32958081364631653,2,8756,0.0,0.0,-0.0,26276,0.0,15.147623062133789,-0.764352023601532,6.930445671081543,11.966622352600098,15.147623062133789,15.147623062133789,92,3.537725166612636,1.0,0.1676487699151039,0.0,0.0,0.0,-0.7713942527770996,CityLearnV3MADRLRewardFunction,masac_unified_comparable_v4,E1,-0.0,1907,14.207492405059602,1.0,0.13303879721507267,0.0,8759
13,0.0,0.0,0.0,0.0,Building_16,15,MASAC,0.7900000214576721,True,0.0,0.0,0.0,0.32958081364631653,2,8756,0.0,0.0,-0.0,26276,0.0,11.957420349121094,-0.7537760734558105,5.470841884613037,9.446362495422363,11.957420349121094,11.957420349121094,113,3.4180946541263317,1.0,0.1294036486507517,0.0,0.0,0.0,-0.7713942527770996,CityLearnV3MADRLRewardFunction,masac_unified_comparable_v4,E1,-0.0,1907,14.207492405059602,1.0,0.13303879721507267,0.0,8759
13,0.0,0.0,0.0,0.0,Building_17,16,MASAC,0.7900000214576721,True,0.0,0.0,0.0,0.32958081364631653,2,8756,0.0,0.0,-0.0,26276,0.0,23.087642669677734,-0.7790604829788208,10.56321907043457,18.239238739013672,23.087642669677734,23.087642669677734,113,3.3554331678939135,1.0,0.12938653262315597,0.0,0.0,0.0,-0.7713942527770996,CityLearnV3MADRLRewardFunction,masac_unified_comparable_v4,E1,-0.0,1907,14.207492405059602,1.0,0.13303879721507267,0.0,8759
6,0.0,0.0,0.0,0.0,Building_1,0,MASAC,0.7900000214576721,False,0.0,0.0,0.0,0.5249574780464172,3,0,0.0,0.0,-0.0,26280,-0.0,0.0,-0.5644477605819702,0.0,0.0,0.0,0.0,64,3.4009788176209588,1.0,0.2460350515320897,0.0,0.0,0.0,-0.5113791823387146,CityLearnV3MADRLRewardFunction,masac_unified_comparable_v4,E1,-0.0,1907,14.57108195395659,1.0,0.14538251119067547,0.0,4
8,0.0,0.0,0.0,0.0,Building_2,1,MASAC,0.7900000214576721,False,0.0,0.0,0.0,0.5249574780464172,3,0,0.0,0.0,-0.0,26280,-0.0,0.0,-0.45586222410202026,0.0,0.0,0.0,0.0,78,3.5308862156168104,1.0,0.2054071571582403,0.0,0.0,0.0,-0.5113791823387146,CityLearnV3MADRLRewardFunction,masac_unified_comparable_v4,E1,-0.0,1907,14.57108195395659,1.0,0.14538251119067547,0.0,4
10,0.0,0.0,0.0,0.0,Building_3,2,MASAC,0.7900000214576721,False,0.0,0.0,0.0,0.5249574780464172,3,0,0.0,0.0,-0.0,26280,-0.0,0.0,-0.5261298418045044,0.0,0.0,0.0,0.0,92,3.7395250303836,1.0,0.1958202958592902,0.0,0.0,0.0,-0.5113791823387146,CityLearnV3MADRLRewardFunction,masac_unified_comparable_v4,E1,-0.0,1907,14.57108195395659,1.0,0.14538251119067547,0.0,4
8,0.0,0.0,0.0,0.0,Building_4,3,MASAC,0.7900000214576721,False,0.0,0.0,0.0,0.5249574780464172,3,0,0.0,0.0,-0.0,26280,-0.0,0.0,-0.5085324645042419,0.0,0.0,0.0,0.0,78,3.4610341663414945,1.0,0.20169730025988358,0.0,0.0,0.0,-0.5113791823387146,CityLearnV3MADRLRewardFunction,masac_unified_comparable_v4,E1,-0.0,1907,14.57108195395659,1.0,0.14538251119067547,0.0,4
5,0.0,0.0,0.0,0.0,Building_5,4,MASAC,0.7900000214576721,False,0.0,0.0,0.0,0.5249574780464172,3,0,0.0,0.0,-0.0,26280,-0.0,0.0,-0.5425981283187866,0.0,0.0,0.0,0.0,57,3.566550275234066,1.0,0.2964547288260962,0.0,0.0,0.0,-0.5113791823387146,CityLearnV3MADRLRewardFunction,masac_unified_comparable_v4,E1,-0.0,1907,14.57108195395659,1.0,0.14538251119067547,0.0,4
34,1.0,1.0,0.029411764705882353,0.0,Building_6,5,MASAC,0.7900000214576721,False,0.0,0.0,0.0,0.5249574780464172,3,0,0.0,0.0,-0.0,26280,-0.0,0.0,-0.5597837567329407,0.0,0.0,0.0,0.0,260,3.4469193373202462,1.0,0.06060568956801524,0.0,0.0,0.0,-0.5113791823387146,CityLearnV3MADRLRewardFunction,masac_unified_comparable_v4,E1,-0.0,1907,14.57108195395659,1.0,0.14538251119067547,0.0,4
44,0.0,0.0,0.0,0.0,Building_7,6,MASAC,0.7900000214576721,False,0.0,0.0,0.0,0.5249574780464172,3,0,0.0,0.0,-0.0,26280,-0.0,0.0,-0.46150314807891846,0.0,0.0,0.0,0.0,330,3.512168149195396,1.0,0.048383589134071814,0.0,0.0,0.0,-0.5113791823387146,CityLearnV3MADRLRewardFunction,masac_unified_comparable_v4,E1,-0.0,1907,14.57108195395659,1.0,0.14538251119067547,0.0,4
19,1.0,0.0,-0.05263157894736842,-1.0,Building_8,7,MASAC,0.7900000214576721,False,0.0,0.0,0.0,0.5249574780464172,3,0,0.0,0.0,-0.0,26280,-0.0,0.0,-0.5091346502304077,0.0,0.0,0.0,0.0,155,3.4955296751874365,1.0,0.10176716312285393,0.0,0.0,0.0,-0.5113791823387146,CityLearnV3MADRLRewardFunction,masac_unified_comparable_v4,E1,-0.0,1907,14.57108195395659,1.0,0.14538251119067547,0.0,4
12,0.0,0.0,0.0,0.0,Building_9,8,MASAC,0.7900000214576721,False,0.0,0.0,0.0,0.5249574780464172,3,0,0.0,0.0,-0.0,26280,-0.0,0.0,-0.46462303400039673,0.0,0.0,0.0,0.0,106,3.6445268610326935,1.0,0.16132721874230313,0.0,0.0,0.0,-0.5113791823387146,CityLearnV3MADRLRewardFunction,masac_unified_comparable_v4,E1,-0.0,1907,14.57108195395659,1.0,0.14538251119067547,0.0,4
8,0.0,0.0,0.0,0.0,Building_10,9,MASAC,0.7900000214576721,False,0.0,0.0,0.0,0.5249574780464172,3,0,0.0,0.0,-0.0,26280,-0.0,0.0,-0.5316526889801025,0.0,0.0,0.0,0.0,78,3.485860491579366,1.0,0.20364292051929694,0.0,0.0,0.0,-0.5113791823387146,CityLearnV3MADRLRewardFunction,masac_unified_comparable_v4,E1,-0.0,1907,14.57108195395659,1.0,0.14538251119067547,0.0,4
5,0.0,0.0,0.0,0.0,Building_11,10,MASAC,0.7900000214576721,False,0.0,0.0,0.0,0.5249574780464172,3,0,0.0,0.0,-0.0,26280,-0.0,0.0,-0.5472487211227417,0.0,0.0,0.0,0.0,57,3.5991576207831226,1.0,0.2939879204097547,0.0,0.0,0.0,-0.5113791823387146,CityLearnV3MADRLRewardFunction,masac_unified_comparable_v4,E1,-0.0,1907,14.57108195395659,1.0,0.14538251119067547,0.0,4
5,0.0,0.0,0.0,0.0,Building_12,11,MASAC,0.7900000214576721,False,0.0,0.0,0.0,0.5249574780464172,3,0,0.0,0.0,-0.0,26280,-0.0,0.0,-0.5599490404129028,0.0,0.0,0.0,0.0,57,3.627005658122947,1.0,0.3035295711536157,0.0,0.0,0.0,-0.5113791823387146,CityLearnV3MADRLRewardFunction,masac_unified_comparable_v4,E1,-0.0,1907,14.57108195395659,1.0,0.14538251119067547,0.0,4
13,0.0,0.0,0.0,0.0,Building_13,12,MASAC,0.7900000214576721,False,0.0,0.0,0.0,0.5249574780464172,3,0,0.0,0.0,-0.0,26280,-0.0,0.0,-0.45767995715141296,0.0,0.0,0.0,0.0,113,3.5171484511200872,1.0,0.14145242798644886,0.0,0.0,0.0,-0.5113791823387146,CityLearnV3MADRLRewardFunction,masac_unified_comparable_v4,E1,-0.0,1907,14.57108195395659,1.0,0.14538251119067547,0.0,4
6,1.0,1.0,0.16666666666666666,0.0,Building_14,13,MASAC,0.7900000214576721,False,0.0,0.0,0.0,0.5249574780464172,3,0,0.0,0.0,-0.0,26280,-0.0,0.0,-0.4609663784503937,0.0,0.0,0.0,0.0,64,3.4951910157259336,1.0,0.24839501036331058,0.0,0.0,0.0,-0.5113791823387146,CityLearnV3MADRLRewardFunction,masac_unified_comparable_v4,E1,-0.0,1907,14.57108195395659,1.0,0.14538251119067547,0.0,4
10,1.0,1.0,0.1,0.0,Building_15,14,MASAC,0.7900000214576721,False,0.0,0.0,0.0,0.5249574780464172,3,0,0.0,0.0,-0.0,26280,-0.0,0.0,-0.46625977754592896,0.0,0.0,0.0,0.0,92,3.5287396427483153,1.0,0.17468527113289936,0.0,0.0,0.0,-0.5113791823387146,CityLearnV3MADRLRewardFunction,masac_unified_comparable_v4,E1,-0.0,1907,14.57108195395659,1.0,0.14538251119067547,0.0,4
13,0.0,0.0,0.0,0.0,Building_16,15,MASAC,0.7900000214576721,False,0.0,0.0,0.0,0.5249574780464172,3,0,0.0,0.0,-0.0,26280,-0.0,0.0,-0.5467330813407898,0.0,0.0,0.0,0.0,113,3.4240039561630997,1.0,0.1380073760463073,0.0,0.0,0.0,-0.5113791823387146,CityLearnV3MADRLRewardFunction,masac_unified_comparable_v4,E1,-0.0,1907,14.57108195395659,1.0,0.14538251119067547,0.0,4
13,0.0,0.0,0.0,0.0,Building_17,16,MASAC,0.7900000214576721,False,0.0,0.0,0.0,0.5249574780464172,3,0,0.0,0.0,-0.0,26280,-0.0,0.0,-0.5303409099578857,0.0,0.0,0.0,0.0,113,3.585919451861246,1.0,0.14816003226864655,0.0,0.0,0.0,-0.5113791823387146,CityLearnV3MADRLRewardFunction,masac_unified_comparable_v4,E1,-0.0,1907,14.57108195395659,1.0,0.14538251119067547,0.0,4
6,0.0,0.0,0.0,0.0,Building_1,0,MASAC,0.7900000214576721,True,0.0,0.0,0.0,0.28695225715637207,3,8755,0.0,0.0,-0.0,35035,0.0,433.45458984375,-0.8421932458877563,172.66647338867188,342.42913818359375,433.45458984375,433.45458984375,64,3.3230299480449403,1.0,0.2205403366824612,0.0,0.0,0.0,-0.8051746487617493,CityLearnV3MADRLRewardFunction,masac_unified_comparable_v4,E1,-0.0,1907,13.834156555243394,1.0,0.12740424355686367,0.0,8759
8,0.0,0.0,0.0,0.0,Building_2,1,MASAC,0.7900000214576721,True,0.0,0.0,0.0,0.28695225715637207,3,8755,0.0,0.0,-0.0,35035,0.0,15.16435432434082,-0.7875682711601257,6.040714740753174,11.979840278625488,15.16435432434082,15.16435432434082,78,3.321769061593671,1.0,0.18108480662489548,0.0,0.0,0.0,-0.8051746487617493,CityLearnV3MADRLRewardFunction,masac_unified_comparable_v4,E1,-0.0,1907,13.834156555243394,1.0,0.12740424355686367,0.0,8759
10,0.0,0.0,0.0,0.0,Building_3,2,MASAC,0.7900000214576721,True,0.0,0.0,0.0,0.28695225715637207,3,8755,0.0,0.0,-0.0,35035,0.0,94.53981018066406,-0.8371323347091675,37.65989685058594,74.68645477294922,94.53981018066406,94.53981018066406,92,3.299317684419621,1.0,0.15067988528829554,0.0,0.0,0.0,-0.8051746487617493,CityLearnV3MADRLRewardFunction,masac_unified_comparable_v4,E1,-0.0,1907,13.834156555243394,1.0,0.12740424355686367,0.0,8759
8,0.0,0.0,0.0,0.0,Building_4,3,MASAC,0.7900000214576721,True,0.0,0.0,0.0,0.28695225715637207,3,8755,0.0,0.0,-0.0,35035,0.0,31.04317283630371,-0.8190679550170898,12.366035461425781,24.524106979370117,31.04317283630371,31.04317283630371,78,3.315346649586074,1.0,0.17836953842869172,0.0,0.0,0.0,-0.8051746487617493,CityLearnV3MADRLRewardFunction,masac_unified_comparable_v4,E1,-0.0,1907,13.834156555243394,1.0,0.12740424355686367,0.0,8759
5,0.0,0.0,0.0,0.0,Building_5,4,MASAC,0.7900000214576721,True,0.0,0.0,0.0,0.28695225715637207,3,8755,0.0,0.0,-0.0,35035,0.0,38.538970947265625,-0.8622130155563354,15.351984024047852,30.44578742980957,38.538970947265625,38.538970947265625,57,3.578126052709051,1.0,0.2891932701071103,0.0,0.0,0.0,-0.8051746487617493,CityLearnV3MADRLRewardFunction,masac_unified_comparable_v4,E1,-0.0,1907,13.834156555243394,1.0,0.12740424355686367,0.0,8759
34,0.0,0.0,0.0,0.0,Building_6,5,MASAC,0.7900000214576721,True,0.0,0.0,0.0,0.28695225715637207,3,8755,0.0,0.0,-0.0,35035,0.0,362.8901062011719,-0.8421893119812012,144.55712890625,286.6831970214844,362.8901062011719,362.8901062011719,260,3.32321890985389,1.0,0.053563125632130185,0.0,0.0,0.0,-0.8051746487617493,CityLearnV3MADRLRewardFunction,masac_unified_comparable_v4,E1,-0.0,1907,13.834156555243394,1.0,0.12740424355686367,0.0,8759
44,1.0,1.0,0.022727272727272728,0.0,Building_7,6,MASAC,0.7900000214576721,True,0.0,0.0,0.0,0.28695225715637207,3,8755,0.0,0.0,-0.0,35035,0.0,12.664111137390137,-0.7794483304023743,5.044743537902832,10.004648208618164,12.664111137390137,12.664111137390137,330,3.259606107295405,1.0,0.04115056237488082,0.0,0.0,0.0,-0.8051746487617493,CityLearnV3MADRLRewardFunction,masac_unified_comparable_v4,E1,-0.0,1907,13.834156555243394,1.0,0.12740424355686367,0.0,8759
19,0.0,0.0,0.0,0.0,Building_8,7,MASAC,0.7900000214576721,True,0.0,0.0,0.0,0.28695225715637207,3,8755,0.0,0.0,-0.0,35035,0.0,12.065996170043945,-0.7800853848457336,4.806484699249268,9.532136917114258,12.065996170043945,12.065996170043945,155,3.4614762089440996,1.0,0.0958147433015608,0.0,0.0,0.0,-0.8051746487617493,CityLearnV3MADRLRewardFunction,masac_unified_comparable_v4,E1,-0.0,1907,13.834156555243394,1.0,0.12740424355686367,0.0,8759
12,0.0,0.0,0.0,0.0,Building_9,8,MASAC,0.7900000214576721,True,0.0,0.0,0.0,0.28695225715637207,3,8755,0.0,0.0,-0.0,35035,0.0,2.290161371231079,-0.7239484786987305,0.9122849106788635,1.8092275857925415,2.290161371231079,2.290161371231079,106,3.6491433776209243,1.0,0.15569470141012715,0.0,0.0,0.0,-0.8051746487617493,CityLearnV3MADRLRewardFunction,masac_unified_comparable_v4,E1,-0.0,1907,13.834156555243394,1.0,0.12740424355686367,0.0,8759
8,0.0,0.0,0.0,0.0,Building_10,9,MASAC,0.7900000214576721,True,0.0,0.0,0.0,0.28695225715637207,3,8755,0.0,0.0,-0.0,35035,0.0,51.649574279785156,-0.8280029296875,20.574588775634766,40.803165435791016,51.649574279785156,51.649574279785156,78,3.2941831635513212,1.0,0.17915830159416565,0.0,0.0,0.0,-0.8051746487617493,CityLearnV3MADRLRewardFunction,masac_unified_comparable_v4,E1,-0.0,1907,13.834156555243394,1.0,0.12740424355686367,0.0,8759
5,1.0,1.0,0.2,0.0,Building_11,10,MASAC,0.7900000214576721,True,0.0,0.0,0.0,0.28695225715637207,3,8755,0.0,0.0,-0.0,35035,0.0,71.54803466796875,-0.8329454660415649,28.501131057739258,56.52294921875,71.54803466796875,71.54803466796875,57,3.318133248205849,1.0,0.24507544509935797,0.0,0.0,0.0,-0.8051746487617493,CityLearnV3MADRLRewardFunction,masac_unified_comparable_v4,E1,-0.0,1907,13.834156555243394,1.0,0.12740424355686367,0.0,8759
5,0.0,0.0,0.0,0.0,Building_12,11,MASAC,0.7900000214576721,True,0.0,0.0,0.0,0.28695225715637207,3,8755,0.0,0.0,-0.0,35035,0.0,215.11593627929688,-0.8403593897819519,85.69135284423828,169.94158935546875,215.11593627929688,215.11593627929688,57,3.255702768344471,1.0,0.24349622336918847,0.0,0.0,0.0,-0.8051746487617493,CityLearnV3MADRLRewardFunction,masac_unified_comparable_v4,E1,-0.0,1907,13.834156555243394,1.0,0.12740424355686367,0.0,8759
13,0.0,0.0,0.0,0.0,Building_13,12,MASAC,0.7900000214576721,True,0.0,0.0,0.0,0.28695225715637207,3,8755,0.0,0.0,-0.0,35035,0.0,2.033022403717041,-0.7398795485496521,0.8098536729812622,1.6060876846313477,2.033022403717041,2.033022403717041,113,3.2769165411838284,1.0,0.12083660257337368,0.0,0.0,0.0,-0.8051746487617493,CityLearnV3MADRLRewardFunction,masac_unified_comparable_v4,E1,-0.0,1907,13.834156555243394,1.0,0.12740424355686367,0.0,8759
6,0.0,0.0,0.0,0.0,Building_14,13,MASAC,0.7900000214576721,True,0.0,0.0,0.0,0.28695225715637207,3,8755,0.0,0.0,-0.0,35035,0.0,2.6149511337280273,-0.7427593469619751,1.041664719581604,2.0658113956451416,2.6149511337280273,2.6149511337280273,64,3.3805825358584936,1.0,0.22121686057653278,0.0,0.0,0.0,-0.8051746487617493,CityLearnV3MADRLRewardFunction,masac_unified_comparable_v4,E1,-0.0,1907,13.834156555243394,1.0,0.12740424355686367,0.0,8759
10,0.0,0.0,0.0,0.0,Building_15,14,MASAC,0.7900000214576721,True,0.0,0.0,0.0,0.28695225715637207,3,8755,0.0,0.0,-0.0,35035,0.0,19.521480560302734,-0.7992690205574036,7.776374340057373,15.42197036743164,19.521480560302734,19.521480560302734,92,3.383549664372111,1.0,0.15801824394451536,0.0,0.0,0.0,-0.8051746487617493,CityLearnV3MADRLRewardFunction,masac_unified_comparable_v4,E1,-0.0,1907,13.834156555243394,1.0,0.12740424355686367,0.0,8759
13,0.0,0.0,0.0,0.0,Building_16,15,MASAC,0.7900000214576721,True,0.0,0.0,0.0,0.28695225715637207,3,8755,0.0,0.0,-0.0,35035,0.0,54.89390563964844,-0.8238253593444824,21.866966247558594,43.366188049316406,54.89390563964844,54.89390563964844,113,3.21877895076503,1.0,0.11833333718565713,0.0,0.0,0.0,-0.8051746487617493,CityLearnV3MADRLRewardFunction,masac_unified_comparable_v4,E1,-0.0,1907,13.834156555243394,1.0,0.12740424355686367,0.0,8759
13,0.0,0.0,0.0,0.0,Building_17,16,MASAC,0.7900000214576721,True,0.0,0.0,0.0,0.28695225715637207,3,8755,0.0,0.0,-0.0,35035,0.0,22.46647071838379,-0.8070808053016663,8.949509620666504,17.748512268066406,22.46647071838379,22.46647071838379,113,3.350164822896554,1.0,0.12438576114652432,0.0,0.0,0.0,-0.8051746487617493,CityLearnV3MADRLRewardFunction,masac_unified_comparable_v4,E1,-0.0,1907,13.834156555243394,1.0,0.12740424355686367,0.0,8759
6,0.0,0.0,0.0,0.0,Building_1,0,MASAC,0.7900000214576721,False,0.0,0.0,0.0,0.4838186204433441,4,0,0.0,0.0,-0.0,35040,-0.0,0.0,-0.6336833834648132,0.0,0.0,0.0,0.0,64,3.225349326524503,1.0,0.2257526058529038,0.0,0.0,0.0,-0.5818661451339722,CityLearnV3MADRLRewardFunction,masac_unified_comparable_v4,E1,-0.0,1907,14.008395494080993,1.0,0.13639309115543782,0.0,5
8,0.0,0.0,0.0,0.0,Building_2,1,MASAC,0.7900000214576721,False,0.0,0.0,0.0,0.4838186204433441,4,0,0.0,0.0,-0.0,35040,-0.0,0.0,-0.5280543565750122,0.0,0.0,0.0,0.0,78,3.363963860648288,1.0,0.1887652218962709,0.0,0.0,0.0,-0.5818661451339722,CityLearnV3MADRLRewardFunction,masac_unified_comparable_v4,E1,-0.0,1907,14.008395494080993,1.0,0.13639309115543782,0.0,5
10,1.0,1.0,0.1,0.0,Building_3,2,MASAC,0.7900000214576721,False,0.0,0.0,0.0,0.4838186204433441,4,0,0.0,0.0,-0.0,35040,-0.0,0.0,-0.6174876093864441,0.0,0.0,0.0,0.0,92,3.695980226355933,1.0,0.19702742485653446,0.0,0.0,0.0,-0.5818661451339722,CityLearnV3MADRLRewardFunction,masac_unified_comparable_v4,E1,-0.0,1907,14.008395494080993,1.0,0.13639309115543782,0.0,5
8,0.0,0.0,0.0,0.0,Building_4,3,MASAC,0.7900000214576721,False,0.0,0.0,0.0,0.4838186204433441,4,0,0.0,0.0,-0.0,35040,-0.0,0.0,-0.5740194916725159,0.0,0.0,0.0,0.0,78,3.2899398559103936,1.0,0.18500164745805356,0.0,0.0,0.0,-0.5818661451339722,CityLearnV3MADRLRewardFunction,masac_unified_comparable_v4,E1,-0.0,1907,14.008395494080993,1.0,0.13639309115543782,0.0,5
5,0.0,0.0,0.0,0.0,Building_5,4,MASAC,0.7900000214576721,False,0.0,0.0,0.0,0.4838186204433441,4,0,0.0,0.0,-0.0,35040,-0.0,0.0,-0.611057698726654,0.0,0.0,0.0,0.0,57,3.4077173021090936,1.0,0.27543724462259234,0.0,0.0,0.0,-0.5818661451339722,CityLearnV3MADRLRewardFunction,masac_unified_comparable_v4,E1,-0.0,1907,14.008395494080993,1.0,0.13639309115543782,0.0,5
34,1.0,1.0,0.029411764705882353,0.0,Building_6,5,MASAC,0.7900000214576721,False,0.0,0.0,0.0,0.4838186204433441,4,0,0.0,0.0,-0.0,35040,-0.0,0.0,-0.628683865070343,0.0,0.0,0.0,0.0,260,3.2747511406188026,1.0,0.05556422438329229,0.0,0.0,0.0,-0.5818661451339722,CityLearnV3MADRLRewardFunction,masac_unified_comparable_v4,E1,-0.0,1907,14.008395494080993,1.0,0.13639309115543782,0.0,5
44,1.0,1.0,0.022727272727272728,0.0,Building_7,6,MASAC,0.7900000214576721,False,0.0,0.0,0.0,0.4838186204433441,4,0,0.0,0.0,-0.0,35040,-0.0,0.0,-0.5504630208015442,0.0,0.0,0.0,0.0,330,3.343200315837976,1.0,0.04456636558540843,0.0,0.0,0.0,-0.5818661451339722,CityLearnV3MADRLRewardFunction,masac_unified_comparable_v4,E1,-0.0,1907,14.008395494080993,1.0,0.13639309115543782,0.0,5
19,0.0,0.0,0.0,0.0,Building_8,7,MASAC,0.7900000214576721,False,0.0,0.0,0.0,0.4838186204433441,4,0,0.0,0.0,-0.0,35040,-0.0,0.0,-0.5286622643470764,0.0,0.0,0.0,0.0,155,3.3605712142802533,1.0,0.09496932694267841,0.0,0.0,0.0,-0.5818661451339722,CityLearnV3MADRLRewardFunction,masac_unified_comparable_v4,E1,-0.0,1907,14.008395494080993,1.0,0.13639309115543782,0.0,5
12,0.0,0.0,0.0,0.0,Building_9,8,MASAC,0.7900000214576721,False,0.0,0.0,0.0,0.4838186204433441,4,0,0.0,0.0,-0.0,35040,-0.0,0.0,-0.5355638265609741,0.0,0.0,0.0,0.0,106,3.4432752853633155,1.0,0.14646994921747805,0.0,0.0,0.0,-0.5818661451339722,CityLearnV3MADRLRewardFunction,masac_unified_comparable_v4,E1,-0.0,1907,14.008395494080993,1.0,0.13639309115543782,0.0,5
8,0.0,0.0,0.0,0.0,Building_10,9,MASAC,0.7900000214576721,False,0.0,0.0,0.0,0.4838186204433441,4,0,0.0,0.0,-0.0,35040,-0.0,0.0,-0.6111321449279785,0.0,0.0,0.0,0.0,78,3.2918498075273477,1.0,0.18495023482216474,0.0,0.0,0.0,-0.5818661451339722,CityLearnV3MADRLRewardFunction,masac_unified_comparable_v4,E1,-0.0,1907,14.008395494080993,1.0,0.13639309115543782,0.0,5
5,0.0,0.0,0.0,0.0,Building_11,10,MASAC,0.7900000214576721,False,0.0,0.0,0.0,0.4838186204433441,4,0,0.0,0.0,-0.0,35040,-0.0,0.0,-0.6211356520652771,0.0,0.0,0.0,0.0,57,3.6094177329305266,1.0,0.2958195930052745,0.0,0.0,0.0,-0.5818661451339722,CityLearnV3MADRLRewardFunction,masac_unified_comparable_v4,E1,-0.0,1907,14.008395494080993,1.0,0.13639309115543782,0.0,5
5,0.0,0.0,0.0,0.0,Building_12,11,MASAC,0.7900000214576721,False,0.0,0.0,0.0,0.4838186204433441,4,0,0.0,0.0,-0.0,35040,-0.0,0.0,-0.628875195980072,0.0,0.0,0.0,0.0,57,3.5651375588279177,1.0,0.29248023284762575,0.0,0.0,0.0,-0.5818661451339722,CityLearnV3MADRLRewardFunction,masac_unified_comparable_v4,E1,-0.0,1907,14.008395494080993,1.0,0.13639309115543782,0.0,5
13,0.0,0.0,0.0,0.0,Building_13,12,MASAC,0.7900000214576721,False,0.0,0.0,0.0,0.4838186204433441,4,0,0.0,0.0,-0.0,35040,-0.0,0.0,-0.5279753804206848,0.0,0.0,0.0,0.0,113,3.348825258662204,1.0,0.12991866906198252,0.0,0.0,0.0,-0.5818661451339722,CityLearnV3MADRLRewardFunction,masac_unified_comparable_v4,E1,-0.0,1907,14.008395494080993,1.0,0.13639309115543782,0.0,5
6,1.0,1.0,0.16666666666666666,0.0,Building_14,13,MASAC,0.7900000214576721,False,0.0,0.0,0.0,0.4838186204433441,4,0,0.0,0.0,-0.0,35040,-0.0,0.0,-0.5319676995277405,0.0,0.0,0.0,0.0,64,3.450405890028905,1.0,0.24551812213030644,0.0,0.0,0.0,-0.5818661451339722,CityLearnV3MADRLRewardFunction,masac_unified_comparable_v4,E1,-0.0,1907,14.008395494080993,1.0,0.13639309115543782,0.0,5
10,0.0,0.0,0.0,0.0,Building_15,14,MASAC,0.7900000214576721,False,0.0,0.0,0.0,0.4838186204433441,4,0,0.0,0.0,-0.0,35040,-0.0,0.0,-0.5520359873771667,0.0,0.0,0.0,0.0,92,3.3687385319093637,1.0,0.16209052715693478,0.0,0.0,0.0,-0.5818661451339722,CityLearnV3MADRLRewardFunction,masac_unified_comparable_v4,E1,-0.0,1907,14.008395494080993,1.0,0.13639309115543782,0.0,5
13,0.0,0.0,0.0,0.0,Building_16,15,MASAC,0.7900000214576721,False,0.0,0.0,0.0,0.4838186204433441,4,0,0.0,0.0,-0.0,35040,-0.0,0.0,-0.6125873327255249,0.0,0.0,0.0,0.0,113,3.243816950087256,1.0,0.12608651950361982,0.0,0.0,0.0,-0.5818661451339722,CityLearnV3MADRLRewardFunction,masac_unified_comparable_v4,E1,-0.0,1907,14.008395494080993,1.0,0.13639309115543782,0.0,5
13,0.0,0.0,0.0,0.0,Building_17,16,MASAC,0.7900000214576721,False,0.0,0.0,0.0,0.4838186204433441,4,0,0.0,0.0,-0.0,35040,-0.0,0.0,-0.5983396172523499,0.0,0.0,0.0,0.0,113,3.4356772930742827,1.0,0.13947127372092377,0.0,0.0,0.0,-0.5818661451339722,CityLearnV3MADRLRewardFunction,masac_unified_comparable_v4,E1,-0.0,1907,14.008395494080993,1.0,0.13639309115543782,0.0,5
6,1.0,1.0,0.16666666666666666,0.0,Building_1,0,MASAC,0.7900000214576721,True,0.0,0.0,0.0,0.5087285041809082,4,8754,0.0,0.0,-0.0,43794,0.0,446.8856201171875,-0.8320276737213135,292.48785400390625,353.0396423339844,446.8856201171875,446.8856201171875,64,3.523909388299566,1.0,0.25035776384174824,0.0,0.0,0.0,-0.7913832068443298,CityLearnV3MADRLRewardFunction,masac_unified_comparable_v4,E1,-0.0,1907,14.613771470531734,1.0,0.14364911588109097,0.0,8759
8,0.0,0.0,0.0,0.0,Building_2,1,MASAC,0.7900000214576721,True,0.0,0.0,0.0,0.5087285041809082,4,8754,0.0,0.0,-0.0,43794,0.0,5.618855953216553,-0.7456521987915039,2.9754133224487305,4.438896179199219,5.618855953216553,5.618855953216553,78,3.4889965120210253,1.0,0.19896263610094023,0.0,0.0,0.0,-0.7913832068443298,CityLearnV3MADRLRewardFunction,masac_unified_comparable_v4,E1,-0.0,1907,14.613771470531734,1.0,0.14364911588109097,0.0,8759
10,0.0,0.0,0.0,0.0,Building_3,2,MASAC,0.7900000214576721,True,0.0,0.0,0.0,0.5087285041809082,4,8754,0.0,0.0,-0.0,43794,0.0,98.17061614990234,-0.8160693049430847,61.66434860229492,77.5547866821289,98.17061614990234,98.17061614990234,92,3.4034202252966317,1.0,0.16433952651593997,0.0,0.0,0.0,-0.7913832068443298,CityLearnV3MADRLRewardFunction,masac_unified_comparable_v4,E1,-0.0,1907,14.613771470531734,1.0,0.14364911588109097,0.0,8759
8,0.0,0.0,0.0,0.0,Building_4,3,MASAC,0.7900000214576721,True,0.0,0.0,0.0,0.5087285041809082,4,8754,0.0,0.0,-0.0,43794,0.0,28.84416961669922,-0.8081891536712646,15.775371551513672,22.786893844604492,28.84416961669922,28.84416961669922,78,3.52639737538836,1.0,0.2030674200027417,0.0,0.0,0.0,-0.7913832068443298,CityLearnV3MADRLRewardFunction,masac_unified_comparable_v4,E1,-0.0,1907,14.613771470531734,1.0,0.14364911588109097,0.0,8759
5,0.0,0.0,0.0,0.0,Building_5,4,MASAC,0.7900000214576721,True,0.0,0.0,0.0,0.5087285041809082,4,8754,0.0,0.0,-0.0,43794,0.0,37.89287567138672,-0.8453742265701294,21.76494598388672,29.935373306274414,37.89287567138672,37.89287567138672,57,3.6087512788615794,1.0,0.3040326729155423,0.0,0.0,0.0,-0.7913832068443298,CityLearnV3MADRLRewardFunction,masac_unified_comparable_v4,E1,-0.0,1907,14.613771470531734,1.0,0.14364911588109097,0.0,8759
34,0.0,0.0,0.0,0.0,Building_6,5,MASAC,0.7900000214576721,True,0.0,0.0,0.0,0.5087285041809082,4,8754,0.0,0.0,-0.0,43794,0.0,350.8894348144531,-0.8258354663848877,228.94549560546875,277.2026672363281,350.8894348144531,350.8894348144531,260,3.382718047432757,1.0,0.05775405655686672,0.0,0.0,0.0,-0.7913832068443298,CityLearnV3MADRLRewardFunction,masac_unified_comparable_v4,E1,-0.0,1907,14.613771470531734,1.0,0.14364911588109097,0.0,8759
44,0.0,0.0,0.0,0.0,Building_7,6,MASAC,0.7900000214576721,True,0.0,0.0,0.0,0.5087285041809082,4,8754,0.0,0.0,-0.0,43794,0.0,18.66022491455078,-0.7897789478302002,9.881349563598633,14.741578102111816,18.66022491455078,18.66022491455078,330,3.5449567775047592,1.0,0.04883411833734223,0.0,0.0,0.0,-0.7913832068443298,CityLearnV3MADRLRewardFunction,masac_unified_comparable_v4,E1,-0.0,1907,14.613771470531734,1.0,0.14364911588109097,0.0,8759
19,0.0,0.0,0.0,0.0,Building_8,7,MASAC,0.7900000214576721,True,0.0,0.0,0.0,0.5087285041809082,4,8754,0.0,0.0,-0.0,43794,0.0,19.251495361328125,-0.7892952561378479,10.194452285766602,15.2086820602417,19.251495361328125,19.251495361328125,155,3.624615127977414,1.0,0.10691966606724647,0.0,0.0,0.0,-0.7913832068443298,CityLearnV3MADRLRewardFunction,masac_unified_comparable_v4,E1,-0.0,1907,14.613771470531734,1.0,0.14364911588109097,0.0,8759
12,0.0,0.0,0.0,0.0,Building_9,8,MASAC,0.7900000214576721,True,0.0,0.0,0.0,0.5087285041809082,4,8754,0.0,0.0,-0.0,43794,0.0,2.4506425857543945,-0.7149800062179565,1.297715187072754,1.9360077381134033,2.4506425857543945,2.4506425857543945,106,3.815367662226663,1.0,0.17490457673117799,0.0,0.0,0.0,-0.7913832068443298,CityLearnV3MADRLRewardFunction,masac_unified_comparable_v4,E1,-0.0,1907,14.613771470531734,1.0,0.14364911588109097,0.0,8759
8,0.0,0.0,0.0,0.0,Building_10,9,MASAC,0.7900000214576721,True,0.0,0.0,0.0,0.5087285041809082,4,8754,0.0,0.0,-0.0,43794,0.0,34.33414077758789,-0.8134716749191284,19.409326553344727,27.123971939086914,34.33414077758789,34.33414077758789,78,3.5733080197369023,1.0,0.20659207619535616,0.0,0.0,0.0,-0.7913832068443298,CityLearnV3MADRLRewardFunction,masac_unified_comparable_v4,E1,-0.0,1907,14.613771470531734,1.0,0.14364911588109097,0.0,8759
5,0.0,0.0,0.0,0.0,Building_11,10,MASAC,0.7900000214576721,True,0.0,0.0,0.0,0.5087285041809082,4,8754,0.0,0.0,-0.0,43794,0.0,57.917564392089844,-0.8147985339164734,35.019805908203125,45.754878997802734,57.917564392089844,57.917564392089844,57,3.4474206263266796,1.0,0.2695134046830629,0.0,0.0,0.0,-0.7913832068443298,CityLearnV3MADRLRewardFunction,masac_unified_comparable_v4,E1,-0.0,1907,14.613771470531734,1.0,0.14364911588109097,0.0,8759
5,1.0,0.0,-0.2,-1.0,Building_12,11,MASAC,0.7900000214576721,True,-476.11627197265625,0.0,0.0,0.5087285041809082,4,8754,0.0,0.0,-0.0,43794,293.51416015625,0.0,-0.7761451005935669,-155.42771911621094,0.0,-293.51416015625,182.60211181640625,57,3.522429359113082,1.0,0.27797904192355644,0.0,0.0,0.0,-0.7913832068443298,CityLearnV3MADRLRewardFunction,masac_unified_comparable_v4,E1,-0.0,1907,14.613771470531734,1.0,0.14364911588109097,0.0,8759
13,1.0,1.0,0.07692307692307693,0.0,Building_13,12,MASAC,0.7900000214576721,True,0.0,0.0,0.0,0.5087285041809082,4,8754,0.0,0.0,-0.0,43794,0.0,2.789367437362671,-0.7338975667953491,1.4770838022232056,2.2036004066467285,2.789367437362671,2.789367437362671,113,3.56738713544757,1.0,0.14191046040670008,0.0,0.0,0.0,-0.7913832068443298,CityLearnV3MADRLRewardFunction,masac_unified_comparable_v4,E1,-0.0,1907,14.613771470531734,1.0,0.14364911588109097,0.0,8759
6,0.0,0.0,0.0,0.0,Building_14,13,MASAC,0.7900000214576721,True,-2.5098377136600902e-06,0.0,0.0,0.5087285041809082,4,8754,0.0,0.0,-0.0,43794,0.0,2.485823392868042,-0.7325940728187561,1.3163448572158813,1.9638005495071411,2.485823392868042,2.485826015472412,64,3.577017960232652,1.0,0.2508890009485185,0.0,0.0,0.0,-0.7913832068443298,CityLearnV3MADRLRewardFunction,masac_unified_comparable_v4,E1,-0.0,1907,14.613771470531734,1.0,0.14364911588109097,0.0,8759
10,0.0,0.0,0.0,0.0,Building_15,14,MASAC,0.7900000214576721,True,0.0,0.0,0.0,0.5087285041809082,4,8754,0.0,0.0,-0.0,43794,0.0,20.5941162109375,-0.7943015098571777,10.905424118041992,16.269351959228516,20.5941162109375,20.5941162109375,92,3.6220281829869037,1.0,0.18082768632018048,0.0,0.0,0.0,-0.7913832068443298,CityLearnV3MADRLRewardFunction,masac_unified_comparable_v4,E1,-0.0,1907,14.613771470531734,1.0,0.14364911588109097,0.0,8759
13,0.0,0.0,0.0,0.0,Building_16,15,MASAC,0.7900000214576721,True,0.0,0.0,0.0,0.5087285041809082,4,8754,0.0,0.0,-0.0,43794,0.0,103.13050842285156,-0.8290241360664368,64.94742584228516,81.47310638427734,103.13050842285156,103.13050842285156,113,3.574671478987479,1.0,0.1445799852366996,0.0,0.0,0.0,-0.7913832068443298,CityLearnV3MADRLRewardFunction,masac_unified_comparable_v4,E1,-0.0,1907,14.613771470531734,1.0,0.14364911588109097,0.0,8759
13,0.0,0.0,0.0,0.0,Building_17,16,MASAC,0.7900000214576721,True,0.0,0.0,0.0,0.5087285041809082,4,8754,0.0,0.0,-0.0,43794,0.0,21.1981143951416,-0.792078971862793,11.225265502929688,16.746511459350586,21.1981143951416,21.1981143951416,113,3.427194675658694,1.0,0.1369651490080673,0.0,0.0,0.0,-0.7913832068443298,CityLearnV3MADRLRewardFunction,masac_unified_comparable_v4,E1,-0.0,1907,14.613771470531734,1.0,0.14364911588109097,0.0,8759
6,0.0,0.0,0.0,0.0,Building_1,0,MASAC,0.786109983921051,False,0.0,0.0,0.0,0.6572644114494324,5,0,0.0,0.0,-0.0,43800,-0.0,0.0,-0.6137552857398987,0.0,0.0,0.0,0.0,64,3.187025804357742,1.0,0.23638578788086306,0.0,0.0,0.0,-0.5539896488189697,CityLearnV3MADRLRewardFunction,masac_unified_comparable_v4,E1,-0.0,1907,14.03231645638133,1.0,0.14766600623474846,0.0,6
8,0.0,0.0,0.0,0.0,Building_2,1,MASAC,0.786109983921051,False,0.0,0.0,0.0,0.6572644114494324,5,0,0.0,0.0,-0.0,43800,-0.0,0.0,-0.5029026865959167,0.0,0.0,0.0,0.0,78,3.2844472223150674,1.0,0.19554805912029666,0.0,0.0,0.0,-0.5539896488189697,CityLearnV3MADRLRewardFunction,masac_unified_comparable_v4,E1,-0.0,1907,14.03231645638133,1.0,0.14766600623474846,0.0,6
10,0.0,0.0,0.0,0.0,Building_3,2,MASAC,0.786109983921051,False,0.0,0.0,0.0,0.6572644114494324,5,0,0.0,0.0,-0.0,43800,-0.0,0.0,-0.6070716977119446,0.0,0.0,0.0,0.0,92,3.5994526546911163,1.0,0.20146603828660495,0.0,0.0,0.0,-0.5539896488189697,CityLearnV3MADRLRewardFunction,masac_unified_comparable_v4,E1,-0.0,1907,14.03231645638133,1.0,0.14766600623474846,0.0,6
8,0.0,0.0,0.0,0.0,Building_4,3,MASAC,0.786109983921051,False,0.0,0.0,0.0,0.6572644114494324,5,0,0.0,0.0,-0.0,43800,-0.0,0.0,-0.5696679353713989,0.0,0.0,0.0,0.0,78,3.162321890600902,1.0,0.18755468825260416,0.0,0.0,0.0,-0.5539896488189697,CityLearnV3MADRLRewardFunction,masac_unified_comparable_v4,E1,-0.0,1907,14.03231645638133,1.0,0.14766600623474846,0.0,6
5,0.0,0.0,0.0,0.0,Building_5,4,MASAC,0.786109983921051,False,0.0,0.0,0.0,0.6572644114494324,5,0,0.0,0.0,-0.0,43800,-0.0,0.0,-0.5984365344047546,0.0,0.0,0.0,0.0,57,3.397425742107205,1.0,0.29385646045404046,0.0,0.0,0.0,-0.5539896488189697,CityLearnV3MADRLRewardFunction,masac_unified_comparable_v4,E1,-0.0,1907,14.03231645638133,1.0,0.14766600623474846,0.0,6
34,1.0,0.0,-0.029411764705882353,-1.0,Building_6,5,MASAC,0.786109983921051,False,0.0,0.0,0.0,0.6572644114494324,5,0,0.0,0.0,-0.0,43800,-0.0,0.0,-0.6063342094421387,0.0,0.0,0.0,0.0,260,3.1775393461942842,1.0,0.0570095410821243,0.0,0.0,0.0,-0.5539896488189697,CityLearnV3MADRLRewardFunction,masac_unified_comparable_v4,E1,-0.0,1907,14.03231645638133,1.0,0.14766600623474846,0.0,6
44,1.0,1.0,0.022727272727272728,0.0,Building_7,6,MASAC,0.786109983921051,False,0.0,0.0,0.0,0.6572644114494324,5,0,0.0,0.0,-0.0,43800,-0.0,0.0,-0.5031713247299194,0.0,0.0,0.0,0.0,330,3.2644685591756386,1.0,0.04602251983896801,0.0,0.0,0.0,-0.5539896488189697,CityLearnV3MADRLRewardFunction,masac_unified_comparable_v4,E1,-0.0,1907,14.03231645638133,1.0,0.14766600623474846,0.0,6
19,0.0,0.0,0.0,0.0,Building_8,7,MASAC,0.786109983921051,False,0.0,0.0,0.0,0.6572644114494324,5,0,0.0,0.0,-0.0,43800,-0.0,0.0,-0.5030028820037842,0.0,0.0,0.0,0.0,155,3.27926266815769,1.0,0.09830044721283258,0.0,0.0,0.0,-0.5539896488189697,CityLearnV3MADRLRewardFunction,masac_unified_comparable_v4,E1,-0.0,1907,14.03231645638133,1.0,0.14766600623474846,0.0,6
12,0.0,0.0,0.0,0.0,Building_9,8,MASAC,0.786109983921051,False,0.0,0.0,0.0,0.6572644114494324,5,0,0.0,0.0,-0.0,43800,-0.0,0.0,-0.5153050422668457,0.0,0.0,0.0,0.0,106,3.320715612969325,1.0,0.14986857992403632,0.0,0.0,0.0,-0.5539896488189697,CityLearnV3MADRLRewardFunction,masac_unified_comparable_v4,E1,-0.0,1907,14.03231645638133,1.0,0.14766600623474846,0.0,6
8,0.0,0.0,0.0,0.0,Building_10,9,MASAC,0.786109983921051,False,0.0,0.0,0.0,0.6572644114494324,5,0,0.0,0.0,-0.0,43800,-0.0,0.0,-0.5281412601470947,0.0,0.0,0.0,0.0,78,3.23593107731209,1.0,0.19333964101492596,0.0,0.0,0.0,-0.5539896488189697,CityLearnV3MADRLRewardFunction,masac_unified_comparable_v4,E1,-0.0,1907,14.03231645638133,1.0,0.14766600623474846,0.0,6
5,0.0,0.0,0.0,0.0,Building_11,10,MASAC,0.786109983921051,False,0.0,0.0,0.0,0.6572644114494324,5,0,0.0,0.0,-0.0,43800,-0.0,0.0,-0.5962271094322205,0.0,0.0,0.0,0.0,57,3.8056325052953976,1.0,0.3577375523582624,0.0,0.0,0.0,-0.5539896488189697,CityLearnV3MADRLRewardFunction,masac_unified_comparable_v4,E1,-0.0,1907,14.03231645638133,1.0,0.14766600623474846,0.0,6
5,0.0,0.0,0.0,0.0,Building_12,11,MASAC,0.786109983921051,False,0.0,0.0,0.0,0.6572644114494324,5,0,0.0,0.0,-0.0,43800,-0.0,0.0,-0.608847975730896,0.0,0.0,0.0,0.0,57,3.8912843401398813,1.0,0.3697073924142802,0.0,0.0,0.0,-0.5539896488189697,CityLearnV3MADRLRewardFunction,masac_unified_comparable_v4,E1,-0.0,1907,14.03231645638133,1.0,0.14766600623474846,0.0,6
13,0.0,0.0,0.0,0.0,Building_13,12,MASAC,0.786109983921051,False,0.0,0.0,0.0,0.6572644114494324,5,0,0.0,0.0,-0.0,43800,-0.0,0.0,-0.5030367374420166,0.0,0.0,0.0,0.0,113,3.2715890985948293,1.0,0.1346675186805361,0.0,0.0,0.0,-0.5539896488189697,CityLearnV3MADRLRewardFunction,masac_unified_comparable_v4,E1,-0.0,1907,14.03231645638133,1.0,0.14766600623474846,0.0,6
6,0.0,0.0,0.0,0.0,Building_14,13,MASAC,0.786109983921051,False,0.0,0.0,0.0,0.6572644114494324,5,0,0.0,0.0,-0.0,43800,-0.0,0.0,-0.5096768736839294,0.0,0.0,0.0,0.0,64,3.9693707685605304,1.0,0.34233012195909396,0.0,0.0,0.0,-0.5539896488189697,CityLearnV3MADRLRewardFunction,masac_unified_comparable_v4,E1,-0.0,1907,14.03231645638133,1.0,0.14766600623474846,0.0,6
10,0.0,0.0,0.0,0.0,Building_15,14,MASAC,0.786109983921051,False,0.0,0.0,0.0,0.6572644114494324,5,0,0.0,0.0,-0.0,43800,-0.0,0.0,-0.5081911087036133,0.0,0.0,0.0,0.0,92,3.313656209317796,1.0,0.16800284736951732,0.0,0.0,0.0,-0.5539896488189697,CityLearnV3MADRLRewardFunction,masac_unified_comparable_v4,E1,-0.0,1907,14.03231645638133,1.0,0.14766600623474846,0.0,6
13,1.0,1.0,0.07692307692307693,0.0,Building_16,15,MASAC,0.786109983921051,False,0.0,0.0,0.0,0.6572644114494324,5,0,0.0,0.0,-0.0,43800,-0.0,0.0,-0.5701162815093994,0.0,0.0,0.0,0.0,113,3.2184328914808935,1.0,0.13417603420835417,0.0,0.0,0.0,-0.5539896488189697,CityLearnV3MADRLRewardFunction,masac_unified_comparable_v4,E1,-0.0,1907,14.03231645638133,1.0,0.14766600623474846,0.0,6
13,0.0,0.0,0.0,0.0,Building_17,16,MASAC,0.786109983921051,False,0.0,0.0,0.0,0.6572644114494324,5,0,0.0,0.0,-0.0,43800,-0.0,0.0,-0.5739381313323975,0.0,0.0,0.0,0.0,113,3.321761637345307,1.0,0.14054477250252942,0.0,0.0,0.0,-0.5539896488189697,CityLearnV3MADRLRewardFunction,masac_unified_comparable_v4,E1,-0.0,1907,14.03231645638133,1.0,0.14766600623474846,0.0,6
6,0.0,0.0,0.0,0.0,Building_1,0,MASAC,0.7900000214576721,True,0.0,0.0,0.0,0.32958081364631653,5,8753,0.0,0.0,-0.0,52553,0.0,391.586669921875,-0.8040971159934998,179.1614532470703,309.3534851074219,391.586669921875,391.586669921875,64,3.429916409784787,1.0,0.23122357530519366,0.0,0.0,0.0,-0.7534594535827637,CityLearnV3MADRLRewardFunction,masac_unified_comparable_v4,E1,-0.0,1907,14.163412334271552,1.0,0.13262724972515127,0.0,8759
8,0.0,0.0,0.0,0.0,Building_2,1,MASAC,0.7900000214576721,True,0.0,0.0,0.0,0.32958081364631653,5,8753,0.0,0.0,-0.0,52553,0.0,0.1848604530096054,-0.6938958764076233,0.08457864075899124,0.14603976905345917,0.1848604530096054,0.1848604530096054,78,3.376356529627317,1.0,0.1823788787692021,0.0,0.0,0.0,-0.7534594535827637,CityLearnV3MADRLRewardFunction,masac_unified_comparable_v4,E1,-0.0,1907,14.163412334271552,1.0,0.13262724972515127,0.0,8759
10,0.0,0.0,0.0,0.0,Building_3,2,MASAC,0.7900000214576721,True,0.0,0.0,0.0,0.32958081364631653,5,8753,0.0,0.0,-0.0,52553,0.0,39.0087890625,-0.7807363271713257,17.847572326660156,30.816944122314453,39.0087890625,39.0087890625,92,3.2576254491044776,1.0,0.1494008087269638,0.0,0.0,0.0,-0.7534594535827637,CityLearnV3MADRLRewardFunction,masac_unified_comparable_v4,E1,-0.0,1907,14.163412334271552,1.0,0.13262724972515127,0.0,8759
8,0.0,0.0,0.0,0.0,Building_4,3,MASAC,0.7900000214576721,True,0.0,0.0,0.0,0.32958081364631653,5,8753,0.0,0.0,-0.0,52553,0.0,36.67196273803711,-0.7830513119697571,16.778411865234375,28.97085189819336,36.67196273803711,36.67196273803711,78,3.3030598314574022,1.0,0.1810012039465782,0.0,0.0,0.0,-0.7534594535827637,CityLearnV3MADRLRewardFunction,masac_unified_comparable_v4,E1,-0.0,1907,14.163412334271552,1.0,0.13262724972515127,0.0,8759
5,0.0,0.0,0.0,0.0,Building_5,4,MASAC,0.7900000214576721,True,0.0,0.0,0.0,0.32958081364631653,5,8753,0.0,0.0,-0.0,52553,0.0,54.225337982177734,-0.827904462814331,24.809553146362305,42.838016510009766,54.225337982177734,54.225337982177734,57,3.5432743417184946,1.0,0.29092047847153846,0.0,0.0,0.0,-0.7534594535827637,CityLearnV3MADRLRewardFunction,masac_unified_comparable_v4,E1,-0.0,1907,14.163412334271552,1.0,0.13262724972515127,0.0,8759
34,1.0,1.0,0.029411764705882353,0.0,Building_6,5,MASAC,0.7900000214576721,True,0.0,0.0,0.0,0.32958081364631653,5,8753,0.0,0.0,-0.0,52553,0.0,348.8946838378906,-0.8039970397949219,159.62872314453125,275.6268005371094,348.8946838378906,348.8946838378906,260,3.3152336450507667,1.0,0.05454349781458195,0.0,0.0,0.0,-0.7534594535827637,CityLearnV3MADRLRewardFunction,masac_unified_comparable_v4,E1,-0.0,1907,14.163412334271552,1.0,0.13262724972515127,0.0,8759
44,1.0,1.0,0.022727272727272728,0.0,Building_7,6,MASAC,0.7900000214576721,True,0.0,0.0,0.0,0.32958081364631653,5,8753,0.0,0.0,-0.0,52553,0.0,2.9800853729248047,-0.7063441872596741,1.3634693622589111,2.3542675971984863,2.9800853729248047,2.9800853729248047,330,3.455367565877542,1.0,0.044907290623946626,0.0,0.0,0.0,-0.7534594535827637,CityLearnV3MADRLRewardFunction,masac_unified_comparable_v4,E1,-0.0,1907,14.163412334271552,1.0,0.13262724972515127,0.0,8759
19,1.0,1.0,0.05263157894736842,0.0,Building_8,7,MASAC,0.7900000214576721,True,0.0,0.0,0.0,0.32958081364631653,5,8753,0.0,0.0,-0.0,52553,0.0,6.19936990737915,-0.7203420996665955,2.836378812789917,4.897502422332764,6.19936990737915,6.19936990737915,155,3.528489451771876,1.0,0.0990567841837483,0.0,0.0,0.0,-0.7534594535827637,CityLearnV3MADRLRewardFunction,masac_unified_comparable_v4,E1,-0.0,1907,14.163412334271552,1.0,0.13262724972515127,0.0,8759
12,0.0,0.0,0.0,0.0,Building_9,8,MASAC,0.7900000214576721,True,0.0,0.0,0.0,0.32958081364631653,5,8753,0.0,0.0,-0.0,52553,0.0,2.1350696086883545,-0.6850641369819641,0.9768518805503845,1.6867049932479858,2.1350696086883545,2.1350696086883545,106,3.611589287994693,1.0,0.15650858772250842,0.0,0.0,0.0,-0.7534594535827637,CityLearnV3MADRLRewardFunction,masac_unified_comparable_v4,E1,-0.0,1907,14.163412334271552,1.0,0.13262724972515127,0.0,8759
8,0.0,0.0,0.0,0.0,Building_10,9,MASAC,0.7900000214576721,True,0.0,0.0,0.0,0.32958081364631653,5,8753,0.0,0.0,-0.0,52553,0.0,16.451881408691406,-0.7559385299682617,7.52717924118042,12.996986389160156,16.451881408691406,16.451881408691406,78,3.467376179921306,1.0,0.19071694893332627,0.0,0.0,0.0,-0.7534594535827637,CityLearnV3MADRLRewardFunction,masac_unified_comparable_v4,E1,-0.0,1907,14.163412334271552,1.0,0.13262724972515127,0.0,8759
5,0.0,0.0,0.0,0.0,Building_11,10,MASAC,0.7900000214576721,True,0.0,0.0,0.0,0.32958081364631653,5,8753,0.0,0.0,-0.0,52553,0.0,66.45198059082031,-0.7970583438873291,30.40357208251953,52.497066497802734,66.45198059082031,66.45198059082031,57,3.471588066569918,1.0,0.26014632091187595,0.0,0.0,0.0,-0.7534594535827637,CityLearnV3MADRLRewardFunction,masac_unified_comparable_v4,E1,-0.0,1907,14.163412334271552,1.0,0.13262724972515127,0.0,8759
5,0.0,0.0,0.0,0.0,Building_12,11,MASAC,0.7900000214576721,True,0.0,0.0,0.0,0.32958081364631653,5,8753,0.0,0.0,-0.0,52553,0.0,155.388671875,-0.7963824272155762,71.0945053100586,122.7570571899414,155.388671875,155.388671875,57,3.308231094784128,1.0,0.24987458163186124,0.0,0.0,0.0,-0.7534594535827637,CityLearnV3MADRLRewardFunction,masac_unified_comparable_v4,E1,-0.0,1907,14.163412334271552,1.0,0.13262724972515127,0.0,8759
13,0.0,0.0,0.0,0.0,Building_13,12,MASAC,0.7900000214576721,True,0.0,0.0,0.0,0.32958081364631653,5,8753,0.0,0.0,-0.0,52553,0.0,0.1047736182808876,-0.6935722231864929,0.04793675243854523,0.08277115970849991,0.1047736182808876,0.1047736182808876,113,3.497178206969601,1.0,0.1321290720880559,0.0,0.0,0.0,-0.7534594535827637,CityLearnV3MADRLRewardFunction,masac_unified_comparable_v4,E1,-0.0,1907,14.163412334271552,1.0,0.13262724972515127,0.0,8759
6,0.0,0.0,0.0,0.0,Building_14,13,MASAC,0.7900000214576721,True,0.0,0.0,0.0,0.32958081364631653,5,8753,0.0,0.0,-0.0,52553,0.0,1.3521205186843872,-0.6991738677024841,0.6186316013336182,1.068175196647644,1.3521205186843872,1.3521205186843872,64,3.481424883630979,1.0,0.23244108818471432,0.0,0.0,0.0,-0.7534594535827637,CityLearnV3MADRLRewardFunction,masac_unified_comparable_v4,E1,-0.0,1907,14.163412334271552,1.0,0.13262724972515127,0.0,8759
10,0.0,0.0,0.0,0.0,Building_15,14,MASAC,0.7900000214576721,True,0.0,0.0,0.0,0.32958081364631653,5,8753,0.0,0.0,-0.0,52553,0.0,15.147623062133789,-0.7517918944358826,6.930445671081543,11.966622352600098,15.147623062133789,15.147623062133789,92,3.5040119337356463,1.0,0.16626903187969458,0.0,0.0,0.0,-0.7534594535827637,CityLearnV3MADRLRewardFunction,masac_unified_comparable_v4,E1,-0.0,1907,14.163412334271552,1.0,0.13262724972515127,0.0,8759
13,1.0,1.0,0.07692307692307693,0.0,Building_16,15,MASAC,0.7900000214576721,True,-3.0784278351347893e-05,0.0,0.0,0.32958081364631653,5,8753,0.0,0.0,-0.0,52553,0.0,11.957389831542969,-0.7422415018081665,5.470828056335449,9.446338653564453,11.957389831542969,11.957420349121094,113,3.4642871561828317,1.0,0.1309445706088986,0.0,0.0,0.0,-0.7534594535827637,CityLearnV3MADRLRewardFunction,masac_unified_comparable_v4,E1,-0.0,1907,14.163412334271552,1.0,0.13262724972515127,0.0,8759
13,0.0,0.0,0.0,0.0,Building_17,16,MASAC,0.7900000214576721,True,0.0,0.0,0.0,0.32958081364631653,5,8753,0.0,0.0,-0.0,52553,0.0,23.087642669677734,-0.7672192454338074,10.56321907043457,18.239238739013672,23.087642669677734,23.087642669677734,113,3.3597455155609177,1.0,0.12972588876707364,0.0,0.0,0.0,-0.7534594535827637,CityLearnV3MADRLRewardFunction,masac_unified_comparable_v4,E1,-0.0,1907,14.163412334271552,1.0,0.13262724972515127,0.0,8759
6,0.0,0.0,0.0,0.0,Building_1,0,MASAC,0.7617499828338623,False,0.0,0.0,0.0,0.6272557377815247,6,0,0.0,0.0,-0.0,52560,-0.0,0.0,-0.6780977249145508,0.0,0.0,0.0,0.0,64,3.383270212956728,0.9829629063606262,0.27713228366337717,0.0,0.0,0.0,-0.6299415230751038,CityLearnV3MADRLRewardFunction,masac_unified_comparable_v4,E1,-0.0,1907,14.985309729131938,1.0,0.1743569787883253,0.0,7
8,0.0,0.0,0.0,0.0,Building_2,1,MASAC,0.7617499828338623,False,0.0,0.0,0.0,0.6272557377815247,6,0,0.0,0.0,-0.0,52560,-0.0,0.0,-0.5731588006019592,0.0,0.0,0.0,0.0,78,3.4265054201724254,0.9829629063606262,0.22474945737765387,0.0,0.0,0.0,-0.6299415230751038,CityLearnV3MADRLRewardFunction,masac_unified_comparable_v4,E1,-0.0,1907,14.985309729131938,1.0,0.1743569787883253,0.0,7
10,1.0,1.0,0.1,0.0,Building_3,2,MASAC,0.7617499828338623,False,0.0,0.0,0.0,0.6272557377815247,6,0,0.0,0.0,-0.0,52560,-0.0,0.0,-0.6617316007614136,0.0,0.0,0.0,0.0,92,4.0573227255624955,1.0,0.2556461298271366,0.0,0.0,0.0,-0.6299415230751038,CityLearnV3MADRLRewardFunction,masac_unified_comparable_v4,E1,-0.0,1907,14.985309729131938,1.0,0.1743569787883253,0.0,7
8,0.0,0.0,0.0,0.0,Building_4,3,MASAC,0.7617499828338623,False,0.0,0.0,0.0,0.6272557377815247,6,0,0.0,0.0,-0.0,52560,-0.0,0.0,-0.6463191509246826,0.0,0.0,0.0,0.0,78,3.496380210052863,0.9956119656562805,0.2272490987028831,0.0,0.0,0.0,-0.6299415230751038,CityLearnV3MADRLRewardFunction,masac_unified_comparable_v4,E1,-0.0,1907,14.985309729131938,1.0,0.1743569787883253,0.0,7
5,0.0,0.0,0.0,0.0,Building_5,4,MASAC,0.7617499828338623,False,0.0,0.0,0.0,0.6272557377815247,6,0,0.0,0.0,-0.0,52560,-0.0,0.0,-0.6647530198097229,0.0,0.0,0.0,0.0,57,3.7294143928138053,1.0,0.36341140288532825,0.0,0.0,0.0,-0.6299415230751038,CityLearnV3MADRLRewardFunction,masac_unified_comparable_v4,E1,-0.0,1907,14.985309729131938,1.0,0.1743569787883253,0.0,7
34,0.0,0.0,0.0,0.0,Building_6,5,MASAC,0.7617499828338623,False,0.0,0.0,0.0,0.6272557377815247,6,0,0.0,0.0,-0.0,52560,-0.0,0.0,-0.6777154803276062,0.0,0.0,0.0,0.0,260,3.436029734294371,0.9829629063606262,0.06793519797233435,0.0,0.0,0.0,-0.6299415230751038,CityLearnV3MADRLRewardFunction,masac_unified_comparable_v4,E1,-0.0,1907,14.985309729131938,1.0,0.1743569787883253,0.0,7
44,0.0,0.0,0.0,0.0,Building_7,6,MASAC,0.7617499828338623,False,0.0,0.0,0.0,0.6272557377815247,6,0,0.0,0.0,-0.0,52560,-0.0,0.0,-0.5894699096679688,0.0,0.0,0.0,0.0,330,3.385468685600336,0.9829629063606262,0.052089252751885036,0.0,0.0,0.0,-0.6299415230751038,CityLearnV3MADRLRewardFunction,masac_unified_comparable_v4,E1,-0.0,1907,14.985309729131938,1.0,0.1743569787883253,0.0,7
19,1.0,1.0,0.05263157894736842,0.0,Building_8,7,MASAC,0.7617499828338623,False,0.0,0.0,0.0,0.6272557377815247,6,0,0.0,0.0,-0.0,52560,-0.0,0.0,-0.5840469002723694,0.0,0.0,0.0,0.0,155,3.4528583214914055,0.9829629063606262,0.11515186207909738,0.0,0.0,0.0,-0.6299415230751038,CityLearnV3MADRLRewardFunction,masac_unified_comparable_v4,E1,-0.0,1907,14.985309729131938,1.0,0.1743569787883253,0.0,7
12,0.0,0.0,0.0,0.0,Building_9,8,MASAC,0.7617499828338623,False,0.0,0.0,0.0,0.6272557377815247,6,0,0.0,0.0,-0.0,52560,-0.0,0.0,-0.5862210392951965,0.0,0.0,0.0,0.0,106,3.48137827511656,0.9829629063606262,0.1689848402550198,0.0,0.0,0.0,-0.6299415230751038,CityLearnV3MADRLRewardFunction,masac_unified_comparable_v4,E1,-0.0,1907,14.985309729131938,1.0,0.1743569787883253,0.0,7
8,0.0,0.0,0.0,0.0,Building_10,9,MASAC,0.7617499828338623,False,0.0,0.0,0.0,0.6272557377815247,6,0,0.0,0.0,-0.0,52560,-0.0,0.0,-0.6602837443351746,0.0,0.0,0.0,0.0,78,3.375670525690729,0.9829629063606262,0.22076924391783392,0.0,0.0,0.0,-0.6299415230751038,CityLearnV3MADRLRewardFunction,masac_unified_comparable_v4,E1,-0.0,1907,14.985309729131938,1.0,0.1743569787883253,0.0,7
5,0.0,0.0,0.0,0.0,Building_11,10,MASAC,0.7617499828338623,False,0.0,0.0,0.0,0.6272557377815247,6,0,0.0,0.0,-0.0,52560,-0.0,0.0,-0.6634884476661682,0.0,0.0,0.0,0.0,57,4.060402470315101,1.0,0.4168975199000877,0.0,0.0,0.0,-0.6299415230751038,CityLearnV3MADRLRewardFunction,masac_unified_comparable_v4,E1,-0.0,1907,14.985309729131938,1.0,0.1743569787883253,0.0,7
5,0.0,0.0,0.0,0.0,Building_12,11,MASAC,0.7617499828338623,False,0.0,0.0,0.0,0.6272557377815247,6,0,0.0,0.0,-0.0,52560,-0.0,0.0,-0.6610170006752014,0.0,0.0,0.0,0.0,57,4.284426302549777,1.0,0.46683954042300846,0.0,0.0,0.0,-0.6299415230751038,CityLearnV3MADRLRewardFunction,masac_unified_comparable_v4,E1,-0.0,1907,14.985309729131938,1.0,0.1743569787883253,0.0,7
13,0.0,0.0,0.0,0.0,Building_13,12,MASAC,0.7617499828338623,False,0.0,0.0,0.0,0.6272557377815247,6,0,0.0,0.0,-0.0,52560,-0.0,0.0,-0.5791327953338623,0.0,0.0,0.0,0.0,113,3.391224436066061,0.9829629063606262,0.15230468851802623,0.0,0.0,0.0,-0.6299415230751038,CityLearnV3MADRLRewardFunction,masac_unified_comparable_v4,E1,-0.0,1907,14.985309729131938,1.0,0.1743569787883253,0.0,7
6,0.0,0.0,0.0,0.0,Building_14,13,MASAC,0.7617499828338623,False,0.0,0.0,0.0,0.6272557377815247,6,0,0.0,0.0,-0.0,52560,-0.0,0.0,-0.5787098407745361,0.0,0.0,0.0,0.0,64,4.312722977502172,1.0,0.42108960764016956,0.0,0.0,0.0,-0.6299415230751038,CityLearnV3MADRLRewardFunction,masac_unified_comparable_v4,E1,-0.0,1907,14.985309729131938,1.0,0.1743569787883253,0.0,7
10,0.0,0.0,0.0,0.0,Building_15,14,MASAC,0.7617499828338623,False,0.0,0.0,0.0,0.6272557377815247,6,0,0.0,0.0,-0.0,52560,-0.0,0.0,-0.590470552444458,0.0,0.0,0.0,0.0,92,3.41073148491574,0.9829629063606262,0.19127998970772908,0.0,0.0,0.0,-0.6299415230751038,CityLearnV3MADRLRewardFunction,masac_unified_comparable_v4,E1,-0.0,1907,14.985309729131938,1.0,0.1743569787883253,0.0,7
13,0.0,0.0,0.0,0.0,Building_16,15,MASAC,0.7617499828338623,False,0.0,0.0,0.0,0.6272557377815247,6,0,0.0,0.0,-0.0,52560,-0.0,0.0,-0.6647486090660095,0.0,0.0,0.0,0.0,113,3.3509601422461532,0.9829629063606262,0.15016449539534812,0.0,0.0,0.0,-0.6299415230751038,CityLearnV3MADRLRewardFunction,masac_unified_comparable_v4,E1,-0.0,1907,14.985309729131938,1.0,0.1743569787883253,0.0,7
13,1.0,1.0,0.07692307692307693,0.0,Building_17,16,MASAC,0.7617499828338623,False,0.0,0.0,0.0,0.6272557377815247,6,0,0.0,0.0,-0.0,52560,-0.0,0.0,-0.6496424078941345,0.0,0.0,0.0,0.0,113,3.502387595675052,0.9829629063606262,0.1622960119780186,0.0,0.0,0.0,-0.6299415230751038,CityLearnV3MADRLRewardFunction,masac_unified_comparable_v4,E1,-0.0,1907,14.985309729131938,1.0,0.1743569787883253,0.0,7
6,0.0,0.0,0.0,0.0,Building_1,0,MASAC,0.7900000214576721,True,0.0,0.0,0.0,0.28695225715637207,6,8752,0.0,0.0,-0.0,61312,0.0,433.45458984375,-0.8144036531448364,172.66647338867188,342.42913818359375,433.45458984375,433.45458984375,64,3.1784012620798983,1.0,0.20819551649037749,0.0,0.0,0.0,-0.78200763463974,CityLearnV3MADRLRewardFunction,masac_unified_comparable_v4,E1,-0.0,1907,13.885992548075162,1.0,0.1278547583881416,0.0,8759
8,0.0,0.0,0.0,0.0,Building_2,1,MASAC,0.7900000214576721,True,0.0,0.0,0.0,0.28695225715637207,6,8752,0.0,0.0,-0.0,61312,0.0,15.16435432434082,-0.7641578316688538,6.040714740753174,11.979840278625488,15.16435432434082,15.16435432434082,78,3.3240216523521724,1.0,0.1813022489540088,0.0,0.0,0.0,-0.78200763463974,CityLearnV3MADRLRewardFunction,masac_unified_comparable_v4,E1,-0.0,1907,13.885992548075162,1.0,0.1278547583881416,0.0,8759
10,0.0,0.0,0.0,0.0,Building_3,2,MASAC,0.7900000214576721,True,0.0,0.0,0.0,0.28695225715637207,6,8752,0.0,0.0,-0.0,61312,0.0,94.53981018066406,-0.8146053552627563,37.65989685058594,74.68645477294922,94.53981018066406,94.53981018066406,92,3.32608526523329,1.0,0.15175896712943263,0.0,0.0,0.0,-0.78200763463974,CityLearnV3MADRLRewardFunction,masac_unified_comparable_v4,E1,-0.0,1907,13.885992548075162,1.0,0.1278547583881416,0.0,8759
8,0.0,0.0,0.0,0.0,Building_4,3,MASAC,0.7900000214576721,True,0.0,0.0,0.0,0.28695225715637207,6,8752,0.0,0.0,-0.0,61312,0.0,31.04317283630371,-0.7958570122718811,12.366035461425781,24.524106979370117,31.04317283630371,31.04317283630371,78,3.3262900461646754,1.0,0.17885089866243875,0.0,0.0,0.0,-0.78200763463974,CityLearnV3MADRLRewardFunction,masac_unified_comparable_v4,E1,-0.0,1907,13.885992548075162,1.0,0.1278547583881416,0.0,8759
5,0.0,0.0,0.0,0.0,Building_5,4,MASAC,0.7900000214576721,True,0.0,0.0,0.0,0.28695225715637207,6,8752,0.0,0.0,-0.0,61312,0.0,38.538970947265625,-0.838895857334137,15.351984024047852,30.44578742980957,38.538970947265625,38.538970947265625,57,3.571885261468748,1.0,0.2882484601516473,0.0,0.0,0.0,-0.78200763463974,CityLearnV3MADRLRewardFunction,masac_unified_comparable_v4,E1,-0.0,1907,13.885992548075162,1.0,0.1278547583881416,0.0,8759
34,0.0,0.0,0.0,0.0,Building_6,5,MASAC,0.7900000214576721,True,0.0,0.0,0.0,0.28695225715637207,6,8752,0.0,0.0,-0.0,61312,0.0,362.8901062011719,-0.8186891674995422,144.55712890625,286.6831970214844,362.8901062011719,362.8901062011719,260,3.2623882568704117,1.0,0.052654734110602966,0.0,0.0,0.0,-0.78200763463974,CityLearnV3MADRLRewardFunction,masac_unified_comparable_v4,E1,-0.0,1907,13.885992548075162,1.0,0.1278547583881416,0.0,8759
44,1.0,1.0,0.022727272727272728,0.0,Building_7,6,MASAC,0.7900000214576721,True,0.0,0.0,0.0,0.28695225715637207,6,8752,0.0,0.0,-0.0,61312,0.0,12.664111137390137,-0.758361279964447,5.044743537902832,10.004648208618164,12.664111137390137,12.664111137390137,330,3.3825590178661784,1.0,0.04334924564217076,0.0,0.0,0.0,-0.78200763463974,CityLearnV3MADRLRewardFunction,masac_unified_comparable_v4,E1,-0.0,1907,13.885992548075162,1.0,0.1278547583881416,0.0,8759
19,1.0,1.0,0.05263157894736842,0.0,Building_8,7,MASAC,0.7900000214576721,True,0.0,0.0,0.0,0.28695225715637207,6,8752,0.0,0.0,-0.0,61312,0.0,12.065996170043945,-0.7566215395927429,4.806484699249268,9.532136917114258,12.065996170043945,12.065996170043945,155,3.4599792192668786,1.0,0.09577844407289259,0.0,0.0,0.0,-0.78200763463974,CityLearnV3MADRLRewardFunction,masac_unified_comparable_v4,E1,-0.0,1907,13.885992548075162,1.0,0.1278547583881416,0.0,8759
12,0.0,0.0,0.0,0.0,Building_9,8,MASAC,0.7900000214576721,True,0.0,0.0,0.0,0.28695225715637207,6,8752,0.0,0.0,-0.0,61312,0.0,2.290161371231079,-0.7001150250434875,0.9122849106788635,1.8092275857925415,2.290161371231079,2.290161371231079,106,3.5338580604749024,1.0,0.15010558370992821,0.0,0.0,0.0,-0.78200763463974,CityLearnV3MADRLRewardFunction,masac_unified_comparable_v4,E1,-0.0,1907,13.885992548075162,1.0,0.1278547583881416,0.0,8759
8,0.0,0.0,0.0,0.0,Building_10,9,MASAC,0.7900000214576721,True,0.0,0.0,0.0,0.28695225715637207,6,8752,0.0,0.0,-0.0,61312,0.0,51.649574279785156,-0.808069109916687,20.574588775634766,40.803165435791016,51.649574279785156,51.649574279785156,78,3.3777422146242326,1.0,0.18353517305774567,0.0,0.0,0.0,-0.78200763463974,CityLearnV3MADRLRewardFunction,masac_unified_comparable_v4,E1,-0.0,1907,13.885992548075162,1.0,0.1278547583881416,0.0,8759
5,0.0,0.0,0.0,0.0,Building_11,10,MASAC,0.7900000214576721,True,0.0,0.0,0.0,0.28695225715637207,6,8752,0.0,0.0,-0.0,61312,0.0,71.54803466796875,-0.8012180924415588,28.501131057739258,56.52294921875,71.54803466796875,71.54803466796875,57,3.244146216784269,1.0,0.2358790747821331,0.0,0.0,0.0,-0.78200763463974,CityLearnV3MADRLRewardFunction,masac_unified_comparable_v4,E1,-0.0,1907,13.885992548075162,1.0,0.1278547583881416,0.0,8759
5,0.0,0.0,0.0,0.0,Building_12,11,MASAC,0.7900000214576721,True,0.0,0.0,0.0,0.28695225715637207,6,8752,0.0,0.0,-0.0,61312,0.0,215.11593627929688,-0.8185232877731323,85.69135284423828,169.94158935546875,215.11593627929688,215.11593627929688,57,3.357020558814985,1.0,0.25096637415781353,0.0,0.0,0.0,-0.78200763463974,CityLearnV3MADRLRewardFunction,masac_unified_comparable_v4,E1,-0.0,1907,13.885992548075162,1.0,0.1278547583881416,0.0,8759
13,0.0,0.0,0.0,0.0,Building_13,12,MASAC,0.7900000214576721,True,0.0,0.0,0.0,0.28695225715637207,6,8752,0.0,0.0,-0.0,61312,0.0,2.033022403717041,-0.7167131304740906,0.8098536729812622,1.6060876846313477,2.033022403717041,2.033022403717041,113,3.3960509531728515,1.0,0.1259967130237976,0.0,0.0,0.0,-0.78200763463974,CityLearnV3MADRLRewardFunction,masac_unified_comparable_v4,E1,-0.0,1907,13.885992548075162,1.0,0.1278547583881416,0.0,8759
6,1.0,1.0,0.16666666666666666,0.0,Building_14,13,MASAC,0.7900000214576721,True,1.3828200280840974e-05,0.0,0.0,0.28695225715637207,6,8752,0.0,0.0,-0.0,61312,0.0,2.6149649620056152,-0.7192854881286621,1.041670322418213,2.0658223628997803,2.6149649620056152,2.6149511337280273,64,3.382100592880364,1.0,0.2212972737615928,0.0,0.0,0.0,-0.78200763463974,CityLearnV3MADRLRewardFunction,masac_unified_comparable_v4,E1,-0.0,1907,13.885992548075162,1.0,0.1278547583881416,0.0,8759
10,0.0,0.0,0.0,0.0,Building_15,14,MASAC,0.7900000214576721,True,0.0,0.0,0.0,0.28695225715637207,6,8752,0.0,0.0,-0.0,61312,0.0,19.521480560302734,-0.7774919271469116,7.776374340057373,15.42197036743164,19.521480560302734,19.521480560302734,92,3.466551242052421,1.0,0.1617742792257796,0.0,0.0,0.0,-0.78200763463974,CityLearnV3MADRLRewardFunction,masac_unified_comparable_v4,E1,-0.0,1907,13.885992548075162,1.0,0.1278547583881416,0.0,8759
13,0.0,0.0,0.0,0.0,Building_16,15,MASAC,0.7900000214576721,True,0.0,0.0,0.0,0.28695225715637207,6,8752,0.0,0.0,-0.0,61312,0.0,54.89390563964844,-0.8086860775947571,21.866966247558594,43.366188049316406,54.89390563964844,54.89390563964844,113,3.3467498675171443,1.0,0.12445684383928249,0.0,0.0,0.0,-0.78200763463974,CityLearnV3MADRLRewardFunction,masac_unified_comparable_v4,E1,-0.0,1907,13.885992548075162,1.0,0.1278547583881416,0.0,8759
13,1.0,1.0,0.07692307692307693,0.0,Building_17,16,MASAC,0.7900000214576721,True,0.0,0.0,0.0,0.28695225715637207,6,8752,0.0,0.0,-0.0,61312,0.0,22.46647071838379,-0.7824355959892273,8.949509620666504,17.748512268066406,22.46647071838379,22.46647071838379,113,3.2934536633883473,1.0,0.12252035941434118,0.0,0.0,0.0,-0.78200763463974,CityLearnV3MADRLRewardFunction,masac_unified_comparable_v4,E1,-0.0,1907,13.885992548075162,1.0,0.1278547583881416,0.0,8759
6,0.0,0.0,0.0,0.0,Building_1,0,MASAC,0.7615389823913574,False,0.0,0.0,0.0,0.5509660840034485,7,0,0.0,0.0,-0.0,61320,-0.0,0.0,-0.8370593190193176,0.0,0.0,0.0,0.0,64,3.168566170040123,1.0,0.2379675623960793,0.0,0.0,0.0,-0.8042793869972229,CityLearnV3MADRLRewardFunction,masac_unified_comparable_v4,E1,-0.0,1907,14.245971195557916,1.0,0.1561344464182049,0.0,8
8,1.0,1.0,0.125,0.0,Building_2,1,MASAC,0.7615389823913574,False,0.0,0.0,0.0,0.5509660840034485,7,0,0.0,0.0,-0.0,61320,-0.0,0.0,-0.767255425453186,0.0,0.0,0.0,0.0,78,3.185415584577237,1.0,0.19138142851014167,0.0,0.0,0.0,-0.8042793869972229,CityLearnV3MADRLRewardFunction,masac_unified_comparable_v4,E1,-0.0,1907,14.245971195557916,1.0,0.1561344464182049,0.0,8
10,1.0,1.0,0.1,0.0,Building_3,2,MASAC,0.7615389823913574,False,0.0,0.0,0.0,0.5509660840034485,7,0,0.0,0.0,-0.0,61320,-0.0,0.0,-0.863461434841156,0.0,0.0,0.0,0.0,92,4.26887716184256,1.0,0.28051105605276383,0.0,0.0,0.0,-0.8042793869972229,CityLearnV3MADRLRewardFunction,masac_unified_comparable_v4,E1,-0.0,1907,14.245971195557916,1.0,0.1561344464182049,0.0,8
8,1.0,1.0,0.125,0.0,Building_4,3,MASAC,0.7615389823913574,False,0.0,0.0,0.0,0.5509660840034485,7,0,0.0,0.0,-0.0,61320,-0.0,0.0,-0.8165985345840454,0.0,0.0,0.0,0.0,78,3.162378289779756,1.0,0.1920653952476688,0.0,0.0,0.0,-0.8042793869972229,CityLearnV3MADRLRewardFunction,masac_unified_comparable_v4,E1,-0.0,1907,14.245971195557916,1.0,0.1561344464182049,0.0,8
5,0.0,0.0,0.0,0.0,Building_5,4,MASAC,0.7615389823913574,False,0.0,0.0,0.0,0.5509660840034485,7,0,0.0,0.0,-0.0,61320,-0.0,0.0,-0.8201467990875244,0.0,0.0,0.0,0.0,57,3.53308373363948,1.0,0.3226272726856303,0.0,0.0,0.0,-0.8042793869972229,CityLearnV3MADRLRewardFunction,masac_unified_comparable_v4,E1,-0.0,1907,14.245971195557916,1.0,0.1561344464182049,0.0,8
34,0.0,0.0,0.0,0.0,Building_6,5,MASAC,0.7615389823913574,False,0.0,0.0,0.0,0.5509660840034485,7,0,0.0,0.0,-0.0,61320,-0.0,0.0,-0.8367579579353333,0.0,0.0,0.0,0.0,260,3.1574392189147704,1.0,0.05822110887473592,0.0,0.0,0.0,-0.8042793869972229,CityLearnV3MADRLRewardFunction,masac_unified_comparable_v4,E1,-0.0,1907,14.245971195557916,1.0,0.1561344464182049,0.0,8
44,1.0,1.0,0.022727272727272728,0.0,Building_7,6,MASAC,0.7615389823913574,False,0.0,0.0,0.0,0.5509660840034485,7,0,0.0,0.0,-0.0,61320,-0.0,0.0,-0.8170211911201477,0.0,0.0,0.0,0.0,330,3.175935515968322,1.0,0.04593886846507138,0.0,0.0,0.0,-0.8042793869972229,CityLearnV3MADRLRewardFunction,masac_unified_comparable_v4,E1,-0.0,1907,14.245971195557916,1.0,0.1561344464182049,0.0,8
19,0.0,0.0,0.0,0.0,Building_8,7,MASAC,0.7615389823913574,False,0.0,0.0,0.0,0.5509660840034485,7,0,0.0,0.0,-0.0,61320,-0.0,0.0,-0.7919070720672607,0.0,0.0,0.0,0.0,155,3.181164401084458,1.0,0.09665708437321648,0.0,0.0,0.0,-0.8042793869972229,CityLearnV3MADRLRewardFunction,masac_unified_comparable_v4,E1,-0.0,1907,14.245971195557916,1.0,0.1561344464182049,0.0,8
12,0.0,0.0,0.0,0.0,Building_9,8,MASAC,0.7615389823913574,False,0.0,0.0,0.0,0.5509660840034485,7,0,0.0,0.0,-0.0,61320,-0.0,0.0,-0.7522570490837097,0.0,0.0,0.0,0.0,106,3.3243923145959404,1.0,0.15235694337917385,0.0,0.0,0.0,-0.8042793869972229,CityLearnV3MADRLRewardFunction,masac_unified_comparable_v4,E1,-0.0,1907,14.245971195557916,1.0,0.1561344464182049,0.0,8
8,0.0,0.0,0.0,0.0,Building_10,9,MASAC,0.7615389823913574,False,0.0,0.0,0.0,0.5509660840034485,7,0,0.0,0.0,-0.0,61320,-0.0,0.0,-0.8236831426620483,0.0,0.0,0.0,0.0,78,3.1861016403608002,1.0,0.19520190148017344,0.0,0.0,0.0,-0.8042793869972229,CityLearnV3MADRLRewardFunction,masac_unified_comparable_v4,E1,-0.0,1907,14.245971195557916,1.0,0.1561344464182049,0.0,8
5,0.0,0.0,0.0,0.0,Building_11,10,MASAC,0.7615389823913574,False,0.0,0.0,0.0,0.5509660840034485,7,0,0.0,0.0,-0.0,61320,-0.0,0.0,-0.8156336545944214,0.0,0.0,0.0,0.0,57,3.898211435115772,1.0,0.3838970802659005,0.0,0.0,0.0,-0.8042793869972229,CityLearnV3MADRLRewardFunction,masac_unified_comparable_v4,E1,-0.0,1907,14.245971195557916,1.0,0.1561344464182049,0.0,8
5,1.0,0.0,-0.2,-1.0,Building_12,11,MASAC,0.7615389823913574,False,0.0,0.0,0.0,0.5509660840034485,7,0,0.0,0.0,-0.0,61320,-0.0,0.0,-0.78692227602005,0.0,0.0,0.0,0.0,57,4.09344654685802,1.0,0.4210037462609379,0.0,0.0,0.0,-0.8042793869972229,CityLearnV3MADRLRewardFunction,masac_unified_comparable_v4,E1,-0.0,1907,14.245971195557916,1.0,0.1561344464182049,0.0,8
13,0.0,0.0,0.0,0.0,Building_13,12,MASAC,0.7615389823913574,False,0.0,0.0,0.0,0.5509660840034485,7,0,0.0,0.0,-0.0,61320,-0.0,0.0,-0.7680551409721375,0.0,0.0,0.0,0.0,113,3.1715729818852596,1.0,0.13156942932545085,0.0,0.0,0.0,-0.8042793869972229,CityLearnV3MADRLRewardFunction,masac_unified_comparable_v4,E1,-0.0,1907,14.245971195557916,1.0,0.1561344464182049,0.0,8
6,0.0,0.0,0.0,0.0,Building_14,13,MASAC,0.7615389823913574,False,0.0,0.0,0.0,0.5509660840034485,7,0,0.0,0.0,-0.0,61320,-0.0,0.0,-0.7278439998626709,0.0,0.0,0.0,0.0,64,4.173825333112101,1.0,0.385129915579455,0.0,0.0,0.0,-0.8042793869972229,CityLearnV3MADRLRewardFunction,masac_unified_comparable_v4,E1,-0.0,1907,14.245971195557916,1.0,0.1561344464182049,0.0,8
10,0.0,0.0,0.0,0.0,Building_15,14,MASAC,0.7615389823913574,False,0.0,0.0,0.0,0.5509660840034485,7,0,0.0,0.0,-0.0,61320,-0.0,0.0,-0.8122026920318604,0.0,0.0,0.0,0.0,92,3.2369170306434802,1.0,0.16853066304010217,0.0,0.0,0.0,-0.8042793869972229,CityLearnV3MADRLRewardFunction,masac_unified_comparable_v4,E1,-0.0,1907,14.245971195557916,1.0,0.1561344464182049,0.0,8
13,0.0,0.0,0.0,0.0,Building_16,15,MASAC,0.7615389823913574,False,0.0,0.0,0.0,0.5509660840034485,7,0,0.0,0.0,-0.0,61320,-0.0,0.0,-0.8234416246414185,0.0,0.0,0.0,0.0,113,3.1532109250511824,1.0,0.13086957611407327,0.0,0.0,0.0,-0.8042793869972229,CityLearnV3MADRLRewardFunction,masac_unified_comparable_v4,E1,-0.0,1907,14.245971195557916,1.0,0.1561344464182049,0.0,8
13,0.0,0.0,0.0,0.0,Building_17,16,MASAC,0.7615389823913574,False,0.0,0.0,0.0,0.5509660840034485,7,0,0.0,0.0,-0.0,61320,-0.0,0.0,-0.8125024437904358,0.0,0.0,0.0,0.0,113,3.2898840609585043,1.0,0.14221242263056008,0.0,0.0,0.0,-0.8042793869972229,CityLearnV3MADRLRewardFunction,masac_unified_comparable_v4,E1,-0.0,1907,14.245971195557916,1.0,0.1561344464182049,0.0,8
6,0.0,0.0,0.0,0.0,Building_1,0,MASAC,0.7900000214576721,True,0.0,0.0,0.0,0.5087285041809082,7,8751,0.0,0.0,-0.0,70071,0.0,446.8856201171875,-0.8411415219306946,295.8052062988281,353.0396423339844,446.8856201171875,446.8856201171875,64,3.4373370124658114,1.0,0.24458088632673025,0.0,0.0,0.0,-0.8049032092094421,CityLearnV3MADRLRewardFunction,masac_unified_comparable_v4,E1,-0.0,1907,14.702472436412721,1.0,0.14499366680755,0.0,8759
8,0.0,0.0,0.0,0.0,Building_2,1,MASAC,0.7900000214576721,True,0.0,0.0,0.0,0.5087285041809082,7,8751,0.0,0.0,-0.0,70071,0.0,5.618855953216553,-0.7557506561279297,3.719266653060913,4.438896179199219,5.618855953216553,5.618855953216553,78,3.602247817509125,1.0,0.20722357279215103,0.0,0.0,0.0,-0.8049032092094421,CityLearnV3MADRLRewardFunction,masac_unified_comparable_v4,E1,-0.0,1907,14.702472436412721,1.0,0.14499366680755,0.0,8759
10,1.0,1.0,0.1,0.0,Building_3,2,MASAC,0.7900000214576721,True,0.0,0.0,0.0,0.5087285041809082,7,8751,0.0,0.0,-0.0,70071,0.0,98.17061614990234,-0.8330795168876648,64.98168182373047,77.5547866821289,98.17061614990234,98.17061614990234,92,3.4473898720191545,1.0,0.1685147823198982,0.0,0.0,0.0,-0.8049032092094421,CityLearnV3MADRLRewardFunction,masac_unified_comparable_v4,E1,-0.0,1907,14.702472436412721,1.0,0.14499366680755,0.0,8759
8,0.0,0.0,0.0,0.0,Building_4,3,MASAC,0.7900000214576721,True,0.0,0.0,0.0,0.5087285041809082,7,8751,0.0,0.0,-0.0,70071,0.0,28.84416961669922,-0.8172478079795837,19.09270477294922,22.786893844604492,28.84416961669922,28.84416961669922,78,3.5225438588096307,1.0,0.2028920707794336,0.0,0.0,0.0,-0.8049032092094421,CityLearnV3MADRLRewardFunction,masac_unified_comparable_v4,E1,-0.0,1907,14.702472436412721,1.0,0.14499366680755,0.0,8759
5,0.0,0.0,0.0,0.0,Building_5,4,MASAC,0.7900000214576721,True,0.0,0.0,0.0,0.5087285041809082,7,8751,0.0,0.0,-0.0,70071,0.0,37.89287567138672,-0.854789674282074,25.082279205322266,29.935373306274414,37.89287567138672,37.89287567138672,57,3.629209603821932,1.0,0.307984683597297,0.0,0.0,0.0,-0.8049032092094421,CityLearnV3MADRLRewardFunction,masac_unified_comparable_v4,E1,-0.0,1907,14.702472436412721,1.0,0.14499366680755,0.0,8759
34,0.0,0.0,0.0,0.0,Building_6,5,MASAC,0.7900000214576721,True,0.0,0.0,0.0,0.5087285041809082,7,8751,0.0,0.0,-0.0,70071,0.0,350.8894348144531,-0.8411717414855957,232.26283264160156,277.2026672363281,350.8894348144531,350.8894348144531,260,3.521651075348012,1.0,0.06082941603202086,0.0,0.0,0.0,-0.8049032092094421,CityLearnV3MADRLRewardFunction,masac_unified_comparable_v4,E1,-0.0,1907,14.702472436412721,1.0,0.14499366680755,0.0,8759
44,1.0,0.0,-0.022727272727272728,-1.0,Building_7,6,MASAC,0.7900000214576721,True,0.0,0.0,0.0,0.5087285041809082,7,8751,0.0,0.0,-0.0,70071,0.0,18.66022491455078,-0.8000335097312927,12.35168743133545,14.741578102111816,18.66022491455078,18.66022491455078,330,3.602636631607317,1.0,0.04954656398657596,0.0,0.0,0.0,-0.8049032092094421,CityLearnV3MADRLRewardFunction,masac_unified_comparable_v4,E1,-0.0,1907,14.702472436412721,1.0,0.14499366680755,0.0,8759
19,0.0,0.0,0.0,0.0,Building_8,7,MASAC,0.7900000214576721,True,0.0,0.0,0.0,0.5087285041809082,7,8751,0.0,0.0,-0.0,70071,0.0,19.251495361328125,-0.801417887210846,12.743064880371094,15.2086820602417,19.251495361328125,19.251495361328125,155,3.7391496967525932,1.0,0.11082843138325599,0.0,0.0,0.0,-0.8049032092094421,CityLearnV3MADRLRewardFunction,masac_unified_comparable_v4,E1,-0.0,1907,14.702472436412721,1.0,0.14499366680755,0.0,8759
12,0.0,0.0,0.0,0.0,Building_9,8,MASAC,0.7900000214576721,True,0.0,0.0,0.0,0.5087285041809082,7,8751,0.0,0.0,-0.0,70071,0.0,2.4506425857543945,-0.724058985710144,1.6221439838409424,1.9360077381134033,2.4506425857543945,2.4506425857543945,106,3.790894171039511,1.0,0.1738609938688998,0.0,0.0,0.0,-0.8049032092094421,CityLearnV3MADRLRewardFunction,masac_unified_comparable_v4,E1,-0.0,1907,14.702472436412721,1.0,0.14499366680755,0.0,8759
8,0.0,0.0,0.0,0.0,Building_10,9,MASAC,0.7900000214576721,True,0.0,0.0,0.0,0.5087285041809082,7,8751,0.0,0.0,-0.0,70071,0.0,34.33414077758789,-0.8220677971839905,22.726659774780273,27.123971939086914,34.33414077758789,34.33414077758789,78,3.5536892328584426,1.0,0.2056615720383632,0.0,0.0,0.0,-0.8049032092094421,CityLearnV3MADRLRewardFunction,masac_unified_comparable_v4,E1,-0.0,1907,14.702472436412721,1.0,0.14499366680755,0.0,8759
5,0.0,0.0,0.0,0.0,Building_11,10,MASAC,0.7900000214576721,True,0.0,0.0,0.0,0.5087285041809082,7,8751,0.0,0.0,-0.0,70071,0.0,57.917564392089844,-0.8233360648155212,38.33713912963867,45.754878997802734,57.917564392089844,57.917564392089844,57,3.451498718530032,1.0,0.2692611714204152,0.0,0.0,0.0,-0.8049032092094421,CityLearnV3MADRLRewardFunction,masac_unified_comparable_v4,E1,-0.0,1907,14.702472436412721,1.0,0.14499366680755,0.0,8759
5,0.0,0.0,0.0,0.0,Building_12,11,MASAC,0.7900000214576721,True,0.0,0.0,0.0,0.5087285041809082,7,8751,0.0,0.0,-0.0,70071,0.0,182.6020965576172,-0.8407366871833801,120.86907196044922,144.2556610107422,182.6020965576172,182.6020965576172,57,3.5406148397093573,1.0,0.27915013829867047,0.0,0.0,0.0,-0.8049032092094421,CityLearnV3MADRLRewardFunction,masac_unified_comparable_v4,E1,-0.0,1907,14.702472436412721,1.0,0.14499366680755,0.0,8759
13,0.0,0.0,0.0,0.0,Building_13,12,MASAC,0.7900000214576721,True,0.0,0.0,0.0,0.5087285041809082,7,8751,0.0,0.0,-0.0,70071,0.0,2.789367437362671,-0.7429189682006836,1.8463547229766846,2.2036004066467285,2.789367437362671,2.789367437362671,113,3.528500496037602,1.0,0.1403545328473623,0.0,0.0,0.0,-0.8049032092094421,CityLearnV3MADRLRewardFunction,masac_unified_comparable_v4,E1,-0.0,1907,14.702472436412721,1.0,0.14499366680755,0.0,8759
6,0.0,0.0,0.0,0.0,Building_14,13,MASAC,0.7900000214576721,True,0.0,0.0,0.0,0.5087285041809082,7,8751,0.0,0.0,-0.0,70071,0.0,2.485826015472412,-0.7417076826095581,1.6454328298568726,1.9638025760650635,2.485826015472412,2.485826015472412,64,3.5617918648661275,1.0,0.2500153719447553,0.0,0.0,0.0,-0.8049032092094421,CityLearnV3MADRLRewardFunction,masac_unified_comparable_v4,E1,-0.0,1907,14.702472436412721,1.0,0.14499366680755,0.0,8759
10,0.0,0.0,0.0,0.0,Building_15,14,MASAC,0.7900000214576721,True,0.0,0.0,0.0,0.5087285041809082,7,8751,0.0,0.0,-0.0,70071,0.0,20.5941162109375,-0.8029364943504333,13.631780624389648,16.269351959228516,20.5941162109375,20.5941162109375,92,3.600637680676032,1.0,0.17974971753099692,0.0,0.0,0.0,-0.8049032092094421,CityLearnV3MADRLRewardFunction,masac_unified_comparable_v4,E1,-0.0,1907,14.702472436412721,1.0,0.14499366680755,0.0,8759
13,0.0,0.0,0.0,0.0,Building_16,15,MASAC,0.7900000214576721,True,0.0,0.0,0.0,0.5087285041809082,7,8751,0.0,0.0,-0.0,70071,0.0,103.13050842285156,-0.8354275822639465,68.26476287841797,81.47310638427734,103.13050842285156,103.13050842285156,113,3.5068976608346145,1.0,0.14209627340325212,0.0,0.0,0.0,-0.8049032092094421,CityLearnV3MADRLRewardFunction,masac_unified_comparable_v4,E1,-0.0,1907,14.702472436412721,1.0,0.14499366680755,0.0,8759
13,0.0,0.0,0.0,0.0,Building_17,16,MASAC,0.7900000214576721,True,0.0,0.0,0.0,0.5087285041809082,7,8751,0.0,0.0,-0.0,70071,0.0,21.1981143951416,-0.8055317997932434,14.031582832336426,16.746511459350586,21.1981143951416,21.1981143951416,113,3.5632858605855597,1.0,0.1440053632301567,0.0,0.0,0.0,-0.8049032092094421,CityLearnV3MADRLRewardFunction,masac_unified_comparable_v4,E1,-0.0,1907,14.702472436412721,1.0,0.14499366680755,0.0,8759
6,0.0,0.0,0.0,0.0,Building_1,0,MASAC,0.754755973815918,False,0.0,0.0,0.0,0.7112753391265869,8,0,0.0,0.0,-0.0,70080,-0.0,0.0,-0.7253351807594299,0.0,0.0,0.0,0.0,64,3.0493683815731556,1.0,0.24059754276822787,0.0,0.0,0.0,-0.6681069135665894,CityLearnV3MADRLRewardFunction,masac_unified_comparable_v4,E1,-0.0,1907,14.185306512858828,1.0,0.16322056530067902,0.0,9
8,0.0,0.0,0.0,0.0,Building_2,1,MASAC,0.754755973815918,False,0.0,0.0,0.0,0.7112753391265869,8,0,0.0,0.0,-0.0,70080,-0.0,0.0,-0.6150872707366943,0.0,0.0,0.0,0.0,78,3.1446413572079344,1.0,0.19772777318333587,0.0,0.0,0.0,-0.6681069135665894,CityLearnV3MADRLRewardFunction,masac_unified_comparable_v4,E1,-0.0,1907,14.185306512858828,1.0,0.16322056530067902,0.0,9
10,1.0,0.0,-0.1,-1.0,Building_3,2,MASAC,0.754755973815918,False,0.0,0.0,0.0,0.7112753391265869,8,0,0.0,0.0,-0.0,70080,-0.0,0.0,-0.6824652552604675,0.0,0.0,0.0,0.0,92,4.433676400845864,1.0,0.30861328877306177,0.0,0.0,0.0,-0.6681069135665894,CityLearnV3MADRLRewardFunction,masac_unified_comparable_v4,E1,-0.0,1907,14.185306512858828,1.0,0.16322056530067902,0.0,9
8,0.0,0.0,0.0,0.0,Building_4,3,MASAC,0.754755973815918,False,0.0,0.0,0.0,0.7112753391265869,8,0,0.0,0.0,-0.0,70080,-0.0,0.0,-0.7117635607719421,0.0,0.0,0.0,0.0,78,3.1305855983802453,1.0,0.20671596276597717,0.0,0.0,0.0,-0.6681069135665894,CityLearnV3MADRLRewardFunction,masac_unified_comparable_v4,E1,-0.0,1907,14.185306512858828,1.0,0.16322056530067902,0.0,9
5,0.0,0.0,0.0,0.0,Building_5,4,MASAC,0.754755973815918,False,0.0,0.0,0.0,0.7112753391265869,8,0,0.0,0.0,-0.0,70080,-0.0,0.0,-0.7116613984107971,0.0,0.0,0.0,0.0,57,3.422782281330381,1.0,0.3255459823596634,0.0,0.0,0.0,-0.6681069135665894,CityLearnV3MADRLRewardFunction,masac_unified_comparable_v4,E1,-0.0,1907,14.185306512858828,1.0,0.16322056530067902,0.0,9
34,1.0,1.0,0.029411764705882353,0.0,Building_6,5,MASAC,0.754755973815918,False,0.0,0.0,0.0,0.7112753391265869,8,0,0.0,0.0,-0.0,70080,-0.0,0.0,-0.7251093983650208,0.0,0.0,0.0,0.0,260,3.9607891245988456,1.0,0.08974029190766697,0.0,0.0,0.0,-0.6681069135665894,CityLearnV3MADRLRewardFunction,masac_unified_comparable_v4,E1,-0.0,1907,14.185306512858828,1.0,0.16322056530067902,0.0,9
44,0.0,0.0,0.0,0.0,Building_7,6,MASAC,0.754755973815918,False,0.0,0.0,0.0,0.7112753391265869,8,0,0.0,0.0,-0.0,70080,-0.0,0.0,-0.6175281405448914,0.0,0.0,0.0,0.0,330,3.122593202658422,1.0,0.04651990093460137,0.0,0.0,0.0,-0.6681069135665894,CityLearnV3MADRLRewardFunction,masac_unified_comparable_v4,E1,-0.0,1907,14.185306512858828,1.0,0.16322056530067902,0.0,9
19,0.0,0.0,0.0,0.0,Building_8,7,MASAC,0.754755973815918,False,0.0,0.0,0.0,0.7112753391265869,8,0,0.0,0.0,-0.0,70080,-0.0,0.0,-0.616307258605957,0.0,0.0,0.0,0.0,155,3.116176688038064,1.0,0.09815154697505697,0.0,0.0,0.0,-0.6681069135665894,CityLearnV3MADRLRewardFunction,masac_unified_comparable_v4,E1,-0.0,1907,14.185306512858828,1.0,0.16322056530067902,0.0,9
12,0.0,0.0,0.0,0.0,Building_9,8,MASAC,0.754755973815918,False,0.0,0.0,0.0,0.7112753391265869,8,0,0.0,0.0,-0.0,70080,-0.0,0.0,-0.6324699521064758,0.0,0.0,0.0,0.0,106,3.1865560731380302,1.0,0.15026528025397434,0.0,0.0,0.0,-0.6681069135665894,CityLearnV3MADRLRewardFunction,masac_unified_comparable_v4,E1,-0.0,1907,14.185306512858828,1.0,0.16322056530067902,0.0,9
8,0.0,0.0,0.0,0.0,Building_10,9,MASAC,0.754755973815918,False,0.0,0.0,0.0,0.7112753391265869,8,0,0.0,0.0,-0.0,70080,-0.0,0.0,-0.6739963889122009,0.0,0.0,0.0,0.0,78,3.093660555670144,1.0,0.1958349525140455,0.0,0.0,0.0,-0.6681069135665894,CityLearnV3MADRLRewardFunction,masac_unified_comparable_v4,E1,-0.0,1907,14.185306512858828,1.0,0.16322056530067902,0.0,9
5,0.0,0.0,0.0,0.0,Building_11,10,MASAC,0.754755973815918,False,0.0,0.0,0.0,0.7112753391265869,8,0,0.0,0.0,-0.0,70080,-0.0,0.0,-0.7012616395950317,0.0,0.0,0.0,0.0,57,3.7273238612383506,1.0,0.3710213415161298,0.0,0.0,0.0,-0.6681069135665894,CityLearnV3MADRLRewardFunction,masac_unified_comparable_v4,E1,-0.0,1907,14.185306512858828,1.0,0.16322056530067902,0.0,9
5,1.0,1.0,0.2,0.0,Building_12,11,MASAC,0.754755973815918,False,0.0,0.0,0.0,0.7112753391265869,8,0,0.0,0.0,-0.0,70080,-0.0,0.0,-0.7195231318473816,0.0,0.0,0.0,0.0,57,4.022804308182432,1.0,0.427744971473881,0.0,0.0,0.0,-0.6681069135665894,CityLearnV3MADRLRewardFunction,masac_unified_comparable_v4,E1,-0.0,1907,14.185306512858828,1.0,0.16322056530067902,0.0,9
13,0.0,0.0,0.0,0.0,Building_13,12,MASAC,0.754755973815918,False,0.0,0.0,0.0,0.7112753391265869,8,0,0.0,0.0,-0.0,70080,-0.0,0.0,-0.6162863969802856,0.0,0.0,0.0,0.0,113,3.1295792974029033,1.0,0.13609082386128407,0.0,0.0,0.0,-0.6681069135665894,CityLearnV3MADRLRewardFunction,masac_unified_comparable_v4,E1,-0.0,1907,14.185306512858828,1.0,0.16322056530067902,0.0,9
6,0.0,0.0,0.0,0.0,Building_14,13,MASAC,0.754755973815918,False,0.0,0.0,0.0,0.7112753391265869,8,0,0.0,0.0,-0.0,70080,-0.0,0.0,-0.5928248167037964,0.0,0.0,0.0,0.0,64,4.075110235703084,1.0,0.38514563399075996,0.0,0.0,0.0,-0.6681069135665894,CityLearnV3MADRLRewardFunction,masac_unified_comparable_v4,E1,-0.0,1907,14.185306512858828,1.0,0.16322056530067902,0.0,9
10,0.0,0.0,0.0,0.0,Building_15,14,MASAC,0.754755973815918,False,0.0,0.0,0.0,0.7112753391265869,8,0,0.0,0.0,-0.0,70080,-0.0,0.0,-0.622776448726654,0.0,0.0,0.0,0.0,92,3.1466701714231347,1.0,0.16833761483228402,0.0,0.0,0.0,-0.6681069135665894,CityLearnV3MADRLRewardFunction,masac_unified_comparable_v4,E1,-0.0,1907,14.185306512858828,1.0,0.16322056530067902,0.0,9
13,0.0,0.0,0.0,0.0,Building_16,15,MASAC,0.754755973815918,False,0.0,0.0,0.0,0.7112753391265869,8,0,0.0,0.0,-0.0,70080,-0.0,0.0,-0.6975225210189819,0.0,0.0,0.0,0.0,113,3.107920786636814,1.0,0.13579179421561746,0.0,0.0,0.0,-0.6681069135665894,CityLearnV3MADRLRewardFunction,masac_unified_comparable_v4,E1,-0.0,1907,14.185306512858828,1.0,0.16322056530067902,0.0,9
13,0.0,0.0,0.0,0.0,Building_17,16,MASAC,0.754755973815918,False,0.0,0.0,0.0,0.7112753391265869,8,0,0.0,0.0,-0.0,70080,-0.0,0.0,-0.6958986520767212,0.0,0.0,0.0,0.0,113,3.1544808218172222,1.0,0.1405189779990938,0.0,0.0,0.0,-0.6681069135665894,CityLearnV3MADRLRewardFunction,masac_unified_comparable_v4,E1,-0.0,1907,14.185306512858828,1.0,0.16322056530067902,0.0,9
6,0.0,0.0,0.0,0.0,Building_1,0,MASAC,0.7900000214576721,True,0.0,0.0,0.0,0.32958081364631653,8,8750,0.0,0.0,-0.0,78830,0.0,391.586669921875,-0.8029943704605103,179.1614532470703,309.3534851074219,391.586669921875,391.586669921875,64,3.4128841464302426,1.0,0.23028393974527717,0.0,0.0,0.0,-0.7518868446350098,CityLearnV3MADRLRewardFunction,masac_unified_comparable_v4,E1,-0.0,1907,14.089150562760214,1.0,0.13168284207910658,0.0,8759
8,0.0,0.0,0.0,0.0,Building_2,1,MASAC,0.7900000214576721,True,0.0,0.0,0.0,0.32958081364631653,8,8750,0.0,0.0,-0.0,78830,0.0,0.1848604530096054,-0.6928296685218811,0.08457864075899124,0.14603976905345917,0.1848604530096054,0.1848604530096054,78,3.496765019218226,1.0,0.19153910340406957,0.0,0.0,0.0,-0.7518868446350098,CityLearnV3MADRLRewardFunction,masac_unified_comparable_v4,E1,-0.0,1907,14.089150562760214,1.0,0.13168284207910658,0.0,8759
10,0.0,0.0,0.0,0.0,Building_3,2,MASAC,0.7900000214576721,True,0.0,0.0,0.0,0.32958081364631653,8,8750,0.0,0.0,-0.0,78830,0.0,39.0087890625,-0.7796887755393982,17.847572326660156,30.816944122314453,39.0087890625,39.0087890625,92,3.2579534817025944,1.0,0.14945795289848163,0.0,0.0,0.0,-0.7518868446350098,CityLearnV3MADRLRewardFunction,masac_unified_comparable_v4,E1,-0.0,1907,14.089150562760214,1.0,0.13168284207910658,0.0,8759
8,0.0,0.0,0.0,0.0,Building_4,3,MASAC,0.7900000214576721,True,0.0,0.0,0.0,0.32958081364631653,8,8750,0.0,0.0,-0.0,78830,0.0,36.67196273803711,-0.7784714102745056,16.778411865234375,28.97085189819336,36.67196273803711,36.67196273803711,78,3.2587278516278575,1.0,0.17620817228005484,0.0,0.0,0.0,-0.7518868446350098,CityLearnV3MADRLRewardFunction,masac_unified_comparable_v4,E1,-0.0,1907,14.089150562760214,1.0,0.13168284207910658,0.0,8759
5,0.0,0.0,0.0,0.0,Building_5,4,MASAC,0.7900000214576721,True,0.0,0.0,0.0,0.32958081364631653,8,8750,0.0,0.0,-0.0,78830,0.0,54.225337982177734,-0.828749418258667,24.809553146362305,42.838016510009766,54.225337982177734,54.225337982177734,57,3.5826411476279914,1.0,0.29406195173138067,0.0,0.0,0.0,-0.7518868446350098,CityLearnV3MADRLRewardFunction,masac_unified_comparable_v4,E1,-0.0,1907,14.089150562760214,1.0,0.13168284207910658,0.0,8759
34,1.0,1.0,0.029411764705882353,0.0,Building_6,5,MASAC,0.7900000214576721,True,0.0,0.0,0.0,0.32958081364631653,8,8750,0.0,0.0,-0.0,78830,0.0,348.8946838378906,-0.8029916882514954,159.62872314453125,275.6268005371094,348.8946838378906,348.8946838378906,260,3.392977325868617,1.0,0.055731880550201125,0.0,0.0,0.0,-0.7518868446350098,CityLearnV3MADRLRewardFunction,masac_unified_comparable_v4,E1,-0.0,1907,14.089150562760214,1.0,0.13168284207910658,0.0,8759
44,0.0,0.0,0.0,0.0,Building_7,6,MASAC,0.7900000214576721,True,0.0,0.0,0.0,0.32958081364631653,8,8750,0.0,0.0,-0.0,78830,0.0,2.9800853729248047,-0.7049978971481323,1.3634693622589111,2.3542675971984863,2.9800853729248047,2.9800853729248047,330,3.392031820176036,1.0,0.043955762616612694,0.0,0.0,0.0,-0.7518868446350098,CityLearnV3MADRLRewardFunction,masac_unified_comparable_v4,E1,-0.0,1907,14.089150562760214,1.0,0.13168284207910658,0.0,8759
19,0.0,0.0,0.0,0.0,Building_8,7,MASAC,0.7900000214576721,True,0.0,0.0,0.0,0.32958081364631653,8,8750,0.0,0.0,-0.0,78830,0.0,6.19936990737915,-0.718218982219696,2.836378812789917,4.897502422332764,6.19936990737915,6.19936990737915,155,3.4039895710500288,1.0,0.09499181335972201,0.0,0.0,0.0,-0.7518868446350098,CityLearnV3MADRLRewardFunction,masac_unified_comparable_v4,E1,-0.0,1907,14.089150562760214,1.0,0.13168284207910658,0.0,8759
12,0.0,0.0,0.0,0.0,Building_9,8,MASAC,0.7900000214576721,True,0.0,0.0,0.0,0.32958081364631653,8,8750,0.0,0.0,-0.0,78830,0.0,2.1350696086883545,-0.6839885115623474,0.9768518805503845,1.6867049932479858,2.1350696086883545,2.1350696086883545,106,3.6186918159418067,1.0,0.15693317297494636,0.0,0.0,0.0,-0.7518868446350098,CityLearnV3MADRLRewardFunction,masac_unified_comparable_v4,E1,-0.0,1907,14.089150562760214,1.0,0.13168284207910658,0.0,8759
8,0.0,0.0,0.0,0.0,Building_10,9,MASAC,0.7900000214576721,True,0.0,0.0,0.0,0.32958081364631653,8,8750,0.0,0.0,-0.0,78830,0.0,16.451881408691406,-0.7514919638633728,7.52717924118042,12.996986389160156,16.451881408691406,16.451881408691406,78,3.3268276225641804,1.0,0.18060873878689912,0.0,0.0,0.0,-0.7518868446350098,CityLearnV3MADRLRewardFunction,masac_unified_comparable_v4,E1,-0.0,1907,14.089150562760214,1.0,0.13168284207910658,0.0,8759
5,0.0,0.0,0.0,0.0,Building_11,10,MASAC,0.7900000214576721,True,0.0,0.0,0.0,0.32958081364631653,8,8750,0.0,0.0,-0.0,78830,0.0,66.45198059082031,-0.7851861715316772,30.40357208251953,52.497066497802734,66.45198059082031,66.45198059082031,57,3.3307127112356105,1.0,0.24618295697789444,0.0,0.0,0.0,-0.7518868446350098,CityLearnV3MADRLRewardFunction,masac_unified_comparable_v4,E1,-0.0,1907,14.089150562760214,1.0,0.13168284207910658,0.0,8759
5,0.0,0.0,0.0,0.0,Building_12,11,MASAC,0.7900000214576721,True,0.0,0.0,0.0,0.32958081364631653,8,8750,0.0,0.0,-0.0,78830,0.0,155.388671875,-0.8013743758201599,71.0945053100586,122.7570571899414,155.388671875,155.388671875,57,3.388393349038308,1.0,0.25765137217546763,0.0,0.0,0.0,-0.7518868446350098,CityLearnV3MADRLRewardFunction,masac_unified_comparable_v4,E1,-0.0,1907,14.089150562760214,1.0,0.13168284207910658,0.0,8759
13,0.0,0.0,0.0,0.0,Building_13,12,MASAC,0.7900000214576721,True,0.0,0.0,0.0,0.32958081364631653,8,8750,0.0,0.0,-0.0,78830,0.0,0.1047736182808876,-0.6924493908882141,0.04793675243854523,0.08277115970849991,0.1047736182808876,0.1047736182808876,113,3.3571716190907184,1.0,0.12505476770147814,0.0,0.0,0.0,-0.7518868446350098,CityLearnV3MADRLRewardFunction,masac_unified_comparable_v4,E1,-0.0,1907,14.089150562760214,1.0,0.13168284207910658,0.0,8759
6,0.0,0.0,0.0,0.0,Building_14,13,MASAC,0.7900000214576721,True,0.0,0.0,0.0,0.32958081364631653,8,8750,0.0,0.0,-0.0,78830,0.0,1.3521205186843872,-0.6980507373809814,0.6186316013336182,1.068175196647644,1.3521205186843872,1.3521205186843872,64,3.4648592143207697,1.0,0.23145869188010693,0.0,0.0,0.0,-0.7518868446350098,CityLearnV3MADRLRewardFunction,masac_unified_comparable_v4,E1,-0.0,1907,14.089150562760214,1.0,0.13168284207910658,0.0,8759
10,1.0,1.0,0.1,0.0,Building_15,14,MASAC,0.7900000214576721,True,0.0,0.0,0.0,0.32958081364631653,8,8750,0.0,0.0,-0.0,78830,0.0,15.147623062133789,-0.7508707642555237,6.930445671081543,11.966622352600098,15.147623062133789,15.147623062133789,92,3.515872012547906,1.0,0.16677464901105218,0.0,0.0,0.0,-0.7518868446350098,CityLearnV3MADRLRewardFunction,masac_unified_comparable_v4,E1,-0.0,1907,14.089150562760214,1.0,0.13168284207910658,0.0,8759
13,0.0,0.0,0.0,0.0,Building_16,15,MASAC,0.7900000214576721,True,0.0,0.0,0.0,0.32958081364631653,8,8750,0.0,0.0,-0.0,78830,0.0,11.957420349121094,-0.7402030229568481,5.470841884613037,9.446362495422363,11.957420349121094,11.957420349121094,113,3.3891362914309044,1.0,0.12825759533232292,0.0,0.0,0.0,-0.7518868446350098,CityLearnV3MADRLRewardFunction,masac_unified_comparable_v4,E1,-0.0,1907,14.089150562760214,1.0,0.13168284207910658,0.0,8759
13,1.0,1.0,0.07692307692307693,0.0,Building_17,16,MASAC,0.7900000214576721,True,0.0,0.0,0.0,0.32958081364631653,8,8750,0.0,0.0,-0.0,78830,0.0,23.087642669677734,-0.7695184946060181,10.56321907043457,18.239238739013672,23.087642669677734,23.087642669677734,113,3.477613187370483,1.0,0.13490052982769182,0.0,0.0,0.0,-0.7518868446350098,CityLearnV3MADRLRewardFunction,masac_unified_comparable_v4,E1,-0.0,1907,14.089150562760214,1.0,0.13168284207910658,0.0,8759
6,0.0,0.0,0.0,0.0,Building_1,0,MASAC,0.7126550078392029,False,0.0,0.0,0.0,0.6440863609313965,9,0,0.0,0.0,-0.0,78840,-0.0,0.0,-0.8416621685028076,0.0,0.0,0.0,0.0,64,3.1413762246854446,0.9330127239227295,0.24511666898615658,0.0,0.0,0.0,-0.8128288984298706,CityLearnV3MADRLRewardFunction,masac_unified_comparable_v4,E1,-0.0,1907,14.717471259735944,1.0,0.1710648028046678,0.0,10
8,0.0,0.0,0.0,0.0,Building_2,1,MASAC,0.7126550078392029,False,0.0,0.0,0.0,0.6440863609313965,9,0,0.0,0.0,-0.0,78840,-0.0,0.0,-0.7690292596817017,0.0,0.0,0.0,0.0,78,3.160211730667647,0.9693514108657837,0.19815045022047484,0.0,0.0,0.0,-0.8128288984298706,CityLearnV3MADRLRewardFunction,masac_unified_comparable_v4,E1,-0.0,1907,14.717471259735944,1.0,0.1710648028046678,0.0,10
10,0.0,0.0,0.0,0.0,Building_3,2,MASAC,0.7126550078392029,False,0.0,0.0,0.0,0.6440863609313965,9,0,0.0,0.0,-0.0,78840,-0.0,0.0,-0.8989101052284241,0.0,0.0,0.0,0.0,92,4.4054142184691685,1.0,0.302210146561265,0.0,0.0,0.0,-0.8128288984298706,CityLearnV3MADRLRewardFunction,masac_unified_comparable_v4,E1,-0.0,1907,14.717471259735944,1.0,0.1710648028046678,0.0,10
8,0.0,0.0,0.0,0.0,Building_4,3,MASAC,0.7126550078392029,False,0.0,0.0,0.0,0.6440863609313965,9,0,0.0,0.0,-0.0,78840,-0.0,0.0,-0.834382176399231,0.0,0.0,0.0,0.0,78,3.581518118289467,1.0,0.24852851625436392,0.0,0.0,0.0,-0.8128288984298706,CityLearnV3MADRLRewardFunction,masac_unified_comparable_v4,E1,-0.0,1907,14.717471259735944,1.0,0.1710648028046678,0.0,10
5,0.0,0.0,0.0,0.0,Building_5,4,MASAC,0.7126550078392029,False,0.0,0.0,0.0,0.6440863609313965,9,0,0.0,0.0,-0.0,78840,-0.0,0.0,-0.8315098285675049,0.0,0.0,0.0,0.0,57,3.511429516477804,1.0,0.3305276147367662,0.0,0.0,0.0,-0.8128288984298706,CityLearnV3MADRLRewardFunction,masac_unified_comparable_v4,E1,-0.0,1907,14.717471259735944,1.0,0.1710648028046678,0.0,10
34,1.0,1.0,0.029411764705882353,0.0,Building_6,5,MASAC,0.7126550078392029,False,0.0,0.0,0.0,0.6440863609313965,9,0,0.0,0.0,-0.0,78840,-0.0,0.0,-0.8416650295257568,0.0,0.0,0.0,0.0,260,4.8190209214554995,1.0,0.12712560367698852,0.0,0.0,0.0,-0.8128288984298706,CityLearnV3MADRLRewardFunction,masac_unified_comparable_v4,E1,-0.0,1907,14.717471259735944,1.0,0.1710648028046678,0.0,10
44,0.0,0.0,0.0,0.0,Building_7,6,MASAC,0.7126550078392029,False,0.0,0.0,0.0,0.6440863609313965,9,0,0.0,0.0,-0.0,78840,-0.0,0.0,-0.8075999617576599,0.0,0.0,0.0,0.0,330,3.1426480046811487,0.9330127239227295,0.046522618841492766,0.0,0.0,0.0,-0.8128288984298706,CityLearnV3MADRLRewardFunction,masac_unified_comparable_v4,E1,-0.0,1907,14.717471259735944,1.0,0.1710648028046678,0.0,10
19,0.0,0.0,0.0,0.0,Building_8,7,MASAC,0.7126550078392029,False,0.0,0.0,0.0,0.6440863609313965,9,0,0.0,0.0,-0.0,78840,-0.0,0.0,-0.8055179715156555,0.0,0.0,0.0,0.0,155,3.1581816710577963,0.9522910714149475,0.09930171803120644,0.0,0.0,0.0,-0.8128288984298706,CityLearnV3MADRLRewardFunction,masac_unified_comparable_v4,E1,-0.0,1907,14.717471259735944,1.0,0.1710648028046678,0.0,10
12,0.0,0.0,0.0,0.0,Building_9,8,MASAC,0.7126550078392029,False,0.0,0.0,0.0,0.6440863609313965,9,0,0.0,0.0,-0.0,78840,-0.0,0.0,-0.7527966499328613,0.0,0.0,0.0,0.0,106,3.2760485275574287,0.9783581495285034,0.15372566179425087,0.0,0.0,0.0,-0.8128288984298706,CityLearnV3MADRLRewardFunction,masac_unified_comparable_v4,E1,-0.0,1907,14.717471259735944,1.0,0.1710648028046678,0.0,10
8,0.0,0.0,0.0,0.0,Building_10,9,MASAC,0.7126550078392029,False,0.0,0.0,0.0,0.6440863609313965,9,0,0.0,0.0,-0.0,78840,-0.0,0.0,-0.8405281901359558,0.0,0.0,0.0,0.0,78,3.136050225787047,0.9330127239227295,0.1993964981729499,0.0,0.0,0.0,-0.8128288984298706,CityLearnV3MADRLRewardFunction,masac_unified_comparable_v4,E1,-0.0,1907,14.717471259735944,1.0,0.1710648028046678,0.0,10
5,0.0,0.0,0.0,0.0,Building_11,10,MASAC,0.7126550078392029,False,0.0,0.0,0.0,0.6440863609313965,9,0,0.0,0.0,-0.0,78840,-0.0,0.0,-0.8223780393600464,0.0,0.0,0.0,0.0,57,3.8210113059926902,1.0,0.3795085583339658,0.0,0.0,0.0,-0.8128288984298706,CityLearnV3MADRLRewardFunction,masac_unified_comparable_v4,E1,-0.0,1907,14.717471259735944,1.0,0.1710648028046678,0.0,10
5,0.0,0.0,0.0,0.0,Building_12,11,MASAC,0.7126550078392029,False,0.0,0.0,0.0,0.6440863609313965,9,0,0.0,0.0,-0.0,78840,-0.0,0.0,-0.8196904063224792,0.0,0.0,0.0,0.0,57,4.064844471640275,1.0,0.42600633801990434,0.0,0.0,0.0,-0.8128288984298706,CityLearnV3MADRLRewardFunction,masac_unified_comparable_v4,E1,-0.0,1907,14.717471259735944,1.0,0.1710648028046678,0.0,10
13,0.0,0.0,0.0,0.0,Building_13,12,MASAC,0.7126550078392029,False,0.0,0.0,0.0,0.6440863609313965,9,0,0.0,0.0,-0.0,78840,-0.0,0.0,-0.7811087965965271,0.0,0.0,0.0,0.0,113,3.1172695753203876,0.9330127239227295,0.13352028577201133,0.0,0.0,0.0,-0.8128288984298706,CityLearnV3MADRLRewardFunction,masac_unified_comparable_v4,E1,-0.0,1907,14.717471259735944,1.0,0.1710648028046678,0.0,10
6,0.0,0.0,0.0,0.0,Building_14,13,MASAC,0.7126550078392029,False,0.0,0.0,0.0,0.6440863609313965,9,0,0.0,0.0,-0.0,78840,-0.0,0.0,-0.7073138952255249,0.0,0.0,0.0,0.0,64,4.150100238639457,1.0,0.39431451773270965,0.0,0.0,0.0,-0.8128288984298706,CityLearnV3MADRLRewardFunction,masac_unified_comparable_v4,E1,-0.0,1907,14.717471259735944,1.0,0.1710648028046678,0.0,10
10,0.0,0.0,0.0,0.0,Building_15,14,MASAC,0.7126550078392029,False,0.0,0.0,0.0,0.6440863609313965,9,0,0.0,0.0,-0.0,78840,-0.0,0.0,-0.8094011545181274,0.0,0.0,0.0,0.0,92,3.140117979842241,0.9605019092559814,0.16722000390291214,0.0,0.0,0.0,-0.8128288984298706,CityLearnV3MADRLRewardFunction,masac_unified_comparable_v4,E1,-0.0,1907,14.717471259735944,1.0,0.1710648028046678,0.0,10
13,0.0,0.0,0.0,0.0,Building_16,15,MASAC,0.7126550078392029,False,0.0,0.0,0.0,0.6440863609313965,9,0,0.0,0.0,-0.0,78840,-0.0,0.0,-0.8308342695236206,0.0,0.0,0.0,0.0,113,3.1325293436958708,0.9330127239227295,0.13536297127736352,0.0,0.0,0.0,-0.8128288984298706,CityLearnV3MADRLRewardFunction,masac_unified_comparable_v4,E1,-0.0,1907,14.717471259735944,1.0,0.1710648028046678,0.0,10
13,0.0,0.0,0.0,0.0,Building_17,16,MASAC,0.7126550078392029,False,0.0,0.0,0.0,0.6440863609313965,9,0,0.0,0.0,-0.0,78840,-0.0,0.0,-0.8237627148628235,0.0,0.0,0.0,0.0,113,3.2872796718675596,0.9330127239227295,0.14588923996264955,0.0,0.0,0.0,-0.8128288984298706,CityLearnV3MADRLRewardFunction,masac_unified_comparable_v4,E1,-0.0,1907,14.717471259735944,1.0,0.1710648028046678,0.0,10
6,0.0,0.0,0.0,0.0,Building_1,0,MASAC,0.7900000214576721,True,0.0,0.0,0.0,0.28695225715637207,9,8749,0.0,0.0,-0.0,87589,0.0,433.45458984375,-0.8368141055107117,172.66647338867188,342.42913818359375,433.45458984375,433.45458984375,64,3.3077424914669926,1.0,0.21971866709645838,0.0,0.0,0.0,-0.7978091239929199,CityLearnV3MADRLRewardFunction,masac_unified_comparable_v4,E1,-0.0,1907,13.845304477671283,1.0,0.1274872398991421,0.0,8759
8,0.0,0.0,0.0,0.0,Building_2,1,MASAC,0.7900000214576721,True,0.0,0.0,0.0,0.28695225715637207,9,8749,0.0,0.0,-0.0,87589,0.0,15.16435432434082,-0.7831290364265442,6.040714740753174,11.979840278625488,15.16435432434082,15.16435432434082,78,3.361192095946736,1.0,0.18414357371437243,0.0,0.0,0.0,-0.7978091239929199,CityLearnV3MADRLRewardFunction,masac_unified_comparable_v4,E1,-0.0,1907,13.845304477671283,1.0,0.1274872398991421,0.0,8759
10,0.0,0.0,0.0,0.0,Building_3,2,MASAC,0.7900000214576721,True,0.0,0.0,0.0,0.28695225715637207,9,8749,0.0,0.0,-0.0,87589,0.0,94.53981018066406,-0.8209218382835388,37.65989685058594,74.68645477294922,94.53981018066406,94.53981018066406,92,3.1966359185620594,1.0,0.14380579368899699,0.0,0.0,0.0,-0.7978091239929199,CityLearnV3MADRLRewardFunction,masac_unified_comparable_v4,E1,-0.0,1907,13.845304477671283,1.0,0.1274872398991421,0.0,8759
8,0.0,0.0,0.0,0.0,Building_4,3,MASAC,0.7900000214576721,True,0.0,0.0,0.0,0.28695225715637207,9,8749,0.0,0.0,-0.0,87589,0.0,31.04317283630371,-0.8136886954307556,12.366035461425781,24.524106979370117,31.04317283630371,31.04317283630371,78,3.315316192150594,1.0,0.1783681743993209,0.0,0.0,0.0,-0.7978091239929199,CityLearnV3MADRLRewardFunction,masac_unified_comparable_v4,E1,-0.0,1907,13.845304477671283,1.0,0.1274872398991421,0.0,8759
5,1.0,0.0,-0.2,-1.0,Building_5,4,MASAC,0.7900000214576721,True,-29.536623001098633,0.0,0.0,0.28695225715637207,9,8749,0.0,0.0,-0.0,87589,0.0,9.002347946166992,-0.8298609852790833,3.5860817432403564,7.1118550300598145,9.002347946166992,38.538970947265625,57,3.5696176932766703,1.0,0.28810568611349974,0.0,0.0,0.0,-0.7978091239929199,CityLearnV3MADRLRewardFunction,masac_unified_comparable_v4,E1,-0.0,1907,13.845304477671283,1.0,0.1274872398991421,0.0,8759
34,0.0,0.0,0.0,0.0,Building_6,5,MASAC,0.7900000214576721,True,0.0,0.0,0.0,0.28695225715637207,9,8749,0.0,0.0,-0.0,87589,0.0,362.8901062011719,-0.8368108868598938,144.55712890625,286.6831970214844,362.8901062011719,362.8901062011719,260,3.3233320192835873,1.0,0.053564571961760524,0.0,0.0,0.0,-0.7978091239929199,CityLearnV3MADRLRewardFunction,masac_unified_comparable_v4,E1,-0.0,1907,13.845304477671283,1.0,0.1274872398991421,0.0,8759
44,1.0,1.0,0.022727272727272728,0.0,Building_7,6,MASAC,0.7900000214576721,True,0.0,0.0,0.0,0.28695225715637207,9,8749,0.0,0.0,-0.0,87589,0.0,12.664111137390137,-0.7767004370689392,5.044743537902832,10.004648208618164,12.664111137390137,12.664111137390137,330,3.4035305093354697,1.0,0.04357326753211744,0.0,0.0,0.0,-0.7978091239929199,CityLearnV3MADRLRewardFunction,masac_unified_comparable_v4,E1,-0.0,1907,13.845304477671283,1.0,0.1274872398991421,0.0,8759
19,0.0,0.0,0.0,0.0,Building_8,7,MASAC,0.7900000214576721,True,0.0,0.0,0.0,0.28695225715637207,9,8749,0.0,0.0,-0.0,87589,0.0,12.065996170043945,-0.772210419178009,4.806484699249268,9.532136917114258,12.065996170043945,12.065996170043945,155,3.318362075631787,1.0,0.09061738911174959,0.0,0.0,0.0,-0.7978091239929199,CityLearnV3MADRLRewardFunction,masac_unified_comparable_v4,E1,-0.0,1907,13.845304477671283,1.0,0.1274872398991421,0.0,8759
12,0.0,0.0,0.0,0.0,Building_9,8,MASAC,0.7900000214576721,True,0.0,0.0,0.0,0.28695225715637207,9,8749,0.0,0.0,-0.0,87589,0.0,2.290161371231079,-0.7185702919960022,0.9122849106788635,1.8092275857925415,2.290161371231079,2.290161371231079,106,3.649260526212397,1.0,0.15569875340135592,0.0,0.0,0.0,-0.7978091239929199,CityLearnV3MADRLRewardFunction,masac_unified_comparable_v4,E1,-0.0,1907,13.845304477671283,1.0,0.1274872398991421,0.0,8759
8,0.0,0.0,0.0,0.0,Building_10,9,MASAC,0.7900000214576721,True,0.0,0.0,0.0,0.28695225715637207,9,8749,0.0,0.0,-0.0,87589,0.0,51.649574279785156,-0.8210155963897705,20.574588775634766,40.803165435791016,51.649574279785156,51.649574279785156,78,3.2702391085620244,1.0,0.17741450199331993,0.0,0.0,0.0,-0.7978091239929199,CityLearnV3MADRLRewardFunction,masac_unified_comparable_v4,E1,-0.0,1907,13.845304477671283,1.0,0.1274872398991421,0.0,8759
5,0.0,0.0,0.0,0.0,Building_11,10,MASAC,0.7900000214576721,True,0.0,0.0,0.0,0.28695225715637207,9,8749,0.0,0.0,-0.0,87589,0.0,71.54803466796875,-0.8288003206253052,28.501131057739258,56.52294921875,71.54803466796875,71.54803466796875,57,3.342099845762083,1.0,0.24687844273029713,0.0,0.0,0.0,-0.7978091239929199,CityLearnV3MADRLRewardFunction,masac_unified_comparable_v4,E1,-0.0,1907,13.845304477671283,1.0,0.1274872398991421,0.0,8759
5,0.0,0.0,0.0,0.0,Building_12,11,MASAC,0.7900000214576721,True,0.0,0.0,0.0,0.28695225715637207,9,8749,0.0,0.0,-0.0,87589,0.0,215.11593627929688,-0.8366178870201111,85.69135284423828,169.94158935546875,215.11593627929688,215.11593627929688,57,3.355761567894606,1.0,0.2508920555313428,0.0,0.0,0.0,-0.7978091239929199,CityLearnV3MADRLRewardFunction,masac_unified_comparable_v4,E1,-0.0,1907,13.845304477671283,1.0,0.1274872398991421,0.0,8759
13,0.0,0.0,0.0,0.0,Building_13,12,MASAC,0.7900000214576721,True,0.0,0.0,0.0,0.28695225715637207,9,8749,0.0,0.0,-0.0,87589,0.0,2.033022403717041,-0.7346383333206177,0.8098536729812622,1.6060876846313477,2.033022403717041,2.033022403717041,113,3.3173807706325045,1.0,0.12311263942876749,0.0,0.0,0.0,-0.7978091239929199,CityLearnV3MADRLRewardFunction,masac_unified_comparable_v4,E1,-0.0,1907,13.845304477671283,1.0,0.1274872398991421,0.0,8759
6,0.0,0.0,0.0,0.0,Building_14,13,MASAC,0.7900000214576721,True,0.0,0.0,0.0,0.28695225715637207,9,8749,0.0,0.0,-0.0,87589,0.0,2.6149511337280273,-0.7373841404914856,1.041664719581604,2.0658113956451416,2.6149511337280273,2.6149511337280273,64,3.381976003856561,1.0,0.2212906883796677,0.0,0.0,0.0,-0.7978091239929199,CityLearnV3MADRLRewardFunction,masac_unified_comparable_v4,E1,-0.0,1907,13.845304477671283,1.0,0.1274872398991421,0.0,8759
10,1.0,1.0,0.1,0.0,Building_15,14,MASAC,0.7900000214576721,True,0.0,0.0,0.0,0.28695225715637207,9,8749,0.0,0.0,-0.0,87589,0.0,19.521480560302734,-0.7931728959083557,7.776374340057373,15.42197036743164,19.521480560302734,19.521480560302734,92,3.359034626305963,1.0,0.15646530064227787,0.0,0.0,0.0,-0.7978091239929199,CityLearnV3MADRLRewardFunction,masac_unified_comparable_v4,E1,-0.0,1907,13.845304477671283,1.0,0.1274872398991421,0.0,8759
13,0.0,0.0,0.0,0.0,Building_16,15,MASAC,0.7900000214576721,True,0.0,0.0,0.0,0.28695225715637207,9,8749,0.0,0.0,-0.0,87589,0.0,54.89390563964844,-0.8207366466522217,21.866966247558594,43.366188049316406,54.89390563964844,54.89390563964844,113,3.2367619309951747,1.0,0.1198213331203545,0.0,0.0,0.0,-0.7978091239929199,CityLearnV3MADRLRewardFunction,masac_unified_comparable_v4,E1,-0.0,1907,13.845304477671283,1.0,0.1274872398991421,0.0,8759
13,0.0,0.0,0.0,0.0,Building_17,16,MASAC,0.7900000214576721,True,0.0,0.0,0.0,0.28695225715637207,9,8749,0.0,0.0,-0.0,87589,0.0,22.46647071838379,-0.8016836643218994,8.949509620666504,17.748512268066406,22.46647071838379,22.46647071838379,113,3.3491455884733354,1.0,0.1243554688001101,0.0,0.0,0.0,-0.7978091239929199,CityLearnV3MADRLRewardFunction,masac_unified_comparable_v4,E1,-0.0,1907,13.845304477671283,1.0,0.1274872398991421,0.0,8759
6,0.0,0.0,0.0,0.0,Building_1,0,MASAC,0.7063130140304565,False,0.0,0.0,0.0,0.536568820476532,10,0,0.0,0.0,-0.0,87600,-0.0,0.0,-0.8934842944145203,0.0,0.0,0.0,0.0,64,3.0822531405398768,1.0,0.23408660077257082,0.0,-0.0,387.1050535354614,-0.8780630826950073,CityLearnV3MADRLRewardFunction,masac_unified_comparable_v4,E1,-387.1050535354614,1907,14.731646241485189,1.0,0.1687733732365603,0.0,11
8,0.0,0.0,0.0,0.0,Building_2,1,MASAC,0.7063130140304565,False,0.0,0.0,0.0,0.536568820476532,10,0,0.0,0.0,-0.0,87600,-0.0,0.0,-0.8612589240074158,0.0,0.0,0.0,0.0,78,3.0883543079071845,1.0,0.18718591838693008,0.0,-0.0,221.7464208984375,-0.8780630826950073,CityLearnV3MADRLRewardFunction,masac_unified_comparable_v4,E1,-221.7464208984375,1907,14.731646241485189,1.0,0.1687733732365603,0.0,11
10,0.0,0.0,0.0,0.0,Building_3,2,MASAC,0.7063130140304565,False,0.0,0.0,0.0,0.536568820476532,10,0,0.0,0.0,-0.0,87600,-0.0,0.0,-0.9630754590034485,0.0,0.0,0.0,0.0,92,4.230266024024259,1.0,0.28011493449625763,0.0,-0.0,162.44882873535155,-0.8780630826950073,CityLearnV3MADRLRewardFunction,masac_unified_comparable_v4,E1,-162.44882873535155,1907,14.731646241485189,1.0,0.1687733732365603,0.0,11
8,0.0,0.0,0.0,0.0,Building_4,3,MASAC,0.7063130140304565,False,0.0,0.0,0.0,0.536568820476532,10,0,0.0,0.0,-0.0,87600,-0.0,0.0,-0.8908388018608093,0.0,0.0,0.0,0.0,78,3.8796552348010005,1.0,0.2842911170461239,0.0,-0.0,68.90947340087891,-0.8780630826950073,CityLearnV3MADRLRewardFunction,masac_unified_comparable_v4,E1,-68.90947340087891,1907,14.731646241485189,1.0,0.1687733732365603,0.0,11
5,0.0,0.0,0.0,0.0,Building_5,4,MASAC,0.7063130140304565,False,0.0,0.0,0.0,0.536568820476532,10,0,0.0,0.0,-0.0,87600,-0.0,0.0,-0.8850305080413818,0.0,0.0,0.0,0.0,57,3.425750375009402,1.0,0.3114961533431421,0.0,-0.0,28.555298928070073,-0.8780630826950073,CityLearnV3MADRLRewardFunction,masac_unified_comparable_v4,E1,-28.555298928070073,1907,14.731646241485189,1.0,0.1687733732365603,0.0,11
34,0.0,0.0,0.0,0.0,Building_6,5,MASAC,0.7063130140304565,False,0.0,0.0,0.0,0.536568820476532,10,0,0.0,0.0,-0.0,87600,-0.0,0.0,-0.8452557921409607,0.0,0.0,0.0,0.0,260,5.428883725425435,1.0,0.15559793306657901,0.0,-0.0,574.7567018722533,-0.8780630826950073,CityLearnV3MADRLRewardFunction,masac_unified_comparable_v4,E1,-574.7567018722533,1907,14.731646241485189,1.0,0.1687733732365603,0.0,11
44,1.0,1.0,0.022727272727272728,0.0,Building_7,6,MASAC,0.7063130140304565,False,0.0,0.0,0.0,0.536568820476532,10,0,0.0,0.0,-0.0,87600,-0.0,0.0,-0.8788882493972778,0.0,0.0,0.0,0.0,330,3.078976925614092,1.0,0.04456980560313572,0.0,-0.0,219.98439057540892,-0.8780630826950073,CityLearnV3MADRLRewardFunction,masac_unified_comparable_v4,E1,-219.98439057540892,1907,14.731646241485189,1.0,0.1687733732365603,0.0,11
19,1.0,1.0,0.05263157894736842,0.0,Building_8,7,MASAC,0.7063130140304565,False,0.0,0.0,0.0,0.536568820476532,10,0,0.0,0.0,-0.0,87600,-0.0,0.0,-0.8702879548072815,0.0,0.0,0.0,0.0,155,3.1257643622257705,1.0,0.09569962733996011,0.0,-0.0,585.336600744629,-0.8780630826950073,CityLearnV3MADRLRewardFunction,masac_unified_comparable_v4,E1,-585.336600744629,1907,14.731646241485189,1.0,0.1687733732365603,0.0,11
12,0.0,0.0,0.0,0.0,Building_9,8,MASAC,0.7063130140304565,False,0.0,0.0,0.0,0.536568820476532,10,0,0.0,0.0,-0.0,87600,-0.0,0.0,-0.8101478815078735,0.0,0.0,0.0,0.0,106,3.2206080021795933,1.0,0.14695587135710805,0.0,-0.0,120.84258842544554,-0.8780630826950073,CityLearnV3MADRLRewardFunction,masac_unified_comparable_v4,E1,-120.84258842544554,1907,14.731646241485189,1.0,0.1687733732365603,0.0,11
8,0.0,0.0,0.0,0.0,Building_10,9,MASAC,0.7063130140304565,False,0.0,0.0,0.0,0.536568820476532,10,0,0.0,0.0,-0.0,87600,-0.0,0.0,-0.8931363224983215,0.0,0.0,0.0,0.0,78,3.1309169300527926,1.0,0.19413947514616525,0.0,-0.0,395.46037368392945,-0.8780630826950073,CityLearnV3MADRLRewardFunction,masac_unified_comparable_v4,E1,-395.46037368392945,1907,14.731646241485189,1.0,0.1687733732365603,0.0,11
5,0.0,0.0,0.0,0.0,Building_11,10,MASAC,0.7063130140304565,False,0.0,0.0,0.0,0.536568820476532,10,0,0.0,0.0,-0.0,87600,-0.0,0.0,-0.8753877282142639,0.0,0.0,0.0,0.0,57,3.731778140660856,1.0,0.3592870980501175,0.0,-0.0,1171.8943623680116,-0.8780630826950073,CityLearnV3MADRLRewardFunction,masac_unified_comparable_v4,E1,-1171.8943623680116,1907,14.731646241485189,1.0,0.1687733732365603,0.0,11
5,1.0,1.0,0.2,0.0,Building_12,11,MASAC,0.7063130140304565,False,0.0,0.0,0.0,0.536568820476532,10,0,0.0,0.0,-0.0,87600,-0.0,0.0,-0.9006802439689636,0.0,0.0,0.0,0.0,57,4.08602929294476,1.0,0.41741396839681427,0.0,-0.0,506.2779929351807,-0.8780630826950073,CityLearnV3MADRLRewardFunction,masac_unified_comparable_v4,E1,-506.2779929351807,1907,14.731646241485189,1.0,0.1687733732365603,0.0,11
13,0.0,0.0,0.0,0.0,Building_13,12,MASAC,0.7063130140304565,False,0.0,0.0,0.0,0.536568820476532,10,0,0.0,0.0,-0.0,87600,-0.0,0.0,-0.8483296036720276,0.0,0.0,0.0,0.0,113,3.077560314093167,1.0,0.1284067841098372,0.0,-0.0,74.1133517791748,-0.8780630826950073,CityLearnV3MADRLRewardFunction,masac_unified_comparable_v4,E1,-74.1133517791748,1907,14.731646241485189,1.0,0.1687733732365603,0.0,11
6,0.0,0.0,0.0,0.0,Building_14,13,MASAC,0.7063130140304565,False,0.0,0.0,0.0,0.536568820476532,10,0,0.0,0.0,-0.0,87600,-0.0,0.0,-0.8800011873245239,0.0,0.0,0.0,0.0,64,3.856872371700079,1.0,0.3397584684425965,0.0,-0.0,493.4720772193908,-0.8780630826950073,CityLearnV3MADRLRewardFunction,masac_unified_comparable_v4,E1,-493.4720772193908,1907,14.731646241485189,1.0,0.1687733732365603,0.0,11
10,0.0,0.0,0.0,0.0,Building_15,14,MASAC,0.7063130140304565,False,0.0,0.0,0.0,0.536568820476532,10,0,0.0,0.0,-0.0,87600,-0.0,0.0,-0.8742771744728088,0.0,0.0,0.0,0.0,92,3.1659140660557745,1.0,0.16855850840068382,0.0,-0.0,271.2505683425903,-0.8780630826950073,CityLearnV3MADRLRewardFunction,masac_unified_comparable_v4,E1,-271.2505683425903,1907,14.731646241485189,1.0,0.1687733732365603,0.0,11
13,0.0,0.0,0.0,0.0,Building_16,15,MASAC,0.7063130140304565,False,0.0,0.0,0.0,0.536568820476532,10,0,0.0,0.0,-0.0,87600,-0.0,0.0,-0.8815260529518127,0.0,0.0,0.0,0.0,113,3.0586651139470793,1.0,0.12792016519645674,0.0,-0.0,282.38809242553714,-0.8780630826950073,CityLearnV3MADRLRewardFunction,masac_unified_comparable_v4,E1,-282.38809242553714,1907,14.731646241485189,1.0,0.1687733732365603,0.0,11
13,0.0,0.0,0.0,0.0,Building_17,16,MASAC,0.7063130140304565,False,0.0,0.0,0.0,0.536568820476532,10,0,0.0,0.0,-0.0,87600,-0.0,0.0,-0.8754664063453674,0.0,0.0,0.0,0.0,113,3.170996157550743,1.0,0.13594906117800062,0.0,-0.0,44.20090156173706,-0.8780630826950073,CityLearnV3MADRLRewardFunction,masac_unified_comparable_v4,E1,-44.20090156173706,1907,14.731646241485189,1.0,0.1687733732365603,0.0,11
6,0.0,0.0,0.0,0.0,Building_1,0,MASAC,0.7900000214576721,True,0.0,0.0,0.0,0.5087285041809082,10,8748,0.0,0.0,-0.0,96348,0.0,446.8856201171875,-0.8398681879043579,295.8052062988281,353.0396423339844,446.8856201171875,446.8856201171875,64,3.5224275531727094,1.0,0.2502759648486972,0.0,0.0,0.0,-0.8031081557273865,CityLearnV3MADRLRewardFunction,masac_unified_comparable_v4,E1,-0.0,1907,14.648880241330044,1.0,0.14427904855395463,0.0,8759
8,0.0,0.0,0.0,0.0,Building_2,1,MASAC,0.7900000214576721,True,0.0,0.0,0.0,0.5087285041809082,10,8748,0.0,0.0,-0.0,96348,0.0,5.618855953216553,-0.7541304230690002,3.719266653060913,4.438896179199219,5.618855953216553,5.618855953216553,78,3.549627052916146,1.0,0.20437134840549567,0.0,0.0,0.0,-0.8031081557273865,CityLearnV3MADRLRewardFunction,masac_unified_comparable_v4,E1,-0.0,1907,14.648880241330044,1.0,0.14427904855395463,0.0,8759
10,1.0,1.0,0.1,0.0,Building_3,2,MASAC,0.7900000214576721,True,0.0,0.0,0.0,0.5087285041809082,10,8748,0.0,0.0,-0.0,96348,0.0,98.17061614990234,-0.8365268707275391,64.98168182373047,77.5547866821289,98.17061614990234,98.17061614990234,92,3.541424619222747,1.0,0.17302627343198526,0.0,0.0,0.0,-0.8031081557273865,CityLearnV3MADRLRewardFunction,masac_unified_comparable_v4,E1,-0.0,1907,14.648880241330044,1.0,0.14427904855395463,0.0,8759
8,0.0,0.0,0.0,0.0,Building_4,3,MASAC,0.7900000214576721,True,0.0,0.0,0.0,0.5087285041809082,10,8748,0.0,0.0,-0.0,96348,0.0,28.84416961669922,-0.810562014579773,19.09270477294922,22.786893844604492,28.84416961669922,28.84416961669922,78,3.389986745149107,1.0,0.19328884130869156,0.0,0.0,0.0,-0.8031081557273865,CityLearnV3MADRLRewardFunction,masac_unified_comparable_v4,E1,-0.0,1907,14.648880241330044,1.0,0.14427904855395463,0.0,8759
5,0.0,0.0,0.0,0.0,Building_5,4,MASAC,0.7900000214576721,True,0.0,0.0,0.0,0.5087285041809082,10,8748,0.0,0.0,-0.0,96348,0.0,37.89287567138672,-0.8594345450401306,25.082279205322266,29.935373306274414,37.89287567138672,37.89287567138672,57,3.7256647667633267,1.0,0.3192874441544215,0.0,0.0,0.0,-0.8031081557273865,CityLearnV3MADRLRewardFunction,masac_unified_comparable_v4,E1,-0.0,1907,14.648880241330044,1.0,0.14427904855395463,0.0,8759
34,0.0,0.0,0.0,0.0,Building_6,5,MASAC,0.7900000214576721,True,0.0,0.0,0.0,0.5087285041809082,10,8748,0.0,0.0,-0.0,96348,0.0,350.8894348144531,-0.8398611545562744,232.26283264160156,277.2026672363281,350.8894348144531,350.8894348144531,260,3.516602519337783,1.0,0.060760439244600443,0.0,0.0,0.0,-0.8031081557273865,CityLearnV3MADRLRewardFunction,masac_unified_comparable_v4,E1,-0.0,1907,14.648880241330044,1.0,0.14427904855395463,0.0,8759
44,0.0,0.0,0.0,0.0,Building_7,6,MASAC,0.7900000214576721,True,0.0,0.0,0.0,0.5087285041809082,10,8748,0.0,0.0,-0.0,96348,0.0,18.66022491455078,-0.7949769496917725,12.35168743133545,14.741578102111816,18.66022491455078,18.66022491455078,330,3.469189306063949,1.0,0.04717608211618481,0.0,0.0,0.0,-0.8031081557273865,CityLearnV3MADRLRewardFunction,masac_unified_comparable_v4,E1,-0.0,1907,14.648880241330044,1.0,0.14427904855395463,0.0,8759
19,0.0,0.0,0.0,0.0,Building_8,7,MASAC,0.7900000214576721,True,0.0,0.0,0.0,0.5087285041809082,10,8748,0.0,0.0,-0.0,96348,0.0,19.251495361328125,-0.7969293594360352,12.743064880371094,15.2086820602417,19.251495361328125,19.251495361328125,155,3.620380074814348,1.0,0.10665397028769216,0.0,0.0,0.0,-0.8031081557273865,CityLearnV3MADRLRewardFunction,masac_unified_comparable_v4,E1,-0.0,1907,14.648880241330044,1.0,0.14427904855395463,0.0,8759
12,0.0,0.0,0.0,0.0,Building_9,8,MASAC,0.7900000214576721,True,0.0,0.0,0.0,0.5087285041809082,10,8748,0.0,0.0,-0.0,96348,0.0,2.4506425857543945,-0.722829282283783,1.6221439838409424,1.9360077381134033,2.4506425857543945,2.4506425857543945,106,3.818582329785727,1.0,0.17503269747743067,0.0,0.0,0.0,-0.8031081557273865,CityLearnV3MADRLRewardFunction,masac_unified_comparable_v4,E1,-0.0,1907,14.648880241330044,1.0,0.14427904855395463,0.0,8759
8,0.0,0.0,0.0,0.0,Building_10,9,MASAC,0.7900000214576721,True,0.0,0.0,0.0,0.5087285041809082,10,8748,0.0,0.0,-0.0,96348,0.0,34.33414077758789,-0.816641092300415,22.726659774780273,27.123971939086914,34.33414077758789,34.33414077758789,78,3.4573734700948977,1.0,0.19927644242460912,0.0,0.0,0.0,-0.8031081557273865,CityLearnV3MADRLRewardFunction,masac_unified_comparable_v4,E1,-0.0,1907,14.648880241330044,1.0,0.14427904855395463,0.0,8759
5,0.0,0.0,0.0,0.0,Building_11,10,MASAC,0.7900000214576721,True,0.0,0.0,0.0,0.5087285041809082,10,8748,0.0,0.0,-0.0,96348,0.0,57.917564392089844,-0.831247091293335,38.33713912963867,45.754878997802734,57.917564392089844,57.917564392089844,57,3.5845928928943454,1.0,0.28238724825675027,0.0,0.0,0.0,-0.8031081557273865,CityLearnV3MADRLRewardFunction,masac_unified_comparable_v4,E1,-0.0,1907,14.648880241330044,1.0,0.14427904855395463,0.0,8759
5,0.0,0.0,0.0,0.0,Building_12,11,MASAC,0.7900000214576721,True,0.0,0.0,0.0,0.5087285041809082,10,8748,0.0,0.0,-0.0,96348,0.0,182.6020965576172,-0.8392980098724365,120.86907196044922,144.2556610107422,182.6020965576172,182.6020965576172,57,3.5250491350618454,1.0,0.27815250294250354,0.0,0.0,0.0,-0.8031081557273865,CityLearnV3MADRLRewardFunction,masac_unified_comparable_v4,E1,-0.0,1907,14.648880241330044,1.0,0.14427904855395463,0.0,8759
13,0.0,0.0,0.0,0.0,Building_13,12,MASAC,0.7900000214576721,True,0.0,0.0,0.0,0.5087285041809082,10,8748,0.0,0.0,-0.0,96348,0.0,2.789367437362671,-0.7417751550674438,1.8463547229766846,2.2036004066467285,2.789367437362671,2.789367437362671,113,3.580122805077657,1.0,0.14235900909499785,0.0,0.0,0.0,-0.8031081557273865,CityLearnV3MADRLRewardFunction,masac_unified_comparable_v4,E1,-0.0,1907,14.648880241330044,1.0,0.14427904855395463,0.0,8759
6,0.0,0.0,0.0,0.0,Building_14,13,MASAC,0.7900000214576721,True,0.0,0.0,0.0,0.5087285041809082,10,8748,0.0,0.0,-0.0,96348,0.0,2.485826015472412,-0.7403318881988525,1.6454328298568726,1.9638025760650635,2.485826015472412,2.485826015472412,64,3.536188780659664,1.0,0.2484258501790464,0.0,0.0,0.0,-0.8031081557273865,CityLearnV3MADRLRewardFunction,masac_unified_comparable_v4,E1,-0.0,1907,14.648880241330044,1.0,0.14427904855395463,0.0,8759
10,0.0,0.0,0.0,0.0,Building_15,14,MASAC,0.7900000214576721,True,0.0,0.0,0.0,0.5087285041809082,10,8748,0.0,0.0,-0.0,96348,0.0,20.5941162109375,-0.802281379699707,13.631780624389648,16.269351959228516,20.5941162109375,20.5941162109375,92,3.6282992383761568,1.0,0.18112115626749786,0.0,0.0,0.0,-0.8031081557273865,CityLearnV3MADRLRewardFunction,masac_unified_comparable_v4,E1,-0.0,1907,14.648880241330044,1.0,0.14427904855395463,0.0,8759
13,0.0,0.0,0.0,0.0,Building_16,15,MASAC,0.7900000214576721,True,0.0,0.0,0.0,0.5087285041809082,10,8748,0.0,0.0,-0.0,96348,0.0,103.13050842285156,-0.824171245098114,68.26476287841797,81.47310638427734,103.13050842285156,103.13050842285156,113,3.4391476096519606,1.0,0.13754587785332603,0.0,0.0,0.0,-0.8031081557273865,CityLearnV3MADRLRewardFunction,masac_unified_comparable_v4,E1,-0.0,1907,14.648880241330044,1.0,0.14427904855395463,0.0,8759
13,0.0,0.0,0.0,0.0,Building_17,16,MASAC,0.7900000214576721,True,0.0,0.0,0.0,0.5087285041809082,10,8748,0.0,0.0,-0.0,96348,0.0,21.1981143951416,-0.8019745349884033,14.031582832336426,16.746511459350586,21.1981143951416,21.1981143951416,113,3.4691016483368036,1.0,0.14027038585823193,0.0,0.0,0.0,-0.8031081557273865,CityLearnV3MADRLRewardFunction,masac_unified_comparable_v4,E1,-0.0,1907,14.648880241330044,1.0,0.14427904855395463,0.0,8759
6,0.0,0.0,0.0,0.0,Building_1,0,MASAC,0.7188270092010498,False,0.0,0.0,0.0,0.6572644114494324,11,0,0.0,0.0,-0.0,96360,-0.0,0.0,-0.6059817671775818,0.0,0.0,0.0,0.0,64,2.9360446266074347,1.0,0.2392140222946182,0.0,-0.0,281.3193577285766,-0.5455384254455566,CityLearnV3MADRLRewardFunction,masac_unified_comparable_v4,E1,-281.3193577285766,1907,14.73948266391038,1.0,0.18026687955756304,0.0,12
8,1.0,1.0,0.125,0.0,Building_2,1,MASAC,0.7188270092010498,False,0.0,0.0,0.0,0.6572644114494324,11,0,0.0,0.0,-0.0,96360,-0.0,0.0,-0.5211033225059509,0.0,0.0,0.0,0.0,78,3.0188337214409384,1.0,0.197134473384955,0.0,-0.0,161.202275390625,-0.5455384254455566,CityLearnV3MADRLRewardFunction,masac_unified_comparable_v4,E1,-161.202275390625,1907,14.73948266391038,1.0,0.18026687955756304,0.0,12
10,1.0,1.0,0.1,0.0,Building_3,2,MASAC,0.7188270092010498,False,0.0,0.0,0.0,0.6572644114494324,11,0,0.0,0.0,-0.0,96360,-0.0,0.0,-0.5515451431274414,0.0,0.0,0.0,0.0,92,4.111024086187768,1.0,0.27761914743029553,0.0,-0.0,117.0440712463379,-0.5455384254455566,CityLearnV3MADRLRewardFunction,masac_unified_comparable_v4,E1,-117.0440712463379,1907,14.73948266391038,1.0,0.18026687955756304,0.0,12
8,1.0,1.0,0.125,0.0,Building_4,3,MASAC,0.7188270092010498,False,0.0,0.0,0.0,0.6572644114494324,11,0,0.0,0.0,-0.0,96360,-0.0,0.0,-0.6045092940330505,0.0,0.0,0.0,0.0,78,3.962347301808778,1.0,0.3042847868055105,0.0,-0.0,49.95818312835694,-0.5455384254455566,CityLearnV3MADRLRewardFunction,masac_unified_comparable_v4,E1,-49.95818312835694,1907,14.73948266391038,1.0,0.18026687955756304,0.0,12
5,0.0,0.0,0.0,0.0,Building_5,4,MASAC,0.7188270092010498,False,0.0,0.0,0.0,0.6572644114494324,11,0,0.0,0.0,-0.0,96360,-0.0,0.0,-0.5984769463539124,0.0,0.0,0.0,0.0,57,3.304530149456911,1.0,0.3152447904280403,0.0,-0.0,20.194439627075198,-0.5455384254455566,CityLearnV3MADRLRewardFunction,masac_unified_comparable_v4,E1,-20.194439627075198,1907,14.73948266391038,1.0,0.18026687955756304,0.0,12
34,1.0,1.0,0.029411764705882353,0.0,Building_6,5,MASAC,0.7188270092010498,False,0.0,0.0,0.0,0.6572644114494324,11,0,0.0,0.0,-0.0,96360,-0.0,0.0,-0.5581649541854858,0.0,0.0,0.0,0.0,260,6.099666420812317,1.0,0.19659326537870445,0.0,-0.0,418.8608566184997,-0.5455384254455566,CityLearnV3MADRLRewardFunction,masac_unified_comparable_v4,E1,-418.8608566184997,1907,14.73948266391038,1.0,0.18026687955756304,0.0,12
44,1.0,1.0,0.022727272727272728,0.0,Building_7,6,MASAC,0.7188270092010498,False,0.0,0.0,0.0,0.6572644114494324,11,0,0.0,0.0,-0.0,96360,-0.0,0.0,-0.5212466716766357,0.0,0.0,0.0,0.0,330,2.998964551445117,1.0,0.04640325928727786,0.0,-0.0,158.35109836349488,-0.5455384254455566,CityLearnV3MADRLRewardFunction,masac_unified_comparable_v4,E1,-158.35109836349488,1907,14.73948266391038,1.0,0.18026687955756304,0.0,12
19,0.0,0.0,0.0,0.0,Building_8,7,MASAC,0.7188270092010498,False,0.0,0.0,0.0,0.6572644114494324,11,0,0.0,0.0,-0.0,96360,-0.0,0.0,-0.5207769274711609,0.0,0.0,0.0,0.0,155,3.0133791303916007,1.0,0.09959796099893509,0.0,-0.0,426.6160990707398,-0.5455384254455566,CityLearnV3MADRLRewardFunction,masac_unified_comparable_v4,E1,-426.6160990707398,1907,14.73948266391038,1.0,0.18026687955756304,0.0,12
12,0.0,0.0,0.0,0.0,Building_9,8,MASAC,0.7188270092010498,False,0.0,0.0,0.0,0.6572644114494324,11,0,0.0,0.0,-0.0,96360,-0.0,0.0,-0.5213485956192017,0.0,0.0,0.0,0.0,106,3.680142000552462,1.0,0.19448180226081946,0.0,-0.0,86.79035798797607,-0.5455384254455566,CityLearnV3MADRLRewardFunction,masac_unified_comparable_v4,E1,-86.79035798797607,1907,14.73948266391038,1.0,0.18026687955756304,0.0,12
8,0.0,0.0,0.0,0.0,Building_10,9,MASAC,0.7188270092010498,False,0.0,0.0,0.0,0.6572644114494324,11,0,0.0,0.0,-0.0,96360,-0.0,0.0,-0.5208497643470764,0.0,0.0,0.0,0.0,78,2.934913565888716,1.0,0.19235840191443762,0.0,-0.0,287.44305163421626,-0.5455384254455566,CityLearnV3MADRLRewardFunction,masac_unified_comparable_v4,E1,-287.44305163421626,1907,14.73948266391038,1.0,0.18026687955756304,0.0,12
5,0.0,0.0,0.0,0.0,Building_11,10,MASAC,0.7188270092010498,False,0.0,0.0,0.0,0.6572644114494324,11,0,0.0,0.0,-0.0,96360,-0.0,0.0,-0.505645751953125,0.0,0.0,0.0,0.0,57,3.630692053710976,1.0,0.36798021014322313,0.0,-0.0,849.3286675941469,-0.5455384254455566,CityLearnV3MADRLRewardFunction,masac_unified_comparable_v4,E1,-849.3286675941469,1907,14.73948266391038,1.0,0.18026687955756304,0.0,12
5,0.0,0.0,0.0,0.0,Building_12,11,MASAC,0.7188270092010498,False,0.0,0.0,0.0,0.6572644114494324,11,0,0.0,0.0,-0.0,96360,-0.0,0.0,-0.5774329900741577,0.0,0.0,0.0,0.0,57,3.8908395570003376,1.0,0.4132329977133818,0.0,-0.0,368.6661890220642,-0.5455384254455566,CityLearnV3MADRLRewardFunction,masac_unified_comparable_v4,E1,-368.6661890220642,1907,14.73948266391038,1.0,0.18026687955756304,0.0,12
13,0.0,0.0,0.0,0.0,Building_13,12,MASAC,0.7188270092010498,False,0.0,0.0,0.0,0.6572644114494324,11,0,0.0,0.0,-0.0,96360,-0.0,0.0,-0.5198156833648682,0.0,0.0,0.0,0.0,113,3.0043510340747583,1.0,0.13566568055379707,0.0,-0.0,53.42622730865478,-0.5455384254455566,CityLearnV3MADRLRewardFunction,masac_unified_comparable_v4,E1,-53.42622730865478,1907,14.73948266391038,1.0,0.18026687955756304,0.0,12
6,0.0,0.0,0.0,0.0,Building_14,13,MASAC,0.7188270092010498,False,0.0,0.0,0.0,0.6572644114494324,11,0,0.0,0.0,-0.0,96360,-0.0,0.0,-0.5291773676872253,0.0,0.0,0.0,0.0,64,3.7453920952609727,1.0,0.3460218522232026,0.0,-0.0,359.2798086639404,-0.5455384254455566,CityLearnV3MADRLRewardFunction,masac_unified_comparable_v4,E1,-359.2798086639404,1907,14.73948266391038,1.0,0.18026687955756304,0.0,12
10,1.0,1.0,0.1,0.0,Building_15,14,MASAC,0.7188270092010498,False,0.0,0.0,0.0,0.6572644114494324,11,0,0.0,0.0,-0.0,96360,-0.0,0.0,-0.520976722240448,0.0,0.0,0.0,0.0,92,3.019555970089144,1.0,0.16778097038521714,0.0,-0.0,196.41248104400637,-0.5455384254455566,CityLearnV3MADRLRewardFunction,masac_unified_comparable_v4,E1,-196.41248104400637,1907,14.73948266391038,1.0,0.18026687955756304,0.0,12
13,1.0,1.0,0.07692307692307693,0.0,Building_16,15,MASAC,0.7188270092010498,False,0.0,0.0,0.0,0.6572644114494324,11,0,0.0,0.0,-0.0,96360,-0.0,0.0,-0.5217316150665283,0.0,0.0,0.0,0.0,113,2.959754063195056,1.0,0.13385369318776427,0.0,-0.0,204.57459415283205,-0.5455384254455566,CityLearnV3MADRLRewardFunction,masac_unified_comparable_v4,E1,-204.57459415283205,1907,14.73948266391038,1.0,0.18026687955756304,0.0,12
13,1.0,1.0,0.07692307692307693,0.0,Building_17,16,MASAC,0.7188270092010498,False,0.0,0.0,0.0,0.6572644114494324,11,0,0.0,0.0,-0.0,96360,-0.0,0.0,-0.5753701329231262,0.0,0.0,0.0,0.0,113,3.050927290528624,1.0,0.1397212404526968,0.0,-0.0,32.02519646301269,-0.5455384254455566,CityLearnV3MADRLRewardFunction,masac_unified_comparable_v4,E1,-32.02519646301269,1907,14.73948266391038,1.0,0.18026687955756304,0.0,12
6,0.0,0.0,0.0,0.0,Building_1,0,MASAC,0.7900000214576721,True,0.0,0.0,0.0,0.32958081364631653,11,8747,0.0,0.0,-0.0,105107,0.0,391.586669921875,-0.8042404055595398,179.1614532470703,309.3534851074219,391.586669921875,391.586669921875,64,3.427636829385761,1.0,0.23110085492953658,0.0,0.0,0.0,-0.7540499567985535,CityLearnV3MADRLRewardFunction,masac_unified_comparable_v4,E1,-0.0,1907,14.24016883677139,1.0,0.13346683772746717,0.0,8759
8,0.0,0.0,0.0,0.0,Building_2,1,MASAC,0.7900000214576721,True,0.0,0.0,0.0,0.32958081364631653,11,8747,0.0,0.0,-0.0,105107,0.0,0.1848604530096054,-0.6940696835517883,0.08457864075899124,0.14603976905345917,0.1848604530096054,0.1848604530096054,78,3.4739317379234556,1.0,0.19039498766263327,0.0,0.0,0.0,-0.7540499567985535,CityLearnV3MADRLRewardFunction,masac_unified_comparable_v4,E1,-0.0,1907,14.24016883677139,1.0,0.13346683772746717,0.0,8759
10,1.0,1.0,0.1,0.0,Building_3,2,MASAC,0.7900000214576721,True,0.0,0.0,0.0,0.32958081364631653,11,8747,0.0,0.0,-0.0,105107,0.0,39.0087890625,-0.7871595621109009,17.847572326660156,30.816944122314453,39.0087890625,39.0087890625,92,3.3633657537310353,1.0,0.1565725411409917,0.0,0.0,0.0,-0.7540499567985535,CityLearnV3MADRLRewardFunction,masac_unified_comparable_v4,E1,-0.0,1907,14.24016883677139,1.0,0.13346683772746717,0.0,8759
8,0.0,0.0,0.0,0.0,Building_4,3,MASAC,0.7900000214576721,True,0.0,0.0,0.0,0.32958081364631653,11,8747,0.0,0.0,-0.0,105107,0.0,36.67196273803711,-0.7867450714111328,16.778411865234375,28.97085189819336,36.67196273803711,36.67196273803711,78,3.401412431138477,1.0,0.18638054911906904,0.0,0.0,0.0,-0.7540499567985535,CityLearnV3MADRLRewardFunction,masac_unified_comparable_v4,E1,-0.0,1907,14.24016883677139,1.0,0.13346683772746717,0.0,8759
5,0.0,0.0,0.0,0.0,Building_5,4,MASAC,0.7900000214576721,True,0.0,0.0,0.0,0.32958081364631653,11,8747,0.0,0.0,-0.0,105107,0.0,54.225337982177734,-0.8219617009162903,24.809553146362305,42.838016510009766,54.225337982177734,54.225337982177734,57,3.4817007600237044,1.0,0.28262343819726976,0.0,0.0,0.0,-0.7540499567985535,CityLearnV3MADRLRewardFunction,masac_unified_comparable_v4,E1,-0.0,1907,14.24016883677139,1.0,0.13346683772746717,0.0,8759
34,0.0,0.0,0.0,0.0,Building_6,5,MASAC,0.7900000214576721,True,0.0,0.0,0.0,0.32958081364631653,11,8747,0.0,0.0,-0.0,105107,0.0,348.8946838378906,-0.8042360544204712,159.62872314453125,275.6268005371094,348.8946838378906,348.8946838378906,260,3.393181427548666,1.0,0.055734547399557556,0.0,0.0,0.0,-0.7540499567985535,CityLearnV3MADRLRewardFunction,masac_unified_comparable_v4,E1,-0.0,1907,14.24016883677139,1.0,0.13346683772746717,0.0,8759
44,0.0,0.0,0.0,0.0,Building_7,6,MASAC,0.7900000214576721,True,0.0,0.0,0.0,0.32958081364631653,11,8747,0.0,0.0,-0.0,105107,0.0,2.9800853729248047,-0.7066066861152649,1.3634693622589111,2.3542675971984863,2.9800853729248047,2.9800853729248047,330,3.4958448618588176,1.0,0.04536880559541962,0.0,0.0,0.0,-0.7540499567985535,CityLearnV3MADRLRewardFunction,masac_unified_comparable_v4,E1,-0.0,1907,14.24016883677139,1.0,0.13346683772746717,0.0,8759
19,0.0,0.0,0.0,0.0,Building_8,7,MASAC,0.7900000214576721,True,0.0,0.0,0.0,0.32958081364631653,11,8747,0.0,0.0,-0.0,105107,0.0,6.19936990737915,-0.7203893661499023,2.836378812789917,4.897502422332764,6.19936990737915,6.19936990737915,155,3.5121066669068477,1.0,0.09867328905290174,0.0,0.0,0.0,-0.7540499567985535,CityLearnV3MADRLRewardFunction,masac_unified_comparable_v4,E1,-0.0,1907,14.24016883677139,1.0,0.13346683772746717,0.0,8759
12,0.0,0.0,0.0,0.0,Building_9,8,MASAC,0.7900000214576721,True,0.0,0.0,0.0,0.32958081364631653,11,8747,0.0,0.0,-0.0,105107,0.0,2.1350696086883545,-0.6852437853813171,0.9768518805503845,1.6867049932479858,2.1350696086883545,2.1350696086883545,106,3.621943886019041,1.0,0.15711743623580574,0.0,0.0,0.0,-0.7540499567985535,CityLearnV3MADRLRewardFunction,masac_unified_comparable_v4,E1,-0.0,1907,14.24016883677139,1.0,0.13346683772746717,0.0,8759
8,0.0,0.0,0.0,0.0,Building_10,9,MASAC,0.7900000214576721,True,0.0,0.0,0.0,0.32958081364631653,11,8747,0.0,0.0,-0.0,105107,0.0,16.451881408691406,-0.7526930570602417,7.52717924118042,12.996986389160156,16.451881408691406,16.451881408691406,78,3.323443129972519,1.0,0.18032909327974686,0.0,0.0,0.0,-0.7540499567985535,CityLearnV3MADRLRewardFunction,masac_unified_comparable_v4,E1,-0.0,1907,14.24016883677139,1.0,0.13346683772746717,0.0,8759
5,0.0,0.0,0.0,0.0,Building_11,10,MASAC,0.7900000214576721,True,0.0,0.0,0.0,0.32958081364631653,11,8747,0.0,0.0,-0.0,105107,0.0,66.45198059082031,-0.7954326272010803,30.40357208251953,52.497066497802734,66.45198059082031,66.45198059082031,57,3.4260199621339367,1.0,0.25712972670270684,0.0,0.0,0.0,-0.7540499567985535,CityLearnV3MADRLRewardFunction,masac_unified_comparable_v4,E1,-0.0,1907,14.24016883677139,1.0,0.13346683772746717,0.0,8759
5,0.0,0.0,0.0,0.0,Building_12,11,MASAC,0.7900000214576721,True,0.0,0.0,0.0,0.32958081364631653,11,8747,0.0,0.0,-0.0,105107,0.0,155.388671875,-0.8022236824035645,71.0945053100586,122.7570571899414,155.388671875,155.388671875,57,3.3745735759632436,1.0,0.256623816333319,0.0,0.0,0.0,-0.7540499567985535,CityLearnV3MADRLRewardFunction,masac_unified_comparable_v4,E1,-0.0,1907,14.24016883677139,1.0,0.13346683772746717,0.0,8759
13,0.0,0.0,0.0,0.0,Building_13,12,MASAC,0.7900000214576721,True,0.0,0.0,0.0,0.32958081364631653,11,8747,0.0,0.0,-0.0,105107,0.0,0.1047736182808876,-0.6937156915664673,0.04793675243854523,0.08277115970849991,0.1047736182808876,0.1047736182808876,113,3.496644433159828,1.0,0.13211253733761544,0.0,0.0,0.0,-0.7540499567985535,CityLearnV3MADRLRewardFunction,masac_unified_comparable_v4,E1,-0.0,1907,14.24016883677139,1.0,0.13346683772746717,0.0,8759
6,0.0,0.0,0.0,0.0,Building_14,13,MASAC,0.7900000214576721,True,0.0,0.0,0.0,0.32958081364631653,11,8747,0.0,0.0,-0.0,105107,0.0,1.3521205186843872,-0.6993359923362732,0.6186316013336182,1.068175196647644,1.3521205186843872,1.3521205186843872,64,3.4960655539330725,1.0,0.2332615051418543,0.0,0.0,0.0,-0.7540499567985535,CityLearnV3MADRLRewardFunction,masac_unified_comparable_v4,E1,-0.0,1907,14.24016883677139,1.0,0.13346683772746717,0.0,8759
10,0.0,0.0,0.0,0.0,Building_15,14,MASAC,0.7900000214576721,True,0.0,0.0,0.0,0.32958081364631653,11,8747,0.0,0.0,-0.0,105107,0.0,15.147623062133789,-0.7522374987602234,6.930445671081543,11.966622352600098,15.147623062133789,15.147623062133789,92,3.524295469795931,1.0,0.16711970613054608,0.0,0.0,0.0,-0.7540499567985535,CityLearnV3MADRLRewardFunction,masac_unified_comparable_v4,E1,-0.0,1907,14.24016883677139,1.0,0.13346683772746717,0.0,8759
13,0.0,0.0,0.0,0.0,Building_16,15,MASAC,0.7900000214576721,True,0.0,0.0,0.0,0.32958081364631653,11,8747,0.0,0.0,-0.0,105107,0.0,11.957420349121094,-0.7416930198669434,5.470841884613037,9.446362495422363,11.957420349121094,11.957420349121094,113,3.4062930128078235,1.0,0.12895857180114342,0.0,0.0,0.0,-0.7540499567985535,CityLearnV3MADRLRewardFunction,masac_unified_comparable_v4,E1,-0.0,1907,14.24016883677139,1.0,0.13346683772746717,0.0,8759
13,0.0,0.0,0.0,0.0,Building_17,16,MASAC,0.7900000214576721,True,0.0,0.0,0.0,0.32958081364631653,11,8747,0.0,0.0,-0.0,105107,0.0,23.087642669677734,-0.7708659172058105,10.56321907043457,18.239238739013672,23.087642669677734,23.087642669677734,113,3.482862796063893,1.0,0.1350637268176121,0.0,0.0,0.0,-0.7540499567985535,CityLearnV3MADRLRewardFunction,masac_unified_comparable_v4,E1,-0.0,1907,14.24016883677139,1.0,0.13346683772746717,0.0,8759
6,0.0,0.0,0.0,0.0,Building_1,0,MASAC,0.7391610145568848,False,0.0,0.0,0.0,0.5655900835990906,12,0,0.0,0.0,-0.0,105120,-0.0,0.0,-0.8046072125434875,0.0,0.0,0.0,0.0,64,2.8783991726892295,0.9330127239227295,0.2177190085494658,0.0,-0.0,901.6383190734863,-0.7512732148170471,CityLearnV3MADRLRewardFunction,masac_unified_comparable_v4,E1,-901.6383190734863,1907,14.480388384434798,1.0,0.1679823179394749,0.0,13
8,0.0,0.0,0.0,0.0,Building_2,1,MASAC,0.7391610145568848,False,0.0,0.0,0.0,0.5655900835990906,12,0,0.0,0.0,-0.0,105120,-0.0,0.0,-0.7193580865859985,0.0,0.0,0.0,0.0,78,2.8802907419939525,0.9330127239227295,0.17303390522750142,0.0,-0.0,516.04095703125,-0.7512732148170471,CityLearnV3MADRLRewardFunction,masac_unified_comparable_v4,E1,-516.04095703125,1907,14.480388384434798,1.0,0.1679823179394749,0.0,13
10,0.0,0.0,0.0,0.0,Building_3,2,MASAC,0.7391610145568848,False,0.0,0.0,0.0,0.5655900835990906,12,0,0.0,0.0,-0.0,105120,-0.0,0.0,-0.7944190502166748,0.0,0.0,0.0,0.0,92,3.5856578393820944,1.0,0.2146406657082717,0.0,-0.0,383.08186053466795,-0.7512732148170471,CityLearnV3MADRLRewardFunction,masac_unified_comparable_v4,E1,-383.08186053466795,1907,14.480388384434798,1.0,0.1679823179394749,0.0,13
8,0.0,0.0,0.0,0.0,Building_4,3,MASAC,0.7391610145568848,False,0.0,0.0,0.0,0.5655900835990906,12,0,0.0,0.0,-0.0,105120,-0.0,0.0,-0.8699027299880981,0.0,0.0,0.0,0.0,78,3.712174205954639,1.0,0.2658322484901127,0.0,-0.0,161.10265149536136,-0.7512732148170471,CityLearnV3MADRLRewardFunction,masac_unified_comparable_v4,E1,-161.10265149536136,1907,14.480388384434798,1.0,0.1679823179394749,0.0,13
5,0.0,0.0,0.0,0.0,Building_5,4,MASAC,0.7391610145568848,False,0.0,0.0,0.0,0.5655900835990906,12,0,0.0,0.0,-0.0,105120,-0.0,0.0,-0.7991499900817871,0.0,0.0,0.0,0.0,57,3.359544380152483,1.0,0.30285461519828494,0.0,-0.0,69.23325756988525,-0.7512732148170471,CityLearnV3MADRLRewardFunction,masac_unified_comparable_v4,E1,-69.23325756988525,1907,14.480388384434798,1.0,0.1679823179394749,0.0,13
34,0.0,0.0,0.0,0.0,Building_6,5,MASAC,0.7391610145568848,False,0.0,0.0,0.0,0.5655900835990906,12,0,0.0,0.0,-0.0,105120,-0.0,0.0,-0.8797078728675842,0.0,0.0,0.0,0.0,260,6.366456230808544,1.0,0.20894677652261004,0.0,-0.0,1332.5698247131347,-0.7512732148170471,CityLearnV3MADRLRewardFunction,masac_unified_comparable_v4,E1,-1332.5698247131347,1907,14.480388384434798,1.0,0.1679823179394749,0.0,13
44,0.0,0.0,0.0,0.0,Building_7,6,MASAC,0.7391610145568848,False,0.0,0.0,0.0,0.5655900835990906,12,0,0.0,0.0,-0.0,105120,-0.0,0.0,-0.7193586230278015,0.0,0.0,0.0,0.0,330,2.870048585712531,0.9330127239227295,0.04121413129014951,0.0,-0.0,519.4162070892335,-0.7512732148170471,CityLearnV3MADRLRewardFunction,masac_unified_comparable_v4,E1,-519.4162070892335,1907,14.480388384434798,1.0,0.1679823179394749,0.0,13
19,0.0,0.0,0.0,0.0,Building_8,7,MASAC,0.7391610145568848,False,0.0,0.0,0.0,0.5655900835990906,12,0,0.0,0.0,-0.0,105120,-0.0,0.0,-0.7193578481674194,0.0,0.0,0.0,0.0,155,2.8841345819207156,0.9330127239227295,0.08824604340498486,0.0,-0.0,1356.8575865356445,-0.7512732148170471,CityLearnV3MADRLRewardFunction,masac_unified_comparable_v4,E1,-1356.8575865356445,1907,14.480388384434798,1.0,0.1679823179394749,0.0,13
12,1.0,1.0,0.08333333333333333,0.0,Building_9,8,MASAC,0.7391610145568848,False,0.0,0.0,0.0,0.5655900835990906,12,0,0.0,0.0,-0.0,105120,-0.0,0.0,-0.7193913459777832,0.0,0.0,0.0,0.0,106,3.9319299238396748,1.0,0.2136435117133243,0.0,-0.0,285.7636002441406,-0.7512732148170471,CityLearnV3MADRLRewardFunction,masac_unified_comparable_v4,E1,-285.7636002441406,1907,14.480388384434798,1.0,0.1679823179394749,0.0,13
8,0.0,0.0,0.0,0.0,Building_10,9,MASAC,0.7391610145568848,False,0.0,0.0,0.0,0.5655900835990906,12,0,0.0,0.0,-0.0,105120,-0.0,0.0,-0.7175619602203369,0.0,0.0,0.0,0.0,78,2.863533746140884,0.9330127239227295,0.17637393307179594,0.0,-0.0,920.8320380950928,-0.7512732148170471,CityLearnV3MADRLRewardFunction,masac_unified_comparable_v4,E1,-920.8320380950928,1907,14.480388384434798,1.0,0.1679823179394749,0.0,13
5,0.0,0.0,0.0,0.0,Building_11,10,MASAC,0.7391610145568848,False,0.0,0.0,0.0,0.5655900835990906,12,0,0.0,0.0,-0.0,105120,-0.0,0.0,-0.7182021141052246,0.0,0.0,0.0,0.0,57,3.572175517686156,1.0,0.34359721171163154,0.0,-0.0,2741.447996020508,-0.7512732148170471,CityLearnV3MADRLRewardFunction,masac_unified_comparable_v4,E1,-2741.447996020508,1907,14.480388384434798,1.0,0.1679823179394749,0.0,13
5,0.0,0.0,0.0,0.0,Building_12,11,MASAC,0.7391610145568848,False,0.0,0.0,0.0,0.5655900835990906,12,0,0.0,0.0,-0.0,105120,-0.0,0.0,-0.6920422315597534,0.0,0.0,0.0,0.0,57,3.842003205376784,1.0,0.3885821238519591,0.0,-0.0,1175.3458581542968,-0.7512732148170471,CityLearnV3MADRLRewardFunction,masac_unified_comparable_v4,E1,-1175.3458581542968,1907,14.480388384434798,1.0,0.1679823179394749,0.0,13
13,0.0,0.0,0.0,0.0,Building_13,12,MASAC,0.7391610145568848,False,0.0,0.0,0.0,0.5655900835990906,12,0,0.0,0.0,-0.0,105120,-0.0,0.0,-0.7198988199234009,0.0,0.0,0.0,0.0,113,2.8713601181457062,0.9330127239227295,0.11925205607296882,0.0,-0.0,174.5872260131836,-0.7512732148170471,CityLearnV3MADRLRewardFunction,masac_unified_comparable_v4,E1,-174.5872260131836,1907,14.480388384434798,1.0,0.1679823179394749,0.0,13
6,0.0,0.0,0.0,0.0,Building_14,13,MASAC,0.7391610145568848,False,0.0,0.0,0.0,0.5655900835990906,12,0,0.0,0.0,-0.0,105120,-0.0,0.0,-0.728919506072998,0.0,0.0,0.0,0.0,64,3.6569597752107192,1.0,0.31924316576623823,0.0,-0.0,1145.9397998840332,-0.7512732148170471,CityLearnV3MADRLRewardFunction,masac_unified_comparable_v4,E1,-1145.9397998840332,1907,14.480388384434798,1.0,0.1679823179394749,0.0,13
10,0.0,0.0,0.0,0.0,Building_15,14,MASAC,0.7391610145568848,False,0.0,0.0,0.0,0.5655900835990906,12,0,0.0,0.0,-0.0,105120,-0.0,0.0,-0.7193579077720642,0.0,0.0,0.0,0.0,92,2.8926026741889004,0.9330127239227295,0.1505745010268267,0.0,-0.0,635.4410789428712,-0.7512732148170471,CityLearnV3MADRLRewardFunction,masac_unified_comparable_v4,E1,-635.4410789428712,1907,14.480388384434798,1.0,0.1679823179394749,0.0,13
13,0.0,0.0,0.0,0.0,Building_16,15,MASAC,0.7391610145568848,False,0.0,0.0,0.0,0.5655900835990906,12,0,0.0,0.0,-0.0,105120,-0.0,0.0,-0.7193595767021179,0.0,0.0,0.0,0.0,113,2.828812791748823,0.9330127239227295,0.11723894387714368,0.0,-0.0,661.0361942504883,-0.7512732148170471,CityLearnV3MADRLRewardFunction,masac_unified_comparable_v4,E1,-661.0361942504883,1907,14.480388384434798,1.0,0.1679823179394749,0.0,13
13,1.0,1.0,0.07692307692307693,0.0,Building_17,16,MASAC,0.7391610145568848,False,0.0,0.0,0.0,0.5655900835990906,12,0,0.0,0.0,-0.0,105120,-0.0,0.0,-0.731050431728363,0.0,0.0,0.0,0.0,113,2.9867668828044684,0.9330127239227295,0.1275804129767075,0.0,-0.0,103.44319592590331,-0.7512732148170471,CityLearnV3MADRLRewardFunction,masac_unified_comparable_v4,E1,-103.44319592590331,1907,14.480388384434798,1.0,0.1679823179394749,0.0,13
6,0.0,0.0,0.0,0.0,Building_1,0,MASAC,0.7900000214576721,True,0.0,0.0,0.0,0.28695225715637207,12,8746,0.0,0.0,-0.0,113866,0.0,433.45458984375,-0.840797483921051,172.66647338867188,342.42913818359375,433.45458984375,433.45458984375,64,3.3226445334076162,1.0,0.22052011301275343,0.0,0.0,0.0,-0.8036043047904968,CityLearnV3MADRLRewardFunction,masac_unified_comparable_v4,E1,-0.0,1907,13.796334121213581,1.0,0.12712031324488302,0.0,8759
8,0.0,0.0,0.0,0.0,Building_2,1,MASAC,0.7900000214576721,True,0.0,0.0,0.0,0.28695225715637207,12,8746,0.0,0.0,-0.0,113866,0.0,15.16435432434082,-0.7859063148498535,6.040714740753174,11.979840278625488,15.16435432434082,15.16435432434082,78,3.313677185064155,1.0,0.18022266364632508,0.0,0.0,0.0,-0.8036043047904968,CityLearnV3MADRLRewardFunction,masac_unified_comparable_v4,E1,-0.0,1907,13.796334121213581,1.0,0.12712031324488302,0.0,8759
10,0.0,0.0,0.0,0.0,Building_3,2,MASAC,0.7900000214576721,True,0.0,0.0,0.0,0.28695225715637207,12,8746,0.0,0.0,-0.0,113866,0.0,94.53981018066406,-0.8349482417106628,37.65989685058594,74.68645477294922,94.53981018066406,94.53981018066406,92,3.281959439837543,1.0,0.14991170192218345,0.0,0.0,0.0,-0.8036043047904968,CityLearnV3MADRLRewardFunction,masac_unified_comparable_v4,E1,-0.0,1907,13.796334121213581,1.0,0.12712031324488302,0.0,8759
8,1.0,0.0,-0.125,-1.0,Building_4,3,MASAC,0.7900000214576721,True,0.0,0.0,0.0,0.28695225715637207,12,8746,0.0,0.0,-0.0,113866,0.0,31.04317283630371,-0.8164465427398682,12.366035461425781,24.524106979370117,31.04317283630371,31.04317283630371,78,3.2712043862344005,1.0,0.17621519044041634,0.0,0.0,0.0,-0.8036043047904968,CityLearnV3MADRLRewardFunction,masac_unified_comparable_v4,E1,-0.0,1907,13.796334121213581,1.0,0.12712031324488302,0.0,8759
5,0.0,0.0,0.0,0.0,Building_5,4,MASAC,0.7900000214576721,True,0.0,0.0,0.0,0.28695225715637207,12,8746,0.0,0.0,-0.0,113866,0.0,38.538970947265625,-0.8581017851829529,15.351984024047852,30.44578742980957,38.538970947265625,38.538970947265625,57,3.493428222992924,1.0,0.2824080132862978,0.0,0.0,0.0,-0.8036043047904968,CityLearnV3MADRLRewardFunction,masac_unified_comparable_v4,E1,-0.0,1907,13.796334121213581,1.0,0.12712031324488302,0.0,8759
34,0.0,0.0,0.0,0.0,Building_6,5,MASAC,0.7900000214576721,True,0.0,0.0,0.0,0.28695225715637207,12,8746,0.0,0.0,-0.0,113866,0.0,362.8901062011719,-0.8407936096191406,144.55712890625,286.6831970214844,362.8901062011719,362.8901062011719,260,3.323378464697204,1.0,0.05356516571572194,0.0,0.0,0.0,-0.8036043047904968,CityLearnV3MADRLRewardFunction,masac_unified_comparable_v4,E1,-0.0,1907,13.796334121213581,1.0,0.12712031324488302,0.0,8759
44,0.0,0.0,0.0,0.0,Building_7,6,MASAC,0.7900000214576721,True,0.0,0.0,0.0,0.28695225715637207,12,8746,0.0,0.0,-0.0,113866,0.0,12.664111137390137,-0.7806832790374756,5.044743537902832,10.004648208618164,12.664111137390137,12.664111137390137,330,3.4035440925202796,1.0,0.04357340769334273,0.0,0.0,0.0,-0.8036043047904968,CityLearnV3MADRLRewardFunction,masac_unified_comparable_v4,E1,-0.0,1907,13.796334121213581,1.0,0.12712031324488302,0.0,8759
19,0.0,0.0,0.0,0.0,Building_8,7,MASAC,0.7900000214576721,True,0.0,0.0,0.0,0.28695225715637207,12,8746,0.0,0.0,-0.0,113866,0.0,12.065996170043945,-0.778222918510437,4.806484699249268,9.532136917114258,12.065996170043945,12.065996170043945,155,3.418499484774006,1.0,0.09478091227431451,0.0,0.0,0.0,-0.8036043047904968,CityLearnV3MADRLRewardFunction,masac_unified_comparable_v4,E1,-0.0,1907,13.796334121213581,1.0,0.12712031324488302,0.0,8759
12,0.0,0.0,0.0,0.0,Building_9,8,MASAC,0.7900000214576721,True,0.0,0.0,0.0,0.28695225715637207,12,8746,0.0,0.0,-0.0,113866,0.0,2.290161371231079,-0.7225415110588074,0.9122849106788635,1.8092275857925415,2.290161371231079,2.290161371231079,106,3.644094651701675,1.0,0.1555185061440153,0.0,0.0,0.0,-0.8036043047904968,CityLearnV3MADRLRewardFunction,masac_unified_comparable_v4,E1,-0.0,1907,13.796334121213581,1.0,0.12712031324488302,0.0,8759
8,0.0,0.0,0.0,0.0,Building_10,9,MASAC,0.7900000214576721,True,0.0,0.0,0.0,0.28695225715637207,12,8746,0.0,0.0,-0.0,113866,0.0,51.649574279785156,-0.8267425894737244,20.574588775634766,40.803165435791016,51.649574279785156,51.649574279785156,78,3.2965297876242103,1.0,0.17931041952509147,0.0,0.0,0.0,-0.8036043047904968,CityLearnV3MADRLRewardFunction,masac_unified_comparable_v4,E1,-0.0,1907,13.796334121213581,1.0,0.12712031324488302,0.0,8759
5,0.0,0.0,0.0,0.0,Building_11,10,MASAC,0.7900000214576721,True,0.0,0.0,0.0,0.28695225715637207,12,8746,0.0,0.0,-0.0,113866,0.0,71.54803466796875,-0.8324050903320312,28.501131057739258,56.52294921875,71.54803466796875,71.54803466796875,57,3.3341433425302225,1.0,0.24630433079182057,0.0,0.0,0.0,-0.8036043047904968,CityLearnV3MADRLRewardFunction,masac_unified_comparable_v4,E1,-0.0,1907,13.796334121213581,1.0,0.12712031324488302,0.0,8759
5,0.0,0.0,0.0,0.0,Building_12,11,MASAC,0.7900000214576721,True,0.0,0.0,0.0,0.28695225715637207,12,8746,0.0,0.0,-0.0,113866,0.0,215.11593627929688,-0.8405421376228333,85.69135284423828,169.94158935546875,215.11593627929688,215.11593627929688,57,3.3417295952335846,1.0,0.25004324356192037,0.0,0.0,0.0,-0.8036043047904968,CityLearnV3MADRLRewardFunction,masac_unified_comparable_v4,E1,-0.0,1907,13.796334121213581,1.0,0.12712031324488302,0.0,8759
13,0.0,0.0,0.0,0.0,Building_13,12,MASAC,0.7900000214576721,True,0.0,0.0,0.0,0.28695225715637207,12,8746,0.0,0.0,-0.0,113866,0.0,2.033022403717041,-0.738420844078064,0.8098536729812622,1.6060876846313477,2.033022403717041,2.033022403717041,113,3.2649728630184454,1.0,0.11979262141791065,0.0,0.0,0.0,-0.8036043047904968,CityLearnV3MADRLRewardFunction,masac_unified_comparable_v4,E1,-0.0,1907,13.796334121213581,1.0,0.12712031324488302,0.0,8759
6,0.0,0.0,0.0,0.0,Building_14,13,MASAC,0.7900000214576721,True,0.0,0.0,0.0,0.28695225715637207,12,8746,0.0,0.0,-0.0,113866,0.0,2.6149511337280273,-0.7412672638893127,1.041664719581604,2.0658113956451416,2.6149511337280273,2.6149511337280273,64,3.3419437716689218,1.0,0.2190220629563555,0.0,0.0,0.0,-0.8036043047904968,CityLearnV3MADRLRewardFunction,masac_unified_comparable_v4,E1,-0.0,1907,13.796334121213581,1.0,0.12712031324488302,0.0,8759
10,1.0,1.0,0.1,0.0,Building_15,14,MASAC,0.7900000214576721,True,0.0,0.0,0.0,0.28695225715637207,12,8746,0.0,0.0,-0.0,113866,0.0,19.521480560302734,-0.7970372438430786,7.776374340057373,15.42197036743164,19.521480560302734,19.521480560302734,92,3.3555772932852834,1.0,0.15621058537584284,0.0,0.0,0.0,-0.8036043047904968,CityLearnV3MADRLRewardFunction,masac_unified_comparable_v4,E1,-0.0,1907,13.796334121213581,1.0,0.12712031324488302,0.0,8759
13,0.0,0.0,0.0,0.0,Building_16,15,MASAC,0.7900000214576721,True,0.0,0.0,0.0,0.28695225715637207,12,8746,0.0,0.0,-0.0,113866,0.0,54.89390563964844,-0.8243643641471863,21.866966247558594,43.366188049316406,54.89390563964844,54.89390563964844,113,3.2333294186007757,1.0,0.11958507323159581,0.0,0.0,0.0,-0.8036043047904968,CityLearnV3MADRLRewardFunction,masac_unified_comparable_v4,E1,-0.0,1907,13.796334121213581,1.0,0.12712031324488302,0.0,8759
13,0.0,0.0,0.0,0.0,Building_17,16,MASAC,0.7900000214576721,True,0.0,0.0,0.0,0.28695225715637207,12,8746,0.0,0.0,-0.0,113866,0.0,22.46647071838379,-0.8020511865615845,8.949509620666504,17.748512268066406,22.46647071838379,22.46647071838379,113,3.217776057723999,1.0,0.11871861640067227,0.0,0.0,0.0,-0.8036043047904968,CityLearnV3MADRLRewardFunction,masac_unified_comparable_v4,E1,-0.0,1907,13.796334121213581,1.0,0.12712031324488302,0.0,8759
6,0.0,0.0,0.0,0.0,Building_1,0,MASAC,0.7247269749641418,False,0.0,0.0,0.0,0.4490605592727661,13,0,0.0,0.0,-0.0,113880,-0.0,0.0,-0.823734700679779,0.0,0.0,0.0,0.0,64,2.8178969987794784,1.0,0.20651511719916016,0.0,-0.0,245.48879490814207,-0.7790571451187134,CityLearnV3MADRLRewardFunction,masac_unified_comparable_v4,E1,-245.48879490814207,1907,14.53622011222494,1.0,0.1668193840008941,0.0,14
8,0.0,0.0,0.0,0.0,Building_2,1,MASAC,0.7247269749641418,False,0.0,0.0,0.0,0.4490605592727661,13,0,0.0,0.0,-0.0,113880,-0.0,0.0,-0.738469660282135,0.0,0.0,0.0,0.0,78,2.801930172355143,1.0,0.16282255856845623,0.0,-0.0,140.688076171875,-0.7790571451187134,CityLearnV3MADRLRewardFunction,masac_unified_comparable_v4,E1,-140.688076171875,1907,14.53622011222494,1.0,0.1668193840008941,0.0,14
10,0.0,0.0,0.0,0.0,Building_3,2,MASAC,0.7247269749641418,False,0.0,0.0,0.0,0.4490605592727661,13,0,0.0,0.0,-0.0,113880,-0.0,0.0,-0.8354136943817139,0.0,0.0,0.0,0.0,92,3.7167861588683224,1.0,0.22127766198600116,0.0,-0.0,101.66193269348145,-0.7790571451187134,CityLearnV3MADRLRewardFunction,masac_unified_comparable_v4,E1,-101.66193269348145,1907,14.53622011222494,1.0,0.1668193840008941,0.0,14
8,0.0,0.0,0.0,0.0,Building_4,3,MASAC,0.7247269749641418,False,0.0,0.0,0.0,0.4490605592727661,13,0,0.0,0.0,-0.0,113880,-0.0,0.0,-0.8967231512069702,0.0,0.0,0.0,0.0,78,3.4941178883751647,1.0,0.24201672127804694,0.0,-0.0,43.53841238708497,-0.7790571451187134,CityLearnV3MADRLRewardFunction,masac_unified_comparable_v4,E1,-43.53841238708497,1907,14.53622011222494,1.0,0.1668193840008941,0.0,14
5,0.0,0.0,0.0,0.0,Building_5,4,MASAC,0.7247269749641418,False,0.0,0.0,0.0,0.4490605592727661,13,0,0.0,0.0,-0.0,113880,-0.0,0.0,-0.8090136647224426,0.0,0.0,0.0,0.0,57,3.1864573630429684,1.0,0.27904143929481506,0.0,-0.0,17.36150554351807,-0.7790571451187134,CityLearnV3MADRLRewardFunction,masac_unified_comparable_v4,E1,-17.36150554351807,1907,14.53622011222494,1.0,0.1668193840008941,0.0,14
34,0.0,0.0,0.0,0.0,Building_6,5,MASAC,0.7247269749641418,False,0.0,0.0,0.0,0.4490605592727661,13,0,0.0,0.0,-0.0,113880,-0.0,0.0,-0.8248549699783325,0.0,0.0,0.0,0.0,260,6.835906624360853,1.0,0.23814542508469178,0.0,-0.0,366.0479227920532,-0.7790571451187134,CityLearnV3MADRLRewardFunction,masac_unified_comparable_v4,E1,-366.0479227920532,1907,14.53622011222494,1.0,0.1668193840008941,0.0,14
44,0.0,0.0,0.0,0.0,Building_7,6,MASAC,0.7247269749641418,False,0.0,0.0,0.0,0.4490605592727661,13,0,0.0,0.0,-0.0,113880,-0.0,0.0,-0.7391519546508789,0.0,0.0,0.0,0.0,330,2.8140991812721077,1.0,0.03939692808145827,0.0,-0.0,137.46600742263794,-0.7790571451187134,CityLearnV3MADRLRewardFunction,masac_unified_comparable_v4,E1,-137.46600742263794,1907,14.53622011222494,1.0,0.1668193840008941,0.0,14
19,1.0,1.0,0.05263157894736842,0.0,Building_8,7,MASAC,0.7247269749641418,False,0.0,0.0,0.0,0.4490605592727661,13,0,0.0,0.0,-0.0,113880,-0.0,0.0,-0.7383977770805359,0.0,0.0,0.0,0.0,155,2.8609477493371465,1.0,0.0859247094681186,0.0,-0.0,372.8457879226684,-0.7790571451187134,CityLearnV3MADRLRewardFunction,masac_unified_comparable_v4,E1,-372.8457879226684,1907,14.53622011222494,1.0,0.1668193840008941,0.0,14
12,1.0,1.0,0.08333333333333333,0.0,Building_9,8,MASAC,0.7247269749641418,False,0.0,0.0,0.0,0.4490605592727661,13,0,0.0,0.0,-0.0,113880,-0.0,0.0,-0.7051422595977783,0.0,0.0,0.0,0.0,106,4.059487241766397,1.0,0.22283979220632114,0.0,-0.0,75.2412855178833,-0.7790571451187134,CityLearnV3MADRLRewardFunction,masac_unified_comparable_v4,E1,-75.2412855178833,1907,14.53622011222494,1.0,0.1668193840008941,0.0,14
8,0.0,0.0,0.0,0.0,Building_10,9,MASAC,0.7247269749641418,False,0.0,0.0,0.0,0.4490605592727661,13,0,0.0,0.0,-0.0,113880,-0.0,0.0,-0.820472002029419,0.0,0.0,0.0,0.0,78,2.8680436332648394,1.0,0.17197124459422553,0.0,-0.0,250.85625686645508,-0.7790571451187134,CityLearnV3MADRLRewardFunction,masac_unified_comparable_v4,E1,-250.85625686645508,1907,14.53622011222494,1.0,0.1668193840008941,0.0,14
5,0.0,0.0,0.0,0.0,Building_11,10,MASAC,0.7247269749641418,False,0.0,0.0,0.0,0.4490605592727661,13,0,0.0,0.0,-0.0,113880,-0.0,0.0,-0.7210122346878052,0.0,0.0,0.0,0.0,57,3.5085663162370184,1.0,0.3263820532644004,0.0,-0.0,740.0867736206054,-0.7790571451187134,CityLearnV3MADRLRewardFunction,masac_unified_comparable_v4,E1,-740.0867736206054,1907,14.53622011222494,1.0,0.1668193840008941,0.0,14
5,0.0,0.0,0.0,0.0,Building_12,11,MASAC,0.7247269749641418,False,0.0,0.0,0.0,0.4490605592727661,13,0,0.0,0.0,-0.0,113880,-0.0,0.0,-0.7946307063102722,0.0,0.0,0.0,0.0,57,3.7615870289568996,1.0,0.3693639504674234,0.0,-0.0,322.0501773262024,-0.7790571451187134,CityLearnV3MADRLRewardFunction,masac_unified_comparable_v4,E1,-322.0501773262024,1907,14.53622011222494,1.0,0.1668193840008941,0.0,14
13,0.0,0.0,0.0,0.0,Building_13,12,MASAC,0.7247269749641418,False,0.0,0.0,0.0,0.4490605592727661,13,0,0.0,0.0,-0.0,113880,-0.0,0.0,-0.7368749976158142,0.0,0.0,0.0,0.0,113,2.8195961582188045,1.0,0.11506019423888848,0.0,-0.0,46.41701664123535,-0.7790571451187134,CityLearnV3MADRLRewardFunction,masac_unified_comparable_v4,E1,-46.41701664123535,1907,14.53622011222494,1.0,0.1668193840008941,0.0,14
6,0.0,0.0,0.0,0.0,Building_14,13,MASAC,0.7247269749641418,False,0.0,0.0,0.0,0.4490605592727661,13,0,0.0,0.0,-0.0,113880,-0.0,0.0,-0.7613333463668823,0.0,0.0,0.0,0.0,64,3.615745356994983,1.0,0.3060765655245632,0.0,-0.0,313.822676070404,-0.7790571451187134,CityLearnV3MADRLRewardFunction,masac_unified_comparable_v4,E1,-313.822676070404,1907,14.53622011222494,1.0,0.1668193840008941,0.0,14
10,0.0,0.0,0.0,0.0,Building_15,14,MASAC,0.7247269749641418,False,0.0,0.0,0.0,0.4490605592727661,13,0,0.0,0.0,-0.0,113880,-0.0,0.0,-0.7384524345397949,0.0,0.0,0.0,0.0,92,2.8798104156872673,1.0,0.1458208548795918,0.0,-0.0,171.06831934051516,-0.7790571451187134,CityLearnV3MADRLRewardFunction,masac_unified_comparable_v4,E1,-171.06831934051516,1907,14.53622011222494,1.0,0.1668193840008941,0.0,14
13,1.0,0.0,-0.07692307692307693,-1.0,Building_16,15,MASAC,0.7247269749641418,False,0.0,0.0,0.0,0.4490605592727661,13,0,0.0,0.0,-0.0,113880,-0.0,0.0,-0.7683876752853394,0.0,0.0,0.0,0.0,113,2.738842729870938,1.0,0.11015014002095512,0.0,-0.0,178.22230344543456,-0.7790571451187134,CityLearnV3MADRLRewardFunction,masac_unified_comparable_v4,E1,-178.22230344543456,1907,14.53622011222494,1.0,0.1668193840008941,0.0,14
13,0.0,0.0,0.0,0.0,Building_17,16,MASAC,0.7247269749641418,False,0.0,0.0,0.0,0.4490605592727661,13,0,0.0,0.0,-0.0,113880,-0.0,0.0,-0.7919071316719055,0.0,0.0,0.0,0.0,113,2.9183357645136105,1.0,0.12110279985101877,0.0,-0.0,27.9006019493103,-0.7790571451187134,CityLearnV3MADRLRewardFunction,masac_unified_comparable_v4,E1,-27.9006019493103,1907,14.53622011222494,1.0,0.1668193840008941,0.0,14
6,0.0,0.0,0.0,0.0,Building_1,0,MASAC,0.7900000214576721,True,0.0,0.0,0.0,0.5087285041809082,13,8745,0.0,0.0,-0.0,122625,0.0,446.8856201171875,-0.8356560468673706,295.5318298339844,353.0396423339844,446.8856201171875,446.8856201171875,64,3.5214672120853283,1.0,0.2502227406948805,0.0,0.0,0.0,-0.7963974475860596,CityLearnV3MADRLRewardFunction,masac_unified_comparable_v4,E1,-0.0,1907,14.644340587808212,1.0,0.14429082518309652,0.0,8759
8,1.0,1.0,0.125,0.0,Building_2,1,MASAC,0.7900000214576721,True,0.0,0.0,0.0,0.5087285041809082,13,8745,0.0,0.0,-0.0,122625,0.0,5.618855953216553,-0.750228226184845,3.4458975791931152,4.438896179199219,5.618855953216553,5.618855953216553,78,3.6021030559551703,1.0,0.20721649894347557,0.0,0.0,0.0,-0.7963974475860596,CityLearnV3MADRLRewardFunction,masac_unified_comparable_v4,E1,-0.0,1907,14.644340587808212,1.0,0.14429082518309652,0.0,8759
10,0.0,0.0,0.0,0.0,Building_3,2,MASAC,0.7900000214576721,True,0.0,0.0,0.0,0.5087285041809082,13,8745,0.0,0.0,-0.0,122625,0.0,98.17061614990234,-0.8319971561431885,64.70831298828125,77.5547866821289,98.17061614990234,98.17061614990234,92,3.5302143480327293,1.0,0.172586176706397,0.0,0.0,0.0,-0.7963974475860596,CityLearnV3MADRLRewardFunction,masac_unified_comparable_v4,E1,-0.0,1907,14.644340587808212,1.0,0.14429082518309652,0.0,8759
8,0.0,0.0,0.0,0.0,Building_4,3,MASAC,0.7900000214576721,True,0.0,0.0,0.0,0.5087285041809082,13,8745,0.0,0.0,-0.0,122625,0.0,28.84416961669922,-0.8118174076080322,18.8193359375,22.786893844604492,28.84416961669922,28.84416961669922,78,3.5263884524107327,1.0,0.20306701652514628,0.0,0.0,0.0,-0.7963974475860596,CityLearnV3MADRLRewardFunction,masac_unified_comparable_v4,E1,-0.0,1907,14.644340587808212,1.0,0.14429082518309652,0.0,8759
5,0.0,0.0,0.0,0.0,Building_5,4,MASAC,0.7900000214576721,True,0.0,0.0,0.0,0.5087285041809082,13,8745,0.0,0.0,-0.0,122625,0.0,37.89287567138672,-0.85367751121521,24.808908462524414,29.935373306274414,37.89287567138672,37.89287567138672,57,3.6880705077132263,1.0,0.31616820133568946,0.0,0.0,0.0,-0.7963974475860596,CityLearnV3MADRLRewardFunction,masac_unified_comparable_v4,E1,-0.0,1907,14.644340587808212,1.0,0.14429082518309652,0.0,8759
34,0.0,0.0,0.0,0.0,Building_6,5,MASAC,0.7900000214576721,True,0.0,0.0,0.0,0.5087285041809082,13,8745,0.0,0.0,-0.0,122625,0.0,350.8894348144531,-0.8356418013572693,231.9894561767578,277.2026672363281,350.8894348144531,350.8894348144531,260,3.4961324502361175,1.0,0.06046789918954556,0.0,0.0,0.0,-0.7963974475860596,CityLearnV3MADRLRewardFunction,masac_unified_comparable_v4,E1,-0.0,1907,14.644340587808212,1.0,0.14429082518309652,0.0,8759
44,0.0,0.0,0.0,0.0,Building_7,6,MASAC,0.7900000214576721,True,0.0,0.0,0.0,0.5087285041809082,13,8745,0.0,0.0,-0.0,122625,0.0,18.66022491455078,-0.7907596230506897,12.07831859588623,14.741578102111816,18.66022491455078,18.66022491455078,330,3.469124446610699,1.0,0.04717285885955348,0.0,0.0,0.0,-0.7963974475860596,CityLearnV3MADRLRewardFunction,masac_unified_comparable_v4,E1,-0.0,1907,14.644340587808212,1.0,0.14429082518309652,0.0,8759
19,0.0,0.0,0.0,0.0,Building_8,7,MASAC,0.7900000214576721,True,0.0,0.0,0.0,0.5087285041809082,13,8745,0.0,0.0,-0.0,122625,0.0,19.251495361328125,-0.792809784412384,12.469696044921875,15.2086820602417,19.251495361328125,19.251495361328125,155,3.622219137691763,1.0,0.10677294154320993,0.0,0.0,0.0,-0.7963974475860596,CityLearnV3MADRLRewardFunction,masac_unified_comparable_v4,E1,-0.0,1907,14.644340587808212,1.0,0.14429082518309652,0.0,8759
12,0.0,0.0,0.0,0.0,Building_9,8,MASAC,0.7900000214576721,True,0.0,0.0,0.0,0.5087285041809082,13,8745,0.0,0.0,-0.0,122625,0.0,2.4506425857543945,-0.7181667685508728,1.348774790763855,1.9360077381134033,2.4506425857543945,2.4506425857543945,106,3.714427487161785,1.0,0.1684247169573352,0.0,0.0,0.0,-0.7963974475860596,CityLearnV3MADRLRewardFunction,masac_unified_comparable_v4,E1,-0.0,1907,14.644340587808212,1.0,0.14429082518309652,0.0,8759
8,1.0,1.0,0.125,0.0,Building_10,9,MASAC,0.7900000214576721,True,0.0,0.0,0.0,0.5087285041809082,13,8745,0.0,0.0,-0.0,122625,0.0,34.33414077758789,-0.8154156804084778,22.453290939331055,27.123971939086914,34.33414077758789,34.33414077758789,78,3.519064231725977,1.0,0.20382632133670342,0.0,0.0,0.0,-0.7963974475860596,CityLearnV3MADRLRewardFunction,masac_unified_comparable_v4,E1,-0.0,1907,14.644340587808212,1.0,0.14429082518309652,0.0,8759
5,0.0,0.0,0.0,0.0,Building_11,10,MASAC,0.7900000214576721,True,0.0,0.0,0.0,0.5087285041809082,13,8745,0.0,0.0,-0.0,122625,0.0,57.917564392089844,-0.8265550136566162,38.06377029418945,45.754878997802734,57.917564392089844,57.917564392089844,57,3.570945194809454,1.0,0.2815085304410834,0.0,0.0,0.0,-0.7963974475860596,CityLearnV3MADRLRewardFunction,masac_unified_comparable_v4,E1,-0.0,1907,14.644340587808212,1.0,0.14429082518309652,0.0,8759
5,0.0,0.0,0.0,0.0,Building_12,11,MASAC,0.7900000214576721,True,0.0,0.0,0.0,0.5087285041809082,13,8745,0.0,0.0,-0.0,122625,0.0,182.6020965576172,-0.828713059425354,120.595703125,144.2556610107422,182.6020965576172,182.6020965576172,57,3.416252677812976,1.0,0.2679081271614945,0.0,0.0,0.0,-0.7963974475860596,CityLearnV3MADRLRewardFunction,masac_unified_comparable_v4,E1,-0.0,1907,14.644340587808212,1.0,0.14429082518309652,0.0,8759
13,1.0,1.0,0.07692307692307693,0.0,Building_13,12,MASAC,0.7900000214576721,True,0.0,0.0,0.0,0.5087285041809082,13,8745,0.0,0.0,-0.0,122625,0.0,2.789367437362671,-0.737614095211029,1.5729855298995972,2.2036004066467285,2.789367437362671,2.789367437362671,113,3.59872582606509,1.0,0.142975739936913,0.0,0.0,0.0,-0.7963974475860596,CityLearnV3MADRLRewardFunction,masac_unified_comparable_v4,E1,-0.0,1907,14.644340587808212,1.0,0.14429082518309652,0.0,8759
6,0.0,0.0,0.0,0.0,Building_14,13,MASAC,0.7900000214576721,True,0.0,0.0,0.0,0.5087285041809082,13,8745,0.0,0.0,-0.0,122625,0.0,2.485826015472412,-0.7359987497329712,1.3720636367797852,1.9638025760650635,2.485826015472412,2.485826015472412,64,3.496632098949104,1.0,0.24552625371143222,0.0,0.0,0.0,-0.7963974475860596,CityLearnV3MADRLRewardFunction,masac_unified_comparable_v4,E1,-0.0,1907,14.644340587808212,1.0,0.14429082518309652,0.0,8759
10,0.0,0.0,0.0,0.0,Building_15,14,MASAC,0.7900000214576721,True,0.0,0.0,0.0,0.5087285041809082,13,8745,0.0,0.0,-0.0,122625,0.0,20.5941162109375,-0.7962607145309448,13.358410835266113,16.269351959228516,20.5941162109375,20.5941162109375,92,3.562733098850407,1.0,0.17736889681090479,0.0,0.0,0.0,-0.7963974475860596,CityLearnV3MADRLRewardFunction,masac_unified_comparable_v4,E1,-0.0,1907,14.644340587808212,1.0,0.14429082518309652,0.0,8759
13,1.0,0.0,-0.07692307692307693,-1.0,Building_16,15,MASAC,0.7900000214576721,True,-136.1697540283203,0.0,0.0,0.5087285041809082,13,8745,0.0,0.0,-0.0,122625,33.03924560546875,0.0,-0.7795840501785278,-17.495628356933594,0.0,-33.03924560546875,103.13050842285156,113,3.560010520658654,1.0,0.144102022974892,0.0,0.0,0.0,-0.7963974475860596,CityLearnV3MADRLRewardFunction,masac_unified_comparable_v4,E1,-0.0,1907,14.644340587808212,1.0,0.14429082518309652,0.0,8759
13,1.0,0.0,-0.07692307692307693,-1.0,Building_17,16,MASAC,0.7900000214576721,True,0.0,0.0,0.0,0.5087285041809082,13,8745,0.0,0.0,-0.0,122625,0.0,21.1981143951416,-0.7978604435920715,13.75821304321289,16.746511459350586,21.1981143951416,21.1981143951416,113,3.4721290785401617,1.0,0.14042997017370917,0.0,0.0,0.0,-0.7963974475860596,CityLearnV3MADRLRewardFunction,masac_unified_comparable_v4,E1,-0.0,1907,14.644340587808212,1.0,0.14429082518309652,0.0,8759
6,0.0,0.0,0.0,0.0,Building_1,0,MASAC,0.7373149991035461,False,0.0,0.0,0.0,0.526870608329773,14,0,0.0,0.0,-0.0,122640,-0.0,0.0,-0.45477697253227234,0.0,0.0,0.0,0.0,64,3.0383628878199564,1.0,0.23443043074803427,0.0,-0.0,369.1006091033935,-0.4766407608985901,CityLearnV3MADRLRewardFunction,masac_unified_comparable_v4,E1,-369.1006091033935,1907,15.177478911369551,1.0,0.17853240725424632,0.0,15
8,0.0,0.0,0.0,0.0,Building_2,1,MASAC,0.7373149991035461,False,0.0,0.0,0.0,0.526870608329773,14,0,0.0,0.0,-0.0,122640,-0.0,0.0,-0.4547768533229828,0.0,0.0,0.0,0.0,78,3.111845890225221,1.0,0.19097148574506626,0.0,-0.0,211.4393408203125,-0.4766407608985901,CityLearnV3MADRLRewardFunction,masac_unified_comparable_v4,E1,-211.4393408203125,1907,15.177478911369551,1.0,0.17853240725424632,0.0,15
10,0.0,0.0,0.0,0.0,Building_3,2,MASAC,0.7373149991035461,False,0.0,0.0,0.0,0.526870608329773,14,0,0.0,0.0,-0.0,122640,-0.0,0.0,-0.5297768712043762,0.0,0.0,0.0,0.0,92,3.6831517342572746,1.0,0.22068006703225168,0.0,-0.0,154.77470272979738,-0.4766407608985901,CityLearnV3MADRLRewardFunction,masac_unified_comparable_v4,E1,-154.77470272979738,1907,15.177478911369551,1.0,0.17853240725424632,0.0,15
8,0.0,0.0,0.0,0.0,Building_4,3,MASAC,0.7373149991035461,False,0.0,0.0,0.0,0.526870608329773,14,0,0.0,0.0,-0.0,122640,-0.0,0.0,-0.5340532064437866,0.0,0.0,0.0,0.0,78,3.7155926756570783,1.0,0.26851483821295774,0.0,-0.0,65.70065726470948,-0.4766407608985901,CityLearnV3MADRLRewardFunction,masac_unified_comparable_v4,E1,-65.70065726470948,1907,15.177478911369551,1.0,0.17853240725424632,0.0,15
5,0.0,0.0,0.0,0.0,Building_5,4,MASAC,0.7373149991035461,False,0.0,0.0,0.0,0.526870608329773,14,0,0.0,0.0,-0.0,122640,-0.0,0.0,-0.48839104175567627,0.0,0.0,0.0,0.0,57,3.476646096972899,1.0,0.31330788377345653,0.0,-0.0,27.146512926483155,-0.4766407608985901,CityLearnV3MADRLRewardFunction,masac_unified_comparable_v4,E1,-27.146512926483155,1907,15.177478911369551,1.0,0.17853240725424632,0.0,15
34,1.0,0.0,-0.029411764705882353,-1.0,Building_6,5,MASAC,0.7373149991035461,False,0.0,0.0,0.0,0.526870608329773,14,0,0.0,0.0,-0.0,122640,-0.0,0.0,-0.559782087802887,0.0,0.0,0.0,0.0,260,6.717059795280198,1.0,0.22981827085694442,0.0,-0.0,548.2103262657165,-0.4766407608985901,CityLearnV3MADRLRewardFunction,masac_unified_comparable_v4,E1,-548.2103262657165,1907,15.177478911369551,1.0,0.17853240725424632,0.0,15
44,0.0,0.0,0.0,0.0,Building_7,6,MASAC,0.7373149991035461,False,0.0,0.0,0.0,0.526870608329773,14,0,0.0,0.0,-0.0,122640,-0.0,0.0,-0.4547768533229828,0.0,0.0,0.0,0.0,330,3.0987762002251014,1.0,0.04499333237834049,0.0,-0.0,209.49908080902102,-0.4766407608985901,CityLearnV3MADRLRewardFunction,masac_unified_comparable_v4,E1,-209.49908080902102,1907,15.177478911369551,1.0,0.17853240725424632,0.0,15
19,1.0,1.0,0.05263157894736842,0.0,Building_8,7,MASAC,0.7373149991035461,False,0.0,0.0,0.0,0.526870608329773,14,0,0.0,0.0,-0.0,122640,-0.0,0.0,-0.4547768533229828,0.0,0.0,0.0,0.0,155,3.076354919343554,1.0,0.09568658161067194,0.0,-0.0,558.308858946228,-0.4766407608985901,CityLearnV3MADRLRewardFunction,masac_unified_comparable_v4,E1,-558.308858946228,1907,15.177478911369551,1.0,0.17853240725424632,0.0,15
12,0.0,0.0,0.0,0.0,Building_9,8,MASAC,0.7373149991035461,False,0.0,0.0,0.0,0.526870608329773,14,0,0.0,0.0,-0.0,122640,-0.0,0.0,-0.4199223518371582,0.0,0.0,0.0,0.0,106,4.57828839039352,1.0,0.27410442638650256,0.0,-0.0,115.01495662765502,-0.4766407608985901,CityLearnV3MADRLRewardFunction,masac_unified_comparable_v4,E1,-115.01495662765502,1907,15.177478911369551,1.0,0.17853240725424632,0.0,15
8,0.0,0.0,0.0,0.0,Building_10,9,MASAC,0.7373149991035461,False,0.0,0.0,0.0,0.526870608329773,14,0,0.0,0.0,-0.0,122640,-0.0,0.0,-0.4547768533229828,0.0,0.0,0.0,0.0,78,3.066495959622328,1.0,0.18938796408474445,0.0,-0.0,377.07543457717895,-0.4766407608985901,CityLearnV3MADRLRewardFunction,masac_unified_comparable_v4,E1,-377.07543457717895,1907,15.177478911369551,1.0,0.17853240725424632,0.0,15
5,0.0,0.0,0.0,0.0,Building_11,10,MASAC,0.7373149991035461,False,0.0,0.0,0.0,0.526870608329773,14,0,0.0,0.0,-0.0,122640,-0.0,0.0,-0.5297768712043762,0.0,0.0,0.0,0.0,57,3.1618175011037635,1.0,0.2732225223199317,0.0,-0.0,1117.0262829772948,-0.4766407608985901,CityLearnV3MADRLRewardFunction,masac_unified_comparable_v4,E1,-1117.0262829772948,1907,15.177478911369551,1.0,0.17853240725424632,0.0,15
5,0.0,0.0,0.0,0.0,Building_12,11,MASAC,0.7373149991035461,False,0.0,0.0,0.0,0.526870608329773,14,0,0.0,0.0,-0.0,122640,-0.0,0.0,-0.4180026054382324,0.0,0.0,0.0,0.0,57,4.05664555501875,1.0,0.41567630588746907,0.0,-0.0,482.84796419143674,-0.4766407608985901,CityLearnV3MADRLRewardFunction,masac_unified_comparable_v4,E1,-482.84796419143674,1907,15.177478911369551,1.0,0.17853240725424632,0.0,15
13,0.0,0.0,0.0,0.0,Building_13,12,MASAC,0.7373149991035461,False,0.0,0.0,0.0,0.526870608329773,14,0,0.0,0.0,-0.0,122640,-0.0,0.0,-0.45477768778800964,0.0,0.0,0.0,0.0,113,3.101213992266879,1.0,0.131462252805982,0.0,-0.0,70.60658410491943,-0.4766407608985901,CityLearnV3MADRLRewardFunction,masac_unified_comparable_v4,E1,-70.60658410491943,1907,15.177478911369551,1.0,0.17853240725424632,0.0,15
6,0.0,0.0,0.0,0.0,Building_14,13,MASAC,0.7373149991035461,False,0.0,0.0,0.0,0.526870608329773,14,0,0.0,0.0,-0.0,122640,-0.0,0.0,-0.5297768712043762,0.0,0.0,0.0,0.0,64,3.4716521773517965,1.0,0.29005969024728984,0.0,-0.0,470.6249470649719,-0.4766407608985901,CityLearnV3MADRLRewardFunction,masac_unified_comparable_v4,E1,-470.6249470649719,1907,15.177478911369551,1.0,0.17853240725424632,0.0,15
10,0.0,0.0,0.0,0.0,Building_15,14,MASAC,0.7373149991035461,False,0.0,0.0,0.0,0.526870608329773,14,0,0.0,0.0,-0.0,122640,-0.0,0.0,-0.4547768533229828,0.0,0.0,0.0,0.0,92,3.1465450178673002,1.0,0.16449006440360908,0.0,-0.0,258.52323187713625,-0.4766407608985901,CityLearnV3MADRLRewardFunction,masac_unified_comparable_v4,E1,-258.52323187713625,1907,15.177478911369551,1.0,0.17853240725424632,0.0,15
13,0.0,0.0,0.0,0.0,Building_16,15,MASAC,0.7373149991035461,False,0.0,0.0,0.0,0.526870608329773,14,0,0.0,0.0,-0.0,122640,-0.0,0.0,-0.4547768533229828,0.0,0.0,0.0,0.0,113,3.0505683900626464,1.0,0.13091693399886115,0.0,-0.0,269.15333079528807,-0.4766407608985901,CityLearnV3MADRLRewardFunction,masac_unified_comparable_v4,E1,-269.15333079528807,1907,15.177478911369551,1.0,0.17853240725424632,0.0,15
13,0.0,0.0,0.0,0.0,Building_17,16,MASAC,0.7373149991035461,False,0.0,0.0,0.0,0.526870608329773,14,0,0.0,0.0,-0.0,122640,-0.0,0.0,-0.4551950693130493,0.0,0.0,0.0,0.0,113,3.178500817068979,1.0,0.13791518747410944,0.0,-0.0,42.14215385971069,-0.4766407608985901,CityLearnV3MADRLRewardFunction,masac_unified_comparable_v4,E1,-42.14215385971069,1907,15.177478911369551,1.0,0.17853240725424632,0.0,15
6,0.0,0.0,0.0,0.0,Building_1,0,MASAC,0.7900000214576721,True,0.0,0.0,0.0,0.32958081364631653,14,8744,0.0,0.0,-0.0,131384,0.0,391.586669921875,-0.8038395643234253,179.1614532470703,309.3534851074219,391.586669921875,391.586669921875,64,3.4301671143269994,1.0,0.23123701801523566,0.0,0.0,0.0,-0.7530914545059204,CityLearnV3MADRLRewardFunction,masac_unified_comparable_v4,E1,-0.0,1907,14.169845597220684,1.0,0.1326187694016463,0.0,8759
8,0.0,0.0,0.0,0.0,Building_2,1,MASAC,0.7900000214576721,True,0.0,0.0,0.0,0.32958081364631653,14,8744,0.0,0.0,-0.0,131384,0.0,0.1848604530096054,-0.6936532855033875,0.08457864075899124,0.14603976905345917,0.1848604530096054,0.1848604530096054,78,3.4106603118220455,1.0,0.1863429905512394,0.0,0.0,0.0,-0.7530914545059204,CityLearnV3MADRLRewardFunction,masac_unified_comparable_v4,E1,-0.0,1907,14.169845597220684,1.0,0.1326187694016463,0.0,8759
10,1.0,1.0,0.1,0.0,Building_3,2,MASAC,0.7900000214576721,True,0.0,0.0,0.0,0.32958081364631653,14,8744,0.0,0.0,-0.0,131384,0.0,39.0087890625,-0.787892758846283,17.847572326660156,30.816944122314453,39.0087890625,39.0087890625,92,3.40042764284245,1.0,0.1580406644422075,0.0,0.0,0.0,-0.7530914545059204,CityLearnV3MADRLRewardFunction,masac_unified_comparable_v4,E1,-0.0,1907,14.169845597220684,1.0,0.1326187694016463,0.0,8759
8,0.0,0.0,0.0,0.0,Building_4,3,MASAC,0.7900000214576721,True,0.0,0.0,0.0,0.32958081364631653,14,8744,0.0,0.0,-0.0,131384,0.0,36.67196273803711,-0.7859691381454468,16.778411865234375,28.97085189819336,36.67196273803711,36.67196273803711,78,3.3878994195023866,1.0,0.18577548555838755,0.0,0.0,0.0,-0.7530914545059204,CityLearnV3MADRLRewardFunction,masac_unified_comparable_v4,E1,-0.0,1907,14.169845597220684,1.0,0.1326187694016463,0.0,8759
5,0.0,0.0,0.0,0.0,Building_5,4,MASAC,0.7900000214576721,True,0.0,0.0,0.0,0.32958081364631653,14,8744,0.0,0.0,-0.0,131384,0.0,54.225337982177734,-0.8296028971672058,24.809553146362305,42.838016510009766,54.225337982177734,54.225337982177734,57,3.5828841356366894,1.0,0.2940794399432969,0.0,0.0,0.0,-0.7530914545059204,CityLearnV3MADRLRewardFunction,masac_unified_comparable_v4,E1,-0.0,1907,14.169845597220684,1.0,0.1326187694016463,0.0,8759
34,1.0,1.0,0.029411764705882353,0.0,Building_6,5,MASAC,0.7900000214576721,True,0.0,0.0,0.0,0.32958081364631653,14,8744,0.0,0.0,-0.0,131384,0.0,348.8946838378906,-0.8038196563720703,159.62872314453125,275.6268005371094,348.8946838378906,348.8946838378906,260,3.3560938075819124,1.0,0.05521803945302963,0.0,0.0,0.0,-0.7530914545059204,CityLearnV3MADRLRewardFunction,masac_unified_comparable_v4,E1,-0.0,1907,14.169845597220684,1.0,0.1326187694016463,0.0,8759
44,1.0,1.0,0.022727272727272728,0.0,Building_7,6,MASAC,0.7900000214576721,True,0.0,0.0,0.0,0.32958081364631653,14,8744,0.0,0.0,-0.0,131384,0.0,2.9800853729248047,-0.7057554125785828,1.3634693622589111,2.3542675971984863,2.9800853729248047,2.9800853729248047,330,3.3765245692718784,1.0,0.04362358665375998,0.0,0.0,0.0,-0.7530914545059204,CityLearnV3MADRLRewardFunction,masac_unified_comparable_v4,E1,-0.0,1907,14.169845597220684,1.0,0.1326187694016463,0.0,8759
19,0.0,0.0,0.0,0.0,Building_8,7,MASAC,0.7900000214576721,True,0.0,0.0,0.0,0.32958081364631653,14,8744,0.0,0.0,-0.0,131384,0.0,6.19936990737915,-0.7187867760658264,2.836378812789917,4.897502422332764,6.19936990737915,6.19936990737915,155,3.3897699056577486,1.0,0.09389914860648493,0.0,0.0,0.0,-0.7530914545059204,CityLearnV3MADRLRewardFunction,masac_unified_comparable_v4,E1,-0.0,1907,14.169845597220684,1.0,0.1326187694016463,0.0,8759
12,0.0,0.0,0.0,0.0,Building_9,8,MASAC,0.7900000214576721,True,0.0,0.0,0.0,0.32958081364631653,14,8744,0.0,0.0,-0.0,131384,0.0,2.1350696086883545,-0.6850243210792542,0.9768518805503845,1.6867049932479858,2.1350696086883545,2.1350696086883545,106,3.6906169431629405,1.0,0.16017538618366672,0.0,0.0,0.0,-0.7530914545059204,CityLearnV3MADRLRewardFunction,masac_unified_comparable_v4,E1,-0.0,1907,14.169845597220684,1.0,0.1326187694016463,0.0,8759
8,1.0,0.0,-0.125,-1.0,Building_10,9,MASAC,0.7900000214576721,True,0.0,0.0,0.0,0.32958081364631653,14,8744,0.0,0.0,-0.0,131384,0.0,16.451881408691406,-0.7553794980049133,7.52717924118042,12.996986389160156,16.451881408691406,16.451881408691406,78,3.4471459863245193,1.0,0.18978629729304558,0.0,0.0,0.0,-0.7530914545059204,CityLearnV3MADRLRewardFunction,masac_unified_comparable_v4,E1,-0.0,1907,14.169845597220684,1.0,0.1326187694016463,0.0,8759
5,0.0,0.0,0.0,0.0,Building_11,10,MASAC,0.7900000214576721,True,0.0,0.0,0.0,0.32958081364631653,14,8744,0.0,0.0,-0.0,131384,0.0,66.45198059082031,-0.7859628796577454,30.40357208251953,52.497066497802734,66.45198059082031,66.45198059082031,57,3.330474504648853,1.0,0.24611407962807438,0.0,0.0,0.0,-0.7530914545059204,CityLearnV3MADRLRewardFunction,masac_unified_comparable_v4,E1,-0.0,1907,14.169845597220684,1.0,0.1326187694016463,0.0,8759
5,0.0,0.0,0.0,0.0,Building_12,11,MASAC,0.7900000214576721,True,0.0,0.0,0.0,0.32958081364631653,14,8744,0.0,0.0,-0.0,131384,0.0,155.388671875,-0.79061359167099,71.0945053100586,122.7570571899414,155.388671875,155.388671875,57,3.291966916952635,1.0,0.24664921143598723,0.0,0.0,0.0,-0.7530914545059204,CityLearnV3MADRLRewardFunction,masac_unified_comparable_v4,E1,-0.0,1907,14.169845597220684,1.0,0.1326187694016463,0.0,8759
13,1.0,1.0,0.07692307692307693,0.0,Building_13,12,MASAC,0.7900000214576721,True,0.0,0.0,0.0,0.32958081364631653,14,8744,0.0,0.0,-0.0,131384,0.0,0.1047736182808876,-0.693300187587738,0.04793675243854523,0.08277115970849991,0.1047736182808876,0.1047736182808876,113,3.384438803953835,1.0,0.12746884363942443,0.0,0.0,0.0,-0.7530914545059204,CityLearnV3MADRLRewardFunction,masac_unified_comparable_v4,E1,-0.0,1907,14.169845597220684,1.0,0.1326187694016463,0.0,8759
6,0.0,0.0,0.0,0.0,Building_14,13,MASAC,0.7900000214576721,True,0.0,0.0,0.0,0.32958081364631653,14,8744,0.0,0.0,-0.0,131384,0.0,1.3521205186843872,-0.6989079713821411,0.6186316013336182,1.068175196647644,1.3521205186843872,1.3521205186843872,64,3.4750976525678827,1.0,0.2320732157677412,0.0,0.0,0.0,-0.7530914545059204,CityLearnV3MADRLRewardFunction,masac_unified_comparable_v4,E1,-0.0,1907,14.169845597220684,1.0,0.1326187694016463,0.0,8759
10,1.0,1.0,0.1,0.0,Building_15,14,MASAC,0.7900000214576721,True,0.0,0.0,0.0,0.32958081364631653,14,8744,0.0,0.0,-0.0,131384,0.0,15.147623062133789,-0.7520257234573364,6.930445671081543,11.966622352600098,15.147623062133789,15.147623062133789,92,3.537888777576679,1.0,0.1676550685711529,0.0,0.0,0.0,-0.7530914545059204,CityLearnV3MADRLRewardFunction,masac_unified_comparable_v4,E1,-0.0,1907,14.169845597220684,1.0,0.1326187694016463,0.0,8759
13,0.0,0.0,0.0,0.0,Building_16,15,MASAC,0.7900000214576721,True,0.0,0.0,0.0,0.32958081364631653,14,8744,0.0,0.0,-0.0,131384,0.0,11.957420349121094,-0.7415565252304077,5.470841884613037,9.446362495422363,11.957420349121094,11.957420349121094,113,3.426785644755,1.0,0.12971572380150315,0.0,0.0,0.0,-0.7530914545059204,CityLearnV3MADRLRewardFunction,masac_unified_comparable_v4,E1,-0.0,1907,14.169845597220684,1.0,0.1326187694016463,0.0,8759
13,0.0,0.0,0.0,0.0,Building_17,16,MASAC,0.7900000214576721,True,0.0,0.0,0.0,0.32958081364631653,14,8744,0.0,0.0,-0.0,131384,0.0,23.087642669677734,-0.770465075969696,10.56321907043457,18.239238739013672,23.087642669677734,23.087642669677734,113,3.482872208056659,1.0,0.13506401692871497,0.0,0.0,0.0,-0.7530914545059204,CityLearnV3MADRLRewardFunction,masac_unified_comparable_v4,E1,-0.0,1907,14.169845597220684,1.0,0.1326187694016463,0.0,8759
6,0.0,0.0,0.0,0.0,Building_1,0,MASAC,0.7779510021209717,False,0.0,0.0,0.0,0.43774908781051636,15,0,0.0,0.0,-0.0,131400,-0.0,0.0,-0.8459627628326416,0.0,0.0,0.0,0.0,64,3.109697730365542,0.9330127239227295,0.2275639044237323,0.0,-0.0,380.7566361251831,-0.8104943037033081,CityLearnV3MADRLRewardFunction,masac_unified_comparable_v4,E1,-380.7566361251831,1907,14.653742399051623,1.0,0.15942848912417287,0.0,16
8,0.0,0.0,0.0,0.0,Building_2,1,MASAC,0.7779510021209717,False,0.0,0.0,0.0,0.43774908781051636,15,0,0.0,0.0,-0.0,131400,-0.0,0.0,-0.7609137892723083,0.0,0.0,0.0,0.0,78,3.102023492232895,0.9330127239227295,0.17821768819330594,0.0,-0.0,218.111455078125,-0.8104943037033081,CityLearnV3MADRLRewardFunction,masac_unified_comparable_v4,E1,-218.111455078125,1907,14.653742399051623,1.0,0.15942848912417287,0.0,16
10,0.0,0.0,0.0,0.0,Building_3,2,MASAC,0.7779510021209717,False,0.0,0.0,0.0,0.43774908781051636,15,0,0.0,0.0,-0.0,131400,-0.0,0.0,-0.762054979801178,0.0,0.0,0.0,0.0,92,3.738653933278694,1.0,0.2137992758374742,0.0,-0.0,159.75456298217773,-0.8104943037033081,CityLearnV3MADRLRewardFunction,masac_unified_comparable_v4,E1,-159.75456298217773,1907,14.653742399051623,1.0,0.15942848912417287,0.0,16
8,0.0,0.0,0.0,0.0,Building_4,3,MASAC,0.7779510021209717,False,0.0,0.0,0.0,0.43774908781051636,15,0,0.0,0.0,-0.0,131400,-0.0,0.0,-0.9179728031158447,0.0,0.0,0.0,0.0,78,3.4417640093068065,1.0,0.21861163808558232,0.0,-0.0,67.78174471130372,-0.8104943037033081,CityLearnV3MADRLRewardFunction,masac_unified_comparable_v4,E1,-67.78174471130372,1907,14.653742399051623,1.0,0.15942848912417287,0.0,16
5,0.0,0.0,0.0,0.0,Building_5,4,MASAC,0.7779510021209717,False,0.0,0.0,0.0,0.43774908781051636,15,0,0.0,0.0,-0.0,131400,-0.0,0.0,-0.9060783386230469,0.0,0.0,0.0,0.0,57,3.1596684255171423,0.9330127239227295,0.25849019481163277,0.0,-0.0,28.06174242935181,-0.8104943037033081,CityLearnV3MADRLRewardFunction,masac_unified_comparable_v4,E1,-28.06174242935181,1907,14.653742399051623,1.0,0.15942848912417287,0.0,16
34,1.0,1.0,0.029411764705882353,0.0,Building_6,5,MASAC,0.7779510021209717,False,0.0,0.0,0.0,0.43774908781051636,15,0,0.0,0.0,-0.0,131400,-0.0,0.0,-0.921248733997345,0.0,0.0,0.0,0.0,260,5.997168608466508,1.0,0.18120605760755448,0.0,-0.0,565.3931543365478,-0.8104943037033081,CityLearnV3MADRLRewardFunction,masac_unified_comparable_v4,E1,-565.3931543365478,1907,14.653742399051623,1.0,0.15942848912417287,0.0,16
44,1.0,1.0,0.022727272727272728,0.0,Building_7,6,MASAC,0.7779510021209717,False,0.0,0.0,0.0,0.43774908781051636,15,0,0.0,0.0,-0.0,131400,-0.0,0.0,-0.8610700964927673,0.0,0.0,0.0,0.0,330,3.1476920349551665,0.9330127239227295,0.04278388491859942,0.0,-0.0,216.28800924224853,-0.8104943037033081,CityLearnV3MADRLRewardFunction,masac_unified_comparable_v4,E1,-216.28800924224853,1907,14.653742399051623,1.0,0.15942848912417287,0.0,16
19,0.0,0.0,0.0,0.0,Building_8,7,MASAC,0.7779510021209717,False,0.0,0.0,0.0,0.43774908781051636,15,0,0.0,0.0,-0.0,131400,-0.0,0.0,-0.7609137892723083,0.0,0.0,0.0,0.0,155,3.101754024899488,0.9330127239227295,0.09073977194005443,0.0,-0.0,575.8031658081055,-0.8104943037033081,CityLearnV3MADRLRewardFunction,masac_unified_comparable_v4,E1,-575.8031658081055,1907,14.653742399051623,1.0,0.15942848912417287,0.0,16
12,1.0,1.0,0.08333333333333333,0.0,Building_9,8,MASAC,0.7779510021209717,False,0.0,0.0,0.0,0.43774908781051636,15,0,0.0,0.0,-0.0,131400,-0.0,0.0,-0.835919201374054,0.0,0.0,0.0,0.0,106,4.518599850368024,1.0,0.2609095842981676,0.0,-0.0,118.78011458969117,-0.8104943037033081,CityLearnV3MADRLRewardFunction,masac_unified_comparable_v4,E1,-118.78011458969117,1907,14.653742399051623,1.0,0.15942848912417287,0.0,16
8,0.0,0.0,0.0,0.0,Building_10,9,MASAC,0.7779510021209717,False,0.0,0.0,0.0,0.43774908781051636,15,0,0.0,0.0,-0.0,131400,-0.0,0.0,-0.760926365852356,0.0,0.0,0.0,0.0,78,3.0803921770288,0.9330127239227295,0.18077351577962056,0.0,-0.0,388.9776386009216,-0.8104943037033081,CityLearnV3MADRLRewardFunction,masac_unified_comparable_v4,E1,-388.9776386009216,1907,14.653742399051623,1.0,0.15942848912417287,0.0,16
5,1.0,1.0,0.2,0.0,Building_11,10,MASAC,0.7779510021209717,False,0.0,0.0,0.0,0.43774908781051636,15,0,0.0,0.0,-0.0,131400,-0.0,0.0,-0.7609137892723083,0.0,0.0,0.0,0.0,57,3.2326191558918485,0.9330127239227295,0.26265912692536386,0.0,-0.0,1152.5550900924684,-0.8104943037033081,CityLearnV3MADRLRewardFunction,masac_unified_comparable_v4,E1,-1152.5550900924684,1907,14.653742399051623,1.0,0.15942848912417287,0.0,16
5,0.0,0.0,0.0,0.0,Building_12,11,MASAC,0.7779510021209717,False,0.0,0.0,0.0,0.43774908781051636,15,0,0.0,0.0,-0.0,131400,-0.0,0.0,-0.8359137773513794,0.0,0.0,0.0,0.0,57,3.489096229477394,1.0,0.3063912206705202,0.0,-0.0,498.0143571853638,-0.8104943037033081,CityLearnV3MADRLRewardFunction,masac_unified_comparable_v4,E1,-498.0143571853638,1907,14.653742399051623,1.0,0.15942848912417287,0.0,16
13,0.0,0.0,0.0,0.0,Building_13,12,MASAC,0.7779510021209717,False,0.0,0.0,0.0,0.43774908781051636,15,0,0.0,0.0,-0.0,131400,-0.0,0.0,-0.7611173391342163,0.0,0.0,0.0,0.0,113,3.1373259203831907,0.9330127239227295,0.12464748550437194,0.0,-0.0,72.87984498901366,-0.8104943037033081,CityLearnV3MADRLRewardFunction,masac_unified_comparable_v4,E1,-72.87984498901366,1907,14.653742399051623,1.0,0.15942848912417287,0.0,16
6,0.0,0.0,0.0,0.0,Building_14,13,MASAC,0.7779510021209717,False,0.0,0.0,0.0,0.43774908781051636,15,0,0.0,0.0,-0.0,131400,-0.0,0.0,-0.7975804209709167,0.0,0.0,0.0,0.0,64,3.5248882511217268,1.0,0.27730683115078136,0.0,-0.0,485.4141905975341,-0.8104943037033081,CityLearnV3MADRLRewardFunction,masac_unified_comparable_v4,E1,-485.4141905975341,1907,14.653742399051623,1.0,0.15942848912417287,0.0,16
10,1.0,0.0,-0.1,-1.0,Building_15,14,MASAC,0.7779510021209717,False,0.0,0.0,0.0,0.43774908781051636,15,0,0.0,0.0,-0.0,131400,-0.0,0.0,-0.7908978462219238,0.0,0.0,0.0,0.0,92,3.093906348987104,0.9330127239227295,0.1523557492815282,0.0,-0.0,266.7651744308472,-0.8104943037033081,CityLearnV3MADRLRewardFunction,masac_unified_comparable_v4,E1,-266.7651744308472,1907,14.653742399051623,1.0,0.15942848912417287,0.0,16
13,0.0,0.0,0.0,0.0,Building_16,15,MASAC,0.7779510021209717,False,0.0,0.0,0.0,0.43774908781051636,15,0,0.0,0.0,-0.0,131400,-0.0,0.0,-0.7609137892723083,0.0,0.0,0.0,0.0,113,3.0807196252379603,0.9330127239227295,0.12360618411835315,0.0,-0.0,277.72354128112795,-0.8104943037033081,CityLearnV3MADRLRewardFunction,masac_unified_comparable_v4,E1,-277.72354128112795,1907,14.653742399051623,1.0,0.15942848912417287,0.0,16
13,0.0,0.0,0.0,0.0,Building_17,16,MASAC,0.7779510021209717,False,0.0,0.0,0.0,0.43774908781051636,15,0,0.0,0.0,-0.0,131400,-0.0,0.0,-0.7380059957504272,0.0,0.0,0.0,0.0,113,3.205748601531294,0.9330127239227295,0.13100269486287,0.0,-0.0,43.478008524322505,-0.8104943037033081,CityLearnV3MADRLRewardFunction,masac_unified_comparable_v4,E1,-43.478008524322505,1907,14.653742399051623,1.0,0.15942848912417287,0.0,16
6,0.0,0.0,0.0,0.0,Building_1,0,MASAC,0.7900000214576721,True,0.0,0.0,0.0,0.28695225715637207,15,8743,0.0,0.0,-0.0,140143,0.0,433.45458984375,-0.8376169800758362,172.66647338867188,342.42913818359375,433.45458984375,433.45458984375,64,3.1968574913619867,1.0,0.2112744249170646,0.0,0.0,0.0,-0.7998602390289307,CityLearnV3MADRLRewardFunction,masac_unified_comparable_v4,E1,-0.0,1907,13.765542159779018,1.0,0.12645848843796,0.0,8759
8,0.0,0.0,0.0,0.0,Building_2,1,MASAC,0.7900000214576721,True,0.0,0.0,0.0,0.28695225715637207,15,8743,0.0,0.0,-0.0,140143,0.0,15.16435432434082,-0.785749614238739,6.040714740753174,11.979840278625488,15.16435432434082,15.16435432434082,78,3.4406720208339467,1.0,0.1883009533660534,0.0,0.0,0.0,-0.7998602390289307,CityLearnV3MADRLRewardFunction,masac_unified_comparable_v4,E1,-0.0,1907,13.765542159779018,1.0,0.12645848843796,0.0,8759
10,0.0,0.0,0.0,0.0,Building_3,2,MASAC,0.7900000214576721,True,0.0,0.0,0.0,0.28695225715637207,15,8743,0.0,0.0,-0.0,140143,0.0,94.53981018066406,-0.8345369100570679,37.65989685058594,74.68645477294922,94.53981018066406,94.53981018066406,92,3.3427026310713166,1.0,0.15237899472856004,0.0,0.0,0.0,-0.7998602390289307,CityLearnV3MADRLRewardFunction,masac_unified_comparable_v4,E1,-0.0,1907,13.765542159779018,1.0,0.12645848843796,0.0,8759
8,0.0,0.0,0.0,0.0,Building_4,3,MASAC,0.7900000214576721,True,0.0,0.0,0.0,0.28695225715637207,15,8743,0.0,0.0,-0.0,140143,0.0,31.04317283630371,-0.8092760443687439,12.366035461425781,24.524106979370117,31.04317283630371,31.04317283630371,78,3.1828780835769326,1.0,0.16876656399705472,0.0,0.0,0.0,-0.7998602390289307,CityLearnV3MADRLRewardFunction,masac_unified_comparable_v4,E1,-0.0,1907,13.765542159779018,1.0,0.12645848843796,0.0,8759
5,0.0,0.0,0.0,0.0,Building_5,4,MASAC,0.7900000214576721,True,0.0,0.0,0.0,0.28695225715637207,15,8743,0.0,0.0,-0.0,140143,0.0,38.538970947265625,-0.8573251962661743,15.351984024047852,30.44578742980957,38.538970947265625,38.538970947265625,57,3.5391561389376966,1.0,0.28606940740556047,0.0,0.0,0.0,-0.7998602390289307,CityLearnV3MADRLRewardFunction,masac_unified_comparable_v4,E1,-0.0,1907,13.765542159779018,1.0,0.12645848843796,0.0,8759
34,0.0,0.0,0.0,0.0,Building_6,5,MASAC,0.7900000214576721,True,0.0,0.0,0.0,0.28695225715637207,15,8743,0.0,0.0,-0.0,140143,0.0,362.8901062011719,-0.8322940468788147,144.55712890625,286.6831970214844,362.8901062011719,362.8901062011719,260,3.175684809563584,1.0,0.05048854147585539,0.0,0.0,0.0,-0.7998602390289307,CityLearnV3MADRLRewardFunction,masac_unified_comparable_v4,E1,-0.0,1907,13.765542159779018,1.0,0.12645848843796,0.0,8759
44,0.0,0.0,0.0,0.0,Building_7,6,MASAC,0.7900000214576721,True,0.0,0.0,0.0,0.28695225715637207,15,8743,0.0,0.0,-0.0,140143,0.0,12.664111137390137,-0.7780486345291138,5.044743537902832,10.004648208618164,12.664111137390137,12.664111137390137,330,3.4022974375027744,1.0,0.04356051900170066,0.0,0.0,0.0,-0.7998602390289307,CityLearnV3MADRLRewardFunction,masac_unified_comparable_v4,E1,-0.0,1907,13.765542159779018,1.0,0.12645848843796,0.0,8759
19,0.0,0.0,0.0,0.0,Building_8,7,MASAC,0.7900000214576721,True,0.0,0.0,0.0,0.28695225715637207,15,8743,0.0,0.0,-0.0,140143,0.0,12.065996170043945,-0.7744358777999878,4.806484699249268,9.532136917114258,12.065996170043945,12.065996170043945,155,3.345987896782421,1.0,0.09238125869343358,0.0,0.0,0.0,-0.7998602390289307,CityLearnV3MADRLRewardFunction,masac_unified_comparable_v4,E1,-0.0,1907,13.765542159779018,1.0,0.12645848843796,0.0,8759
12,1.0,1.0,0.08333333333333333,0.0,Building_9,8,MASAC,0.7900000214576721,True,0.0,0.0,0.0,0.28695225715637207,15,8743,0.0,0.0,-0.0,140143,0.0,2.290161371231079,-0.7198194265365601,0.9122849106788635,1.8092275857925415,2.290161371231079,2.290161371231079,106,3.602603399095613,1.0,0.15392881315552964,0.0,0.0,0.0,-0.7998602390289307,CityLearnV3MADRLRewardFunction,masac_unified_comparable_v4,E1,-0.0,1907,13.765542159779018,1.0,0.12645848843796,0.0,8759
8,0.0,0.0,0.0,0.0,Building_10,9,MASAC,0.7900000214576721,True,0.0,0.0,0.0,0.28695225715637207,15,8743,0.0,0.0,-0.0,140143,0.0,51.649574279785156,-0.8184080123901367,20.574588775634766,40.803165435791016,51.649574279785156,51.649574279785156,78,3.2364758989184845,1.0,0.1734490995414746,0.0,0.0,0.0,-0.7998602390289307,CityLearnV3MADRLRewardFunction,masac_unified_comparable_v4,E1,-0.0,1907,13.765542159779018,1.0,0.12645848843796,0.0,8759
5,0.0,0.0,0.0,0.0,Building_11,10,MASAC,0.7900000214576721,True,0.0,0.0,0.0,0.28695225715637207,15,8743,0.0,0.0,-0.0,140143,0.0,71.54803466796875,-0.8308978080749512,28.501131057739258,56.52294921875,71.54803466796875,71.54803466796875,57,3.3594347192568703,1.0,0.24806105012172147,0.0,0.0,0.0,-0.7998602390289307,CityLearnV3MADRLRewardFunction,masac_unified_comparable_v4,E1,-0.0,1907,13.765542159779018,1.0,0.12645848843796,0.0,8759
5,1.0,1.0,0.2,0.0,Building_12,11,MASAC,0.7900000214576721,True,0.0,0.0,0.0,0.28695225715637207,15,8743,0.0,0.0,-0.0,140143,0.0,215.11593627929688,-0.8274962306022644,85.69135284423828,169.94158935546875,215.11593627929688,215.11593627929688,57,3.2109681721909316,1.0,0.23693805606218807,0.0,0.0,0.0,-0.7998602390289307,CityLearnV3MADRLRewardFunction,masac_unified_comparable_v4,E1,-0.0,1907,13.765542159779018,1.0,0.12645848843796,0.0,8759
13,1.0,1.0,0.07692307692307693,0.0,Building_13,12,MASAC,0.7900000214576721,True,0.0,0.0,0.0,0.28695225715637207,15,8743,0.0,0.0,-0.0,140143,0.0,2.033022403717041,-0.7361472845077515,0.8098536729812622,1.6060876846313477,2.033022403717041,2.033022403717041,113,3.382033648106808,1.0,0.12555334097252482,0.0,0.0,0.0,-0.7998602390289307,CityLearnV3MADRLRewardFunction,masac_unified_comparable_v4,E1,-0.0,1907,13.765542159779018,1.0,0.12645848843796,0.0,8759
6,0.0,0.0,0.0,0.0,Building_14,13,MASAC,0.7900000214576721,True,0.0,0.0,0.0,0.28695225715637207,15,8743,0.0,0.0,-0.0,140143,0.0,2.6149511337280273,-0.7387045621871948,1.041664719581604,2.0658113956451416,2.6149511337280273,2.6149511337280273,64,3.3646206336023274,1.0,0.2203470062231645,0.0,0.0,0.0,-0.7998602390289307,CityLearnV3MADRLRewardFunction,masac_unified_comparable_v4,E1,-0.0,1907,13.765542159779018,1.0,0.12645848843796,0.0,8759
10,0.0,0.0,0.0,0.0,Building_15,14,MASAC,0.7900000214576721,True,0.0,0.0,0.0,0.28695225715637207,15,8743,0.0,0.0,-0.0,140143,0.0,19.521480560302734,-0.7969725131988525,7.776374340057373,15.42197036743164,19.521480560302734,19.521480560302734,92,3.467723541499651,1.0,0.16181856936410718,0.0,0.0,0.0,-0.7998602390289307,CityLearnV3MADRLRewardFunction,masac_unified_comparable_v4,E1,-0.0,1907,13.765542159779018,1.0,0.12645848843796,0.0,8759
13,0.0,0.0,0.0,0.0,Building_16,15,MASAC,0.7900000214576721,True,0.0,0.0,0.0,0.28695225715637207,15,8743,0.0,0.0,-0.0,140143,0.0,54.89390563964844,-0.8191167712211609,21.866966247558594,43.366188049316406,54.89390563964844,54.89390563964844,113,3.2151547872556736,1.0,0.11789705755963789,0.0,0.0,0.0,-0.7998602390289307,CityLearnV3MADRLRewardFunction,masac_unified_comparable_v4,E1,-0.0,1907,13.765542159779018,1.0,0.12645848843796,0.0,8759
13,1.0,1.0,0.07692307692307693,0.0,Building_17,16,MASAC,0.7900000214576721,True,0.0,0.0,0.0,0.28695225715637207,15,8743,0.0,0.0,-0.0,140143,0.0,22.46647071838379,-0.8007771968841553,8.949509620666504,17.748512268066406,22.46647071838379,22.46647071838379,113,3.2519219173152605,1.0,0.12077656803669128,0.0,0.0,0.0,-0.7998602390289307,CityLearnV3MADRLRewardFunction,masac_unified_comparable_v4,E1,-0.0,1907,13.765542159779018,1.0,0.12645848843796,0.0,8759
6,0.0,0.0,0.0,0.0,Building_1,0,MASAC,0.7838640213012695,False,0.0,0.0,0.0,0.33970245718955994,16,0,0.0,0.0,-0.0,140160,-0.0,0.0,-0.7311274409294128,0.0,0.0,0.0,0.0,64,3.162599330622895,1.0,0.22432879195548594,-0.07055765390396118,-0.0,1085.4224317810058,-0.7684578895568848,CityLearnV3MADRLRewardFunction,masac_unified_comparable_v4,E1,-1085.4224317810058,1907,13.694348122937537,1.0,0.1408096917176753,0.0,17
8,0.0,0.0,0.0,0.0,Building_2,1,MASAC,0.7838640213012695,False,0.0,0.0,0.0,0.33970245718955994,16,0,0.0,0.0,-0.0,140160,-0.0,0.0,-0.7300705313682556,0.0,0.0,0.0,0.0,78,3.0464761109816583,1.0,0.17091420541206995,-0.07055765390396118,-0.0,621.13318359375,-0.7684578895568848,CityLearnV3MADRLRewardFunction,masac_unified_comparable_v4,E1,-621.13318359375,1907,13.694348122937537,1.0,0.1408096917176753,0.0,17
10,0.0,0.0,0.0,0.0,Building_3,2,MASAC,0.7838640213012695,False,0.0,0.0,0.0,0.33970245718955994,16,0,0.0,0.0,-0.0,140160,-0.0,0.0,-0.8050705194473267,0.0,0.0,0.0,0.0,92,3.4327536483272287,1.0,0.18119698301281617,-0.07055765390396118,-0.0,461.77102537231445,-0.7684578895568848,CityLearnV3MADRLRewardFunction,masac_unified_comparable_v4,E1,-461.77102537231445,1907,13.694348122937537,1.0,0.1408096917176753,0.0,17
8,0.0,0.0,0.0,0.0,Building_4,3,MASAC,0.7838640213012695,False,0.0,0.0,0.0,0.33970245718955994,16,0,0.0,0.0,-0.0,140160,-0.0,0.0,-0.8877110481262207,0.0,0.0,0.0,0.0,78,3.2296147594498374,1.0,0.18996276133335555,-0.07055765390396118,-0.0,194.04157547607423,-0.7684578895568848,CityLearnV3MADRLRewardFunction,masac_unified_comparable_v4,E1,-194.04157547607423,1907,13.694348122937537,1.0,0.1408096917176753,0.0,17
5,0.0,0.0,0.0,0.0,Building_5,4,MASAC,0.7838640213012695,False,0.0,0.0,0.0,0.33970245718955994,16,0,0.0,0.0,-0.0,140160,-0.0,0.0,-0.7636641263961792,0.0,0.0,0.0,0.0,57,3.1073557608359703,1.0,0.24641009446298867,-0.07055765390396118,-0.0,83.77872188110352,-0.7684578895568848,CityLearnV3MADRLRewardFunction,masac_unified_comparable_v4,E1,-83.77872188110352,1907,13.694348122937537,1.0,0.1408096917176753,0.0,17
34,0.0,0.0,0.0,0.0,Building_6,5,MASAC,0.7838640213012695,False,0.0,0.0,0.0,0.33970245718955994,16,0,0.0,0.0,-0.0,140160,-0.0,0.0,-0.8900906443595886,0.0,0.0,0.0,0.0,260,4.6637545342068565,1.0,0.11423309084314566,-0.07055765390396118,-0.0,1603.1337769531249,-0.7684578895568848,CityLearnV3MADRLRewardFunction,masac_unified_comparable_v4,E1,-1603.1337769531249,1907,13.694348122937537,1.0,0.1408096917176753,0.0,17
44,1.0,1.0,0.022727272727272728,0.0,Building_7,6,MASAC,0.7838640213012695,False,0.0,0.0,0.0,0.33970245718955994,16,0,0.0,0.0,-0.0,140160,-0.0,0.0,-0.7300705313682556,0.0,0.0,0.0,0.0,330,3.0212507863170437,1.0,0.04065854540376952,-0.07055765390396118,-0.0,626.2676527038574,-0.7684578895568848,CityLearnV3MADRLRewardFunction,masac_unified_comparable_v4,E1,-626.2676527038574,1907,13.694348122937537,1.0,0.1408096917176753,0.0,17
19,0.0,0.0,0.0,0.0,Building_8,7,MASAC,0.7838640213012695,False,0.0,0.0,0.0,0.33970245718955994,16,0,0.0,0.0,-0.0,140160,-0.0,0.0,-0.7300705313682556,0.0,0.0,0.0,0.0,155,3.1319726663761784,1.0,0.09046904761945047,-0.07055765390396118,-0.0,1632.3094078430174,-0.7684578895568848,CityLearnV3MADRLRewardFunction,masac_unified_comparable_v4,E1,-1632.3094078430174,1907,13.694348122937537,1.0,0.1408096917176753,0.0,17
12,0.0,0.0,0.0,0.0,Building_9,8,MASAC,0.7838640213012695,False,0.0,0.0,0.0,0.33970245718955994,16,0,0.0,0.0,-0.0,140160,-0.0,0.0,-0.8050705194473267,0.0,0.0,0.0,0.0,106,4.177053803018248,1.0,0.22151465420523342,-0.07055765390396118,-0.0,344.4342955230712,-0.7684578895568848,CityLearnV3MADRLRewardFunction,masac_unified_comparable_v4,E1,-344.4342955230712,1907,13.694348122937537,1.0,0.1408096917176753,0.0,17
8,0.0,0.0,0.0,0.0,Building_10,9,MASAC,0.7838640213012695,False,0.0,0.0,0.0,0.33970245718955994,16,0,0.0,0.0,-0.0,140160,-0.0,0.0,-0.7300705313682556,0.0,0.0,0.0,0.0,78,3.1352325360679854,1.0,0.18329006949296364,-0.07055765390396118,-0.0,1108.4834079528807,-0.7684578895568848,CityLearnV3MADRLRewardFunction,masac_unified_comparable_v4,E1,-1108.4834079528807,1907,13.694348122937537,1.0,0.1408096917176753,0.0,17
5,0.0,0.0,0.0,0.0,Building_11,10,MASAC,0.7838640213012695,False,0.0,0.0,0.0,0.33970245718955994,16,0,0.0,0.0,-0.0,140160,-0.0,0.0,-0.7300705313682556,0.0,0.0,0.0,0.0,57,3.1549501633752577,1.0,0.24992740925466805,-0.07055765390396118,-0.0,3302.222151052856,-0.7684578895568848,CityLearnV3MADRLRewardFunction,masac_unified_comparable_v4,E1,-3302.222151052856,1907,13.694348122937537,1.0,0.1408096917176753,0.0,17
5,0.0,0.0,0.0,0.0,Building_12,11,MASAC,0.7838640213012695,False,0.0,0.0,0.0,0.33970245718955994,16,0,0.0,0.0,-0.0,140160,-0.0,0.0,-0.8050705194473267,0.0,0.0,0.0,0.0,57,3.166759757600613,1.0,0.25504665449261665,-0.07055765390396118,-0.0,1414.2598905944824,-0.7684578895568848,CityLearnV3MADRLRewardFunction,masac_unified_comparable_v4,E1,-1414.2598905944824,1907,13.694348122937537,1.0,0.1408096917176753,0.0,17
13,0.0,0.0,0.0,0.0,Building_13,12,MASAC,0.7838640213012695,False,0.0,0.0,0.0,0.33970245718955994,16,0,0.0,0.0,-0.0,140160,-0.0,0.0,-0.7300711870193481,0.0,0.0,0.0,0.0,113,3.0472340430094844,1.0,0.11910180312342349,-0.07055765390396118,-0.0,210.40691840820313,-0.7684578895568848,CityLearnV3MADRLRewardFunction,masac_unified_comparable_v4,E1,-210.40691840820313,1907,13.694348122937537,1.0,0.1408096917176753,0.0,17
6,1.0,0.0,-0.16666666666666666,-1.0,Building_14,13,MASAC,0.7838640213012695,False,0.0,0.0,0.0,0.33970245718955994,16,0,0.0,0.0,-0.0,140160,-0.0,0.0,-0.8050705194473267,0.0,0.0,0.0,0.0,64,3.1302707906930087,1.0,0.22662821537232958,-0.07055765390396118,-0.0,1378.9328872619628,-0.7684578895568848,CityLearnV3MADRLRewardFunction,masac_unified_comparable_v4,E1,-1378.9328872619628,1907,13.694348122937537,1.0,0.1408096917176753,0.0,17
10,1.0,1.0,0.1,0.0,Building_15,14,MASAC,0.7838640213012695,False,0.0,0.0,0.0,0.33970245718955994,16,0,0.0,0.0,-0.0,140160,-0.0,0.0,-0.7300705313682556,0.0,0.0,0.0,0.0,92,3.196857492944542,1.0,0.15799322189844173,-0.07055765390396118,-0.0,765.5694799682618,-0.7684578895568848,CityLearnV3MADRLRewardFunction,masac_unified_comparable_v4,E1,-765.5694799682618,1907,13.694348122937537,1.0,0.1408096917176753,0.0,17
13,0.0,0.0,0.0,0.0,Building_16,15,MASAC,0.7838640213012695,False,0.0,0.0,0.0,0.33970245718955994,16,0,0.0,0.0,-0.0,140160,-0.0,0.0,-0.7300705313682556,0.0,0.0,0.0,0.0,113,3.03034797863674,1.0,0.11965172309263618,-0.07055765390396118,-0.0,796.3253127319336,-0.7684578895568848,CityLearnV3MADRLRewardFunction,masac_unified_comparable_v4,E1,-796.3253127319336,1907,13.694348122937537,1.0,0.1408096917176753,0.0,17
13,0.0,0.0,0.0,0.0,Building_17,16,MASAC,0.7838640213012695,False,0.0,0.0,0.0,0.33970245718955994,16,0,0.0,0.0,-0.0,140160,-0.0,0.0,-0.7303449511528015,0.0,0.0,0.0,0.0,113,3.167394947145278,1.0,0.12728850470971217,-0.07055765390396118,-0.0,124.61710368041992,-0.7684578895568848,CityLearnV3MADRLRewardFunction,masac_unified_comparable_v4,E1,-124.61710368041992,1907,13.694348122937537,1.0,0.1408096917176753,0.0,17
6,0.0,0.0,0.0,0.0,Building_1,0,MASAC,0.7900000214576721,True,0.0,0.0,0.0,0.5087285041809082,16,8742,0.0,0.0,-0.0,148902,0.0,446.8856201171875,-0.852120578289032,295.8052062988281,353.0396423339844,446.8856201171875,446.8856201171875,64,3.3857563625659357,1.0,0.23805486783385277,0.0,0.0,0.0,-0.8258308172225952,CityLearnV3MADRLRewardFunction,masac_unified_comparable_v4,E1,-0.0,1907,14.602782068529773,1.0,0.14375028898329026,0.0,8759
8,0.0,0.0,0.0,0.0,Building_2,1,MASAC,0.7900000214576721,True,0.0,0.0,0.0,0.5087285041809082,16,8742,0.0,0.0,-0.0,148902,0.0,5.618855953216553,-0.7701343297958374,3.719266653060913,4.438896179199219,5.618855953216553,5.618855953216553,78,3.5790163262925376,1.0,0.20603393744199705,0.0,0.0,0.0,-0.8258308172225952,CityLearnV3MADRLRewardFunction,masac_unified_comparable_v4,E1,-0.0,1907,14.602782068529773,1.0,0.14375028898329026,0.0,8759
10,0.0,0.0,0.0,0.0,Building_3,2,MASAC,0.7900000214576721,True,0.0,0.0,0.0,0.5087285041809082,16,8742,0.0,0.0,-0.0,148902,0.0,98.17061614990234,-0.8523199558258057,64.98168182373047,77.5547866821289,98.17061614990234,98.17061614990234,92,3.5400683276938887,1.0,0.17297390751216724,0.0,0.0,0.0,-0.8258308172225952,CityLearnV3MADRLRewardFunction,masac_unified_comparable_v4,E1,-0.0,1907,14.602782068529773,1.0,0.14375028898329026,0.0,8759
8,0.0,0.0,0.0,0.0,Building_4,3,MASAC,0.7900000214576721,True,0.0,0.0,0.0,0.5087285041809082,16,8742,0.0,0.0,-0.0,148902,0.0,28.84416961669922,-0.8317723274230957,19.09270477294922,22.786893844604492,28.84416961669922,28.84416961669922,78,3.522731895485422,1.0,0.20290067906563097,0.0,0.0,0.0,-0.8258308172225952,CityLearnV3MADRLRewardFunction,masac_unified_comparable_v4,E1,-0.0,1907,14.602782068529773,1.0,0.14375028898329026,0.0,8759
5,0.0,0.0,0.0,0.0,Building_5,4,MASAC,0.7900000214576721,True,0.0,0.0,0.0,0.5087285041809082,16,8742,0.0,0.0,-0.0,148902,0.0,37.89287567138672,-0.8763081431388855,25.082279205322266,29.935373306274414,37.89287567138672,37.89287567138672,57,3.7574465424938626,1.0,0.32151579935299723,0.0,0.0,0.0,-0.8258308172225952,CityLearnV3MADRLRewardFunction,masac_unified_comparable_v4,E1,-0.0,1907,14.602782068529773,1.0,0.14375028898329026,0.0,8759
34,0.0,0.0,0.0,0.0,Building_6,5,MASAC,0.7900000214576721,True,0.0,0.0,0.0,0.5087285041809082,16,8742,0.0,0.0,-0.0,148902,0.0,350.8894348144531,-0.8540721535682678,232.26283264160156,277.2026672363281,350.8894348144531,350.8894348144531,260,3.396591492664612,1.0,0.05839296132326126,0.0,0.0,0.0,-0.8258308172225952,CityLearnV3MADRLRewardFunction,masac_unified_comparable_v4,E1,-0.0,1907,14.602782068529773,1.0,0.14375028898329026,0.0,8759
44,0.0,0.0,0.0,0.0,Building_7,6,MASAC,0.7900000214576721,True,0.0,0.0,0.0,0.5087285041809082,16,8742,0.0,0.0,-0.0,148902,0.0,18.66022491455078,-0.8136910796165466,12.35168743133545,14.741578102111816,18.66022491455078,18.66022491455078,330,3.5562498890427316,1.0,0.048988950071912826,0.0,0.0,0.0,-0.8258308172225952,CityLearnV3MADRLRewardFunction,masac_unified_comparable_v4,E1,-0.0,1907,14.602782068529773,1.0,0.14375028898329026,0.0,8759
19,0.0,0.0,0.0,0.0,Building_8,7,MASAC,0.7900000214576721,True,0.0,0.0,0.0,0.5087285041809082,16,8742,0.0,0.0,-0.0,148902,0.0,19.251495361328125,-0.8138059377670288,12.743064880371094,15.2086820602417,19.251495361328125,19.251495361328125,155,3.6467497669241142,1.0,0.10800721049308777,0.0,0.0,0.0,-0.8258308172225952,CityLearnV3MADRLRewardFunction,masac_unified_comparable_v4,E1,-0.0,1907,14.602782068529773,1.0,0.14375028898329026,0.0,8759
12,1.0,1.0,0.08333333333333333,0.0,Building_9,8,MASAC,0.7900000214576721,True,0.0,0.0,0.0,0.5087285041809082,16,8742,0.0,0.0,-0.0,148902,0.0,2.4506425857543945,-0.7386723160743713,1.6221439838409424,1.9360077381134033,2.4506425857543945,2.4506425857543945,106,3.823632354309307,1.0,0.17523040552184266,0.0,0.0,0.0,-0.8258308172225952,CityLearnV3MADRLRewardFunction,masac_unified_comparable_v4,E1,-0.0,1907,14.602782068529773,1.0,0.14375028898329026,0.0,8759
8,1.0,1.0,0.125,0.0,Building_10,9,MASAC,0.7900000214576721,True,0.0,0.0,0.0,0.5087285041809082,16,8742,0.0,0.0,-0.0,148902,0.0,34.33414077758789,-0.836506724357605,22.726659774780273,27.123971939086914,34.33414077758789,34.33414077758789,78,3.550968481012729,1.0,0.20552713681872076,0.0,0.0,0.0,-0.8258308172225952,CityLearnV3MADRLRewardFunction,masac_unified_comparable_v4,E1,-0.0,1907,14.602782068529773,1.0,0.14375028898329026,0.0,8759
5,0.0,0.0,0.0,0.0,Building_11,10,MASAC,0.7900000214576721,True,0.0,0.0,0.0,0.5087285041809082,16,8742,0.0,0.0,-0.0,148902,0.0,57.917564392089844,-0.8426556587219238,38.33713912963867,45.754878997802734,57.917564392089844,57.917564392089844,57,3.4941571441989923,1.0,0.27536619441551075,0.0,0.0,0.0,-0.8258308172225952,CityLearnV3MADRLRewardFunction,masac_unified_comparable_v4,E1,-0.0,1907,14.602782068529773,1.0,0.14375028898329026,0.0,8759
5,0.0,0.0,0.0,0.0,Building_12,11,MASAC,0.7900000214576721,True,0.0,0.0,0.0,0.5087285041809082,16,8742,0.0,0.0,-0.0,148902,0.0,182.6020965576172,-0.8531097173690796,120.86907196044922,144.2556610107422,182.6020965576172,182.6020965576172,57,3.449748835088052,1.0,0.2721501510394247,0.0,0.0,0.0,-0.8258308172225952,CityLearnV3MADRLRewardFunction,masac_unified_comparable_v4,E1,-0.0,1907,14.602782068529773,1.0,0.14375028898329026,0.0,8759
13,1.0,1.0,0.07692307692307693,0.0,Building_13,12,MASAC,0.7900000214576721,True,67.3597412109375,0.0,0.0,0.5087285041809082,16,8742,0.0,0.0,-0.0,148902,0.0,70.14910888671875,-0.8721043467521667,46.43351745605469,55.41779708862305,70.14910888671875,2.78936767578125,113,3.4647922675814127,1.0,0.13595807921569958,0.0,0.0,0.0,-0.8258308172225952,CityLearnV3MADRLRewardFunction,masac_unified_comparable_v4,E1,-0.0,1907,14.602782068529773,1.0,0.14375028898329026,0.0,8759
6,0.0,0.0,0.0,0.0,Building_14,13,MASAC,0.7900000214576721,True,0.0,0.0,0.0,0.5087285041809082,16,8742,0.0,0.0,-0.0,148902,0.0,2.485826015472412,-0.7558666467666626,1.6454328298568726,1.9638025760650635,2.485826015472412,2.485826015472412,64,3.46048645009528,1.0,0.24158119410276413,0.0,0.0,0.0,-0.8258308172225952,CityLearnV3MADRLRewardFunction,masac_unified_comparable_v4,E1,-0.0,1907,14.602782068529773,1.0,0.14375028898329026,0.0,8759
10,0.0,0.0,0.0,0.0,Building_15,14,MASAC,0.7900000214576721,True,0.0,0.0,0.0,0.5087285041809082,16,8742,0.0,0.0,-0.0,148902,0.0,20.5941162109375,-0.8187733888626099,13.631780624389648,16.269351959228516,20.5941162109375,20.5941162109375,92,3.6610143365143974,1.0,0.18252944687138434,0.0,0.0,0.0,-0.8258308172225952,CityLearnV3MADRLRewardFunction,masac_unified_comparable_v4,E1,-0.0,1907,14.602782068529773,1.0,0.14375028898329026,0.0,8759
13,0.0,0.0,0.0,0.0,Building_16,15,MASAC,0.7900000214576721,True,0.0,0.0,0.0,0.5087285041809082,16,8742,0.0,0.0,-0.0,148902,0.0,103.13050842285156,-0.8403226733207703,68.26476287841797,81.47310638427734,103.13050842285156,103.13050842285156,113,3.439914956939737,1.0,0.13765877511649005,0.0,0.0,0.0,-0.8258308172225952,CityLearnV3MADRLRewardFunction,masac_unified_comparable_v4,E1,-0.0,1907,14.602782068529773,1.0,0.14375028898329026,0.0,8759
13,0.0,0.0,0.0,0.0,Building_17,16,MASAC,0.7900000214576721,True,0.0,0.0,0.0,0.5087285041809082,16,8742,0.0,0.0,-0.0,148902,0.0,21.1981143951416,-0.8168882727622986,14.031582832336426,16.746511459350586,21.1981143951416,21.1981143951416,113,3.4453803005007795,1.0,0.1387890875339508,0.0,0.0,0.0,-0.8258308172225952,CityLearnV3MADRLRewardFunction,masac_unified_comparable_v4,E1,-0.0,1907,14.602782068529773,1.0,0.14375028898329026,0.0,8759
6,0.0,0.0,0.0,0.0,Building_1,0,MASAC,0.7900000214576721,False,0.0,0.0,0.0,0.5794660449028015,17,0,0.0,0.0,-0.0,148920,-0.0,0.0,-0.610930323600769,0.0,0.0,0.0,0.0,64,3.304181519020182,1.0,0.2360892875585705,0.0,-0.0,1558.2319407165526,-0.563713788986206,CityLearnV3MADRLRewardFunction,masac_unified_comparable_v4,E1,-1558.2319407165526,1907,14.234256529631908,1.0,0.1443528356055002,0.0,18
8,1.0,0.0,-0.125,-1.0,Building_2,1,MASAC,0.7900000214576721,False,0.0,0.0,0.0,0.5794660449028015,17,0,0.0,0.0,-0.0,148920,-0.0,0.0,-0.5624839067459106,0.0,0.0,0.0,0.0,78,3.341057570108863,1.0,0.1915057007318888,0.0,-0.0,891.30966796875,-0.563713788986206,CityLearnV3MADRLRewardFunction,masac_unified_comparable_v4,E1,-891.30966796875,1907,14.234256529631908,1.0,0.1443528356055002,0.0,18
10,0.0,0.0,0.0,0.0,Building_3,2,MASAC,0.7900000214576721,False,0.0,0.0,0.0,0.5794660449028015,17,0,0.0,0.0,-0.0,148920,-0.0,0.0,-0.6077819466590881,0.0,0.0,0.0,0.0,92,3.3363082586161057,1.0,0.1683641676183628,0.0,-0.0,663.0014408630371,-0.563713788986206,CityLearnV3MADRLRewardFunction,masac_unified_comparable_v4,E1,-663.0014408630371,1907,14.234256529631908,1.0,0.1443528356055002,0.0,18
8,0.0,0.0,0.0,0.0,Building_4,3,MASAC,0.7900000214576721,False,0.0,0.0,0.0,0.5794660449028015,17,0,0.0,0.0,-0.0,148920,-0.0,0.0,-0.6139997243881226,0.0,0.0,0.0,0.0,78,3.3208612013989987,1.0,0.1991126659588936,0.0,-0.0,278.4529796020508,-0.563713788986206,CityLearnV3MADRLRewardFunction,masac_unified_comparable_v4,E1,-278.4529796020508,1907,14.234256529631908,1.0,0.1443528356055002,0.0,18
5,1.0,1.0,0.2,0.0,Building_5,4,MASAC,0.7900000214576721,False,0.0,0.0,0.0,0.5794660449028015,17,0,0.0,0.0,-0.0,148920,-0.0,0.0,-0.6018419861793518,0.0,0.0,0.0,0.0,57,3.2864126298981495,1.0,0.26342485988872094,0.0,-0.0,120.84991875915527,-0.563713788986206,CityLearnV3MADRLRewardFunction,masac_unified_comparable_v4,E1,-120.84991875915527,1907,14.234256529631908,1.0,0.1443528356055002,0.0,18
34,1.0,1.0,0.029411764705882353,0.0,Building_6,5,MASAC,0.7900000214576721,False,0.0,0.0,0.0,0.5794660449028015,17,0,0.0,0.0,-0.0,148920,-0.0,0.0,-0.6928501725196838,0.0,0.0,0.0,0.0,260,3.925340736961315,1.0,0.08094035103344001,0.0,-0.0,2298.6734175903316,-0.563713788986206,CityLearnV3MADRLRewardFunction,masac_unified_comparable_v4,E1,-2298.6734175903316,1907,14.234256529631908,1.0,0.1443528356055002,0.0,18
44,0.0,0.0,0.0,0.0,Building_7,6,MASAC,0.7900000214576721,False,0.0,0.0,0.0,0.5794660449028015,17,0,0.0,0.0,-0.0,148920,-0.0,0.0,-0.5325002074241638,0.0,0.0,0.0,0.0,330,3.351210353448767,1.0,0.045843933206616026,0.0,-0.0,900.7182205169678,-0.563713788986206,CityLearnV3MADRLRewardFunction,masac_unified_comparable_v4,E1,-900.7182205169678,1907,14.234256529631908,1.0,0.1443528356055002,0.0,18
19,1.0,1.0,0.05263157894736842,0.0,Building_8,7,MASAC,0.7900000214576721,False,0.0,0.0,0.0,0.5794660449028015,17,0,0.0,0.0,-0.0,148920,-0.0,0.0,-0.5325002074241638,0.0,0.0,0.0,0.0,155,3.3984174437225514,1.0,0.10054827140223595,0.0,-0.0,2340.381523382568,-0.563713788986206,CityLearnV3MADRLRewardFunction,masac_unified_comparable_v4,E1,-2340.381523382568,1907,14.234256529631908,1.0,0.1443528356055002,0.0,18
12,1.0,1.0,0.08333333333333333,0.0,Building_9,8,MASAC,0.7900000214576721,False,0.0,0.0,0.0,0.5794660449028015,17,0,0.0,0.0,-0.0,148920,-0.0,0.0,-0.5681552290916443,0.0,0.0,0.0,0.0,106,4.164108223379128,1.0,0.21680428853855943,0.0,-0.0,495.4817534667968,-0.563713788986206,CityLearnV3MADRLRewardFunction,masac_unified_comparable_v4,E1,-495.4817534667968,1907,14.234256529631908,1.0,0.1443528356055002,0.0,18
8,0.0,0.0,0.0,0.0,Building_10,9,MASAC,0.7900000214576721,False,0.0,0.0,0.0,0.5794660449028015,17,0,0.0,0.0,-0.0,148920,-0.0,0.0,-0.5325002074241638,0.0,0.0,0.0,0.0,78,3.346255962828185,1.0,0.19474876160996082,0.0,-0.0,1591.228330114746,-0.563713788986206,CityLearnV3MADRLRewardFunction,masac_unified_comparable_v4,E1,-1591.228330114746,1907,14.234256529631908,1.0,0.1443528356055002,0.0,18
5,0.0,0.0,0.0,0.0,Building_11,10,MASAC,0.7900000214576721,False,0.0,0.0,0.0,0.5794660449028015,17,0,0.0,0.0,-0.0,148920,-0.0,0.0,-0.5325002074241638,0.0,0.0,0.0,0.0,57,3.5640902468896205,1.0,0.29562069253440487,0.0,-0.0,4745.270155792236,-0.563713788986206,CityLearnV3MADRLRewardFunction,masac_unified_comparable_v4,E1,-4745.270155792236,1907,14.234256529631908,1.0,0.1443528356055002,0.0,18
5,0.0,0.0,0.0,0.0,Building_12,11,MASAC,0.7900000214576721,False,0.0,0.0,0.0,0.5794660449028015,17,0,0.0,0.0,-0.0,148920,-0.0,0.0,-0.5325002074241638,0.0,0.0,0.0,0.0,57,3.395078155959864,1.0,0.2757563879876806,0.0,-0.0,2028.618447265625,-0.563713788986206,CityLearnV3MADRLRewardFunction,masac_unified_comparable_v4,E1,-2028.618447265625,1907,14.234256529631908,1.0,0.1443528356055002,0.0,18
13,1.0,1.0,0.07692307692307693,0.0,Building_13,12,MASAC,0.7900000214576721,False,0.0,0.0,0.0,0.5794660449028015,17,0,0.0,0.0,-0.0,148920,-0.0,0.0,-0.5325623750686646,0.0,0.0,0.0,0.0,113,3.4001038367581224,1.0,0.13584893678141907,0.0,-0.0,302.1714635437012,-0.563713788986206,CityLearnV3MADRLRewardFunction,masac_unified_comparable_v4,E1,-302.1714635437012,1907,14.234256529631908,1.0,0.1443528356055002,0.0,18
6,0.0,0.0,0.0,0.0,Building_14,13,MASAC,0.7900000214576721,False,0.0,0.0,0.0,0.5794660449028015,17,0,0.0,0.0,-0.0,148920,-0.0,0.0,-0.5325002074241638,0.0,0.0,0.0,0.0,64,3.353535685729571,1.0,0.23793155141174793,0.0,-0.0,1978.0974803100585,-0.563713788986206,CityLearnV3MADRLRewardFunction,masac_unified_comparable_v4,E1,-1978.0974803100585,1907,14.234256529631908,1.0,0.1443528356055002,0.0,18
10,0.0,0.0,0.0,0.0,Building_15,14,MASAC,0.7900000214576721,False,0.0,0.0,0.0,0.5794660449028015,17,0,0.0,0.0,-0.0,148920,-0.0,0.0,-0.5325002074241638,0.0,0.0,0.0,0.0,92,3.3594068846730614,1.0,0.1660676410664683,0.0,-0.0,1100.4437815185547,-0.563713788986206,CityLearnV3MADRLRewardFunction,masac_unified_comparable_v4,E1,-1100.4437815185547,1907,14.234256529631908,1.0,0.1443528356055002,0.0,18
13,0.0,0.0,0.0,0.0,Building_16,15,MASAC,0.7900000214576721,False,0.0,0.0,0.0,0.5794660449028015,17,0,0.0,0.0,-0.0,148920,-0.0,0.0,-0.5325002074241638,0.0,0.0,0.0,0.0,113,3.3147863646794864,1.0,0.13242700168516783,0.0,-0.0,1144.4736853271486,-0.563713788986206,CityLearnV3MADRLRewardFunction,masac_unified_comparable_v4,E1,-1144.4736853271486,1907,14.234256529631908,1.0,0.1443528356055002,0.0,18
13,0.0,0.0,0.0,0.0,Building_17,16,MASAC,0.7900000214576721,False,0.0,0.0,0.0,0.5794660449028015,17,0,0.0,0.0,-0.0,148920,-0.0,0.0,-0.5325270295143127,0.0,0.0,0.0,0.0,113,3.3969388887856025,1.0,0.14052251212101066,0.0,-0.0,178.80178275146483,-0.563713788986206,CityLearnV3MADRLRewardFunction,masac_unified_comparable_v4,E1,-178.80178275146483,1907,14.234256529631908,1.0,0.1443528356055002,0.0,18
6,0.0,0.0,0.0,0.0,Building_1,0,MASAC,0.7900000214576721,True,0.0,0.0,0.0,0.32958081364631653,17,8741,0.0,0.0,-0.0,157661,0.0,391.586669921875,-0.8034327030181885,179.1614532470703,309.3534851074219,391.586669921875,391.586669921875,64,3.3323409879493204,1.0,0.22470161551609635,0.0,0.0,0.0,-0.7529550194740295,CityLearnV3MADRLRewardFunction,masac_unified_comparable_v4,E1,-0.0,1907,14.097284599695932,1.0,0.13182934239608302,0.0,8759
8,0.0,0.0,0.0,0.0,Building_2,1,MASAC,0.7900000214576721,True,0.0,0.0,0.0,0.32958081364631653,17,8741,0.0,0.0,-0.0,157661,0.0,0.1848604530096054,-0.693406879901886,0.08457864075899124,0.14603976905345917,0.1848604530096054,0.1848604530096054,78,3.509835144592359,1.0,0.19215045143396425,0.0,0.0,0.0,-0.7529550194740295,CityLearnV3MADRLRewardFunction,masac_unified_comparable_v4,E1,-0.0,1907,14.097284599695932,1.0,0.13182934239608302,0.0,8759
10,0.0,0.0,0.0,0.0,Building_3,2,MASAC,0.7900000214576721,True,0.0,0.0,0.0,0.32958081364631653,17,8741,0.0,0.0,-0.0,157661,0.0,39.0087890625,-0.7853085994720459,17.847572326660156,30.816944122314453,39.0087890625,39.0087890625,92,3.331697631875093,1.0,0.15512067824602127,0.0,0.0,0.0,-0.7529550194740295,CityLearnV3MADRLRewardFunction,masac_unified_comparable_v4,E1,-0.0,1907,14.097284599695932,1.0,0.13182934239608302,0.0,8759
8,0.0,0.0,0.0,0.0,Building_4,3,MASAC,0.7900000214576721,True,0.0,0.0,0.0,0.32958081364631653,17,8741,0.0,0.0,-0.0,157661,0.0,36.67196273803711,-0.786109209060669,16.778411865234375,28.97085189819336,36.67196273803711,36.67196273803711,78,3.4026649784962024,1.0,0.1864353059194027,0.0,0.0,0.0,-0.7529550194740295,CityLearnV3MADRLRewardFunction,masac_unified_comparable_v4,E1,-0.0,1907,14.097284599695932,1.0,0.13182934239608302,0.0,8759
5,0.0,0.0,0.0,0.0,Building_5,4,MASAC,0.7900000214576721,True,0.0,0.0,0.0,0.32958081364631653,17,8741,0.0,0.0,-0.0,157661,0.0,54.225337982177734,-0.8212698698043823,24.809553146362305,42.838016510009766,54.225337982177734,54.225337982177734,57,3.4815988658565065,1.0,0.2825951529176612,0.0,0.0,0.0,-0.7529550194740295,CityLearnV3MADRLRewardFunction,masac_unified_comparable_v4,E1,-0.0,1907,14.097284599695932,1.0,0.13182934239608302,0.0,8759
34,0.0,0.0,0.0,0.0,Building_6,5,MASAC,0.7900000214576721,True,0.0,0.0,0.0,0.32958081364631653,17,8741,0.0,0.0,-0.0,157661,0.0,348.8946838378906,-0.7979380488395691,159.62872314453125,275.6268005371094,348.8946838378906,348.8946838378906,260,3.249788479537997,1.0,0.05271392338551008,0.0,0.0,0.0,-0.7529550194740295,CityLearnV3MADRLRewardFunction,masac_unified_comparable_v4,E1,-0.0,1907,14.097284599695932,1.0,0.13182934239608302,0.0,8759
44,0.0,0.0,0.0,0.0,Building_7,6,MASAC,0.7900000214576721,True,0.0,0.0,0.0,0.32958081364631653,17,8741,0.0,0.0,-0.0,157661,0.0,2.9800853729248047,-0.7053576111793518,1.3634693622589111,2.3542675971984863,2.9800853729248047,2.9800853729248047,330,3.3597538973815406,1.0,0.043121871690858495,0.0,0.0,0.0,-0.7529550194740295,CityLearnV3MADRLRewardFunction,masac_unified_comparable_v4,E1,-0.0,1907,14.097284599695932,1.0,0.13182934239608302,0.0,8759
19,0.0,0.0,0.0,0.0,Building_8,7,MASAC,0.7900000214576721,True,0.0,0.0,0.0,0.32958081364631653,17,8741,0.0,0.0,-0.0,157661,0.0,6.19936990737915,-0.7187561392784119,2.836378812789917,4.897502422332764,6.19936990737915,6.19936990737915,155,3.401543230705732,1.0,0.09484190940856933,0.0,0.0,0.0,-0.7529550194740295,CityLearnV3MADRLRewardFunction,masac_unified_comparable_v4,E1,-0.0,1907,14.097284599695932,1.0,0.13182934239608302,0.0,8759
12,0.0,0.0,0.0,0.0,Building_9,8,MASAC,0.7900000214576721,True,0.0,0.0,0.0,0.32958081364631653,17,8741,0.0,0.0,-0.0,157661,0.0,2.1350696086883545,-0.6845377683639526,0.9768518805503845,1.6867049932479858,2.1350696086883545,2.1350696086883545,106,3.6114711889514552,1.0,0.15650124004426993,0.0,0.0,0.0,-0.7529550194740295,CityLearnV3MADRLRewardFunction,masac_unified_comparable_v4,E1,-0.0,1907,14.097284599695932,1.0,0.13182934239608302,0.0,8759
8,0.0,0.0,0.0,0.0,Building_10,9,MASAC,0.7900000214576721,True,0.0,0.0,0.0,0.32958081364631653,17,8741,0.0,0.0,-0.0,157661,0.0,16.451881408691406,-0.7533798217773438,7.52717924118042,12.996986389160156,16.451881408691406,16.451881408691406,78,3.36014648744491,1.0,0.18452957033728942,0.0,0.0,0.0,-0.7529550194740295,CityLearnV3MADRLRewardFunction,masac_unified_comparable_v4,E1,-0.0,1907,14.097284599695932,1.0,0.13182934239608302,0.0,8759
5,0.0,0.0,0.0,0.0,Building_11,10,MASAC,0.7900000214576721,True,0.0,0.0,0.0,0.32958081364631653,17,8741,0.0,0.0,-0.0,157661,0.0,66.45198059082031,-0.796391487121582,30.40357208251953,52.497066497802734,66.45198059082031,66.45198059082031,57,3.4673159230122614,1.0,0.2598843177159627,0.0,0.0,0.0,-0.7529550194740295,CityLearnV3MADRLRewardFunction,masac_unified_comparable_v4,E1,-0.0,1907,14.097284599695932,1.0,0.13182934239608302,0.0,8759
5,0.0,0.0,0.0,0.0,Building_12,11,MASAC,0.7900000214576721,True,0.0,0.0,0.0,0.32958081364631653,17,8741,0.0,0.0,-0.0,157661,0.0,155.388671875,-0.8017202615737915,71.0945053100586,122.7570571899414,155.388671875,155.388671875,57,3.3799207405351335,1.0,0.25702991637221556,0.0,0.0,0.0,-0.7529550194740295,CityLearnV3MADRLRewardFunction,masac_unified_comparable_v4,E1,-0.0,1907,14.097284599695932,1.0,0.13182934239608302,0.0,8759
13,0.0,0.0,0.0,0.0,Building_13,12,MASAC,0.7900000214576721,True,0.0,0.0,0.0,0.32958081364631653,17,8741,0.0,0.0,-0.0,157661,0.0,0.1047736182808876,-0.6930243968963623,0.04793675243854523,0.08277115970849991,0.1047736182808876,0.1047736182808876,113,3.3573299549379665,1.0,0.1250780724582419,0.0,0.0,0.0,-0.7529550194740295,CityLearnV3MADRLRewardFunction,masac_unified_comparable_v4,E1,-0.0,1907,14.097284599695932,1.0,0.13182934239608302,0.0,8759
6,0.0,0.0,0.0,0.0,Building_14,13,MASAC,0.7900000214576721,True,0.0,0.0,0.0,0.32958081364631653,17,8741,0.0,0.0,-0.0,157661,0.0,1.3521205186843872,-0.6986656188964844,0.6186316013336182,1.068175196647644,1.3521205186843872,1.3521205186843872,64,3.4952602246577,1.0,0.23321741353720427,0.0,0.0,0.0,-0.7529550194740295,CityLearnV3MADRLRewardFunction,masac_unified_comparable_v4,E1,-0.0,1907,14.097284599695932,1.0,0.13182934239608302,0.0,8759
10,1.0,1.0,0.1,0.0,Building_15,14,MASAC,0.7900000214576721,True,0.0,0.0,0.0,0.32958081364631653,17,8741,0.0,0.0,-0.0,157661,0.0,15.147623062133789,-0.7517603635787964,6.930445671081543,11.966622352600098,15.147623062133789,15.147623062133789,92,3.538123979053995,1.0,0.16766414532194968,0.0,0.0,0.0,-0.7529550194740295,CityLearnV3MADRLRewardFunction,masac_unified_comparable_v4,E1,-0.0,1907,14.097284599695932,1.0,0.13182934239608302,0.0,8759
13,1.0,1.0,0.07692307692307693,0.0,Building_16,15,MASAC,0.7900000214576721,True,0.0,0.0,0.0,0.32958081364631653,17,8741,0.0,0.0,-0.0,157661,0.0,11.957420349121094,-0.7415529489517212,5.470841884613037,9.446362495422363,11.957420349121094,11.957420349121094,113,3.444948296729973,1.0,0.13031552270450422,0.0,0.0,0.0,-0.7529550194740295,CityLearnV3MADRLRewardFunction,masac_unified_comparable_v4,E1,-0.0,1907,14.097284599695932,1.0,0.13182934239608302,0.0,8759
13,0.0,0.0,0.0,0.0,Building_17,16,MASAC,0.7900000214576721,True,0.0,0.0,0.0,0.32958081364631653,17,8741,0.0,0.0,-0.0,157661,0.0,23.087642669677734,-0.7676242589950562,10.56321907043457,18.239238739013672,23.087642669677734,23.087642669677734,113,3.381805195458003,1.0,0.13111117086579313,0.0,0.0,0.0,-0.7529550194740295,CityLearnV3MADRLRewardFunction,masac_unified_comparable_v4,E1,-0.0,1907,14.097284599695932,1.0,0.13182934239608302,0.0,8759
6,1.0,1.0,0.16666666666666666,0.0,Building_1,0,MASAC,0.7900000214576721,False,0.0,0.0,0.0,0.4902743101119995,18,0,0.0,0.0,-0.0,157680,-0.0,0.0,-0.3395293951034546,0.0,0.0,0.0,0.0,64,3.1511941000642234,1.0,0.22166748193558306,0.0,0.0,0.0,-0.34339913725852966,CityLearnV3MADRLRewardFunction,masac_unified_comparable_v4,E1,-0.0,1907,13.739541423902054,1.0,0.13821669856470234,0.0,19
8,0.0,0.0,0.0,0.0,Building_2,1,MASAC,0.7900000214576721,False,0.0,0.0,0.0,0.4902743101119995,18,0,0.0,0.0,-0.0,157680,-0.0,0.0,-0.3395293951034546,0.0,0.0,0.0,0.0,78,3.2510335922724907,1.0,0.1874453370960859,0.0,0.0,0.0,-0.34339913725852966,CityLearnV3MADRLRewardFunction,masac_unified_comparable_v4,E1,-0.0,1907,13.739541423902054,1.0,0.13821669856470234,0.0,19
10,1.0,0.0,-0.1,-1.0,Building_3,2,MASAC,0.7900000214576721,False,0.0,0.0,0.0,0.4902743101119995,18,0,0.0,0.0,-0.0,157680,-0.0,0.0,-0.36951881647109985,0.0,0.0,0.0,0.0,92,3.2479832454414606,1.0,0.16296032508430275,0.0,0.0,0.0,-0.34339913725852966,CityLearnV3MADRLRewardFunction,masac_unified_comparable_v4,E1,-0.0,1907,13.739541423902054,1.0,0.13821669856470234,0.0,19
8,1.0,1.0,0.125,0.0,Building_4,3,MASAC,0.7900000214576721,False,0.0,0.0,0.0,0.4902743101119995,18,0,0.0,0.0,-0.0,157680,-0.0,0.0,-0.3395306468009949,0.0,0.0,0.0,0.0,78,3.143316185307719,1.0,0.18030576321941155,0.0,0.0,0.0,-0.34339913725852966,CityLearnV3MADRLRewardFunction,masac_unified_comparable_v4,E1,-0.0,1907,13.739541423902054,1.0,0.13821669856470234,0.0,19
5,0.0,0.0,0.0,0.0,Building_5,4,MASAC,0.7900000214576721,False,0.0,0.0,0.0,0.4902743101119995,18,0,0.0,0.0,-0.0,157680,-0.0,0.0,-0.3396681547164917,0.0,0.0,0.0,0.0,57,3.7449938284392545,1.0,0.3269800235304916,0.0,0.0,0.0,-0.34339913725852966,CityLearnV3MADRLRewardFunction,masac_unified_comparable_v4,E1,-0.0,1907,13.739541423902054,1.0,0.13821669856470234,0.0,19
34,0.0,0.0,0.0,0.0,Building_6,5,MASAC,0.7900000214576721,False,0.0,0.0,0.0,0.4902743101119995,18,0,0.0,0.0,-0.0,157680,-0.0,0.0,-0.41452938318252563,0.0,0.0,0.0,0.0,260,3.4131598798322513,1.0,0.06293001654916085,0.0,0.0,0.0,-0.34339913725852966,CityLearnV3MADRLRewardFunction,masac_unified_comparable_v4,E1,-0.0,1907,13.739541423902054,1.0,0.13821669856470234,0.0,19
44,1.0,1.0,0.022727272727272728,0.0,Building_7,6,MASAC,0.7900000214576721,False,0.0,0.0,0.0,0.4902743101119995,18,0,0.0,0.0,-0.0,157680,-0.0,0.0,-0.3395293951034546,0.0,0.0,0.0,0.0,330,3.2058770763778517,1.0,0.04356255016543648,0.0,0.0,0.0,-0.34339913725852966,CityLearnV3MADRLRewardFunction,masac_unified_comparable_v4,E1,-0.0,1907,13.739541423902054,1.0,0.13821669856470234,0.0,19
19,0.0,0.0,0.0,0.0,Building_8,7,MASAC,0.7900000214576721,False,0.0,0.0,0.0,0.4902743101119995,18,0,0.0,0.0,-0.0,157680,-0.0,0.0,-0.3395293951034546,0.0,0.0,0.0,0.0,155,3.188196610710547,1.0,0.09236807972192765,0.0,0.0,0.0,-0.34339913725852966,CityLearnV3MADRLRewardFunction,masac_unified_comparable_v4,E1,-0.0,1907,13.739541423902054,1.0,0.13821669856470234,0.0,19
12,0.0,0.0,0.0,0.0,Building_9,8,MASAC,0.7900000214576721,False,0.0,0.0,0.0,0.4902743101119995,18,0,0.0,0.0,-0.0,157680,-0.0,0.0,-0.3001854717731476,0.0,0.0,0.0,0.0,106,4.096624260567757,1.0,0.2123659686800444,0.0,0.0,0.0,-0.34339913725852966,CityLearnV3MADRLRewardFunction,masac_unified_comparable_v4,E1,-0.0,1907,13.739541423902054,1.0,0.13821669856470234,0.0,19
8,0.0,0.0,0.0,0.0,Building_10,9,MASAC,0.7900000214576721,False,0.0,0.0,0.0,0.4902743101119995,18,0,0.0,0.0,-0.0,157680,-0.0,0.0,-0.3395293951034546,0.0,0.0,0.0,0.0,78,3.224182333030304,1.0,0.1877492969043744,0.0,0.0,0.0,-0.34339913725852966,CityLearnV3MADRLRewardFunction,masac_unified_comparable_v4,E1,-0.0,1907,13.739541423902054,1.0,0.13821669856470234,0.0,19
5,0.0,0.0,0.0,0.0,Building_11,10,MASAC,0.7900000214576721,False,0.0,0.0,0.0,0.4902743101119995,18,0,0.0,0.0,-0.0,157680,-0.0,0.0,-0.3395293951034546,0.0,0.0,0.0,0.0,57,3.334204466659042,1.0,0.27461245708298265,0.0,0.0,0.0,-0.34339913725852966,CityLearnV3MADRLRewardFunction,masac_unified_comparable_v4,E1,-0.0,1907,13.739541423902054,1.0,0.13821669856470234,0.0,19
5,0.0,0.0,0.0,0.0,Building_12,11,MASAC,0.7900000214576721,False,0.0,0.0,0.0,0.4902743101119995,18,0,0.0,0.0,-0.0,157680,-0.0,0.0,-0.3395293951034546,0.0,0.0,0.0,0.0,57,3.260218808257574,1.0,0.2613018144641006,0.0,0.0,0.0,-0.34339913725852966,CityLearnV3MADRLRewardFunction,masac_unified_comparable_v4,E1,-0.0,1907,13.739541423902054,1.0,0.13821669856470234,0.0,19
13,1.0,1.0,0.07692307692307693,0.0,Building_13,12,MASAC,0.7900000214576721,False,0.0,0.0,0.0,0.4902743101119995,18,0,0.0,0.0,-0.0,157680,-0.0,0.0,-0.3395293951034546,0.0,0.0,0.0,0.0,113,3.235535165042617,1.0,0.12892627313864968,0.0,0.0,0.0,-0.34339913725852966,CityLearnV3MADRLRewardFunction,masac_unified_comparable_v4,E1,-0.0,1907,13.739541423902054,1.0,0.13821669856470234,0.0,19
6,0.0,0.0,0.0,0.0,Building_14,13,MASAC,0.7900000214576721,False,0.0,0.0,0.0,0.4902743101119995,18,0,0.0,0.0,-0.0,157680,-0.0,0.0,-0.3395293951034546,0.0,0.0,0.0,0.0,64,3.1837452325174613,1.0,0.22761279891710728,0.0,0.0,0.0,-0.34339913725852966,CityLearnV3MADRLRewardFunction,masac_unified_comparable_v4,E1,-0.0,1907,13.739541423902054,1.0,0.13821669856470234,0.0,19
10,0.0,0.0,0.0,0.0,Building_15,14,MASAC,0.7900000214576721,False,0.0,0.0,0.0,0.4902743101119995,18,0,0.0,0.0,-0.0,157680,-0.0,0.0,-0.3395293951034546,0.0,0.0,0.0,0.0,92,3.296967617659145,1.0,0.16483313517402048,0.0,0.0,0.0,-0.34339913725852966,CityLearnV3MADRLRewardFunction,masac_unified_comparable_v4,E1,-0.0,1907,13.739541423902054,1.0,0.13821669856470234,0.0,19
13,1.0,1.0,0.07692307692307693,0.0,Building_16,15,MASAC,0.7900000214576721,False,0.0,0.0,0.0,0.4902743101119995,18,0,0.0,0.0,-0.0,157680,-0.0,0.0,-0.3395293951034546,0.0,0.0,0.0,0.0,113,3.1963360961668315,1.0,0.12733328652329148,0.0,0.0,0.0,-0.34339913725852966,CityLearnV3MADRLRewardFunction,masac_unified_comparable_v4,E1,-0.0,1907,13.739541423902054,1.0,0.13821669856470234,0.0,19
13,1.0,1.0,0.07692307692307693,0.0,Building_17,16,MASAC,0.7900000214576721,False,0.0,0.0,0.0,0.4902743101119995,18,0,0.0,0.0,-0.0,157680,-0.0,0.0,-0.33952954411506653,0.0,0.0,0.0,0.0,113,3.333755973384274,1.0,0.13833345934353045,0.0,0.0,0.0,-0.34339913725852966,CityLearnV3MADRLRewardFunction,masac_unified_comparable_v4,E1,-0.0,1907,13.739541423902054,1.0,0.13821669856470234,0.0,19
6,0.0,0.0,0.0,0.0,Building_1,0,MASAC,0.7900000214576721,True,0.0,0.0,0.0,0.28695225715637207,18,8740,0.0,0.0,-0.0,166420,0.0,433.45458984375,-0.7768504023551941,172.66647338867188,342.42913818359375,433.45458984375,433.45458984375,64,3.1481681346782344,1.0,0.2058125586481765,0.0,0.0,0.0,-0.743565022945404,CityLearnV3MADRLRewardFunction,masac_unified_comparable_v4,E1,-0.0,1907,13.818013355400284,1.0,0.12713696010797576,0.0,8759
8,0.0,0.0,0.0,0.0,Building_2,1,MASAC,0.7900000214576721,True,0.0,0.0,0.0,0.28695225715637207,18,8740,0.0,0.0,-0.0,166420,0.0,15.16435432434082,-0.7282955646514893,6.040714740753174,11.979840278625488,15.16435432434082,15.16435432434082,78,3.4405340061099188,1.0,0.18829483777666703,0.0,0.0,0.0,-0.743565022945404,CityLearnV3MADRLRewardFunction,masac_unified_comparable_v4,E1,-0.0,1907,13.818013355400284,1.0,0.12713696010797576,0.0,8759
10,0.0,0.0,0.0,0.0,Building_3,2,MASAC,0.7900000214576721,True,0.0,0.0,0.0,0.28695225715637207,18,8740,0.0,0.0,-0.0,166420,0.0,94.53981018066406,-0.77708500623703,37.65989685058594,74.68645477294922,94.53981018066406,94.53981018066406,92,3.342713435718388,1.0,0.15237938734176365,0.0,0.0,0.0,-0.743565022945404,CityLearnV3MADRLRewardFunction,masac_unified_comparable_v4,E1,-0.0,1907,13.818013355400284,1.0,0.12713696010797576,0.0,8759
8,1.0,1.0,0.125,0.0,Building_4,3,MASAC,0.7900000214576721,True,0.0,0.0,0.0,0.28695225715637207,18,8740,0.0,0.0,-0.0,166420,0.0,31.04317283630371,-0.7518335580825806,12.366035461425781,24.524106979370117,31.04317283630371,31.04317283630371,78,3.182954032844285,1.0,0.16878200599398369,0.0,0.0,0.0,-0.743565022945404,CityLearnV3MADRLRewardFunction,masac_unified_comparable_v4,E1,-0.0,1907,13.818013355400284,1.0,0.12713696010797576,0.0,8759
5,0.0,0.0,0.0,0.0,Building_5,4,MASAC,0.7900000214576721,True,0.0,0.0,0.0,0.28695225715637207,18,8740,0.0,0.0,-0.0,166420,0.0,38.538970947265625,-0.8008761405944824,15.351984024047852,30.44578742980957,38.538970947265625,38.538970947265625,57,3.5709077127265925,1.0,0.2881870422708361,0.0,0.0,0.0,-0.743565022945404,CityLearnV3MADRLRewardFunction,masac_unified_comparable_v4,E1,-0.0,1907,13.818013355400284,1.0,0.12713696010797576,0.0,8759
34,1.0,1.0,0.029411764705882353,0.0,Building_6,5,MASAC,0.7900000214576721,True,0.0,0.0,0.0,0.28695225715637207,18,8740,0.0,0.0,-0.0,166420,0.0,362.8901062011719,-0.7807203531265259,144.55712890625,286.6831970214844,362.8901062011719,362.8901062011719,260,3.3224197874628203,1.0,0.053552893119362684,0.0,0.0,0.0,-0.743565022945404,CityLearnV3MADRLRewardFunction,masac_unified_comparable_v4,E1,-0.0,1907,13.818013355400284,1.0,0.12713696010797576,0.0,8759
44,0.0,0.0,0.0,0.0,Building_7,6,MASAC,0.7900000214576721,True,0.0,0.0,0.0,0.28695225715637207,18,8740,0.0,0.0,-0.0,166420,0.0,12.664111137390137,-0.7205695509910583,5.044743537902832,10.004648208618164,12.664111137390137,12.664111137390137,330,3.399882648851688,1.0,0.04353540900981787,0.0,0.0,0.0,-0.743565022945404,CityLearnV3MADRLRewardFunction,masac_unified_comparable_v4,E1,-0.0,1907,13.818013355400284,1.0,0.12713696010797576,0.0,8759
19,0.0,0.0,0.0,0.0,Building_8,7,MASAC,0.7900000214576721,True,0.0,0.0,0.0,0.28695225715637207,18,8740,0.0,0.0,-0.0,166420,0.0,12.065996170043945,-0.7173796892166138,4.806484699249268,9.532136917114258,12.065996170043945,12.065996170043945,155,3.3661005659245324,1.0,0.09319321950597148,0.0,0.0,0.0,-0.743565022945404,CityLearnV3MADRLRewardFunction,masac_unified_comparable_v4,E1,-0.0,1907,13.818013355400284,1.0,0.12713696010797576,0.0,8759
12,0.0,0.0,0.0,0.0,Building_9,8,MASAC,0.7900000214576721,True,0.0,0.0,0.0,0.28695225715637207,18,8740,0.0,0.0,-0.0,166420,0.0,2.290161371231079,-0.6624796390533447,0.9122849106788635,1.8092275857925415,2.290161371231079,2.290161371231079,106,3.649137802605687,1.0,0.15569450853849356,0.0,0.0,0.0,-0.743565022945404,CityLearnV3MADRLRewardFunction,masac_unified_comparable_v4,E1,-0.0,1907,13.818013355400284,1.0,0.12713696010797576,0.0,8759
8,0.0,0.0,0.0,0.0,Building_10,9,MASAC,0.7900000214576721,True,0.0,0.0,0.0,0.28695225715637207,18,8740,0.0,0.0,-0.0,166420,0.0,51.649574279785156,-0.7666261792182922,20.574588775634766,40.803165435791016,51.649574279785156,51.649574279785156,78,3.295772460476939,1.0,0.17926161631177634,0.0,0.0,0.0,-0.743565022945404,CityLearnV3MADRLRewardFunction,masac_unified_comparable_v4,E1,-0.0,1907,13.818013355400284,1.0,0.12713696010797576,0.0,8759
5,0.0,0.0,0.0,0.0,Building_11,10,MASAC,0.7900000214576721,True,0.0,0.0,0.0,0.28695225715637207,18,8740,0.0,0.0,-0.0,166420,0.0,71.54803466796875,-0.7744130492210388,28.501131057739258,56.52294921875,71.54803466796875,71.54803466796875,57,3.386825027262387,1.0,0.24977753527070345,0.0,0.0,0.0,-0.743565022945404,CityLearnV3MADRLRewardFunction,masac_unified_comparable_v4,E1,-0.0,1907,13.818013355400284,1.0,0.12713696010797576,0.0,8759
5,0.0,0.0,0.0,0.0,Building_12,11,MASAC,0.7900000214576721,True,0.0,0.0,0.0,0.28695225715637207,18,8740,0.0,0.0,-0.0,166420,0.0,215.11593627929688,-0.7723693251609802,85.69135284423828,169.94158935546875,215.11593627929688,215.11593627929688,57,3.2151803648863018,1.0,0.2379726044702948,0.0,0.0,0.0,-0.743565022945404,CityLearnV3MADRLRewardFunction,masac_unified_comparable_v4,E1,-0.0,1907,13.818013355400284,1.0,0.12713696010797576,0.0,8759
13,0.0,0.0,0.0,0.0,Building_13,12,MASAC,0.7900000214576721,True,0.0,0.0,0.0,0.28695225715637207,18,8740,0.0,0.0,-0.0,166420,0.0,2.033022403717041,-0.6784775257110596,0.8098536729812622,1.6060876846313477,2.033022403717041,2.033022403717041,113,3.294171456449828,1.0,0.12194470276611041,0.0,0.0,0.0,-0.743565022945404,CityLearnV3MADRLRewardFunction,masac_unified_comparable_v4,E1,-0.0,1907,13.818013355400284,1.0,0.12713696010797576,0.0,8759
6,0.0,0.0,0.0,0.0,Building_14,13,MASAC,0.7900000214576721,True,0.0,0.0,0.0,0.28695225715637207,18,8740,0.0,0.0,-0.0,166420,0.0,2.6149511337280273,-0.6811951994895935,1.041664719581604,2.0658113956451416,2.6149511337280273,2.6149511337280273,64,3.3423069264104632,1.0,0.2190442414721474,0.0,0.0,0.0,-0.743565022945404,CityLearnV3MADRLRewardFunction,masac_unified_comparable_v4,E1,-0.0,1907,13.818013355400284,1.0,0.12713696010797576,0.0,8759
10,0.0,0.0,0.0,0.0,Building_15,14,MASAC,0.7900000214576721,True,0.0,0.0,0.0,0.28695225715637207,18,8740,0.0,0.0,-0.0,166420,0.0,19.521480560302734,-0.7380395531654358,7.776374340057373,15.42197036743164,19.521480560302734,19.521480560302734,92,3.393093944080936,1.0,0.15853984807820423,0.0,0.0,0.0,-0.743565022945404,CityLearnV3MADRLRewardFunction,masac_unified_comparable_v4,E1,-0.0,1907,13.818013355400284,1.0,0.12713696010797576,0.0,8759
13,0.0,0.0,0.0,0.0,Building_16,15,MASAC,0.7900000214576721,True,0.0,0.0,0.0,0.28695225715637207,18,8740,0.0,0.0,-0.0,166420,0.0,54.89390563964844,-0.7711387872695923,21.866966247558594,43.366188049316406,54.89390563964844,54.89390563964844,113,3.3603933341504404,1.0,0.12487148434187459,0.0,0.0,0.0,-0.743565022945404,CityLearnV3MADRLRewardFunction,masac_unified_comparable_v4,E1,-0.0,1907,13.818013355400284,1.0,0.12713696010797576,0.0,8759
13,0.0,0.0,0.0,0.0,Building_17,16,MASAC,0.7900000214576721,True,0.0,0.0,0.0,0.28695225715637207,18,8740,0.0,0.0,-0.0,166420,0.0,22.46647071838379,-0.7422551512718201,8.949509620666504,17.748512268066406,22.46647071838379,22.46647071838379,113,3.223419637776712,1.0,0.11913916409279393,0.0,0.0,0.0,-0.743565022945404,CityLearnV3MADRLRewardFunction,masac_unified_comparable_v4,E1,-0.0,1907,13.818013355400284,1.0,0.12713696010797576,0.0,8759
6,0.0,0.0,0.0,0.0,Building_1,0,MASAC,0.7900000214576721,False,0.0,0.0,0.0,0.3983496129512787,19,0,0.0,0.0,-0.0,166440,-0.0,0.0,-0.8757521510124207,0.0,0.0,0.0,0.0,64,3.1872807826214387,1.0,0.21546463016420603,0.0,0.0,0.0,-0.8526497483253479,CityLearnV3MADRLRewardFunction,masac_unified_comparable_v4,E1,-0.0,1907,13.761869487400787,1.0,0.1310927528960266,0.0,20
8,0.0,0.0,0.0,0.0,Building_2,1,MASAC,0.7900000214576721,False,0.0,0.0,0.0,0.3983496129512787,19,0,0.0,0.0,-0.0,166440,-0.0,0.0,-0.8407842516899109,0.0,0.0,0.0,0.0,78,3.334751995050874,1.0,0.18441393493841857,0.0,0.0,0.0,-0.8526497483253479,CityLearnV3MADRLRewardFunction,masac_unified_comparable_v4,E1,-0.0,1907,13.761869487400787,1.0,0.1310927528960266,0.0,20
10,0.0,0.0,0.0,0.0,Building_3,2,MASAC,0.7900000214576721,False,0.0,0.0,0.0,0.3983496129512787,19,0,0.0,0.0,-0.0,166440,-0.0,0.0,-0.8640799522399902,0.0,0.0,0.0,0.0,92,3.283028657583236,1.0,0.1552668964571279,0.0,0.0,0.0,-0.8526497483253479,CityLearnV3MADRLRewardFunction,masac_unified_comparable_v4,E1,-0.0,1907,13.761869487400787,1.0,0.1310927528960266,0.0,20
8,0.0,0.0,0.0,0.0,Building_4,3,MASAC,0.7900000214576721,False,0.0,0.0,0.0,0.3983496129512787,19,0,0.0,0.0,-0.0,166440,-0.0,0.0,-0.862463116645813,0.0,0.0,0.0,0.0,78,3.199419367813569,1.0,0.17720000178386003,0.0,0.0,0.0,-0.8526497483253479,CityLearnV3MADRLRewardFunction,masac_unified_comparable_v4,E1,-0.0,1907,13.761869487400787,1.0,0.1310927528960266,0.0,20
5,0.0,0.0,0.0,0.0,Building_5,4,MASAC,0.7900000214576721,False,0.0,0.0,0.0,0.3983496129512787,19,0,0.0,0.0,-0.0,166440,-0.0,0.0,-0.8613399863243103,0.0,0.0,0.0,0.0,57,3.851686364983032,1.0,0.35015672262300523,0.0,0.0,0.0,-0.8526497483253479,CityLearnV3MADRLRewardFunction,masac_unified_comparable_v4,E1,-0.0,1907,13.761869487400787,1.0,0.1310927528960266,0.0,20
34,1.0,1.0,0.029411764705882353,0.0,Building_6,5,MASAC,0.7900000214576721,False,0.0,0.0,0.0,0.3983496129512787,19,0,0.0,0.0,-0.0,166440,-0.0,0.0,-0.9508547186851501,0.0,0.0,0.0,0.0,260,3.137950475823125,1.0,0.0512673159631399,0.0,0.0,0.0,-0.8526497483253479,CityLearnV3MADRLRewardFunction,masac_unified_comparable_v4,E1,-0.0,1907,13.761869487400787,1.0,0.1310927528960266,0.0,20
44,1.0,1.0,0.022727272727272728,0.0,Building_7,6,MASAC,0.7900000214576721,False,0.0,0.0,0.0,0.3983496129512787,19,0,0.0,0.0,-0.0,166440,-0.0,0.0,-0.8407221436500549,0.0,0.0,0.0,0.0,330,3.271144978382465,1.0,0.04272558869737567,0.0,0.0,0.0,-0.8526497483253479,CityLearnV3MADRLRewardFunction,masac_unified_comparable_v4,E1,-0.0,1907,13.761869487400787,1.0,0.1310927528960266,0.0,20
19,0.0,0.0,0.0,0.0,Building_8,7,MASAC,0.7900000214576721,False,0.0,0.0,0.0,0.3983496129512787,19,0,0.0,0.0,-0.0,166440,-0.0,0.0,-0.8182651996612549,0.0,0.0,0.0,0.0,155,3.3276855393668603,1.0,0.09336515347803792,0.0,0.0,0.0,-0.8526497483253479,CityLearnV3MADRLRewardFunction,masac_unified_comparable_v4,E1,-0.0,1907,13.761869487400787,1.0,0.1310927528960266,0.0,20
12,0.0,0.0,0.0,0.0,Building_9,8,MASAC,0.7900000214576721,False,0.0,0.0,0.0,0.3983496129512787,19,0,0.0,0.0,-0.0,166440,-0.0,0.0,-0.8533619046211243,0.0,0.0,0.0,0.0,106,3.6633857768173663,1.0,0.1658384083014614,0.0,0.0,0.0,-0.8526497483253479,CityLearnV3MADRLRewardFunction,masac_unified_comparable_v4,E1,-0.0,1907,13.761869487400787,1.0,0.1310927528960266,0.0,20
8,0.0,0.0,0.0,0.0,Building_10,9,MASAC,0.7900000214576721,False,0.0,0.0,0.0,0.3983496129512787,19,0,0.0,0.0,-0.0,166440,-0.0,0.0,-0.8658462762832642,0.0,0.0,0.0,0.0,78,3.2664863263064543,1.0,0.18181226020440078,0.0,0.0,0.0,-0.8526497483253479,CityLearnV3MADRLRewardFunction,masac_unified_comparable_v4,E1,-0.0,1907,13.761869487400787,1.0,0.1310927528960266,0.0,20
5,0.0,0.0,0.0,0.0,Building_11,10,MASAC,0.7900000214576721,False,0.0,0.0,0.0,0.3983496129512787,19,0,0.0,0.0,-0.0,166440,-0.0,0.0,-0.8647546172142029,0.0,0.0,0.0,0.0,57,3.359862896883225,1.0,0.25816699378845986,0.0,0.0,0.0,-0.8526497483253479,CityLearnV3MADRLRewardFunction,masac_unified_comparable_v4,E1,-0.0,1907,13.761869487400787,1.0,0.1310927528960266,0.0,20
5,0.0,0.0,0.0,0.0,Building_12,11,MASAC,0.7900000214576721,False,0.0,0.0,0.0,0.3983496129512787,19,0,0.0,0.0,-0.0,166440,-0.0,0.0,-0.8754122853279114,0.0,0.0,0.0,0.0,57,3.3513649288641756,1.0,0.2585805417937145,0.0,0.0,0.0,-0.8526497483253479,CityLearnV3MADRLRewardFunction,masac_unified_comparable_v4,E1,-0.0,1907,13.761869487400787,1.0,0.1310927528960266,0.0,20
13,1.0,1.0,0.07692307692307693,0.0,Building_13,12,MASAC,0.7900000214576721,False,0.0,0.0,0.0,0.3983496129512787,19,0,0.0,0.0,-0.0,166440,-0.0,0.0,-0.782948911190033,0.0,0.0,0.0,0.0,113,3.2692446165714837,1.0,0.12306311265029739,0.0,0.0,0.0,-0.8526497483253479,CityLearnV3MADRLRewardFunction,masac_unified_comparable_v4,E1,-0.0,1907,13.761869487400787,1.0,0.1310927528960266,0.0,20
6,0.0,0.0,0.0,0.0,Building_14,13,MASAC,0.7900000214576721,False,0.0,0.0,0.0,0.3983496129512787,19,0,0.0,0.0,-0.0,166440,-0.0,0.0,-0.7799791097640991,0.0,0.0,0.0,0.0,64,3.2186807202721734,1.0,0.21225519222207367,0.0,0.0,0.0,-0.8526497483253479,CityLearnV3MADRLRewardFunction,masac_unified_comparable_v4,E1,-0.0,1907,13.761869487400787,1.0,0.1310927528960266,0.0,20
10,0.0,0.0,0.0,0.0,Building_15,14,MASAC,0.7900000214576721,False,0.0,0.0,0.0,0.3983496129512787,19,0,0.0,0.0,-0.0,166440,-0.0,0.0,-0.8488666415214539,0.0,0.0,0.0,0.0,92,3.401202811444533,1.0,0.16132479727916096,0.0,0.0,0.0,-0.8526497483253479,CityLearnV3MADRLRewardFunction,masac_unified_comparable_v4,E1,-0.0,1907,13.761869487400787,1.0,0.1310927528960266,0.0,20
13,0.0,0.0,0.0,0.0,Building_16,15,MASAC,0.7900000214576721,False,0.0,0.0,0.0,0.3983496129512787,19,0,0.0,0.0,-0.0,166440,-0.0,0.0,-0.8635624051094055,0.0,0.0,0.0,0.0,113,3.2213359013070195,1.0,0.121569910737793,0.0,0.0,0.0,-0.8526497483253479,CityLearnV3MADRLRewardFunction,masac_unified_comparable_v4,E1,-0.0,1907,13.761869487400787,1.0,0.1310927528960266,0.0,20
13,0.0,0.0,0.0,0.0,Building_17,16,MASAC,0.7900000214576721,False,0.0,0.0,0.0,0.3983496129512787,19,0,0.0,0.0,-0.0,166440,-0.0,0.0,-0.8460521697998047,0.0,0.0,0.0,0.0,113,3.3219502970007735,1.0,0.12893487704274928,0.0,0.0,0.0,-0.8526497483253479,CityLearnV3MADRLRewardFunction,masac_unified_comparable_v4,E1,-0.0,1907,13.761869487400787,1.0,0.1310927528960266,0.0,20
6,0.0,0.0,0.0,0.0,Building_1,0,MASAC,0.7900000214576721,True,0.0,0.0,0.0,0.5087285041809082,19,8739,0.0,0.0,-0.0,175179,0.0,446.8856201171875,-0.8418400883674622,295.8052062988281,353.0396423339844,446.8856201171875,446.8856201171875,64,3.5238042632943802,1.0,0.25035197380930185,0.0,0.0,0.0,-0.8058813810348511,CityLearnV3MADRLRewardFunction,masac_unified_comparable_v4,E1,-0.0,1907,14.615601389492182,1.0,0.14412572832634515,0.0,8759
8,0.0,0.0,0.0,0.0,Building_2,1,MASAC,0.7900000214576721,True,0.0,0.0,0.0,0.5087285041809082,19,8739,0.0,0.0,-0.0,175179,0.0,5.618855953216553,-0.7556613087654114,3.719266653060913,4.438896179199219,5.618855953216553,5.618855953216553,78,3.5030367022040467,1.0,0.20067387895706373,0.0,0.0,0.0,-0.8058813810348511,CityLearnV3MADRLRewardFunction,masac_unified_comparable_v4,E1,-0.0,1907,14.615601389492182,1.0,0.14412572832634515,0.0,8759
10,0.0,0.0,0.0,0.0,Building_3,2,MASAC,0.7900000214576721,True,0.0,0.0,0.0,0.5087285041809082,19,8739,0.0,0.0,-0.0,175179,0.0,98.17061614990234,-0.8337424397468567,64.98168182373047,77.5547866821289,98.17061614990234,98.17061614990234,92,3.447395679678559,1.0,0.16851515484892804,0.0,0.0,0.0,-0.8058813810348511,CityLearnV3MADRLRewardFunction,masac_unified_comparable_v4,E1,-0.0,1907,14.615601389492182,1.0,0.14412572832634515,0.0,8759
8,0.0,0.0,0.0,0.0,Building_4,3,MASAC,0.7900000214576721,True,0.0,0.0,0.0,0.5087285041809082,19,8739,0.0,0.0,-0.0,175179,0.0,28.84416961669922,-0.8176454901695251,19.09270477294922,22.786893844604492,28.84416961669922,28.84416961669922,78,3.5117209486197374,1.0,0.20238712238959777,0.0,0.0,0.0,-0.8058813810348511,CityLearnV3MADRLRewardFunction,masac_unified_comparable_v4,E1,-0.0,1907,14.615601389492182,1.0,0.14412572832634515,0.0,8759
5,0.0,0.0,0.0,0.0,Building_5,4,MASAC,0.7900000214576721,True,0.0,0.0,0.0,0.5087285041809082,19,8739,0.0,0.0,-0.0,175179,0.0,37.89287567138672,-0.8596116900444031,25.082279205322266,29.935373306274414,37.89287567138672,37.89287567138672,57,3.6829314786639893,1.0,0.3156802693479939,0.0,0.0,0.0,-0.8058813810348511,CityLearnV3MADRLRewardFunction,masac_unified_comparable_v4,E1,-0.0,1907,14.615601389492182,1.0,0.14412572832634515,0.0,8759
34,1.0,1.0,0.029411764705882353,0.0,Building_6,5,MASAC,0.7900000214576721,True,0.0,0.0,0.0,0.5087285041809082,19,8739,0.0,0.0,-0.0,175179,0.0,350.8894348144531,-0.8418332934379578,232.26283264160156,277.2026672363281,350.8894348144531,350.8894348144531,260,3.517680192848754,1.0,0.06077526016877248,0.0,0.0,0.0,-0.8058813810348511,CityLearnV3MADRLRewardFunction,masac_unified_comparable_v4,E1,-0.0,1907,14.615601389492182,1.0,0.14412572832634515,0.0,8759
44,0.0,0.0,0.0,0.0,Building_7,6,MASAC,0.7900000214576721,True,0.0,0.0,0.0,0.5087285041809082,19,8739,0.0,0.0,-0.0,175179,0.0,18.66022491455078,-0.797902524471283,12.35168743133545,14.741578102111816,18.66022491455078,18.66022491455078,330,3.486635321629902,1.0,0.04776929373090917,0.0,0.0,0.0,-0.8058813810348511,CityLearnV3MADRLRewardFunction,masac_unified_comparable_v4,E1,-0.0,1907,14.615601389492182,1.0,0.14412572832634515,0.0,8759
19,0.0,0.0,0.0,0.0,Building_8,7,MASAC,0.7900000214576721,True,0.0,0.0,0.0,0.5087285041809082,19,8739,0.0,0.0,-0.0,175179,0.0,19.251495361328125,-0.8004218935966492,12.743064880371094,15.2086820602417,19.251495361328125,19.251495361328125,155,3.662721227109895,1.0,0.10862501532800736,0.0,0.0,0.0,-0.8058813810348511,CityLearnV3MADRLRewardFunction,masac_unified_comparable_v4,E1,-0.0,1907,14.615601389492182,1.0,0.14412572832634515,0.0,8759
12,0.0,0.0,0.0,0.0,Building_9,8,MASAC,0.7900000214576721,True,0.0,0.0,0.0,0.5087285041809082,19,8739,0.0,0.0,-0.0,175179,0.0,2.4506425857543945,-0.7245569825172424,1.6221439838409424,1.9360077381134033,2.4506425857543945,2.4506425857543945,106,3.7462422729462377,1.0,0.1714494270536135,0.0,0.0,0.0,-0.8058813810348511,CityLearnV3MADRLRewardFunction,masac_unified_comparable_v4,E1,-0.0,1907,14.615601389492182,1.0,0.14412572832634515,0.0,8759
8,0.0,0.0,0.0,0.0,Building_10,9,MASAC,0.7900000214576721,True,0.0,0.0,0.0,0.5087285041809082,19,8739,0.0,0.0,-0.0,175179,0.0,34.33414077758789,-0.8209800124168396,22.726659774780273,27.123971939086914,34.33414077758789,34.33414077758789,78,3.502911926079225,1.0,0.20285142853091925,0.0,0.0,0.0,-0.8058813810348511,CityLearnV3MADRLRewardFunction,masac_unified_comparable_v4,E1,-0.0,1907,14.615601389492182,1.0,0.14412572832634515,0.0,8759
5,0.0,0.0,0.0,0.0,Building_11,10,MASAC,0.7900000214576721,True,0.0,0.0,0.0,0.5087285041809082,19,8739,0.0,0.0,-0.0,175179,0.0,57.917564392089844,-0.8331771492958069,38.33713912963867,45.754878997802734,57.917564392089844,57.917564392089844,57,3.5833551425386245,1.0,0.28230924250786765,0.0,0.0,0.0,-0.8058813810348511,CityLearnV3MADRLRewardFunction,masac_unified_comparable_v4,E1,-0.0,1907,14.615601389492182,1.0,0.14412572832634515,0.0,8759
5,0.0,0.0,0.0,0.0,Building_12,11,MASAC,0.7900000214576721,True,0.0,0.0,0.0,0.5087285041809082,19,8739,0.0,0.0,-0.0,175179,0.0,182.6020965576172,-0.8362307548522949,120.86907196044922,144.2556610107422,182.6020965576172,182.6020965576172,57,3.422388345971655,1.0,0.26887132410417525,0.0,0.0,0.0,-0.8058813810348511,CityLearnV3MADRLRewardFunction,masac_unified_comparable_v4,E1,-0.0,1907,14.615601389492182,1.0,0.14412572832634515,0.0,8759
13,0.0,0.0,0.0,0.0,Building_13,12,MASAC,0.7900000214576721,True,0.0,0.0,0.0,0.5087285041809082,19,8739,0.0,0.0,-0.0,175179,0.0,2.789367437362671,-0.7435368895530701,1.8463547229766846,2.2036004066467285,2.789367437362671,2.789367437362671,113,3.5170078621518095,1.0,0.13981691688562917,0.0,0.0,0.0,-0.8058813810348511,CityLearnV3MADRLRewardFunction,masac_unified_comparable_v4,E1,-0.0,1907,14.615601389492182,1.0,0.14412572832634515,0.0,8759
6,0.0,0.0,0.0,0.0,Building_14,13,MASAC,0.7900000214576721,True,0.0,0.0,0.0,0.5087285041809082,19,8739,0.0,0.0,-0.0,175179,0.0,2.485826015472412,-0.7420089840888977,1.6454328298568726,1.9638025760650635,2.485826015472412,2.485826015472412,64,3.4565226075405016,1.0,0.2413651142269373,0.0,0.0,0.0,-0.8058813810348511,CityLearnV3MADRLRewardFunction,masac_unified_comparable_v4,E1,-0.0,1907,14.615601389492182,1.0,0.14412572832634515,0.0,8759
10,0.0,0.0,0.0,0.0,Building_15,14,MASAC,0.7900000214576721,True,0.0,0.0,0.0,0.5087285041809082,19,8739,0.0,0.0,-0.0,175179,0.0,20.5941162109375,-0.8047338724136353,13.631780624389648,16.269351959228516,20.5941162109375,20.5941162109375,92,3.651551221576404,1.0,0.18214060171790744,0.0,0.0,0.0,-0.8058813810348511,CityLearnV3MADRLRewardFunction,masac_unified_comparable_v4,E1,-0.0,1907,14.615601389492182,1.0,0.14412572832634515,0.0,8759
13,0.0,0.0,0.0,0.0,Building_16,15,MASAC,0.7900000214576721,True,0.0,0.0,0.0,0.5087285041809082,19,8739,0.0,0.0,-0.0,175179,0.0,103.13050842285156,-0.8319136500358582,68.26476287841797,81.47310638427734,103.13050842285156,103.13050842285156,113,3.463350750212747,1.0,0.13980036604720936,0.0,0.0,0.0,-0.8058813810348511,CityLearnV3MADRLRewardFunction,masac_unified_comparable_v4,E1,-0.0,1907,14.615601389492182,1.0,0.14412572832634515,0.0,8759
13,1.0,1.0,0.07692307692307693,0.0,Building_17,16,MASAC,0.7900000214576721,True,3.1465532779693604,0.0,0.0,0.5087285041809082,19,8739,0.0,0.0,-0.0,175179,0.0,24.344667434692383,-0.8141863942146301,16.114368438720703,19.232288360595703,24.344667434692383,21.1981143951416,113,3.5632839785346326,1.0,0.14400530362551192,0.0,0.0,0.0,-0.8058813810348511,CityLearnV3MADRLRewardFunction,masac_unified_comparable_v4,E1,-0.0,1907,14.615601389492182,1.0,0.14412572832634515,0.0,8759
6,0.0,0.0,0.0,0.0,Building_1,0,MASAC,0.7900000214576721,False,0.0,0.0,0.0,0.5005270838737488,20,0,0.0,0.0,-0.0,175200,-0.0,0.0,-0.7522514462471008,0.0,0.0,0.0,0.0,64,3.344177587868136,1.0,0.22704477072693408,0.0,0.0,0.0,-0.6986150741577148,CityLearnV3MADRLRewardFunction,masac_unified_comparable_v4,E1,-0.0,1907,14.127940101404953,1.0,0.13484881373877355,0.0,21
8,1.0,1.0,0.125,0.0,Building_2,1,MASAC,0.7900000214576721,False,0.0,0.0,0.0,0.5005270838737488,20,0,0.0,0.0,-0.0,175200,-0.0,0.0,-0.6420209407806396,0.0,0.0,0.0,0.0,78,3.387840181668865,1.0,0.18582440454226273,0.0,0.0,0.0,-0.6986150741577148,CityLearnV3MADRLRewardFunction,masac_unified_comparable_v4,E1,-0.0,1907,14.127940101404953,1.0,0.13484881373877355,0.0,21
10,0.0,0.0,0.0,0.0,Building_3,2,MASAC,0.7900000214576721,False,0.0,0.0,0.0,0.5005270838737488,20,0,0.0,0.0,-0.0,175200,-0.0,0.0,-0.7460290789604187,0.0,0.0,0.0,0.0,92,3.4475508481233503,1.0,0.16928701596739498,0.0,0.0,0.0,-0.6986150741577148,CityLearnV3MADRLRewardFunction,masac_unified_comparable_v4,E1,-0.0,1907,14.127940101404953,1.0,0.13484881373877355,0.0,21
8,0.0,0.0,0.0,0.0,Building_4,3,MASAC,0.7900000214576721,False,0.0,0.0,0.0,0.5005270838737488,20,0,0.0,0.0,-0.0,175200,-0.0,0.0,-0.7383155822753906,0.0,0.0,0.0,0.0,78,3.204543195497115,1.0,0.17454000868094274,0.0,0.0,0.0,-0.6986150741577148,CityLearnV3MADRLRewardFunction,masac_unified_comparable_v4,E1,-0.0,1907,14.127940101404953,1.0,0.13484881373877355,0.0,21
5,0.0,0.0,0.0,0.0,Building_5,4,MASAC,0.7900000214576721,False,0.0,0.0,0.0,0.5005270838737488,20,0,0.0,0.0,-0.0,175200,-0.0,0.0,-0.7363172173500061,0.0,0.0,0.0,0.0,57,3.849640814916057,1.0,0.34418693916839466,0.0,0.0,0.0,-0.6986150741577148,CityLearnV3MADRLRewardFunction,masac_unified_comparable_v4,E1,-0.0,1907,14.127940101404953,1.0,0.13484881373877355,0.0,21
34,1.0,0.0,-0.029411764705882353,-1.0,Building_6,5,MASAC,0.7900000214576721,False,0.0,0.0,0.0,0.5005270838737488,20,0,0.0,0.0,-0.0,175200,-0.0,0.0,-0.7523024082183838,0.0,0.0,0.0,0.0,260,3.227138416125807,1.0,0.05328383594751358,0.0,0.0,0.0,-0.6986150741577148,CityLearnV3MADRLRewardFunction,masac_unified_comparable_v4,E1,-0.0,1907,14.127940101404953,1.0,0.13484881373877355,0.0,21
44,0.0,0.0,0.0,0.0,Building_7,6,MASAC,0.7900000214576721,False,0.0,0.0,0.0,0.5005270838737488,20,0,0.0,0.0,-0.0,175200,-0.0,0.0,-0.6584761142730713,0.0,0.0,0.0,0.0,330,3.408173211347855,1.0,0.04451662175583117,0.0,0.0,0.0,-0.6986150741577148,CityLearnV3MADRLRewardFunction,masac_unified_comparable_v4,E1,-0.0,1907,14.127940101404953,1.0,0.13484881373877355,0.0,21
19,0.0,0.0,0.0,0.0,Building_8,7,MASAC,0.7900000214576721,False,0.0,0.0,0.0,0.5005270838737488,20,0,0.0,0.0,-0.0,175200,-0.0,0.0,-0.666208028793335,0.0,0.0,0.0,0.0,155,3.4002813514633474,1.0,0.09562695949308334,0.0,0.0,0.0,-0.6986150741577148,CityLearnV3MADRLRewardFunction,masac_unified_comparable_v4,E1,-0.0,1907,14.127940101404953,1.0,0.13484881373877355,0.0,21
12,0.0,0.0,0.0,0.0,Building_9,8,MASAC,0.7900000214576721,False,0.0,0.0,0.0,0.5005270838737488,20,0,0.0,0.0,-0.0,175200,-0.0,0.0,-0.6374689936637878,0.0,0.0,0.0,0.0,106,3.707665238536297,1.0,0.16598557413748974,0.0,0.0,0.0,-0.6986150741577148,CityLearnV3MADRLRewardFunction,masac_unified_comparable_v4,E1,-0.0,1907,14.127940101404953,1.0,0.13484881373877355,0.0,21
8,0.0,0.0,0.0,0.0,Building_10,9,MASAC,0.7900000214576721,False,0.0,0.0,0.0,0.5005270838737488,20,0,0.0,0.0,-0.0,175200,-0.0,0.0,-0.6944801807403564,0.0,0.0,0.0,0.0,78,3.4345914859260716,1.0,0.1897000625060919,0.0,0.0,0.0,-0.6986150741577148,CityLearnV3MADRLRewardFunction,masac_unified_comparable_v4,E1,-0.0,1907,14.127940101404953,1.0,0.13484881373877355,0.0,21
5,1.0,1.0,0.2,0.0,Building_11,10,MASAC,0.7900000214576721,False,0.0,0.0,0.0,0.5005270838737488,20,0,0.0,0.0,-0.0,175200,-0.0,0.0,-0.7331599593162537,0.0,0.0,0.0,0.0,57,3.433211502103003,1.0,0.26390940277722846,0.0,0.0,0.0,-0.6986150741577148,CityLearnV3MADRLRewardFunction,masac_unified_comparable_v4,E1,-0.0,1907,14.127940101404953,1.0,0.13484881373877355,0.0,21
5,0.0,0.0,0.0,0.0,Building_12,11,MASAC,0.7900000214576721,False,0.0,0.0,0.0,0.5005270838737488,20,0,0.0,0.0,-0.0,175200,-0.0,0.0,-0.745840847492218,0.0,0.0,0.0,0.0,57,3.4109510132390564,1.0,0.2643174378756891,0.0,0.0,0.0,-0.6986150741577148,CityLearnV3MADRLRewardFunction,masac_unified_comparable_v4,E1,-0.0,1907,14.127940101404953,1.0,0.13484881373877355,0.0,21
13,0.0,0.0,0.0,0.0,Building_13,12,MASAC,0.7900000214576721,False,0.0,0.0,0.0,0.5005270838737488,20,0,0.0,0.0,-0.0,175200,-0.0,0.0,-0.6416214108467102,0.0,0.0,0.0,0.0,113,3.4152473458921437,1.0,0.12985833529877452,0.0,0.0,0.0,-0.6986150741577148,CityLearnV3MADRLRewardFunction,masac_unified_comparable_v4,E1,-0.0,1907,14.127940101404953,1.0,0.13484881373877355,0.0,21
6,0.0,0.0,0.0,0.0,Building_14,13,MASAC,0.7900000214576721,False,0.0,0.0,0.0,0.5005270838737488,20,0,0.0,0.0,-0.0,175200,-0.0,0.0,-0.6459984183311462,0.0,0.0,0.0,0.0,64,3.3746863566862797,1.0,0.22595725394785404,0.0,0.0,0.0,-0.6986150741577148,CityLearnV3MADRLRewardFunction,masac_unified_comparable_v4,E1,-0.0,1907,14.127940101404953,1.0,0.13484881373877355,0.0,21
10,1.0,1.0,0.1,0.0,Building_15,14,MASAC,0.7900000214576721,False,0.0,0.0,0.0,0.5005270838737488,20,0,0.0,0.0,-0.0,175200,-0.0,0.0,-0.6844284534454346,0.0,0.0,0.0,0.0,92,3.3736785545453776,1.0,0.15846075311951016,0.0,0.0,0.0,-0.6986150741577148,CityLearnV3MADRLRewardFunction,masac_unified_comparable_v4,E1,-0.0,1907,14.127940101404953,1.0,0.13484881373877355,0.0,21
13,0.0,0.0,0.0,0.0,Building_16,15,MASAC,0.7900000214576721,False,0.0,0.0,0.0,0.5005270838737488,20,0,0.0,0.0,-0.0,175200,-0.0,0.0,-0.6910362243652344,0.0,0.0,0.0,0.0,113,3.34457746922835,1.0,0.12698803486022275,0.0,0.0,0.0,-0.6986150741577148,CityLearnV3MADRLRewardFunction,masac_unified_comparable_v4,E1,-0.0,1907,14.127940101404953,1.0,0.13484881373877355,0.0,21
13,0.0,0.0,0.0,0.0,Building_17,16,MASAC,0.7900000214576721,False,0.0,0.0,0.0,0.5005270838737488,20,0,0.0,0.0,-0.0,175200,-0.0,0.0,-0.7105020880699158,0.0,0.0,0.0,0.0,113,3.433108206386766,1.0,0.13623519446206303,0.0,0.0,0.0,-0.6986150741577148,CityLearnV3MADRLRewardFunction,masac_unified_comparable_v4,E1,-0.0,1907,14.127940101404953,1.0,0.13484881373877355,0.0,21
6,0.0,0.0,0.0,0.0,Building_1,0,MASAC,0.7900000214576721,True,0.0,0.0,0.0,0.32958081364631653,20,8738,0.0,0.0,-0.0,183938,0.0,391.586669921875,-0.778053879737854,179.1614532470703,309.3534851074219,391.586669921875,391.586669921875,64,3.2924049874761763,1.0,0.2198573825880885,0.0,0.0,0.0,-0.7319750785827637,CityLearnV3MADRLRewardFunction,masac_unified_comparable_v4,E1,-0.0,1907,14.084155598502269,1.0,0.13142670973096146,0.0,8759
8,0.0,0.0,0.0,0.0,Building_2,1,MASAC,0.7900000214576721,True,0.0,0.0,0.0,0.32958081364631653,20,8738,0.0,0.0,-0.0,183938,0.0,0.1848604530096054,-0.6705963611602783,0.08457864075899124,0.14603976905345917,0.1848604530096054,0.1848604530096054,78,3.3750196574842968,1.0,0.1821049379232602,0.0,0.0,0.0,-0.7319750785827637,CityLearnV3MADRLRewardFunction,masac_unified_comparable_v4,E1,-0.0,1907,14.084155598502269,1.0,0.13142670973096146,0.0,8759
10,0.0,0.0,0.0,0.0,Building_3,2,MASAC,0.7900000214576721,True,0.0,0.0,0.0,0.32958081364631653,20,8738,0.0,0.0,-0.0,183938,0.0,39.0087890625,-0.7648844122886658,17.847572326660156,30.816944122314453,39.0087890625,39.0087890625,92,3.401598351049076,1.0,0.15808405079271481,0.0,0.0,0.0,-0.7319750785827637,CityLearnV3MADRLRewardFunction,masac_unified_comparable_v4,E1,-0.0,1907,14.084155598502269,1.0,0.13142670973096146,0.0,8759
8,0.0,0.0,0.0,0.0,Building_4,3,MASAC,0.7900000214576721,True,0.0,0.0,0.0,0.32958081364631653,20,8738,0.0,0.0,-0.0,183938,0.0,36.67196273803711,-0.7633025050163269,16.778411865234375,28.97085189819336,36.67196273803711,36.67196273803711,78,3.4013893162872675,1.0,0.18637953660426995,0.0,0.0,0.0,-0.7319750785827637,CityLearnV3MADRLRewardFunction,masac_unified_comparable_v4,E1,-0.0,1907,14.084155598502269,1.0,0.13142670973096146,0.0,8759
5,0.0,0.0,0.0,0.0,Building_5,4,MASAC,0.7900000214576721,True,0.0,0.0,0.0,0.32958081364631653,20,8738,0.0,0.0,-0.0,183938,0.0,54.225337982177734,-0.7982290387153625,24.809553146362305,42.838016510009766,54.225337982177734,54.225337982177734,57,3.4804408766787867,1.0,0.28225778121697276,0.0,0.0,0.0,-0.7319750785827637,CityLearnV3MADRLRewardFunction,masac_unified_comparable_v4,E1,-0.0,1907,14.084155598502269,1.0,0.13142670973096146,0.0,8759
34,0.0,0.0,0.0,0.0,Building_6,5,MASAC,0.7900000214576721,True,0.0,0.0,0.0,0.32958081364631653,20,8738,0.0,0.0,-0.0,183938,0.0,348.8946838378906,-0.7745527625083923,159.62872314453125,275.6268005371094,348.8946838378906,348.8946838378906,260,3.248911062381328,1.0,0.052660916860287,0.0,0.0,0.0,-0.7319750785827637,CityLearnV3MADRLRewardFunction,masac_unified_comparable_v4,E1,-0.0,1907,14.084155598502269,1.0,0.13142670973096146,0.0,8759
44,1.0,1.0,0.022727272727272728,0.0,Building_7,6,MASAC,0.7900000214576721,True,0.0,0.0,0.0,0.32958081364631653,20,8738,0.0,0.0,-0.0,183938,0.0,2.9800853729248047,-0.682715654373169,1.3634693622589111,2.3542675971984863,2.9800853729248047,2.9800853729248047,330,3.3767095454958573,1.0,0.043628043365297894,0.0,0.0,0.0,-0.7319750785827637,CityLearnV3MADRLRewardFunction,masac_unified_comparable_v4,E1,-0.0,1907,14.084155598502269,1.0,0.13142670973096146,0.0,8759
19,0.0,0.0,0.0,0.0,Building_8,7,MASAC,0.7900000214576721,True,0.0,0.0,0.0,0.32958081364631653,20,8738,0.0,0.0,-0.0,183938,0.0,6.19936990737915,-0.6970435380935669,2.836378812789917,4.897502422332764,6.19936990737915,6.19936990737915,155,3.528470854679748,1.0,0.09905636079849735,0.0,0.0,0.0,-0.7319750785827637,CityLearnV3MADRLRewardFunction,masac_unified_comparable_v4,E1,-0.0,1907,14.084155598502269,1.0,0.13142670973096146,0.0,8759
12,0.0,0.0,0.0,0.0,Building_9,8,MASAC,0.7900000214576721,True,0.0,0.0,0.0,0.32958081364631653,20,8738,0.0,0.0,-0.0,183938,0.0,2.1350696086883545,-0.6616197824478149,0.9768518805503845,1.6867049932479858,2.1350696086883545,2.1350696086883545,106,3.58134300072393,1.0,0.1540525937980076,0.0,0.0,0.0,-0.7319750785827637,CityLearnV3MADRLRewardFunction,masac_unified_comparable_v4,E1,-0.0,1907,14.084155598502269,1.0,0.13142670973096146,0.0,8759
8,0.0,0.0,0.0,0.0,Building_10,9,MASAC,0.7900000214576721,True,0.0,0.0,0.0,0.32958081364631653,20,8738,0.0,0.0,-0.0,183938,0.0,16.451881408691406,-0.7326142191886902,7.52717924118042,12.996986389160156,16.451881408691406,16.451881408691406,78,3.465583897613859,1.0,0.19063703056711417,0.0,0.0,0.0,-0.7319750785827637,CityLearnV3MADRLRewardFunction,masac_unified_comparable_v4,E1,-0.0,1907,14.084155598502269,1.0,0.13142670973096146,0.0,8759
5,0.0,0.0,0.0,0.0,Building_11,10,MASAC,0.7900000214576721,True,0.0,0.0,0.0,0.32958081364631653,20,8738,0.0,0.0,-0.0,183938,0.0,66.45198059082031,-0.7737594246864319,30.40357208251953,52.497066497802734,66.45198059082031,66.45198059082031,57,3.471573353507612,1.0,0.26014542475081326,0.0,0.0,0.0,-0.7319750785827637,CityLearnV3MADRLRewardFunction,masac_unified_comparable_v4,E1,-0.0,1907,14.084155598502269,1.0,0.13142670973096146,0.0,8759
5,1.0,1.0,0.2,0.0,Building_12,11,MASAC,0.7900000214576721,True,902.5677490234375,0.0,0.0,0.32958081364631653,20,8738,0.0,0.0,-0.0,183938,0.0,1057.9564208984375,-0.8107763528823853,484.0435791015625,835.7855834960938,1057.9564208984375,155.388671875,57,3.3367272372228833,1.0,0.25332017138338925,0.0,0.0,0.0,-0.7319750785827637,CityLearnV3MADRLRewardFunction,masac_unified_comparable_v4,E1,-0.0,1907,14.084155598502269,1.0,0.13142670973096146,0.0,8759
13,0.0,0.0,0.0,0.0,Building_13,12,MASAC,0.7900000214576721,True,0.0,0.0,0.0,0.32958081364631653,20,8738,0.0,0.0,-0.0,183938,0.0,0.1047736182808876,-0.6702736616134644,0.04793675243854523,0.08277115970849991,0.1047736182808876,0.1047736182808876,113,3.4957925266573286,1.0,0.13208608869957714,0.0,0.0,0.0,-0.7319750785827637,CityLearnV3MADRLRewardFunction,masac_unified_comparable_v4,E1,-0.0,1907,14.084155598502269,1.0,0.13142670973096146,0.0,8759
6,0.0,0.0,0.0,0.0,Building_14,13,MASAC,0.7900000214576721,True,0.0,0.0,0.0,0.32958081364631653,20,8738,0.0,0.0,-0.0,183938,0.0,1.3521205186843872,-0.6756106615066528,0.6186316013336182,1.068175196647644,1.3521205186843872,1.3521205186843872,64,3.3560916212582206,1.0,0.2207754731643945,0.0,0.0,0.0,-0.7319750785827637,CityLearnV3MADRLRewardFunction,masac_unified_comparable_v4,E1,-0.0,1907,14.084155598502269,1.0,0.13142670973096146,0.0,8759
10,0.0,0.0,0.0,0.0,Building_15,14,MASAC,0.7900000214576721,True,0.0,0.0,0.0,0.32958081364631653,20,8738,0.0,0.0,-0.0,183938,0.0,15.147623062133789,-0.7258961796760559,6.930445671081543,11.966622352600098,15.147623062133789,15.147623062133789,92,3.4004035011149756,1.0,0.1590853532695252,0.0,0.0,0.0,-0.7319750785827637,CityLearnV3MADRLRewardFunction,masac_unified_comparable_v4,E1,-0.0,1907,14.084155598502269,1.0,0.13142670973096146,0.0,8759
13,0.0,0.0,0.0,0.0,Building_16,15,MASAC,0.7900000214576721,True,0.0,0.0,0.0,0.32958081364631653,20,8738,0.0,0.0,-0.0,183938,0.0,11.957420349121094,-0.7189251780509949,5.470841884613037,9.446362495422363,11.957420349121094,11.957420349121094,113,3.4626026998686372,1.0,0.13089278841440657,0.0,0.0,0.0,-0.7319750785827637,CityLearnV3MADRLRewardFunction,masac_unified_comparable_v4,E1,-0.0,1907,14.084155598502269,1.0,0.13142670973096146,0.0,8759
13,0.0,0.0,0.0,0.0,Building_17,16,MASAC,0.7900000214576721,True,0.0,0.0,0.0,0.32958081364631653,20,8738,0.0,0.0,-0.0,183938,0.0,23.087642669677734,-0.7447237372398376,10.56321907043457,18.239238739013672,23.087642669677734,23.087642669677734,113,3.378331964723044,1.0,0.1309196542849583,0.0,0.0,0.0,-0.7319750785827637,CityLearnV3MADRLRewardFunction,masac_unified_comparable_v4,E1,-0.0,1907,14.084155598502269,1.0,0.13142670973096146,0.0,8759
6,0.0,0.0,0.0,0.0,Building_1,0,MASAC,0.7900000214576721,False,0.0,0.0,0.0,0.4656757414340973,21,0,0.0,0.0,-0.0,183960,-0.0,0.0,-0.8284562230110168,0.0,0.0,0.0,0.0,64,3.2944922679868505,1.0,0.22365741804242134,0.0,0.0,0.0,-0.7898650765419006,CityLearnV3MADRLRewardFunction,masac_unified_comparable_v4,E1,-0.0,1907,13.966462243491241,1.0,0.13170577480990536,0.0,22
8,0.0,0.0,0.0,0.0,Building_2,1,MASAC,0.7900000214576721,False,0.0,0.0,0.0,0.4656757414340973,21,0,0.0,0.0,-0.0,183960,-0.0,0.0,-0.7453262805938721,0.0,0.0,0.0,0.0,78,3.3985655398027066,1.0,0.18692251848868835,0.0,0.0,0.0,-0.7898650765419006,CityLearnV3MADRLRewardFunction,masac_unified_comparable_v4,E1,-0.0,1907,13.966462243491241,1.0,0.13170577480990536,0.0,22
10,0.0,0.0,0.0,0.0,Building_3,2,MASAC,0.7900000214576721,False,0.0,0.0,0.0,0.4656757414340973,21,0,0.0,0.0,-0.0,183960,-0.0,0.0,-0.8000291585922241,0.0,0.0,0.0,0.0,92,3.347853221002046,1.0,0.15704709356245788,0.0,0.0,0.0,-0.7898650765419006,CityLearnV3MADRLRewardFunction,masac_unified_comparable_v4,E1,-0.0,1907,13.966462243491241,1.0,0.13170577480990536,0.0,22
8,0.0,0.0,0.0,0.0,Building_4,3,MASAC,0.7900000214576721,False,0.0,0.0,0.0,0.4656757414340973,21,0,0.0,0.0,-0.0,183960,-0.0,0.0,-0.8175071477890015,0.0,0.0,0.0,0.0,78,3.3075916179084683,1.0,0.18241313099861145,0.0,0.0,0.0,-0.7898650765419006,CityLearnV3MADRLRewardFunction,masac_unified_comparable_v4,E1,-0.0,1907,13.966462243491241,1.0,0.13170577480990536,0.0,22
5,0.0,0.0,0.0,0.0,Building_5,4,MASAC,0.7900000214576721,False,0.0,0.0,0.0,0.4656757414340973,21,0,0.0,0.0,-0.0,183960,-0.0,0.0,-0.8099962472915649,0.0,0.0,0.0,0.0,57,3.8297789317390083,1.0,0.3355698824713105,0.0,0.0,0.0,-0.7898650765419006,CityLearnV3MADRLRewardFunction,masac_unified_comparable_v4,E1,-0.0,1907,13.966462243491241,1.0,0.13170577480990536,0.0,22
34,1.0,1.0,0.029411764705882353,0.0,Building_6,5,MASAC,0.7900000214576721,False,0.0,0.0,0.0,0.4656757414340973,21,0,0.0,0.0,-0.0,183960,-0.0,0.0,-0.8286653757095337,0.0,0.0,0.0,0.0,260,3.2953156452634498,1.0,0.05446611700149683,0.0,0.0,0.0,-0.7898650765419006,CityLearnV3MADRLRewardFunction,masac_unified_comparable_v4,E1,-0.0,1907,13.966462243491241,1.0,0.13170577480990536,0.0,22
44,1.0,1.0,0.022727272727272728,0.0,Building_7,6,MASAC,0.7900000214576721,False,0.0,0.0,0.0,0.4656757414340973,21,0,0.0,0.0,-0.0,183960,-0.0,0.0,-0.7547940015792847,0.0,0.0,0.0,0.0,330,3.418351520265721,1.0,0.04478091728506666,0.0,0.0,0.0,-0.7898650765419006,CityLearnV3MADRLRewardFunction,masac_unified_comparable_v4,E1,-0.0,1907,13.966462243491241,1.0,0.13170577480990536,0.0,22
19,0.0,0.0,0.0,0.0,Building_8,7,MASAC,0.7900000214576721,False,0.0,0.0,0.0,0.4656757414340973,21,0,0.0,0.0,-0.0,183960,-0.0,0.0,-0.7547142505645752,0.0,0.0,0.0,0.0,155,3.4089044628077794,1.0,0.09578872534536546,0.0,0.0,0.0,-0.7898650765419006,CityLearnV3MADRLRewardFunction,masac_unified_comparable_v4,E1,-0.0,1907,13.966462243491241,1.0,0.13170577480990536,0.0,22
12,0.0,0.0,0.0,0.0,Building_9,8,MASAC,0.7900000214576721,False,0.0,0.0,0.0,0.4656757414340973,21,0,0.0,0.0,-0.0,183960,-0.0,0.0,-0.800673246383667,0.0,0.0,0.0,0.0,106,3.4130471842073637,1.0,0.14113898997036917,0.0,0.0,0.0,-0.7898650765419006,CityLearnV3MADRLRewardFunction,masac_unified_comparable_v4,E1,-0.0,1907,13.966462243491241,1.0,0.13170577480990536,0.0,22
8,0.0,0.0,0.0,0.0,Building_10,9,MASAC,0.7900000214576721,False,0.0,0.0,0.0,0.4656757414340973,21,0,0.0,0.0,-0.0,183960,-0.0,0.0,-0.8148073554039001,0.0,0.0,0.0,0.0,78,3.3550366904690585,1.0,0.18604513744895274,0.0,0.0,0.0,-0.7898650765419006,CityLearnV3MADRLRewardFunction,masac_unified_comparable_v4,E1,-0.0,1907,13.966462243491241,1.0,0.13170577480990536,0.0,22
5,0.0,0.0,0.0,0.0,Building_11,10,MASAC,0.7900000214576721,False,0.0,0.0,0.0,0.4656757414340973,21,0,0.0,0.0,-0.0,183960,-0.0,0.0,-0.8151727318763733,0.0,0.0,0.0,0.0,57,3.3703083734412664,1.0,0.2567629194573352,0.0,0.0,0.0,-0.7898650765419006,CityLearnV3MADRLRewardFunction,masac_unified_comparable_v4,E1,-0.0,1907,13.966462243491241,1.0,0.13170577480990536,0.0,22
5,1.0,1.0,0.2,0.0,Building_12,11,MASAC,0.7900000214576721,False,0.0,0.0,0.0,0.4656757414340973,21,0,0.0,0.0,-0.0,183960,-0.0,0.0,-0.8227553367614746,0.0,0.0,0.0,0.0,57,3.318635392960081,1.0,0.25051630170721756,0.0,0.0,0.0,-0.7898650765419006,CityLearnV3MADRLRewardFunction,masac_unified_comparable_v4,E1,-0.0,1907,13.966462243491241,1.0,0.13170577480990536,0.0,22
13,0.0,0.0,0.0,0.0,Building_13,12,MASAC,0.7900000214576721,False,0.0,0.0,0.0,0.4656757414340973,21,0,0.0,0.0,-0.0,183960,-0.0,0.0,-0.726191520690918,0.0,0.0,0.0,0.0,113,3.354118899412657,1.0,0.12633207348068204,0.0,0.0,0.0,-0.7898650765419006,CityLearnV3MADRLRewardFunction,masac_unified_comparable_v4,E1,-0.0,1907,13.966462243491241,1.0,0.13170577480990536,0.0,22
6,0.0,0.0,0.0,0.0,Building_14,13,MASAC,0.7900000214576721,False,0.0,0.0,0.0,0.4656757414340973,21,0,0.0,0.0,-0.0,183960,-0.0,0.0,-0.727135956287384,0.0,0.0,0.0,0.0,64,3.3587142150083786,1.0,0.22537772729992867,0.0,0.0,0.0,-0.7898650765419006,CityLearnV3MADRLRewardFunction,masac_unified_comparable_v4,E1,-0.0,1907,13.966462243491241,1.0,0.13170577480990536,0.0,22
10,0.0,0.0,0.0,0.0,Building_15,14,MASAC,0.7900000214576721,False,0.0,0.0,0.0,0.4656757414340973,21,0,0.0,0.0,-0.0,183960,-0.0,0.0,-0.7852062582969666,0.0,0.0,0.0,0.0,92,3.418283644664885,1.0,0.16234904754420984,0.0,0.0,0.0,-0.7898650765419006,CityLearnV3MADRLRewardFunction,masac_unified_comparable_v4,E1,-0.0,1907,13.966462243491241,1.0,0.13170577480990536,0.0,22
13,0.0,0.0,0.0,0.0,Building_16,15,MASAC,0.7900000214576721,False,0.0,0.0,0.0,0.4656757414340973,21,0,0.0,0.0,-0.0,183960,-0.0,0.0,-0.8054848313331604,0.0,0.0,0.0,0.0,113,3.3354963790092933,1.0,0.12698775635356396,0.0,0.0,0.0,-0.7898650765419006,CityLearnV3MADRLRewardFunction,masac_unified_comparable_v4,E1,-0.0,1907,13.966462243491241,1.0,0.13170577480990536,0.0,22
13,0.0,0.0,0.0,0.0,Building_17,16,MASAC,0.7900000214576721,False,0.0,0.0,0.0,0.4656757414340973,21,0,0.0,0.0,-0.0,183960,-0.0,0.0,-0.7907902598381042,0.0,0.0,0.0,0.0,113,3.325512415723599,1.0,0.12660264362276127,0.0,0.0,0.0,-0.7898650765419006,CityLearnV3MADRLRewardFunction,masac_unified_comparable_v4,E1,-0.0,1907,13.966462243491241,1.0,0.13170577480990536,0.0,22
6,1.0,1.0,0.16666666666666666,0.0,Building_1,0,MASAC,0.7900000214576721,True,0.0,0.0,0.0,0.28695225715637207,21,8737,0.0,0.0,-0.0,192697,0.0,433.45458984375,-0.8425556421279907,172.66647338867188,342.42913818359375,433.45458984375,433.45458984375,64,3.2725146197867536,1.0,0.21763940004166216,0.0,0.0,0.0,-0.8061244487762451,CityLearnV3MADRLRewardFunction,masac_unified_comparable_v4,E1,-0.0,1907,13.844598473480278,1.0,0.1275596683332135,0.0,8759
8,0.0,0.0,0.0,0.0,Building_2,1,MASAC,0.7900000214576721,True,0.0,0.0,0.0,0.28695225715637207,21,8737,0.0,0.0,-0.0,192697,0.0,15.16435432434082,-0.7901341915130615,6.040714740753174,11.979840278625488,15.16435432434082,15.16435432434082,78,3.440640197745098,1.0,0.18829954348695585,0.0,0.0,0.0,-0.8061244487762451,CityLearnV3MADRLRewardFunction,masac_unified_comparable_v4,E1,-0.0,1907,13.844598473480278,1.0,0.1275596683332135,0.0,8759
10,0.0,0.0,0.0,0.0,Building_3,2,MASAC,0.7900000214576721,True,0.0,0.0,0.0,0.28695225715637207,21,8737,0.0,0.0,-0.0,192697,0.0,94.53981018066406,-0.838377058506012,37.65989685058594,74.68645477294922,94.53981018066406,94.53981018066406,92,3.3237031143405544,1.0,0.15166724594714848,0.0,0.0,0.0,-0.8061244487762451,CityLearnV3MADRLRewardFunction,masac_unified_comparable_v4,E1,-0.0,1907,13.844598473480278,1.0,0.1275596683332135,0.0,8759
8,0.0,0.0,0.0,0.0,Building_4,3,MASAC,0.7900000214576721,True,0.0,0.0,0.0,0.28695225715637207,21,8737,0.0,0.0,-0.0,192697,0.0,31.04317283630371,-0.8138578534126282,12.366035461425781,24.524106979370117,31.04317283630371,31.04317283630371,78,3.184499249721807,1.0,0.1690783098531075,0.0,0.0,0.0,-0.8061244487762451,CityLearnV3MADRLRewardFunction,masac_unified_comparable_v4,E1,-0.0,1907,13.844598473480278,1.0,0.1275596683332135,0.0,8759
5,0.0,0.0,0.0,0.0,Building_5,4,MASAC,0.7900000214576721,True,0.0,0.0,0.0,0.28695225715637207,21,8737,0.0,0.0,-0.0,192697,0.0,38.538970947265625,-0.8627471923828125,15.351984024047852,30.44578742980957,38.538970947265625,38.538970947265625,57,3.5720755159208615,1.0,0.28826039049186203,0.0,0.0,0.0,-0.8061244487762451,CityLearnV3MADRLRewardFunction,masac_unified_comparable_v4,E1,-0.0,1907,13.844598473480278,1.0,0.1275596683332135,0.0,8759
34,0.0,0.0,0.0,0.0,Building_6,5,MASAC,0.7900000214576721,True,0.0,0.0,0.0,0.28695225715637207,21,8737,0.0,0.0,-0.0,192697,0.0,362.8901062011719,-0.842557430267334,144.55712890625,286.6831970214844,362.8901062011719,362.8901062011719,260,3.321616734949054,1.0,0.053542585183794685,0.0,0.0,0.0,-0.8061244487762451,CityLearnV3MADRLRewardFunction,masac_unified_comparable_v4,E1,-0.0,1907,13.844598473480278,1.0,0.1275596683332135,0.0,8759
44,1.0,1.0,0.022727272727272728,0.0,Building_7,6,MASAC,0.7900000214576721,True,0.0,0.0,0.0,0.28695225715637207,21,8737,0.0,0.0,-0.0,192697,0.0,12.664111137390137,-0.781042754650116,5.044743537902832,10.004648208618164,12.664111137390137,12.664111137390137,330,3.3030672534340604,1.0,0.04227262554746686,0.0,0.0,0.0,-0.8061244487762451,CityLearnV3MADRLRewardFunction,masac_unified_comparable_v4,E1,-0.0,1907,13.844598473480278,1.0,0.1275596683332135,0.0,8759
19,0.0,0.0,0.0,0.0,Building_8,7,MASAC,0.7900000214576721,True,0.0,0.0,0.0,0.28695225715637207,21,8737,0.0,0.0,-0.0,192697,0.0,12.065996170043945,-0.7779892086982727,4.806484699249268,9.532136917114258,12.065996170043945,12.065996170043945,155,3.318986210304211,1.0,0.09068255900375305,0.0,0.0,0.0,-0.8061244487762451,CityLearnV3MADRLRewardFunction,masac_unified_comparable_v4,E1,-0.0,1907,13.844598473480278,1.0,0.1275596683332135,0.0,8759
12,0.0,0.0,0.0,0.0,Building_9,8,MASAC,0.7900000214576721,True,0.0,0.0,0.0,0.28695225715637207,21,8737,0.0,0.0,-0.0,192697,0.0,2.290161371231079,-0.7240614295005798,0.9122849106788635,1.8092275857925415,2.290161371231079,2.290161371231079,106,3.5568190982609065,1.0,0.15168464710971094,0.0,0.0,0.0,-0.8061244487762451,CityLearnV3MADRLRewardFunction,masac_unified_comparable_v4,E1,-0.0,1907,13.844598473480278,1.0,0.1275596683332135,0.0,8759
8,0.0,0.0,0.0,0.0,Building_10,9,MASAC,0.7900000214576721,True,0.0,0.0,0.0,0.28695225715637207,21,8737,0.0,0.0,-0.0,192697,0.0,51.649574279785156,-0.8319774270057678,20.574588775634766,40.803165435791016,51.649574279785156,51.649574279785156,78,3.379725639203865,1.0,0.1836219062216771,0.0,0.0,0.0,-0.8061244487762451,CityLearnV3MADRLRewardFunction,masac_unified_comparable_v4,E1,-0.0,1907,13.844598473480278,1.0,0.1275596683332135,0.0,8759
5,0.0,0.0,0.0,0.0,Building_11,10,MASAC,0.7900000214576721,True,0.0,0.0,0.0,0.28695225715637207,21,8737,0.0,0.0,-0.0,192697,0.0,71.54803466796875,-0.8363078236579895,28.501131057739258,56.52294921875,71.54803466796875,71.54803466796875,57,3.3886527367068653,1.0,0.2498865626229529,0.0,0.0,0.0,-0.8061244487762451,CityLearnV3MADRLRewardFunction,masac_unified_comparable_v4,E1,-0.0,1907,13.844598473480278,1.0,0.1275596683332135,0.0,8759
5,1.0,1.0,0.2,0.0,Building_12,11,MASAC,0.7900000214576721,True,0.0,0.0,0.0,0.28695225715637207,21,8737,0.0,0.0,-0.0,192697,0.0,215.11593627929688,-0.8411925435066223,85.69135284423828,169.94158935546875,215.11593627929688,215.11593627929688,57,3.266127197340437,1.0,0.24448675531567188,0.0,0.0,0.0,-0.8061244487762451,CityLearnV3MADRLRewardFunction,masac_unified_comparable_v4,E1,-0.0,1907,13.844598473480278,1.0,0.1275596683332135,0.0,8759
13,1.0,1.0,0.07692307692307693,0.0,Building_13,12,MASAC,0.7900000214576721,True,0.0,0.0,0.0,0.28695225715637207,21,8737,0.0,0.0,-0.0,192697,0.0,2.033022403717041,-0.7405319213867188,0.8098536729812622,1.6060876846313477,2.033022403717041,2.033022403717041,113,3.3818481599696577,1.0,0.12554732512320038,0.0,0.0,0.0,-0.8061244487762451,CityLearnV3MADRLRewardFunction,masac_unified_comparable_v4,E1,-0.0,1907,13.844598473480278,1.0,0.1275596683332135,0.0,8759
6,0.0,0.0,0.0,0.0,Building_14,13,MASAC,0.7900000214576721,True,0.0,0.0,0.0,0.28695225715637207,21,8737,0.0,0.0,-0.0,192697,0.0,2.6149511337280273,-0.7429448962211609,1.041664719581604,2.0658113956451416,2.6149511337280273,2.6149511337280273,64,3.311953377675637,1.0,0.21705191803630441,0.0,0.0,0.0,-0.8061244487762451,CityLearnV3MADRLRewardFunction,masac_unified_comparable_v4,E1,-0.0,1907,13.844598473480278,1.0,0.1275596683332135,0.0,8759
10,0.0,0.0,0.0,0.0,Building_15,14,MASAC,0.7900000214576721,True,0.0,0.0,0.0,0.28695225715637207,21,8737,0.0,0.0,-0.0,192697,0.0,19.521480560302734,-0.8013572096824646,7.776374340057373,15.42197036743164,19.521480560302734,19.521480560302734,92,3.467708526077107,1.0,0.16181800311998182,0.0,0.0,0.0,-0.8061244487762451,CityLearnV3MADRLRewardFunction,masac_unified_comparable_v4,E1,-0.0,1907,13.844598473480278,1.0,0.1275596683332135,0.0,8759
13,1.0,1.0,0.07692307692307693,0.0,Building_16,15,MASAC,0.7900000214576721,True,0.0,0.0,0.0,0.28695225715637207,21,8737,0.0,0.0,-0.0,192697,0.0,54.89390563964844,-0.8312731385231018,21.866966247558594,43.366188049316406,54.89390563964844,54.89390563964844,113,3.3134977384547577,1.0,0.12335695880176746,0.0,0.0,0.0,-0.8061244487762451,CityLearnV3MADRLRewardFunction,masac_unified_comparable_v4,E1,-0.0,1907,13.844598473480278,1.0,0.1275596683332135,0.0,8759
13,1.0,1.0,0.07692307692307693,0.0,Building_17,16,MASAC,0.7900000214576721,True,0.0,0.0,0.0,0.28695225715637207,21,8737,0.0,0.0,-0.0,192697,0.0,22.46647071838379,-0.8052077889442444,8.949509620666504,17.748512268066406,22.46647071838379,22.46647071838379,113,3.253377411251744,1.0,0.12084695321005003,0.0,0.0,0.0,-0.8061244487762451,CityLearnV3MADRLRewardFunction,masac_unified_comparable_v4,E1,-0.0,1907,13.844598473480278,1.0,0.1275596683332135,0.0,8759
6,1.0,1.0,0.16666666666666666,0.0,Building_1,0,MASAC,0.7900000214576721,False,0.0,0.0,0.0,0.28695225715637207,22,0,0.0,0.0,-0.0,192720,-0.0,0.0,-0.8345080018043518,0.0,0.0,0.0,0.0,64,3.4151454756999917,1.0,0.22439446987118572,-0.15608292818069458,0.0,0.0,-0.7938916087150574,CityLearnV3MADRLRewardFunction,masac_unified_comparable_v4,E1,-0.0,1907,13.930573891332765,1.0,0.12700766205443845,0.0,23
8,0.0,0.0,0.0,0.0,Building_2,1,MASAC,0.7900000214576721,False,0.0,0.0,0.0,0.28695225715637207,22,0,0.0,0.0,-0.0,192720,-0.0,0.0,-0.7799732089042664,0.0,0.0,0.0,0.0,78,3.386982809031684,1.0,0.17814438417553902,-0.15608292818069458,0.0,0.0,-0.7938916087150574,CityLearnV3MADRLRewardFunction,masac_unified_comparable_v4,E1,-0.0,1907,13.930573891332765,1.0,0.12700766205443845,0.0,23
10,0.0,0.0,0.0,0.0,Building_3,2,MASAC,0.7900000214576721,False,0.0,0.0,0.0,0.28695225715637207,22,0,0.0,0.0,-0.0,192720,-0.0,0.0,-0.8204106688499451,0.0,0.0,0.0,0.0,92,3.2982411531840525,1.0,0.1478038319265065,-0.15608292818069458,0.0,0.0,-0.7938916087150574,CityLearnV3MADRLRewardFunction,masac_unified_comparable_v4,E1,-0.0,1907,13.930573891332765,1.0,0.12700766205443845,0.0,23
8,0.0,0.0,0.0,0.0,Building_4,3,MASAC,0.7900000214576721,False,0.0,0.0,0.0,0.28695225715637207,22,0,0.0,0.0,-0.0,192720,-0.0,0.0,-0.8086063265800476,0.0,0.0,0.0,0.0,78,3.3065504067015854,1.0,0.1740354852607617,-0.15608292818069458,0.0,0.0,-0.7938916087150574,CityLearnV3MADRLRewardFunction,masac_unified_comparable_v4,E1,-0.0,1907,13.930573891332765,1.0,0.12700766205443845,0.0,23
5,0.0,0.0,0.0,0.0,Building_5,4,MASAC,0.7900000214576721,False,0.0,0.0,0.0,0.28695225715637207,22,0,0.0,0.0,-0.0,192720,-0.0,0.0,-0.8000726103782654,0.0,0.0,0.0,0.0,57,3.9231723646968324,1.0,0.33585050492955926,-0.15608292818069458,0.0,0.0,-0.7938916087150574,CityLearnV3MADRLRewardFunction,masac_unified_comparable_v4,E1,-0.0,1907,13.930573891332765,1.0,0.12700766205443845,0.0,23
34,0.0,0.0,0.0,0.0,Building_6,5,MASAC,0.7900000214576721,False,0.0,0.0,0.0,0.28695225715637207,22,0,0.0,0.0,-0.0,192720,-0.0,0.0,-0.829359769821167,0.0,0.0,0.0,0.0,260,3.265534899918222,1.0,0.05130751554209453,-0.15608292818069458,0.0,0.0,-0.7938916087150574,CityLearnV3MADRLRewardFunction,masac_unified_comparable_v4,E1,-0.0,1907,13.930573891332765,1.0,0.12700766205443845,0.0,23
44,1.0,1.0,0.022727272727272728,0.0,Building_7,6,MASAC,0.7900000214576721,False,0.0,0.0,0.0,0.28695225715637207,22,0,0.0,0.0,-0.0,192720,-0.0,0.0,-0.7727310061454773,0.0,0.0,0.0,0.0,330,3.3645588281332053,1.0,0.04204445677724752,-0.15608292818069458,0.0,0.0,-0.7938916087150574,CityLearnV3MADRLRewardFunction,masac_unified_comparable_v4,E1,-0.0,1907,13.930573891332765,1.0,0.12700766205443845,0.0,23
19,0.0,0.0,0.0,0.0,Building_8,7,MASAC,0.7900000214576721,False,0.0,0.0,0.0,0.28695225715637207,22,0,0.0,0.0,-0.0,192720,-0.0,0.0,-0.7717297673225403,0.0,0.0,0.0,0.0,155,3.4219693676493605,1.0,0.09100605802189919,-0.15608292818069458,0.0,0.0,-0.7938916087150574,CityLearnV3MADRLRewardFunction,masac_unified_comparable_v4,E1,-0.0,1907,13.930573891332765,1.0,0.12700766205443845,0.0,23
12,0.0,0.0,0.0,0.0,Building_9,8,MASAC,0.7900000214576721,False,0.0,0.0,0.0,0.28695225715637207,22,0,0.0,0.0,-0.0,192720,-0.0,0.0,-0.733481764793396,0.0,0.0,0.0,0.0,106,3.336001754179649,1.0,0.1282020739086394,-0.15608292818069458,0.0,0.0,-0.7938916087150574,CityLearnV3MADRLRewardFunction,masac_unified_comparable_v4,E1,-0.0,1907,13.930573891332765,1.0,0.12700766205443845,0.0,23
8,1.0,1.0,0.125,0.0,Building_10,9,MASAC,0.7900000214576721,False,0.0,0.0,0.0,0.28695225715637207,22,0,0.0,0.0,-0.0,192720,-0.0,0.0,-0.8185982704162598,0.0,0.0,0.0,0.0,78,3.340524027814951,1.0,0.17732816733993018,-0.15608292818069458,0.0,0.0,-0.7938916087150574,CityLearnV3MADRLRewardFunction,masac_unified_comparable_v4,E1,-0.0,1907,13.930573891332765,1.0,0.12700766205443845,0.0,23
5,0.0,0.0,0.0,0.0,Building_11,10,MASAC,0.7900000214576721,False,0.0,0.0,0.0,0.28695225715637207,22,0,0.0,0.0,-0.0,192720,-0.0,0.0,-0.8219926953315735,0.0,0.0,0.0,0.0,57,3.364066406070184,1.0,0.24526739708687129,-0.15608292818069458,0.0,0.0,-0.7938916087150574,CityLearnV3MADRLRewardFunction,masac_unified_comparable_v4,E1,-0.0,1907,13.930573891332765,1.0,0.12700766205443845,0.0,23
5,0.0,0.0,0.0,0.0,Building_12,11,MASAC,0.7900000214576721,False,0.0,0.0,0.0,0.28695225715637207,22,0,0.0,0.0,-0.0,192720,-0.0,0.0,-0.8318544626235962,0.0,0.0,0.0,0.0,57,3.314505742290199,1.0,0.23916159583288327,-0.15608292818069458,0.0,0.0,-0.7938916087150574,CityLearnV3MADRLRewardFunction,masac_unified_comparable_v4,E1,-0.0,1907,13.930573891332765,1.0,0.12700766205443845,0.0,23
13,0.0,0.0,0.0,0.0,Building_13,12,MASAC,0.7900000214576721,False,0.0,0.0,0.0,0.28695225715637207,22,0,0.0,0.0,-0.0,192720,-0.0,0.0,-0.7319165468215942,0.0,0.0,0.0,0.0,113,3.3695984704251196,1.0,0.12252788489635012,-0.15608292818069458,0.0,0.0,-0.7938916087150574,CityLearnV3MADRLRewardFunction,masac_unified_comparable_v4,E1,-0.0,1907,13.930573891332765,1.0,0.12700766205443845,0.0,23
6,0.0,0.0,0.0,0.0,Building_14,13,MASAC,0.7900000214576721,False,0.0,0.0,0.0,0.28695225715637207,22,0,0.0,0.0,-0.0,192720,-0.0,0.0,-0.7347097396850586,0.0,0.0,0.0,0.0,64,3.3217106856299616,1.0,0.2116012688493356,-0.15608292818069458,0.0,0.0,-0.7938916087150574,CityLearnV3MADRLRewardFunction,masac_unified_comparable_v4,E1,-0.0,1907,13.930573891332765,1.0,0.12700766205443845,0.0,23
10,0.0,0.0,0.0,0.0,Building_15,14,MASAC,0.7900000214576721,False,0.0,0.0,0.0,0.28695225715637207,22,0,0.0,0.0,-0.0,192720,-0.0,0.0,-0.7897298336029053,0.0,0.0,0.0,0.0,92,3.3719683636896534,1.0,0.15104645806486192,-0.15608292818069458,0.0,0.0,-0.7938916087150574,CityLearnV3MADRLRewardFunction,masac_unified_comparable_v4,E1,-0.0,1907,13.930573891332765,1.0,0.12700766205443845,0.0,23
13,0.0,0.0,0.0,0.0,Building_16,15,MASAC,0.7900000214576721,False,0.0,0.0,0.0,0.28695225715637207,22,0,0.0,0.0,-0.0,192720,-0.0,0.0,-0.8192891478538513,0.0,0.0,0.0,0.0,113,3.3294512466076522,1.0,0.12121067473054987,-0.15608292818069458,0.0,0.0,-0.7938916087150574,CityLearnV3MADRLRewardFunction,masac_unified_comparable_v4,E1,-0.0,1907,13.930573891332765,1.0,0.12700766205443845,0.0,23
13,0.0,0.0,0.0,0.0,Building_17,16,MASAC,0.7900000214576721,False,0.0,0.0,0.0,0.28695225715637207,22,0,0.0,0.0,-0.0,192720,-0.0,0.0,-0.7971935272216797,0.0,0.0,0.0,0.0,113,3.31799605680428,1.0,0.12072786471221299,-0.15608292818069458,0.0,0.0,-0.7938916087150574,CityLearnV3MADRLRewardFunction,masac_unified_comparable_v4,E1,-0.0,1907,13.930573891332765,1.0,0.12700766205443845,0.0,23
6,0.0,0.0,0.0,0.0,Building_1,0,MASAC,0.7900000214576721,True,0.0,0.0,0.0,0.5087285041809082,22,8736,0.0,0.0,-0.0,201456,0.0,446.8856201171875,-0.8408786058425903,295.8052062988281,353.0396423339844,446.8856201171875,446.8856201171875,64,3.522500337762048,1.0,0.2502799918875098,0.0,0.0,0.0,-0.8044759035110474,CityLearnV3MADRLRewardFunction,masac_unified_comparable_v4,E1,-0.0,1907,14.609704001924328,1.0,0.14377935421001117,0.0,8759
8,0.0,0.0,0.0,0.0,Building_2,1,MASAC,0.7900000214576721,True,0.0,0.0,0.0,0.5087285041809082,22,8736,0.0,0.0,-0.0,201456,0.0,5.618855953216553,-0.7543647885322571,3.719266653060913,4.438896179199219,5.618855953216553,5.618855953216553,78,3.482156983926695,1.0,0.19775976087802496,0.0,0.0,0.0,-0.8044759035110474,CityLearnV3MADRLRewardFunction,masac_unified_comparable_v4,E1,-0.0,1907,14.609704001924328,1.0,0.14377935421001117,0.0,8759
10,0.0,0.0,0.0,0.0,Building_3,2,MASAC,0.7900000214576721,True,0.0,0.0,0.0,0.5087285041809082,22,8736,0.0,0.0,-0.0,201456,0.0,98.17061614990234,-0.8327804803848267,64.98168182373047,77.5547866821289,98.17061614990234,98.17061614990234,92,3.4473904982204244,1.0,0.16851482248824576,0.0,0.0,0.0,-0.8044759035110474,CityLearnV3MADRLRewardFunction,masac_unified_comparable_v4,E1,-0.0,1907,14.609704001924328,1.0,0.14377935421001117,0.0,8759
8,0.0,0.0,0.0,0.0,Building_4,3,MASAC,0.7900000214576721,True,0.0,0.0,0.0,0.5087285041809082,22,8736,0.0,0.0,-0.0,201456,0.0,28.84416961669922,-0.8155335187911987,19.09270477294922,22.786893844604492,28.84416961669922,28.84416961669922,78,3.4703824120372317,1.0,0.20024368510796473,0.0,0.0,0.0,-0.8044759035110474,CityLearnV3MADRLRewardFunction,masac_unified_comparable_v4,E1,-0.0,1907,14.609704001924328,1.0,0.14377935421001117,0.0,8759
5,0.0,0.0,0.0,0.0,Building_5,4,MASAC,0.7900000214576721,True,0.0,0.0,0.0,0.5087285041809082,22,8736,0.0,0.0,-0.0,201456,0.0,37.89287567138672,-0.861488938331604,25.082279205322266,29.935373306274414,37.89287567138672,37.89287567138672,57,3.7574421179993305,1.0,0.3215155076039465,0.0,0.0,0.0,-0.8044759035110474,CityLearnV3MADRLRewardFunction,masac_unified_comparable_v4,E1,-0.0,1907,14.609704001924328,1.0,0.14377935421001117,0.0,8759
34,0.0,0.0,0.0,0.0,Building_6,5,MASAC,0.7900000214576721,True,0.0,0.0,0.0,0.5087285041809082,22,8736,0.0,0.0,-0.0,201456,0.0,350.8894348144531,-0.8401890993118286,232.26283264160156,277.2026672363281,350.8894348144531,350.8894348144531,260,3.4088659487132196,1.0,0.05877882631925436,0.0,0.0,0.0,-0.8044759035110474,CityLearnV3MADRLRewardFunction,masac_unified_comparable_v4,E1,-0.0,1907,14.609704001924328,1.0,0.14377935421001117,0.0,8759
44,1.0,1.0,0.022727272727272728,0.0,Building_7,6,MASAC,0.7900000214576721,True,0.0,0.0,0.0,0.5087285041809082,22,8736,0.0,0.0,-0.0,201456,0.0,18.66022491455078,-0.7987183332443237,12.35168743133545,14.741578102111816,18.66022491455078,18.66022491455078,330,3.548995403359852,1.0,0.04889060042121194,0.0,0.0,0.0,-0.8044759035110474,CityLearnV3MADRLRewardFunction,masac_unified_comparable_v4,E1,-0.0,1907,14.609704001924328,1.0,0.14377935421001117,0.0,8759
19,1.0,1.0,0.05263157894736842,0.0,Building_8,7,MASAC,0.7900000214576721,True,0.0,0.0,0.0,0.5087285041809082,22,8736,0.0,0.0,-0.0,201456,0.0,19.251495361328125,-0.7971755862236023,12.743064880371094,15.2086820602417,19.251495361328125,19.251495361328125,155,3.6087821792593697,1.0,0.10567396206240501,0.0,0.0,0.0,-0.8044759035110474,CityLearnV3MADRLRewardFunction,masac_unified_comparable_v4,E1,-0.0,1907,14.609704001924328,1.0,0.14377935421001117,0.0,8759
12,0.0,0.0,0.0,0.0,Building_9,8,MASAC,0.7900000214576721,True,0.0,0.0,0.0,0.5087285041809082,22,8736,0.0,0.0,-0.0,201456,0.0,2.4506425857543945,-0.7233829498291016,1.6221439838409424,1.9360077381134033,2.4506425857543945,2.4506425857543945,106,3.713885389097255,1.0,0.1683320310318245,0.0,0.0,0.0,-0.8044759035110474,CityLearnV3MADRLRewardFunction,masac_unified_comparable_v4,E1,-0.0,1907,14.609704001924328,1.0,0.14377935421001117,0.0,8759
8,0.0,0.0,0.0,0.0,Building_10,9,MASAC,0.7900000214576721,True,0.0,0.0,0.0,0.5087285041809082,22,8736,0.0,0.0,-0.0,201456,0.0,34.33414077758789,-0.8193569183349609,22.726659774780273,27.123971939086914,34.33414077758789,34.33414077758789,78,3.4876977159582423,1.0,0.201830741782219,0.0,0.0,0.0,-0.8044759035110474,CityLearnV3MADRLRewardFunction,masac_unified_comparable_v4,E1,-0.0,1907,14.609704001924328,1.0,0.14377935421001117,0.0,8759
5,0.0,0.0,0.0,0.0,Building_11,10,MASAC,0.7900000214576721,True,0.0,0.0,0.0,0.5087285041809082,22,8736,0.0,0.0,-0.0,201456,0.0,57.917564392089844,-0.8317753076553345,38.33713912963867,45.754878997802734,57.917564392089844,57.917564392089844,57,3.5708863824120813,1.0,0.2815046509106954,0.0,0.0,0.0,-0.8044759035110474,CityLearnV3MADRLRewardFunction,masac_unified_comparable_v4,E1,-0.0,1907,14.609704001924328,1.0,0.14377935421001117,0.0,8759
5,0.0,0.0,0.0,0.0,Building_12,11,MASAC,0.7900000214576721,True,0.0,0.0,0.0,0.5087285041809082,22,8736,0.0,0.0,-0.0,201456,0.0,182.6020965576172,-0.8347181677818298,120.86907196044922,144.2556610107422,182.6020965576172,182.6020965576172,57,3.4196136842373344,1.0,0.26845253873289676,0.0,0.0,0.0,-0.8044759035110474,CityLearnV3MADRLRewardFunction,masac_unified_comparable_v4,E1,-0.0,1907,14.609704001924328,1.0,0.14377935421001117,0.0,8759
13,1.0,0.0,-0.07692307692307693,-1.0,Building_13,12,MASAC,0.7900000214576721,True,0.0,0.0,0.0,0.5087285041809082,22,8736,0.0,0.0,-0.0,201456,0.0,2.789367437362671,-0.7428380846977234,1.8463547229766846,2.2036004066467285,2.789367437362671,2.789367437362671,113,3.5993105556902245,1.0,0.14299447478446287,0.0,0.0,0.0,-0.8044759035110474,CityLearnV3MADRLRewardFunction,masac_unified_comparable_v4,E1,-0.0,1907,14.609704001924328,1.0,0.14377935421001117,0.0,8759
6,0.0,0.0,0.0,0.0,Building_14,13,MASAC,0.7900000214576721,True,0.0,0.0,0.0,0.5087285041809082,22,8736,0.0,0.0,-0.0,201456,0.0,2.485826015472412,-0.7414422631263733,1.6454328298568726,1.9638025760650635,2.485826015472412,2.485826015472412,64,3.5758020668933805,1.0,0.25082090543583035,0.0,0.0,0.0,-0.8044759035110474,CityLearnV3MADRLRewardFunction,masac_unified_comparable_v4,E1,-0.0,1907,14.609704001924328,1.0,0.14377935421001117,0.0,8759
10,0.0,0.0,0.0,0.0,Building_15,14,MASAC,0.7900000214576721,True,0.0,0.0,0.0,0.5087285041809082,22,8736,0.0,0.0,-0.0,201456,0.0,20.5941162109375,-0.8026520013809204,13.631780624389648,16.269351959228516,20.5941162109375,20.5941162109375,92,3.6012051198032817,1.0,0.17978011136469635,0.0,0.0,0.0,-0.8044759035110474,CityLearnV3MADRLRewardFunction,masac_unified_comparable_v4,E1,-0.0,1907,14.609704001924328,1.0,0.14377935421001117,0.0,8759
13,1.0,1.0,0.07692307692307693,0.0,Building_16,15,MASAC,0.7900000214576721,True,0.0,0.0,0.0,0.5087285041809082,22,8736,0.0,0.0,-0.0,201456,0.0,103.13050842285156,-0.8378214836120605,68.26476287841797,81.47310638427734,103.13050842285156,103.13050842285156,113,3.572615022640779,1.0,0.14451440219330577,0.0,0.0,0.0,-0.8044759035110474,CityLearnV3MADRLRewardFunction,masac_unified_comparable_v4,E1,-0.0,1907,14.609704001924328,1.0,0.14377935421001117,0.0,8759
13,1.0,1.0,0.07692307692307693,0.0,Building_17,16,MASAC,0.7900000214576721,True,0.0,0.0,0.0,0.5087285041809082,22,8736,0.0,0.0,-0.0,201456,0.0,21.1981143951416,-0.8009743690490723,14.031582832336426,16.746511459350586,21.1981143951416,21.1981143951416,113,3.427671749776217,1.0,0.13703602882085647,0.0,0.0,0.0,-0.8044759035110474,CityLearnV3MADRLRewardFunction,masac_unified_comparable_v4,E1,-0.0,1907,14.609704001924328,1.0,0.14377935421001117,0.0,8759
6,0.0,0.0,0.0,0.0,Building_1,0,MASAC,0.7900000214576721,False,0.0,0.0,0.0,0.39711645245552063,23,0,0.0,0.0,-0.0,201480,-0.0,0.0,-0.5494993329048157,0.0,0.0,0.0,0.0,64,3.399947121501272,1.0,0.23232329500024207,0.0,0.0,0.0,-0.4925156235694885,CityLearnV3MADRLRewardFunction,masac_unified_comparable_v4,E1,-0.0,1907,14.51904259128735,1.0,0.1365605647239578,0.0,1
8,0.0,0.0,0.0,0.0,Building_2,1,MASAC,0.7900000214576721,False,0.0,0.0,0.0,0.39711645245552063,23,0,0.0,0.0,-0.0,201480,-0.0,0.0,-0.4413459599018097,0.0,0.0,0.0,0.0,78,3.530972767129449,1.0,0.19426156773876685,0.0,0.0,0.0,-0.4925156235694885,CityLearnV3MADRLRewardFunction,masac_unified_comparable_v4,E1,-0.0,1907,14.51904259128735,1.0,0.1365605647239578,0.0,1
10,0.0,0.0,0.0,0.0,Building_3,2,MASAC,0.7900000214576721,False,0.0,0.0,0.0,0.39711645245552063,23,0,0.0,0.0,-0.0,201480,-0.0,0.0,-0.5154462456703186,0.0,0.0,0.0,0.0,92,3.595184511317292,1.0,0.1728648382401013,0.0,0.0,0.0,-0.4925156235694885,CityLearnV3MADRLRewardFunction,masac_unified_comparable_v4,E1,-0.0,1907,14.51904259128735,1.0,0.1365605647239578,0.0,1
8,0.0,0.0,0.0,0.0,Building_4,3,MASAC,0.7900000214576721,False,0.0,0.0,0.0,0.39711645245552063,23,0,0.0,0.0,-0.0,201480,-0.0,0.0,-0.5052692294120789,0.0,0.0,0.0,0.0,78,3.4599095937337703,1.0,0.19043285115502584,0.0,0.0,0.0,-0.4925156235694885,CityLearnV3MADRLRewardFunction,masac_unified_comparable_v4,E1,-0.0,1907,14.51904259128735,1.0,0.1365605647239578,0.0,1
5,0.0,0.0,0.0,0.0,Building_5,4,MASAC,0.7900000214576721,False,0.0,0.0,0.0,0.39711645245552063,23,0,0.0,0.0,-0.0,201480,-0.0,0.0,-0.5317111015319824,0.0,0.0,0.0,0.0,57,3.5373607559917155,1.0,0.2738490780782804,0.0,0.0,0.0,-0.4925156235694885,CityLearnV3MADRLRewardFunction,masac_unified_comparable_v4,E1,-0.0,1907,14.51904259128735,1.0,0.1365605647239578,0.0,1
34,1.0,1.0,0.029411764705882353,0.0,Building_6,5,MASAC,0.7900000214576721,False,0.0,0.0,0.0,0.39711645245552063,23,0,0.0,0.0,-0.0,201480,-0.0,0.0,-0.5465103387832642,0.0,0.0,0.0,0.0,260,3.446708557887374,1.0,0.057251454810970104,0.0,0.0,0.0,-0.4925156235694885,CityLearnV3MADRLRewardFunction,masac_unified_comparable_v4,E1,-0.0,1907,14.51904259128735,1.0,0.1365605647239578,0.0,1
44,0.0,0.0,0.0,0.0,Building_7,6,MASAC,0.7900000214576721,False,0.0,0.0,0.0,0.39711645245552063,23,0,0.0,0.0,-0.0,201480,-0.0,0.0,-0.44820865988731384,0.0,0.0,0.0,0.0,330,3.511104933560661,1.0,0.04572345136354367,0.0,0.0,0.0,-0.4925156235694885,CityLearnV3MADRLRewardFunction,masac_unified_comparable_v4,E1,-0.0,1907,14.51904259128735,1.0,0.1365605647239578,0.0,1
19,0.0,0.0,0.0,0.0,Building_8,7,MASAC,0.7900000214576721,False,0.0,0.0,0.0,0.39711645245552063,23,0,0.0,0.0,-0.0,201480,-0.0,0.0,-0.4430450201034546,0.0,0.0,0.0,0.0,155,3.529797331867745,1.0,0.09781620388309802,0.0,0.0,0.0,-0.4925156235694885,CityLearnV3MADRLRewardFunction,masac_unified_comparable_v4,E1,-0.0,1907,14.51904259128735,1.0,0.1365605647239578,0.0,1
12,0.0,0.0,0.0,0.0,Building_9,8,MASAC,0.7900000214576721,False,0.0,0.0,0.0,0.39711645245552063,23,0,0.0,0.0,-0.0,201480,-0.0,0.0,-0.45133042335510254,0.0,0.0,0.0,0.0,106,3.6406126405888504,1.0,0.15179483432603894,0.0,0.0,0.0,-0.4925156235694885,CityLearnV3MADRLRewardFunction,masac_unified_comparable_v4,E1,-0.0,1907,14.51904259128735,1.0,0.1365605647239578,0.0,1
8,0.0,0.0,0.0,0.0,Building_10,9,MASAC,0.7900000214576721,False,0.0,0.0,0.0,0.39711645245552063,23,0,0.0,0.0,-0.0,201480,-0.0,0.0,-0.5194079279899597,0.0,0.0,0.0,0.0,78,3.4879012296061043,1.0,0.1926768557049143,0.0,0.0,0.0,-0.4925156235694885,CityLearnV3MADRLRewardFunction,masac_unified_comparable_v4,E1,-0.0,1907,14.51904259128735,1.0,0.1365605647239578,0.0,1
5,0.0,0.0,0.0,0.0,Building_11,10,MASAC,0.7900000214576721,False,0.0,0.0,0.0,0.39711645245552063,23,0,0.0,0.0,-0.0,201480,-0.0,0.0,-0.5361932516098022,0.0,0.0,0.0,0.0,57,3.6190027730143046,1.0,0.28072351599602324,0.0,0.0,0.0,-0.4925156235694885,CityLearnV3MADRLRewardFunction,masac_unified_comparable_v4,E1,-0.0,1907,14.51904259128735,1.0,0.1365605647239578,0.0,1
5,0.0,0.0,0.0,0.0,Building_12,11,MASAC,0.7900000214576721,False,0.0,0.0,0.0,0.39711645245552063,23,0,0.0,0.0,-0.0,201480,-0.0,0.0,-0.5454437732696533,0.0,0.0,0.0,0.0,57,3.5772085401377147,1.0,0.27765777514299805,0.0,0.0,0.0,-0.4925156235694885,CityLearnV3MADRLRewardFunction,masac_unified_comparable_v4,E1,-0.0,1907,14.51904259128735,1.0,0.1365605647239578,0.0,1
13,0.0,0.0,0.0,0.0,Building_13,12,MASAC,0.7900000214576721,False,0.0,0.0,0.0,0.39711645245552063,23,0,0.0,0.0,-0.0,201480,-0.0,0.0,-0.4437367618083954,0.0,0.0,0.0,0.0,113,3.5178147076479815,1.0,0.13379122516288694,0.0,0.0,0.0,-0.4925156235694885,CityLearnV3MADRLRewardFunction,masac_unified_comparable_v4,E1,-0.0,1907,14.51904259128735,1.0,0.1365605647239578,0.0,1
6,0.0,0.0,0.0,0.0,Building_14,13,MASAC,0.7900000214576721,False,0.0,0.0,0.0,0.39711645245552063,23,0,0.0,0.0,-0.0,201480,-0.0,0.0,-0.4468543827533722,0.0,0.0,0.0,0.0,64,3.4945148124651526,1.0,0.23472238521208055,0.0,0.0,0.0,-0.4925156235694885,CityLearnV3MADRLRewardFunction,masac_unified_comparable_v4,E1,-0.0,1907,14.51904259128735,1.0,0.1365605647239578,0.0,1
10,1.0,1.0,0.1,0.0,Building_15,14,MASAC,0.7900000214576721,False,0.0,0.0,0.0,0.39711645245552063,23,0,0.0,0.0,-0.0,201480,-0.0,0.0,-0.4509211480617523,0.0,0.0,0.0,0.0,92,3.533428896026317,1.0,0.1655962839115249,0.0,0.0,0.0,-0.4925156235694885,CityLearnV3MADRLRewardFunction,masac_unified_comparable_v4,E1,-0.0,1907,14.51904259128735,1.0,0.1365605647239578,0.0,1
13,0.0,0.0,0.0,0.0,Building_16,15,MASAC,0.7900000214576721,False,0.0,0.0,0.0,0.39711645245552063,23,0,0.0,0.0,-0.0,201480,-0.0,0.0,-0.5336475968360901,0.0,0.0,0.0,0.0,113,3.4239601574799527,1.0,0.1302925614821436,0.0,0.0,0.0,-0.4925156235694885,CityLearnV3MADRLRewardFunction,masac_unified_comparable_v4,E1,-0.0,1907,14.51904259128735,1.0,0.1365605647239578,0.0,1
13,1.0,0.0,-0.07692307692307693,-1.0,Building_17,16,MASAC,0.7900000214576721,False,0.0,0.0,0.0,0.39711645245552063,23,0,0.0,0.0,-0.0,201480,-0.0,0.0,-0.46419456601142883,0.0,0.0,0.0,0.0,113,3.548298200180829,1.0,0.14028504921073934,0.0,0.0,0.0,-0.4925156235694885,CityLearnV3MADRLRewardFunction,masac_unified_comparable_v4,E1,-0.0,1907,14.51904259128735,1.0,0.1365605647239578,0.0,1
6,1.0,1.0,0.16666666666666666,0.0,Building_1,0,MASAC,0.7900000214576721,True,0.0,0.0,0.0,0.28695225715637207,23,8758,0.0,0.0,-0.0,210238,0.0,433.45458984375,-0.8381373882293701,172.66647338867188,342.42913818359375,433.45458984375,433.45458984375,64,3.2666332708388377,1.0,0.21726017852779478,0.0,0.0,0.0,-0.7998155951499939,CityLearnV3MADRLRewardFunction,masac_unified_comparable_v4,E1,-0.0,1907,13.760260365440049,1.0,0.12662351453177706,0.0,8759
8,0.0,0.0,0.0,0.0,Building_2,1,MASAC,0.7900000214576721,True,0.0,0.0,0.0,0.28695225715637207,23,8758,0.0,0.0,-0.0,210238,0.0,15.16435432434082,-0.7851654887199402,6.040714740753174,11.979840278625488,15.16435432434082,15.16435432434082,78,3.4019888194082206,1.0,0.18646481470801893,0.0,0.0,0.0,-0.7998155951499939,CityLearnV3MADRLRewardFunction,masac_unified_comparable_v4,E1,-0.0,1907,13.760260365440049,1.0,0.12662351453177706,0.0,8759
10,0.0,0.0,0.0,0.0,Building_3,2,MASAC,0.7900000214576721,True,0.0,0.0,0.0,0.28695225715637207,23,8758,0.0,0.0,-0.0,210238,0.0,94.53981018066406,-0.8222081661224365,37.65989685058594,74.68645477294922,94.53981018066406,94.53981018066406,92,3.1965110934075236,1.0,0.14378516027784866,0.0,0.0,0.0,-0.7998155951499939,CityLearnV3MADRLRewardFunction,masac_unified_comparable_v4,E1,-0.0,1907,13.760260365440049,1.0,0.12662351453177706,0.0,8759
8,0.0,0.0,0.0,0.0,Building_4,3,MASAC,0.7900000214576721,True,0.0,0.0,0.0,0.28695225715637207,23,8758,0.0,0.0,-0.0,210238,0.0,31.04317283630371,-0.8137833476066589,12.366035461425781,24.524106979370117,31.04317283630371,31.04317283630371,78,3.270847151711238,1.0,0.1761959923956639,0.0,0.0,0.0,-0.7998155951499939,CityLearnV3MADRLRewardFunction,masac_unified_comparable_v4,E1,-0.0,1907,13.760260365440049,1.0,0.12662351453177706,0.0,8759
5,0.0,0.0,0.0,0.0,Building_5,4,MASAC,0.7900000214576721,True,0.0,0.0,0.0,0.28695225715637207,23,8758,0.0,0.0,-0.0,210238,0.0,38.538970947265625,-0.8512526154518127,15.351984024047852,30.44578742980957,38.538970947265625,38.538970947265625,57,3.4370548276444413,1.0,0.27476077526807785,0.0,0.0,0.0,-0.7998155951499939,CityLearnV3MADRLRewardFunction,masac_unified_comparable_v4,E1,-0.0,1907,13.760260365440049,1.0,0.12662351453177706,0.0,8759
34,0.0,0.0,0.0,0.0,Building_6,5,MASAC,0.7900000214576721,True,0.0,0.0,0.0,0.28695225715637207,23,8758,0.0,0.0,-0.0,210238,0.0,362.8901062011719,-0.8373696804046631,144.55712890625,286.6831970214844,362.8901062011719,362.8901062011719,260,3.1994735894759208,1.0,0.05140307221848231,0.0,0.0,0.0,-0.7998155951499939,CityLearnV3MADRLRewardFunction,masac_unified_comparable_v4,E1,-0.0,1907,13.760260365440049,1.0,0.12662351453177706,0.0,8759
44,0.0,0.0,0.0,0.0,Building_7,6,MASAC,0.7900000214576721,True,0.0,0.0,0.0,0.28695225715637207,23,8758,0.0,0.0,-0.0,210238,0.0,12.664111137390137,-0.7777579426765442,5.044743537902832,10.004648208618164,12.664111137390137,12.664111137390137,330,3.3798003297975696,1.0,0.0433185389547637,0.0,0.0,0.0,-0.7998155951499939,CityLearnV3MADRLRewardFunction,masac_unified_comparable_v4,E1,-0.0,1907,13.760260365440049,1.0,0.12662351453177706,0.0,8759
19,0.0,0.0,0.0,0.0,Building_8,7,MASAC,0.7900000214576721,True,0.0,0.0,0.0,0.28695225715637207,23,8758,0.0,0.0,-0.0,210238,0.0,12.065996170043945,-0.7752856612205505,4.806484699249268,9.532136917114258,12.065996170043945,12.065996170043945,155,3.397061435195797,1.0,0.09419150539944249,0.0,0.0,0.0,-0.7998155951499939,CityLearnV3MADRLRewardFunction,masac_unified_comparable_v4,E1,-0.0,1907,13.760260365440049,1.0,0.12662351453177706,0.0,8759
12,0.0,0.0,0.0,0.0,Building_9,8,MASAC,0.7900000214576721,True,0.0,0.0,0.0,0.28695225715637207,23,8758,0.0,0.0,-0.0,210238,0.0,2.290161371231079,-0.7197784781455994,0.9122849106788635,1.8092275857925415,2.290161371231079,2.290161371231079,106,3.5990141285336925,1.0,0.15377637315190062,0.0,0.0,0.0,-0.7998155951499939,CityLearnV3MADRLRewardFunction,masac_unified_comparable_v4,E1,-0.0,1907,13.760260365440049,1.0,0.12662351453177706,0.0,8759
8,1.0,1.0,0.125,0.0,Building_10,9,MASAC,0.7900000214576721,True,0.0,0.0,0.0,0.28695225715637207,23,8758,0.0,0.0,-0.0,210238,0.0,51.649574279785156,-0.8252242803573608,20.574588775634766,40.803165435791016,51.649574279785156,51.649574279785156,78,3.3184780215732608,1.0,0.1806233386771801,0.0,0.0,0.0,-0.7998155951499939,CityLearnV3MADRLRewardFunction,masac_unified_comparable_v4,E1,-0.0,1907,13.760260365440049,1.0,0.12662351453177706,0.0,8759
5,0.0,0.0,0.0,0.0,Building_11,10,MASAC,0.7900000214576721,True,0.0,0.0,0.0,0.28695225715637207,23,8758,0.0,0.0,-0.0,210238,0.0,71.54803466796875,-0.8208469152450562,28.501131057739258,56.52294921875,71.54803466796875,71.54803466796875,57,3.244844439035724,1.0,0.23607153373590686,0.0,0.0,0.0,-0.7998155951499939,CityLearnV3MADRLRewardFunction,masac_unified_comparable_v4,E1,-0.0,1907,13.760260365440049,1.0,0.12662351453177706,0.0,8759
5,0.0,0.0,0.0,0.0,Building_12,11,MASAC,0.7900000214576721,True,0.0,0.0,0.0,0.28695225715637207,23,8758,0.0,0.0,-0.0,210238,0.0,215.11593627929688,-0.8365137577056885,85.69135284423828,169.94158935546875,215.11593627929688,215.11593627929688,57,3.259770329856273,1.0,0.2438935040120493,0.0,0.0,0.0,-0.7998155951499939,CityLearnV3MADRLRewardFunction,masac_unified_comparable_v4,E1,-0.0,1907,13.760260365440049,1.0,0.12662351453177706,0.0,8759
13,0.0,0.0,0.0,0.0,Building_13,12,MASAC,0.7900000214576721,True,0.0,0.0,0.0,0.28695225715637207,23,8758,0.0,0.0,-0.0,210238,0.0,2.033022403717041,-0.7361398935317993,0.8098536729812622,1.6060876846313477,2.033022403717041,2.033022403717041,113,3.394494041435643,1.0,0.12594851185526468,0.0,0.0,0.0,-0.7998155951499939,CityLearnV3MADRLRewardFunction,masac_unified_comparable_v4,E1,-0.0,1907,13.760260365440049,1.0,0.12662351453177706,0.0,8759
6,0.0,0.0,0.0,0.0,Building_14,13,MASAC,0.7900000214576721,True,0.0,0.0,0.0,0.28695225715637207,23,8758,0.0,0.0,-0.0,210238,0.0,2.6149511337280273,-0.7385531663894653,1.041664719581604,2.0658113956451416,2.6149511337280273,2.6149511337280273,64,3.3199749565388705,1.0,0.21760896814521402,0.0,0.0,0.0,-0.7998155951499939,CityLearnV3MADRLRewardFunction,masac_unified_comparable_v4,E1,-0.0,1907,13.760260365440049,1.0,0.12662351453177706,0.0,8759
10,0.0,0.0,0.0,0.0,Building_15,14,MASAC,0.7900000214576721,True,0.0,0.0,0.0,0.28695225715637207,23,8758,0.0,0.0,-0.0,210238,0.0,19.521480560302734,-0.7967404723167419,7.776374340057373,15.42197036743164,19.521480560302734,19.521480560302734,92,3.455999208148652,1.0,0.1613678435754517,0.0,0.0,0.0,-0.7998155951499939,CityLearnV3MADRLRewardFunction,masac_unified_comparable_v4,E1,-0.0,1907,13.760260365440049,1.0,0.12662351453177706,0.0,8759
13,0.0,0.0,0.0,0.0,Building_16,15,MASAC,0.7900000214576721,True,0.0,0.0,0.0,0.28695225715637207,23,8758,0.0,0.0,-0.0,210238,0.0,54.89390563964844,-0.8190701007843018,21.866966247558594,43.366188049316406,54.89390563964844,54.89390563964844,113,3.215082643408114,1.0,0.11788734266188293,0.0,0.0,0.0,-0.7998155951499939,CityLearnV3MADRLRewardFunction,masac_unified_comparable_v4,E1,-0.0,1907,13.760260365440049,1.0,0.12662351453177706,0.0,8759
13,0.0,0.0,0.0,0.0,Building_17,16,MASAC,0.7900000214576721,True,0.0,0.0,0.0,0.28695225715637207,23,8758,0.0,0.0,-0.0,210238,0.0,22.46647071838379,-0.803037703037262,8.949509620666504,17.748512268066406,22.46647071838379,22.46647071838379,113,3.3504236829385627,1.0,0.12439343959620569,0.0,0.0,0.0,-0.7998155951499939,CityLearnV3MADRLRewardFunction,masac_unified_comparable_v4,E1,-0.0,1907,13.760260365440049,1.0,0.12662351453177706,0.0,8759
6,0.0,0.0,0.0,0.0,Building_1,0,MASAC,0.7900000214576721,False,0.0,0.0,0.0,0.37446051836013794,24,0,0.0,0.0,-0.0,210240,-0.0,0.0,-0.8082830309867859,0.0,0.0,0.0,0.0,64,3.3083174208178527,1.0,0.21762845574994572,-0.014203501865267754,0.0,0.0,-0.7570385336875916,CityLearnV3MADRLRewardFunction,masac_unified_comparable_v4,E1,-0.0,1907,14.150581308896948,1.0,0.12829975842429384,0.0,2
8,0.0,0.0,0.0,0.0,Building_2,1,MASAC,0.7900000214576721,False,0.0,0.0,0.0,0.37446051836013794,24,0,0.0,0.0,-0.0,210240,-0.0,0.0,-0.7027477025985718,0.0,0.0,0.0,0.0,78,3.4325377540178703,1.0,0.18127813479170585,-0.014203501865267754,0.0,0.0,-0.7570385336875916,CityLearnV3MADRLRewardFunction,masac_unified_comparable_v4,E1,-0.0,1907,14.150581308896948,1.0,0.12829975842429384,0.0,2
10,0.0,0.0,0.0,0.0,Building_3,2,MASAC,0.7900000214576721,False,0.0,0.0,0.0,0.37446051836013794,24,0,0.0,0.0,-0.0,210240,-0.0,0.0,-0.795833170413971,0.0,0.0,0.0,0.0,92,3.506029493384133,1.0,0.16215225124893629,-0.014203501865267754,0.0,0.0,-0.7570385336875916,CityLearnV3MADRLRewardFunction,masac_unified_comparable_v4,E1,-0.0,1907,14.150581308896948,1.0,0.12829975842429384,0.0,2
8,0.0,0.0,0.0,0.0,Building_4,3,MASAC,0.7900000214576721,False,0.0,0.0,0.0,0.37446051836013794,24,0,0.0,0.0,-0.0,210240,-0.0,0.0,-0.7499340772628784,0.0,0.0,0.0,0.0,78,3.3607638378967226,1.0,0.1775727963839204,-0.014203501865267754,0.0,0.0,-0.7570385336875916,CityLearnV3MADRLRewardFunction,masac_unified_comparable_v4,E1,-0.0,1907,14.150581308896948,1.0,0.12829975842429384,0.0,2
5,0.0,0.0,0.0,0.0,Building_5,4,MASAC,0.7900000214576721,False,0.0,0.0,0.0,0.37446051836013794,24,0,0.0,0.0,-0.0,210240,-0.0,0.0,-0.7861567735671997,0.0,0.0,0.0,0.0,57,3.44371915161523,1.0,0.25621212904521246,-0.014203501865267754,0.0,0.0,-0.7570385336875916,CityLearnV3MADRLRewardFunction,masac_unified_comparable_v4,E1,-0.0,1907,14.150581308896948,1.0,0.12829975842429384,0.0,2
34,0.0,0.0,0.0,0.0,Building_6,5,MASAC,0.7900000214576721,False,0.0,0.0,0.0,0.37446051836013794,24,0,0.0,0.0,-0.0,210240,-0.0,0.0,-0.8034464120864868,0.0,0.0,0.0,0.0,260,3.3461560003735293,1.0,0.05334266774499646,-0.014203501865267754,0.0,0.0,-0.7570385336875916,CityLearnV3MADRLRewardFunction,masac_unified_comparable_v4,E1,-0.0,1907,14.150581308896948,1.0,0.12829975842429384,0.0,2
44,1.0,1.0,0.022727272727272728,0.0,Building_7,6,MASAC,0.7900000214576721,False,0.0,0.0,0.0,0.37446051836013794,24,0,0.0,0.0,-0.0,210240,-0.0,0.0,-0.7249701023101807,0.0,0.0,0.0,0.0,330,3.4138499834020717,1.0,0.04283086793553648,-0.014203501865267754,0.0,0.0,-0.7570385336875916,CityLearnV3MADRLRewardFunction,masac_unified_comparable_v4,E1,-0.0,1907,14.150581308896948,1.0,0.12829975842429384,0.0,2
19,0.0,0.0,0.0,0.0,Building_8,7,MASAC,0.7900000214576721,False,0.0,0.0,0.0,0.37446051836013794,24,0,0.0,0.0,-0.0,210240,-0.0,0.0,-0.7033467292785645,0.0,0.0,0.0,0.0,155,3.4325837603285576,1.0,0.09130838206939158,-0.014203501865267754,0.0,0.0,-0.7570385336875916,CityLearnV3MADRLRewardFunction,masac_unified_comparable_v4,E1,-0.0,1907,14.150581308896948,1.0,0.12829975842429384,0.0,2
12,0.0,0.0,0.0,0.0,Building_9,8,MASAC,0.7900000214576721,False,0.0,0.0,0.0,0.37446051836013794,24,0,0.0,0.0,-0.0,210240,-0.0,0.0,-0.7102617621421814,0.0,0.0,0.0,0.0,106,3.558036506108788,1.0,0.14452830626506288,-0.014203501865267754,0.0,0.0,-0.7570385336875916,CityLearnV3MADRLRewardFunction,masac_unified_comparable_v4,E1,-0.0,1907,14.150581308896948,1.0,0.12829975842429384,0.0,2
8,0.0,0.0,0.0,0.0,Building_10,9,MASAC,0.7900000214576721,False,0.0,0.0,0.0,0.37446051836013794,24,0,0.0,0.0,-0.0,210240,-0.0,0.0,-0.787641704082489,0.0,0.0,0.0,0.0,78,3.388978296627166,1.0,0.18063215226030502,-0.014203501865267754,0.0,0.0,-0.7570385336875916,CityLearnV3MADRLRewardFunction,masac_unified_comparable_v4,E1,-0.0,1907,14.150581308896948,1.0,0.12829975842429384,0.0,2
5,0.0,0.0,0.0,0.0,Building_11,10,MASAC,0.7900000214576721,False,0.0,0.0,0.0,0.37446051836013794,24,0,0.0,0.0,-0.0,210240,-0.0,0.0,-0.7959738373756409,0.0,0.0,0.0,0.0,57,3.5302026619987257,1.0,0.26353120506463346,-0.014203501865267754,0.0,0.0,-0.7570385336875916,CityLearnV3MADRLRewardFunction,masac_unified_comparable_v4,E1,-0.0,1907,14.150581308896948,1.0,0.12829975842429384,0.0,2
5,1.0,1.0,0.2,0.0,Building_12,11,MASAC,0.7900000214576721,False,0.0,0.0,0.0,0.37446051836013794,24,0,0.0,0.0,-0.0,210240,-0.0,0.0,-0.8062407970428467,0.0,0.0,0.0,0.0,57,3.5332972507747176,1.0,0.2690532355520286,-0.014203501865267754,0.0,0.0,-0.7570385336875916,CityLearnV3MADRLRewardFunction,masac_unified_comparable_v4,E1,-0.0,1907,14.150581308896948,1.0,0.12829975842429384,0.0,2
13,1.0,1.0,0.07692307692307693,0.0,Building_13,12,MASAC,0.7900000214576721,False,0.0,0.0,0.0,0.37446051836013794,24,0,0.0,0.0,-0.0,210240,-0.0,0.0,-0.7026222944259644,0.0,0.0,0.0,0.0,113,3.4185478020061364,1.0,0.12480057316082241,-0.014203501865267754,0.0,0.0,-0.7570385336875916,CityLearnV3MADRLRewardFunction,masac_unified_comparable_v4,E1,-0.0,1907,14.150581308896948,1.0,0.12829975842429384,0.0,2
6,0.0,0.0,0.0,0.0,Building_14,13,MASAC,0.7900000214576721,False,0.0,0.0,0.0,0.37446051836013794,24,0,0.0,0.0,-0.0,210240,-0.0,0.0,-0.7063444256782532,0.0,0.0,0.0,0.0,64,3.4027259204704277,1.0,0.21942471110378392,-0.014203501865267754,0.0,0.0,-0.7570385336875916,CityLearnV3MADRLRewardFunction,masac_unified_comparable_v4,E1,-0.0,1907,14.150581308896948,1.0,0.12829975842429384,0.0,2
10,0.0,0.0,0.0,0.0,Building_15,14,MASAC,0.7900000214576721,False,0.0,0.0,0.0,0.37446051836013794,24,0,0.0,0.0,-0.0,210240,-0.0,0.0,-0.7258533239364624,0.0,0.0,0.0,0.0,92,3.4385082848178,1.0,0.1557649153932605,-0.014203501865267754,0.0,0.0,-0.7570385336875916,CityLearnV3MADRLRewardFunction,masac_unified_comparable_v4,E1,-0.0,1907,14.150581308896948,1.0,0.12829975842429384,0.0,2
13,1.0,1.0,0.07692307692307693,0.0,Building_16,15,MASAC,0.7900000214576721,False,0.0,0.0,0.0,0.37446051836013794,24,0,0.0,0.0,-0.0,210240,-0.0,0.0,-0.787373960018158,0.0,0.0,0.0,0.0,113,3.3238347959412256,1.0,0.12133696386837854,-0.014203501865267754,0.0,0.0,-0.7570385336875916,CityLearnV3MADRLRewardFunction,masac_unified_comparable_v4,E1,-0.0,1907,14.150581308896948,1.0,0.12829975842429384,0.0,2
13,0.0,0.0,0.0,0.0,Building_17,16,MASAC,0.7900000214576721,False,0.0,0.0,0.0,0.37446051836013794,24,0,0.0,0.0,-0.0,210240,-0.0,0.0,-0.7726249694824219,0.0,0.0,0.0,0.0,113,3.493939426013369,1.0,0.1316432866671708,-0.014203501865267754,0.0,0.0,-0.7570385336875916,CityLearnV3MADRLRewardFunction,masac_unified_comparable_v4,E1,-0.0,1907,14.150581308896948,1.0,0.12829975842429384,0.0,2
6,0.0,0.0,0.0,0.0,Building_1,0,MASAC,0.7900000214576721,True,0.0,0.0,0.0,0.5087285041809082,24,8757,0.0,0.0,-0.0,218997,0.0,446.8856201171875,-0.8346905708312988,295.8052062988281,353.0396423339844,446.8856201171875,446.8856201171875,64,3.504296745759226,1.0,0.24924080818891525,0.0,0.0,0.0,-0.7956368327140808,CityLearnV3MADRLRewardFunction,masac_unified_comparable_v4,E1,-0.0,1907,14.423009869125982,1.0,0.1413358710725769,0.0,8759
8,0.0,0.0,0.0,0.0,Building_2,1,MASAC,0.7900000214576721,True,0.0,0.0,0.0,0.5087285041809082,24,8757,0.0,0.0,-0.0,218997,0.0,5.618855953216553,-0.7481676340103149,3.719266653060913,4.438896179199219,5.618855953216553,5.618855953216553,78,3.4817679715807257,1.0,0.19767457399612817,0.0,0.0,0.0,-0.7956368327140808,CityLearnV3MADRLRewardFunction,masac_unified_comparable_v4,E1,-0.0,1907,14.423009869125982,1.0,0.1413358710725769,0.0,8759
10,1.0,1.0,0.1,0.0,Building_3,2,MASAC,0.7900000214576721,True,0.0,0.0,0.0,0.5087285041809082,24,8757,0.0,0.0,-0.0,218997,0.0,98.17061614990234,-0.820811927318573,64.98168182373047,77.5547866821289,98.17061614990234,98.17061614990234,92,3.4097410997277424,1.0,0.16529821474914966,0.0,0.0,0.0,-0.7956368327140808,CityLearnV3MADRLRewardFunction,masac_unified_comparable_v4,E1,-0.0,1907,14.423009869125982,1.0,0.1413358710725769,0.0,8759
8,0.0,0.0,0.0,0.0,Building_4,3,MASAC,0.7900000214576721,True,0.0,0.0,0.0,0.5087285041809082,24,8757,0.0,0.0,-0.0,218997,0.0,28.84416961669922,-0.8051217794418335,19.09270477294922,22.786893844604492,28.84416961669922,28.84416961669922,78,3.387718867610788,1.0,0.19284019332665664,0.0,0.0,0.0,-0.7956368327140808,CityLearnV3MADRLRewardFunction,masac_unified_comparable_v4,E1,-0.0,1907,14.423009869125982,1.0,0.1413358710725769,0.0,8759
5,0.0,0.0,0.0,0.0,Building_5,4,MASAC,0.7900000214576721,True,0.0,0.0,0.0,0.5087285041809082,24,8757,0.0,0.0,-0.0,218997,0.0,37.89287567138672,-0.8482301235198975,25.082279205322266,29.935373306274414,37.89287567138672,37.89287567138672,57,3.62874931980091,1.0,0.30785428066002696,0.0,0.0,0.0,-0.7956368327140808,CityLearnV3MADRLRewardFunction,masac_unified_comparable_v4,E1,-0.0,1907,14.423009869125982,1.0,0.1413358710725769,0.0,8759
34,1.0,0.0,-0.029411764705882353,-1.0,Building_6,5,MASAC,0.7900000214576721,True,0.0,0.0,0.0,0.5087285041809082,24,8757,0.0,0.0,-0.0,218997,0.0,350.8894348144531,-0.8291240930557251,232.26283264160156,277.2026672363281,350.8894348144531,350.8894348144531,260,3.38358116103786,1.0,0.05780828961959252,0.0,0.0,0.0,-0.7956368327140808,CityLearnV3MADRLRewardFunction,masac_unified_comparable_v4,E1,-0.0,1907,14.423009869125982,1.0,0.1413358710725769,0.0,8759
44,1.0,1.0,0.022727272727272728,0.0,Building_7,6,MASAC,0.7900000214576721,True,0.0,0.0,0.0,0.5087285041809082,24,8757,0.0,0.0,-0.0,218997,0.0,18.66022491455078,-0.790831983089447,12.35168743133545,14.741578102111816,18.66022491455078,18.66022491455078,330,3.4885577606948237,1.0,0.047818146149317425,0.0,0.0,0.0,-0.7956368327140808,CityLearnV3MADRLRewardFunction,masac_unified_comparable_v4,E1,-0.0,1907,14.423009869125982,1.0,0.1413358710725769,0.0,8759
19,0.0,0.0,0.0,0.0,Building_8,7,MASAC,0.7900000214576721,True,0.0,0.0,0.0,0.5087285041809082,24,8757,0.0,0.0,-0.0,218997,0.0,19.251495361328125,-0.7909880876541138,12.743064880371094,15.2086820602417,19.251495361328125,19.251495361328125,155,3.608780617508843,1.0,0.10567378026823844,0.0,0.0,0.0,-0.7956368327140808,CityLearnV3MADRLRewardFunction,masac_unified_comparable_v4,E1,-0.0,1907,14.423009869125982,1.0,0.1413358710725769,0.0,8759
12,0.0,0.0,0.0,0.0,Building_9,8,MASAC,0.7900000214576721,True,0.0,0.0,0.0,0.5087285041809082,24,8757,0.0,0.0,-0.0,218997,0.0,2.4506425857543945,-0.7172019481658936,1.6221439838409424,1.9360077381134033,2.4506425857543945,2.4506425857543945,106,3.7144260603142194,1.0,0.1684244786793331,0.0,0.0,0.0,-0.7956368327140808,CityLearnV3MADRLRewardFunction,masac_unified_comparable_v4,E1,-0.0,1907,14.423009869125982,1.0,0.1413358710725769,0.0,8759
8,0.0,0.0,0.0,0.0,Building_10,9,MASAC,0.7900000214576721,True,0.0,0.0,0.0,0.5087285041809082,24,8757,0.0,0.0,-0.0,218997,0.0,34.33414077758789,-0.8123888969421387,22.726659774780273,27.123971939086914,34.33414077758789,34.33414077758789,78,3.4722841469162047,1.0,0.2006493074198564,0.0,0.0,0.0,-0.7956368327140808,CityLearnV3MADRLRewardFunction,masac_unified_comparable_v4,E1,-0.0,1907,14.423009869125982,1.0,0.1413358710725769,0.0,8759
5,0.0,0.0,0.0,0.0,Building_11,10,MASAC,0.7900000214576721,True,0.0,0.0,0.0,0.5087285041809082,24,8757,0.0,0.0,-0.0,218997,0.0,57.917564392089844,-0.8246976137161255,38.33713912963867,45.754878997802734,57.917564392089844,57.917564392089844,57,3.5486025511746635,1.0,0.2799682962267022,0.0,0.0,0.0,-0.7956368327140808,CityLearnV3MADRLRewardFunction,masac_unified_comparable_v4,E1,-0.0,1907,14.423009869125982,1.0,0.1413358710725769,0.0,8759
5,0.0,0.0,0.0,0.0,Building_12,11,MASAC,0.7900000214576721,True,0.0,0.0,0.0,0.5087285041809082,24,8757,0.0,0.0,-0.0,218997,0.0,182.6020965576172,-0.822684109210968,120.86907196044922,144.2556610107422,182.6020965576172,182.6020965576172,57,3.4037028641804437,1.0,0.26520357790746185,0.0,0.0,0.0,-0.7956368327140808,CityLearnV3MADRLRewardFunction,masac_unified_comparable_v4,E1,-0.0,1907,14.423009869125982,1.0,0.1413358710725769,0.0,8759
13,0.0,0.0,0.0,0.0,Building_13,12,MASAC,0.7900000214576721,True,0.0,0.0,0.0,0.5087285041809082,24,8757,0.0,0.0,-0.0,218997,0.0,2.789367437362671,-0.736090898513794,1.8463547229766846,2.2036004066467285,2.789367437362671,2.789367437362671,113,3.466661716056382,1.0,0.13622468011041658,0.0,0.0,0.0,-0.7956368327140808,CityLearnV3MADRLRewardFunction,masac_unified_comparable_v4,E1,-0.0,1907,14.423009869125982,1.0,0.1413358710725769,0.0,8759
6,0.0,0.0,0.0,0.0,Building_14,13,MASAC,0.7900000214576721,True,0.0,0.0,0.0,0.5087285041809082,24,8757,0.0,0.0,-0.0,218997,0.0,2.485826015472412,-0.7350746393203735,1.6454328298568726,1.9638025760650635,2.485826015472412,2.485826015472412,64,3.508891824166,1.0,0.2465015552006662,0.0,0.0,0.0,-0.7956368327140808,CityLearnV3MADRLRewardFunction,masac_unified_comparable_v4,E1,-0.0,1907,14.423009869125982,1.0,0.1413358710725769,0.0,8759
10,1.0,1.0,0.1,0.0,Building_15,14,MASAC,0.7900000214576721,True,0.0,0.0,0.0,0.5087285041809082,24,8757,0.0,0.0,-0.0,218997,0.0,20.5941162109375,-0.7956447601318359,13.631780624389648,16.269351959228516,20.5941162109375,20.5941162109375,92,3.572752517902036,1.0,0.1780841914208039,0.0,0.0,0.0,-0.7956368327140808,CityLearnV3MADRLRewardFunction,masac_unified_comparable_v4,E1,-0.0,1907,14.423009869125982,1.0,0.1413358710725769,0.0,8759
13,0.0,0.0,0.0,0.0,Building_16,15,MASAC,0.7900000214576721,True,0.0,0.0,0.0,0.5087285041809082,24,8757,0.0,0.0,-0.0,218997,0.0,103.13050842285156,-0.8192903995513916,68.26476287841797,81.47310638427734,103.13050842285156,103.13050842285156,113,3.4398513421856993,1.0,0.13764967274876821,0.0,0.0,0.0,-0.7956368327140808,CityLearnV3MADRLRewardFunction,masac_unified_comparable_v4,E1,-0.0,1907,14.423009869125982,1.0,0.1413358710725769,0.0,8759
13,0.0,0.0,0.0,0.0,Building_17,16,MASAC,0.7900000214576721,True,0.0,0.0,0.0,0.5087285041809082,24,8757,0.0,0.0,-0.0,218997,0.0,21.1981143951416,-0.7947874665260315,14.031582832336426,16.746511459350586,21.1981143951416,21.1981143951416,113,3.427676458057661,1.0,0.13703671480174615,0.0,0.0,0.0,-0.7956368327140808,CityLearnV3MADRLRewardFunction,masac_unified_comparable_v4,E1,-0.0,1907,14.423009869125982,1.0,0.1413358710725769,0.0,8759
6,0.0,0.0,0.0,0.0,Building_1,0,MASAC,0.7900000214576721,False,0.0,0.0,0.0,0.526870608329773,25,0,0.0,0.0,-0.0,219000,-0.0,0.0,-0.5564541220664978,0.0,0.0,0.0,0.0,64,3.2924334214664976,1.0,0.22837571939453483,0.0,0.0,0.0,-0.4969063997268677,CityLearnV3MADRLRewardFunction,masac_unified_comparable_v4,E1,-0.0,1907,13.902956064239385,1.0,0.13260664871303382,0.0,3
8,0.0,0.0,0.0,0.0,Building_2,1,MASAC,0.7900000214576721,False,0.0,0.0,0.0,0.526870608329773,25,0,0.0,0.0,-0.0,219000,-0.0,0.0,-0.4455861449241638,0.0,0.0,0.0,0.0,78,3.3703950564277947,1.0,0.18787282552474585,0.0,0.0,0.0,-0.4969063997268677,CityLearnV3MADRLRewardFunction,masac_unified_comparable_v4,E1,-0.0,1907,13.902956064239385,1.0,0.13260664871303382,0.0,3
10,0.0,0.0,0.0,0.0,Building_3,2,MASAC,0.7900000214576721,False,0.0,0.0,0.0,0.526870608329773,25,0,0.0,0.0,-0.0,219000,-0.0,0.0,-0.5415484309196472,0.0,0.0,0.0,0.0,92,3.433839063632819,1.0,0.16749418567380178,0.0,0.0,0.0,-0.4969063997268677,CityLearnV3MADRLRewardFunction,masac_unified_comparable_v4,E1,-0.0,1907,13.902956064239385,1.0,0.13260664871303382,0.0,3
8,0.0,0.0,0.0,0.0,Building_4,3,MASAC,0.7900000214576721,False,0.0,0.0,0.0,0.526870608329773,25,0,0.0,0.0,-0.0,219000,-0.0,0.0,-0.4982670247554779,0.0,0.0,0.0,0.0,78,3.295242679098483,1.0,0.18423217229354075,0.0,0.0,0.0,-0.4969063997268677,CityLearnV3MADRLRewardFunction,masac_unified_comparable_v4,E1,-0.0,1907,13.902956064239385,1.0,0.13260664871303382,0.0,3
5,0.0,0.0,0.0,0.0,Building_5,4,MASAC,0.7900000214576721,False,0.0,0.0,0.0,0.526870608329773,25,0,0.0,0.0,-0.0,219000,-0.0,0.0,-0.5363078117370605,0.0,0.0,0.0,0.0,57,3.364733573480939,1.0,0.26627169941601,0.0,0.0,0.0,-0.4969063997268677,CityLearnV3MADRLRewardFunction,masac_unified_comparable_v4,E1,-0.0,1907,13.902956064239385,1.0,0.13260664871303382,0.0,3
34,0.0,0.0,0.0,0.0,Building_6,5,MASAC,0.7900000214576721,False,0.0,0.0,0.0,0.526870608329773,25,0,0.0,0.0,-0.0,219000,-0.0,0.0,-0.546416163444519,0.0,0.0,0.0,0.0,260,3.2767401141346744,1.0,0.054865838014162505,0.0,0.0,0.0,-0.4969063997268677,CityLearnV3MADRLRewardFunction,masac_unified_comparable_v4,E1,-0.0,1907,13.902956064239385,1.0,0.13260664871303382,0.0,3
44,1.0,1.0,0.022727272727272728,0.0,Building_7,6,MASAC,0.7900000214576721,False,0.0,0.0,0.0,0.526870608329773,25,0,0.0,0.0,-0.0,219000,-0.0,0.0,-0.4457953870296478,0.0,0.0,0.0,0.0,330,3.3531921387346375,1.0,0.044251151337768094,0.0,0.0,0.0,-0.4969063997268677,CityLearnV3MADRLRewardFunction,masac_unified_comparable_v4,E1,-0.0,1907,13.902956064239385,1.0,0.13260664871303382,0.0,3
19,1.0,0.0,-0.05263157894736842,-1.0,Building_8,7,MASAC,0.7900000214576721,False,0.0,0.0,0.0,0.526870608329773,25,0,0.0,0.0,-0.0,219000,-0.0,0.0,-0.501181960105896,0.0,0.0,0.0,0.0,155,3.332800365293091,1.0,0.09294064814044584,0.0,0.0,0.0,-0.4969063997268677,CityLearnV3MADRLRewardFunction,masac_unified_comparable_v4,E1,-0.0,1907,13.902956064239385,1.0,0.13260664871303382,0.0,3
12,0.0,0.0,0.0,0.0,Building_9,8,MASAC,0.7900000214576721,False,0.0,0.0,0.0,0.526870608329773,25,0,0.0,0.0,-0.0,219000,-0.0,0.0,-0.45450496673583984,0.0,0.0,0.0,0.0,106,3.4841891997386645,1.0,0.14866559706487745,0.0,0.0,0.0,-0.4969063997268677,CityLearnV3MADRLRewardFunction,masac_unified_comparable_v4,E1,-0.0,1907,13.902956064239385,1.0,0.13260664871303382,0.0,3
8,0.0,0.0,0.0,0.0,Building_10,9,MASAC,0.7900000214576721,False,0.0,0.0,0.0,0.526870608329773,25,0,0.0,0.0,-0.0,219000,-0.0,0.0,-0.46968597173690796,0.0,0.0,0.0,0.0,78,3.3243870425218156,1.0,0.18578410195186734,0.0,0.0,0.0,-0.4969063997268677,CityLearnV3MADRLRewardFunction,masac_unified_comparable_v4,E1,-0.0,1907,13.902956064239385,1.0,0.13260664871303382,0.0,3
5,0.0,0.0,0.0,0.0,Building_11,10,MASAC,0.7900000214576721,False,0.0,0.0,0.0,0.526870608329773,25,0,0.0,0.0,-0.0,219000,-0.0,0.0,-0.537582278251648,0.0,0.0,0.0,0.0,57,3.478546701827308,1.0,0.2733640191063546,0.0,0.0,0.0,-0.4969063997268677,CityLearnV3MADRLRewardFunction,masac_unified_comparable_v4,E1,-0.0,1907,13.902956064239385,1.0,0.13260664871303382,0.0,3
5,0.0,0.0,0.0,0.0,Building_12,11,MASAC,0.7900000214576721,False,0.0,0.0,0.0,0.526870608329773,25,0,0.0,0.0,-0.0,219000,-0.0,0.0,-0.5508178472518921,0.0,0.0,0.0,0.0,57,3.4404943038576272,1.0,0.2736123310107934,0.0,0.0,0.0,-0.4969063997268677,CityLearnV3MADRLRewardFunction,masac_unified_comparable_v4,E1,-0.0,1907,13.902956064239385,1.0,0.13260664871303382,0.0,3
13,1.0,1.0,0.07692307692307693,0.0,Building_13,12,MASAC,0.7900000214576721,False,0.0,0.0,0.0,0.526870608329773,25,0,0.0,0.0,-0.0,219000,-0.0,0.0,-0.4456995129585266,0.0,0.0,0.0,0.0,113,3.3594569640319394,1.0,0.12945188357766751,0.0,0.0,0.0,-0.4969063997268677,CityLearnV3MADRLRewardFunction,masac_unified_comparable_v4,E1,-0.0,1907,13.902956064239385,1.0,0.13260664871303382,0.0,3
6,0.0,0.0,0.0,0.0,Building_14,13,MASAC,0.7900000214576721,False,0.0,0.0,0.0,0.526870608329773,25,0,0.0,0.0,-0.0,219000,-0.0,0.0,-0.44957005977630615,0.0,0.0,0.0,0.0,64,3.3763925110355784,1.0,0.22960085980594158,0.0,0.0,0.0,-0.4969063997268677,CityLearnV3MADRLRewardFunction,masac_unified_comparable_v4,E1,-0.0,1907,13.902956064239385,1.0,0.13260664871303382,0.0,3
10,0.0,0.0,0.0,0.0,Building_15,14,MASAC,0.7900000214576721,False,0.0,0.0,0.0,0.526870608329773,25,0,0.0,0.0,-0.0,219000,-0.0,0.0,-0.45066094398498535,0.0,0.0,0.0,0.0,92,3.369994455596965,1.0,0.15975611098110676,0.0,0.0,0.0,-0.4969063997268677,CityLearnV3MADRLRewardFunction,masac_unified_comparable_v4,E1,-0.0,1907,13.902956064239385,1.0,0.13260664871303382,0.0,3
13,0.0,0.0,0.0,0.0,Building_16,15,MASAC,0.7900000214576721,False,0.0,0.0,0.0,0.526870608329773,25,0,0.0,0.0,-0.0,219000,-0.0,0.0,-0.5048515200614929,0.0,0.0,0.0,0.0,113,3.320577368820628,1.0,0.12836535631027896,0.0,0.0,0.0,-0.4969063997268677,CityLearnV3MADRLRewardFunction,masac_unified_comparable_v4,E1,-0.0,1907,13.902956064239385,1.0,0.13260664871303382,0.0,3
13,1.0,1.0,0.07692307692307693,0.0,Building_17,16,MASAC,0.7900000214576721,False,0.0,0.0,0.0,0.526870608329773,25,0,0.0,0.0,-0.0,219000,-0.0,0.0,-0.512479305267334,0.0,0.0,0.0,0.0,113,3.440237209710385,1.0,0.136523561469749,0.0,0.0,0.0,-0.4969063997268677,CityLearnV3MADRLRewardFunction,masac_unified_comparable_v4,E1,-0.0,1907,13.902956064239385,1.0,0.13260664871303382,0.0,3
6,0.0,0.0,0.0,0.0,Building_1,0,MASAC,0.7900000214576721,True,0.0,0.0,0.0,0.32958081364631653,25,8756,0.0,0.0,-0.0,227756,0.0,391.586669921875,-0.8096444010734558,179.1614532470703,309.3534851074219,391.586669921875,391.586669921875,64,3.408059473808716,1.0,0.23000752227380872,0.0,0.0,0.0,-0.7648969292640686,CityLearnV3MADRLRewardFunction,masac_unified_comparable_v4,E1,-0.0,1907,14.065802056601072,1.0,0.13143448940296104,0.0,8759
8,0.0,0.0,0.0,0.0,Building_2,1,MASAC,0.7900000214576721,True,0.0,0.0,0.0,0.32958081364631653,25,8756,0.0,0.0,-0.0,227756,0.0,0.1848604530096054,-0.6994835734367371,0.08457864075899124,0.14603976905345917,0.1848604530096054,0.1848604530096054,78,3.5142132676852356,1.0,0.19234920617861626,0.0,0.0,0.0,-0.7648969292640686,CityLearnV3MADRLRewardFunction,masac_unified_comparable_v4,E1,-0.0,1907,14.065802056601072,1.0,0.13143448940296104,0.0,8759
10,0.0,0.0,0.0,0.0,Building_3,2,MASAC,0.7900000214576721,True,0.0,0.0,0.0,0.32958081364631653,25,8756,0.0,0.0,-0.0,227756,0.0,39.0087890625,-0.78993821144104,17.847572326660156,30.816944122314453,39.0087890625,39.0087890625,92,3.301188961240725,1.0,0.1534258609880572,0.0,0.0,0.0,-0.7648969292640686,CityLearnV3MADRLRewardFunction,masac_unified_comparable_v4,E1,-0.0,1907,14.065802056601072,1.0,0.13143448940296104,0.0,8759
8,0.0,0.0,0.0,0.0,Building_4,3,MASAC,0.7900000214576721,True,0.0,0.0,0.0,0.32958081364631653,25,8756,0.0,0.0,-0.0,227756,0.0,36.67196273803711,-0.7851020097732544,16.778411865234375,28.97085189819336,36.67196273803711,36.67196273803711,78,3.258597017271522,1.0,0.17618098663978088,0.0,0.0,0.0,-0.7648969292640686,CityLearnV3MADRLRewardFunction,masac_unified_comparable_v4,E1,-0.0,1907,14.065802056601072,1.0,0.13143448940296104,0.0,8759
5,0.0,0.0,0.0,0.0,Building_5,4,MASAC,0.7900000214576721,True,0.0,0.0,0.0,0.32958081364631653,25,8756,0.0,0.0,-0.0,227756,0.0,54.225337982177734,-0.8346060514450073,24.809553146362305,42.838016510009766,54.225337982177734,54.225337982177734,57,3.564961844152356,1.0,0.2927344632253312,0.0,0.0,0.0,-0.7648969292640686,CityLearnV3MADRLRewardFunction,masac_unified_comparable_v4,E1,-0.0,1907,14.065802056601072,1.0,0.13143448940296104,0.0,8759
34,1.0,1.0,0.029411764705882353,0.0,Building_6,5,MASAC,0.7900000214576721,True,0.0,0.0,0.0,0.32958081364631653,25,8756,0.0,0.0,-0.0,227756,0.0,348.8946838378906,-0.8087111711502075,159.62872314453125,275.6268005371094,348.8946838378906,348.8946838378906,260,3.271561586883778,1.0,0.0535580134162536,0.0,0.0,0.0,-0.7648969292640686,CityLearnV3MADRLRewardFunction,masac_unified_comparable_v4,E1,-0.0,1907,14.065802056601072,1.0,0.13143448940296104,0.0,8759
44,0.0,0.0,0.0,0.0,Building_7,6,MASAC,0.7900000214576721,True,0.0,0.0,0.0,0.32958081364631653,25,8756,0.0,0.0,-0.0,227756,0.0,2.9800853729248047,-0.7113878130912781,1.3634693622589111,2.3542675971984863,2.9800853729248047,2.9800853729248047,330,3.3557686056036395,1.0,0.042944944469314635,0.0,0.0,0.0,-0.7648969292640686,CityLearnV3MADRLRewardFunction,masac_unified_comparable_v4,E1,-0.0,1907,14.065802056601072,1.0,0.13143448940296104,0.0,8759
19,1.0,1.0,0.05263157894736842,0.0,Building_8,7,MASAC,0.7900000214576721,True,123.9976577758789,0.0,0.0,0.32958081364631653,25,8756,0.0,0.0,-0.0,227756,0.0,130.197021484375,-0.8307164907455444,59.56864547729492,102.85565185546875,130.197021484375,6.199363708496094,155,3.382273658339033,1.0,0.09377184577526584,0.0,0.0,0.0,-0.7648969292640686,CityLearnV3MADRLRewardFunction,masac_unified_comparable_v4,E1,-0.0,1907,14.065802056601072,1.0,0.13143448940296104,0.0,8759
12,1.0,1.0,0.08333333333333333,0.0,Building_9,8,MASAC,0.7900000214576721,True,0.0,0.0,0.0,0.32958081364631653,25,8756,0.0,0.0,-0.0,227756,0.0,5.135069847106934,-0.6881368160247803,2.349432945251465,4.056704998016357,5.135069847106934,2.1350698471069336,106,3.5759314038654186,1.0,0.1533181239973824,0.0,0.0,0.0,-0.7648969292640686,CityLearnV3MADRLRewardFunction,masac_unified_comparable_v4,E1,-0.0,1907,14.065802056601072,1.0,0.13143448940296104,0.0,8759
8,0.0,0.0,0.0,0.0,Building_10,9,MASAC,0.7900000214576721,True,0.0,0.0,0.0,0.32958081364631653,25,8756,0.0,0.0,-0.0,227756,0.0,16.451881408691406,-0.7614755034446716,7.52717924118042,12.996986389160156,16.451881408691406,16.451881408691406,78,3.4664705189666973,1.0,0.19067662257032517,0.0,0.0,0.0,-0.7648969292640686,CityLearnV3MADRLRewardFunction,masac_unified_comparable_v4,E1,-0.0,1907,14.065802056601072,1.0,0.13143448940296104,0.0,8759
5,0.0,0.0,0.0,0.0,Building_11,10,MASAC,0.7900000214576721,True,0.0,0.0,0.0,0.32958081364631653,25,8756,0.0,0.0,-0.0,227756,0.0,66.45198059082031,-0.7976049184799194,30.40357208251953,52.497066497802734,66.45198059082031,66.45198059082031,57,3.3733600514353057,1.0,0.2526438644057826,0.0,0.0,0.0,-0.7648969292640686,CityLearnV3MADRLRewardFunction,masac_unified_comparable_v4,E1,-0.0,1907,14.065802056601072,1.0,0.13143448940296104,0.0,8759
5,0.0,0.0,0.0,0.0,Building_12,11,MASAC,0.7900000214576721,True,0.0,0.0,0.0,0.32958081364631653,25,8756,0.0,0.0,-0.0,227756,0.0,155.388671875,-0.805888295173645,71.0945053100586,122.7570571899414,155.388671875,155.388671875,57,3.339676261708913,1.0,0.253613579952926,0.0,0.0,0.0,-0.7648969292640686,CityLearnV3MADRLRewardFunction,masac_unified_comparable_v4,E1,-0.0,1907,14.065802056601072,1.0,0.13143448940296104,0.0,8759
13,0.0,0.0,0.0,0.0,Building_13,12,MASAC,0.7900000214576721,True,0.0,0.0,0.0,0.32958081364631653,25,8756,0.0,0.0,-0.0,227756,0.0,0.1047736182808876,-0.6991069316864014,0.04793675243854523,0.08277115970849991,0.1047736182808876,0.1047736182808876,113,3.380383092676591,1.0,0.12720399145531444,0.0,0.0,0.0,-0.7648969292640686,CityLearnV3MADRLRewardFunction,masac_unified_comparable_v4,E1,-0.0,1907,14.065802056601072,1.0,0.13143448940296104,0.0,8759
6,1.0,1.0,0.16666666666666666,0.0,Building_14,13,MASAC,0.7900000214576721,True,0.0,0.0,0.0,0.32958081364631653,25,8756,0.0,0.0,-0.0,227756,0.0,1.3521205186843872,-0.7047238945960999,0.6186316013336182,1.068175196647644,1.3521205186843872,1.3521205186843872,64,3.4814213671042937,1.0,0.23244088608771563,0.0,0.0,0.0,-0.7648969292640686,CityLearnV3MADRLRewardFunction,masac_unified_comparable_v4,E1,-0.0,1907,14.065802056601072,1.0,0.13143448940296104,0.0,8759
10,0.0,0.0,0.0,0.0,Building_15,14,MASAC,0.7900000214576721,True,0.0,0.0,0.0,0.32958081364631653,25,8756,0.0,0.0,-0.0,227756,0.0,15.147623062133789,-0.7578288912773132,6.930445671081543,11.966622352600098,15.147623062133789,15.147623062133789,92,3.537561743896557,1.0,0.16764247514631436,0.0,0.0,0.0,-0.7648969292640686,CityLearnV3MADRLRewardFunction,masac_unified_comparable_v4,E1,-0.0,1907,14.065802056601072,1.0,0.13143448940296104,0.0,8759
13,0.0,0.0,0.0,0.0,Building_16,15,MASAC,0.7900000214576721,True,0.0,0.0,0.0,0.32958081364631653,25,8756,0.0,0.0,-0.0,227756,0.0,11.957420349121094,-0.7472490668296814,5.470841884613037,9.446362495422363,11.957420349121094,11.957420349121094,113,3.417620044777043,1.0,0.12938624514942676,0.0,0.0,0.0,-0.7648969292640686,CityLearnV3MADRLRewardFunction,masac_unified_comparable_v4,E1,-0.0,1907,14.065802056601072,1.0,0.13143448940296104,0.0,8759
13,0.0,0.0,0.0,0.0,Building_17,16,MASAC,0.7900000214576721,True,0.0,0.0,0.0,0.32958081364631653,25,8756,0.0,0.0,-0.0,227756,0.0,23.087642669677734,-0.7716443538665771,10.56321907043457,18.239238739013672,23.087642669677734,23.087642669677734,113,3.3428192686762546,1.0,0.12807032531869095,0.0,0.0,0.0,-0.7648969292640686,CityLearnV3MADRLRewardFunction,masac_unified_comparable_v4,E1,-0.0,1907,14.065802056601072,1.0,0.13143448940296104,0.0,8759
6,0.0,0.0,0.0,0.0,Building_1,0,MASAC,0.7900000214576721,False,0.0,0.0,0.0,0.5249574780464172,26,0,0.0,0.0,-0.0,227760,-0.0,0.0,-0.6065905690193176,0.0,0.0,0.0,0.0,64,3.4009788176209588,1.0,0.2460350515320897,0.0,0.0,0.0,-0.5535219311714172,CityLearnV3MADRLRewardFunction,masac_unified_comparable_v4,E1,-0.0,1907,14.57108195395659,1.0,0.14538251119067547,0.0,4
8,0.0,0.0,0.0,0.0,Building_2,1,MASAC,0.7900000214576721,False,0.0,0.0,0.0,0.5249574780464172,26,0,0.0,0.0,-0.0,227760,-0.0,0.0,-0.4980050027370453,0.0,0.0,0.0,0.0,78,3.5308862156168104,1.0,0.2054071571582403,0.0,0.0,0.0,-0.5535219311714172,CityLearnV3MADRLRewardFunction,masac_unified_comparable_v4,E1,-0.0,1907,14.57108195395659,1.0,0.14538251119067547,0.0,4
10,0.0,0.0,0.0,0.0,Building_3,2,MASAC,0.7900000214576721,False,0.0,0.0,0.0,0.5249574780464172,26,0,0.0,0.0,-0.0,227760,-0.0,0.0,-0.5682726502418518,0.0,0.0,0.0,0.0,92,3.7395250303836,1.0,0.1958202958592902,0.0,0.0,0.0,-0.5535219311714172,CityLearnV3MADRLRewardFunction,masac_unified_comparable_v4,E1,-0.0,1907,14.57108195395659,1.0,0.14538251119067547,0.0,4
8,0.0,0.0,0.0,0.0,Building_4,3,MASAC,0.7900000214576721,False,0.0,0.0,0.0,0.5249574780464172,26,0,0.0,0.0,-0.0,227760,-0.0,0.0,-0.5506752729415894,0.0,0.0,0.0,0.0,78,3.4610341663414945,1.0,0.20169730025988358,0.0,0.0,0.0,-0.5535219311714172,CityLearnV3MADRLRewardFunction,masac_unified_comparable_v4,E1,-0.0,1907,14.57108195395659,1.0,0.14538251119067547,0.0,4
5,0.0,0.0,0.0,0.0,Building_5,4,MASAC,0.7900000214576721,False,0.0,0.0,0.0,0.5249574780464172,26,0,0.0,0.0,-0.0,227760,-0.0,0.0,-0.584740936756134,0.0,0.0,0.0,0.0,57,3.566550275234066,1.0,0.2964547288260962,0.0,0.0,0.0,-0.5535219311714172,CityLearnV3MADRLRewardFunction,masac_unified_comparable_v4,E1,-0.0,1907,14.57108195395659,1.0,0.14538251119067547,0.0,4
34,0.0,0.0,0.0,0.0,Building_6,5,MASAC,0.7900000214576721,False,0.0,0.0,0.0,0.5249574780464172,26,0,0.0,0.0,-0.0,227760,-0.0,0.0,-0.6019265651702881,0.0,0.0,0.0,0.0,260,3.4469193373202462,1.0,0.06060568956801524,0.0,0.0,0.0,-0.5535219311714172,CityLearnV3MADRLRewardFunction,masac_unified_comparable_v4,E1,-0.0,1907,14.57108195395659,1.0,0.14538251119067547,0.0,4
44,0.0,0.0,0.0,0.0,Building_7,6,MASAC,0.7900000214576721,False,0.0,0.0,0.0,0.5249574780464172,26,0,0.0,0.0,-0.0,227760,-0.0,0.0,-0.5036458969116211,0.0,0.0,0.0,0.0,330,3.512168149195396,1.0,0.048383589134071814,0.0,0.0,0.0,-0.5535219311714172,CityLearnV3MADRLRewardFunction,masac_unified_comparable_v4,E1,-0.0,1907,14.57108195395659,1.0,0.14538251119067547,0.0,4
19,1.0,0.0,-0.05263157894736842,-1.0,Building_8,7,MASAC,0.7900000214576721,False,0.0,0.0,0.0,0.5249574780464172,26,0,0.0,0.0,-0.0,227760,-0.0,0.0,-0.5512773990631104,0.0,0.0,0.0,0.0,155,3.4955296751874365,1.0,0.10176716312285393,0.0,0.0,0.0,-0.5535219311714172,CityLearnV3MADRLRewardFunction,masac_unified_comparable_v4,E1,-0.0,1907,14.57108195395659,1.0,0.14538251119067547,0.0,4
12,0.0,0.0,0.0,0.0,Building_9,8,MASAC,0.7900000214576721,False,0.0,0.0,0.0,0.5249574780464172,26,0,0.0,0.0,-0.0,227760,-0.0,0.0,-0.5067658424377441,0.0,0.0,0.0,0.0,106,3.6445268610326935,1.0,0.16132721874230313,0.0,0.0,0.0,-0.5535219311714172,CityLearnV3MADRLRewardFunction,masac_unified_comparable_v4,E1,-0.0,1907,14.57108195395659,1.0,0.14538251119067547,0.0,4
8,0.0,0.0,0.0,0.0,Building_10,9,MASAC,0.7900000214576721,False,0.0,0.0,0.0,0.5249574780464172,26,0,0.0,0.0,-0.0,227760,-0.0,0.0,-0.57379549741745,0.0,0.0,0.0,0.0,78,3.485860491579366,1.0,0.20364292051929694,0.0,0.0,0.0,-0.5535219311714172,CityLearnV3MADRLRewardFunction,masac_unified_comparable_v4,E1,-0.0,1907,14.57108195395659,1.0,0.14538251119067547,0.0,4
5,0.0,0.0,0.0,0.0,Building_11,10,MASAC,0.7900000214576721,False,0.0,0.0,0.0,0.5249574780464172,26,0,0.0,0.0,-0.0,227760,-0.0,0.0,-0.5893914699554443,0.0,0.0,0.0,0.0,57,3.5991576207831226,1.0,0.2939879204097547,0.0,0.0,0.0,-0.5535219311714172,CityLearnV3MADRLRewardFunction,masac_unified_comparable_v4,E1,-0.0,1907,14.57108195395659,1.0,0.14538251119067547,0.0,4
5,0.0,0.0,0.0,0.0,Building_12,11,MASAC,0.7900000214576721,False,0.0,0.0,0.0,0.5249574780464172,26,0,0.0,0.0,-0.0,227760,-0.0,0.0,-0.6020918488502502,0.0,0.0,0.0,0.0,57,3.627005658122947,1.0,0.3035295711536157,0.0,0.0,0.0,-0.5535219311714172,CityLearnV3MADRLRewardFunction,masac_unified_comparable_v4,E1,-0.0,1907,14.57108195395659,1.0,0.14538251119067547,0.0,4
13,0.0,0.0,0.0,0.0,Building_13,12,MASAC,0.7900000214576721,False,0.0,0.0,0.0,0.5249574780464172,26,0,0.0,0.0,-0.0,227760,-0.0,0.0,-0.499822735786438,0.0,0.0,0.0,0.0,113,3.5171484511200872,1.0,0.14145242798644886,0.0,0.0,0.0,-0.5535219311714172,CityLearnV3MADRLRewardFunction,masac_unified_comparable_v4,E1,-0.0,1907,14.57108195395659,1.0,0.14538251119067547,0.0,4
6,0.0,0.0,0.0,0.0,Building_14,13,MASAC,0.7900000214576721,False,0.0,0.0,0.0,0.5249574780464172,26,0,0.0,0.0,-0.0,227760,-0.0,0.0,-0.5031091570854187,0.0,0.0,0.0,0.0,64,3.4951910157259336,1.0,0.24839501036331058,0.0,0.0,0.0,-0.5535219311714172,CityLearnV3MADRLRewardFunction,masac_unified_comparable_v4,E1,-0.0,1907,14.57108195395659,1.0,0.14538251119067547,0.0,4
10,0.0,0.0,0.0,0.0,Building_15,14,MASAC,0.7900000214576721,False,0.0,0.0,0.0,0.5249574780464172,26,0,0.0,0.0,-0.0,227760,-0.0,0.0,-0.5084025263786316,0.0,0.0,0.0,0.0,92,3.5287396427483153,1.0,0.17468527113289936,0.0,0.0,0.0,-0.5535219311714172,CityLearnV3MADRLRewardFunction,masac_unified_comparable_v4,E1,-0.0,1907,14.57108195395659,1.0,0.14538251119067547,0.0,4
13,0.0,0.0,0.0,0.0,Building_16,15,MASAC,0.7900000214576721,False,0.0,0.0,0.0,0.5249574780464172,26,0,0.0,0.0,-0.0,227760,-0.0,0.0,-0.5888758897781372,0.0,0.0,0.0,0.0,113,3.4240039561630997,1.0,0.1380073760463073,0.0,0.0,0.0,-0.5535219311714172,CityLearnV3MADRLRewardFunction,masac_unified_comparable_v4,E1,-0.0,1907,14.57108195395659,1.0,0.14538251119067547,0.0,4
13,0.0,0.0,0.0,0.0,Building_17,16,MASAC,0.7900000214576721,False,0.0,0.0,0.0,0.5249574780464172,26,0,0.0,0.0,-0.0,227760,-0.0,0.0,-0.5724836587905884,0.0,0.0,0.0,0.0,113,3.585919451861246,1.0,0.14816003226864655,0.0,0.0,0.0,-0.5535219311714172,CityLearnV3MADRLRewardFunction,masac_unified_comparable_v4,E1,-0.0,1907,14.57108195395659,1.0,0.14538251119067547,0.0,4
6,0.0,0.0,0.0,0.0,Building_1,0,MASAC,0.7900000214576721,True,0.0,0.0,0.0,0.28695225715637207,26,8755,0.0,0.0,-0.0,236515,0.0,433.45458984375,-0.8315295577049255,169.68711853027344,342.42913818359375,433.45458984375,433.45458984375,64,3.1988785976582523,1.0,0.21152373810764402,0.0,0.0,0.0,-0.7906166315078735,CityLearnV3MADRLRewardFunction,masac_unified_comparable_v4,E1,-0.0,1907,13.628109767305363,1.0,0.12517456862514845,0.0,8759
8,0.0,0.0,0.0,0.0,Building_2,1,MASAC,0.7900000214576721,True,0.0,0.0,0.0,0.28695225715637207,26,8755,0.0,0.0,-0.0,236515,0.0,15.16435432434082,-0.7764548659324646,4.832571506500244,11.979840278625488,15.16435432434082,15.16435432434082,78,3.299545753055612,1.0,0.17810627159017783,0.0,0.0,0.0,-0.7906166315078735,CityLearnV3MADRLRewardFunction,masac_unified_comparable_v4,E1,-0.0,1907,13.628109767305363,1.0,0.12517456862514845,0.0,8759
10,1.0,0.0,-0.1,-1.0,Building_3,2,MASAC,0.7900000214576721,True,-476.1772155761719,0.0,0.0,0.28695225715637207,26,8755,0.0,0.0,-0.0,236515,381.63739013671875,0.0,-0.7766411304473877,-121.62008666992188,0.0,-381.63739013671875,94.53982543945312,92,3.240214444227989,1.0,0.14770819659790266,0.0,0.0,0.0,-0.7906166315078735,CityLearnV3MADRLRewardFunction,masac_unified_comparable_v4,E1,-0.0,1907,13.628109767305363,1.0,0.12517456862514845,0.0,8759
8,0.0,0.0,0.0,0.0,Building_4,3,MASAC,0.7900000214576721,True,0.0,0.0,0.0,0.28695225715637207,26,8755,0.0,0.0,-0.0,236515,0.0,31.04317283630371,-0.8088590502738953,9.892828941345215,24.524106979370117,31.04317283630371,31.04317283630371,78,3.3146715217119196,1.0,0.1783392699674154,0.0,0.0,0.0,-0.7906166315078735,CityLearnV3MADRLRewardFunction,masac_unified_comparable_v4,E1,-0.0,1907,13.628109767305363,1.0,0.12517456862514845,0.0,8759
5,0.0,0.0,0.0,0.0,Building_5,4,MASAC,0.7900000214576721,True,0.0,0.0,0.0,0.28695225715637207,26,8755,0.0,0.0,-0.0,236515,0.0,38.538970947265625,-0.8493063449859619,12.372629165649414,30.44578742980957,38.538970947265625,38.538970947265625,57,3.51262713662272,1.0,0.2844120762065837,0.0,0.0,0.0,-0.7906166315078735,CityLearnV3MADRLRewardFunction,masac_unified_comparable_v4,E1,-0.0,1907,13.628109767305363,1.0,0.12517456862514845,0.0,8759
34,0.0,0.0,0.0,0.0,Building_6,5,MASAC,0.7900000214576721,True,0.0,0.0,0.0,0.28695225715637207,26,8755,0.0,0.0,-0.0,236515,0.0,362.8901062011719,-0.831507682800293,141.57777404785156,286.6831970214844,362.8901062011719,362.8901062011719,260,3.2067762978017713,1.0,0.05159736410356485,0.0,0.0,0.0,-0.7906166315078735,CityLearnV3MADRLRewardFunction,masac_unified_comparable_v4,E1,-0.0,1907,13.628109767305363,1.0,0.12517456862514845,0.0,8759
44,1.0,1.0,0.022727272727272728,0.0,Building_7,6,MASAC,0.7900000214576721,True,0.0,0.0,0.0,0.28695225715637207,26,8755,0.0,0.0,-0.0,236515,0.0,12.664111137390137,-0.7700309157371521,4.035795211791992,10.004648208618164,12.664111137390137,12.664111137390137,330,3.282234382852335,1.0,0.041858514330603856,0.0,0.0,0.0,-0.7906166315078735,CityLearnV3MADRLRewardFunction,masac_unified_comparable_v4,E1,-0.0,1907,13.628109767305363,1.0,0.12517456862514845,0.0,8759
19,0.0,0.0,0.0,0.0,Building_8,7,MASAC,0.7900000214576721,True,0.0,0.0,0.0,0.28695225715637207,26,8755,0.0,0.0,-0.0,236515,0.0,12.065996170043945,-0.7685384154319763,3.8451879024505615,9.532136917114258,12.065996170043945,12.065996170043945,155,3.359615667157368,1.0,0.09295083779481149,0.0,0.0,0.0,-0.7906166315078735,CityLearnV3MADRLRewardFunction,masac_unified_comparable_v4,E1,-0.0,1907,13.628109767305363,1.0,0.12517456862514845,0.0,8759
12,1.0,1.0,0.08333333333333333,0.0,Building_9,8,MASAC,0.7900000214576721,True,0.0,0.0,0.0,0.28695225715637207,26,8755,0.0,0.0,-0.0,236515,0.0,2.290161371231079,-0.7133469581604004,0.7298279404640198,1.8092275857925415,2.290161371231079,2.290161371231079,106,3.5248298680051424,1.0,0.1492663250076321,0.0,0.0,0.0,-0.7906166315078735,CityLearnV3MADRLRewardFunction,masac_unified_comparable_v4,E1,-0.0,1907,13.628109767305363,1.0,0.12517456862514845,0.0,8759
8,0.0,0.0,0.0,0.0,Building_10,9,MASAC,0.7900000214576721,True,0.0,0.0,0.0,0.28695225715637207,26,8755,0.0,0.0,-0.0,236515,0.0,51.649574279785156,-0.8190337419509888,17.595232009887695,40.803165435791016,51.649574279785156,51.649574279785156,78,3.3174950838861603,1.0,0.18056817152179205,0.0,0.0,0.0,-0.7906166315078735,CityLearnV3MADRLRewardFunction,masac_unified_comparable_v4,E1,-0.0,1907,13.628109767305363,1.0,0.12517456862514845,0.0,8759
5,1.0,0.0,-0.2,-1.0,Building_11,10,MASAC,0.7900000214576721,True,0.0,0.0,0.0,0.28695225715637207,26,8755,0.0,0.0,-0.0,236515,0.0,71.54803466796875,-0.8179037570953369,25.52177619934082,56.52294921875,71.54803466796875,71.54803466796875,57,3.2619952894288717,1.0,0.23929361940214508,0.0,0.0,0.0,-0.7906166315078735,CityLearnV3MADRLRewardFunction,masac_unified_comparable_v4,E1,-0.0,1907,13.628109767305363,1.0,0.12517456862514845,0.0,8759
5,0.0,0.0,0.0,0.0,Building_12,11,MASAC,0.7900000214576721,True,0.0,0.0,0.0,0.28695225715637207,26,8755,0.0,0.0,-0.0,236515,0.0,215.11593627929688,-0.8217554092407227,82.71199798583984,169.94158935546875,215.11593627929688,215.11593627929688,57,3.2116253522075175,1.0,0.23711851461414704,0.0,0.0,0.0,-0.7906166315078735,CityLearnV3MADRLRewardFunction,masac_unified_comparable_v4,E1,-0.0,1907,13.628109767305363,1.0,0.12517456862514845,0.0,8759
13,0.0,0.0,0.0,0.0,Building_13,12,MASAC,0.7900000214576721,True,0.0,0.0,0.0,0.28695225715637207,26,8755,0.0,0.0,-0.0,236515,0.0,2.033022403717041,-0.7299152612686157,0.6478829383850098,1.6060876846313477,2.033022403717041,2.033022403717041,113,3.3546213028005685,1.0,0.12461421440924163,0.0,0.0,0.0,-0.7906166315078735,CityLearnV3MADRLRewardFunction,masac_unified_comparable_v4,E1,-0.0,1907,13.628109767305363,1.0,0.12517456862514845,0.0,8759
6,0.0,0.0,0.0,0.0,Building_14,13,MASAC,0.7900000214576721,True,0.0,0.0,0.0,0.28695225715637207,26,8755,0.0,0.0,-0.0,236515,0.0,2.6149511337280273,-0.7324017286300659,0.833331823348999,2.0658113956451416,2.6149511337280273,2.6149511337280273,64,3.317568613329649,1.0,0.2174444900592789,0.0,0.0,0.0,-0.7906166315078735,CityLearnV3MADRLRewardFunction,masac_unified_comparable_v4,E1,-0.0,1907,13.628109767305363,1.0,0.12517456862514845,0.0,8759
10,0.0,0.0,0.0,0.0,Building_15,14,MASAC,0.7900000214576721,True,0.0,0.0,0.0,0.28695225715637207,26,8755,0.0,0.0,-0.0,236515,0.0,19.521480560302734,-0.7867982983589172,6.221099376678467,15.42197036743164,19.521480560302734,19.521480560302734,92,3.3265632700973287,1.0,0.15312790004131588,0.0,0.0,0.0,-0.7906166315078735,CityLearnV3MADRLRewardFunction,masac_unified_comparable_v4,E1,-0.0,1907,13.628109767305363,1.0,0.12517456862514845,0.0,8759
13,0.0,0.0,0.0,0.0,Building_16,15,MASAC,0.7900000214576721,True,0.0,0.0,0.0,0.28695225715637207,26,8755,0.0,0.0,-0.0,236515,0.0,54.89390563964844,-0.8129366636276245,18.887611389160156,43.366188049316406,54.89390563964844,54.89390563964844,113,3.215132684672865,1.0,0.11789408655820695,0.0,0.0,0.0,-0.7906166315078735,CityLearnV3MADRLRewardFunction,masac_unified_comparable_v4,E1,-0.0,1907,13.628109767305363,1.0,0.12517456862514845,0.0,8759
13,0.0,0.0,0.0,0.0,Building_17,16,MASAC,0.7900000214576721,True,0.0,0.0,0.0,0.28695225715637207,26,8755,0.0,0.0,-0.0,236515,0.0,22.46647071838379,-0.7935236096382141,7.159607887268066,17.748512268066406,22.46647071838379,22.46647071838379,113,3.2232393594962674,1.0,0.11912648280901192,0.0,0.0,0.0,-0.7906166315078735,CityLearnV3MADRLRewardFunction,masac_unified_comparable_v4,E1,-0.0,1907,13.628109767305363,1.0,0.12517456862514845,0.0,8759
6,0.0,0.0,0.0,0.0,Building_1,0,MASAC,0.7900000214576721,False,0.0,0.0,0.0,0.4838186204433441,27,0,0.0,0.0,-0.0,236520,-0.0,0.0,-0.6336833834648132,0.0,0.0,0.0,0.0,64,3.225349326524503,1.0,0.2257526058529038,0.0,0.0,0.0,-0.5818661451339722,CityLearnV3MADRLRewardFunction,masac_unified_comparable_v4,E1,-0.0,1907,14.008395494080993,1.0,0.13639309115543782,0.0,5
8,0.0,0.0,0.0,0.0,Building_2,1,MASAC,0.7900000214576721,False,0.0,0.0,0.0,0.4838186204433441,27,0,0.0,0.0,-0.0,236520,-0.0,0.0,-0.5280543565750122,0.0,0.0,0.0,0.0,78,3.363963860648288,1.0,0.1887652218962709,0.0,0.0,0.0,-0.5818661451339722,CityLearnV3MADRLRewardFunction,masac_unified_comparable_v4,E1,-0.0,1907,14.008395494080993,1.0,0.13639309115543782,0.0,5
10,0.0,0.0,0.0,0.0,Building_3,2,MASAC,0.7900000214576721,False,0.0,0.0,0.0,0.4838186204433441,27,0,0.0,0.0,-0.0,236520,-0.0,0.0,-0.6174876093864441,0.0,0.0,0.0,0.0,92,3.695980226355933,1.0,0.19702742485653446,0.0,0.0,0.0,-0.5818661451339722,CityLearnV3MADRLRewardFunction,masac_unified_comparable_v4,E1,-0.0,1907,14.008395494080993,1.0,0.13639309115543782,0.0,5
8,0.0,0.0,0.0,0.0,Building_4,3,MASAC,0.7900000214576721,False,0.0,0.0,0.0,0.4838186204433441,27,0,0.0,0.0,-0.0,236520,-0.0,0.0,-0.5740194916725159,0.0,0.0,0.0,0.0,78,3.2899398559103936,1.0,0.18500164745805356,0.0,0.0,0.0,-0.5818661451339722,CityLearnV3MADRLRewardFunction,masac_unified_comparable_v4,E1,-0.0,1907,14.008395494080993,1.0,0.13639309115543782,0.0,5
5,0.0,0.0,0.0,0.0,Building_5,4,MASAC,0.7900000214576721,False,0.0,0.0,0.0,0.4838186204433441,27,0,0.0,0.0,-0.0,236520,-0.0,0.0,-0.611057698726654,0.0,0.0,0.0,0.0,57,3.4077173021090936,1.0,0.27543724462259234,0.0,0.0,0.0,-0.5818661451339722,CityLearnV3MADRLRewardFunction,masac_unified_comparable_v4,E1,-0.0,1907,14.008395494080993,1.0,0.13639309115543782,0.0,5
34,0.0,0.0,0.0,0.0,Building_6,5,MASAC,0.7900000214576721,False,0.0,0.0,0.0,0.4838186204433441,27,0,0.0,0.0,-0.0,236520,-0.0,0.0,-0.628683865070343,0.0,0.0,0.0,0.0,260,3.2747511406188026,1.0,0.05556422438329229,0.0,0.0,0.0,-0.5818661451339722,CityLearnV3MADRLRewardFunction,masac_unified_comparable_v4,E1,-0.0,1907,14.008395494080993,1.0,0.13639309115543782,0.0,5
44,0.0,0.0,0.0,0.0,Building_7,6,MASAC,0.7900000214576721,False,0.0,0.0,0.0,0.4838186204433441,27,0,0.0,0.0,-0.0,236520,-0.0,0.0,-0.5504630208015442,0.0,0.0,0.0,0.0,330,3.343200315837976,1.0,0.04456636558540843,0.0,0.0,0.0,-0.5818661451339722,CityLearnV3MADRLRewardFunction,masac_unified_comparable_v4,E1,-0.0,1907,14.008395494080993,1.0,0.13639309115543782,0.0,5
19,0.0,0.0,0.0,0.0,Building_8,7,MASAC,0.7900000214576721,False,0.0,0.0,0.0,0.4838186204433441,27,0,0.0,0.0,-0.0,236520,-0.0,0.0,-0.5286622643470764,0.0,0.0,0.0,0.0,155,3.3605712142802533,1.0,0.09496932694267841,0.0,0.0,0.0,-0.5818661451339722,CityLearnV3MADRLRewardFunction,masac_unified_comparable_v4,E1,-0.0,1907,14.008395494080993,1.0,0.13639309115543782,0.0,5
12,0.0,0.0,0.0,0.0,Building_9,8,MASAC,0.7900000214576721,False,0.0,0.0,0.0,0.4838186204433441,27,0,0.0,0.0,-0.0,236520,-0.0,0.0,-0.5355638265609741,0.0,0.0,0.0,0.0,106,3.4432752853633155,1.0,0.14646994921747805,0.0,0.0,0.0,-0.5818661451339722,CityLearnV3MADRLRewardFunction,masac_unified_comparable_v4,E1,-0.0,1907,14.008395494080993,1.0,0.13639309115543782,0.0,5
8,0.0,0.0,0.0,0.0,Building_10,9,MASAC,0.7900000214576721,False,0.0,0.0,0.0,0.4838186204433441,27,0,0.0,0.0,-0.0,236520,-0.0,0.0,-0.6111321449279785,0.0,0.0,0.0,0.0,78,3.2918498075273477,1.0,0.18495023482216474,0.0,0.0,0.0,-0.5818661451339722,CityLearnV3MADRLRewardFunction,masac_unified_comparable_v4,E1,-0.0,1907,14.008395494080993,1.0,0.13639309115543782,0.0,5
5,0.0,0.0,0.0,0.0,Building_11,10,MASAC,0.7900000214576721,False,0.0,0.0,0.0,0.4838186204433441,27,0,0.0,0.0,-0.0,236520,-0.0,0.0,-0.6211356520652771,0.0,0.0,0.0,0.0,57,3.6094177329305266,1.0,0.2958195930052745,0.0,0.0,0.0,-0.5818661451339722,CityLearnV3MADRLRewardFunction,masac_unified_comparable_v4,E1,-0.0,1907,14.008395494080993,1.0,0.13639309115543782,0.0,5
5,0.0,0.0,0.0,0.0,Building_12,11,MASAC,0.7900000214576721,False,0.0,0.0,0.0,0.4838186204433441,27,0,0.0,0.0,-0.0,236520,-0.0,0.0,-0.628875195980072,0.0,0.0,0.0,0.0,57,3.5651375588279177,1.0,0.29248023284762575,0.0,0.0,0.0,-0.5818661451339722,CityLearnV3MADRLRewardFunction,masac_unified_comparable_v4,E1,-0.0,1907,14.008395494080993,1.0,0.13639309115543782,0.0,5
13,0.0,0.0,0.0,0.0,Building_13,12,MASAC,0.7900000214576721,False,0.0,0.0,0.0,0.4838186204433441,27,0,0.0,0.0,-0.0,236520,-0.0,0.0,-0.5279753804206848,0.0,0.0,0.0,0.0,113,3.348825258662204,1.0,0.12991866906198252,0.0,0.0,0.0,-0.5818661451339722,CityLearnV3MADRLRewardFunction,masac_unified_comparable_v4,E1,-0.0,1907,14.008395494080993,1.0,0.13639309115543782,0.0,5
6,0.0,0.0,0.0,0.0,Building_14,13,MASAC,0.7900000214576721,False,0.0,0.0,0.0,0.4838186204433441,27,0,0.0,0.0,-0.0,236520,-0.0,0.0,-0.5319676995277405,0.0,0.0,0.0,0.0,64,3.450405890028905,1.0,0.24551812213030644,0.0,0.0,0.0,-0.5818661451339722,CityLearnV3MADRLRewardFunction,masac_unified_comparable_v4,E1,-0.0,1907,14.008395494080993,1.0,0.13639309115543782,0.0,5
10,0.0,0.0,0.0,0.0,Building_15,14,MASAC,0.7900000214576721,False,0.0,0.0,0.0,0.4838186204433441,27,0,0.0,0.0,-0.0,236520,-0.0,0.0,-0.5520359873771667,0.0,0.0,0.0,0.0,92,3.3687385319093637,1.0,0.16209052715693478,0.0,0.0,0.0,-0.5818661451339722,CityLearnV3MADRLRewardFunction,masac_unified_comparable_v4,E1,-0.0,1907,14.008395494080993,1.0,0.13639309115543782,0.0,5
13,0.0,0.0,0.0,0.0,Building_16,15,MASAC,0.7900000214576721,False,0.0,0.0,0.0,0.4838186204433441,27,0,0.0,0.0,-0.0,236520,-0.0,0.0,-0.6125873327255249,0.0,0.0,0.0,0.0,113,3.243816950087256,1.0,0.12608651950361982,0.0,0.0,0.0,-0.5818661451339722,CityLearnV3MADRLRewardFunction,masac_unified_comparable_v4,E1,-0.0,1907,14.008395494080993,1.0,0.13639309115543782,0.0,5
13,0.0,0.0,0.0,0.0,Building_17,16,MASAC,0.7900000214576721,False,0.0,0.0,0.0,0.4838186204433441,27,0,0.0,0.0,-0.0,236520,-0.0,0.0,-0.5983396172523499,0.0,0.0,0.0,0.0,113,3.4356772930742827,1.0,0.13947127372092377,0.0,0.0,0.0,-0.5818661451339722,CityLearnV3MADRLRewardFunction,masac_unified_comparable_v4,E1,-0.0,1907,14.008395494080993,1.0,0.13639309115543782,0.0,5
6,1.0,1.0,0.16666666666666666,0.0,Building_1,0,MASAC,0.7900000214576721,True,0.0,0.0,0.0,0.5087285041809082,27,8754,0.0,0.0,-0.0,245274,0.0,446.8856201171875,-0.8315331935882568,292.5751953125,353.0396423339844,446.8856201171875,446.8856201171875,64,3.4762517723115693,1.0,0.247487410902977,0.0,0.0,0.0,-0.7904646396636963,CityLearnV3MADRLRewardFunction,masac_unified_comparable_v4,E1,-0.0,1907,14.512854680168205,1.0,0.14237911412008908,0.0,8759
8,0.0,0.0,0.0,0.0,Building_2,1,MASAC,0.7900000214576721,True,0.0,0.0,0.0,0.5087285041809082,27,8754,0.0,0.0,-0.0,245274,0.0,5.618855953216553,-0.7450135946273804,2.9754133224487305,4.438896179199219,5.618855953216553,5.618855953216553,78,3.4817673373652647,1.0,0.1976744328171779,0.0,0.0,0.0,-0.7904646396636963,CityLearnV3MADRLRewardFunction,masac_unified_comparable_v4,E1,-0.0,1907,14.512854680168205,1.0,0.14237911412008908,0.0,8759
10,0.0,0.0,0.0,0.0,Building_3,2,MASAC,0.7900000214576721,True,0.0,0.0,0.0,0.5087285041809082,27,8754,0.0,0.0,-0.0,245274,0.0,98.17061614990234,-0.815578043460846,61.75166320800781,77.5547866821289,98.17061614990234,98.17061614990234,92,3.403418129659496,1.0,0.16433913892377977,0.0,0.0,0.0,-0.7904646396636963,CityLearnV3MADRLRewardFunction,masac_unified_comparable_v4,E1,-0.0,1907,14.512854680168205,1.0,0.14237911412008908,0.0,8759
8,0.0,0.0,0.0,0.0,Building_4,3,MASAC,0.7900000214576721,True,0.0,0.0,0.0,0.5087285041809082,27,8754,0.0,0.0,-0.0,245274,0.0,28.84416961669922,-0.8076699376106262,15.862687110900879,22.786893844604492,28.84416961669922,28.84416961669922,78,3.5251764591794967,1.0,0.20301210383574167,0.0,0.0,0.0,-0.7904646396636963,CityLearnV3MADRLRewardFunction,masac_unified_comparable_v4,E1,-0.0,1907,14.512854680168205,1.0,0.14237911412008908,0.0,8759
5,0.0,0.0,0.0,0.0,Building_5,4,MASAC,0.7900000214576721,True,0.0,0.0,0.0,0.5087285041809082,27,8754,0.0,0.0,-0.0,245274,0.0,37.89287567138672,-0.8448692560195923,21.85226058959961,29.935373306274414,37.89287567138672,37.89287567138672,57,3.6086691099782326,1.0,0.30400675848910685,0.0,0.0,0.0,-0.7904646396636963,CityLearnV3MADRLRewardFunction,masac_unified_comparable_v4,E1,-0.0,1907,14.512854680168205,1.0,0.14237911412008908,0.0,8759
34,0.0,0.0,0.0,0.0,Building_6,5,MASAC,0.7900000214576721,True,0.0,0.0,0.0,0.5087285041809082,27,8754,0.0,0.0,-0.0,245274,0.0,350.8894348144531,-0.8253774642944336,229.03280639648438,277.2026672363281,350.8894348144531,350.8894348144531,260,3.3827596401909497,1.0,0.05775675704846015,0.0,0.0,0.0,-0.7904646396636963,CityLearnV3MADRLRewardFunction,masac_unified_comparable_v4,E1,-0.0,1907,14.512854680168205,1.0,0.14237911412008908,0.0,8759
44,1.0,1.0,0.022727272727272728,0.0,Building_7,6,MASAC,0.7900000214576721,True,0.0,0.0,0.0,0.5087285041809082,27,8754,0.0,0.0,-0.0,245274,0.0,18.66022491455078,-0.7880755662918091,9.881349563598633,14.741578102111816,18.66022491455078,18.66022491455078,330,3.499490688268937,1.0,0.04806707374977343,0.0,0.0,0.0,-0.7904646396636963,CityLearnV3MADRLRewardFunction,masac_unified_comparable_v4,E1,-0.0,1907,14.512854680168205,1.0,0.14237911412008908,0.0,8759
19,0.0,0.0,0.0,0.0,Building_8,7,MASAC,0.7900000214576721,True,0.0,0.0,0.0,0.5087285041809082,27,8754,0.0,0.0,-0.0,245274,0.0,19.251495361328125,-0.7878340482711792,10.194452285766602,15.2086820602417,19.251495361328125,19.251495361328125,155,3.6087806158571873,1.0,0.1056737800759654,0.0,0.0,0.0,-0.7904646396636963,CityLearnV3MADRLRewardFunction,masac_unified_comparable_v4,E1,-0.0,1907,14.512854680168205,1.0,0.14237911412008908,0.0,8759
12,0.0,0.0,0.0,0.0,Building_9,8,MASAC,0.7900000214576721,True,0.0,0.0,0.0,0.5087285041809082,27,8754,0.0,0.0,-0.0,245274,0.0,2.4506425857543945,-0.7141392230987549,1.297715187072754,1.9360077381134033,2.4506425857543945,2.4506425857543945,106,3.7251497625810357,1.0,0.16976445013622068,0.0,0.0,0.0,-0.7904646396636963,CityLearnV3MADRLRewardFunction,masac_unified_comparable_v4,E1,-0.0,1907,14.512854680168205,1.0,0.14237911412008908,0.0,8759
8,0.0,0.0,0.0,0.0,Building_10,9,MASAC,0.7900000214576721,True,0.0,0.0,0.0,0.5087285041809082,27,8754,0.0,0.0,-0.0,245274,0.0,34.33414077758789,-0.8129473924636841,19.496641159057617,27.123971939086914,34.33414077758789,34.33414077758789,78,3.5720544984164224,1.0,0.20653450422180006,0.0,0.0,0.0,-0.7904646396636963,CityLearnV3MADRLRewardFunction,masac_unified_comparable_v4,E1,-0.0,1907,14.512854680168205,1.0,0.14237911412008908,0.0,8759
5,0.0,0.0,0.0,0.0,Building_11,10,MASAC,0.7900000214576721,True,0.0,0.0,0.0,0.5087285041809082,27,8754,0.0,0.0,-0.0,245274,0.0,57.917564392089844,-0.8129304051399231,35.107120513916016,45.754878997802734,57.917564392089844,57.917564392089844,57,3.4480946970197213,1.0,0.26835304001967114,0.0,0.0,0.0,-0.7904646396636963,CityLearnV3MADRLRewardFunction,masac_unified_comparable_v4,E1,-0.0,1907,14.512854680168205,1.0,0.14237911412008908,0.0,8759
5,1.0,0.0,-0.2,-1.0,Building_12,11,MASAC,0.7900000214576721,True,-470.8398132324219,0.0,0.0,0.5087285041809082,27,8754,0.0,0.0,-0.0,245274,288.23773193359375,0.0,-0.7756275534629822,-152.63363647460938,0.0,-288.23773193359375,182.60208129882812,57,3.522854235260828,1.0,0.27800729034239785,0.0,0.0,0.0,-0.7904646396636963,CityLearnV3MADRLRewardFunction,masac_unified_comparable_v4,E1,-0.0,1907,14.512854680168205,1.0,0.14237911412008908,0.0,8759
13,0.0,0.0,0.0,0.0,Building_13,12,MASAC,0.7900000214576721,True,0.0,0.0,0.0,0.5087285041809082,27,8754,0.0,0.0,-0.0,245274,0.0,2.789367437362671,-0.7329148650169373,1.4770838022232056,2.2036004066467285,2.789367437362671,2.789367437362671,113,3.46479602877702,1.0,0.13595865574558225,0.0,0.0,0.0,-0.7904646396636963,CityLearnV3MADRLRewardFunction,masac_unified_comparable_v4,E1,-0.0,1907,14.512854680168205,1.0,0.14237911412008908,0.0,8759
6,0.0,0.0,0.0,0.0,Building_14,13,MASAC,0.7900000214576721,True,0.0,0.0,0.0,0.5087285041809082,27,8754,0.0,0.0,-0.0,245274,0.0,2.485826015472412,-0.7320168614387512,1.316346287727356,1.9638025760650635,2.485826015472412,2.485826015472412,64,3.542103806369704,1.0,0.2488086032681167,0.0,0.0,0.0,-0.7904646396636963,CityLearnV3MADRLRewardFunction,masac_unified_comparable_v4,E1,-0.0,1907,14.512854680168205,1.0,0.14237911412008908,0.0,8759
10,0.0,0.0,0.0,0.0,Building_15,14,MASAC,0.7900000214576721,True,0.0,0.0,0.0,0.5087285041809082,27,8754,0.0,0.0,-0.0,245274,0.0,20.5941162109375,-0.7938050627708435,10.905424118041992,16.269351959228516,20.5941162109375,20.5941162109375,92,3.621759077632467,1.0,0.1808148901099744,0.0,0.0,0.0,-0.7904646396636963,CityLearnV3MADRLRewardFunction,masac_unified_comparable_v4,E1,-0.0,1907,14.512854680168205,1.0,0.14237911412008908,0.0,8759
13,0.0,0.0,0.0,0.0,Building_16,15,MASAC,0.7900000214576721,True,0.0,0.0,0.0,0.5087285041809082,27,8754,0.0,0.0,-0.0,245274,0.0,103.13050842285156,-0.8259785175323486,65.03474426269531,81.47310638427734,103.13050842285156,103.13050842285156,113,3.510024681391685,1.0,0.14223069031681634,0.0,0.0,0.0,-0.7904646396636963,CityLearnV3MADRLRewardFunction,masac_unified_comparable_v4,E1,-0.0,1907,14.512854680168205,1.0,0.14237911412008908,0.0,8759
13,1.0,1.0,0.07692307692307693,0.0,Building_17,16,MASAC,0.7900000214576721,True,0.0,0.0,0.0,0.5087285041809082,27,8754,0.0,0.0,-0.0,245274,0.0,21.1981143951416,-0.7915878891944885,11.225265502929688,16.746511459350586,21.1981143951416,21.1981143951416,113,3.427187264559757,1.0,0.1369640256187557,0.0,0.0,0.0,-0.7904646396636963,CityLearnV3MADRLRewardFunction,masac_unified_comparable_v4,E1,-0.0,1907,14.512854680168205,1.0,0.14237911412008908,0.0,8759
6,0.0,0.0,0.0,0.0,Building_1,0,MASAC,0.786109983921051,False,0.0,0.0,0.0,0.6572644114494324,28,0,0.0,0.0,-0.0,245280,-0.0,0.0,-0.6137552857398987,0.0,0.0,0.0,0.0,64,3.187025804357742,1.0,0.23638578788086306,0.0,0.0,0.0,-0.5539896488189697,CityLearnV3MADRLRewardFunction,masac_unified_comparable_v4,E1,-0.0,1907,14.03231645638133,1.0,0.14766600623474846,0.0,6
8,0.0,0.0,0.0,0.0,Building_2,1,MASAC,0.786109983921051,False,0.0,0.0,0.0,0.6572644114494324,28,0,0.0,0.0,-0.0,245280,-0.0,0.0,-0.5029026865959167,0.0,0.0,0.0,0.0,78,3.2844472223150674,1.0,0.19554805912029666,0.0,0.0,0.0,-0.5539896488189697,CityLearnV3MADRLRewardFunction,masac_unified_comparable_v4,E1,-0.0,1907,14.03231645638133,1.0,0.14766600623474846,0.0,6
10,0.0,0.0,0.0,0.0,Building_3,2,MASAC,0.786109983921051,False,0.0,0.0,0.0,0.6572644114494324,28,0,0.0,0.0,-0.0,245280,-0.0,0.0,-0.6070716977119446,0.0,0.0,0.0,0.0,92,3.5994526546911163,1.0,0.20146603828660495,0.0,0.0,0.0,-0.5539896488189697,CityLearnV3MADRLRewardFunction,masac_unified_comparable_v4,E1,-0.0,1907,14.03231645638133,1.0,0.14766600623474846,0.0,6
8,0.0,0.0,0.0,0.0,Building_4,3,MASAC,0.786109983921051,False,0.0,0.0,0.0,0.6572644114494324,28,0,0.0,0.0,-0.0,245280,-0.0,0.0,-0.5696679353713989,0.0,0.0,0.0,0.0,78,3.162321890600902,1.0,0.18755468825260416,0.0,0.0,0.0,-0.5539896488189697,CityLearnV3MADRLRewardFunction,masac_unified_comparable_v4,E1,-0.0,1907,14.03231645638133,1.0,0.14766600623474846,0.0,6
5,0.0,0.0,0.0,0.0,Building_5,4,MASAC,0.786109983921051,False,0.0,0.0,0.0,0.6572644114494324,28,0,0.0,0.0,-0.0,245280,-0.0,0.0,-0.5984365344047546,0.0,0.0,0.0,0.0,57,3.397425742107205,1.0,0.29385646045404046,0.0,0.0,0.0,-0.5539896488189697,CityLearnV3MADRLRewardFunction,masac_unified_comparable_v4,E1,-0.0,1907,14.03231645638133,1.0,0.14766600623474846,0.0,6
34,1.0,1.0,0.029411764705882353,0.0,Building_6,5,MASAC,0.786109983921051,False,0.0,0.0,0.0,0.6572644114494324,28,0,0.0,0.0,-0.0,245280,-0.0,0.0,-0.6063342094421387,0.0,0.0,0.0,0.0,260,3.1775393461942842,1.0,0.0570095410821243,0.0,0.0,0.0,-0.5539896488189697,CityLearnV3MADRLRewardFunction,masac_unified_comparable_v4,E1,-0.0,1907,14.03231645638133,1.0,0.14766600623474846,0.0,6
44,1.0,1.0,0.022727272727272728,0.0,Building_7,6,MASAC,0.786109983921051,False,0.0,0.0,0.0,0.6572644114494324,28,0,0.0,0.0,-0.0,245280,-0.0,0.0,-0.5031713247299194,0.0,0.0,0.0,0.0,330,3.2644685591756386,1.0,0.04602251983896801,0.0,0.0,0.0,-0.5539896488189697,CityLearnV3MADRLRewardFunction,masac_unified_comparable_v4,E1,-0.0,1907,14.03231645638133,1.0,0.14766600623474846,0.0,6
19,0.0,0.0,0.0,0.0,Building_8,7,MASAC,0.786109983921051,False,0.0,0.0,0.0,0.6572644114494324,28,0,0.0,0.0,-0.0,245280,-0.0,0.0,-0.5030028820037842,0.0,0.0,0.0,0.0,155,3.27926266815769,1.0,0.09830044721283258,0.0,0.0,0.0,-0.5539896488189697,CityLearnV3MADRLRewardFunction,masac_unified_comparable_v4,E1,-0.0,1907,14.03231645638133,1.0,0.14766600623474846,0.0,6
12,0.0,0.0,0.0,0.0,Building_9,8,MASAC,0.786109983921051,False,0.0,0.0,0.0,0.6572644114494324,28,0,0.0,0.0,-0.0,245280,-0.0,0.0,-0.5153050422668457,0.0,0.0,0.0,0.0,106,3.320715612969325,1.0,0.14986857992403632,0.0,0.0,0.0,-0.5539896488189697,CityLearnV3MADRLRewardFunction,masac_unified_comparable_v4,E1,-0.0,1907,14.03231645638133,1.0,0.14766600623474846,0.0,6
8,0.0,0.0,0.0,0.0,Building_10,9,MASAC,0.786109983921051,False,0.0,0.0,0.0,0.6572644114494324,28,0,0.0,0.0,-0.0,245280,-0.0,0.0,-0.5281412601470947,0.0,0.0,0.0,0.0,78,3.23593107731209,1.0,0.19333964101492596,0.0,0.0,0.0,-0.5539896488189697,CityLearnV3MADRLRewardFunction,masac_unified_comparable_v4,E1,-0.0,1907,14.03231645638133,1.0,0.14766600623474846,0.0,6
5,1.0,1.0,0.2,0.0,Building_11,10,MASAC,0.786109983921051,False,0.0,0.0,0.0,0.6572644114494324,28,0,0.0,0.0,-0.0,245280,-0.0,0.0,-0.5962271094322205,0.0,0.0,0.0,0.0,57,3.8056325052953976,1.0,0.3577375523582624,0.0,0.0,0.0,-0.5539896488189697,CityLearnV3MADRLRewardFunction,masac_unified_comparable_v4,E1,-0.0,1907,14.03231645638133,1.0,0.14766600623474846,0.0,6
5,0.0,0.0,0.0,0.0,Building_12,11,MASAC,0.786109983921051,False,0.0,0.0,0.0,0.6572644114494324,28,0,0.0,0.0,-0.0,245280,-0.0,0.0,-0.608847975730896,0.0,0.0,0.0,0.0,57,3.8912843401398813,1.0,0.3697073924142802,0.0,0.0,0.0,-0.5539896488189697,CityLearnV3MADRLRewardFunction,masac_unified_comparable_v4,E1,-0.0,1907,14.03231645638133,1.0,0.14766600623474846,0.0,6
13,0.0,0.0,0.0,0.0,Building_13,12,MASAC,0.786109983921051,False,0.0,0.0,0.0,0.6572644114494324,28,0,0.0,0.0,-0.0,245280,-0.0,0.0,-0.5030367374420166,0.0,0.0,0.0,0.0,113,3.2715890985948293,1.0,0.1346675186805361,0.0,0.0,0.0,-0.5539896488189697,CityLearnV3MADRLRewardFunction,masac_unified_comparable_v4,E1,-0.0,1907,14.03231645638133,1.0,0.14766600623474846,0.0,6
6,0.0,0.0,0.0,0.0,Building_14,13,MASAC,0.786109983921051,False,0.0,0.0,0.0,0.6572644114494324,28,0,0.0,0.0,-0.0,245280,-0.0,0.0,-0.5096768736839294,0.0,0.0,0.0,0.0,64,3.9693707685605304,1.0,0.34233012195909396,0.0,0.0,0.0,-0.5539896488189697,CityLearnV3MADRLRewardFunction,masac_unified_comparable_v4,E1,-0.0,1907,14.03231645638133,1.0,0.14766600623474846,0.0,6
10,0.0,0.0,0.0,0.0,Building_15,14,MASAC,0.786109983921051,False,0.0,0.0,0.0,0.6572644114494324,28,0,0.0,0.0,-0.0,245280,-0.0,0.0,-0.5081911087036133,0.0,0.0,0.0,0.0,92,3.313656209317796,1.0,0.16800284736951732,0.0,0.0,0.0,-0.5539896488189697,CityLearnV3MADRLRewardFunction,masac_unified_comparable_v4,E1,-0.0,1907,14.03231645638133,1.0,0.14766600623474846,0.0,6
13,0.0,0.0,0.0,0.0,Building_16,15,MASAC,0.786109983921051,False,0.0,0.0,0.0,0.6572644114494324,28,0,0.0,0.0,-0.0,245280,-0.0,0.0,-0.5701162815093994,0.0,0.0,0.0,0.0,113,3.2184328914808935,1.0,0.13417603420835417,0.0,0.0,0.0,-0.5539896488189697,CityLearnV3MADRLRewardFunction,masac_unified_comparable_v4,E1,-0.0,1907,14.03231645638133,1.0,0.14766600623474846,0.0,6
13,0.0,0.0,0.0,0.0,Building_17,16,MASAC,0.786109983921051,False,0.0,0.0,0.0,0.6572644114494324,28,0,0.0,0.0,-0.0,245280,-0.0,0.0,-0.5739381313323975,0.0,0.0,0.0,0.0,113,3.321761637345307,1.0,0.14054477250252942,0.0,0.0,0.0,-0.5539896488189697,CityLearnV3MADRLRewardFunction,masac_unified_comparable_v4,E1,-0.0,1907,14.03231645638133,1.0,0.14766600623474846,0.0,6
6,0.0,0.0,0.0,0.0,Building_1,0,MASAC,0.7900000214576721,True,0.0,0.0,0.0,0.32958081364631653,28,8753,0.0,0.0,-0.0,254033,0.0,391.586669921875,-0.8022828102111816,179.1614532470703,309.3534851074219,391.586669921875,391.586669921875,64,3.4225281189761185,1.0,0.23082253662869334,0.0,0.0,0.0,-0.7507438063621521,CityLearnV3MADRLRewardFunction,masac_unified_comparable_v4,E1,-0.0,1907,13.99993899432886,1.0,0.13062073770904642,0.0,8759
8,0.0,0.0,0.0,0.0,Building_2,1,MASAC,0.7900000214576721,True,0.0,0.0,0.0,0.32958081364631653,28,8753,0.0,0.0,-0.0,254033,0.0,0.1848604530096054,-0.6920812129974365,0.08457864075899124,0.14603976905345917,0.1848604530096054,0.1848604530096054,78,3.3750000354235548,1.0,0.18210070026226532,0.0,0.0,0.0,-0.7507438063621521,CityLearnV3MADRLRewardFunction,masac_unified_comparable_v4,E1,-0.0,1907,13.99993899432886,1.0,0.13062073770904642,0.0,8759
10,0.0,0.0,0.0,0.0,Building_3,2,MASAC,0.7900000214576721,True,0.0,0.0,0.0,0.32958081364631653,28,8753,0.0,0.0,-0.0,254033,0.0,39.0087890625,-0.7789211869239807,17.847572326660156,30.816944122314453,39.0087890625,39.0087890625,92,3.257616261692852,1.0,0.14939918676796166,0.0,0.0,0.0,-0.7507438063621521,CityLearnV3MADRLRewardFunction,masac_unified_comparable_v4,E1,-0.0,1907,13.99993899432886,1.0,0.13062073770904642,0.0,8759
8,0.0,0.0,0.0,0.0,Building_4,3,MASAC,0.7900000214576721,True,0.0,0.0,0.0,0.32958081364631653,28,8753,0.0,0.0,-0.0,254033,0.0,36.67196273803711,-0.7812386155128479,16.778411865234375,28.97085189819336,36.67196273803711,36.67196273803711,78,3.303076784925215,1.0,0.18100245029498369,0.0,0.0,0.0,-0.7507438063621521,CityLearnV3MADRLRewardFunction,masac_unified_comparable_v4,E1,-0.0,1907,13.99993899432886,1.0,0.13062073770904642,0.0,8759
5,0.0,0.0,0.0,0.0,Building_5,4,MASAC,0.7900000214576721,True,0.0,0.0,0.0,0.32958081364631653,28,8753,0.0,0.0,-0.0,254033,0.0,54.225337982177734,-0.8257700204849243,24.809553146362305,42.838016510009766,54.225337982177734,54.225337982177734,57,3.5379596175212598,1.0,0.29043494949215337,0.0,0.0,0.0,-0.7507438063621521,CityLearnV3MADRLRewardFunction,masac_unified_comparable_v4,E1,-0.0,1907,13.99993899432886,1.0,0.13062073770904642,0.0,8759
34,1.0,1.0,0.029411764705882353,0.0,Building_6,5,MASAC,0.7900000214576721,True,0.0,0.0,0.0,0.32958081364631653,28,8753,0.0,0.0,-0.0,254033,0.0,348.8946838378906,-0.8001495003700256,159.62872314453125,275.6268005371094,348.8946838378906,348.8946838378906,260,3.260059902324744,1.0,0.053182142743697536,0.0,0.0,0.0,-0.7507438063621521,CityLearnV3MADRLRewardFunction,masac_unified_comparable_v4,E1,-0.0,1907,13.99993899432886,1.0,0.13062073770904642,0.0,8759
44,0.0,0.0,0.0,0.0,Building_7,6,MASAC,0.7900000214576721,True,0.0,0.0,0.0,0.32958081364631653,28,8753,0.0,0.0,-0.0,254033,0.0,2.9800853729248047,-0.7040242552757263,1.3634693622589111,2.3542675971984863,2.9800853729248047,2.9800853729248047,330,3.3557699227170343,1.0,0.042945011434229935,0.0,0.0,0.0,-0.7507438063621521,CityLearnV3MADRLRewardFunction,masac_unified_comparable_v4,E1,-0.0,1907,13.99993899432886,1.0,0.13062073770904642,0.0,8759
19,1.0,1.0,0.05263157894736842,0.0,Building_8,7,MASAC,0.7900000214576721,True,0.0,0.0,0.0,0.32958081364631653,28,8753,0.0,0.0,-0.0,254033,0.0,6.19936990737915,-0.718517541885376,2.836378812789917,4.897502422332764,6.19936990737915,6.19936990737915,155,3.526577249108414,1.0,0.09901311589825539,0.0,0.0,0.0,-0.7507438063621521,CityLearnV3MADRLRewardFunction,masac_unified_comparable_v4,E1,-0.0,1907,13.99993899432886,1.0,0.13062073770904642,0.0,8759
12,0.0,0.0,0.0,0.0,Building_9,8,MASAC,0.7900000214576721,True,0.0,0.0,0.0,0.32958081364631653,28,8753,0.0,0.0,-0.0,254033,0.0,2.1350696086883545,-0.6831398606300354,0.9768518805503845,1.6867049932479858,2.1350696086883545,2.1350696086883545,106,3.5869352944720374,1.0,0.15464519526598589,0.0,0.0,0.0,-0.7507438063621521,CityLearnV3MADRLRewardFunction,masac_unified_comparable_v4,E1,-0.0,1907,13.99993899432886,1.0,0.13062073770904642,0.0,8759
8,0.0,0.0,0.0,0.0,Building_10,9,MASAC,0.7900000214576721,True,0.0,0.0,0.0,0.32958081364631653,28,8753,0.0,0.0,-0.0,254033,0.0,16.451881408691406,-0.7536107301712036,7.52717924118042,12.996986389160156,16.451881408691406,16.451881408691406,78,3.4337869686282665,1.0,0.18913282482669905,0.0,0.0,0.0,-0.7507438063621521,CityLearnV3MADRLRewardFunction,masac_unified_comparable_v4,E1,-0.0,1907,13.99993899432886,1.0,0.13062073770904642,0.0,8759
5,0.0,0.0,0.0,0.0,Building_11,10,MASAC,0.7900000214576721,True,0.0,0.0,0.0,0.32958081364631653,28,8753,0.0,0.0,-0.0,254033,0.0,66.45198059082031,-0.791054368019104,30.40357208251953,52.497066497802734,66.45198059082031,66.45198059082031,57,3.3839198028019783,1.0,0.2536836893934953,0.0,0.0,0.0,-0.7507438063621521,CityLearnV3MADRLRewardFunction,masac_unified_comparable_v4,E1,-0.0,1907,13.99993899432886,1.0,0.13062073770904642,0.0,8759
5,0.0,0.0,0.0,0.0,Building_12,11,MASAC,0.7900000214576721,True,0.0,0.0,0.0,0.32958081364631653,28,8753,0.0,0.0,-0.0,254033,0.0,155.388671875,-0.7890667915344238,71.0945053100586,122.7570571899414,155.388671875,155.388671875,57,3.2919829215900966,1.0,0.24665382948883793,0.0,0.0,0.0,-0.7507438063621521,CityLearnV3MADRLRewardFunction,masac_unified_comparable_v4,E1,-0.0,1907,13.99993899432886,1.0,0.13062073770904642,0.0,8759
13,0.0,0.0,0.0,0.0,Building_13,12,MASAC,0.7900000214576721,True,0.0,0.0,0.0,0.32958081364631653,28,8753,0.0,0.0,-0.0,254033,0.0,0.1047736182808876,-0.69173663854599,0.04793675243854523,0.08277115970849991,0.1047736182808876,0.1047736182808876,113,3.357140003071366,1.0,0.12505007765989387,0.0,0.0,0.0,-0.7507438063621521,CityLearnV3MADRLRewardFunction,masac_unified_comparable_v4,E1,-0.0,1907,13.99993899432886,1.0,0.13062073770904642,0.0,8759
6,0.0,0.0,0.0,0.0,Building_14,13,MASAC,0.7900000214576721,True,0.0,0.0,0.0,0.32958081364631653,28,8753,0.0,0.0,-0.0,254033,0.0,1.3521205186843872,-0.6971532702445984,0.6186316013336182,1.068175196647644,1.3521205186843872,1.3521205186843872,64,3.369920980211645,1.0,0.22332766791805625,0.0,0.0,0.0,-0.7507438063621521,CityLearnV3MADRLRewardFunction,masac_unified_comparable_v4,E1,-0.0,1907,13.99993899432886,1.0,0.13062073770904642,0.0,8759
10,0.0,0.0,0.0,0.0,Building_15,14,MASAC,0.7900000214576721,True,0.0,0.0,0.0,0.32958081364631653,28,8753,0.0,0.0,-0.0,254033,0.0,15.147623062133789,-0.7480658292770386,6.930445671081543,11.966622352600098,15.147623062133789,15.147623062133789,92,3.415466993834487,1.0,0.16096327000338098,0.0,0.0,0.0,-0.7507438063621521,CityLearnV3MADRLRewardFunction,masac_unified_comparable_v4,E1,-0.0,1907,13.99993899432886,1.0,0.13062073770904642,0.0,8759
13,0.0,0.0,0.0,0.0,Building_16,15,MASAC,0.7900000214576721,True,0.0,0.0,0.0,0.32958081364631653,28,8753,0.0,0.0,-0.0,254033,0.0,11.957420349121094,-0.7404265999794006,5.470841884613037,9.446362495422363,11.957420349121094,11.957420349121094,113,3.4645910825904327,1.0,0.13095620195422553,0.0,0.0,0.0,-0.7507438063621521,CityLearnV3MADRLRewardFunction,masac_unified_comparable_v4,E1,-0.0,1907,13.99993899432886,1.0,0.13062073770904642,0.0,8759
13,0.0,0.0,0.0,0.0,Building_17,16,MASAC,0.7900000214576721,True,0.0,0.0,0.0,0.32958081364631653,28,8753,0.0,0.0,-0.0,254033,0.0,23.087642669677734,-0.765405535697937,10.56321907043457,18.239238739013672,23.087642669677734,23.087642669677734,113,3.3597433124965823,1.0,0.12972572366748236,0.0,0.0,0.0,-0.7507438063621521,CityLearnV3MADRLRewardFunction,masac_unified_comparable_v4,E1,-0.0,1907,13.99993899432886,1.0,0.13062073770904642,0.0,8759
6,0.0,0.0,0.0,0.0,Building_1,0,MASAC,0.7617499828338623,False,0.0,0.0,0.0,0.6272557377815247,29,0,0.0,0.0,-0.0,254040,-0.0,0.0,-0.6699482202529907,0.0,0.0,0.0,0.0,64,3.383270212956728,0.9829629063606262,0.27713228366337717,0.0,0.0,0.0,-0.6208164095878601,CityLearnV3MADRLRewardFunction,masac_unified_comparable_v4,E1,-0.0,1907,14.98077562054648,1.0,0.17425560261775833,0.0,7
8,0.0,0.0,0.0,0.0,Building_2,1,MASAC,0.7617499828338623,False,0.0,0.0,0.0,0.6272557377815247,29,0,0.0,0.0,-0.0,254040,-0.0,0.0,-0.5650092363357544,0.0,0.0,0.0,0.0,78,3.4265054201724254,0.9829629063606262,0.22474945737765387,0.0,0.0,0.0,-0.6208164095878601,CityLearnV3MADRLRewardFunction,masac_unified_comparable_v4,E1,-0.0,1907,14.98077562054648,1.0,0.17425560261775833,0.0,7
10,1.0,0.0,-0.1,-1.0,Building_3,2,MASAC,0.7617499828338623,False,0.0,0.0,0.0,0.6272557377815247,29,0,0.0,0.0,-0.0,254040,-0.0,0.0,-0.6369957327842712,0.0,0.0,0.0,0.0,92,4.040544296813161,1.0,0.25354477811766707,0.0,0.0,0.0,-0.6208164095878601,CityLearnV3MADRLRewardFunction,masac_unified_comparable_v4,E1,-0.0,1907,14.98077562054648,1.0,0.17425560261775833,0.0,7
8,0.0,0.0,0.0,0.0,Building_4,3,MASAC,0.7617499828338623,False,0.0,0.0,0.0,0.6272557377815247,29,0,0.0,0.0,-0.0,254040,-0.0,0.0,-0.6381696462631226,0.0,0.0,0.0,0.0,78,3.496380210052863,0.9956119656562805,0.2272490987028831,0.0,0.0,0.0,-0.6208164095878601,CityLearnV3MADRLRewardFunction,masac_unified_comparable_v4,E1,-0.0,1907,14.98077562054648,1.0,0.17425560261775833,0.0,7
5,0.0,0.0,0.0,0.0,Building_5,4,MASAC,0.7617499828338623,False,0.0,0.0,0.0,0.6272557377815247,29,0,0.0,0.0,-0.0,254040,-0.0,0.0,-0.6566034555435181,0.0,0.0,0.0,0.0,57,3.7294143928138053,1.0,0.36341140288532825,0.0,0.0,0.0,-0.6208164095878601,CityLearnV3MADRLRewardFunction,masac_unified_comparable_v4,E1,-0.0,1907,14.98077562054648,1.0,0.17425560261775833,0.0,7
34,1.0,1.0,0.029411764705882353,0.0,Building_6,5,MASAC,0.7617499828338623,False,0.0,0.0,0.0,0.6272557377815247,29,0,0.0,0.0,-0.0,254040,-0.0,0.0,-0.6695659160614014,0.0,0.0,0.0,0.0,260,3.436029734294371,0.9829629063606262,0.06793519797233435,0.0,0.0,0.0,-0.6208164095878601,CityLearnV3MADRLRewardFunction,masac_unified_comparable_v4,E1,-0.0,1907,14.98077562054648,1.0,0.17425560261775833,0.0,7
44,1.0,1.0,0.022727272727272728,0.0,Building_7,6,MASAC,0.7617499828338623,False,0.0,0.0,0.0,0.6272557377815247,29,0,0.0,0.0,-0.0,254040,-0.0,0.0,-0.5813203454017639,0.0,0.0,0.0,0.0,330,3.385468685600336,0.9829629063606262,0.052089252751885036,0.0,0.0,0.0,-0.6208164095878601,CityLearnV3MADRLRewardFunction,masac_unified_comparable_v4,E1,-0.0,1907,14.98077562054648,1.0,0.17425560261775833,0.0,7
19,0.0,0.0,0.0,0.0,Building_8,7,MASAC,0.7617499828338623,False,0.0,0.0,0.0,0.6272557377815247,29,0,0.0,0.0,-0.0,254040,-0.0,0.0,-0.5758973360061646,0.0,0.0,0.0,0.0,155,3.4528583214914055,0.9829629063606262,0.11515186207909738,0.0,0.0,0.0,-0.6208164095878601,CityLearnV3MADRLRewardFunction,masac_unified_comparable_v4,E1,-0.0,1907,14.98077562054648,1.0,0.17425560261775833,0.0,7
12,1.0,1.0,0.08333333333333333,0.0,Building_9,8,MASAC,0.7617499828338623,False,0.0,0.0,0.0,0.6272557377815247,29,0,0.0,0.0,-0.0,254040,-0.0,0.0,-0.5780714750289917,0.0,0.0,0.0,0.0,106,3.48137827511656,0.9829629063606262,0.1689848402550198,0.0,0.0,0.0,-0.6208164095878601,CityLearnV3MADRLRewardFunction,masac_unified_comparable_v4,E1,-0.0,1907,14.98077562054648,1.0,0.17425560261775833,0.0,7
8,0.0,0.0,0.0,0.0,Building_10,9,MASAC,0.7617499828338623,False,0.0,0.0,0.0,0.6272557377815247,29,0,0.0,0.0,-0.0,254040,-0.0,0.0,-0.6521341800689697,0.0,0.0,0.0,0.0,78,3.375670525690729,0.9829629063606262,0.22076924391783392,0.0,0.0,0.0,-0.6208164095878601,CityLearnV3MADRLRewardFunction,masac_unified_comparable_v4,E1,-0.0,1907,14.98077562054648,1.0,0.17425560261775833,0.0,7
5,0.0,0.0,0.0,0.0,Building_11,10,MASAC,0.7617499828338623,False,0.0,0.0,0.0,0.6272557377815247,29,0,0.0,0.0,-0.0,254040,-0.0,0.0,-0.6553388833999634,0.0,0.0,0.0,0.0,57,4.060402470315101,1.0,0.4168975199000877,0.0,0.0,0.0,-0.6208164095878601,CityLearnV3MADRLRewardFunction,masac_unified_comparable_v4,E1,-0.0,1907,14.98077562054648,1.0,0.17425560261775833,0.0,7
5,0.0,0.0,0.0,0.0,Building_12,11,MASAC,0.7617499828338623,False,0.0,0.0,0.0,0.6272557377815247,29,0,0.0,0.0,-0.0,254040,-0.0,0.0,-0.6528674960136414,0.0,0.0,0.0,0.0,57,4.284426302549777,1.0,0.46683954042300846,0.0,0.0,0.0,-0.6208164095878601,CityLearnV3MADRLRewardFunction,masac_unified_comparable_v4,E1,-0.0,1907,14.98077562054648,1.0,0.17425560261775833,0.0,7
13,0.0,0.0,0.0,0.0,Building_13,12,MASAC,0.7617499828338623,False,0.0,0.0,0.0,0.6272557377815247,29,0,0.0,0.0,-0.0,254040,-0.0,0.0,-0.5709832310676575,0.0,0.0,0.0,0.0,113,3.391224436066061,0.9829629063606262,0.15230468851802623,0.0,0.0,0.0,-0.6208164095878601,CityLearnV3MADRLRewardFunction,masac_unified_comparable_v4,E1,-0.0,1907,14.98077562054648,1.0,0.17425560261775833,0.0,7
6,0.0,0.0,0.0,0.0,Building_14,13,MASAC,0.7617499828338623,False,0.0,0.0,0.0,0.6272557377815247,29,0,0.0,0.0,-0.0,254040,-0.0,0.0,-0.5705603361129761,0.0,0.0,0.0,0.0,64,4.312722977502172,1.0,0.42108960764016956,0.0,0.0,0.0,-0.6208164095878601,CityLearnV3MADRLRewardFunction,masac_unified_comparable_v4,E1,-0.0,1907,14.98077562054648,1.0,0.17425560261775833,0.0,7
10,0.0,0.0,0.0,0.0,Building_15,14,MASAC,0.7617499828338623,False,0.0,0.0,0.0,0.6272557377815247,29,0,0.0,0.0,-0.0,254040,-0.0,0.0,-0.582321047782898,0.0,0.0,0.0,0.0,92,3.41073148491574,0.9829629063606262,0.19127998970772908,0.0,0.0,0.0,-0.6208164095878601,CityLearnV3MADRLRewardFunction,masac_unified_comparable_v4,E1,-0.0,1907,14.98077562054648,1.0,0.17425560261775833,0.0,7
13,0.0,0.0,0.0,0.0,Building_16,15,MASAC,0.7617499828338623,False,0.0,0.0,0.0,0.6272557377815247,29,0,0.0,0.0,-0.0,254040,-0.0,0.0,-0.6565991044044495,0.0,0.0,0.0,0.0,113,3.3509601422461532,0.9829629063606262,0.15016449539534812,0.0,0.0,0.0,-0.6208164095878601,CityLearnV3MADRLRewardFunction,masac_unified_comparable_v4,E1,-0.0,1907,14.98077562054648,1.0,0.17425560261775833,0.0,7
13,1.0,1.0,0.07692307692307693,0.0,Building_17,16,MASAC,0.7617499828338623,False,0.0,0.0,0.0,0.6272557377815247,29,0,0.0,0.0,-0.0,254040,-0.0,0.0,-0.6414929032325745,0.0,0.0,0.0,0.0,113,3.502387595675052,0.9829629063606262,0.1622960119780186,0.0,0.0,0.0,-0.6208164095878601,CityLearnV3MADRLRewardFunction,masac_unified_comparable_v4,E1,-0.0,1907,14.98077562054648,1.0,0.17425560261775833,0.0,7
6,0.0,0.0,0.0,0.0,Building_1,0,MASAC,0.7900000214576721,True,0.0,0.0,0.0,0.28695225715637207,29,8752,0.0,0.0,-0.0,262792,0.0,433.45458984375,-0.6452549695968628,172.66647338867188,342.42913818359375,433.45458984375,433.45458984375,64,3.1783990790166454,1.0,0.20819497446063906,0.0,0.0,0.0,-0.6118767857551575,CityLearnV3MADRLRewardFunction,masac_unified_comparable_v4,E1,-0.0,1907,13.757409489886115,1.0,0.12629606332737361,0.0,8759
8,0.0,0.0,0.0,0.0,Building_2,1,MASAC,0.7900000214576721,True,0.0,0.0,0.0,0.28695225715637207,29,8752,0.0,0.0,-0.0,262792,0.0,15.16435432434082,-0.5971099734306335,6.040714740753174,11.979840278625488,15.16435432434082,15.16435432434082,78,3.4383038700024398,1.0,0.18819564265700486,0.0,0.0,0.0,-0.6118767857551575,CityLearnV3MADRLRewardFunction,masac_unified_comparable_v4,E1,-0.0,1907,13.757409489886115,1.0,0.12629606332737361,0.0,8759
10,0.0,0.0,0.0,0.0,Building_3,2,MASAC,0.7900000214576721,True,0.0,0.0,0.0,0.28695225715637207,29,8752,0.0,0.0,-0.0,262792,0.0,94.53981018066406,-0.6334154009819031,37.65989685058594,74.68645477294922,94.53981018066406,94.53981018066406,92,3.1959209938284725,1.0,0.14368497993311155,0.0,0.0,0.0,-0.6118767857551575,CityLearnV3MADRLRewardFunction,masac_unified_comparable_v4,E1,-0.0,1907,13.757409489886115,1.0,0.12629606332737361,0.0,8759
8,0.0,0.0,0.0,0.0,Building_4,3,MASAC,0.7900000214576721,True,0.0,0.0,0.0,0.28695225715637207,29,8752,0.0,0.0,-0.0,262792,0.0,31.04317283630371,-0.6267995238304138,12.366035461425781,24.524106979370117,31.04317283630371,31.04317283630371,78,3.3300877114398655,1.0,0.17901407707578096,0.0,0.0,0.0,-0.6118767857551575,CityLearnV3MADRLRewardFunction,masac_unified_comparable_v4,E1,-0.0,1907,13.757409489886115,1.0,0.12629606332737361,0.0,8759
5,0.0,0.0,0.0,0.0,Building_5,4,MASAC,0.7900000214576721,True,0.0,0.0,0.0,0.28695225715637207,29,8752,0.0,0.0,-0.0,262792,0.0,38.538970947265625,-0.6697558760643005,15.351984024047852,30.44578742980957,38.538970947265625,38.538970947265625,57,3.5721362577050546,1.0,0.288264197869259,0.0,0.0,0.0,-0.6118767857551575,CityLearnV3MADRLRewardFunction,masac_unified_comparable_v4,E1,-0.0,1907,13.757409489886115,1.0,0.12629606332737361,0.0,8759
34,1.0,1.0,0.029411764705882353,0.0,Building_6,5,MASAC,0.7900000214576721,True,0.0,0.0,0.0,0.28695225715637207,29,8752,0.0,0.0,-0.0,262792,0.0,362.8901062011719,-0.649027407169342,144.55712890625,286.6831970214844,362.8901062011719,362.8901062011719,260,3.1870037943218907,1.0,0.05117337884238133,0.0,0.0,0.0,-0.6118767857551575,CityLearnV3MADRLRewardFunction,masac_unified_comparable_v4,E1,-0.0,1907,13.757409489886115,1.0,0.12629606332737361,0.0,8759
44,1.0,1.0,0.022727272727272728,0.0,Building_7,6,MASAC,0.7900000214576721,True,0.0,0.0,0.0,0.28695225715637207,29,8752,0.0,0.0,-0.0,262792,0.0,12.664111137390137,-0.5874823331832886,5.044743537902832,10.004648208618164,12.664111137390137,12.664111137390137,330,3.277792606506913,1.0,0.04175241806290366,0.0,0.0,0.0,-0.6118767857551575,CityLearnV3MADRLRewardFunction,masac_unified_comparable_v4,E1,-0.0,1907,13.757409489886115,1.0,0.12629606332737361,0.0,8759
19,0.0,0.0,0.0,0.0,Building_8,7,MASAC,0.7900000214576721,True,0.0,0.0,0.0,0.28695225715637207,29,8752,0.0,0.0,-0.0,262792,0.0,12.065996170043945,-0.587299108505249,4.806484699249268,9.532136917114258,12.065996170043945,12.065996170043945,155,3.444070084462658,1.0,0.09541381285075218,0.0,0.0,0.0,-0.6118767857551575,CityLearnV3MADRLRewardFunction,masac_unified_comparable_v4,E1,-0.0,1907,13.757409489886115,1.0,0.12629606332737361,0.0,8759
12,0.0,0.0,0.0,0.0,Building_9,8,MASAC,0.7900000214576721,True,0.0,0.0,0.0,0.28695225715637207,29,8752,0.0,0.0,-0.0,262792,0.0,2.290161371231079,-0.5308459401130676,0.9122849106788635,1.8092275857925415,2.290161371231079,2.290161371231079,106,3.5165356679833266,1.0,0.14819376571279652,0.0,0.0,0.0,-0.6118767857551575,CityLearnV3MADRLRewardFunction,masac_unified_comparable_v4,E1,-0.0,1907,13.757409489886115,1.0,0.12629606332737361,0.0,8759
8,0.0,0.0,0.0,0.0,Building_10,9,MASAC,0.7900000214576721,True,0.0,0.0,0.0,0.28695225715637207,29,8752,0.0,0.0,-0.0,262792,0.0,51.649574279785156,-0.638920783996582,20.574588775634766,40.803165435791016,51.649574279785156,51.649574279785156,78,3.3777082815240584,1.0,0.1835336844699505,0.0,0.0,0.0,-0.6118767857551575,CityLearnV3MADRLRewardFunction,masac_unified_comparable_v4,E1,-0.0,1907,13.757409489886115,1.0,0.12629606332737361,0.0,8759
5,0.0,0.0,0.0,0.0,Building_11,10,MASAC,0.7900000214576721,True,0.0,0.0,0.0,0.28695225715637207,29,8752,0.0,0.0,-0.0,262792,0.0,71.54803466796875,-0.6320721507072449,28.501131057739258,56.52294921875,71.54803466796875,71.54803466796875,57,3.244150653238733,1.0,0.23588033066245548,0.0,0.0,0.0,-0.6118767857551575,CityLearnV3MADRLRewardFunction,masac_unified_comparable_v4,E1,-0.0,1907,13.757409489886115,1.0,0.12629606332737361,0.0,8759
5,0.0,0.0,0.0,0.0,Building_12,11,MASAC,0.7900000214576721,True,0.0,0.0,0.0,0.28695225715637207,29,8752,0.0,0.0,-0.0,262792,0.0,215.11593627929688,-0.6493725180625916,85.69135284423828,169.94158935546875,215.11593627929688,215.11593627929688,57,3.3560164936735815,1.0,0.2509071271409068,0.0,0.0,0.0,-0.6118767857551575,CityLearnV3MADRLRewardFunction,masac_unified_comparable_v4,E1,-0.0,1907,13.757409489886115,1.0,0.12629606332737361,0.0,8759
13,0.0,0.0,0.0,0.0,Building_13,12,MASAC,0.7900000214576721,True,0.0,0.0,0.0,0.28695225715637207,29,8752,0.0,0.0,-0.0,262792,0.0,2.033022403717041,-0.5475395917892456,0.8098536729812622,1.6060876846313477,2.033022403717041,2.033022403717041,113,3.3822281682196293,1.0,0.12555964535052797,0.0,0.0,0.0,-0.6118767857551575,CityLearnV3MADRLRewardFunction,masac_unified_comparable_v4,E1,-0.0,1907,13.757409489886115,1.0,0.12629606332737361,0.0,8759
6,0.0,0.0,0.0,0.0,Building_14,13,MASAC,0.7900000214576721,True,0.0,0.0,0.0,0.28695225715637207,29,8752,0.0,0.0,-0.0,262792,0.0,2.6149511337280273,-0.5495955348014832,1.041664719581604,2.0658113956451416,2.6149511337280273,2.6149511337280273,64,3.2376499438136954,1.0,0.20893981552217156,0.0,0.0,0.0,-0.6118767857551575,CityLearnV3MADRLRewardFunction,masac_unified_comparable_v4,E1,-0.0,1907,13.757409489886115,1.0,0.12629606332737361,0.0,8759
10,0.0,0.0,0.0,0.0,Building_15,14,MASAC,0.7900000214576721,True,0.0,0.0,0.0,0.28695225715637207,29,8752,0.0,0.0,-0.0,262792,0.0,19.521480560302734,-0.6053032875061035,7.776374340057373,15.42197036743164,19.521480560302734,19.521480560302734,92,3.3426679466881586,1.0,0.15512718964854014,0.0,0.0,0.0,-0.6118767857551575,CityLearnV3MADRLRewardFunction,masac_unified_comparable_v4,E1,-0.0,1907,13.757409489886115,1.0,0.12629606332737361,0.0,8759
13,0.0,0.0,0.0,0.0,Building_16,15,MASAC,0.7900000214576721,True,0.0,0.0,0.0,0.28695225715637207,29,8752,0.0,0.0,-0.0,262792,0.0,54.89390563964844,-0.6399398446083069,21.866966247558594,43.366188049316406,54.89390563964844,54.89390563964844,113,3.3590200252021742,1.0,0.12483055652242846,0.0,0.0,0.0,-0.6118767857551575,CityLearnV3MADRLRewardFunction,masac_unified_comparable_v4,E1,-0.0,1907,13.757409489886115,1.0,0.12629606332737361,0.0,8759
13,0.0,0.0,0.0,0.0,Building_17,16,MASAC,0.7900000214576721,True,0.0,0.0,0.0,0.28695225715637207,29,8752,0.0,0.0,-0.0,262792,0.0,22.46647071838379,-0.612171471118927,8.949509620666504,17.748512268066406,22.46647071838379,22.46647071838379,113,3.2519974131408764,1.0,0.12078024137072858,0.0,0.0,0.0,-0.6118767857551575,CityLearnV3MADRLRewardFunction,masac_unified_comparable_v4,E1,-0.0,1907,13.757409489886115,1.0,0.12629606332737361,0.0,8759
6,0.0,0.0,0.0,0.0,Building_1,0,MASAC,0.7615389823913574,False,0.0,0.0,0.0,0.5509660840034485,30,0,0.0,0.0,-0.0,262800,-0.0,0.0,-0.844879150390625,0.0,0.0,0.0,0.0,64,3.168566170040123,1.0,0.2379675623960793,0.0,0.0,0.0,-0.8147048950195312,CityLearnV3MADRLRewardFunction,masac_unified_comparable_v4,E1,-0.0,1907,14.247842739866313,1.0,0.15621745144957153,0.0,8
8,0.0,0.0,0.0,0.0,Building_2,1,MASAC,0.7615389823913574,False,0.0,0.0,0.0,0.5509660840034485,30,0,0.0,0.0,-0.0,262800,-0.0,0.0,-0.7750752568244934,0.0,0.0,0.0,0.0,78,3.185415584577237,1.0,0.19138142851014167,0.0,0.0,0.0,-0.8147048950195312,CityLearnV3MADRLRewardFunction,masac_unified_comparable_v4,E1,-0.0,1907,14.247842739866313,1.0,0.15621745144957153,0.0,8
10,0.0,0.0,0.0,0.0,Building_3,2,MASAC,0.7615389823913574,False,0.0,0.0,0.0,0.5509660840034485,30,0,0.0,0.0,-0.0,262800,-0.0,0.0,-0.8712812662124634,0.0,0.0,0.0,0.0,92,4.26887716184256,1.0,0.28051105605276383,0.0,0.0,0.0,-0.8147048950195312,CityLearnV3MADRLRewardFunction,masac_unified_comparable_v4,E1,-0.0,1907,14.247842739866313,1.0,0.15621745144957153,0.0,8
8,0.0,0.0,0.0,0.0,Building_4,3,MASAC,0.7615389823913574,False,0.0,0.0,0.0,0.5509660840034485,30,0,0.0,0.0,-0.0,262800,-0.0,0.0,-0.8244183659553528,0.0,0.0,0.0,0.0,78,3.162378289779756,1.0,0.1920653952476688,0.0,0.0,0.0,-0.8147048950195312,CityLearnV3MADRLRewardFunction,masac_unified_comparable_v4,E1,-0.0,1907,14.247842739866313,1.0,0.15621745144957153,0.0,8
5,0.0,0.0,0.0,0.0,Building_5,4,MASAC,0.7615389823913574,False,0.0,0.0,0.0,0.5509660840034485,30,0,0.0,0.0,-0.0,262800,-0.0,0.0,-0.8279666900634766,0.0,0.0,0.0,0.0,57,3.53308373363948,1.0,0.3226272726856303,0.0,0.0,0.0,-0.8147048950195312,CityLearnV3MADRLRewardFunction,masac_unified_comparable_v4,E1,-0.0,1907,14.247842739866313,1.0,0.15621745144957153,0.0,8
34,1.0,1.0,0.029411764705882353,0.0,Building_6,5,MASAC,0.7615389823913574,False,0.0,0.0,0.0,0.5509660840034485,30,0,0.0,0.0,-0.0,262800,-0.0,0.0,-0.8445777893066406,0.0,0.0,0.0,0.0,260,3.1574392189147704,1.0,0.05822110887473592,0.0,0.0,0.0,-0.8147048950195312,CityLearnV3MADRLRewardFunction,masac_unified_comparable_v4,E1,-0.0,1907,14.247842739866313,1.0,0.15621745144957153,0.0,8
44,1.0,0.0,-0.022727272727272728,-1.0,Building_7,6,MASAC,0.7615389823913574,False,0.0,0.0,0.0,0.5509660840034485,30,0,0.0,0.0,-0.0,262800,-0.0,0.0,-0.8248410224914551,0.0,0.0,0.0,0.0,330,3.175935515968322,1.0,0.04593886846507138,0.0,0.0,0.0,-0.8147048950195312,CityLearnV3MADRLRewardFunction,masac_unified_comparable_v4,E1,-0.0,1907,14.247842739866313,1.0,0.15621745144957153,0.0,8
19,0.0,0.0,0.0,0.0,Building_8,7,MASAC,0.7615389823913574,False,0.0,0.0,0.0,0.5509660840034485,30,0,0.0,0.0,-0.0,262800,-0.0,0.0,-0.7997269034385681,0.0,0.0,0.0,0.0,155,3.181164401084458,1.0,0.09665708437321648,0.0,0.0,0.0,-0.8147048950195312,CityLearnV3MADRLRewardFunction,masac_unified_comparable_v4,E1,-0.0,1907,14.247842739866313,1.0,0.15621745144957153,0.0,8
12,0.0,0.0,0.0,0.0,Building_9,8,MASAC,0.7615389823913574,False,0.0,0.0,0.0,0.5509660840034485,30,0,0.0,0.0,-0.0,262800,-0.0,0.0,-0.7600768804550171,0.0,0.0,0.0,0.0,106,3.3243923145959404,1.0,0.15235694337917385,0.0,0.0,0.0,-0.8147048950195312,CityLearnV3MADRLRewardFunction,masac_unified_comparable_v4,E1,-0.0,1907,14.247842739866313,1.0,0.15621745144957153,0.0,8
8,0.0,0.0,0.0,0.0,Building_10,9,MASAC,0.7615389823913574,False,0.0,0.0,0.0,0.5509660840034485,30,0,0.0,0.0,-0.0,262800,-0.0,0.0,-0.8315029740333557,0.0,0.0,0.0,0.0,78,3.1861016403608002,1.0,0.19520190148017344,0.0,0.0,0.0,-0.8147048950195312,CityLearnV3MADRLRewardFunction,masac_unified_comparable_v4,E1,-0.0,1907,14.247842739866313,1.0,0.15621745144957153,0.0,8
5,0.0,0.0,0.0,0.0,Building_11,10,MASAC,0.7615389823913574,False,0.0,0.0,0.0,0.5509660840034485,30,0,0.0,0.0,-0.0,262800,-0.0,0.0,-0.8234534859657288,0.0,0.0,0.0,0.0,57,3.898211435115772,1.0,0.3838970802659005,0.0,0.0,0.0,-0.8147048950195312,CityLearnV3MADRLRewardFunction,masac_unified_comparable_v4,E1,-0.0,1907,14.247842739866313,1.0,0.15621745144957153,0.0,8
5,1.0,1.0,0.2,0.0,Building_12,11,MASAC,0.7615389823913574,False,0.0,0.0,0.0,0.5509660840034485,30,0,0.0,0.0,-0.0,262800,-0.0,0.0,-0.8392805457115173,0.0,0.0,0.0,0.0,57,4.126298799149219,1.0,0.42699413488439303,0.0,0.0,0.0,-0.8147048950195312,CityLearnV3MADRLRewardFunction,masac_unified_comparable_v4,E1,-0.0,1907,14.247842739866313,1.0,0.15621745144957153,0.0,8
13,0.0,0.0,0.0,0.0,Building_13,12,MASAC,0.7615389823913574,False,0.0,0.0,0.0,0.5509660840034485,30,0,0.0,0.0,-0.0,262800,-0.0,0.0,-0.7758750319480896,0.0,0.0,0.0,0.0,113,3.1715729818852596,1.0,0.13156942932545085,0.0,0.0,0.0,-0.8147048950195312,CityLearnV3MADRLRewardFunction,masac_unified_comparable_v4,E1,-0.0,1907,14.247842739866313,1.0,0.15621745144957153,0.0,8
6,0.0,0.0,0.0,0.0,Building_14,13,MASAC,0.7615389823913574,False,0.0,0.0,0.0,0.5509660840034485,30,0,0.0,0.0,-0.0,262800,-0.0,0.0,-0.7354214191436768,0.0,0.0,0.0,0.0,64,4.147783528433861,1.0,0.3822680162556935,0.0,0.0,0.0,-0.8147048950195312,CityLearnV3MADRLRewardFunction,masac_unified_comparable_v4,E1,-0.0,1907,14.247842739866313,1.0,0.15621745144957153,0.0,8
10,0.0,0.0,0.0,0.0,Building_15,14,MASAC,0.7615389823913574,False,0.0,0.0,0.0,0.5509660840034485,30,0,0.0,0.0,-0.0,262800,-0.0,0.0,-0.8200225234031677,0.0,0.0,0.0,0.0,92,3.2369170306434802,1.0,0.16853066304010217,0.0,0.0,0.0,-0.8147048950195312,CityLearnV3MADRLRewardFunction,masac_unified_comparable_v4,E1,-0.0,1907,14.247842739866313,1.0,0.15621745144957153,0.0,8
13,0.0,0.0,0.0,0.0,Building_16,15,MASAC,0.7615389823913574,False,0.0,0.0,0.0,0.5509660840034485,30,0,0.0,0.0,-0.0,262800,-0.0,0.0,-0.8312614560127258,0.0,0.0,0.0,0.0,113,3.1532109250511824,1.0,0.13086957611407327,0.0,0.0,0.0,-0.8147048950195312,CityLearnV3MADRLRewardFunction,masac_unified_comparable_v4,E1,-0.0,1907,14.247842739866313,1.0,0.15621745144957153,0.0,8
13,0.0,0.0,0.0,0.0,Building_17,16,MASAC,0.7615389823913574,False,0.0,0.0,0.0,0.5509660840034485,30,0,0.0,0.0,-0.0,262800,-0.0,0.0,-0.8203222751617432,0.0,0.0,0.0,0.0,113,3.2898840609585043,1.0,0.14221242263056008,0.0,0.0,0.0,-0.8147048950195312,CityLearnV3MADRLRewardFunction,masac_unified_comparable_v4,E1,-0.0,1907,14.247842739866313,1.0,0.15621745144957153,0.0,8
6,0.0,0.0,0.0,0.0,Building_1,0,MASAC,0.7900000214576721,True,0.0,0.0,0.0,0.5087285041809082,30,8751,0.0,0.0,-0.0,271551,0.0,446.8856201171875,-0.8389577865600586,295.8052062988281,353.0396423339844,446.8856201171875,446.8856201171875,64,3.40515919159412,1.0,0.24130682041868567,0.0,0.0,0.0,-0.8022723197937012,CityLearnV3MADRLRewardFunction,masac_unified_comparable_v4,E1,-0.0,1907,14.525875433086368,1.0,0.14288093742348476,0.0,8759
8,0.0,0.0,0.0,0.0,Building_2,1,MASAC,0.7900000214576721,True,0.0,0.0,0.0,0.5087285041809082,30,8751,0.0,0.0,-0.0,271551,0.0,5.618855953216553,-0.7537170052528381,3.719266653060913,4.438896179199219,5.618855953216553,5.618855953216553,78,3.5701833462053525,1.0,0.20554834757095727,0.0,0.0,0.0,-0.8022723197937012,CityLearnV3MADRLRewardFunction,masac_unified_comparable_v4,E1,-0.0,1907,14.525875433086368,1.0,0.14288093742348476,0.0,8759
10,0.0,0.0,0.0,0.0,Building_3,2,MASAC,0.7900000214576721,True,0.0,0.0,0.0,0.5087285041809082,30,8751,0.0,0.0,-0.0,271551,0.0,98.17061614990234,-0.8340957760810852,64.98168182373047,77.5547866821289,98.17061614990234,98.17061614990234,92,3.4892652008930063,1.0,0.17080442218676858,0.0,0.0,0.0,-0.8022723197937012,CityLearnV3MADRLRewardFunction,masac_unified_comparable_v4,E1,-0.0,1907,14.525875433086368,1.0,0.14288093742348476,0.0,8759
8,1.0,1.0,0.125,0.0,Building_4,3,MASAC,0.7900000214576721,True,0.0,0.0,0.0,0.5087285041809082,30,8751,0.0,0.0,-0.0,271551,0.0,28.84416961669922,-0.8151548504829407,19.09270477294922,22.786893844604492,28.84416961669922,28.84416961669922,78,3.512256738178613,1.0,0.2024125758654032,0.0,0.0,0.0,-0.8022723197937012,CityLearnV3MADRLRewardFunction,masac_unified_comparable_v4,E1,-0.0,1907,14.525875433086368,1.0,0.14288093742348476,0.0,8759
5,0.0,0.0,0.0,0.0,Building_5,4,MASAC,0.7900000214576721,True,0.0,0.0,0.0,0.5087285041809082,30,8751,0.0,0.0,-0.0,271551,0.0,37.89287567138672,-0.8527872562408447,25.082279205322266,29.935373306274414,37.89287567138672,37.89287567138672,57,3.62821767623284,1.0,0.30769799937281694,0.0,0.0,0.0,-0.8022723197937012,CityLearnV3MADRLRewardFunction,masac_unified_comparable_v4,E1,-0.0,1907,14.525875433086368,1.0,0.14288093742348476,0.0,8759
34,1.0,1.0,0.029411764705882353,0.0,Building_6,5,MASAC,0.7900000214576721,True,0.0,0.0,0.0,0.5087285041809082,30,8751,0.0,0.0,-0.0,271551,0.0,350.8894348144531,-0.839317262172699,232.26283264160156,277.2026672363281,350.8894348144531,350.8894348144531,260,3.4884040785138204,1.0,0.06035132625928292,0.0,0.0,0.0,-0.8022723197937012,CityLearnV3MADRLRewardFunction,masac_unified_comparable_v4,E1,-0.0,1907,14.525875433086368,1.0,0.14288093742348476,0.0,8759
44,1.0,0.0,-0.022727272727272728,-1.0,Building_7,6,MASAC,0.7900000214576721,True,0.0,0.0,0.0,0.5087285041809082,30,8751,0.0,0.0,-0.0,271551,0.0,18.66022491455078,-0.7954768538475037,12.35168743133545,14.741578102111816,18.66022491455078,18.66022491455078,330,3.4885605133058535,1.0,0.04781821478496898,0.0,0.0,0.0,-0.8022723197937012,CityLearnV3MADRLRewardFunction,masac_unified_comparable_v4,E1,-0.0,1907,14.525875433086368,1.0,0.14288093742348476,0.0,8759
19,0.0,0.0,0.0,0.0,Building_8,7,MASAC,0.7900000214576721,True,0.0,0.0,0.0,0.5087285041809082,30,8751,0.0,0.0,-0.0,271551,0.0,19.251495361328125,-0.7976056933403015,12.743064880371094,15.2086820602417,19.251495361328125,19.251495361328125,155,3.6519073516324045,1.0,0.1082173107131835,0.0,0.0,0.0,-0.8022723197937012,CityLearnV3MADRLRewardFunction,masac_unified_comparable_v4,E1,-0.0,1907,14.525875433086368,1.0,0.14288093742348476,0.0,8759
12,0.0,0.0,0.0,0.0,Building_9,8,MASAC,0.7900000214576721,True,0.0,0.0,0.0,0.5087285041809082,30,8751,0.0,0.0,-0.0,271551,0.0,2.4506425857543945,-0.7218406796455383,1.6221439838409424,1.9360077381134033,2.4506425857543945,2.4506425857543945,106,3.713908134033071,1.0,0.1683360109070562,0.0,0.0,0.0,-0.8022723197937012,CityLearnV3MADRLRewardFunction,masac_unified_comparable_v4,E1,-0.0,1907,14.525875433086368,1.0,0.14288093742348476,0.0,8759
8,0.0,0.0,0.0,0.0,Building_10,9,MASAC,0.7900000214576721,True,0.0,0.0,0.0,0.5087285041809082,30,8751,0.0,0.0,-0.0,271551,0.0,34.33414077758789,-0.816399335861206,22.726659774780273,27.123971939086914,34.33414077758789,34.33414077758789,78,3.4616780009934613,1.0,0.1997048737337956,0.0,0.0,0.0,-0.8022723197937012,CityLearnV3MADRLRewardFunction,masac_unified_comparable_v4,E1,-0.0,1907,14.525875433086368,1.0,0.14288093742348476,0.0,8759
5,0.0,0.0,0.0,0.0,Building_11,10,MASAC,0.7900000214576721,True,0.0,0.0,0.0,0.5087285041809082,30,8751,0.0,0.0,-0.0,271551,0.0,57.917564392089844,-0.820906400680542,38.33713912963867,45.754878997802734,57.917564392089844,57.917564392089844,57,3.448825727258507,1.0,0.2685633006325939,0.0,0.0,0.0,-0.8022723197937012,CityLearnV3MADRLRewardFunction,masac_unified_comparable_v4,E1,-0.0,1907,14.525875433086368,1.0,0.14288093742348476,0.0,8759
5,0.0,0.0,0.0,0.0,Building_12,11,MASAC,0.7900000214576721,True,0.0,0.0,0.0,0.5087285041809082,30,8751,0.0,0.0,-0.0,271551,0.0,182.6020965576172,-0.8386144042015076,120.86907196044922,144.2556610107422,182.6020965576172,182.6020965576172,57,3.51146868885074,1.0,0.2772338123697984,0.0,0.0,0.0,-0.8022723197937012,CityLearnV3MADRLRewardFunction,masac_unified_comparable_v4,E1,-0.0,1907,14.525875433086368,1.0,0.14288093742348476,0.0,8759
13,0.0,0.0,0.0,0.0,Building_13,12,MASAC,0.7900000214576721,True,0.0,0.0,0.0,0.5087285041809082,30,8751,0.0,0.0,-0.0,271551,0.0,2.789367437362671,-0.740722119808197,1.8463547229766846,2.2036004066467285,2.789367437362671,2.789367437362671,113,3.4654777041394422,1.0,0.13606022535699658,0.0,0.0,0.0,-0.8022723197937012,CityLearnV3MADRLRewardFunction,masac_unified_comparable_v4,E1,-0.0,1907,14.525875433086368,1.0,0.14288093742348476,0.0,8759
6,0.0,0.0,0.0,0.0,Building_14,13,MASAC,0.7900000214576721,True,0.0,0.0,0.0,0.5087285041809082,30,8751,0.0,0.0,-0.0,271551,0.0,2.485826015472412,-0.7394779920578003,1.6454328298568726,1.9638025760650635,2.485826015472412,2.485826015472412,64,3.4520963918803877,1.0,0.24071905482560396,0.0,0.0,0.0,-0.8022723197937012,CityLearnV3MADRLRewardFunction,masac_unified_comparable_v4,E1,-0.0,1907,14.525875433086368,1.0,0.14288093742348476,0.0,8759
10,0.0,0.0,0.0,0.0,Building_15,14,MASAC,0.7900000214576721,True,0.0,0.0,0.0,0.5087285041809082,30,8751,0.0,0.0,-0.0,271551,0.0,20.5941162109375,-0.7998983860015869,13.631780624389648,16.269351959228516,20.5941162109375,20.5941162109375,92,3.5616017748096502,1.0,0.17728238261264304,0.0,0.0,0.0,-0.8022723197937012,CityLearnV3MADRLRewardFunction,masac_unified_comparable_v4,E1,-0.0,1907,14.525875433086368,1.0,0.14288093742348476,0.0,8759
13,0.0,0.0,0.0,0.0,Building_16,15,MASAC,0.7900000214576721,True,0.0,0.0,0.0,0.5087285041809082,30,8751,0.0,0.0,-0.0,271551,0.0,103.13050842285156,-0.8300352096557617,68.26476287841797,81.47310638427734,103.13050842285156,103.13050842285156,113,3.4678089403756793,1.0,0.14009026246788228,0.0,0.0,0.0,-0.8022723197937012,CityLearnV3MADRLRewardFunction,masac_unified_comparable_v4,E1,-0.0,1907,14.525875433086368,1.0,0.14288093742348476,0.0,8759
13,0.0,0.0,0.0,0.0,Building_17,16,MASAC,0.7900000214576721,True,0.0,0.0,0.0,0.5087285041809082,30,8751,0.0,0.0,-0.0,271551,0.0,21.1981143951416,-0.8036220073699951,14.031582832336426,16.746511459350586,21.1981143951416,21.1981143951416,113,3.559643353972126,1.0,0.1438892997999107,0.0,0.0,0.0,-0.8022723197937012,CityLearnV3MADRLRewardFunction,masac_unified_comparable_v4,E1,-0.0,1907,14.525875433086368,1.0,0.14288093742348476,0.0,8759
6,0.0,0.0,0.0,0.0,Building_1,0,MASAC,0.7900000214576721,False,0.0,0.0,0.0,0.39711645245552063,31,0,0.0,0.0,-0.0,271560,-0.0,0.0,-0.5494993329048157,0.0,0.0,0.0,0.0,64,3.399947121501272,1.0,0.23232329500024207,0.0,0.0,0.0,-0.4925156235694885,CityLearnV3MADRLRewardFunction,masac_unified_comparable_v4,E1,-0.0,1907,14.51904259128735,1.0,0.1365605647239578,0.0,1
8,0.0,0.0,0.0,0.0,Building_2,1,MASAC,0.7900000214576721,False,0.0,0.0,0.0,0.39711645245552063,31,0,0.0,0.0,-0.0,271560,-0.0,0.0,-0.4413459599018097,0.0,0.0,0.0,0.0,78,3.530972767129449,1.0,0.19426156773876685,0.0,0.0,0.0,-0.4925156235694885,CityLearnV3MADRLRewardFunction,masac_unified_comparable_v4,E1,-0.0,1907,14.51904259128735,1.0,0.1365605647239578,0.0,1
10,0.0,0.0,0.0,0.0,Building_3,2,MASAC,0.7900000214576721,False,0.0,0.0,0.0,0.39711645245552063,31,0,0.0,0.0,-0.0,271560,-0.0,0.0,-0.5154462456703186,0.0,0.0,0.0,0.0,92,3.595184511317292,1.0,0.1728648382401013,0.0,0.0,0.0,-0.4925156235694885,CityLearnV3MADRLRewardFunction,masac_unified_comparable_v4,E1,-0.0,1907,14.51904259128735,1.0,0.1365605647239578,0.0,1
8,0.0,0.0,0.0,0.0,Building_4,3,MASAC,0.7900000214576721,False,0.0,0.0,0.0,0.39711645245552063,31,0,0.0,0.0,-0.0,271560,-0.0,0.0,-0.5052692294120789,0.0,0.0,0.0,0.0,78,3.4599095937337703,1.0,0.19043285115502584,0.0,0.0,0.0,-0.4925156235694885,CityLearnV3MADRLRewardFunction,masac_unified_comparable_v4,E1,-0.0,1907,14.51904259128735,1.0,0.1365605647239578,0.0,1
5,0.0,0.0,0.0,0.0,Building_5,4,MASAC,0.7900000214576721,False,0.0,0.0,0.0,0.39711645245552063,31,0,0.0,0.0,-0.0,271560,-0.0,0.0,-0.5317111015319824,0.0,0.0,0.0,0.0,57,3.5373607559917155,1.0,0.2738490780782804,0.0,0.0,0.0,-0.4925156235694885,CityLearnV3MADRLRewardFunction,masac_unified_comparable_v4,E1,-0.0,1907,14.51904259128735,1.0,0.1365605647239578,0.0,1
34,1.0,1.0,0.029411764705882353,0.0,Building_6,5,MASAC,0.7900000214576721,False,0.0,0.0,0.0,0.39711645245552063,31,0,0.0,0.0,-0.0,271560,-0.0,0.0,-0.5465103387832642,0.0,0.0,0.0,0.0,260,3.446708557887374,1.0,0.057251454810970104,0.0,0.0,0.0,-0.4925156235694885,CityLearnV3MADRLRewardFunction,masac_unified_comparable_v4,E1,-0.0,1907,14.51904259128735,1.0,0.1365605647239578,0.0,1
44,0.0,0.0,0.0,0.0,Building_7,6,MASAC,0.7900000214576721,False,0.0,0.0,0.0,0.39711645245552063,31,0,0.0,0.0,-0.0,271560,-0.0,0.0,-0.44820865988731384,0.0,0.0,0.0,0.0,330,3.511104933560661,1.0,0.04572345136354367,0.0,0.0,0.0,-0.4925156235694885,CityLearnV3MADRLRewardFunction,masac_unified_comparable_v4,E1,-0.0,1907,14.51904259128735,1.0,0.1365605647239578,0.0,1
19,0.0,0.0,0.0,0.0,Building_8,7,MASAC,0.7900000214576721,False,0.0,0.0,0.0,0.39711645245552063,31,0,0.0,0.0,-0.0,271560,-0.0,0.0,-0.4430450201034546,0.0,0.0,0.0,0.0,155,3.529797331867745,1.0,0.09781620388309802,0.0,0.0,0.0,-0.4925156235694885,CityLearnV3MADRLRewardFunction,masac_unified_comparable_v4,E1,-0.0,1907,14.51904259128735,1.0,0.1365605647239578,0.0,1
12,0.0,0.0,0.0,0.0,Building_9,8,MASAC,0.7900000214576721,False,0.0,0.0,0.0,0.39711645245552063,31,0,0.0,0.0,-0.0,271560,-0.0,0.0,-0.45133042335510254,0.0,0.0,0.0,0.0,106,3.6406126405888504,1.0,0.15179483432603894,0.0,0.0,0.0,-0.4925156235694885,CityLearnV3MADRLRewardFunction,masac_unified_comparable_v4,E1,-0.0,1907,14.51904259128735,1.0,0.1365605647239578,0.0,1
8,0.0,0.0,0.0,0.0,Building_10,9,MASAC,0.7900000214576721,False,0.0,0.0,0.0,0.39711645245552063,31,0,0.0,0.0,-0.0,271560,-0.0,0.0,-0.5194079279899597,0.0,0.0,0.0,0.0,78,3.4879012296061043,1.0,0.1926768557049143,0.0,0.0,0.0,-0.4925156235694885,CityLearnV3MADRLRewardFunction,masac_unified_comparable_v4,E1,-0.0,1907,14.51904259128735,1.0,0.1365605647239578,0.0,1
5,0.0,0.0,0.0,0.0,Building_11,10,MASAC,0.7900000214576721,False,0.0,0.0,0.0,0.39711645245552063,31,0,0.0,0.0,-0.0,271560,-0.0,0.0,-0.5361932516098022,0.0,0.0,0.0,0.0,57,3.6190027730143046,1.0,0.28072351599602324,0.0,0.0,0.0,-0.4925156235694885,CityLearnV3MADRLRewardFunction,masac_unified_comparable_v4,E1,-0.0,1907,14.51904259128735,1.0,0.1365605647239578,0.0,1
5,0.0,0.0,0.0,0.0,Building_12,11,MASAC,0.7900000214576721,False,0.0,0.0,0.0,0.39711645245552063,31,0,0.0,0.0,-0.0,271560,-0.0,0.0,-0.5454437732696533,0.0,0.0,0.0,0.0,57,3.5772085401377147,1.0,0.27765777514299805,0.0,0.0,0.0,-0.4925156235694885,CityLearnV3MADRLRewardFunction,masac_unified_comparable_v4,E1,-0.0,1907,14.51904259128735,1.0,0.1365605647239578,0.0,1
13,0.0,0.0,0.0,0.0,Building_13,12,MASAC,0.7900000214576721,False,0.0,0.0,0.0,0.39711645245552063,31,0,0.0,0.0,-0.0,271560,-0.0,0.0,-0.4437367618083954,0.0,0.0,0.0,0.0,113,3.5178147076479815,1.0,0.13379122516288694,0.0,0.0,0.0,-0.4925156235694885,CityLearnV3MADRLRewardFunction,masac_unified_comparable_v4,E1,-0.0,1907,14.51904259128735,1.0,0.1365605647239578,0.0,1
6,0.0,0.0,0.0,0.0,Building_14,13,MASAC,0.7900000214576721,False,0.0,0.0,0.0,0.39711645245552063,31,0,0.0,0.0,-0.0,271560,-0.0,0.0,-0.4468543827533722,0.0,0.0,0.0,0.0,64,3.4945148124651526,1.0,0.23472238521208055,0.0,0.0,0.0,-0.4925156235694885,CityLearnV3MADRLRewardFunction,masac_unified_comparable_v4,E1,-0.0,1907,14.51904259128735,1.0,0.1365605647239578,0.0,1
10,1.0,1.0,0.1,0.0,Building_15,14,MASAC,0.7900000214576721,False,0.0,0.0,0.0,0.39711645245552063,31,0,0.0,0.0,-0.0,271560,-0.0,0.0,-0.4509211480617523,0.0,0.0,0.0,0.0,92,3.533428896026317,1.0,0.1655962839115249,0.0,0.0,0.0,-0.4925156235694885,CityLearnV3MADRLRewardFunction,masac_unified_comparable_v4,E1,-0.0,1907,14.51904259128735,1.0,0.1365605647239578,0.0,1
13,0.0,0.0,0.0,0.0,Building_16,15,MASAC,0.7900000214576721,False,0.0,0.0,0.0,0.39711645245552063,31,0,0.0,0.0,-0.0,271560,-0.0,0.0,-0.5336475968360901,0.0,0.0,0.0,0.0,113,3.4239601574799527,1.0,0.1302925614821436,0.0,0.0,0.0,-0.4925156235694885,CityLearnV3MADRLRewardFunction,masac_unified_comparable_v4,E1,-0.0,1907,14.51904259128735,1.0,0.1365605647239578,0.0,1
13,1.0,0.0,-0.07692307692307693,-1.0,Building_17,16,MASAC,0.7900000214576721,False,0.0,0.0,0.0,0.39711645245552063,31,0,0.0,0.0,-0.0,271560,-0.0,0.0,-0.46419456601142883,0.0,0.0,0.0,0.0,113,3.548298200180829,1.0,0.14028504921073934,0.0,0.0,0.0,-0.4925156235694885,CityLearnV3MADRLRewardFunction,masac_unified_comparable_v4,E1,-0.0,1907,14.51904259128735,1.0,0.1365605647239578,0.0,1
6,1.0,1.0,0.16666666666666666,0.0,Building_1,0,MASAC,0.7900000214576721,True,0.0,0.0,0.0,0.28695225715637207,31,8758,0.0,0.0,-0.0,280318,0.0,433.45458984375,-0.8381373882293701,172.66647338867188,342.42913818359375,433.45458984375,433.45458984375,64,3.2666332708388377,1.0,0.21726017852779478,0.0,0.0,0.0,-0.7998155951499939,CityLearnV3MADRLRewardFunction,masac_unified_comparable_v4,E1,-0.0,1907,13.760260365440049,1.0,0.12662351453177706,0.0,8759
8,0.0,0.0,0.0,0.0,Building_2,1,MASAC,0.7900000214576721,True,0.0,0.0,0.0,0.28695225715637207,31,8758,0.0,0.0,-0.0,280318,0.0,15.16435432434082,-0.7851654887199402,6.040714740753174,11.979840278625488,15.16435432434082,15.16435432434082,78,3.4019888194082206,1.0,0.18646481470801893,0.0,0.0,0.0,-0.7998155951499939,CityLearnV3MADRLRewardFunction,masac_unified_comparable_v4,E1,-0.0,1907,13.760260365440049,1.0,0.12662351453177706,0.0,8759
10,0.0,0.0,0.0,0.0,Building_3,2,MASAC,0.7900000214576721,True,0.0,0.0,0.0,0.28695225715637207,31,8758,0.0,0.0,-0.0,280318,0.0,94.53981018066406,-0.8222081661224365,37.65989685058594,74.68645477294922,94.53981018066406,94.53981018066406,92,3.1965110934075236,1.0,0.14378516027784866,0.0,0.0,0.0,-0.7998155951499939,CityLearnV3MADRLRewardFunction,masac_unified_comparable_v4,E1,-0.0,1907,13.760260365440049,1.0,0.12662351453177706,0.0,8759
8,0.0,0.0,0.0,0.0,Building_4,3,MASAC,0.7900000214576721,True,0.0,0.0,0.0,0.28695225715637207,31,8758,0.0,0.0,-0.0,280318,0.0,31.04317283630371,-0.8137833476066589,12.366035461425781,24.524106979370117,31.04317283630371,31.04317283630371,78,3.270847151711238,1.0,0.1761959923956639,0.0,0.0,0.0,-0.7998155951499939,CityLearnV3MADRLRewardFunction,masac_unified_comparable_v4,E1,-0.0,1907,13.760260365440049,1.0,0.12662351453177706,0.0,8759
5,0.0,0.0,0.0,0.0,Building_5,4,MASAC,0.7900000214576721,True,0.0,0.0,0.0,0.28695225715637207,31,8758,0.0,0.0,-0.0,280318,0.0,38.538970947265625,-0.8512526154518127,15.351984024047852,30.44578742980957,38.538970947265625,38.538970947265625,57,3.4370548276444413,1.0,0.27476077526807785,0.0,0.0,0.0,-0.7998155951499939,CityLearnV3MADRLRewardFunction,masac_unified_comparable_v4,E1,-0.0,1907,13.760260365440049,1.0,0.12662351453177706,0.0,8759
34,0.0,0.0,0.0,0.0,Building_6,5,MASAC,0.7900000214576721,True,0.0,0.0,0.0,0.28695225715637207,31,8758,0.0,0.0,-0.0,280318,0.0,362.8901062011719,-0.8373696804046631,144.55712890625,286.6831970214844,362.8901062011719,362.8901062011719,260,3.1994735894759208,1.0,0.05140307221848231,0.0,0.0,0.0,-0.7998155951499939,CityLearnV3MADRLRewardFunction,masac_unified_comparable_v4,E1,-0.0,1907,13.760260365440049,1.0,0.12662351453177706,0.0,8759
44,0.0,0.0,0.0,0.0,Building_7,6,MASAC,0.7900000214576721,True,0.0,0.0,0.0,0.28695225715637207,31,8758,0.0,0.0,-0.0,280318,0.0,12.664111137390137,-0.7777579426765442,5.044743537902832,10.004648208618164,12.664111137390137,12.664111137390137,330,3.3798003297975696,1.0,0.0433185389547637,0.0,0.0,0.0,-0.7998155951499939,CityLearnV3MADRLRewardFunction,masac_unified_comparable_v4,E1,-0.0,1907,13.760260365440049,1.0,0.12662351453177706,0.0,8759
19,0.0,0.0,0.0,0.0,Building_8,7,MASAC,0.7900000214576721,True,0.0,0.0,0.0,0.28695225715637207,31,8758,0.0,0.0,-0.0,280318,0.0,12.065996170043945,-0.7752856612205505,4.806484699249268,9.532136917114258,12.065996170043945,12.065996170043945,155,3.397061435195797,1.0,0.09419150539944249,0.0,0.0,0.0,-0.7998155951499939,CityLearnV3MADRLRewardFunction,masac_unified_comparable_v4,E1,-0.0,1907,13.760260365440049,1.0,0.12662351453177706,0.0,8759
12,0.0,0.0,0.0,0.0,Building_9,8,MASAC,0.7900000214576721,True,0.0,0.0,0.0,0.28695225715637207,31,8758,0.0,0.0,-0.0,280318,0.0,2.290161371231079,-0.7197784781455994,0.9122849106788635,1.8092275857925415,2.290161371231079,2.290161371231079,106,3.5990141285336925,1.0,0.15377637315190062,0.0,0.0,0.0,-0.7998155951499939,CityLearnV3MADRLRewardFunction,masac_unified_comparable_v4,E1,-0.0,1907,13.760260365440049,1.0,0.12662351453177706,0.0,8759
8,1.0,1.0,0.125,0.0,Building_10,9,MASAC,0.7900000214576721,True,0.0,0.0,0.0,0.28695225715637207,31,8758,0.0,0.0,-0.0,280318,0.0,51.649574279785156,-0.8252242803573608,20.574588775634766,40.803165435791016,51.649574279785156,51.649574279785156,78,3.3184780215732608,1.0,0.1806233386771801,0.0,0.0,0.0,-0.7998155951499939,CityLearnV3MADRLRewardFunction,masac_unified_comparable_v4,E1,-0.0,1907,13.760260365440049,1.0,0.12662351453177706,0.0,8759
5,0.0,0.0,0.0,0.0,Building_11,10,MASAC,0.7900000214576721,True,0.0,0.0,0.0,0.28695225715637207,31,8758,0.0,0.0,-0.0,280318,0.0,71.54803466796875,-0.8208469152450562,28.501131057739258,56.52294921875,71.54803466796875,71.54803466796875,57,3.244844439035724,1.0,0.23607153373590686,0.0,0.0,0.0,-0.7998155951499939,CityLearnV3MADRLRewardFunction,masac_unified_comparable_v4,E1,-0.0,1907,13.760260365440049,1.0,0.12662351453177706,0.0,8759
5,0.0,0.0,0.0,0.0,Building_12,11,MASAC,0.7900000214576721,True,0.0,0.0,0.0,0.28695225715637207,31,8758,0.0,0.0,-0.0,280318,0.0,215.11593627929688,-0.8365137577056885,85.69135284423828,169.94158935546875,215.11593627929688,215.11593627929688,57,3.259770329856273,1.0,0.2438935040120493,0.0,0.0,0.0,-0.7998155951499939,CityLearnV3MADRLRewardFunction,masac_unified_comparable_v4,E1,-0.0,1907,13.760260365440049,1.0,0.12662351453177706,0.0,8759
13,0.0,0.0,0.0,0.0,Building_13,12,MASAC,0.7900000214576721,True,0.0,0.0,0.0,0.28695225715637207,31,8758,0.0,0.0,-0.0,280318,0.0,2.033022403717041,-0.7361398935317993,0.8098536729812622,1.6060876846313477,2.033022403717041,2.033022403717041,113,3.394494041435643,1.0,0.12594851185526468,0.0,0.0,0.0,-0.7998155951499939,CityLearnV3MADRLRewardFunction,masac_unified_comparable_v4,E1,-0.0,1907,13.760260365440049,1.0,0.12662351453177706,0.0,8759
6,0.0,0.0,0.0,0.0,Building_14,13,MASAC,0.7900000214576721,True,0.0,0.0,0.0,0.28695225715637207,31,8758,0.0,0.0,-0.0,280318,0.0,2.6149511337280273,-0.7385531663894653,1.041664719581604,2.0658113956451416,2.6149511337280273,2.6149511337280273,64,3.3199749565388705,1.0,0.21760896814521402,0.0,0.0,0.0,-0.7998155951499939,CityLearnV3MADRLRewardFunction,masac_unified_comparable_v4,E1,-0.0,1907,13.760260365440049,1.0,0.12662351453177706,0.0,8759
10,0.0,0.0,0.0,0.0,Building_15,14,MASAC,0.7900000214576721,True,0.0,0.0,0.0,0.28695225715637207,31,8758,0.0,0.0,-0.0,280318,0.0,19.521480560302734,-0.7967404723167419,7.776374340057373,15.42197036743164,19.521480560302734,19.521480560302734,92,3.455999208148652,1.0,0.1613678435754517,0.0,0.0,0.0,-0.7998155951499939,CityLearnV3MADRLRewardFunction,masac_unified_comparable_v4,E1,-0.0,1907,13.760260365440049,1.0,0.12662351453177706,0.0,8759
13,0.0,0.0,0.0,0.0,Building_16,15,MASAC,0.7900000214576721,True,0.0,0.0,0.0,0.28695225715637207,31,8758,0.0,0.0,-0.0,280318,0.0,54.89390563964844,-0.8190701007843018,21.866966247558594,43.366188049316406,54.89390563964844,54.89390563964844,113,3.215082643408114,1.0,0.11788734266188293,0.0,0.0,0.0,-0.7998155951499939,CityLearnV3MADRLRewardFunction,masac_unified_comparable_v4,E1,-0.0,1907,13.760260365440049,1.0,0.12662351453177706,0.0,8759
13,0.0,0.0,0.0,0.0,Building_17,16,MASAC,0.7900000214576721,True,0.0,0.0,0.0,0.28695225715637207,31,8758,0.0,0.0,-0.0,280318,0.0,22.46647071838379,-0.803037703037262,8.949509620666504,17.748512268066406,22.46647071838379,22.46647071838379,113,3.3504236829385627,1.0,0.12439343959620569,0.0,0.0,0.0,-0.7998155951499939,CityLearnV3MADRLRewardFunction,masac_unified_comparable_v4,E1,-0.0,1907,13.760260365440049,1.0,0.12662351453177706,0.0,8759
6,0.0,0.0,0.0,0.0,Building_1,0,MASAC,0.7900000214576721,False,0.0,0.0,0.0,0.37446051836013794,32,0,0.0,0.0,-0.0,280320,-0.0,0.0,-0.8082830309867859,0.0,0.0,0.0,0.0,64,3.3083174208178527,1.0,0.21762845574994572,-0.014203501865267754,0.0,0.0,-0.7570385336875916,CityLearnV3MADRLRewardFunction,masac_unified_comparable_v4,E1,-0.0,1907,14.150581308896948,1.0,0.12829975842429384,0.0,2
8,0.0,0.0,0.0,0.0,Building_2,1,MASAC,0.7900000214576721,False,0.0,0.0,0.0,0.37446051836013794,32,0,0.0,0.0,-0.0,280320,-0.0,0.0,-0.7027477025985718,0.0,0.0,0.0,0.0,78,3.4325377540178703,1.0,0.18127813479170585,-0.014203501865267754,0.0,0.0,-0.7570385336875916,CityLearnV3MADRLRewardFunction,masac_unified_comparable_v4,E1,-0.0,1907,14.150581308896948,1.0,0.12829975842429384,0.0,2
10,0.0,0.0,0.0,0.0,Building_3,2,MASAC,0.7900000214576721,False,0.0,0.0,0.0,0.37446051836013794,32,0,0.0,0.0,-0.0,280320,-0.0,0.0,-0.795833170413971,0.0,0.0,0.0,0.0,92,3.506029493384133,1.0,0.16215225124893629,-0.014203501865267754,0.0,0.0,-0.7570385336875916,CityLearnV3MADRLRewardFunction,masac_unified_comparable_v4,E1,-0.0,1907,14.150581308896948,1.0,0.12829975842429384,0.0,2
8,0.0,0.0,0.0,0.0,Building_4,3,MASAC,0.7900000214576721,False,0.0,0.0,0.0,0.37446051836013794,32,0,0.0,0.0,-0.0,280320,-0.0,0.0,-0.7499340772628784,0.0,0.0,0.0,0.0,78,3.3607638378967226,1.0,0.1775727963839204,-0.014203501865267754,0.0,0.0,-0.7570385336875916,CityLearnV3MADRLRewardFunction,masac_unified_comparable_v4,E1,-0.0,1907,14.150581308896948,1.0,0.12829975842429384,0.0,2
5,0.0,0.0,0.0,0.0,Building_5,4,MASAC,0.7900000214576721,False,0.0,0.0,0.0,0.37446051836013794,32,0,0.0,0.0,-0.0,280320,-0.0,0.0,-0.7861567735671997,0.0,0.0,0.0,0.0,57,3.44371915161523,1.0,0.25621212904521246,-0.014203501865267754,0.0,0.0,-0.7570385336875916,CityLearnV3MADRLRewardFunction,masac_unified_comparable_v4,E1,-0.0,1907,14.150581308896948,1.0,0.12829975842429384,0.0,2
34,0.0,0.0,0.0,0.0,Building_6,5,MASAC,0.7900000214576721,False,0.0,0.0,0.0,0.37446051836013794,32,0,0.0,0.0,-0.0,280320,-0.0,0.0,-0.8034464120864868,0.0,0.0,0.0,0.0,260,3.3461560003735293,1.0,0.05334266774499646,-0.014203501865267754,0.0,0.0,-0.7570385336875916,CityLearnV3MADRLRewardFunction,masac_unified_comparable_v4,E1,-0.0,1907,14.150581308896948,1.0,0.12829975842429384,0.0,2
44,1.0,1.0,0.022727272727272728,0.0,Building_7,6,MASAC,0.7900000214576721,False,0.0,0.0,0.0,0.37446051836013794,32,0,0.0,0.0,-0.0,280320,-0.0,0.0,-0.7249701023101807,0.0,0.0,0.0,0.0,330,3.4138499834020717,1.0,0.04283086793553648,-0.014203501865267754,0.0,0.0,-0.7570385336875916,CityLearnV3MADRLRewardFunction,masac_unified_comparable_v4,E1,-0.0,1907,14.150581308896948,1.0,0.12829975842429384,0.0,2
19,0.0,0.0,0.0,0.0,Building_8,7,MASAC,0.7900000214576721,False,0.0,0.0,0.0,0.37446051836013794,32,0,0.0,0.0,-0.0,280320,-0.0,0.0,-0.7033467292785645,0.0,0.0,0.0,0.0,155,3.4325837603285576,1.0,0.09130838206939158,-0.014203501865267754,0.0,0.0,-0.7570385336875916,CityLearnV3MADRLRewardFunction,masac_unified_comparable_v4,E1,-0.0,1907,14.150581308896948,1.0,0.12829975842429384,0.0,2
12,0.0,0.0,0.0,0.0,Building_9,8,MASAC,0.7900000214576721,False,0.0,0.0,0.0,0.37446051836013794,32,0,0.0,0.0,-0.0,280320,-0.0,0.0,-0.7102617621421814,0.0,0.0,0.0,0.0,106,3.558036506108788,1.0,0.14452830626506288,-0.014203501865267754,0.0,0.0,-0.7570385336875916,CityLearnV3MADRLRewardFunction,masac_unified_comparable_v4,E1,-0.0,1907,14.150581308896948,1.0,0.12829975842429384,0.0,2
8,0.0,0.0,0.0,0.0,Building_10,9,MASAC,0.7900000214576721,False,0.0,0.0,0.0,0.37446051836013794,32,0,0.0,0.0,-0.0,280320,-0.0,0.0,-0.787641704082489,0.0,0.0,0.0,0.0,78,3.388978296627166,1.0,0.18063215226030502,-0.014203501865267754,0.0,0.0,-0.7570385336875916,CityLearnV3MADRLRewardFunction,masac_unified_comparable_v4,E1,-0.0,1907,14.150581308896948,1.0,0.12829975842429384,0.0,2
5,0.0,0.0,0.0,0.0,Building_11,10,MASAC,0.7900000214576721,False,0.0,0.0,0.0,0.37446051836013794,32,0,0.0,0.0,-0.0,280320,-0.0,0.0,-0.7959738373756409,0.0,0.0,0.0,0.0,57,3.5302026619987257,1.0,0.26353120506463346,-0.014203501865267754,0.0,0.0,-0.7570385336875916,CityLearnV3MADRLRewardFunction,masac_unified_comparable_v4,E1,-0.0,1907,14.150581308896948,1.0,0.12829975842429384,0.0,2
5,1.0,1.0,0.2,0.0,Building_12,11,MASAC,0.7900000214576721,False,0.0,0.0,0.0,0.37446051836013794,32,0,0.0,0.0,-0.0,280320,-0.0,0.0,-0.8062407970428467,0.0,0.0,0.0,0.0,57,3.5332972507747176,1.0,0.2690532355520286,-0.014203501865267754,0.0,0.0,-0.7570385336875916,CityLearnV3MADRLRewardFunction,masac_unified_comparable_v4,E1,-0.0,1907,14.150581308896948,1.0,0.12829975842429384,0.0,2
13,1.0,1.0,0.07692307692307693,0.0,Building_13,12,MASAC,0.7900000214576721,False,0.0,0.0,0.0,0.37446051836013794,32,0,0.0,0.0,-0.0,280320,-0.0,0.0,-0.7026222944259644,0.0,0.0,0.0,0.0,113,3.4185478020061364,1.0,0.12480057316082241,-0.014203501865267754,0.0,0.0,-0.7570385336875916,CityLearnV3MADRLRewardFunction,masac_unified_comparable_v4,E1,-0.0,1907,14.150581308896948,1.0,0.12829975842429384,0.0,2
6,0.0,0.0,0.0,0.0,Building_14,13,MASAC,0.7900000214576721,False,0.0,0.0,0.0,0.37446051836013794,32,0,0.0,0.0,-0.0,280320,-0.0,0.0,-0.7063444256782532,0.0,0.0,0.0,0.0,64,3.4027259204704277,1.0,0.21942471110378392,-0.014203501865267754,0.0,0.0,-0.7570385336875916,CityLearnV3MADRLRewardFunction,masac_unified_comparable_v4,E1,-0.0,1907,14.150581308896948,1.0,0.12829975842429384,0.0,2
10,0.0,0.0,0.0,0.0,Building_15,14,MASAC,0.7900000214576721,False,0.0,0.0,0.0,0.37446051836013794,32,0,0.0,0.0,-0.0,280320,-0.0,0.0,-0.7258533239364624,0.0,0.0,0.0,0.0,92,3.4385082848178,1.0,0.1557649153932605,-0.014203501865267754,0.0,0.0,-0.7570385336875916,CityLearnV3MADRLRewardFunction,masac_unified_comparable_v4,E1,-0.0,1907,14.150581308896948,1.0,0.12829975842429384,0.0,2
13,1.0,1.0,0.07692307692307693,0.0,Building_16,15,MASAC,0.7900000214576721,False,0.0,0.0,0.0,0.37446051836013794,32,0,0.0,0.0,-0.0,280320,-0.0,0.0,-0.787373960018158,0.0,0.0,0.0,0.0,113,3.3238347959412256,1.0,0.12133696386837854,-0.014203501865267754,0.0,0.0,-0.7570385336875916,CityLearnV3MADRLRewardFunction,masac_unified_comparable_v4,E1,-0.0,1907,14.150581308896948,1.0,0.12829975842429384,0.0,2
13,0.0,0.0,0.0,0.0,Building_17,16,MASAC,0.7900000214576721,False,0.0,0.0,0.0,0.37446051836013794,32,0,0.0,0.0,-0.0,280320,-0.0,0.0,-0.7726249694824219,0.0,0.0,0.0,0.0,113,3.493939426013369,1.0,0.1316432866671708,-0.014203501865267754,0.0,0.0,-0.7570385336875916,CityLearnV3MADRLRewardFunction,masac_unified_comparable_v4,E1,-0.0,1907,14.150581308896948,1.0,0.12829975842429384,0.0,2
6,0.0,0.0,0.0,0.0,Building_1,0,MASAC,0.7900000214576721,True,0.0,0.0,0.0,0.5087285041809082,32,8757,0.0,0.0,-0.0,289077,0.0,446.8856201171875,-0.8346905708312988,295.8052062988281,353.0396423339844,446.8856201171875,446.8856201171875,64,3.504296745759226,1.0,0.24924080818891525,0.0,0.0,0.0,-0.7956368327140808,CityLearnV3MADRLRewardFunction,masac_unified_comparable_v4,E1,-0.0,1907,14.423009869125982,1.0,0.1413358710725769,0.0,8759
8,0.0,0.0,0.0,0.0,Building_2,1,MASAC,0.7900000214576721,True,0.0,0.0,0.0,0.5087285041809082,32,8757,0.0,0.0,-0.0,289077,0.0,5.618855953216553,-0.7481676340103149,3.719266653060913,4.438896179199219,5.618855953216553,5.618855953216553,78,3.4817679715807257,1.0,0.19767457399612817,0.0,0.0,0.0,-0.7956368327140808,CityLearnV3MADRLRewardFunction,masac_unified_comparable_v4,E1,-0.0,1907,14.423009869125982,1.0,0.1413358710725769,0.0,8759
10,1.0,1.0,0.1,0.0,Building_3,2,MASAC,0.7900000214576721,True,0.0,0.0,0.0,0.5087285041809082,32,8757,0.0,0.0,-0.0,289077,0.0,98.17061614990234,-0.820811927318573,64.98168182373047,77.5547866821289,98.17061614990234,98.17061614990234,92,3.4097410997277424,1.0,0.16529821474914966,0.0,0.0,0.0,-0.7956368327140808,CityLearnV3MADRLRewardFunction,masac_unified_comparable_v4,E1,-0.0,1907,14.423009869125982,1.0,0.1413358710725769,0.0,8759
8,0.0,0.0,0.0,0.0,Building_4,3,MASAC,0.7900000214576721,True,0.0,0.0,0.0,0.5087285041809082,32,8757,0.0,0.0,-0.0,289077,0.0,28.84416961669922,-0.8051217794418335,19.09270477294922,22.786893844604492,28.84416961669922,28.84416961669922,78,3.387718867610788,1.0,0.19284019332665664,0.0,0.0,0.0,-0.7956368327140808,CityLearnV3MADRLRewardFunction,masac_unified_comparable_v4,E1,-0.0,1907,14.423009869125982,1.0,0.1413358710725769,0.0,8759
5,0.0,0.0,0.0,0.0,Building_5,4,MASAC,0.7900000214576721,True,0.0,0.0,0.0,0.5087285041809082,32,8757,0.0,0.0,-0.0,289077,0.0,37.89287567138672,-0.8482301235198975,25.082279205322266,29.935373306274414,37.89287567138672,37.89287567138672,57,3.62874931980091,1.0,0.30785428066002696,0.0,0.0,0.0,-0.7956368327140808,CityLearnV3MADRLRewardFunction,masac_unified_comparable_v4,E1,-0.0,1907,14.423009869125982,1.0,0.1413358710725769,0.0,8759
34,1.0,0.0,-0.029411764705882353,-1.0,Building_6,5,MASAC,0.7900000214576721,True,0.0,0.0,0.0,0.5087285041809082,32,8757,0.0,0.0,-0.0,289077,0.0,350.8894348144531,-0.8291240930557251,232.26283264160156,277.2026672363281,350.8894348144531,350.8894348144531,260,3.38358116103786,1.0,0.05780828961959252,0.0,0.0,0.0,-0.7956368327140808,CityLearnV3MADRLRewardFunction,masac_unified_comparable_v4,E1,-0.0,1907,14.423009869125982,1.0,0.1413358710725769,0.0,8759
44,1.0,1.0,0.022727272727272728,0.0,Building_7,6,MASAC,0.7900000214576721,True,0.0,0.0,0.0,0.5087285041809082,32,8757,0.0,0.0,-0.0,289077,0.0,18.66022491455078,-0.790831983089447,12.35168743133545,14.741578102111816,18.66022491455078,18.66022491455078,330,3.4885577606948237,1.0,0.047818146149317425,0.0,0.0,0.0,-0.7956368327140808,CityLearnV3MADRLRewardFunction,masac_unified_comparable_v4,E1,-0.0,1907,14.423009869125982,1.0,0.1413358710725769,0.0,8759
19,0.0,0.0,0.0,0.0,Building_8,7,MASAC,0.7900000214576721,True,0.0,0.0,0.0,0.5087285041809082,32,8757,0.0,0.0,-0.0,289077,0.0,19.251495361328125,-0.7909880876541138,12.743064880371094,15.2086820602417,19.251495361328125,19.251495361328125,155,3.608780617508843,1.0,0.10567378026823844,0.0,0.0,0.0,-0.7956368327140808,CityLearnV3MADRLRewardFunction,masac_unified_comparable_v4,E1,-0.0,1907,14.423009869125982,1.0,0.1413358710725769,0.0,8759
12,0.0,0.0,0.0,0.0,Building_9,8,MASAC,0.7900000214576721,True,0.0,0.0,0.0,0.5087285041809082,32,8757,0.0,0.0,-0.0,289077,0.0,2.4506425857543945,-0.7172019481658936,1.6221439838409424,1.9360077381134033,2.4506425857543945,2.4506425857543945,106,3.7144260603142194,1.0,0.1684244786793331,0.0,0.0,0.0,-0.7956368327140808,CityLearnV3MADRLRewardFunction,masac_unified_comparable_v4,E1,-0.0,1907,14.423009869125982,1.0,0.1413358710725769,0.0,8759
8,0.0,0.0,0.0,0.0,Building_10,9,MASAC,0.7900000214576721,True,0.0,0.0,0.0,0.5087285041809082,32,8757,0.0,0.0,-0.0,289077,0.0,34.33414077758789,-0.8123888969421387,22.726659774780273,27.123971939086914,34.33414077758789,34.33414077758789,78,3.4722841469162047,1.0,0.2006493074198564,0.0,0.0,0.0,-0.7956368327140808,CityLearnV3MADRLRewardFunction,masac_unified_comparable_v4,E1,-0.0,1907,14.423009869125982,1.0,0.1413358710725769,0.0,8759
5,0.0,0.0,0.0,0.0,Building_11,10,MASAC,0.7900000214576721,True,0.0,0.0,0.0,0.5087285041809082,32,8757,0.0,0.0,-0.0,289077,0.0,57.917564392089844,-0.8246976137161255,38.33713912963867,45.754878997802734,57.917564392089844,57.917564392089844,57,3.5486025511746635,1.0,0.2799682962267022,0.0,0.0,0.0,-0.7956368327140808,CityLearnV3MADRLRewardFunction,masac_unified_comparable_v4,E1,-0.0,1907,14.423009869125982,1.0,0.1413358710725769,0.0,8759
5,0.0,0.0,0.0,0.0,Building_12,11,MASAC,0.7900000214576721,True,0.0,0.0,0.0,0.5087285041809082,32,8757,0.0,0.0,-0.0,289077,0.0,182.6020965576172,-0.822684109210968,120.86907196044922,144.2556610107422,182.6020965576172,182.6020965576172,57,3.4037028641804437,1.0,0.26520357790746185,0.0,0.0,0.0,-0.7956368327140808,CityLearnV3MADRLRewardFunction,masac_unified_comparable_v4,E1,-0.0,1907,14.423009869125982,1.0,0.1413358710725769,0.0,8759
13,0.0,0.0,0.0,0.0,Building_13,12,MASAC,0.7900000214576721,True,0.0,0.0,0.0,0.5087285041809082,32,8757,0.0,0.0,-0.0,289077,0.0,2.789367437362671,-0.736090898513794,1.8463547229766846,2.2036004066467285,2.789367437362671,2.789367437362671,113,3.466661716056382,1.0,0.13622468011041658,0.0,0.0,0.0,-0.7956368327140808,CityLearnV3MADRLRewardFunction,masac_unified_comparable_v4,E1,-0.0,1907,14.423009869125982,1.0,0.1413358710725769,0.0,8759
6,0.0,0.0,0.0,0.0,Building_14,13,MASAC,0.7900000214576721,True,0.0,0.0,0.0,0.5087285041809082,32,8757,0.0,0.0,-0.0,289077,0.0,2.485826015472412,-0.7350746393203735,1.6454328298568726,1.9638025760650635,2.485826015472412,2.485826015472412,64,3.508891824166,1.0,0.2465015552006662,0.0,0.0,0.0,-0.7956368327140808,CityLearnV3MADRLRewardFunction,masac_unified_comparable_v4,E1,-0.0,1907,14.423009869125982,1.0,0.1413358710725769,0.0,8759
10,1.0,1.0,0.1,0.0,Building_15,14,MASAC,0.7900000214576721,True,0.0,0.0,0.0,0.5087285041809082,32,8757,0.0,0.0,-0.0,289077,0.0,20.5941162109375,-0.7956447601318359,13.631780624389648,16.269351959228516,20.5941162109375,20.5941162109375,92,3.572752517902036,1.0,0.1780841914208039,0.0,0.0,0.0,-0.7956368327140808,CityLearnV3MADRLRewardFunction,masac_unified_comparable_v4,E1,-0.0,1907,14.423009869125982,1.0,0.1413358710725769,0.0,8759
13,0.0,0.0,0.0,0.0,Building_16,15,MASAC,0.7900000214576721,True,0.0,0.0,0.0,0.5087285041809082,32,8757,0.0,0.0,-0.0,289077,0.0,103.13050842285156,-0.8192903995513916,68.26476287841797,81.47310638427734,103.13050842285156,103.13050842285156,113,3.4398513421856993,1.0,0.13764967274876821,0.0,0.0,0.0,-0.7956368327140808,CityLearnV3MADRLRewardFunction,masac_unified_comparable_v4,E1,-0.0,1907,14.423009869125982,1.0,0.1413358710725769,0.0,8759
13,0.0,0.0,0.0,0.0,Building_17,16,MASAC,0.7900000214576721,True,0.0,0.0,0.0,0.5087285041809082,32,8757,0.0,0.0,-0.0,289077,0.0,21.1981143951416,-0.7947874665260315,14.031582832336426,16.746511459350586,21.1981143951416,21.1981143951416,113,3.427676458057661,1.0,0.13703671480174615,0.0,0.0,0.0,-0.7956368327140808,CityLearnV3MADRLRewardFunction,masac_unified_comparable_v4,E1,-0.0,1907,14.423009869125982,1.0,0.1413358710725769,0.0,8759
6,0.0,0.0,0.0,0.0,Building_1,0,MASAC,0.7900000214576721,False,0.0,0.0,0.0,0.526870608329773,33,0,0.0,0.0,-0.0,289080,-0.0,0.0,-0.5564541220664978,0.0,0.0,0.0,0.0,64,3.2924334214664976,1.0,0.22837571939453483,0.0,0.0,0.0,-0.4969063997268677,CityLearnV3MADRLRewardFunction,masac_unified_comparable_v4,E1,-0.0,1907,13.902956064239385,1.0,0.13260664871303382,0.0,3
8,0.0,0.0,0.0,0.0,Building_2,1,MASAC,0.7900000214576721,False,0.0,0.0,0.0,0.526870608329773,33,0,0.0,0.0,-0.0,289080,-0.0,0.0,-0.4455861449241638,0.0,0.0,0.0,0.0,78,3.3703950564277947,1.0,0.18787282552474585,0.0,0.0,0.0,-0.4969063997268677,CityLearnV3MADRLRewardFunction,masac_unified_comparable_v4,E1,-0.0,1907,13.902956064239385,1.0,0.13260664871303382,0.0,3
10,0.0,0.0,0.0,0.0,Building_3,2,MASAC,0.7900000214576721,False,0.0,0.0,0.0,0.526870608329773,33,0,0.0,0.0,-0.0,289080,-0.0,0.0,-0.5415484309196472,0.0,0.0,0.0,0.0,92,3.433839063632819,1.0,0.16749418567380178,0.0,0.0,0.0,-0.4969063997268677,CityLearnV3MADRLRewardFunction,masac_unified_comparable_v4,E1,-0.0,1907,13.902956064239385,1.0,0.13260664871303382,0.0,3
8,0.0,0.0,0.0,0.0,Building_4,3,MASAC,0.7900000214576721,False,0.0,0.0,0.0,0.526870608329773,33,0,0.0,0.0,-0.0,289080,-0.0,0.0,-0.4982670247554779,0.0,0.0,0.0,0.0,78,3.295242679098483,1.0,0.18423217229354075,0.0,0.0,0.0,-0.4969063997268677,CityLearnV3MADRLRewardFunction,masac_unified_comparable_v4,E1,-0.0,1907,13.902956064239385,1.0,0.13260664871303382,0.0,3
5,0.0,0.0,0.0,0.0,Building_5,4,MASAC,0.7900000214576721,False,0.0,0.0,0.0,0.526870608329773,33,0,0.0,0.0,-0.0,289080,-0.0,0.0,-0.5363078117370605,0.0,0.0,0.0,0.0,57,3.364733573480939,1.0,0.26627169941601,0.0,0.0,0.0,-0.4969063997268677,CityLearnV3MADRLRewardFunction,masac_unified_comparable_v4,E1,-0.0,1907,13.902956064239385,1.0,0.13260664871303382,0.0,3
34,0.0,0.0,0.0,0.0,Building_6,5,MASAC,0.7900000214576721,False,0.0,0.0,0.0,0.526870608329773,33,0,0.0,0.0,-0.0,289080,-0.0,0.0,-0.546416163444519,0.0,0.0,0.0,0.0,260,3.2767401141346744,1.0,0.054865838014162505,0.0,0.0,0.0,-0.4969063997268677,CityLearnV3MADRLRewardFunction,masac_unified_comparable_v4,E1,-0.0,1907,13.902956064239385,1.0,0.13260664871303382,0.0,3
44,1.0,1.0,0.022727272727272728,0.0,Building_7,6,MASAC,0.7900000214576721,False,0.0,0.0,0.0,0.526870608329773,33,0,0.0,0.0,-0.0,289080,-0.0,0.0,-0.4457953870296478,0.0,0.0,0.0,0.0,330,3.3531921387346375,1.0,0.044251151337768094,0.0,0.0,0.0,-0.4969063997268677,CityLearnV3MADRLRewardFunction,masac_unified_comparable_v4,E1,-0.0,1907,13.902956064239385,1.0,0.13260664871303382,0.0,3
19,1.0,0.0,-0.05263157894736842,-1.0,Building_8,7,MASAC,0.7900000214576721,False,0.0,0.0,0.0,0.526870608329773,33,0,0.0,0.0,-0.0,289080,-0.0,0.0,-0.501181960105896,0.0,0.0,0.0,0.0,155,3.332800365293091,1.0,0.09294064814044584,0.0,0.0,0.0,-0.4969063997268677,CityLearnV3MADRLRewardFunction,masac_unified_comparable_v4,E1,-0.0,1907,13.902956064239385,1.0,0.13260664871303382,0.0,3
12,0.0,0.0,0.0,0.0,Building_9,8,MASAC,0.7900000214576721,False,0.0,0.0,0.0,0.526870608329773,33,0,0.0,0.0,-0.0,289080,-0.0,0.0,-0.45450496673583984,0.0,0.0,0.0,0.0,106,3.4841891997386645,1.0,0.14866559706487745,0.0,0.0,0.0,-0.4969063997268677,CityLearnV3MADRLRewardFunction,masac_unified_comparable_v4,E1,-0.0,1907,13.902956064239385,1.0,0.13260664871303382,0.0,3
8,0.0,0.0,0.0,0.0,Building_10,9,MASAC,0.7900000214576721,False,0.0,0.0,0.0,0.526870608329773,33,0,0.0,0.0,-0.0,289080,-0.0,0.0,-0.46968597173690796,0.0,0.0,0.0,0.0,78,3.3243870425218156,1.0,0.18578410195186734,0.0,0.0,0.0,-0.4969063997268677,CityLearnV3MADRLRewardFunction,masac_unified_comparable_v4,E1,-0.0,1907,13.902956064239385,1.0,0.13260664871303382,0.0,3
5,0.0,0.0,0.0,0.0,Building_11,10,MASAC,0.7900000214576721,False,0.0,0.0,0.0,0.526870608329773,33,0,0.0,0.0,-0.0,289080,-0.0,0.0,-0.537582278251648,0.0,0.0,0.0,0.0,57,3.478546701827308,1.0,0.2733640191063546,0.0,0.0,0.0,-0.4969063997268677,CityLearnV3MADRLRewardFunction,masac_unified_comparable_v4,E1,-0.0,1907,13.902956064239385,1.0,0.13260664871303382,0.0,3
5,0.0,0.0,0.0,0.0,Building_12,11,MASAC,0.7900000214576721,False,0.0,0.0,0.0,0.526870608329773,33,0,0.0,0.0,-0.0,289080,-0.0,0.0,-0.5508178472518921,0.0,0.0,0.0,0.0,57,3.4404943038576272,1.0,0.2736123310107934,0.0,0.0,0.0,-0.4969063997268677,CityLearnV3MADRLRewardFunction,masac_unified_comparable_v4,E1,-0.0,1907,13.902956064239385,1.0,0.13260664871303382,0.0,3
13,1.0,1.0,0.07692307692307693,0.0,Building_13,12,MASAC,0.7900000214576721,False,0.0,0.0,0.0,0.526870608329773,33,0,0.0,0.0,-0.0,289080,-0.0,0.0,-0.4456995129585266,0.0,0.0,0.0,0.0,113,3.3594569640319394,1.0,0.12945188357766751,0.0,0.0,0.0,-0.4969063997268677,CityLearnV3MADRLRewardFunction,masac_unified_comparable_v4,E1,-0.0,1907,13.902956064239385,1.0,0.13260664871303382,0.0,3
6,0.0,0.0,0.0,0.0,Building_14,13,MASAC,0.7900000214576721,False,0.0,0.0,0.0,0.526870608329773,33,0,0.0,0.0,-0.0,289080,-0.0,0.0,-0.44957005977630615,0.0,0.0,0.0,0.0,64,3.3763925110355784,1.0,0.22960085980594158,0.0,0.0,0.0,-0.4969063997268677,CityLearnV3MADRLRewardFunction,masac_unified_comparable_v4,E1,-0.0,1907,13.902956064239385,1.0,0.13260664871303382,0.0,3
10,0.0,0.0,0.0,0.0,Building_15,14,MASAC,0.7900000214576721,False,0.0,0.0,0.0,0.526870608329773,33,0,0.0,0.0,-0.0,289080,-0.0,0.0,-0.45066094398498535,0.0,0.0,0.0,0.0,92,3.369994455596965,1.0,0.15975611098110676,0.0,0.0,0.0,-0.4969063997268677,CityLearnV3MADRLRewardFunction,masac_unified_comparable_v4,E1,-0.0,1907,13.902956064239385,1.0,0.13260664871303382,0.0,3
13,0.0,0.0,0.0,0.0,Building_16,15,MASAC,0.7900000214576721,False,0.0,0.0,0.0,0.526870608329773,33,0,0.0,0.0,-0.0,289080,-0.0,0.0,-0.5048515200614929,0.0,0.0,0.0,0.0,113,3.320577368820628,1.0,0.12836535631027896,0.0,0.0,0.0,-0.4969063997268677,CityLearnV3MADRLRewardFunction,masac_unified_comparable_v4,E1,-0.0,1907,13.902956064239385,1.0,0.13260664871303382,0.0,3
13,1.0,1.0,0.07692307692307693,0.0,Building_17,16,MASAC,0.7900000214576721,False,0.0,0.0,0.0,0.526870608329773,33,0,0.0,0.0,-0.0,289080,-0.0,0.0,-0.512479305267334,0.0,0.0,0.0,0.0,113,3.440237209710385,1.0,0.136523561469749,0.0,0.0,0.0,-0.4969063997268677,CityLearnV3MADRLRewardFunction,masac_unified_comparable_v4,E1,-0.0,1907,13.902956064239385,1.0,0.13260664871303382,0.0,3
6,0.0,0.0,0.0,0.0,Building_1,0,MASAC,0.7900000214576721,True,0.0,0.0,0.0,0.32958081364631653,33,8756,0.0,0.0,-0.0,297836,0.0,391.586669921875,-0.8096444010734558,179.1614532470703,309.3534851074219,391.586669921875,391.586669921875,64,3.408059473808716,1.0,0.23000752227380872,0.0,0.0,0.0,-0.7648969292640686,CityLearnV3MADRLRewardFunction,masac_unified_comparable_v4,E1,-0.0,1907,14.065802056601072,1.0,0.13143448940296104,0.0,8759
8,0.0,0.0,0.0,0.0,Building_2,1,MASAC,0.7900000214576721,True,0.0,0.0,0.0,0.32958081364631653,33,8756,0.0,0.0,-0.0,297836,0.0,0.1848604530096054,-0.6994835734367371,0.08457864075899124,0.14603976905345917,0.1848604530096054,0.1848604530096054,78,3.5142132676852356,1.0,0.19234920617861626,0.0,0.0,0.0,-0.7648969292640686,CityLearnV3MADRLRewardFunction,masac_unified_comparable_v4,E1,-0.0,1907,14.065802056601072,1.0,0.13143448940296104,0.0,8759
10,0.0,0.0,0.0,0.0,Building_3,2,MASAC,0.7900000214576721,True,0.0,0.0,0.0,0.32958081364631653,33,8756,0.0,0.0,-0.0,297836,0.0,39.0087890625,-0.78993821144104,17.847572326660156,30.816944122314453,39.0087890625,39.0087890625,92,3.301188961240725,1.0,0.1534258609880572,0.0,0.0,0.0,-0.7648969292640686,CityLearnV3MADRLRewardFunction,masac_unified_comparable_v4,E1,-0.0,1907,14.065802056601072,1.0,0.13143448940296104,0.0,8759
8,0.0,0.0,0.0,0.0,Building_4,3,MASAC,0.7900000214576721,True,0.0,0.0,0.0,0.32958081364631653,33,8756,0.0,0.0,-0.0,297836,0.0,36.67196273803711,-0.7851020097732544,16.778411865234375,28.97085189819336,36.67196273803711,36.67196273803711,78,3.258597017271522,1.0,0.17618098663978088,0.0,0.0,0.0,-0.7648969292640686,CityLearnV3MADRLRewardFunction,masac_unified_comparable_v4,E1,-0.0,1907,14.065802056601072,1.0,0.13143448940296104,0.0,8759
5,0.0,0.0,0.0,0.0,Building_5,4,MASAC,0.7900000214576721,True,0.0,0.0,0.0,0.32958081364631653,33,8756,0.0,0.0,-0.0,297836,0.0,54.225337982177734,-0.8346060514450073,24.809553146362305,42.838016510009766,54.225337982177734,54.225337982177734,57,3.564961844152356,1.0,0.2927344632253312,0.0,0.0,0.0,-0.7648969292640686,CityLearnV3MADRLRewardFunction,masac_unified_comparable_v4,E1,-0.0,1907,14.065802056601072,1.0,0.13143448940296104,0.0,8759
34,1.0,1.0,0.029411764705882353,0.0,Building_6,5,MASAC,0.7900000214576721,True,0.0,0.0,0.0,0.32958081364631653,33,8756,0.0,0.0,-0.0,297836,0.0,348.8946838378906,-0.8087111711502075,159.62872314453125,275.6268005371094,348.8946838378906,348.8946838378906,260,3.271561586883778,1.0,0.0535580134162536,0.0,0.0,0.0,-0.7648969292640686,CityLearnV3MADRLRewardFunction,masac_unified_comparable_v4,E1,-0.0,1907,14.065802056601072,1.0,0.13143448940296104,0.0,8759
44,0.0,0.0,0.0,0.0,Building_7,6,MASAC,0.7900000214576721,True,0.0,0.0,0.0,0.32958081364631653,33,8756,0.0,0.0,-0.0,297836,0.0,2.9800853729248047,-0.7113878130912781,1.3634693622589111,2.3542675971984863,2.9800853729248047,2.9800853729248047,330,3.3557686056036395,1.0,0.042944944469314635,0.0,0.0,0.0,-0.7648969292640686,CityLearnV3MADRLRewardFunction,masac_unified_comparable_v4,E1,-0.0,1907,14.065802056601072,1.0,0.13143448940296104,0.0,8759
19,1.0,1.0,0.05263157894736842,0.0,Building_8,7,MASAC,0.7900000214576721,True,123.9976577758789,0.0,0.0,0.32958081364631653,33,8756,0.0,0.0,-0.0,297836,0.0,130.197021484375,-0.8307164907455444,59.56864547729492,102.85565185546875,130.197021484375,6.199363708496094,155,3.382273658339033,1.0,0.09377184577526584,0.0,0.0,0.0,-0.7648969292640686,CityLearnV3MADRLRewardFunction,masac_unified_comparable_v4,E1,-0.0,1907,14.065802056601072,1.0,0.13143448940296104,0.0,8759
12,1.0,1.0,0.08333333333333333,0.0,Building_9,8,MASAC,0.7900000214576721,True,0.0,0.0,0.0,0.32958081364631653,33,8756,0.0,0.0,-0.0,297836,0.0,5.135069847106934,-0.6881368160247803,2.349432945251465,4.056704998016357,5.135069847106934,2.1350698471069336,106,3.5759314038654186,1.0,0.1533181239973824,0.0,0.0,0.0,-0.7648969292640686,CityLearnV3MADRLRewardFunction,masac_unified_comparable_v4,E1,-0.0,1907,14.065802056601072,1.0,0.13143448940296104,0.0,8759
8,0.0,0.0,0.0,0.0,Building_10,9,MASAC,0.7900000214576721,True,0.0,0.0,0.0,0.32958081364631653,33,8756,0.0,0.0,-0.0,297836,0.0,16.451881408691406,-0.7614755034446716,7.52717924118042,12.996986389160156,16.451881408691406,16.451881408691406,78,3.4664705189666973,1.0,0.19067662257032517,0.0,0.0,0.0,-0.7648969292640686,CityLearnV3MADRLRewardFunction,masac_unified_comparable_v4,E1,-0.0,1907,14.065802056601072,1.0,0.13143448940296104,0.0,8759
5,0.0,0.0,0.0,0.0,Building_11,10,MASAC,0.7900000214576721,True,0.0,0.0,0.0,0.32958081364631653,33,8756,0.0,0.0,-0.0,297836,0.0,66.45198059082031,-0.7976049184799194,30.40357208251953,52.497066497802734,66.45198059082031,66.45198059082031,57,3.3733600514353057,1.0,0.2526438644057826,0.0,0.0,0.0,-0.7648969292640686,CityLearnV3MADRLRewardFunction,masac_unified_comparable_v4,E1,-0.0,1907,14.065802056601072,1.0,0.13143448940296104,0.0,8759
5,0.0,0.0,0.0,0.0,Building_12,11,MASAC,0.7900000214576721,True,0.0,0.0,0.0,0.32958081364631653,33,8756,0.0,0.0,-0.0,297836,0.0,155.388671875,-0.805888295173645,71.0945053100586,122.7570571899414,155.388671875,155.388671875,57,3.339676261708913,1.0,0.253613579952926,0.0,0.0,0.0,-0.7648969292640686,CityLearnV3MADRLRewardFunction,masac_unified_comparable_v4,E1,-0.0,1907,14.065802056601072,1.0,0.13143448940296104,0.0,8759
13,0.0,0.0,0.0,0.0,Building_13,12,MASAC,0.7900000214576721,True,0.0,0.0,0.0,0.32958081364631653,33,8756,0.0,0.0,-0.0,297836,0.0,0.1047736182808876,-0.6991069316864014,0.04793675243854523,0.08277115970849991,0.1047736182808876,0.1047736182808876,113,3.380383092676591,1.0,0.12720399145531444,0.0,0.0,0.0,-0.7648969292640686,CityLearnV3MADRLRewardFunction,masac_unified_comparable_v4,E1,-0.0,1907,14.065802056601072,1.0,0.13143448940296104,0.0,8759
6,1.0,1.0,0.16666666666666666,0.0,Building_14,13,MASAC,0.7900000214576721,True,0.0,0.0,0.0,0.32958081364631653,33,8756,0.0,0.0,-0.0,297836,0.0,1.3521205186843872,-0.7047238945960999,0.6186316013336182,1.068175196647644,1.3521205186843872,1.3521205186843872,64,3.4814213671042937,1.0,0.23244088608771563,0.0,0.0,0.0,-0.7648969292640686,CityLearnV3MADRLRewardFunction,masac_unified_comparable_v4,E1,-0.0,1907,14.065802056601072,1.0,0.13143448940296104,0.0,8759
10,0.0,0.0,0.0,0.0,Building_15,14,MASAC,0.7900000214576721,True,0.0,0.0,0.0,0.32958081364631653,33,8756,0.0,0.0,-0.0,297836,0.0,15.147623062133789,-0.7578288912773132,6.930445671081543,11.966622352600098,15.147623062133789,15.147623062133789,92,3.537561743896557,1.0,0.16764247514631436,0.0,0.0,0.0,-0.7648969292640686,CityLearnV3MADRLRewardFunction,masac_unified_comparable_v4,E1,-0.0,1907,14.065802056601072,1.0,0.13143448940296104,0.0,8759
13,0.0,0.0,0.0,0.0,Building_16,15,MASAC,0.7900000214576721,True,0.0,0.0,0.0,0.32958081364631653,33,8756,0.0,0.0,-0.0,297836,0.0,11.957420349121094,-0.7472490668296814,5.470841884613037,9.446362495422363,11.957420349121094,11.957420349121094,113,3.417620044777043,1.0,0.12938624514942676,0.0,0.0,0.0,-0.7648969292640686,CityLearnV3MADRLRewardFunction,masac_unified_comparable_v4,E1,-0.0,1907,14.065802056601072,1.0,0.13143448940296104,0.0,8759
13,0.0,0.0,0.0,0.0,Building_17,16,MASAC,0.7900000214576721,True,0.0,0.0,0.0,0.32958081364631653,33,8756,0.0,0.0,-0.0,297836,0.0,23.087642669677734,-0.7716443538665771,10.56321907043457,18.239238739013672,23.087642669677734,23.087642669677734,113,3.3428192686762546,1.0,0.12807032531869095,0.0,0.0,0.0,-0.7648969292640686,CityLearnV3MADRLRewardFunction,masac_unified_comparable_v4,E1,-0.0,1907,14.065802056601072,1.0,0.13143448940296104,0.0,8759
6,0.0,0.0,0.0,0.0,Building_1,0,MASAC,0.7900000214576721,False,0.0,0.0,0.0,0.5249574780464172,34,0,0.0,0.0,-0.0,297840,-0.0,0.0,-0.6065905690193176,0.0,0.0,0.0,0.0,64,3.4009788176209588,1.0,0.2460350515320897,0.0,0.0,0.0,-0.5535219311714172,CityLearnV3MADRLRewardFunction,masac_unified_comparable_v4,E1,-0.0,1907,14.57108195395659,1.0,0.14538251119067547,0.0,4
8,0.0,0.0,0.0,0.0,Building_2,1,MASAC,0.7900000214576721,False,0.0,0.0,0.0,0.5249574780464172,34,0,0.0,0.0,-0.0,297840,-0.0,0.0,-0.4980050027370453,0.0,0.0,0.0,0.0,78,3.5308862156168104,1.0,0.2054071571582403,0.0,0.0,0.0,-0.5535219311714172,CityLearnV3MADRLRewardFunction,masac_unified_comparable_v4,E1,-0.0,1907,14.57108195395659,1.0,0.14538251119067547,0.0,4
10,0.0,0.0,0.0,0.0,Building_3,2,MASAC,0.7900000214576721,False,0.0,0.0,0.0,0.5249574780464172,34,0,0.0,0.0,-0.0,297840,-0.0,0.0,-0.5682726502418518,0.0,0.0,0.0,0.0,92,3.7395250303836,1.0,0.1958202958592902,0.0,0.0,0.0,-0.5535219311714172,CityLearnV3MADRLRewardFunction,masac_unified_comparable_v4,E1,-0.0,1907,14.57108195395659,1.0,0.14538251119067547,0.0,4
8,0.0,0.0,0.0,0.0,Building_4,3,MASAC,0.7900000214576721,False,0.0,0.0,0.0,0.5249574780464172,34,0,0.0,0.0,-0.0,297840,-0.0,0.0,-0.5506752729415894,0.0,0.0,0.0,0.0,78,3.4610341663414945,1.0,0.20169730025988358,0.0,0.0,0.0,-0.5535219311714172,CityLearnV3MADRLRewardFunction,masac_unified_comparable_v4,E1,-0.0,1907,14.57108195395659,1.0,0.14538251119067547,0.0,4
5,0.0,0.0,0.0,0.0,Building_5,4,MASAC,0.7900000214576721,False,0.0,0.0,0.0,0.5249574780464172,34,0,0.0,0.0,-0.0,297840,-0.0,0.0,-0.584740936756134,0.0,0.0,0.0,0.0,57,3.566550275234066,1.0,0.2964547288260962,0.0,0.0,0.0,-0.5535219311714172,CityLearnV3MADRLRewardFunction,masac_unified_comparable_v4,E1,-0.0,1907,14.57108195395659,1.0,0.14538251119067547,0.0,4
34,0.0,0.0,0.0,0.0,Building_6,5,MASAC,0.7900000214576721,False,0.0,0.0,0.0,0.5249574780464172,34,0,0.0,0.0,-0.0,297840,-0.0,0.0,-0.6019265651702881,0.0,0.0,0.0,0.0,260,3.4469193373202462,1.0,0.06060568956801524,0.0,0.0,0.0,-0.5535219311714172,CityLearnV3MADRLRewardFunction,masac_unified_comparable_v4,E1,-0.0,1907,14.57108195395659,1.0,0.14538251119067547,0.0,4
44,0.0,0.0,0.0,0.0,Building_7,6,MASAC,0.7900000214576721,False,0.0,0.0,0.0,0.5249574780464172,34,0,0.0,0.0,-0.0,297840,-0.0,0.0,-0.5036458969116211,0.0,0.0,0.0,0.0,330,3.512168149195396,1.0,0.048383589134071814,0.0,0.0,0.0,-0.5535219311714172,CityLearnV3MADRLRewardFunction,masac_unified_comparable_v4,E1,-0.0,1907,14.57108195395659,1.0,0.14538251119067547,0.0,4
19,1.0,0.0,-0.05263157894736842,-1.0,Building_8,7,MASAC,0.7900000214576721,False,0.0,0.0,0.0,0.5249574780464172,34,0,0.0,0.0,-0.0,297840,-0.0,0.0,-0.5512773990631104,0.0,0.0,0.0,0.0,155,3.4955296751874365,1.0,0.10176716312285393,0.0,0.0,0.0,-0.5535219311714172,CityLearnV3MADRLRewardFunction,masac_unified_comparable_v4,E1,-0.0,1907,14.57108195395659,1.0,0.14538251119067547,0.0,4
12,0.0,0.0,0.0,0.0,Building_9,8,MASAC,0.7900000214576721,False,0.0,0.0,0.0,0.5249574780464172,34,0,0.0,0.0,-0.0,297840,-0.0,0.0,-0.5067658424377441,0.0,0.0,0.0,0.0,106,3.6445268610326935,1.0,0.16132721874230313,0.0,0.0,0.0,-0.5535219311714172,CityLearnV3MADRLRewardFunction,masac_unified_comparable_v4,E1,-0.0,1907,14.57108195395659,1.0,0.14538251119067547,0.0,4
8,0.0,0.0,0.0,0.0,Building_10,9,MASAC,0.7900000214576721,False,0.0,0.0,0.0,0.5249574780464172,34,0,0.0,0.0,-0.0,297840,-0.0,0.0,-0.57379549741745,0.0,0.0,0.0,0.0,78,3.485860491579366,1.0,0.20364292051929694,0.0,0.0,0.0,-0.5535219311714172,CityLearnV3MADRLRewardFunction,masac_unified_comparable_v4,E1,-0.0,1907,14.57108195395659,1.0,0.14538251119067547,0.0,4
5,0.0,0.0,0.0,0.0,Building_11,10,MASAC,0.7900000214576721,False,0.0,0.0,0.0,0.5249574780464172,34,0,0.0,0.0,-0.0,297840,-0.0,0.0,-0.5893914699554443,0.0,0.0,0.0,0.0,57,3.5991576207831226,1.0,0.2939879204097547,0.0,0.0,0.0,-0.5535219311714172,CityLearnV3MADRLRewardFunction,masac_unified_comparable_v4,E1,-0.0,1907,14.57108195395659,1.0,0.14538251119067547,0.0,4
5,0.0,0.0,0.0,0.0,Building_12,11,MASAC,0.7900000214576721,False,0.0,0.0,0.0,0.5249574780464172,34,0,0.0,0.0,-0.0,297840,-0.0,0.0,-0.6020918488502502,0.0,0.0,0.0,0.0,57,3.627005658122947,1.0,0.3035295711536157,0.0,0.0,0.0,-0.5535219311714172,CityLearnV3MADRLRewardFunction,masac_unified_comparable_v4,E1,-0.0,1907,14.57108195395659,1.0,0.14538251119067547,0.0,4
13,0.0,0.0,0.0,0.0,Building_13,12,MASAC,0.7900000214576721,False,0.0,0.0,0.0,0.5249574780464172,34,0,0.0,0.0,-0.0,297840,-0.0,0.0,-0.499822735786438,0.0,0.0,0.0,0.0,113,3.5171484511200872,1.0,0.14145242798644886,0.0,0.0,0.0,-0.5535219311714172,CityLearnV3MADRLRewardFunction,masac_unified_comparable_v4,E1,-0.0,1907,14.57108195395659,1.0,0.14538251119067547,0.0,4
6,0.0,0.0,0.0,0.0,Building_14,13,MASAC,0.7900000214576721,False,0.0,0.0,0.0,0.5249574780464172,34,0,0.0,0.0,-0.0,297840,-0.0,0.0,-0.5031091570854187,0.0,0.0,0.0,0.0,64,3.4951910157259336,1.0,0.24839501036331058,0.0,0.0,0.0,-0.5535219311714172,CityLearnV3MADRLRewardFunction,masac_unified_comparable_v4,E1,-0.0,1907,14.57108195395659,1.0,0.14538251119067547,0.0,4
10,0.0,0.0,0.0,0.0,Building_15,14,MASAC,0.7900000214576721,False,0.0,0.0,0.0,0.5249574780464172,34,0,0.0,0.0,-0.0,297840,-0.0,0.0,-0.5084025263786316,0.0,0.0,0.0,0.0,92,3.5287396427483153,1.0,0.17468527113289936,0.0,0.0,0.0,-0.5535219311714172,CityLearnV3MADRLRewardFunction,masac_unified_comparable_v4,E1,-0.0,1907,14.57108195395659,1.0,0.14538251119067547,0.0,4
13,0.0,0.0,0.0,0.0,Building_16,15,MASAC,0.7900000214576721,False,0.0,0.0,0.0,0.5249574780464172,34,0,0.0,0.0,-0.0,297840,-0.0,0.0,-0.5888758897781372,0.0,0.0,0.0,0.0,113,3.4240039561630997,1.0,0.1380073760463073,0.0,0.0,0.0,-0.5535219311714172,CityLearnV3MADRLRewardFunction,masac_unified_comparable_v4,E1,-0.0,1907,14.57108195395659,1.0,0.14538251119067547,0.0,4
13,0.0,0.0,0.0,0.0,Building_17,16,MASAC,0.7900000214576721,False,0.0,0.0,0.0,0.5249574780464172,34,0,0.0,0.0,-0.0,297840,-0.0,0.0,-0.5724836587905884,0.0,0.0,0.0,0.0,113,3.585919451861246,1.0,0.14816003226864655,0.0,0.0,0.0,-0.5535219311714172,CityLearnV3MADRLRewardFunction,masac_unified_comparable_v4,E1,-0.0,1907,14.57108195395659,1.0,0.14538251119067547,0.0,4
6,0.0,0.0,0.0,0.0,Building_1,0,MASAC,0.7900000214576721,True,0.0,0.0,0.0,0.28695225715637207,34,8755,0.0,0.0,-0.0,306595,0.0,433.45458984375,-0.8315295577049255,169.68711853027344,342.42913818359375,433.45458984375,433.45458984375,64,3.1988785976582523,1.0,0.21152373810764402,0.0,0.0,0.0,-0.7906166315078735,CityLearnV3MADRLRewardFunction,masac_unified_comparable_v4,E1,-0.0,1907,13.628109767305363,1.0,0.12517456862514845,0.0,8759
8,0.0,0.0,0.0,0.0,Building_2,1,MASAC,0.7900000214576721,True,0.0,0.0,0.0,0.28695225715637207,34,8755,0.0,0.0,-0.0,306595,0.0,15.16435432434082,-0.7764548659324646,4.832571506500244,11.979840278625488,15.16435432434082,15.16435432434082,78,3.299545753055612,1.0,0.17810627159017783,0.0,0.0,0.0,-0.7906166315078735,CityLearnV3MADRLRewardFunction,masac_unified_comparable_v4,E1,-0.0,1907,13.628109767305363,1.0,0.12517456862514845,0.0,8759
10,1.0,0.0,-0.1,-1.0,Building_3,2,MASAC,0.7900000214576721,True,-476.1772155761719,0.0,0.0,0.28695225715637207,34,8755,0.0,0.0,-0.0,306595,381.63739013671875,0.0,-0.7766411304473877,-121.62008666992188,0.0,-381.63739013671875,94.53982543945312,92,3.240214444227989,1.0,0.14770819659790266,0.0,0.0,0.0,-0.7906166315078735,CityLearnV3MADRLRewardFunction,masac_unified_comparable_v4,E1,-0.0,1907,13.628109767305363,1.0,0.12517456862514845,0.0,8759
8,0.0,0.0,0.0,0.0,Building_4,3,MASAC,0.7900000214576721,True,0.0,0.0,0.0,0.28695225715637207,34,8755,0.0,0.0,-0.0,306595,0.0,31.04317283630371,-0.8088590502738953,9.892828941345215,24.524106979370117,31.04317283630371,31.04317283630371,78,3.3146715217119196,1.0,0.1783392699674154,0.0,0.0,0.0,-0.7906166315078735,CityLearnV3MADRLRewardFunction,masac_unified_comparable_v4,E1,-0.0,1907,13.628109767305363,1.0,0.12517456862514845,0.0,8759
5,0.0,0.0,0.0,0.0,Building_5,4,MASAC,0.7900000214576721,True,0.0,0.0,0.0,0.28695225715637207,34,8755,0.0,0.0,-0.0,306595,0.0,38.538970947265625,-0.8493063449859619,12.372629165649414,30.44578742980957,38.538970947265625,38.538970947265625,57,3.51262713662272,1.0,0.2844120762065837,0.0,0.0,0.0,-0.7906166315078735,CityLearnV3MADRLRewardFunction,masac_unified_comparable_v4,E1,-0.0,1907,13.628109767305363,1.0,0.12517456862514845,0.0,8759
34,0.0,0.0,0.0,0.0,Building_6,5,MASAC,0.7900000214576721,True,0.0,0.0,0.0,0.28695225715637207,34,8755,0.0,0.0,-0.0,306595,0.0,362.8901062011719,-0.831507682800293,141.57777404785156,286.6831970214844,362.8901062011719,362.8901062011719,260,3.2067762978017713,1.0,0.05159736410356485,0.0,0.0,0.0,-0.7906166315078735,CityLearnV3MADRLRewardFunction,masac_unified_comparable_v4,E1,-0.0,1907,13.628109767305363,1.0,0.12517456862514845,0.0,8759
44,1.0,1.0,0.022727272727272728,0.0,Building_7,6,MASAC,0.7900000214576721,True,0.0,0.0,0.0,0.28695225715637207,34,8755,0.0,0.0,-0.0,306595,0.0,12.664111137390137,-0.7700309157371521,4.035795211791992,10.004648208618164,12.664111137390137,12.664111137390137,330,3.282234382852335,1.0,0.041858514330603856,0.0,0.0,0.0,-0.7906166315078735,CityLearnV3MADRLRewardFunction,masac_unified_comparable_v4,E1,-0.0,1907,13.628109767305363,1.0,0.12517456862514845,0.0,8759
19,0.0,0.0,0.0,0.0,Building_8,7,MASAC,0.7900000214576721,True,0.0,0.0,0.0,0.28695225715637207,34,8755,0.0,0.0,-0.0,306595,0.0,12.065996170043945,-0.7685384154319763,3.8451879024505615,9.532136917114258,12.065996170043945,12.065996170043945,155,3.359615667157368,1.0,0.09295083779481149,0.0,0.0,0.0,-0.7906166315078735,CityLearnV3MADRLRewardFunction,masac_unified_comparable_v4,E1,-0.0,1907,13.628109767305363,1.0,0.12517456862514845,0.0,8759
12,1.0,1.0,0.08333333333333333,0.0,Building_9,8,MASAC,0.7900000214576721,True,0.0,0.0,0.0,0.28695225715637207,34,8755,0.0,0.0,-0.0,306595,0.0,2.290161371231079,-0.7133469581604004,0.7298279404640198,1.8092275857925415,2.290161371231079,2.290161371231079,106,3.5248298680051424,1.0,0.1492663250076321,0.0,0.0,0.0,-0.7906166315078735,CityLearnV3MADRLRewardFunction,masac_unified_comparable_v4,E1,-0.0,1907,13.628109767305363,1.0,0.12517456862514845,0.0,8759
8,0.0,0.0,0.0,0.0,Building_10,9,MASAC,0.7900000214576721,True,0.0,0.0,0.0,0.28695225715637207,34,8755,0.0,0.0,-0.0,306595,0.0,51.649574279785156,-0.8190337419509888,17.595232009887695,40.803165435791016,51.649574279785156,51.649574279785156,78,3.3174950838861603,1.0,0.18056817152179205,0.0,0.0,0.0,-0.7906166315078735,CityLearnV3MADRLRewardFunction,masac_unified_comparable_v4,E1,-0.0,1907,13.628109767305363,1.0,0.12517456862514845,0.0,8759
5,1.0,0.0,-0.2,-1.0,Building_11,10,MASAC,0.7900000214576721,True,0.0,0.0,0.0,0.28695225715637207,34,8755,0.0,0.0,-0.0,306595,0.0,71.54803466796875,-0.8179037570953369,25.52177619934082,56.52294921875,71.54803466796875,71.54803466796875,57,3.2619952894288717,1.0,0.23929361940214508,0.0,0.0,0.0,-0.7906166315078735,CityLearnV3MADRLRewardFunction,masac_unified_comparable_v4,E1,-0.0,1907,13.628109767305363,1.0,0.12517456862514845,0.0,8759
5,0.0,0.0,0.0,0.0,Building_12,11,MASAC,0.7900000214576721,True,0.0,0.0,0.0,0.28695225715637207,34,8755,0.0,0.0,-0.0,306595,0.0,215.11593627929688,-0.8217554092407227,82.71199798583984,169.94158935546875,215.11593627929688,215.11593627929688,57,3.2116253522075175,1.0,0.23711851461414704,0.0,0.0,0.0,-0.7906166315078735,CityLearnV3MADRLRewardFunction,masac_unified_comparable_v4,E1,-0.0,1907,13.628109767305363,1.0,0.12517456862514845,0.0,8759
13,0.0,0.0,0.0,0.0,Building_13,12,MASAC,0.7900000214576721,True,0.0,0.0,0.0,0.28695225715637207,34,8755,0.0,0.0,-0.0,306595,0.0,2.033022403717041,-0.7299152612686157,0.6478829383850098,1.6060876846313477,2.033022403717041,2.033022403717041,113,3.3546213028005685,1.0,0.12461421440924163,0.0,0.0,0.0,-0.7906166315078735,CityLearnV3MADRLRewardFunction,masac_unified_comparable_v4,E1,-0.0,1907,13.628109767305363,1.0,0.12517456862514845,0.0,8759
6,0.0,0.0,0.0,0.0,Building_14,13,MASAC,0.7900000214576721,True,0.0,0.0,0.0,0.28695225715637207,34,8755,0.0,0.0,-0.0,306595,0.0,2.6149511337280273,-0.7324017286300659,0.833331823348999,2.0658113956451416,2.6149511337280273,2.6149511337280273,64,3.317568613329649,1.0,0.2174444900592789,0.0,0.0,0.0,-0.7906166315078735,CityLearnV3MADRLRewardFunction,masac_unified_comparable_v4,E1,-0.0,1907,13.628109767305363,1.0,0.12517456862514845,0.0,8759
10,0.0,0.0,0.0,0.0,Building_15,14,MASAC,0.7900000214576721,True,0.0,0.0,0.0,0.28695225715637207,34,8755,0.0,0.0,-0.0,306595,0.0,19.521480560302734,-0.7867982983589172,6.221099376678467,15.42197036743164,19.521480560302734,19.521480560302734,92,3.3265632700973287,1.0,0.15312790004131588,0.0,0.0,0.0,-0.7906166315078735,CityLearnV3MADRLRewardFunction,masac_unified_comparable_v4,E1,-0.0,1907,13.628109767305363,1.0,0.12517456862514845,0.0,8759
13,0.0,0.0,0.0,0.0,Building_16,15,MASAC,0.7900000214576721,True,0.0,0.0,0.0,0.28695225715637207,34,8755,0.0,0.0,-0.0,306595,0.0,54.89390563964844,-0.8129366636276245,18.887611389160156,43.366188049316406,54.89390563964844,54.89390563964844,113,3.215132684672865,1.0,0.11789408655820695,0.0,0.0,0.0,-0.7906166315078735,CityLearnV3MADRLRewardFunction,masac_unified_comparable_v4,E1,-0.0,1907,13.628109767305363,1.0,0.12517456862514845,0.0,8759
13,0.0,0.0,0.0,0.0,Building_17,16,MASAC,0.7900000214576721,True,0.0,0.0,0.0,0.28695225715637207,34,8755,0.0,0.0,-0.0,306595,0.0,22.46647071838379,-0.7935236096382141,7.159607887268066,17.748512268066406,22.46647071838379,22.46647071838379,113,3.2232393594962674,1.0,0.11912648280901192,0.0,0.0,0.0,-0.7906166315078735,CityLearnV3MADRLRewardFunction,masac_unified_comparable_v4,E1,-0.0,1907,13.628109767305363,1.0,0.12517456862514845,0.0,8759
6,0.0,0.0,0.0,0.0,Building_1,0,MASAC,0.7900000214576721,False,0.0,0.0,0.0,0.4838186204433441,35,0,0.0,0.0,-0.0,306600,-0.0,0.0,-0.6336833834648132,0.0,0.0,0.0,0.0,64,3.225349326524503,1.0,0.2257526058529038,0.0,0.0,0.0,-0.5818661451339722,CityLearnV3MADRLRewardFunction,masac_unified_comparable_v4,E1,-0.0,1907,14.008395494080993,1.0,0.13639309115543782,0.0,5
8,0.0,0.0,0.0,0.0,Building_2,1,MASAC,0.7900000214576721,False,0.0,0.0,0.0,0.4838186204433441,35,0,0.0,0.0,-0.0,306600,-0.0,0.0,-0.5280543565750122,0.0,0.0,0.0,0.0,78,3.363963860648288,1.0,0.1887652218962709,0.0,0.0,0.0,-0.5818661451339722,CityLearnV3MADRLRewardFunction,masac_unified_comparable_v4,E1,-0.0,1907,14.008395494080993,1.0,0.13639309115543782,0.0,5
10,0.0,0.0,0.0,0.0,Building_3,2,MASAC,0.7900000214576721,False,0.0,0.0,0.0,0.4838186204433441,35,0,0.0,0.0,-0.0,306600,-0.0,0.0,-0.6174876093864441,0.0,0.0,0.0,0.0,92,3.695980226355933,1.0,0.19702742485653446,0.0,0.0,0.0,-0.5818661451339722,CityLearnV3MADRLRewardFunction,masac_unified_comparable_v4,E1,-0.0,1907,14.008395494080993,1.0,0.13639309115543782,0.0,5
8,0.0,0.0,0.0,0.0,Building_4,3,MASAC,0.7900000214576721,False,0.0,0.0,0.0,0.4838186204433441,35,0,0.0,0.0,-0.0,306600,-0.0,0.0,-0.5740194916725159,0.0,0.0,0.0,0.0,78,3.2899398559103936,1.0,0.18500164745805356,0.0,0.0,0.0,-0.5818661451339722,CityLearnV3MADRLRewardFunction,masac_unified_comparable_v4,E1,-0.0,1907,14.008395494080993,1.0,0.13639309115543782,0.0,5
5,0.0,0.0,0.0,0.0,Building_5,4,MASAC,0.7900000214576721,False,0.0,0.0,0.0,0.4838186204433441,35,0,0.0,0.0,-0.0,306600,-0.0,0.0,-0.611057698726654,0.0,0.0,0.0,0.0,57,3.4077173021090936,1.0,0.27543724462259234,0.0,0.0,0.0,-0.5818661451339722,CityLearnV3MADRLRewardFunction,masac_unified_comparable_v4,E1,-0.0,1907,14.008395494080993,1.0,0.13639309115543782,0.0,5
34,0.0,0.0,0.0,0.0,Building_6,5,MASAC,0.7900000214576721,False,0.0,0.0,0.0,0.4838186204433441,35,0,0.0,0.0,-0.0,306600,-0.0,0.0,-0.628683865070343,0.0,0.0,0.0,0.0,260,3.2747511406188026,1.0,0.05556422438329229,0.0,0.0,0.0,-0.5818661451339722,CityLearnV3MADRLRewardFunction,masac_unified_comparable_v4,E1,-0.0,1907,14.008395494080993,1.0,0.13639309115543782,0.0,5
44,0.0,0.0,0.0,0.0,Building_7,6,MASAC,0.7900000214576721,False,0.0,0.0,0.0,0.4838186204433441,35,0,0.0,0.0,-0.0,306600,-0.0,0.0,-0.5504630208015442,0.0,0.0,0.0,0.0,330,3.343200315837976,1.0,0.04456636558540843,0.0,0.0,0.0,-0.5818661451339722,CityLearnV3MADRLRewardFunction,masac_unified_comparable_v4,E1,-0.0,1907,14.008395494080993,1.0,0.13639309115543782,0.0,5
19,0.0,0.0,0.0,0.0,Building_8,7,MASAC,0.7900000214576721,False,0.0,0.0,0.0,0.4838186204433441,35,0,0.0,0.0,-0.0,306600,-0.0,0.0,-0.5286622643470764,0.0,0.0,0.0,0.0,155,3.3605712142802533,1.0,0.09496932694267841,0.0,0.0,0.0,-0.5818661451339722,CityLearnV3MADRLRewardFunction,masac_unified_comparable_v4,E1,-0.0,1907,14.008395494080993,1.0,0.13639309115543782,0.0,5
12,0.0,0.0,0.0,0.0,Building_9,8,MASAC,0.7900000214576721,False,0.0,0.0,0.0,0.4838186204433441,35,0,0.0,0.0,-0.0,306600,-0.0,0.0,-0.5355638265609741,0.0,0.0,0.0,0.0,106,3.4432752853633155,1.0,0.14646994921747805,0.0,0.0,0.0,-0.5818661451339722,CityLearnV3MADRLRewardFunction,masac_unified_comparable_v4,E1,-0.0,1907,14.008395494080993,1.0,0.13639309115543782,0.0,5
8,0.0,0.0,0.0,0.0,Building_10,9,MASAC,0.7900000214576721,False,0.0,0.0,0.0,0.4838186204433441,35,0,0.0,0.0,-0.0,306600,-0.0,0.0,-0.6111321449279785,0.0,0.0,0.0,0.0,78,3.2918498075273477,1.0,0.18495023482216474,0.0,0.0,0.0,-0.5818661451339722,CityLearnV3MADRLRewardFunction,masac_unified_comparable_v4,E1,-0.0,1907,14.008395494080993,1.0,0.13639309115543782,0.0,5
5,0.0,0.0,0.0,0.0,Building_11,10,MASAC,0.7900000214576721,False,0.0,0.0,0.0,0.4838186204433441,35,0,0.0,0.0,-0.0,306600,-0.0,0.0,-0.6211356520652771,0.0,0.0,0.0,0.0,57,3.6094177329305266,1.0,0.2958195930052745,0.0,0.0,0.0,-0.5818661451339722,CityLearnV3MADRLRewardFunction,masac_unified_comparable_v4,E1,-0.0,1907,14.008395494080993,1.0,0.13639309115543782,0.0,5
5,0.0,0.0,0.0,0.0,Building_12,11,MASAC,0.7900000214576721,False,0.0,0.0,0.0,0.4838186204433441,35,0,0.0,0.0,-0.0,306600,-0.0,0.0,-0.628875195980072,0.0,0.0,0.0,0.0,57,3.5651375588279177,1.0,0.29248023284762575,0.0,0.0,0.0,-0.5818661451339722,CityLearnV3MADRLRewardFunction,masac_unified_comparable_v4,E1,-0.0,1907,14.008395494080993,1.0,0.13639309115543782,0.0,5
13,0.0,0.0,0.0,0.0,Building_13,12,MASAC,0.7900000214576721,False,0.0,0.0,0.0,0.4838186204433441,35,0,0.0,0.0,-0.0,306600,-0.0,0.0,-0.5279753804206848,0.0,0.0,0.0,0.0,113,3.348825258662204,1.0,0.12991866906198252,0.0,0.0,0.0,-0.5818661451339722,CityLearnV3MADRLRewardFunction,masac_unified_comparable_v4,E1,-0.0,1907,14.008395494080993,1.0,0.13639309115543782,0.0,5
6,0.0,0.0,0.0,0.0,Building_14,13,MASAC,0.7900000214576721,False,0.0,0.0,0.0,0.4838186204433441,35,0,0.0,0.0,-0.0,306600,-0.0,0.0,-0.5319676995277405,0.0,0.0,0.0,0.0,64,3.450405890028905,1.0,0.24551812213030644,0.0,0.0,0.0,-0.5818661451339722,CityLearnV3MADRLRewardFunction,masac_unified_comparable_v4,E1,-0.0,1907,14.008395494080993,1.0,0.13639309115543782,0.0,5
10,0.0,0.0,0.0,0.0,Building_15,14,MASAC,0.7900000214576721,False,0.0,0.0,0.0,0.4838186204433441,35,0,0.0,0.0,-0.0,306600,-0.0,0.0,-0.5520359873771667,0.0,0.0,0.0,0.0,92,3.3687385319093637,1.0,0.16209052715693478,0.0,0.0,0.0,-0.5818661451339722,CityLearnV3MADRLRewardFunction,masac_unified_comparable_v4,E1,-0.0,1907,14.008395494080993,1.0,0.13639309115543782,0.0,5
13,0.0,0.0,0.0,0.0,Building_16,15,MASAC,0.7900000214576721,False,0.0,0.0,0.0,0.4838186204433441,35,0,0.0,0.0,-0.0,306600,-0.0,0.0,-0.6125873327255249,0.0,0.0,0.0,0.0,113,3.243816950087256,1.0,0.12608651950361982,0.0,0.0,0.0,-0.5818661451339722,CityLearnV3MADRLRewardFunction,masac_unified_comparable_v4,E1,-0.0,1907,14.008395494080993,1.0,0.13639309115543782,0.0,5
13,0.0,0.0,0.0,0.0,Building_17,16,MASAC,0.7900000214576721,False,0.0,0.0,0.0,0.4838186204433441,35,0,0.0,0.0,-0.0,306600,-0.0,0.0,-0.5983396172523499,0.0,0.0,0.0,0.0,113,3.4356772930742827,1.0,0.13947127372092377,0.0,0.0,0.0,-0.5818661451339722,CityLearnV3MADRLRewardFunction,masac_unified_comparable_v4,E1,-0.0,1907,14.008395494080993,1.0,0.13639309115543782,0.0,5
6,1.0,1.0,0.16666666666666666,0.0,Building_1,0,MASAC,0.7900000214576721,True,0.0,0.0,0.0,0.5087285041809082,35,8754,0.0,0.0,-0.0,315354,0.0,446.8856201171875,-0.8315331935882568,292.5751953125,353.0396423339844,446.8856201171875,446.8856201171875,64,3.4762517723115693,1.0,0.247487410902977,0.0,0.0,0.0,-0.7904646396636963,CityLearnV3MADRLRewardFunction,masac_unified_comparable_v4,E1,-0.0,1907,14.512854680168205,1.0,0.14237911412008908,0.0,8759
8,0.0,0.0,0.0,0.0,Building_2,1,MASAC,0.7900000214576721,True,0.0,0.0,0.0,0.5087285041809082,35,8754,0.0,0.0,-0.0,315354,0.0,5.618855953216553,-0.7450135946273804,2.9754133224487305,4.438896179199219,5.618855953216553,5.618855953216553,78,3.4817673373652647,1.0,0.1976744328171779,0.0,0.0,0.0,-0.7904646396636963,CityLearnV3MADRLRewardFunction,masac_unified_comparable_v4,E1,-0.0,1907,14.512854680168205,1.0,0.14237911412008908,0.0,8759
10,0.0,0.0,0.0,0.0,Building_3,2,MASAC,0.7900000214576721,True,0.0,0.0,0.0,0.5087285041809082,35,8754,0.0,0.0,-0.0,315354,0.0,98.17061614990234,-0.815578043460846,61.75166320800781,77.5547866821289,98.17061614990234,98.17061614990234,92,3.403418129659496,1.0,0.16433913892377977,0.0,0.0,0.0,-0.7904646396636963,CityLearnV3MADRLRewardFunction,masac_unified_comparable_v4,E1,-0.0,1907,14.512854680168205,1.0,0.14237911412008908,0.0,8759
8,0.0,0.0,0.0,0.0,Building_4,3,MASAC,0.7900000214576721,True,0.0,0.0,0.0,0.5087285041809082,35,8754,0.0,0.0,-0.0,315354,0.0,28.84416961669922,-0.8076699376106262,15.862687110900879,22.786893844604492,28.84416961669922,28.84416961669922,78,3.5251764591794967,1.0,0.20301210383574167,0.0,0.0,0.0,-0.7904646396636963,CityLearnV3MADRLRewardFunction,masac_unified_comparable_v4,E1,-0.0,1907,14.512854680168205,1.0,0.14237911412008908,0.0,8759
5,0.0,0.0,0.0,0.0,Building_5,4,MASAC,0.7900000214576721,True,0.0,0.0,0.0,0.5087285041809082,35,8754,0.0,0.0,-0.0,315354,0.0,37.89287567138672,-0.8448692560195923,21.85226058959961,29.935373306274414,37.89287567138672,37.89287567138672,57,3.6086691099782326,1.0,0.30400675848910685,0.0,0.0,0.0,-0.7904646396636963,CityLearnV3MADRLRewardFunction,masac_unified_comparable_v4,E1,-0.0,1907,14.512854680168205,1.0,0.14237911412008908,0.0,8759
34,0.0,0.0,0.0,0.0,Building_6,5,MASAC,0.7900000214576721,True,0.0,0.0,0.0,0.5087285041809082,35,8754,0.0,0.0,-0.0,315354,0.0,350.8894348144531,-0.8253774642944336,229.03280639648438,277.2026672363281,350.8894348144531,350.8894348144531,260,3.3827596401909497,1.0,0.05775675704846015,0.0,0.0,0.0,-0.7904646396636963,CityLearnV3MADRLRewardFunction,masac_unified_comparable_v4,E1,-0.0,1907,14.512854680168205,1.0,0.14237911412008908,0.0,8759
44,1.0,1.0,0.022727272727272728,0.0,Building_7,6,MASAC,0.7900000214576721,True,0.0,0.0,0.0,0.5087285041809082,35,8754,0.0,0.0,-0.0,315354,0.0,18.66022491455078,-0.7880755662918091,9.881349563598633,14.741578102111816,18.66022491455078,18.66022491455078,330,3.499490688268937,1.0,0.04806707374977343,0.0,0.0,0.0,-0.7904646396636963,CityLearnV3MADRLRewardFunction,masac_unified_comparable_v4,E1,-0.0,1907,14.512854680168205,1.0,0.14237911412008908,0.0,8759
19,0.0,0.0,0.0,0.0,Building_8,7,MASAC,0.7900000214576721,True,0.0,0.0,0.0,0.5087285041809082,35,8754,0.0,0.0,-0.0,315354,0.0,19.251495361328125,-0.7878340482711792,10.194452285766602,15.2086820602417,19.251495361328125,19.251495361328125,155,3.6087806158571873,1.0,0.1056737800759654,0.0,0.0,0.0,-0.7904646396636963,CityLearnV3MADRLRewardFunction,masac_unified_comparable_v4,E1,-0.0,1907,14.512854680168205,1.0,0.14237911412008908,0.0,8759
12,0.0,0.0,0.0,0.0,Building_9,8,MASAC,0.7900000214576721,True,0.0,0.0,0.0,0.5087285041809082,35,8754,0.0,0.0,-0.0,315354,0.0,2.4506425857543945,-0.7141392230987549,1.297715187072754,1.9360077381134033,2.4506425857543945,2.4506425857543945,106,3.7251497625810357,1.0,0.16976445013622068,0.0,0.0,0.0,-0.7904646396636963,CityLearnV3MADRLRewardFunction,masac_unified_comparable_v4,E1,-0.0,1907,14.512854680168205,1.0,0.14237911412008908,0.0,8759
8,0.0,0.0,0.0,0.0,Building_10,9,MASAC,0.7900000214576721,True,0.0,0.0,0.0,0.5087285041809082,35,8754,0.0,0.0,-0.0,315354,0.0,34.33414077758789,-0.8129473924636841,19.496641159057617,27.123971939086914,34.33414077758789,34.33414077758789,78,3.5720544984164224,1.0,0.20653450422180006,0.0,0.0,0.0,-0.7904646396636963,CityLearnV3MADRLRewardFunction,masac_unified_comparable_v4,E1,-0.0,1907,14.512854680168205,1.0,0.14237911412008908,0.0,8759
5,0.0,0.0,0.0,0.0,Building_11,10,MASAC,0.7900000214576721,True,0.0,0.0,0.0,0.5087285041809082,35,8754,0.0,0.0,-0.0,315354,0.0,57.917564392089844,-0.8129304051399231,35.107120513916016,45.754878997802734,57.917564392089844,57.917564392089844,57,3.4480946970197213,1.0,0.26835304001967114,0.0,0.0,0.0,-0.7904646396636963,CityLearnV3MADRLRewardFunction,masac_unified_comparable_v4,E1,-0.0,1907,14.512854680168205,1.0,0.14237911412008908,0.0,8759
5,1.0,0.0,-0.2,-1.0,Building_12,11,MASAC,0.7900000214576721,True,-470.8398132324219,0.0,0.0,0.5087285041809082,35,8754,0.0,0.0,-0.0,315354,288.23773193359375,0.0,-0.7756275534629822,-152.63363647460938,0.0,-288.23773193359375,182.60208129882812,57,3.522854235260828,1.0,0.27800729034239785,0.0,0.0,0.0,-0.7904646396636963,CityLearnV3MADRLRewardFunction,masac_unified_comparable_v4,E1,-0.0,1907,14.512854680168205,1.0,0.14237911412008908,0.0,8759
13,0.0,0.0,0.0,0.0,Building_13,12,MASAC,0.7900000214576721,True,0.0,0.0,0.0,0.5087285041809082,35,8754,0.0,0.0,-0.0,315354,0.0,2.789367437362671,-0.7329148650169373,1.4770838022232056,2.2036004066467285,2.789367437362671,2.789367437362671,113,3.46479602877702,1.0,0.13595865574558225,0.0,0.0,0.0,-0.7904646396636963,CityLearnV3MADRLRewardFunction,masac_unified_comparable_v4,E1,-0.0,1907,14.512854680168205,1.0,0.14237911412008908,0.0,8759
6,0.0,0.0,0.0,0.0,Building_14,13,MASAC,0.7900000214576721,True,0.0,0.0,0.0,0.5087285041809082,35,8754,0.0,0.0,-0.0,315354,0.0,2.485826015472412,-0.7320168614387512,1.316346287727356,1.9638025760650635,2.485826015472412,2.485826015472412,64,3.542103806369704,1.0,0.2488086032681167,0.0,0.0,0.0,-0.7904646396636963,CityLearnV3MADRLRewardFunction,masac_unified_comparable_v4,E1,-0.0,1907,14.512854680168205,1.0,0.14237911412008908,0.0,8759
10,0.0,0.0,0.0,0.0,Building_15,14,MASAC,0.7900000214576721,True,0.0,0.0,0.0,0.5087285041809082,35,8754,0.0,0.0,-0.0,315354,0.0,20.5941162109375,-0.7938050627708435,10.905424118041992,16.269351959228516,20.5941162109375,20.5941162109375,92,3.621759077632467,1.0,0.1808148901099744,0.0,0.0,0.0,-0.7904646396636963,CityLearnV3MADRLRewardFunction,masac_unified_comparable_v4,E1,-0.0,1907,14.512854680168205,1.0,0.14237911412008908,0.0,8759
13,0.0,0.0,0.0,0.0,Building_16,15,MASAC,0.7900000214576721,True,0.0,0.0,0.0,0.5087285041809082,35,8754,0.0,0.0,-0.0,315354,0.0,103.13050842285156,-0.8259785175323486,65.03474426269531,81.47310638427734,103.13050842285156,103.13050842285156,113,3.510024681391685,1.0,0.14223069031681634,0.0,0.0,0.0,-0.7904646396636963,CityLearnV3MADRLRewardFunction,masac_unified_comparable_v4,E1,-0.0,1907,14.512854680168205,1.0,0.14237911412008908,0.0,8759
13,1.0,1.0,0.07692307692307693,0.0,Building_17,16,MASAC,0.7900000214576721,True,0.0,0.0,0.0,0.5087285041809082,35,8754,0.0,0.0,-0.0,315354,0.0,21.1981143951416,-0.7915878891944885,11.225265502929688,16.746511459350586,21.1981143951416,21.1981143951416,113,3.427187264559757,1.0,0.1369640256187557,0.0,0.0,0.0,-0.7904646396636963,CityLearnV3MADRLRewardFunction,masac_unified_comparable_v4,E1,-0.0,1907,14.512854680168205,1.0,0.14237911412008908,0.0,8759
6,0.0,0.0,0.0,0.0,Building_1,0,MASAC,0.786109983921051,False,0.0,0.0,0.0,0.6572644114494324,36,0,0.0,0.0,-0.0,315360,-0.0,0.0,-0.6137552857398987,0.0,0.0,0.0,0.0,64,3.187025804357742,1.0,0.23638578788086306,0.0,0.0,0.0,-0.5539896488189697,CityLearnV3MADRLRewardFunction,masac_unified_comparable_v4,E1,-0.0,1907,14.03231645638133,1.0,0.14766600623474846,0.0,6
8,0.0,0.0,0.0,0.0,Building_2,1,MASAC,0.786109983921051,False,0.0,0.0,0.0,0.6572644114494324,36,0,0.0,0.0,-0.0,315360,-0.0,0.0,-0.5029026865959167,0.0,0.0,0.0,0.0,78,3.2844472223150674,1.0,0.19554805912029666,0.0,0.0,0.0,-0.5539896488189697,CityLearnV3MADRLRewardFunction,masac_unified_comparable_v4,E1,-0.0,1907,14.03231645638133,1.0,0.14766600623474846,0.0,6
10,0.0,0.0,0.0,0.0,Building_3,2,MASAC,0.786109983921051,False,0.0,0.0,0.0,0.6572644114494324,36,0,0.0,0.0,-0.0,315360,-0.0,0.0,-0.6070716977119446,0.0,0.0,0.0,0.0,92,3.5994526546911163,1.0,0.20146603828660495,0.0,0.0,0.0,-0.5539896488189697,CityLearnV3MADRLRewardFunction,masac_unified_comparable_v4,E1,-0.0,1907,14.03231645638133,1.0,0.14766600623474846,0.0,6
8,0.0,0.0,0.0,0.0,Building_4,3,MASAC,0.786109983921051,False,0.0,0.0,0.0,0.6572644114494324,36,0,0.0,0.0,-0.0,315360,-0.0,0.0,-0.5696679353713989,0.0,0.0,0.0,0.0,78,3.162321890600902,1.0,0.18755468825260416,0.0,0.0,0.0,-0.5539896488189697,CityLearnV3MADRLRewardFunction,masac_unified_comparable_v4,E1,-0.0,1907,14.03231645638133,1.0,0.14766600623474846,0.0,6
5,0.0,0.0,0.0,0.0,Building_5,4,MASAC,0.786109983921051,False,0.0,0.0,0.0,0.6572644114494324,36,0,0.0,0.0,-0.0,315360,-0.0,0.0,-0.5984365344047546,0.0,0.0,0.0,0.0,57,3.397425742107205,1.0,0.29385646045404046,0.0,0.0,0.0,-0.5539896488189697,CityLearnV3MADRLRewardFunction,masac_unified_comparable_v4,E1,-0.0,1907,14.03231645638133,1.0,0.14766600623474846,0.0,6
34,1.0,1.0,0.029411764705882353,0.0,Building_6,5,MASAC,0.786109983921051,False,0.0,0.0,0.0,0.6572644114494324,36,0,0.0,0.0,-0.0,315360,-0.0,0.0,-0.6063342094421387,0.0,0.0,0.0,0.0,260,3.1775393461942842,1.0,0.0570095410821243,0.0,0.0,0.0,-0.5539896488189697,CityLearnV3MADRLRewardFunction,masac_unified_comparable_v4,E1,-0.0,1907,14.03231645638133,1.0,0.14766600623474846,0.0,6
44,1.0,1.0,0.022727272727272728,0.0,Building_7,6,MASAC,0.786109983921051,False,0.0,0.0,0.0,0.6572644114494324,36,0,0.0,0.0,-0.0,315360,-0.0,0.0,-0.5031713247299194,0.0,0.0,0.0,0.0,330,3.2644685591756386,1.0,0.04602251983896801,0.0,0.0,0.0,-0.5539896488189697,CityLearnV3MADRLRewardFunction,masac_unified_comparable_v4,E1,-0.0,1907,14.03231645638133,1.0,0.14766600623474846,0.0,6
19,0.0,0.0,0.0,0.0,Building_8,7,MASAC,0.786109983921051,False,0.0,0.0,0.0,0.6572644114494324,36,0,0.0,0.0,-0.0,315360,-0.0,0.0,-0.5030028820037842,0.0,0.0,0.0,0.0,155,3.27926266815769,1.0,0.09830044721283258,0.0,0.0,0.0,-0.5539896488189697,CityLearnV3MADRLRewardFunction,masac_unified_comparable_v4,E1,-0.0,1907,14.03231645638133,1.0,0.14766600623474846,0.0,6
12,0.0,0.0,0.0,0.0,Building_9,8,MASAC,0.786109983921051,False,0.0,0.0,0.0,0.6572644114494324,36,0,0.0,0.0,-0.0,315360,-0.0,0.0,-0.5153050422668457,0.0,0.0,0.0,0.0,106,3.320715612969325,1.0,0.14986857992403632,0.0,0.0,0.0,-0.5539896488189697,CityLearnV3MADRLRewardFunction,masac_unified_comparable_v4,E1,-0.0,1907,14.03231645638133,1.0,0.14766600623474846,0.0,6
8,0.0,0.0,0.0,0.0,Building_10,9,MASAC,0.786109983921051,False,0.0,0.0,0.0,0.6572644114494324,36,0,0.0,0.0,-0.0,315360,-0.0,0.0,-0.5281412601470947,0.0,0.0,0.0,0.0,78,3.23593107731209,1.0,0.19333964101492596,0.0,0.0,0.0,-0.5539896488189697,CityLearnV3MADRLRewardFunction,masac_unified_comparable_v4,E1,-0.0,1907,14.03231645638133,1.0,0.14766600623474846,0.0,6
5,1.0,1.0,0.2,0.0,Building_11,10,MASAC,0.786109983921051,False,0.0,0.0,0.0,0.6572644114494324,36,0,0.0,0.0,-0.0,315360,-0.0,0.0,-0.5962271094322205,0.0,0.0,0.0,0.0,57,3.8056325052953976,1.0,0.3577375523582624,0.0,0.0,0.0,-0.5539896488189697,CityLearnV3MADRLRewardFunction,masac_unified_comparable_v4,E1,-0.0,1907,14.03231645638133,1.0,0.14766600623474846,0.0,6
5,0.0,0.0,0.0,0.0,Building_12,11,MASAC,0.786109983921051,False,0.0,0.0,0.0,0.6572644114494324,36,0,0.0,0.0,-0.0,315360,-0.0,0.0,-0.608847975730896,0.0,0.0,0.0,0.0,57,3.8912843401398813,1.0,0.3697073924142802,0.0,0.0,0.0,-0.5539896488189697,CityLearnV3MADRLRewardFunction,masac_unified_comparable_v4,E1,-0.0,1907,14.03231645638133,1.0,0.14766600623474846,0.0,6
13,0.0,0.0,0.0,0.0,Building_13,12,MASAC,0.786109983921051,False,0.0,0.0,0.0,0.6572644114494324,36,0,0.0,0.0,-0.0,315360,-0.0,0.0,-0.5030367374420166,0.0,0.0,0.0,0.0,113,3.2715890985948293,1.0,0.1346675186805361,0.0,0.0,0.0,-0.5539896488189697,CityLearnV3MADRLRewardFunction,masac_unified_comparable_v4,E1,-0.0,1907,14.03231645638133,1.0,0.14766600623474846,0.0,6
6,0.0,0.0,0.0,0.0,Building_14,13,MASAC,0.786109983921051,False,0.0,0.0,0.0,0.6572644114494324,36,0,0.0,0.0,-0.0,315360,-0.0,0.0,-0.5096768736839294,0.0,0.0,0.0,0.0,64,3.9693707685605304,1.0,0.34233012195909396,0.0,0.0,0.0,-0.5539896488189697,CityLearnV3MADRLRewardFunction,masac_unified_comparable_v4,E1,-0.0,1907,14.03231645638133,1.0,0.14766600623474846,0.0,6
10,0.0,0.0,0.0,0.0,Building_15,14,MASAC,0.786109983921051,False,0.0,0.0,0.0,0.6572644114494324,36,0,0.0,0.0,-0.0,315360,-0.0,0.0,-0.5081911087036133,0.0,0.0,0.0,0.0,92,3.313656209317796,1.0,0.16800284736951732,0.0,0.0,0.0,-0.5539896488189697,CityLearnV3MADRLRewardFunction,masac_unified_comparable_v4,E1,-0.0,1907,14.03231645638133,1.0,0.14766600623474846,0.0,6
13,0.0,0.0,0.0,0.0,Building_16,15,MASAC,0.786109983921051,False,0.0,0.0,0.0,0.6572644114494324,36,0,0.0,0.0,-0.0,315360,-0.0,0.0,-0.5701162815093994,0.0,0.0,0.0,0.0,113,3.2184328914808935,1.0,0.13417603420835417,0.0,0.0,0.0,-0.5539896488189697,CityLearnV3MADRLRewardFunction,masac_unified_comparable_v4,E1,-0.0,1907,14.03231645638133,1.0,0.14766600623474846,0.0,6
13,0.0,0.0,0.0,0.0,Building_17,16,MASAC,0.786109983921051,False,0.0,0.0,0.0,0.6572644114494324,36,0,0.0,0.0,-0.0,315360,-0.0,0.0,-0.5739381313323975,0.0,0.0,0.0,0.0,113,3.321761637345307,1.0,0.14054477250252942,0.0,0.0,0.0,-0.5539896488189697,CityLearnV3MADRLRewardFunction,masac_unified_comparable_v4,E1,-0.0,1907,14.03231645638133,1.0,0.14766600623474846,0.0,6
6,0.0,0.0,0.0,0.0,Building_1,0,MASAC,0.7900000214576721,True,0.0,0.0,0.0,0.32958081364631653,36,8753,0.0,0.0,-0.0,324113,0.0,391.586669921875,-0.8022828102111816,179.1614532470703,309.3534851074219,391.586669921875,391.586669921875,64,3.4225281189761185,1.0,0.23082253662869334,0.0,0.0,0.0,-0.7507438063621521,CityLearnV3MADRLRewardFunction,masac_unified_comparable_v4,E1,-0.0,1907,13.99993899432886,1.0,0.13062073770904642,0.0,8759
8,0.0,0.0,0.0,0.0,Building_2,1,MASAC,0.7900000214576721,True,0.0,0.0,0.0,0.32958081364631653,36,8753,0.0,0.0,-0.0,324113,0.0,0.1848604530096054,-0.6920812129974365,0.08457864075899124,0.14603976905345917,0.1848604530096054,0.1848604530096054,78,3.3750000354235548,1.0,0.18210070026226532,0.0,0.0,0.0,-0.7507438063621521,CityLearnV3MADRLRewardFunction,masac_unified_comparable_v4,E1,-0.0,1907,13.99993899432886,1.0,0.13062073770904642,0.0,8759
10,0.0,0.0,0.0,0.0,Building_3,2,MASAC,0.7900000214576721,True,0.0,0.0,0.0,0.32958081364631653,36,8753,0.0,0.0,-0.0,324113,0.0,39.0087890625,-0.7789211869239807,17.847572326660156,30.816944122314453,39.0087890625,39.0087890625,92,3.257616261692852,1.0,0.14939918676796166,0.0,0.0,0.0,-0.7507438063621521,CityLearnV3MADRLRewardFunction,masac_unified_comparable_v4,E1,-0.0,1907,13.99993899432886,1.0,0.13062073770904642,0.0,8759
8,0.0,0.0,0.0,0.0,Building_4,3,MASAC,0.7900000214576721,True,0.0,0.0,0.0,0.32958081364631653,36,8753,0.0,0.0,-0.0,324113,0.0,36.67196273803711,-0.7812386155128479,16.778411865234375,28.97085189819336,36.67196273803711,36.67196273803711,78,3.303076784925215,1.0,0.18100245029498369,0.0,0.0,0.0,-0.7507438063621521,CityLearnV3MADRLRewardFunction,masac_unified_comparable_v4,E1,-0.0,1907,13.99993899432886,1.0,0.13062073770904642,0.0,8759
5,0.0,0.0,0.0,0.0,Building_5,4,MASAC,0.7900000214576721,True,0.0,0.0,0.0,0.32958081364631653,36,8753,0.0,0.0,-0.0,324113,0.0,54.225337982177734,-0.8257700204849243,24.809553146362305,42.838016510009766,54.225337982177734,54.225337982177734,57,3.5379596175212598,1.0,0.29043494949215337,0.0,0.0,0.0,-0.7507438063621521,CityLearnV3MADRLRewardFunction,masac_unified_comparable_v4,E1,-0.0,1907,13.99993899432886,1.0,0.13062073770904642,0.0,8759
34,1.0,1.0,0.029411764705882353,0.0,Building_6,5,MASAC,0.7900000214576721,True,0.0,0.0,0.0,0.32958081364631653,36,8753,0.0,0.0,-0.0,324113,0.0,348.8946838378906,-0.8001495003700256,159.62872314453125,275.6268005371094,348.8946838378906,348.8946838378906,260,3.260059902324744,1.0,0.053182142743697536,0.0,0.0,0.0,-0.7507438063621521,CityLearnV3MADRLRewardFunction,masac_unified_comparable_v4,E1,-0.0,1907,13.99993899432886,1.0,0.13062073770904642,0.0,8759
44,0.0,0.0,0.0,0.0,Building_7,6,MASAC,0.7900000214576721,True,0.0,0.0,0.0,0.32958081364631653,36,8753,0.0,0.0,-0.0,324113,0.0,2.9800853729248047,-0.7040242552757263,1.3634693622589111,2.3542675971984863,2.9800853729248047,2.9800853729248047,330,3.3557699227170343,1.0,0.042945011434229935,0.0,0.0,0.0,-0.7507438063621521,CityLearnV3MADRLRewardFunction,masac_unified_comparable_v4,E1,-0.0,1907,13.99993899432886,1.0,0.13062073770904642,0.0,8759
19,1.0,1.0,0.05263157894736842,0.0,Building_8,7,MASAC,0.7900000214576721,True,0.0,0.0,0.0,0.32958081364631653,36,8753,0.0,0.0,-0.0,324113,0.0,6.19936990737915,-0.718517541885376,2.836378812789917,4.897502422332764,6.19936990737915,6.19936990737915,155,3.526577249108414,1.0,0.09901311589825539,0.0,0.0,0.0,-0.7507438063621521,CityLearnV3MADRLRewardFunction,masac_unified_comparable_v4,E1,-0.0,1907,13.99993899432886,1.0,0.13062073770904642,0.0,8759
12,0.0,0.0,0.0,0.0,Building_9,8,MASAC,0.7900000214576721,True,0.0,0.0,0.0,0.32958081364631653,36,8753,0.0,0.0,-0.0,324113,0.0,2.1350696086883545,-0.6831398606300354,0.9768518805503845,1.6867049932479858,2.1350696086883545,2.1350696086883545,106,3.5869352944720374,1.0,0.15464519526598589,0.0,0.0,0.0,-0.7507438063621521,CityLearnV3MADRLRewardFunction,masac_unified_comparable_v4,E1,-0.0,1907,13.99993899432886,1.0,0.13062073770904642,0.0,8759
8,0.0,0.0,0.0,0.0,Building_10,9,MASAC,0.7900000214576721,True,0.0,0.0,0.0,0.32958081364631653,36,8753,0.0,0.0,-0.0,324113,0.0,16.451881408691406,-0.7536107301712036,7.52717924118042,12.996986389160156,16.451881408691406,16.451881408691406,78,3.4337869686282665,1.0,0.18913282482669905,0.0,0.0,0.0,-0.7507438063621521,CityLearnV3MADRLRewardFunction,masac_unified_comparable_v4,E1,-0.0,1907,13.99993899432886,1.0,0.13062073770904642,0.0,8759
5,0.0,0.0,0.0,0.0,Building_11,10,MASAC,0.7900000214576721,True,0.0,0.0,0.0,0.32958081364631653,36,8753,0.0,0.0,-0.0,324113,0.0,66.45198059082031,-0.791054368019104,30.40357208251953,52.497066497802734,66.45198059082031,66.45198059082031,57,3.3839198028019783,1.0,0.2536836893934953,0.0,0.0,0.0,-0.7507438063621521,CityLearnV3MADRLRewardFunction,masac_unified_comparable_v4,E1,-0.0,1907,13.99993899432886,1.0,0.13062073770904642,0.0,8759
5,0.0,0.0,0.0,0.0,Building_12,11,MASAC,0.7900000214576721,True,0.0,0.0,0.0,0.32958081364631653,36,8753,0.0,0.0,-0.0,324113,0.0,155.388671875,-0.7890667915344238,71.0945053100586,122.7570571899414,155.388671875,155.388671875,57,3.2919829215900966,1.0,0.24665382948883793,0.0,0.0,0.0,-0.7507438063621521,CityLearnV3MADRLRewardFunction,masac_unified_comparable_v4,E1,-0.0,1907,13.99993899432886,1.0,0.13062073770904642,0.0,8759
13,0.0,0.0,0.0,0.0,Building_13,12,MASAC,0.7900000214576721,True,0.0,0.0,0.0,0.32958081364631653,36,8753,0.0,0.0,-0.0,324113,0.0,0.1047736182808876,-0.69173663854599,0.04793675243854523,0.08277115970849991,0.1047736182808876,0.1047736182808876,113,3.357140003071366,1.0,0.12505007765989387,0.0,0.0,0.0,-0.7507438063621521,CityLearnV3MADRLRewardFunction,masac_unified_comparable_v4,E1,-0.0,1907,13.99993899432886,1.0,0.13062073770904642,0.0,8759
6,0.0,0.0,0.0,0.0,Building_14,13,MASAC,0.7900000214576721,True,0.0,0.0,0.0,0.32958081364631653,36,8753,0.0,0.0,-0.0,324113,0.0,1.3521205186843872,-0.6971532702445984,0.6186316013336182,1.068175196647644,1.3521205186843872,1.3521205186843872,64,3.369920980211645,1.0,0.22332766791805625,0.0,0.0,0.0,-0.7507438063621521,CityLearnV3MADRLRewardFunction,masac_unified_comparable_v4,E1,-0.0,1907,13.99993899432886,1.0,0.13062073770904642,0.0,8759
10,0.0,0.0,0.0,0.0,Building_15,14,MASAC,0.7900000214576721,True,0.0,0.0,0.0,0.32958081364631653,36,8753,0.0,0.0,-0.0,324113,0.0,15.147623062133789,-0.7480658292770386,6.930445671081543,11.966622352600098,15.147623062133789,15.147623062133789,92,3.415466993834487,1.0,0.16096327000338098,0.0,0.0,0.0,-0.7507438063621521,CityLearnV3MADRLRewardFunction,masac_unified_comparable_v4,E1,-0.0,1907,13.99993899432886,1.0,0.13062073770904642,0.0,8759
13,0.0,0.0,0.0,0.0,Building_16,15,MASAC,0.7900000214576721,True,0.0,0.0,0.0,0.32958081364631653,36,8753,0.0,0.0,-0.0,324113,0.0,11.957420349121094,-0.7404265999794006,5.470841884613037,9.446362495422363,11.957420349121094,11.957420349121094,113,3.4645910825904327,1.0,0.13095620195422553,0.0,0.0,0.0,-0.7507438063621521,CityLearnV3MADRLRewardFunction,masac_unified_comparable_v4,E1,-0.0,1907,13.99993899432886,1.0,0.13062073770904642,0.0,8759
13,0.0,0.0,0.0,0.0,Building_17,16,MASAC,0.7900000214576721,True,0.0,0.0,0.0,0.32958081364631653,36,8753,0.0,0.0,-0.0,324113,0.0,23.087642669677734,-0.765405535697937,10.56321907043457,18.239238739013672,23.087642669677734,23.087642669677734,113,3.3597433124965823,1.0,0.12972572366748236,0.0,0.0,0.0,-0.7507438063621521,CityLearnV3MADRLRewardFunction,masac_unified_comparable_v4,E1,-0.0,1907,13.99993899432886,1.0,0.13062073770904642,0.0,8759
6,0.0,0.0,0.0,0.0,Building_1,0,MASAC,0.7617499828338623,False,0.0,0.0,0.0,0.6272557377815247,37,0,0.0,0.0,-0.0,324120,-0.0,0.0,-0.6699482202529907,0.0,0.0,0.0,0.0,64,3.383270212956728,0.9829629063606262,0.27713228366337717,0.0,0.0,0.0,-0.6208164095878601,CityLearnV3MADRLRewardFunction,masac_unified_comparable_v4,E1,-0.0,1907,14.98077562054648,1.0,0.17425560261775833,0.0,7
8,0.0,0.0,0.0,0.0,Building_2,1,MASAC,0.7617499828338623,False,0.0,0.0,0.0,0.6272557377815247,37,0,0.0,0.0,-0.0,324120,-0.0,0.0,-0.5650092363357544,0.0,0.0,0.0,0.0,78,3.4265054201724254,0.9829629063606262,0.22474945737765387,0.0,0.0,0.0,-0.6208164095878601,CityLearnV3MADRLRewardFunction,masac_unified_comparable_v4,E1,-0.0,1907,14.98077562054648,1.0,0.17425560261775833,0.0,7
10,1.0,0.0,-0.1,-1.0,Building_3,2,MASAC,0.7617499828338623,False,0.0,0.0,0.0,0.6272557377815247,37,0,0.0,0.0,-0.0,324120,-0.0,0.0,-0.6369957327842712,0.0,0.0,0.0,0.0,92,4.040544296813161,1.0,0.25354477811766707,0.0,0.0,0.0,-0.6208164095878601,CityLearnV3MADRLRewardFunction,masac_unified_comparable_v4,E1,-0.0,1907,14.98077562054648,1.0,0.17425560261775833,0.0,7
8,0.0,0.0,0.0,0.0,Building_4,3,MASAC,0.7617499828338623,False,0.0,0.0,0.0,0.6272557377815247,37,0,0.0,0.0,-0.0,324120,-0.0,0.0,-0.6381696462631226,0.0,0.0,0.0,0.0,78,3.496380210052863,0.9956119656562805,0.2272490987028831,0.0,0.0,0.0,-0.6208164095878601,CityLearnV3MADRLRewardFunction,masac_unified_comparable_v4,E1,-0.0,1907,14.98077562054648,1.0,0.17425560261775833,0.0,7
5,0.0,0.0,0.0,0.0,Building_5,4,MASAC,0.7617499828338623,False,0.0,0.0,0.0,0.6272557377815247,37,0,0.0,0.0,-0.0,324120,-0.0,0.0,-0.6566034555435181,0.0,0.0,0.0,0.0,57,3.7294143928138053,1.0,0.36341140288532825,0.0,0.0,0.0,-0.6208164095878601,CityLearnV3MADRLRewardFunction,masac_unified_comparable_v4,E1,-0.0,1907,14.98077562054648,1.0,0.17425560261775833,0.0,7
34,1.0,1.0,0.029411764705882353,0.0,Building_6,5,MASAC,0.7617499828338623,False,0.0,0.0,0.0,0.6272557377815247,37,0,0.0,0.0,-0.0,324120,-0.0,0.0,-0.6695659160614014,0.0,0.0,0.0,0.0,260,3.436029734294371,0.9829629063606262,0.06793519797233435,0.0,0.0,0.0,-0.6208164095878601,CityLearnV3MADRLRewardFunction,masac_unified_comparable_v4,E1,-0.0,1907,14.98077562054648,1.0,0.17425560261775833,0.0,7
44,1.0,1.0,0.022727272727272728,0.0,Building_7,6,MASAC,0.7617499828338623,False,0.0,0.0,0.0,0.6272557377815247,37,0,0.0,0.0,-0.0,324120,-0.0,0.0,-0.5813203454017639,0.0,0.0,0.0,0.0,330,3.385468685600336,0.9829629063606262,0.052089252751885036,0.0,0.0,0.0,-0.6208164095878601,CityLearnV3MADRLRewardFunction,masac_unified_comparable_v4,E1,-0.0,1907,14.98077562054648,1.0,0.17425560261775833,0.0,7
19,0.0,0.0,0.0,0.0,Building_8,7,MASAC,0.7617499828338623,False,0.0,0.0,0.0,0.6272557377815247,37,0,0.0,0.0,-0.0,324120,-0.0,0.0,-0.5758973360061646,0.0,0.0,0.0,0.0,155,3.4528583214914055,0.9829629063606262,0.11515186207909738,0.0,0.0,0.0,-0.6208164095878601,CityLearnV3MADRLRewardFunction,masac_unified_comparable_v4,E1,-0.0,1907,14.98077562054648,1.0,0.17425560261775833,0.0,7
12,1.0,1.0,0.08333333333333333,0.0,Building_9,8,MASAC,0.7617499828338623,False,0.0,0.0,0.0,0.6272557377815247,37,0,0.0,0.0,-0.0,324120,-0.0,0.0,-0.5780714750289917,0.0,0.0,0.0,0.0,106,3.48137827511656,0.9829629063606262,0.1689848402550198,0.0,0.0,0.0,-0.6208164095878601,CityLearnV3MADRLRewardFunction,masac_unified_comparable_v4,E1,-0.0,1907,14.98077562054648,1.0,0.17425560261775833,0.0,7
8,0.0,0.0,0.0,0.0,Building_10,9,MASAC,0.7617499828338623,False,0.0,0.0,0.0,0.6272557377815247,37,0,0.0,0.0,-0.0,324120,-0.0,0.0,-0.6521341800689697,0.0,0.0,0.0,0.0,78,3.375670525690729,0.9829629063606262,0.22076924391783392,0.0,0.0,0.0,-0.6208164095878601,CityLearnV3MADRLRewardFunction,masac_unified_comparable_v4,E1,-0.0,1907,14.98077562054648,1.0,0.17425560261775833,0.0,7
5,0.0,0.0,0.0,0.0,Building_11,10,MASAC,0.7617499828338623,False,0.0,0.0,0.0,0.6272557377815247,37,0,0.0,0.0,-0.0,324120,-0.0,0.0,-0.6553388833999634,0.0,0.0,0.0,0.0,57,4.060402470315101,1.0,0.4168975199000877,0.0,0.0,0.0,-0.6208164095878601,CityLearnV3MADRLRewardFunction,masac_unified_comparable_v4,E1,-0.0,1907,14.98077562054648,1.0,0.17425560261775833,0.0,7
5,0.0,0.0,0.0,0.0,Building_12,11,MASAC,0.7617499828338623,False,0.0,0.0,0.0,0.6272557377815247,37,0,0.0,0.0,-0.0,324120,-0.0,0.0,-0.6528674960136414,0.0,0.0,0.0,0.0,57,4.284426302549777,1.0,0.46683954042300846,0.0,0.0,0.0,-0.6208164095878601,CityLearnV3MADRLRewardFunction,masac_unified_comparable_v4,E1,-0.0,1907,14.98077562054648,1.0,0.17425560261775833,0.0,7
13,0.0,0.0,0.0,0.0,Building_13,12,MASAC,0.7617499828338623,False,0.0,0.0,0.0,0.6272557377815247,37,0,0.0,0.0,-0.0,324120,-0.0,0.0,-0.5709832310676575,0.0,0.0,0.0,0.0,113,3.391224436066061,0.9829629063606262,0.15230468851802623,0.0,0.0,0.0,-0.6208164095878601,CityLearnV3MADRLRewardFunction,masac_unified_comparable_v4,E1,-0.0,1907,14.98077562054648,1.0,0.17425560261775833,0.0,7
6,0.0,0.0,0.0,0.0,Building_14,13,MASAC,0.7617499828338623,False,0.0,0.0,0.0,0.6272557377815247,37,0,0.0,0.0,-0.0,324120,-0.0,0.0,-0.5705603361129761,0.0,0.0,0.0,0.0,64,4.312722977502172,1.0,0.42108960764016956,0.0,0.0,0.0,-0.6208164095878601,CityLearnV3MADRLRewardFunction,masac_unified_comparable_v4,E1,-0.0,1907,14.98077562054648,1.0,0.17425560261775833,0.0,7
10,0.0,0.0,0.0,0.0,Building_15,14,MASAC,0.7617499828338623,False,0.0,0.0,0.0,0.6272557377815247,37,0,0.0,0.0,-0.0,324120,-0.0,0.0,-0.582321047782898,0.0,0.0,0.0,0.0,92,3.41073148491574,0.9829629063606262,0.19127998970772908,0.0,0.0,0.0,-0.6208164095878601,CityLearnV3MADRLRewardFunction,masac_unified_comparable_v4,E1,-0.0,1907,14.98077562054648,1.0,0.17425560261775833,0.0,7
13,0.0,0.0,0.0,0.0,Building_16,15,MASAC,0.7617499828338623,False,0.0,0.0,0.0,0.6272557377815247,37,0,0.0,0.0,-0.0,324120,-0.0,0.0,-0.6565991044044495,0.0,0.0,0.0,0.0,113,3.3509601422461532,0.9829629063606262,0.15016449539534812,0.0,0.0,0.0,-0.6208164095878601,CityLearnV3MADRLRewardFunction,masac_unified_comparable_v4,E1,-0.0,1907,14.98077562054648,1.0,0.17425560261775833,0.0,7
13,1.0,1.0,0.07692307692307693,0.0,Building_17,16,MASAC,0.7617499828338623,False,0.0,0.0,0.0,0.6272557377815247,37,0,0.0,0.0,-0.0,324120,-0.0,0.0,-0.6414929032325745,0.0,0.0,0.0,0.0,113,3.502387595675052,0.9829629063606262,0.1622960119780186,0.0,0.0,0.0,-0.6208164095878601,CityLearnV3MADRLRewardFunction,masac_unified_comparable_v4,E1,-0.0,1907,14.98077562054648,1.0,0.17425560261775833,0.0,7
6,0.0,0.0,0.0,0.0,Building_1,0,MASAC,0.7900000214576721,True,0.0,0.0,0.0,0.28695225715637207,37,8752,0.0,0.0,-0.0,332872,0.0,433.45458984375,-0.6452549695968628,172.66647338867188,342.42913818359375,433.45458984375,433.45458984375,64,3.1783990790166454,1.0,0.20819497446063906,0.0,0.0,0.0,-0.6118767857551575,CityLearnV3MADRLRewardFunction,masac_unified_comparable_v4,E1,-0.0,1907,13.757409489886115,1.0,0.12629606332737361,0.0,8759
8,0.0,0.0,0.0,0.0,Building_2,1,MASAC,0.7900000214576721,True,0.0,0.0,0.0,0.28695225715637207,37,8752,0.0,0.0,-0.0,332872,0.0,15.16435432434082,-0.5971099734306335,6.040714740753174,11.979840278625488,15.16435432434082,15.16435432434082,78,3.4383038700024398,1.0,0.18819564265700486,0.0,0.0,0.0,-0.6118767857551575,CityLearnV3MADRLRewardFunction,masac_unified_comparable_v4,E1,-0.0,1907,13.757409489886115,1.0,0.12629606332737361,0.0,8759
10,0.0,0.0,0.0,0.0,Building_3,2,MASAC,0.7900000214576721,True,0.0,0.0,0.0,0.28695225715637207,37,8752,0.0,0.0,-0.0,332872,0.0,94.53981018066406,-0.6334154009819031,37.65989685058594,74.68645477294922,94.53981018066406,94.53981018066406,92,3.1959209938284725,1.0,0.14368497993311155,0.0,0.0,0.0,-0.6118767857551575,CityLearnV3MADRLRewardFunction,masac_unified_comparable_v4,E1,-0.0,1907,13.757409489886115,1.0,0.12629606332737361,0.0,8759
8,0.0,0.0,0.0,0.0,Building_4,3,MASAC,0.7900000214576721,True,0.0,0.0,0.0,0.28695225715637207,37,8752,0.0,0.0,-0.0,332872,0.0,31.04317283630371,-0.6267995238304138,12.366035461425781,24.524106979370117,31.04317283630371,31.04317283630371,78,3.3300877114398655,1.0,0.17901407707578096,0.0,0.0,0.0,-0.6118767857551575,CityLearnV3MADRLRewardFunction,masac_unified_comparable_v4,E1,-0.0,1907,13.757409489886115,1.0,0.12629606332737361,0.0,8759
5,0.0,0.0,0.0,0.0,Building_5,4,MASAC,0.7900000214576721,True,0.0,0.0,0.0,0.28695225715637207,37,8752,0.0,0.0,-0.0,332872,0.0,38.538970947265625,-0.6697558760643005,15.351984024047852,30.44578742980957,38.538970947265625,38.538970947265625,57,3.5721362577050546,1.0,0.288264197869259,0.0,0.0,0.0,-0.6118767857551575,CityLearnV3MADRLRewardFunction,masac_unified_comparable_v4,E1,-0.0,1907,13.757409489886115,1.0,0.12629606332737361,0.0,8759
34,1.0,1.0,0.029411764705882353,0.0,Building_6,5,MASAC,0.7900000214576721,True,0.0,0.0,0.0,0.28695225715637207,37,8752,0.0,0.0,-0.0,332872,0.0,362.8901062011719,-0.649027407169342,144.55712890625,286.6831970214844,362.8901062011719,362.8901062011719,260,3.1870037943218907,1.0,0.05117337884238133,0.0,0.0,0.0,-0.6118767857551575,CityLearnV3MADRLRewardFunction,masac_unified_comparable_v4,E1,-0.0,1907,13.757409489886115,1.0,0.12629606332737361,0.0,8759
44,1.0,1.0,0.022727272727272728,0.0,Building_7,6,MASAC,0.7900000214576721,True,0.0,0.0,0.0,0.28695225715637207,37,8752,0.0,0.0,-0.0,332872,0.0,12.664111137390137,-0.5874823331832886,5.044743537902832,10.004648208618164,12.664111137390137,12.664111137390137,330,3.277792606506913,1.0,0.04175241806290366,0.0,0.0,0.0,-0.6118767857551575,CityLearnV3MADRLRewardFunction,masac_unified_comparable_v4,E1,-0.0,1907,13.757409489886115,1.0,0.12629606332737361,0.0,8759
19,0.0,0.0,0.0,0.0,Building_8,7,MASAC,0.7900000214576721,True,0.0,0.0,0.0,0.28695225715637207,37,8752,0.0,0.0,-0.0,332872,0.0,12.065996170043945,-0.587299108505249,4.806484699249268,9.532136917114258,12.065996170043945,12.065996170043945,155,3.444070084462658,1.0,0.09541381285075218,0.0,0.0,0.0,-0.6118767857551575,CityLearnV3MADRLRewardFunction,masac_unified_comparable_v4,E1,-0.0,1907,13.757409489886115,1.0,0.12629606332737361,0.0,8759
12,0.0,0.0,0.0,0.0,Building_9,8,MASAC,0.7900000214576721,True,0.0,0.0,0.0,0.28695225715637207,37,8752,0.0,0.0,-0.0,332872,0.0,2.290161371231079,-0.5308459401130676,0.9122849106788635,1.8092275857925415,2.290161371231079,2.290161371231079,106,3.5165356679833266,1.0,0.14819376571279652,0.0,0.0,0.0,-0.6118767857551575,CityLearnV3MADRLRewardFunction,masac_unified_comparable_v4,E1,-0.0,1907,13.757409489886115,1.0,0.12629606332737361,0.0,8759
8,0.0,0.0,0.0,0.0,Building_10,9,MASAC,0.7900000214576721,True,0.0,0.0,0.0,0.28695225715637207,37,8752,0.0,0.0,-0.0,332872,0.0,51.649574279785156,-0.638920783996582,20.574588775634766,40.803165435791016,51.649574279785156,51.649574279785156,78,3.3777082815240584,1.0,0.1835336844699505,0.0,0.0,0.0,-0.6118767857551575,CityLearnV3MADRLRewardFunction,masac_unified_comparable_v4,E1,-0.0,1907,13.757409489886115,1.0,0.12629606332737361,0.0,8759
5,0.0,0.0,0.0,0.0,Building_11,10,MASAC,0.7900000214576721,True,0.0,0.0,0.0,0.28695225715637207,37,8752,0.0,0.0,-0.0,332872,0.0,71.54803466796875,-0.6320721507072449,28.501131057739258,56.52294921875,71.54803466796875,71.54803466796875,57,3.244150653238733,1.0,0.23588033066245548,0.0,0.0,0.0,-0.6118767857551575,CityLearnV3MADRLRewardFunction,masac_unified_comparable_v4,E1,-0.0,1907,13.757409489886115,1.0,0.12629606332737361,0.0,8759
5,0.0,0.0,0.0,0.0,Building_12,11,MASAC,0.7900000214576721,True,0.0,0.0,0.0,0.28695225715637207,37,8752,0.0,0.0,-0.0,332872,0.0,215.11593627929688,-0.6493725180625916,85.69135284423828,169.94158935546875,215.11593627929688,215.11593627929688,57,3.3560164936735815,1.0,0.2509071271409068,0.0,0.0,0.0,-0.6118767857551575,CityLearnV3MADRLRewardFunction,masac_unified_comparable_v4,E1,-0.0,1907,13.757409489886115,1.0,0.12629606332737361,0.0,8759
13,0.0,0.0,0.0,0.0,Building_13,12,MASAC,0.7900000214576721,True,0.0,0.0,0.0,0.28695225715637207,37,8752,0.0,0.0,-0.0,332872,0.0,2.033022403717041,-0.5475395917892456,0.8098536729812622,1.6060876846313477,2.033022403717041,2.033022403717041,113,3.3822281682196293,1.0,0.12555964535052797,0.0,0.0,0.0,-0.6118767857551575,CityLearnV3MADRLRewardFunction,masac_unified_comparable_v4,E1,-0.0,1907,13.757409489886115,1.0,0.12629606332737361,0.0,8759
6,0.0,0.0,0.0,0.0,Building_14,13,MASAC,0.7900000214576721,True,0.0,0.0,0.0,0.28695225715637207,37,8752,0.0,0.0,-0.0,332872,0.0,2.6149511337280273,-0.5495955348014832,1.041664719581604,2.0658113956451416,2.6149511337280273,2.6149511337280273,64,3.2376499438136954,1.0,0.20893981552217156,0.0,0.0,0.0,-0.6118767857551575,CityLearnV3MADRLRewardFunction,masac_unified_comparable_v4,E1,-0.0,1907,13.757409489886115,1.0,0.12629606332737361,0.0,8759
10,0.0,0.0,0.0,0.0,Building_15,14,MASAC,0.7900000214576721,True,0.0,0.0,0.0,0.28695225715637207,37,8752,0.0,0.0,-0.0,332872,0.0,19.521480560302734,-0.6053032875061035,7.776374340057373,15.42197036743164,19.521480560302734,19.521480560302734,92,3.3426679466881586,1.0,0.15512718964854014,0.0,0.0,0.0,-0.6118767857551575,CityLearnV3MADRLRewardFunction,masac_unified_comparable_v4,E1,-0.0,1907,13.757409489886115,1.0,0.12629606332737361,0.0,8759
13,0.0,0.0,0.0,0.0,Building_16,15,MASAC,0.7900000214576721,True,0.0,0.0,0.0,0.28695225715637207,37,8752,0.0,0.0,-0.0,332872,0.0,54.89390563964844,-0.6399398446083069,21.866966247558594,43.366188049316406,54.89390563964844,54.89390563964844,113,3.3590200252021742,1.0,0.12483055652242846,0.0,0.0,0.0,-0.6118767857551575,CityLearnV3MADRLRewardFunction,masac_unified_comparable_v4,E1,-0.0,1907,13.757409489886115,1.0,0.12629606332737361,0.0,8759
13,0.0,0.0,0.0,0.0,Building_17,16,MASAC,0.7900000214576721,True,0.0,0.0,0.0,0.28695225715637207,37,8752,0.0,0.0,-0.0,332872,0.0,22.46647071838379,-0.612171471118927,8.949509620666504,17.748512268066406,22.46647071838379,22.46647071838379,113,3.2519974131408764,1.0,0.12078024137072858,0.0,0.0,0.0,-0.6118767857551575,CityLearnV3MADRLRewardFunction,masac_unified_comparable_v4,E1,-0.0,1907,13.757409489886115,1.0,0.12629606332737361,0.0,8759
6,0.0,0.0,0.0,0.0,Building_1,0,MASAC,0.7900000214576721,False,0.0,0.0,0.0,0.39711645245552063,38,0,0.0,0.0,-0.0,332880,-0.0,0.0,-0.5494993329048157,0.0,0.0,0.0,0.0,64,3.399947121501272,1.0,0.23232329500024207,0.0,0.0,0.0,-0.4925156235694885,CityLearnV3MADRLRewardFunction,masac_unified_comparable_v4,E1,-0.0,1907,14.51904259128735,1.0,0.1365605647239578,0.0,1
8,0.0,0.0,0.0,0.0,Building_2,1,MASAC,0.7900000214576721,False,0.0,0.0,0.0,0.39711645245552063,38,0,0.0,0.0,-0.0,332880,-0.0,0.0,-0.4413459599018097,0.0,0.0,0.0,0.0,78,3.530972767129449,1.0,0.19426156773876685,0.0,0.0,0.0,-0.4925156235694885,CityLearnV3MADRLRewardFunction,masac_unified_comparable_v4,E1,-0.0,1907,14.51904259128735,1.0,0.1365605647239578,0.0,1
10,0.0,0.0,0.0,0.0,Building_3,2,MASAC,0.7900000214576721,False,0.0,0.0,0.0,0.39711645245552063,38,0,0.0,0.0,-0.0,332880,-0.0,0.0,-0.5154462456703186,0.0,0.0,0.0,0.0,92,3.595184511317292,1.0,0.1728648382401013,0.0,0.0,0.0,-0.4925156235694885,CityLearnV3MADRLRewardFunction,masac_unified_comparable_v4,E1,-0.0,1907,14.51904259128735,1.0,0.1365605647239578,0.0,1
8,0.0,0.0,0.0,0.0,Building_4,3,MASAC,0.7900000214576721,False,0.0,0.0,0.0,0.39711645245552063,38,0,0.0,0.0,-0.0,332880,-0.0,0.0,-0.5052692294120789,0.0,0.0,0.0,0.0,78,3.4599095937337703,1.0,0.19043285115502584,0.0,0.0,0.0,-0.4925156235694885,CityLearnV3MADRLRewardFunction,masac_unified_comparable_v4,E1,-0.0,1907,14.51904259128735,1.0,0.1365605647239578,0.0,1
5,0.0,0.0,0.0,0.0,Building_5,4,MASAC,0.7900000214576721,False,0.0,0.0,0.0,0.39711645245552063,38,0,0.0,0.0,-0.0,332880,-0.0,0.0,-0.5317111015319824,0.0,0.0,0.0,0.0,57,3.5373607559917155,1.0,0.2738490780782804,0.0,0.0,0.0,-0.4925156235694885,CityLearnV3MADRLRewardFunction,masac_unified_comparable_v4,E1,-0.0,1907,14.51904259128735,1.0,0.1365605647239578,0.0,1
34,1.0,1.0,0.029411764705882353,0.0,Building_6,5,MASAC,0.7900000214576721,False,0.0,0.0,0.0,0.39711645245552063,38,0,0.0,0.0,-0.0,332880,-0.0,0.0,-0.5465103387832642,0.0,0.0,0.0,0.0,260,3.446708557887374,1.0,0.057251454810970104,0.0,0.0,0.0,-0.4925156235694885,CityLearnV3MADRLRewardFunction,masac_unified_comparable_v4,E1,-0.0,1907,14.51904259128735,1.0,0.1365605647239578,0.0,1
44,0.0,0.0,0.0,0.0,Building_7,6,MASAC,0.7900000214576721,False,0.0,0.0,0.0,0.39711645245552063,38,0,0.0,0.0,-0.0,332880,-0.0,0.0,-0.44820865988731384,0.0,0.0,0.0,0.0,330,3.511104933560661,1.0,0.04572345136354367,0.0,0.0,0.0,-0.4925156235694885,CityLearnV3MADRLRewardFunction,masac_unified_comparable_v4,E1,-0.0,1907,14.51904259128735,1.0,0.1365605647239578,0.0,1
19,0.0,0.0,0.0,0.0,Building_8,7,MASAC,0.7900000214576721,False,0.0,0.0,0.0,0.39711645245552063,38,0,0.0,0.0,-0.0,332880,-0.0,0.0,-0.4430450201034546,0.0,0.0,0.0,0.0,155,3.529797331867745,1.0,0.09781620388309802,0.0,0.0,0.0,-0.4925156235694885,CityLearnV3MADRLRewardFunction,masac_unified_comparable_v4,E1,-0.0,1907,14.51904259128735,1.0,0.1365605647239578,0.0,1
12,0.0,0.0,0.0,0.0,Building_9,8,MASAC,0.7900000214576721,False,0.0,0.0,0.0,0.39711645245552063,38,0,0.0,0.0,-0.0,332880,-0.0,0.0,-0.45133042335510254,0.0,0.0,0.0,0.0,106,3.6406126405888504,1.0,0.15179483432603894,0.0,0.0,0.0,-0.4925156235694885,CityLearnV3MADRLRewardFunction,masac_unified_comparable_v4,E1,-0.0,1907,14.51904259128735,1.0,0.1365605647239578,0.0,1
8,0.0,0.0,0.0,0.0,Building_10,9,MASAC,0.7900000214576721,False,0.0,0.0,0.0,0.39711645245552063,38,0,0.0,0.0,-0.0,332880,-0.0,0.0,-0.5194079279899597,0.0,0.0,0.0,0.0,78,3.4879012296061043,1.0,0.1926768557049143,0.0,0.0,0.0,-0.4925156235694885,CityLearnV3MADRLRewardFunction,masac_unified_comparable_v4,E1,-0.0,1907,14.51904259128735,1.0,0.1365605647239578,0.0,1
5,0.0,0.0,0.0,0.0,Building_11,10,MASAC,0.7900000214576721,False,0.0,0.0,0.0,0.39711645245552063,38,0,0.0,0.0,-0.0,332880,-0.0,0.0,-0.5361932516098022,0.0,0.0,0.0,0.0,57,3.6190027730143046,1.0,0.28072351599602324,0.0,0.0,0.0,-0.4925156235694885,CityLearnV3MADRLRewardFunction,masac_unified_comparable_v4,E1,-0.0,1907,14.51904259128735,1.0,0.1365605647239578,0.0,1
5,0.0,0.0,0.0,0.0,Building_12,11,MASAC,0.7900000214576721,False,0.0,0.0,0.0,0.39711645245552063,38,0,0.0,0.0,-0.0,332880,-0.0,0.0,-0.5454437732696533,0.0,0.0,0.0,0.0,57,3.5772085401377147,1.0,0.27765777514299805,0.0,0.0,0.0,-0.4925156235694885,CityLearnV3MADRLRewardFunction,masac_unified_comparable_v4,E1,-0.0,1907,14.51904259128735,1.0,0.1365605647239578,0.0,1
13,0.0,0.0,0.0,0.0,Building_13,12,MASAC,0.7900000214576721,False,0.0,0.0,0.0,0.39711645245552063,38,0,0.0,0.0,-0.0,332880,-0.0,0.0,-0.4437367618083954,0.0,0.0,0.0,0.0,113,3.5178147076479815,1.0,0.13379122516288694,0.0,0.0,0.0,-0.4925156235694885,CityLearnV3MADRLRewardFunction,masac_unified_comparable_v4,E1,-0.0,1907,14.51904259128735,1.0,0.1365605647239578,0.0,1
6,0.0,0.0,0.0,0.0,Building_14,13,MASAC,0.7900000214576721,False,0.0,0.0,0.0,0.39711645245552063,38,0,0.0,0.0,-0.0,332880,-0.0,0.0,-0.4468543827533722,0.0,0.0,0.0,0.0,64,3.4945148124651526,1.0,0.23472238521208055,0.0,0.0,0.0,-0.4925156235694885,CityLearnV3MADRLRewardFunction,masac_unified_comparable_v4,E1,-0.0,1907,14.51904259128735,1.0,0.1365605647239578,0.0,1
10,1.0,1.0,0.1,0.0,Building_15,14,MASAC,0.7900000214576721,False,0.0,0.0,0.0,0.39711645245552063,38,0,0.0,0.0,-0.0,332880,-0.0,0.0,-0.4509211480617523,0.0,0.0,0.0,0.0,92,3.533428896026317,1.0,0.1655962839115249,0.0,0.0,0.0,-0.4925156235694885,CityLearnV3MADRLRewardFunction,masac_unified_comparable_v4,E1,-0.0,1907,14.51904259128735,1.0,0.1365605647239578,0.0,1
13,0.0,0.0,0.0,0.0,Building_16,15,MASAC,0.7900000214576721,False,0.0,0.0,0.0,0.39711645245552063,38,0,0.0,0.0,-0.0,332880,-0.0,0.0,-0.5336475968360901,0.0,0.0,0.0,0.0,113,3.4239601574799527,1.0,0.1302925614821436,0.0,0.0,0.0,-0.4925156235694885,CityLearnV3MADRLRewardFunction,masac_unified_comparable_v4,E1,-0.0,1907,14.51904259128735,1.0,0.1365605647239578,0.0,1
13,1.0,0.0,-0.07692307692307693,-1.0,Building_17,16,MASAC,0.7900000214576721,False,0.0,0.0,0.0,0.39711645245552063,38,0,0.0,0.0,-0.0,332880,-0.0,0.0,-0.46419456601142883,0.0,0.0,0.0,0.0,113,3.548298200180829,1.0,0.14028504921073934,0.0,0.0,0.0,-0.4925156235694885,CityLearnV3MADRLRewardFunction,masac_unified_comparable_v4,E1,-0.0,1907,14.51904259128735,1.0,0.1365605647239578,0.0,1
6,1.0,1.0,0.16666666666666666,0.0,Building_1,0,MASAC,0.7900000214576721,True,0.0,0.0,0.0,0.28695225715637207,38,8758,0.0,0.0,-0.0,341638,0.0,433.45458984375,-0.8381373882293701,172.66647338867188,342.42913818359375,433.45458984375,433.45458984375,64,3.2666332708388377,1.0,0.21726017852779478,0.0,0.0,0.0,-0.7998155951499939,CityLearnV3MADRLRewardFunction,masac_unified_comparable_v4,E1,-0.0,1907,13.760260365440049,1.0,0.12662351453177706,0.0,8759
8,0.0,0.0,0.0,0.0,Building_2,1,MASAC,0.7900000214576721,True,0.0,0.0,0.0,0.28695225715637207,38,8758,0.0,0.0,-0.0,341638,0.0,15.16435432434082,-0.7851654887199402,6.040714740753174,11.979840278625488,15.16435432434082,15.16435432434082,78,3.4019888194082206,1.0,0.18646481470801893,0.0,0.0,0.0,-0.7998155951499939,CityLearnV3MADRLRewardFunction,masac_unified_comparable_v4,E1,-0.0,1907,13.760260365440049,1.0,0.12662351453177706,0.0,8759
10,0.0,0.0,0.0,0.0,Building_3,2,MASAC,0.7900000214576721,True,0.0,0.0,0.0,0.28695225715637207,38,8758,0.0,0.0,-0.0,341638,0.0,94.53981018066406,-0.8222081661224365,37.65989685058594,74.68645477294922,94.53981018066406,94.53981018066406,92,3.1965110934075236,1.0,0.14378516027784866,0.0,0.0,0.0,-0.7998155951499939,CityLearnV3MADRLRewardFunction,masac_unified_comparable_v4,E1,-0.0,1907,13.760260365440049,1.0,0.12662351453177706,0.0,8759
8,0.0,0.0,0.0,0.0,Building_4,3,MASAC,0.7900000214576721,True,0.0,0.0,0.0,0.28695225715637207,38,8758,0.0,0.0,-0.0,341638,0.0,31.04317283630371,-0.8137833476066589,12.366035461425781,24.524106979370117,31.04317283630371,31.04317283630371,78,3.270847151711238,1.0,0.1761959923956639,0.0,0.0,0.0,-0.7998155951499939,CityLearnV3MADRLRewardFunction,masac_unified_comparable_v4,E1,-0.0,1907,13.760260365440049,1.0,0.12662351453177706,0.0,8759
5,0.0,0.0,0.0,0.0,Building_5,4,MASAC,0.7900000214576721,True,0.0,0.0,0.0,0.28695225715637207,38,8758,0.0,0.0,-0.0,341638,0.0,38.538970947265625,-0.8512526154518127,15.351984024047852,30.44578742980957,38.538970947265625,38.538970947265625,57,3.4370548276444413,1.0,0.27476077526807785,0.0,0.0,0.0,-0.7998155951499939,CityLearnV3MADRLRewardFunction,masac_unified_comparable_v4,E1,-0.0,1907,13.760260365440049,1.0,0.12662351453177706,0.0,8759
34,0.0,0.0,0.0,0.0,Building_6,5,MASAC,0.7900000214576721,True,0.0,0.0,0.0,0.28695225715637207,38,8758,0.0,0.0,-0.0,341638,0.0,362.8901062011719,-0.8373696804046631,144.55712890625,286.6831970214844,362.8901062011719,362.8901062011719,260,3.1994735894759208,1.0,0.05140307221848231,0.0,0.0,0.0,-0.7998155951499939,CityLearnV3MADRLRewardFunction,masac_unified_comparable_v4,E1,-0.0,1907,13.760260365440049,1.0,0.12662351453177706,0.0,8759
44,0.0,0.0,0.0,0.0,Building_7,6,MASAC,0.7900000214576721,True,0.0,0.0,0.0,0.28695225715637207,38,8758,0.0,0.0,-0.0,341638,0.0,12.664111137390137,-0.7777579426765442,5.044743537902832,10.004648208618164,12.664111137390137,12.664111137390137,330,3.3798003297975696,1.0,0.0433185389547637,0.0,0.0,0.0,-0.7998155951499939,CityLearnV3MADRLRewardFunction,masac_unified_comparable_v4,E1,-0.0,1907,13.760260365440049,1.0,0.12662351453177706,0.0,8759
19,0.0,0.0,0.0,0.0,Building_8,7,MASAC,0.7900000214576721,True,0.0,0.0,0.0,0.28695225715637207,38,8758,0.0,0.0,-0.0,341638,0.0,12.065996170043945,-0.7752856612205505,4.806484699249268,9.532136917114258,12.065996170043945,12.065996170043945,155,3.397061435195797,1.0,0.09419150539944249,0.0,0.0,0.0,-0.7998155951499939,CityLearnV3MADRLRewardFunction,masac_unified_comparable_v4,E1,-0.0,1907,13.760260365440049,1.0,0.12662351453177706,0.0,8759
12,0.0,0.0,0.0,0.0,Building_9,8,MASAC,0.7900000214576721,True,0.0,0.0,0.0,0.28695225715637207,38,8758,0.0,0.0,-0.0,341638,0.0,2.290161371231079,-0.7197784781455994,0.9122849106788635,1.8092275857925415,2.290161371231079,2.290161371231079,106,3.5990141285336925,1.0,0.15377637315190062,0.0,0.0,0.0,-0.7998155951499939,CityLearnV3MADRLRewardFunction,masac_unified_comparable_v4,E1,-0.0,1907,13.760260365440049,1.0,0.12662351453177706,0.0,8759
8,1.0,1.0,0.125,0.0,Building_10,9,MASAC,0.7900000214576721,True,0.0,0.0,0.0,0.28695225715637207,38,8758,0.0,0.0,-0.0,341638,0.0,51.649574279785156,-0.8252242803573608,20.574588775634766,40.803165435791016,51.649574279785156,51.649574279785156,78,3.3184780215732608,1.0,0.1806233386771801,0.0,0.0,0.0,-0.7998155951499939,CityLearnV3MADRLRewardFunction,masac_unified_comparable_v4,E1,-0.0,1907,13.760260365440049,1.0,0.12662351453177706,0.0,8759
5,0.0,0.0,0.0,0.0,Building_11,10,MASAC,0.7900000214576721,True,0.0,0.0,0.0,0.28695225715637207,38,8758,0.0,0.0,-0.0,341638,0.0,71.54803466796875,-0.8208469152450562,28.501131057739258,56.52294921875,71.54803466796875,71.54803466796875,57,3.244844439035724,1.0,0.23607153373590686,0.0,0.0,0.0,-0.7998155951499939,CityLearnV3MADRLRewardFunction,masac_unified_comparable_v4,E1,-0.0,1907,13.760260365440049,1.0,0.12662351453177706,0.0,8759
5,0.0,0.0,0.0,0.0,Building_12,11,MASAC,0.7900000214576721,True,0.0,0.0,0.0,0.28695225715637207,38,8758,0.0,0.0,-0.0,341638,0.0,215.11593627929688,-0.8365137577056885,85.69135284423828,169.94158935546875,215.11593627929688,215.11593627929688,57,3.259770329856273,1.0,0.2438935040120493,0.0,0.0,0.0,-0.7998155951499939,CityLearnV3MADRLRewardFunction,masac_unified_comparable_v4,E1,-0.0,1907,13.760260365440049,1.0,0.12662351453177706,0.0,8759
13,0.0,0.0,0.0,0.0,Building_13,12,MASAC,0.7900000214576721,True,0.0,0.0,0.0,0.28695225715637207,38,8758,0.0,0.0,-0.0,341638,0.0,2.033022403717041,-0.7361398935317993,0.8098536729812622,1.6060876846313477,2.033022403717041,2.033022403717041,113,3.394494041435643,1.0,0.12594851185526468,0.0,0.0,0.0,-0.7998155951499939,CityLearnV3MADRLRewardFunction,masac_unified_comparable_v4,E1,-0.0,1907,13.760260365440049,1.0,0.12662351453177706,0.0,8759
6,0.0,0.0,0.0,0.0,Building_14,13,MASAC,0.7900000214576721,True,0.0,0.0,0.0,0.28695225715637207,38,8758,0.0,0.0,-0.0,341638,0.0,2.6149511337280273,-0.7385531663894653,1.041664719581604,2.0658113956451416,2.6149511337280273,2.6149511337280273,64,3.3199749565388705,1.0,0.21760896814521402,0.0,0.0,0.0,-0.7998155951499939,CityLearnV3MADRLRewardFunction,masac_unified_comparable_v4,E1,-0.0,1907,13.760260365440049,1.0,0.12662351453177706,0.0,8759
10,0.0,0.0,0.0,0.0,Building_15,14,MASAC,0.7900000214576721,True,0.0,0.0,0.0,0.28695225715637207,38,8758,0.0,0.0,-0.0,341638,0.0,19.521480560302734,-0.7967404723167419,7.776374340057373,15.42197036743164,19.521480560302734,19.521480560302734,92,3.455999208148652,1.0,0.1613678435754517,0.0,0.0,0.0,-0.7998155951499939,CityLearnV3MADRLRewardFunction,masac_unified_comparable_v4,E1,-0.0,1907,13.760260365440049,1.0,0.12662351453177706,0.0,8759
13,0.0,0.0,0.0,0.0,Building_16,15,MASAC,0.7900000214576721,True,0.0,0.0,0.0,0.28695225715637207,38,8758,0.0,0.0,-0.0,341638,0.0,54.89390563964844,-0.8190701007843018,21.866966247558594,43.366188049316406,54.89390563964844,54.89390563964844,113,3.215082643408114,1.0,0.11788734266188293,0.0,0.0,0.0,-0.7998155951499939,CityLearnV3MADRLRewardFunction,masac_unified_comparable_v4,E1,-0.0,1907,13.760260365440049,1.0,0.12662351453177706,0.0,8759
13,0.0,0.0,0.0,0.0,Building_17,16,MASAC,0.7900000214576721,True,0.0,0.0,0.0,0.28695225715637207,38,8758,0.0,0.0,-0.0,341638,0.0,22.46647071838379,-0.803037703037262,8.949509620666504,17.748512268066406,22.46647071838379,22.46647071838379,113,3.3504236829385627,1.0,0.12439343959620569,0.0,0.0,0.0,-0.7998155951499939,CityLearnV3MADRLRewardFunction,masac_unified_comparable_v4,E1,-0.0,1907,13.760260365440049,1.0,0.12662351453177706,0.0,8759
6,0.0,0.0,0.0,0.0,Building_1,0,MASAC,0.7900000214576721,False,0.0,0.0,0.0,0.37446051836013794,39,0,0.0,0.0,-0.0,341640,-0.0,0.0,-0.8082830309867859,0.0,0.0,0.0,0.0,64,3.3083174208178527,1.0,0.21762845574994572,-0.014203501865267754,0.0,0.0,-0.7570385336875916,CityLearnV3MADRLRewardFunction,masac_unified_comparable_v4,E1,-0.0,1907,14.150581308896948,1.0,0.12829975842429384,0.0,2
8,0.0,0.0,0.0,0.0,Building_2,1,MASAC,0.7900000214576721,False,0.0,0.0,0.0,0.37446051836013794,39,0,0.0,0.0,-0.0,341640,-0.0,0.0,-0.7027477025985718,0.0,0.0,0.0,0.0,78,3.4325377540178703,1.0,0.18127813479170585,-0.014203501865267754,0.0,0.0,-0.7570385336875916,CityLearnV3MADRLRewardFunction,masac_unified_comparable_v4,E1,-0.0,1907,14.150581308896948,1.0,0.12829975842429384,0.0,2
10,0.0,0.0,0.0,0.0,Building_3,2,MASAC,0.7900000214576721,False,0.0,0.0,0.0,0.37446051836013794,39,0,0.0,0.0,-0.0,341640,-0.0,0.0,-0.795833170413971,0.0,0.0,0.0,0.0,92,3.506029493384133,1.0,0.16215225124893629,-0.014203501865267754,0.0,0.0,-0.7570385336875916,CityLearnV3MADRLRewardFunction,masac_unified_comparable_v4,E1,-0.0,1907,14.150581308896948,1.0,0.12829975842429384,0.0,2
8,0.0,0.0,0.0,0.0,Building_4,3,MASAC,0.7900000214576721,False,0.0,0.0,0.0,0.37446051836013794,39,0,0.0,0.0,-0.0,341640,-0.0,0.0,-0.7499340772628784,0.0,0.0,0.0,0.0,78,3.3607638378967226,1.0,0.1775727963839204,-0.014203501865267754,0.0,0.0,-0.7570385336875916,CityLearnV3MADRLRewardFunction,masac_unified_comparable_v4,E1,-0.0,1907,14.150581308896948,1.0,0.12829975842429384,0.0,2
5,0.0,0.0,0.0,0.0,Building_5,4,MASAC,0.7900000214576721,False,0.0,0.0,0.0,0.37446051836013794,39,0,0.0,0.0,-0.0,341640,-0.0,0.0,-0.7861567735671997,0.0,0.0,0.0,0.0,57,3.44371915161523,1.0,0.25621212904521246,-0.014203501865267754,0.0,0.0,-0.7570385336875916,CityLearnV3MADRLRewardFunction,masac_unified_comparable_v4,E1,-0.0,1907,14.150581308896948,1.0,0.12829975842429384,0.0,2
34,0.0,0.0,0.0,0.0,Building_6,5,MASAC,0.7900000214576721,False,0.0,0.0,0.0,0.37446051836013794,39,0,0.0,0.0,-0.0,341640,-0.0,0.0,-0.8034464120864868,0.0,0.0,0.0,0.0,260,3.3461560003735293,1.0,0.05334266774499646,-0.014203501865267754,0.0,0.0,-0.7570385336875916,CityLearnV3MADRLRewardFunction,masac_unified_comparable_v4,E1,-0.0,1907,14.150581308896948,1.0,0.12829975842429384,0.0,2
44,1.0,1.0,0.022727272727272728,0.0,Building_7,6,MASAC,0.7900000214576721,False,0.0,0.0,0.0,0.37446051836013794,39,0,0.0,0.0,-0.0,341640,-0.0,0.0,-0.7249701023101807,0.0,0.0,0.0,0.0,330,3.4138499834020717,1.0,0.04283086793553648,-0.014203501865267754,0.0,0.0,-0.7570385336875916,CityLearnV3MADRLRewardFunction,masac_unified_comparable_v4,E1,-0.0,1907,14.150581308896948,1.0,0.12829975842429384,0.0,2
19,0.0,0.0,0.0,0.0,Building_8,7,MASAC,0.7900000214576721,False,0.0,0.0,0.0,0.37446051836013794,39,0,0.0,0.0,-0.0,341640,-0.0,0.0,-0.7033467292785645,0.0,0.0,0.0,0.0,155,3.4325837603285576,1.0,0.09130838206939158,-0.014203501865267754,0.0,0.0,-0.7570385336875916,CityLearnV3MADRLRewardFunction,masac_unified_comparable_v4,E1,-0.0,1907,14.150581308896948,1.0,0.12829975842429384,0.0,2
12,0.0,0.0,0.0,0.0,Building_9,8,MASAC,0.7900000214576721,False,0.0,0.0,0.0,0.37446051836013794,39,0,0.0,0.0,-0.0,341640,-0.0,0.0,-0.7102617621421814,0.0,0.0,0.0,0.0,106,3.558036506108788,1.0,0.14452830626506288,-0.014203501865267754,0.0,0.0,-0.7570385336875916,CityLearnV3MADRLRewardFunction,masac_unified_comparable_v4,E1,-0.0,1907,14.150581308896948,1.0,0.12829975842429384,0.0,2
8,0.0,0.0,0.0,0.0,Building_10,9,MASAC,0.7900000214576721,False,0.0,0.0,0.0,0.37446051836013794,39,0,0.0,0.0,-0.0,341640,-0.0,0.0,-0.787641704082489,0.0,0.0,0.0,0.0,78,3.388978296627166,1.0,0.18063215226030502,-0.014203501865267754,0.0,0.0,-0.7570385336875916,CityLearnV3MADRLRewardFunction,masac_unified_comparable_v4,E1,-0.0,1907,14.150581308896948,1.0,0.12829975842429384,0.0,2
5,0.0,0.0,0.0,0.0,Building_11,10,MASAC,0.7900000214576721,False,0.0,0.0,0.0,0.37446051836013794,39,0,0.0,0.0,-0.0,341640,-0.0,0.0,-0.7959738373756409,0.0,0.0,0.0,0.0,57,3.5302026619987257,1.0,0.26353120506463346,-0.014203501865267754,0.0,0.0,-0.7570385336875916,CityLearnV3MADRLRewardFunction,masac_unified_comparable_v4,E1,-0.0,1907,14.150581308896948,1.0,0.12829975842429384,0.0,2
5,1.0,1.0,0.2,0.0,Building_12,11,MASAC,0.7900000214576721,False,0.0,0.0,0.0,0.37446051836013794,39,0,0.0,0.0,-0.0,341640,-0.0,0.0,-0.8062407970428467,0.0,0.0,0.0,0.0,57,3.5332972507747176,1.0,0.2690532355520286,-0.014203501865267754,0.0,0.0,-0.7570385336875916,CityLearnV3MADRLRewardFunction,masac_unified_comparable_v4,E1,-0.0,1907,14.150581308896948,1.0,0.12829975842429384,0.0,2
13,1.0,1.0,0.07692307692307693,0.0,Building_13,12,MASAC,0.7900000214576721,False,0.0,0.0,0.0,0.37446051836013794,39,0,0.0,0.0,-0.0,341640,-0.0,0.0,-0.7026222944259644,0.0,0.0,0.0,0.0,113,3.4185478020061364,1.0,0.12480057316082241,-0.014203501865267754,0.0,0.0,-0.7570385336875916,CityLearnV3MADRLRewardFunction,masac_unified_comparable_v4,E1,-0.0,1907,14.150581308896948,1.0,0.12829975842429384,0.0,2
6,0.0,0.0,0.0,0.0,Building_14,13,MASAC,0.7900000214576721,False,0.0,0.0,0.0,0.37446051836013794,39,0,0.0,0.0,-0.0,341640,-0.0,0.0,-0.7063444256782532,0.0,0.0,0.0,0.0,64,3.4027259204704277,1.0,0.21942471110378392,-0.014203501865267754,0.0,0.0,-0.7570385336875916,CityLearnV3MADRLRewardFunction,masac_unified_comparable_v4,E1,-0.0,1907,14.150581308896948,1.0,0.12829975842429384,0.0,2
10,0.0,0.0,0.0,0.0,Building_15,14,MASAC,0.7900000214576721,False,0.0,0.0,0.0,0.37446051836013794,39,0,0.0,0.0,-0.0,341640,-0.0,0.0,-0.7258533239364624,0.0,0.0,0.0,0.0,92,3.4385082848178,1.0,0.1557649153932605,-0.014203501865267754,0.0,0.0,-0.7570385336875916,CityLearnV3MADRLRewardFunction,masac_unified_comparable_v4,E1,-0.0,1907,14.150581308896948,1.0,0.12829975842429384,0.0,2
13,1.0,1.0,0.07692307692307693,0.0,Building_16,15,MASAC,0.7900000214576721,False,0.0,0.0,0.0,0.37446051836013794,39,0,0.0,0.0,-0.0,341640,-0.0,0.0,-0.787373960018158,0.0,0.0,0.0,0.0,113,3.3238347959412256,1.0,0.12133696386837854,-0.014203501865267754,0.0,0.0,-0.7570385336875916,CityLearnV3MADRLRewardFunction,masac_unified_comparable_v4,E1,-0.0,1907,14.150581308896948,1.0,0.12829975842429384,0.0,2
13,0.0,0.0,0.0,0.0,Building_17,16,MASAC,0.7900000214576721,False,0.0,0.0,0.0,0.37446051836013794,39,0,0.0,0.0,-0.0,341640,-0.0,0.0,-0.7726249694824219,0.0,0.0,0.0,0.0,113,3.493939426013369,1.0,0.1316432866671708,-0.014203501865267754,0.0,0.0,-0.7570385336875916,CityLearnV3MADRLRewardFunction,masac_unified_comparable_v4,E1,-0.0,1907,14.150581308896948,1.0,0.12829975842429384,0.0,2
6,0.0,0.0,0.0,0.0,Building_1,0,MASAC,0.7900000214576721,True,0.0,0.0,0.0,0.5087285041809082,39,8757,0.0,0.0,-0.0,350397,0.0,446.8856201171875,-0.8346905708312988,295.8052062988281,353.0396423339844,446.8856201171875,446.8856201171875,64,3.504296745759226,1.0,0.24924080818891525,0.0,0.0,0.0,-0.7956368327140808,CityLearnV3MADRLRewardFunction,masac_unified_comparable_v4,E1,-0.0,1907,14.423009869125982,1.0,0.1413358710725769,0.0,8759
8,0.0,0.0,0.0,0.0,Building_2,1,MASAC,0.7900000214576721,True,0.0,0.0,0.0,0.5087285041809082,39,8757,0.0,0.0,-0.0,350397,0.0,5.618855953216553,-0.7481676340103149,3.719266653060913,4.438896179199219,5.618855953216553,5.618855953216553,78,3.4817679715807257,1.0,0.19767457399612817,0.0,0.0,0.0,-0.7956368327140808,CityLearnV3MADRLRewardFunction,masac_unified_comparable_v4,E1,-0.0,1907,14.423009869125982,1.0,0.1413358710725769,0.0,8759
10,1.0,1.0,0.1,0.0,Building_3,2,MASAC,0.7900000214576721,True,0.0,0.0,0.0,0.5087285041809082,39,8757,0.0,0.0,-0.0,350397,0.0,98.17061614990234,-0.820811927318573,64.98168182373047,77.5547866821289,98.17061614990234,98.17061614990234,92,3.4097410997277424,1.0,0.16529821474914966,0.0,0.0,0.0,-0.7956368327140808,CityLearnV3MADRLRewardFunction,masac_unified_comparable_v4,E1,-0.0,1907,14.423009869125982,1.0,0.1413358710725769,0.0,8759
8,0.0,0.0,0.0,0.0,Building_4,3,MASAC,0.7900000214576721,True,0.0,0.0,0.0,0.5087285041809082,39,8757,0.0,0.0,-0.0,350397,0.0,28.84416961669922,-0.8051217794418335,19.09270477294922,22.786893844604492,28.84416961669922,28.84416961669922,78,3.387718867610788,1.0,0.19284019332665664,0.0,0.0,0.0,-0.7956368327140808,CityLearnV3MADRLRewardFunction,masac_unified_comparable_v4,E1,-0.0,1907,14.423009869125982,1.0,0.1413358710725769,0.0,8759
5,0.0,0.0,0.0,0.0,Building_5,4,MASAC,0.7900000214576721,True,0.0,0.0,0.0,0.5087285041809082,39,8757,0.0,0.0,-0.0,350397,0.0,37.89287567138672,-0.8482301235198975,25.082279205322266,29.935373306274414,37.89287567138672,37.89287567138672,57,3.62874931980091,1.0,0.30785428066002696,0.0,0.0,0.0,-0.7956368327140808,CityLearnV3MADRLRewardFunction,masac_unified_comparable_v4,E1,-0.0,1907,14.423009869125982,1.0,0.1413358710725769,0.0,8759
34,1.0,0.0,-0.029411764705882353,-1.0,Building_6,5,MASAC,0.7900000214576721,True,0.0,0.0,0.0,0.5087285041809082,39,8757,0.0,0.0,-0.0,350397,0.0,350.8894348144531,-0.8291240930557251,232.26283264160156,277.2026672363281,350.8894348144531,350.8894348144531,260,3.38358116103786,1.0,0.05780828961959252,0.0,0.0,0.0,-0.7956368327140808,CityLearnV3MADRLRewardFunction,masac_unified_comparable_v4,E1,-0.0,1907,14.423009869125982,1.0,0.1413358710725769,0.0,8759
44,1.0,1.0,0.022727272727272728,0.0,Building_7,6,MASAC,0.7900000214576721,True,0.0,0.0,0.0,0.5087285041809082,39,8757,0.0,0.0,-0.0,350397,0.0,18.66022491455078,-0.790831983089447,12.35168743133545,14.741578102111816,18.66022491455078,18.66022491455078,330,3.4885577606948237,1.0,0.047818146149317425,0.0,0.0,0.0,-0.7956368327140808,CityLearnV3MADRLRewardFunction,masac_unified_comparable_v4,E1,-0.0,1907,14.423009869125982,1.0,0.1413358710725769,0.0,8759
19,0.0,0.0,0.0,0.0,Building_8,7,MASAC,0.7900000214576721,True,0.0,0.0,0.0,0.5087285041809082,39,8757,0.0,0.0,-0.0,350397,0.0,19.251495361328125,-0.7909880876541138,12.743064880371094,15.2086820602417,19.251495361328125,19.251495361328125,155,3.608780617508843,1.0,0.10567378026823844,0.0,0.0,0.0,-0.7956368327140808,CityLearnV3MADRLRewardFunction,masac_unified_comparable_v4,E1,-0.0,1907,14.423009869125982,1.0,0.1413358710725769,0.0,8759
12,0.0,0.0,0.0,0.0,Building_9,8,MASAC,0.7900000214576721,True,0.0,0.0,0.0,0.5087285041809082,39,8757,0.0,0.0,-0.0,350397,0.0,2.4506425857543945,-0.7172019481658936,1.6221439838409424,1.9360077381134033,2.4506425857543945,2.4506425857543945,106,3.7144260603142194,1.0,0.1684244786793331,0.0,0.0,0.0,-0.7956368327140808,CityLearnV3MADRLRewardFunction,masac_unified_comparable_v4,E1,-0.0,1907,14.423009869125982,1.0,0.1413358710725769,0.0,8759
8,0.0,0.0,0.0,0.0,Building_10,9,MASAC,0.7900000214576721,True,0.0,0.0,0.0,0.5087285041809082,39,8757,0.0,0.0,-0.0,350397,0.0,34.33414077758789,-0.8123888969421387,22.726659774780273,27.123971939086914,34.33414077758789,34.33414077758789,78,3.4722841469162047,1.0,0.2006493074198564,0.0,0.0,0.0,-0.7956368327140808,CityLearnV3MADRLRewardFunction,masac_unified_comparable_v4,E1,-0.0,1907,14.423009869125982,1.0,0.1413358710725769,0.0,8759
5,0.0,0.0,0.0,0.0,Building_11,10,MASAC,0.7900000214576721,True,0.0,0.0,0.0,0.5087285041809082,39,8757,0.0,0.0,-0.0,350397,0.0,57.917564392089844,-0.8246976137161255,38.33713912963867,45.754878997802734,57.917564392089844,57.917564392089844,57,3.5486025511746635,1.0,0.2799682962267022,0.0,0.0,0.0,-0.7956368327140808,CityLearnV3MADRLRewardFunction,masac_unified_comparable_v4,E1,-0.0,1907,14.423009869125982,1.0,0.1413358710725769,0.0,8759
5,0.0,0.0,0.0,0.0,Building_12,11,MASAC,0.7900000214576721,True,0.0,0.0,0.0,0.5087285041809082,39,8757,0.0,0.0,-0.0,350397,0.0,182.6020965576172,-0.822684109210968,120.86907196044922,144.2556610107422,182.6020965576172,182.6020965576172,57,3.4037028641804437,1.0,0.26520357790746185,0.0,0.0,0.0,-0.7956368327140808,CityLearnV3MADRLRewardFunction,masac_unified_comparable_v4,E1,-0.0,1907,14.423009869125982,1.0,0.1413358710725769,0.0,8759
13,0.0,0.0,0.0,0.0,Building_13,12,MASAC,0.7900000214576721,True,0.0,0.0,0.0,0.5087285041809082,39,8757,0.0,0.0,-0.0,350397,0.0,2.789367437362671,-0.736090898513794,1.8463547229766846,2.2036004066467285,2.789367437362671,2.789367437362671,113,3.466661716056382,1.0,0.13622468011041658,0.0,0.0,0.0,-0.7956368327140808,CityLearnV3MADRLRewardFunction,masac_unified_comparable_v4,E1,-0.0,1907,14.423009869125982,1.0,0.1413358710725769,0.0,8759
6,0.0,0.0,0.0,0.0,Building_14,13,MASAC,0.7900000214576721,True,0.0,0.0,0.0,0.5087285041809082,39,8757,0.0,0.0,-0.0,350397,0.0,2.485826015472412,-0.7350746393203735,1.6454328298568726,1.9638025760650635,2.485826015472412,2.485826015472412,64,3.508891824166,1.0,0.2465015552006662,0.0,0.0,0.0,-0.7956368327140808,CityLearnV3MADRLRewardFunction,masac_unified_comparable_v4,E1,-0.0,1907,14.423009869125982,1.0,0.1413358710725769,0.0,8759
10,1.0,1.0,0.1,0.0,Building_15,14,MASAC,0.7900000214576721,True,0.0,0.0,0.0,0.5087285041809082,39,8757,0.0,0.0,-0.0,350397,0.0,20.5941162109375,-0.7956447601318359,13.631780624389648,16.269351959228516,20.5941162109375,20.5941162109375,92,3.572752517902036,1.0,0.1780841914208039,0.0,0.0,0.0,-0.7956368327140808,CityLearnV3MADRLRewardFunction,masac_unified_comparable_v4,E1,-0.0,1907,14.423009869125982,1.0,0.1413358710725769,0.0,8759
13,0.0,0.0,0.0,0.0,Building_16,15,MASAC,0.7900000214576721,True,0.0,0.0,0.0,0.5087285041809082,39,8757,0.0,0.0,-0.0,350397,0.0,103.13050842285156,-0.8192903995513916,68.26476287841797,81.47310638427734,103.13050842285156,103.13050842285156,113,3.4398513421856993,1.0,0.13764967274876821,0.0,0.0,0.0,-0.7956368327140808,CityLearnV3MADRLRewardFunction,masac_unified_comparable_v4,E1,-0.0,1907,14.423009869125982,1.0,0.1413358710725769,0.0,8759
13,0.0,0.0,0.0,0.0,Building_17,16,MASAC,0.7900000214576721,True,0.0,0.0,0.0,0.5087285041809082,39,8757,0.0,0.0,-0.0,350397,0.0,21.1981143951416,-0.7947874665260315,14.031582832336426,16.746511459350586,21.1981143951416,21.1981143951416,113,3.427676458057661,1.0,0.13703671480174615,0.0,0.0,0.0,-0.7956368327140808,CityLearnV3MADRLRewardFunction,masac_unified_comparable_v4,E1,-0.0,1907,14.423009869125982,1.0,0.1413358710725769,0.0,8759
6,0.0,0.0,0.0,0.0,Building_1,0,MASAC,0.7900000214576721,False,0.0,0.0,0.0,0.526870608329773,40,0,0.0,0.0,-0.0,350400,-0.0,0.0,-0.5564541220664978,0.0,0.0,0.0,0.0,64,3.2924334214664976,1.0,0.22837571939453483,0.0,0.0,0.0,-0.4969063997268677,CityLearnV3MADRLRewardFunction,masac_unified_comparable_v4,E1,-0.0,1907,13.902956064239385,1.0,0.13260664871303382,0.0,3
8,0.0,0.0,0.0,0.0,Building_2,1,MASAC,0.7900000214576721,False,0.0,0.0,0.0,0.526870608329773,40,0,0.0,0.0,-0.0,350400,-0.0,0.0,-0.4455861449241638,0.0,0.0,0.0,0.0,78,3.3703950564277947,1.0,0.18787282552474585,0.0,0.0,0.0,-0.4969063997268677,CityLearnV3MADRLRewardFunction,masac_unified_comparable_v4,E1,-0.0,1907,13.902956064239385,1.0,0.13260664871303382,0.0,3
10,0.0,0.0,0.0,0.0,Building_3,2,MASAC,0.7900000214576721,False,0.0,0.0,0.0,0.526870608329773,40,0,0.0,0.0,-0.0,350400,-0.0,0.0,-0.5415484309196472,0.0,0.0,0.0,0.0,92,3.433839063632819,1.0,0.16749418567380178,0.0,0.0,0.0,-0.4969063997268677,CityLearnV3MADRLRewardFunction,masac_unified_comparable_v4,E1,-0.0,1907,13.902956064239385,1.0,0.13260664871303382,0.0,3
8,0.0,0.0,0.0,0.0,Building_4,3,MASAC,0.7900000214576721,False,0.0,0.0,0.0,0.526870608329773,40,0,0.0,0.0,-0.0,350400,-0.0,0.0,-0.4982670247554779,0.0,0.0,0.0,0.0,78,3.295242679098483,1.0,0.18423217229354075,0.0,0.0,0.0,-0.4969063997268677,CityLearnV3MADRLRewardFunction,masac_unified_comparable_v4,E1,-0.0,1907,13.902956064239385,1.0,0.13260664871303382,0.0,3
5,0.0,0.0,0.0,0.0,Building_5,4,MASAC,0.7900000214576721,False,0.0,0.0,0.0,0.526870608329773,40,0,0.0,0.0,-0.0,350400,-0.0,0.0,-0.5363078117370605,0.0,0.0,0.0,0.0,57,3.364733573480939,1.0,0.26627169941601,0.0,0.0,0.0,-0.4969063997268677,CityLearnV3MADRLRewardFunction,masac_unified_comparable_v4,E1,-0.0,1907,13.902956064239385,1.0,0.13260664871303382,0.0,3
34,0.0,0.0,0.0,0.0,Building_6,5,MASAC,0.7900000214576721,False,0.0,0.0,0.0,0.526870608329773,40,0,0.0,0.0,-0.0,350400,-0.0,0.0,-0.546416163444519,0.0,0.0,0.0,0.0,260,3.2767401141346744,1.0,0.054865838014162505,0.0,0.0,0.0,-0.4969063997268677,CityLearnV3MADRLRewardFunction,masac_unified_comparable_v4,E1,-0.0,1907,13.902956064239385,1.0,0.13260664871303382,0.0,3
44,1.0,1.0,0.022727272727272728,0.0,Building_7,6,MASAC,0.7900000214576721,False,0.0,0.0,0.0,0.526870608329773,40,0,0.0,0.0,-0.0,350400,-0.0,0.0,-0.4457953870296478,0.0,0.0,0.0,0.0,330,3.3531921387346375,1.0,0.044251151337768094,0.0,0.0,0.0,-0.4969063997268677,CityLearnV3MADRLRewardFunction,masac_unified_comparable_v4,E1,-0.0,1907,13.902956064239385,1.0,0.13260664871303382,0.0,3
19,1.0,0.0,-0.05263157894736842,-1.0,Building_8,7,MASAC,0.7900000214576721,False,0.0,0.0,0.0,0.526870608329773,40,0,0.0,0.0,-0.0,350400,-0.0,0.0,-0.501181960105896,0.0,0.0,0.0,0.0,155,3.332800365293091,1.0,0.09294064814044584,0.0,0.0,0.0,-0.4969063997268677,CityLearnV3MADRLRewardFunction,masac_unified_comparable_v4,E1,-0.0,1907,13.902956064239385,1.0,0.13260664871303382,0.0,3
12,0.0,0.0,0.0,0.0,Building_9,8,MASAC,0.7900000214576721,False,0.0,0.0,0.0,0.526870608329773,40,0,0.0,0.0,-0.0,350400,-0.0,0.0,-0.45450496673583984,0.0,0.0,0.0,0.0,106,3.4841891997386645,1.0,0.14866559706487745,0.0,0.0,0.0,-0.4969063997268677,CityLearnV3MADRLRewardFunction,masac_unified_comparable_v4,E1,-0.0,1907,13.902956064239385,1.0,0.13260664871303382,0.0,3
8,0.0,0.0,0.0,0.0,Building_10,9,MASAC,0.7900000214576721,False,0.0,0.0,0.0,0.526870608329773,40,0,0.0,0.0,-0.0,350400,-0.0,0.0,-0.46968597173690796,0.0,0.0,0.0,0.0,78,3.3243870425218156,1.0,0.18578410195186734,0.0,0.0,0.0,-0.4969063997268677,CityLearnV3MADRLRewardFunction,masac_unified_comparable_v4,E1,-0.0,1907,13.902956064239385,1.0,0.13260664871303382,0.0,3
5,0.0,0.0,0.0,0.0,Building_11,10,MASAC,0.7900000214576721,False,0.0,0.0,0.0,0.526870608329773,40,0,0.0,0.0,-0.0,350400,-0.0,0.0,-0.537582278251648,0.0,0.0,0.0,0.0,57,3.478546701827308,1.0,0.2733640191063546,0.0,0.0,0.0,-0.4969063997268677,CityLearnV3MADRLRewardFunction,masac_unified_comparable_v4,E1,-0.0,1907,13.902956064239385,1.0,0.13260664871303382,0.0,3
5,0.0,0.0,0.0,0.0,Building_12,11,MASAC,0.7900000214576721,False,0.0,0.0,0.0,0.526870608329773,40,0,0.0,0.0,-0.0,350400,-0.0,0.0,-0.5508178472518921,0.0,0.0,0.0,0.0,57,3.4404943038576272,1.0,0.2736123310107934,0.0,0.0,0.0,-0.4969063997268677,CityLearnV3MADRLRewardFunction,masac_unified_comparable_v4,E1,-0.0,1907,13.902956064239385,1.0,0.13260664871303382,0.0,3
13,1.0,1.0,0.07692307692307693,0.0,Building_13,12,MASAC,0.7900000214576721,False,0.0,0.0,0.0,0.526870608329773,40,0,0.0,0.0,-0.0,350400,-0.0,0.0,-0.4456995129585266,0.0,0.0,0.0,0.0,113,3.3594569640319394,1.0,0.12945188357766751,0.0,0.0,0.0,-0.4969063997268677,CityLearnV3MADRLRewardFunction,masac_unified_comparable_v4,E1,-0.0,1907,13.902956064239385,1.0,0.13260664871303382,0.0,3
6,0.0,0.0,0.0,0.0,Building_14,13,MASAC,0.7900000214576721,False,0.0,0.0,0.0,0.526870608329773,40,0,0.0,0.0,-0.0,350400,-0.0,0.0,-0.44957005977630615,0.0,0.0,0.0,0.0,64,3.3763925110355784,1.0,0.22960085980594158,0.0,0.0,0.0,-0.4969063997268677,CityLearnV3MADRLRewardFunction,masac_unified_comparable_v4,E1,-0.0,1907,13.902956064239385,1.0,0.13260664871303382,0.0,3
10,0.0,0.0,0.0,0.0,Building_15,14,MASAC,0.7900000214576721,False,0.0,0.0,0.0,0.526870608329773,40,0,0.0,0.0,-0.0,350400,-0.0,0.0,-0.45066094398498535,0.0,0.0,0.0,0.0,92,3.369994455596965,1.0,0.15975611098110676,0.0,0.0,0.0,-0.4969063997268677,CityLearnV3MADRLRewardFunction,masac_unified_comparable_v4,E1,-0.0,1907,13.902956064239385,1.0,0.13260664871303382,0.0,3
13,0.0,0.0,0.0,0.0,Building_16,15,MASAC,0.7900000214576721,False,0.0,0.0,0.0,0.526870608329773,40,0,0.0,0.0,-0.0,350400,-0.0,0.0,-0.5048515200614929,0.0,0.0,0.0,0.0,113,3.320577368820628,1.0,0.12836535631027896,0.0,0.0,0.0,-0.4969063997268677,CityLearnV3MADRLRewardFunction,masac_unified_comparable_v4,E1,-0.0,1907,13.902956064239385,1.0,0.13260664871303382,0.0,3
13,1.0,1.0,0.07692307692307693,0.0,Building_17,16,MASAC,0.7900000214576721,False,0.0,0.0,0.0,0.526870608329773,40,0,0.0,0.0,-0.0,350400,-0.0,0.0,-0.512479305267334,0.0,0.0,0.0,0.0,113,3.440237209710385,1.0,0.136523561469749,0.0,0.0,0.0,-0.4969063997268677,CityLearnV3MADRLRewardFunction,masac_unified_comparable_v4,E1,-0.0,1907,13.902956064239385,1.0,0.13260664871303382,0.0,3
6,0.0,0.0,0.0,0.0,Building_1,0,MASAC,0.7900000214576721,True,0.0,0.0,0.0,0.32958081364631653,40,8756,0.0,0.0,-0.0,359156,0.0,391.586669921875,-0.8096444010734558,179.1614532470703,309.3534851074219,391.586669921875,391.586669921875,64,3.408059473808716,1.0,0.23000752227380872,0.0,0.0,0.0,-0.7648969292640686,CityLearnV3MADRLRewardFunction,masac_unified_comparable_v4,E1,-0.0,1907,14.065802056601072,1.0,0.13143448940296104,0.0,8759
8,0.0,0.0,0.0,0.0,Building_2,1,MASAC,0.7900000214576721,True,0.0,0.0,0.0,0.32958081364631653,40,8756,0.0,0.0,-0.0,359156,0.0,0.1848604530096054,-0.6994835734367371,0.08457864075899124,0.14603976905345917,0.1848604530096054,0.1848604530096054,78,3.5142132676852356,1.0,0.19234920617861626,0.0,0.0,0.0,-0.7648969292640686,CityLearnV3MADRLRewardFunction,masac_unified_comparable_v4,E1,-0.0,1907,14.065802056601072,1.0,0.13143448940296104,0.0,8759
10,0.0,0.0,0.0,0.0,Building_3,2,MASAC,0.7900000214576721,True,0.0,0.0,0.0,0.32958081364631653,40,8756,0.0,0.0,-0.0,359156,0.0,39.0087890625,-0.78993821144104,17.847572326660156,30.816944122314453,39.0087890625,39.0087890625,92,3.301188961240725,1.0,0.1534258609880572,0.0,0.0,0.0,-0.7648969292640686,CityLearnV3MADRLRewardFunction,masac_unified_comparable_v4,E1,-0.0,1907,14.065802056601072,1.0,0.13143448940296104,0.0,8759
8,0.0,0.0,0.0,0.0,Building_4,3,MASAC,0.7900000214576721,True,0.0,0.0,0.0,0.32958081364631653,40,8756,0.0,0.0,-0.0,359156,0.0,36.67196273803711,-0.7851020097732544,16.778411865234375,28.97085189819336,36.67196273803711,36.67196273803711,78,3.258597017271522,1.0,0.17618098663978088,0.0,0.0,0.0,-0.7648969292640686,CityLearnV3MADRLRewardFunction,masac_unified_comparable_v4,E1,-0.0,1907,14.065802056601072,1.0,0.13143448940296104,0.0,8759
5,0.0,0.0,0.0,0.0,Building_5,4,MASAC,0.7900000214576721,True,0.0,0.0,0.0,0.32958081364631653,40,8756,0.0,0.0,-0.0,359156,0.0,54.225337982177734,-0.8346060514450073,24.809553146362305,42.838016510009766,54.225337982177734,54.225337982177734,57,3.564961844152356,1.0,0.2927344632253312,0.0,0.0,0.0,-0.7648969292640686,CityLearnV3MADRLRewardFunction,masac_unified_comparable_v4,E1,-0.0,1907,14.065802056601072,1.0,0.13143448940296104,0.0,8759
34,1.0,1.0,0.029411764705882353,0.0,Building_6,5,MASAC,0.7900000214576721,True,0.0,0.0,0.0,0.32958081364631653,40,8756,0.0,0.0,-0.0,359156,0.0,348.8946838378906,-0.8087111711502075,159.62872314453125,275.6268005371094,348.8946838378906,348.8946838378906,260,3.271561586883778,1.0,0.0535580134162536,0.0,0.0,0.0,-0.7648969292640686,CityLearnV3MADRLRewardFunction,masac_unified_comparable_v4,E1,-0.0,1907,14.065802056601072,1.0,0.13143448940296104,0.0,8759
44,0.0,0.0,0.0,0.0,Building_7,6,MASAC,0.7900000214576721,True,0.0,0.0,0.0,0.32958081364631653,40,8756,0.0,0.0,-0.0,359156,0.0,2.9800853729248047,-0.7113878130912781,1.3634693622589111,2.3542675971984863,2.9800853729248047,2.9800853729248047,330,3.3557686056036395,1.0,0.042944944469314635,0.0,0.0,0.0,-0.7648969292640686,CityLearnV3MADRLRewardFunction,masac_unified_comparable_v4,E1,-0.0,1907,14.065802056601072,1.0,0.13143448940296104,0.0,8759
19,1.0,1.0,0.05263157894736842,0.0,Building_8,7,MASAC,0.7900000214576721,True,123.9976577758789,0.0,0.0,0.32958081364631653,40,8756,0.0,0.0,-0.0,359156,0.0,130.197021484375,-0.8307164907455444,59.56864547729492,102.85565185546875,130.197021484375,6.199363708496094,155,3.382273658339033,1.0,0.09377184577526584,0.0,0.0,0.0,-0.7648969292640686,CityLearnV3MADRLRewardFunction,masac_unified_comparable_v4,E1,-0.0,1907,14.065802056601072,1.0,0.13143448940296104,0.0,8759
12,1.0,1.0,0.08333333333333333,0.0,Building_9,8,MASAC,0.7900000214576721,True,0.0,0.0,0.0,0.32958081364631653,40,8756,0.0,0.0,-0.0,359156,0.0,5.135069847106934,-0.6881368160247803,2.349432945251465,4.056704998016357,5.135069847106934,2.1350698471069336,106,3.5759314038654186,1.0,0.1533181239973824,0.0,0.0,0.0,-0.7648969292640686,CityLearnV3MADRLRewardFunction,masac_unified_comparable_v4,E1,-0.0,1907,14.065802056601072,1.0,0.13143448940296104,0.0,8759
8,0.0,0.0,0.0,0.0,Building_10,9,MASAC,0.7900000214576721,True,0.0,0.0,0.0,0.32958081364631653,40,8756,0.0,0.0,-0.0,359156,0.0,16.451881408691406,-0.7614755034446716,7.52717924118042,12.996986389160156,16.451881408691406,16.451881408691406,78,3.4664705189666973,1.0,0.19067662257032517,0.0,0.0,0.0,-0.7648969292640686,CityLearnV3MADRLRewardFunction,masac_unified_comparable_v4,E1,-0.0,1907,14.065802056601072,1.0,0.13143448940296104,0.0,8759
5,0.0,0.0,0.0,0.0,Building_11,10,MASAC,0.7900000214576721,True,0.0,0.0,0.0,0.32958081364631653,40,8756,0.0,0.0,-0.0,359156,0.0,66.45198059082031,-0.7976049184799194,30.40357208251953,52.497066497802734,66.45198059082031,66.45198059082031,57,3.3733600514353057,1.0,0.2526438644057826,0.0,0.0,0.0,-0.7648969292640686,CityLearnV3MADRLRewardFunction,masac_unified_comparable_v4,E1,-0.0,1907,14.065802056601072,1.0,0.13143448940296104,0.0,8759
5,0.0,0.0,0.0,0.0,Building_12,11,MASAC,0.7900000214576721,True,0.0,0.0,0.0,0.32958081364631653,40,8756,0.0,0.0,-0.0,359156,0.0,155.388671875,-0.805888295173645,71.0945053100586,122.7570571899414,155.388671875,155.388671875,57,3.339676261708913,1.0,0.253613579952926,0.0,0.0,0.0,-0.7648969292640686,CityLearnV3MADRLRewardFunction,masac_unified_comparable_v4,E1,-0.0,1907,14.065802056601072,1.0,0.13143448940296104,0.0,8759
13,0.0,0.0,0.0,0.0,Building_13,12,MASAC,0.7900000214576721,True,0.0,0.0,0.0,0.32958081364631653,40,8756,0.0,0.0,-0.0,359156,0.0,0.1047736182808876,-0.6991069316864014,0.04793675243854523,0.08277115970849991,0.1047736182808876,0.1047736182808876,113,3.380383092676591,1.0,0.12720399145531444,0.0,0.0,0.0,-0.7648969292640686,CityLearnV3MADRLRewardFunction,masac_unified_comparable_v4,E1,-0.0,1907,14.065802056601072,1.0,0.13143448940296104,0.0,8759
6,1.0,1.0,0.16666666666666666,0.0,Building_14,13,MASAC,0.7900000214576721,True,0.0,0.0,0.0,0.32958081364631653,40,8756,0.0,0.0,-0.0,359156,0.0,1.3521205186843872,-0.7047238945960999,0.6186316013336182,1.068175196647644,1.3521205186843872,1.3521205186843872,64,3.4814213671042937,1.0,0.23244088608771563,0.0,0.0,0.0,-0.7648969292640686,CityLearnV3MADRLRewardFunction,masac_unified_comparable_v4,E1,-0.0,1907,14.065802056601072,1.0,0.13143448940296104,0.0,8759
10,0.0,0.0,0.0,0.0,Building_15,14,MASAC,0.7900000214576721,True,0.0,0.0,0.0,0.32958081364631653,40,8756,0.0,0.0,-0.0,359156,0.0,15.147623062133789,-0.7578288912773132,6.930445671081543,11.966622352600098,15.147623062133789,15.147623062133789,92,3.537561743896557,1.0,0.16764247514631436,0.0,0.0,0.0,-0.7648969292640686,CityLearnV3MADRLRewardFunction,masac_unified_comparable_v4,E1,-0.0,1907,14.065802056601072,1.0,0.13143448940296104,0.0,8759
13,0.0,0.0,0.0,0.0,Building_16,15,MASAC,0.7900000214576721,True,0.0,0.0,0.0,0.32958081364631653,40,8756,0.0,0.0,-0.0,359156,0.0,11.957420349121094,-0.7472490668296814,5.470841884613037,9.446362495422363,11.957420349121094,11.957420349121094,113,3.417620044777043,1.0,0.12938624514942676,0.0,0.0,0.0,-0.7648969292640686,CityLearnV3MADRLRewardFunction,masac_unified_comparable_v4,E1,-0.0,1907,14.065802056601072,1.0,0.13143448940296104,0.0,8759
13,0.0,0.0,0.0,0.0,Building_17,16,MASAC,0.7900000214576721,True,0.0,0.0,0.0,0.32958081364631653,40,8756,0.0,0.0,-0.0,359156,0.0,23.087642669677734,-0.7716443538665771,10.56321907043457,18.239238739013672,23.087642669677734,23.087642669677734,113,3.3428192686762546,1.0,0.12807032531869095,0.0,0.0,0.0,-0.7648969292640686,CityLearnV3MADRLRewardFunction,masac_unified_comparable_v4,E1,-0.0,1907,14.065802056601072,1.0,0.13143448940296104,0.0,8759
6,0.0,0.0,0.0,0.0,Building_1,0,MASAC,0.7900000214576721,False,0.0,0.0,0.0,0.5249574780464172,41,0,0.0,0.0,-0.0,359160,-0.0,0.0,-0.6065905690193176,0.0,0.0,0.0,0.0,64,3.4009788176209588,1.0,0.2460350515320897,0.0,0.0,0.0,-0.5535219311714172,CityLearnV3MADRLRewardFunction,masac_unified_comparable_v4,E1,-0.0,1907,14.57108195395659,1.0,0.14538251119067547,0.0,4
8,0.0,0.0,0.0,0.0,Building_2,1,MASAC,0.7900000214576721,False,0.0,0.0,0.0,0.5249574780464172,41,0,0.0,0.0,-0.0,359160,-0.0,0.0,-0.4980050027370453,0.0,0.0,0.0,0.0,78,3.5308862156168104,1.0,0.2054071571582403,0.0,0.0,0.0,-0.5535219311714172,CityLearnV3MADRLRewardFunction,masac_unified_comparable_v4,E1,-0.0,1907,14.57108195395659,1.0,0.14538251119067547,0.0,4
10,0.0,0.0,0.0,0.0,Building_3,2,MASAC,0.7900000214576721,False,0.0,0.0,0.0,0.5249574780464172,41,0,0.0,0.0,-0.0,359160,-0.0,0.0,-0.5682726502418518,0.0,0.0,0.0,0.0,92,3.7395250303836,1.0,0.1958202958592902,0.0,0.0,0.0,-0.5535219311714172,CityLearnV3MADRLRewardFunction,masac_unified_comparable_v4,E1,-0.0,1907,14.57108195395659,1.0,0.14538251119067547,0.0,4
8,0.0,0.0,0.0,0.0,Building_4,3,MASAC,0.7900000214576721,False,0.0,0.0,0.0,0.5249574780464172,41,0,0.0,0.0,-0.0,359160,-0.0,0.0,-0.5506752729415894,0.0,0.0,0.0,0.0,78,3.4610341663414945,1.0,0.20169730025988358,0.0,0.0,0.0,-0.5535219311714172,CityLearnV3MADRLRewardFunction,masac_unified_comparable_v4,E1,-0.0,1907,14.57108195395659,1.0,0.14538251119067547,0.0,4
5,0.0,0.0,0.0,0.0,Building_5,4,MASAC,0.7900000214576721,False,0.0,0.0,0.0,0.5249574780464172,41,0,0.0,0.0,-0.0,359160,-0.0,0.0,-0.584740936756134,0.0,0.0,0.0,0.0,57,3.566550275234066,1.0,0.2964547288260962,0.0,0.0,0.0,-0.5535219311714172,CityLearnV3MADRLRewardFunction,masac_unified_comparable_v4,E1,-0.0,1907,14.57108195395659,1.0,0.14538251119067547,0.0,4
34,0.0,0.0,0.0,0.0,Building_6,5,MASAC,0.7900000214576721,False,0.0,0.0,0.0,0.5249574780464172,41,0,0.0,0.0,-0.0,359160,-0.0,0.0,-0.6019265651702881,0.0,0.0,0.0,0.0,260,3.4469193373202462,1.0,0.06060568956801524,0.0,0.0,0.0,-0.5535219311714172,CityLearnV3MADRLRewardFunction,masac_unified_comparable_v4,E1,-0.0,1907,14.57108195395659,1.0,0.14538251119067547,0.0,4
44,0.0,0.0,0.0,0.0,Building_7,6,MASAC,0.7900000214576721,False,0.0,0.0,0.0,0.5249574780464172,41,0,0.0,0.0,-0.0,359160,-0.0,0.0,-0.5036458969116211,0.0,0.0,0.0,0.0,330,3.512168149195396,1.0,0.048383589134071814,0.0,0.0,0.0,-0.5535219311714172,CityLearnV3MADRLRewardFunction,masac_unified_comparable_v4,E1,-0.0,1907,14.57108195395659,1.0,0.14538251119067547,0.0,4
19,1.0,0.0,-0.05263157894736842,-1.0,Building_8,7,MASAC,0.7900000214576721,False,0.0,0.0,0.0,0.5249574780464172,41,0,0.0,0.0,-0.0,359160,-0.0,0.0,-0.5512773990631104,0.0,0.0,0.0,0.0,155,3.4955296751874365,1.0,0.10176716312285393,0.0,0.0,0.0,-0.5535219311714172,CityLearnV3MADRLRewardFunction,masac_unified_comparable_v4,E1,-0.0,1907,14.57108195395659,1.0,0.14538251119067547,0.0,4
12,0.0,0.0,0.0,0.0,Building_9,8,MASAC,0.7900000214576721,False,0.0,0.0,0.0,0.5249574780464172,41,0,0.0,0.0,-0.0,359160,-0.0,0.0,-0.5067658424377441,0.0,0.0,0.0,0.0,106,3.6445268610326935,1.0,0.16132721874230313,0.0,0.0,0.0,-0.5535219311714172,CityLearnV3MADRLRewardFunction,masac_unified_comparable_v4,E1,-0.0,1907,14.57108195395659,1.0,0.14538251119067547,0.0,4
8,0.0,0.0,0.0,0.0,Building_10,9,MASAC,0.7900000214576721,False,0.0,0.0,0.0,0.5249574780464172,41,0,0.0,0.0,-0.0,359160,-0.0,0.0,-0.57379549741745,0.0,0.0,0.0,0.0,78,3.485860491579366,1.0,0.20364292051929694,0.0,0.0,0.0,-0.5535219311714172,CityLearnV3MADRLRewardFunction,masac_unified_comparable_v4,E1,-0.0,1907,14.57108195395659,1.0,0.14538251119067547,0.0,4
5,0.0,0.0,0.0,0.0,Building_11,10,MASAC,0.7900000214576721,False,0.0,0.0,0.0,0.5249574780464172,41,0,0.0,0.0,-0.0,359160,-0.0,0.0,-0.5893914699554443,0.0,0.0,0.0,0.0,57,3.5991576207831226,1.0,0.2939879204097547,0.0,0.0,0.0,-0.5535219311714172,CityLearnV3MADRLRewardFunction,masac_unified_comparable_v4,E1,-0.0,1907,14.57108195395659,1.0,0.14538251119067547,0.0,4
5,0.0,0.0,0.0,0.0,Building_12,11,MASAC,0.7900000214576721,False,0.0,0.0,0.0,0.5249574780464172,41,0,0.0,0.0,-0.0,359160,-0.0,0.0,-0.6020918488502502,0.0,0.0,0.0,0.0,57,3.627005658122947,1.0,0.3035295711536157,0.0,0.0,0.0,-0.5535219311714172,CityLearnV3MADRLRewardFunction,masac_unified_comparable_v4,E1,-0.0,1907,14.57108195395659,1.0,0.14538251119067547,0.0,4
13,0.0,0.0,0.0,0.0,Building_13,12,MASAC,0.7900000214576721,False,0.0,0.0,0.0,0.5249574780464172,41,0,0.0,0.0,-0.0,359160,-0.0,0.0,-0.499822735786438,0.0,0.0,0.0,0.0,113,3.5171484511200872,1.0,0.14145242798644886,0.0,0.0,0.0,-0.5535219311714172,CityLearnV3MADRLRewardFunction,masac_unified_comparable_v4,E1,-0.0,1907,14.57108195395659,1.0,0.14538251119067547,0.0,4
6,0.0,0.0,0.0,0.0,Building_14,13,MASAC,0.7900000214576721,False,0.0,0.0,0.0,0.5249574780464172,41,0,0.0,0.0,-0.0,359160,-0.0,0.0,-0.5031091570854187,0.0,0.0,0.0,0.0,64,3.4951910157259336,1.0,0.24839501036331058,0.0,0.0,0.0,-0.5535219311714172,CityLearnV3MADRLRewardFunction,masac_unified_comparable_v4,E1,-0.0,1907,14.57108195395659,1.0,0.14538251119067547,0.0,4
10,0.0,0.0,0.0,0.0,Building_15,14,MASAC,0.7900000214576721,False,0.0,0.0,0.0,0.5249574780464172,41,0,0.0,0.0,-0.0,359160,-0.0,0.0,-0.5084025263786316,0.0,0.0,0.0,0.0,92,3.5287396427483153,1.0,0.17468527113289936,0.0,0.0,0.0,-0.5535219311714172,CityLearnV3MADRLRewardFunction,masac_unified_comparable_v4,E1,-0.0,1907,14.57108195395659,1.0,0.14538251119067547,0.0,4
13,0.0,0.0,0.0,0.0,Building_16,15,MASAC,0.7900000214576721,False,0.0,0.0,0.0,0.5249574780464172,41,0,0.0,0.0,-0.0,359160,-0.0,0.0,-0.5888758897781372,0.0,0.0,0.0,0.0,113,3.4240039561630997,1.0,0.1380073760463073,0.0,0.0,0.0,-0.5535219311714172,CityLearnV3MADRLRewardFunction,masac_unified_comparable_v4,E1,-0.0,1907,14.57108195395659,1.0,0.14538251119067547,0.0,4
13,0.0,0.0,0.0,0.0,Building_17,16,MASAC,0.7900000214576721,False,0.0,0.0,0.0,0.5249574780464172,41,0,0.0,0.0,-0.0,359160,-0.0,0.0,-0.5724836587905884,0.0,0.0,0.0,0.0,113,3.585919451861246,1.0,0.14816003226864655,0.0,0.0,0.0,-0.5535219311714172,CityLearnV3MADRLRewardFunction,masac_unified_comparable_v4,E1,-0.0,1907,14.57108195395659,1.0,0.14538251119067547,0.0,4
6,0.0,0.0,0.0,0.0,Building_1,0,MASAC,0.7900000214576721,True,0.0,0.0,0.0,0.28695225715637207,41,8755,0.0,0.0,-0.0,367915,0.0,433.45458984375,-0.8315295577049255,169.68711853027344,342.42913818359375,433.45458984375,433.45458984375,64,3.1988785976582523,1.0,0.21152373810764402,0.0,0.0,0.0,-0.7906166315078735,CityLearnV3MADRLRewardFunction,masac_unified_comparable_v4,E1,-0.0,1907,13.628109767305363,1.0,0.12517456862514845,0.0,8759
8,0.0,0.0,0.0,0.0,Building_2,1,MASAC,0.7900000214576721,True,0.0,0.0,0.0,0.28695225715637207,41,8755,0.0,0.0,-0.0,367915,0.0,15.16435432434082,-0.7764548659324646,4.832571506500244,11.979840278625488,15.16435432434082,15.16435432434082,78,3.299545753055612,1.0,0.17810627159017783,0.0,0.0,0.0,-0.7906166315078735,CityLearnV3MADRLRewardFunction,masac_unified_comparable_v4,E1,-0.0,1907,13.628109767305363,1.0,0.12517456862514845,0.0,8759
10,1.0,0.0,-0.1,-1.0,Building_3,2,MASAC,0.7900000214576721,True,-476.1772155761719,0.0,0.0,0.28695225715637207,41,8755,0.0,0.0,-0.0,367915,381.63739013671875,0.0,-0.7766411304473877,-121.62008666992188,0.0,-381.63739013671875,94.53982543945312,92,3.240214444227989,1.0,0.14770819659790266,0.0,0.0,0.0,-0.7906166315078735,CityLearnV3MADRLRewardFunction,masac_unified_comparable_v4,E1,-0.0,1907,13.628109767305363,1.0,0.12517456862514845,0.0,8759
8,0.0,0.0,0.0,0.0,Building_4,3,MASAC,0.7900000214576721,True,0.0,0.0,0.0,0.28695225715637207,41,8755,0.0,0.0,-0.0,367915,0.0,31.04317283630371,-0.8088590502738953,9.892828941345215,24.524106979370117,31.04317283630371,31.04317283630371,78,3.3146715217119196,1.0,0.1783392699674154,0.0,0.0,0.0,-0.7906166315078735,CityLearnV3MADRLRewardFunction,masac_unified_comparable_v4,E1,-0.0,1907,13.628109767305363,1.0,0.12517456862514845,0.0,8759
5,0.0,0.0,0.0,0.0,Building_5,4,MASAC,0.7900000214576721,True,0.0,0.0,0.0,0.28695225715637207,41,8755,0.0,0.0,-0.0,367915,0.0,38.538970947265625,-0.8493063449859619,12.372629165649414,30.44578742980957,38.538970947265625,38.538970947265625,57,3.51262713662272,1.0,0.2844120762065837,0.0,0.0,0.0,-0.7906166315078735,CityLearnV3MADRLRewardFunction,masac_unified_comparable_v4,E1,-0.0,1907,13.628109767305363,1.0,0.12517456862514845,0.0,8759
34,0.0,0.0,0.0,0.0,Building_6,5,MASAC,0.7900000214576721,True,0.0,0.0,0.0,0.28695225715637207,41,8755,0.0,0.0,-0.0,367915,0.0,362.8901062011719,-0.831507682800293,141.57777404785156,286.6831970214844,362.8901062011719,362.8901062011719,260,3.2067762978017713,1.0,0.05159736410356485,0.0,0.0,0.0,-0.7906166315078735,CityLearnV3MADRLRewardFunction,masac_unified_comparable_v4,E1,-0.0,1907,13.628109767305363,1.0,0.12517456862514845,0.0,8759
44,1.0,1.0,0.022727272727272728,0.0,Building_7,6,MASAC,0.7900000214576721,True,0.0,0.0,0.0,0.28695225715637207,41,8755,0.0,0.0,-0.0,367915,0.0,12.664111137390137,-0.7700309157371521,4.035795211791992,10.004648208618164,12.664111137390137,12.664111137390137,330,3.282234382852335,1.0,0.041858514330603856,0.0,0.0,0.0,-0.7906166315078735,CityLearnV3MADRLRewardFunction,masac_unified_comparable_v4,E1,-0.0,1907,13.628109767305363,1.0,0.12517456862514845,0.0,8759
19,0.0,0.0,0.0,0.0,Building_8,7,MASAC,0.7900000214576721,True,0.0,0.0,0.0,0.28695225715637207,41,8755,0.0,0.0,-0.0,367915,0.0,12.065996170043945,-0.7685384154319763,3.8451879024505615,9.532136917114258,12.065996170043945,12.065996170043945,155,3.359615667157368,1.0,0.09295083779481149,0.0,0.0,0.0,-0.7906166315078735,CityLearnV3MADRLRewardFunction,masac_unified_comparable_v4,E1,-0.0,1907,13.628109767305363,1.0,0.12517456862514845,0.0,8759
12,1.0,1.0,0.08333333333333333,0.0,Building_9,8,MASAC,0.7900000214576721,True,0.0,0.0,0.0,0.28695225715637207,41,8755,0.0,0.0,-0.0,367915,0.0,2.290161371231079,-0.7133469581604004,0.7298279404640198,1.8092275857925415,2.290161371231079,2.290161371231079,106,3.5248298680051424,1.0,0.1492663250076321,0.0,0.0,0.0,-0.7906166315078735,CityLearnV3MADRLRewardFunction,masac_unified_comparable_v4,E1,-0.0,1907,13.628109767305363,1.0,0.12517456862514845,0.0,8759
8,0.0,0.0,0.0,0.0,Building_10,9,MASAC,0.7900000214576721,True,0.0,0.0,0.0,0.28695225715637207,41,8755,0.0,0.0,-0.0,367915,0.0,51.649574279785156,-0.8190337419509888,17.595232009887695,40.803165435791016,51.649574279785156,51.649574279785156,78,3.3174950838861603,1.0,0.18056817152179205,0.0,0.0,0.0,-0.7906166315078735,CityLearnV3MADRLRewardFunction,masac_unified_comparable_v4,E1,-0.0,1907,13.628109767305363,1.0,0.12517456862514845,0.0,8759
5,1.0,0.0,-0.2,-1.0,Building_11,10,MASAC,0.7900000214576721,True,0.0,0.0,0.0,0.28695225715637207,41,8755,0.0,0.0,-0.0,367915,0.0,71.54803466796875,-0.8179037570953369,25.52177619934082,56.52294921875,71.54803466796875,71.54803466796875,57,3.2619952894288717,1.0,0.23929361940214508,0.0,0.0,0.0,-0.7906166315078735,CityLearnV3MADRLRewardFunction,masac_unified_comparable_v4,E1,-0.0,1907,13.628109767305363,1.0,0.12517456862514845,0.0,8759
5,0.0,0.0,0.0,0.0,Building_12,11,MASAC,0.7900000214576721,True,0.0,0.0,0.0,0.28695225715637207,41,8755,0.0,0.0,-0.0,367915,0.0,215.11593627929688,-0.8217554092407227,82.71199798583984,169.94158935546875,215.11593627929688,215.11593627929688,57,3.2116253522075175,1.0,0.23711851461414704,0.0,0.0,0.0,-0.7906166315078735,CityLearnV3MADRLRewardFunction,masac_unified_comparable_v4,E1,-0.0,1907,13.628109767305363,1.0,0.12517456862514845,0.0,8759
13,0.0,0.0,0.0,0.0,Building_13,12,MASAC,0.7900000214576721,True,0.0,0.0,0.0,0.28695225715637207,41,8755,0.0,0.0,-0.0,367915,0.0,2.033022403717041,-0.7299152612686157,0.6478829383850098,1.6060876846313477,2.033022403717041,2.033022403717041,113,3.3546213028005685,1.0,0.12461421440924163,0.0,0.0,0.0,-0.7906166315078735,CityLearnV3MADRLRewardFunction,masac_unified_comparable_v4,E1,-0.0,1907,13.628109767305363,1.0,0.12517456862514845,0.0,8759
6,0.0,0.0,0.0,0.0,Building_14,13,MASAC,0.7900000214576721,True,0.0,0.0,0.0,0.28695225715637207,41,8755,0.0,0.0,-0.0,367915,0.0,2.6149511337280273,-0.7324017286300659,0.833331823348999,2.0658113956451416,2.6149511337280273,2.6149511337280273,64,3.317568613329649,1.0,0.2174444900592789,0.0,0.0,0.0,-0.7906166315078735,CityLearnV3MADRLRewardFunction,masac_unified_comparable_v4,E1,-0.0,1907,13.628109767305363,1.0,0.12517456862514845,0.0,8759
10,0.0,0.0,0.0,0.0,Building_15,14,MASAC,0.7900000214576721,True,0.0,0.0,0.0,0.28695225715637207,41,8755,0.0,0.0,-0.0,367915,0.0,19.521480560302734,-0.7867982983589172,6.221099376678467,15.42197036743164,19.521480560302734,19.521480560302734,92,3.3265632700973287,1.0,0.15312790004131588,0.0,0.0,0.0,-0.7906166315078735,CityLearnV3MADRLRewardFunction,masac_unified_comparable_v4,E1,-0.0,1907,13.628109767305363,1.0,0.12517456862514845,0.0,8759
13,0.0,0.0,0.0,0.0,Building_16,15,MASAC,0.7900000214576721,True,0.0,0.0,0.0,0.28695225715637207,41,8755,0.0,0.0,-0.0,367915,0.0,54.89390563964844,-0.8129366636276245,18.887611389160156,43.366188049316406,54.89390563964844,54.89390563964844,113,3.215132684672865,1.0,0.11789408655820695,0.0,0.0,0.0,-0.7906166315078735,CityLearnV3MADRLRewardFunction,masac_unified_comparable_v4,E1,-0.0,1907,13.628109767305363,1.0,0.12517456862514845,0.0,8759
13,0.0,0.0,0.0,0.0,Building_17,16,MASAC,0.7900000214576721,True,0.0,0.0,0.0,0.28695225715637207,41,8755,0.0,0.0,-0.0,367915,0.0,22.46647071838379,-0.7935236096382141,7.159607887268066,17.748512268066406,22.46647071838379,22.46647071838379,113,3.2232393594962674,1.0,0.11912648280901192,0.0,0.0,0.0,-0.7906166315078735,CityLearnV3MADRLRewardFunction,masac_unified_comparable_v4,E1,-0.0,1907,13.628109767305363,1.0,0.12517456862514845,0.0,8759
6,0.0,0.0,0.0,0.0,Building_1,0,MASAC,0.7900000214576721,False,0.0,0.0,0.0,0.4838186204433441,42,0,0.0,0.0,-0.0,367920,-0.0,0.0,-0.6336833834648132,0.0,0.0,0.0,0.0,64,3.225349326524503,1.0,0.2257526058529038,0.0,0.0,0.0,-0.5818661451339722,CityLearnV3MADRLRewardFunction,masac_unified_comparable_v4,E1,-0.0,1907,14.008395494080993,1.0,0.13639309115543782,0.0,5
8,0.0,0.0,0.0,0.0,Building_2,1,MASAC,0.7900000214576721,False,0.0,0.0,0.0,0.4838186204433441,42,0,0.0,0.0,-0.0,367920,-0.0,0.0,-0.5280543565750122,0.0,0.0,0.0,0.0,78,3.363963860648288,1.0,0.1887652218962709,0.0,0.0,0.0,-0.5818661451339722,CityLearnV3MADRLRewardFunction,masac_unified_comparable_v4,E1,-0.0,1907,14.008395494080993,1.0,0.13639309115543782,0.0,5
10,0.0,0.0,0.0,0.0,Building_3,2,MASAC,0.7900000214576721,False,0.0,0.0,0.0,0.4838186204433441,42,0,0.0,0.0,-0.0,367920,-0.0,0.0,-0.6174876093864441,0.0,0.0,0.0,0.0,92,3.695980226355933,1.0,0.19702742485653446,0.0,0.0,0.0,-0.5818661451339722,CityLearnV3MADRLRewardFunction,masac_unified_comparable_v4,E1,-0.0,1907,14.008395494080993,1.0,0.13639309115543782,0.0,5
8,0.0,0.0,0.0,0.0,Building_4,3,MASAC,0.7900000214576721,False,0.0,0.0,0.0,0.4838186204433441,42,0,0.0,0.0,-0.0,367920,-0.0,0.0,-0.5740194916725159,0.0,0.0,0.0,0.0,78,3.2899398559103936,1.0,0.18500164745805356,0.0,0.0,0.0,-0.5818661451339722,CityLearnV3MADRLRewardFunction,masac_unified_comparable_v4,E1,-0.0,1907,14.008395494080993,1.0,0.13639309115543782,0.0,5
5,0.0,0.0,0.0,0.0,Building_5,4,MASAC,0.7900000214576721,False,0.0,0.0,0.0,0.4838186204433441,42,0,0.0,0.0,-0.0,367920,-0.0,0.0,-0.611057698726654,0.0,0.0,0.0,0.0,57,3.4077173021090936,1.0,0.27543724462259234,0.0,0.0,0.0,-0.5818661451339722,CityLearnV3MADRLRewardFunction,masac_unified_comparable_v4,E1,-0.0,1907,14.008395494080993,1.0,0.13639309115543782,0.0,5
34,0.0,0.0,0.0,0.0,Building_6,5,MASAC,0.7900000214576721,False,0.0,0.0,0.0,0.4838186204433441,42,0,0.0,0.0,-0.0,367920,-0.0,0.0,-0.628683865070343,0.0,0.0,0.0,0.0,260,3.2747511406188026,1.0,0.05556422438329229,0.0,0.0,0.0,-0.5818661451339722,CityLearnV3MADRLRewardFunction,masac_unified_comparable_v4,E1,-0.0,1907,14.008395494080993,1.0,0.13639309115543782,0.0,5
44,0.0,0.0,0.0,0.0,Building_7,6,MASAC,0.7900000214576721,False,0.0,0.0,0.0,0.4838186204433441,42,0,0.0,0.0,-0.0,367920,-0.0,0.0,-0.5504630208015442,0.0,0.0,0.0,0.0,330,3.343200315837976,1.0,0.04456636558540843,0.0,0.0,0.0,-0.5818661451339722,CityLearnV3MADRLRewardFunction,masac_unified_comparable_v4,E1,-0.0,1907,14.008395494080993,1.0,0.13639309115543782,0.0,5
19,0.0,0.0,0.0,0.0,Building_8,7,MASAC,0.7900000214576721,False,0.0,0.0,0.0,0.4838186204433441,42,0,0.0,0.0,-0.0,367920,-0.0,0.0,-0.5286622643470764,0.0,0.0,0.0,0.0,155,3.3605712142802533,1.0,0.09496932694267841,0.0,0.0,0.0,-0.5818661451339722,CityLearnV3MADRLRewardFunction,masac_unified_comparable_v4,E1,-0.0,1907,14.008395494080993,1.0,0.13639309115543782,0.0,5
12,0.0,0.0,0.0,0.0,Building_9,8,MASAC,0.7900000214576721,False,0.0,0.0,0.0,0.4838186204433441,42,0,0.0,0.0,-0.0,367920,-0.0,0.0,-0.5355638265609741,0.0,0.0,0.0,0.0,106,3.4432752853633155,1.0,0.14646994921747805,0.0,0.0,0.0,-0.5818661451339722,CityLearnV3MADRLRewardFunction,masac_unified_comparable_v4,E1,-0.0,1907,14.008395494080993,1.0,0.13639309115543782,0.0,5
8,0.0,0.0,0.0,0.0,Building_10,9,MASAC,0.7900000214576721,False,0.0,0.0,0.0,0.4838186204433441,42,0,0.0,0.0,-0.0,367920,-0.0,0.0,-0.6111321449279785,0.0,0.0,0.0,0.0,78,3.2918498075273477,1.0,0.18495023482216474,0.0,0.0,0.0,-0.5818661451339722,CityLearnV3MADRLRewardFunction,masac_unified_comparable_v4,E1,-0.0,1907,14.008395494080993,1.0,0.13639309115543782,0.0,5
5,0.0,0.0,0.0,0.0,Building_11,10,MASAC,0.7900000214576721,False,0.0,0.0,0.0,0.4838186204433441,42,0,0.0,0.0,-0.0,367920,-0.0,0.0,-0.6211356520652771,0.0,0.0,0.0,0.0,57,3.6094177329305266,1.0,0.2958195930052745,0.0,0.0,0.0,-0.5818661451339722,CityLearnV3MADRLRewardFunction,masac_unified_comparable_v4,E1,-0.0,1907,14.008395494080993,1.0,0.13639309115543782,0.0,5
5,0.0,0.0,0.0,0.0,Building_12,11,MASAC,0.7900000214576721,False,0.0,0.0,0.0,0.4838186204433441,42,0,0.0,0.0,-0.0,367920,-0.0,0.0,-0.628875195980072,0.0,0.0,0.0,0.0,57,3.5651375588279177,1.0,0.29248023284762575,0.0,0.0,0.0,-0.5818661451339722,CityLearnV3MADRLRewardFunction,masac_unified_comparable_v4,E1,-0.0,1907,14.008395494080993,1.0,0.13639309115543782,0.0,5
13,0.0,0.0,0.0,0.0,Building_13,12,MASAC,0.7900000214576721,False,0.0,0.0,0.0,0.4838186204433441,42,0,0.0,0.0,-0.0,367920,-0.0,0.0,-0.5279753804206848,0.0,0.0,0.0,0.0,113,3.348825258662204,1.0,0.12991866906198252,0.0,0.0,0.0,-0.5818661451339722,CityLearnV3MADRLRewardFunction,masac_unified_comparable_v4,E1,-0.0,1907,14.008395494080993,1.0,0.13639309115543782,0.0,5
6,0.0,0.0,0.0,0.0,Building_14,13,MASAC,0.7900000214576721,False,0.0,0.0,0.0,0.4838186204433441,42,0,0.0,0.0,-0.0,367920,-0.0,0.0,-0.5319676995277405,0.0,0.0,0.0,0.0,64,3.450405890028905,1.0,0.24551812213030644,0.0,0.0,0.0,-0.5818661451339722,CityLearnV3MADRLRewardFunction,masac_unified_comparable_v4,E1,-0.0,1907,14.008395494080993,1.0,0.13639309115543782,0.0,5
10,0.0,0.0,0.0,0.0,Building_15,14,MASAC,0.7900000214576721,False,0.0,0.0,0.0,0.4838186204433441,42,0,0.0,0.0,-0.0,367920,-0.0,0.0,-0.5520359873771667,0.0,0.0,0.0,0.0,92,3.3687385319093637,1.0,0.16209052715693478,0.0,0.0,0.0,-0.5818661451339722,CityLearnV3MADRLRewardFunction,masac_unified_comparable_v4,E1,-0.0,1907,14.008395494080993,1.0,0.13639309115543782,0.0,5
13,0.0,0.0,0.0,0.0,Building_16,15,MASAC,0.7900000214576721,False,0.0,0.0,0.0,0.4838186204433441,42,0,0.0,0.0,-0.0,367920,-0.0,0.0,-0.6125873327255249,0.0,0.0,0.0,0.0,113,3.243816950087256,1.0,0.12608651950361982,0.0,0.0,0.0,-0.5818661451339722,CityLearnV3MADRLRewardFunction,masac_unified_comparable_v4,E1,-0.0,1907,14.008395494080993,1.0,0.13639309115543782,0.0,5
13,0.0,0.0,0.0,0.0,Building_17,16,MASAC,0.7900000214576721,False,0.0,0.0,0.0,0.4838186204433441,42,0,0.0,0.0,-0.0,367920,-0.0,0.0,-0.5983396172523499,0.0,0.0,0.0,0.0,113,3.4356772930742827,1.0,0.13947127372092377,0.0,0.0,0.0,-0.5818661451339722,CityLearnV3MADRLRewardFunction,masac_unified_comparable_v4,E1,-0.0,1907,14.008395494080993,1.0,0.13639309115543782,0.0,5
6,1.0,1.0,0.16666666666666666,0.0,Building_1,0,MASAC,0.7900000214576721,True,0.0,0.0,0.0,0.5087285041809082,42,8754,0.0,0.0,-0.0,376674,0.0,446.8856201171875,-0.8315331935882568,292.5751953125,353.0396423339844,446.8856201171875,446.8856201171875,64,3.4762517723115693,1.0,0.247487410902977,0.0,0.0,0.0,-0.7904646396636963,CityLearnV3MADRLRewardFunction,masac_unified_comparable_v4,E1,-0.0,1907,14.512854680168205,1.0,0.14237911412008908,0.0,8759
8,0.0,0.0,0.0,0.0,Building_2,1,MASAC,0.7900000214576721,True,0.0,0.0,0.0,0.5087285041809082,42,8754,0.0,0.0,-0.0,376674,0.0,5.618855953216553,-0.7450135946273804,2.9754133224487305,4.438896179199219,5.618855953216553,5.618855953216553,78,3.4817673373652647,1.0,0.1976744328171779,0.0,0.0,0.0,-0.7904646396636963,CityLearnV3MADRLRewardFunction,masac_unified_comparable_v4,E1,-0.0,1907,14.512854680168205,1.0,0.14237911412008908,0.0,8759
10,0.0,0.0,0.0,0.0,Building_3,2,MASAC,0.7900000214576721,True,0.0,0.0,0.0,0.5087285041809082,42,8754,0.0,0.0,-0.0,376674,0.0,98.17061614990234,-0.815578043460846,61.75166320800781,77.5547866821289,98.17061614990234,98.17061614990234,92,3.403418129659496,1.0,0.16433913892377977,0.0,0.0,0.0,-0.7904646396636963,CityLearnV3MADRLRewardFunction,masac_unified_comparable_v4,E1,-0.0,1907,14.512854680168205,1.0,0.14237911412008908,0.0,8759
8,0.0,0.0,0.0,0.0,Building_4,3,MASAC,0.7900000214576721,True,0.0,0.0,0.0,0.5087285041809082,42,8754,0.0,0.0,-0.0,376674,0.0,28.84416961669922,-0.8076699376106262,15.862687110900879,22.786893844604492,28.84416961669922,28.84416961669922,78,3.5251764591794967,1.0,0.20301210383574167,0.0,0.0,0.0,-0.7904646396636963,CityLearnV3MADRLRewardFunction,masac_unified_comparable_v4,E1,-0.0,1907,14.512854680168205,1.0,0.14237911412008908,0.0,8759
5,0.0,0.0,0.0,0.0,Building_5,4,MASAC,0.7900000214576721,True,0.0,0.0,0.0,0.5087285041809082,42,8754,0.0,0.0,-0.0,376674,0.0,37.89287567138672,-0.8448692560195923,21.85226058959961,29.935373306274414,37.89287567138672,37.89287567138672,57,3.6086691099782326,1.0,0.30400675848910685,0.0,0.0,0.0,-0.7904646396636963,CityLearnV3MADRLRewardFunction,masac_unified_comparable_v4,E1,-0.0,1907,14.512854680168205,1.0,0.14237911412008908,0.0,8759
34,0.0,0.0,0.0,0.0,Building_6,5,MASAC,0.7900000214576721,True,0.0,0.0,0.0,0.5087285041809082,42,8754,0.0,0.0,-0.0,376674,0.0,350.8894348144531,-0.8253774642944336,229.03280639648438,277.2026672363281,350.8894348144531,350.8894348144531,260,3.3827596401909497,1.0,0.05775675704846015,0.0,0.0,0.0,-0.7904646396636963,CityLearnV3MADRLRewardFunction,masac_unified_comparable_v4,E1,-0.0,1907,14.512854680168205,1.0,0.14237911412008908,0.0,8759
44,1.0,1.0,0.022727272727272728,0.0,Building_7,6,MASAC,0.7900000214576721,True,0.0,0.0,0.0,0.5087285041809082,42,8754,0.0,0.0,-0.0,376674,0.0,18.66022491455078,-0.7880755662918091,9.881349563598633,14.741578102111816,18.66022491455078,18.66022491455078,330,3.499490688268937,1.0,0.04806707374977343,0.0,0.0,0.0,-0.7904646396636963,CityLearnV3MADRLRewardFunction,masac_unified_comparable_v4,E1,-0.0,1907,14.512854680168205,1.0,0.14237911412008908,0.0,8759
19,0.0,0.0,0.0,0.0,Building_8,7,MASAC,0.7900000214576721,True,0.0,0.0,0.0,0.5087285041809082,42,8754,0.0,0.0,-0.0,376674,0.0,19.251495361328125,-0.7878340482711792,10.194452285766602,15.2086820602417,19.251495361328125,19.251495361328125,155,3.6087806158571873,1.0,0.1056737800759654,0.0,0.0,0.0,-0.7904646396636963,CityLearnV3MADRLRewardFunction,masac_unified_comparable_v4,E1,-0.0,1907,14.512854680168205,1.0,0.14237911412008908,0.0,8759
12,0.0,0.0,0.0,0.0,Building_9,8,MASAC,0.7900000214576721,True,0.0,0.0,0.0,0.5087285041809082,42,8754,0.0,0.0,-0.0,376674,0.0,2.4506425857543945,-0.7141392230987549,1.297715187072754,1.9360077381134033,2.4506425857543945,2.4506425857543945,106,3.7251497625810357,1.0,0.16976445013622068,0.0,0.0,0.0,-0.7904646396636963,CityLearnV3MADRLRewardFunction,masac_unified_comparable_v4,E1,-0.0,1907,14.512854680168205,1.0,0.14237911412008908,0.0,8759
8,0.0,0.0,0.0,0.0,Building_10,9,MASAC,0.7900000214576721,True,0.0,0.0,0.0,0.5087285041809082,42,8754,0.0,0.0,-0.0,376674,0.0,34.33414077758789,-0.8129473924636841,19.496641159057617,27.123971939086914,34.33414077758789,34.33414077758789,78,3.5720544984164224,1.0,0.20653450422180006,0.0,0.0,0.0,-0.7904646396636963,CityLearnV3MADRLRewardFunction,masac_unified_comparable_v4,E1,-0.0,1907,14.512854680168205,1.0,0.14237911412008908,0.0,8759
5,0.0,0.0,0.0,0.0,Building_11,10,MASAC,0.7900000214576721,True,0.0,0.0,0.0,0.5087285041809082,42,8754,0.0,0.0,-0.0,376674,0.0,57.917564392089844,-0.8129304051399231,35.107120513916016,45.754878997802734,57.917564392089844,57.917564392089844,57,3.4480946970197213,1.0,0.26835304001967114,0.0,0.0,0.0,-0.7904646396636963,CityLearnV3MADRLRewardFunction,masac_unified_comparable_v4,E1,-0.0,1907,14.512854680168205,1.0,0.14237911412008908,0.0,8759
5,1.0,0.0,-0.2,-1.0,Building_12,11,MASAC,0.7900000214576721,True,-470.8398132324219,0.0,0.0,0.5087285041809082,42,8754,0.0,0.0,-0.0,376674,288.23773193359375,0.0,-0.7756275534629822,-152.63363647460938,0.0,-288.23773193359375,182.60208129882812,57,3.522854235260828,1.0,0.27800729034239785,0.0,0.0,0.0,-0.7904646396636963,CityLearnV3MADRLRewardFunction,masac_unified_comparable_v4,E1,-0.0,1907,14.512854680168205,1.0,0.14237911412008908,0.0,8759
13,0.0,0.0,0.0,0.0,Building_13,12,MASAC,0.7900000214576721,True,0.0,0.0,0.0,0.5087285041809082,42,8754,0.0,0.0,-0.0,376674,0.0,2.789367437362671,-0.7329148650169373,1.4770838022232056,2.2036004066467285,2.789367437362671,2.789367437362671,113,3.46479602877702,1.0,0.13595865574558225,0.0,0.0,0.0,-0.7904646396636963,CityLearnV3MADRLRewardFunction,masac_unified_comparable_v4,E1,-0.0,1907,14.512854680168205,1.0,0.14237911412008908,0.0,8759
6,0.0,0.0,0.0,0.0,Building_14,13,MASAC,0.7900000214576721,True,0.0,0.0,0.0,0.5087285041809082,42,8754,0.0,0.0,-0.0,376674,0.0,2.485826015472412,-0.7320168614387512,1.316346287727356,1.9638025760650635,2.485826015472412,2.485826015472412,64,3.542103806369704,1.0,0.2488086032681167,0.0,0.0,0.0,-0.7904646396636963,CityLearnV3MADRLRewardFunction,masac_unified_comparable_v4,E1,-0.0,1907,14.512854680168205,1.0,0.14237911412008908,0.0,8759
10,0.0,0.0,0.0,0.0,Building_15,14,MASAC,0.7900000214576721,True,0.0,0.0,0.0,0.5087285041809082,42,8754,0.0,0.0,-0.0,376674,0.0,20.5941162109375,-0.7938050627708435,10.905424118041992,16.269351959228516,20.5941162109375,20.5941162109375,92,3.621759077632467,1.0,0.1808148901099744,0.0,0.0,0.0,-0.7904646396636963,CityLearnV3MADRLRewardFunction,masac_unified_comparable_v4,E1,-0.0,1907,14.512854680168205,1.0,0.14237911412008908,0.0,8759
13,0.0,0.0,0.0,0.0,Building_16,15,MASAC,0.7900000214576721,True,0.0,0.0,0.0,0.5087285041809082,42,8754,0.0,0.0,-0.0,376674,0.0,103.13050842285156,-0.8259785175323486,65.03474426269531,81.47310638427734,103.13050842285156,103.13050842285156,113,3.510024681391685,1.0,0.14223069031681634,0.0,0.0,0.0,-0.7904646396636963,CityLearnV3MADRLRewardFunction,masac_unified_comparable_v4,E1,-0.0,1907,14.512854680168205,1.0,0.14237911412008908,0.0,8759
13,1.0,1.0,0.07692307692307693,0.0,Building_17,16,MASAC,0.7900000214576721,True,0.0,0.0,0.0,0.5087285041809082,42,8754,0.0,0.0,-0.0,376674,0.0,21.1981143951416,-0.7915878891944885,11.225265502929688,16.746511459350586,21.1981143951416,21.1981143951416,113,3.427187264559757,1.0,0.1369640256187557,0.0,0.0,0.0,-0.7904646396636963,CityLearnV3MADRLRewardFunction,masac_unified_comparable_v4,E1,-0.0,1907,14.512854680168205,1.0,0.14237911412008908,0.0,8759
6,0.0,0.0,0.0,0.0,Building_1,0,MASAC,0.786109983921051,False,0.0,0.0,0.0,0.6572644114494324,43,0,0.0,0.0,-0.0,376680,-0.0,0.0,-0.6137552857398987,0.0,0.0,0.0,0.0,64,3.187025804357742,1.0,0.23638578788086306,0.0,0.0,0.0,-0.5539896488189697,CityLearnV3MADRLRewardFunction,masac_unified_comparable_v4,E1,-0.0,1907,14.03231645638133,1.0,0.14766600623474846,0.0,6
8,0.0,0.0,0.0,0.0,Building_2,1,MASAC,0.786109983921051,False,0.0,0.0,0.0,0.6572644114494324,43,0,0.0,0.0,-0.0,376680,-0.0,0.0,-0.5029026865959167,0.0,0.0,0.0,0.0,78,3.2844472223150674,1.0,0.19554805912029666,0.0,0.0,0.0,-0.5539896488189697,CityLearnV3MADRLRewardFunction,masac_unified_comparable_v4,E1,-0.0,1907,14.03231645638133,1.0,0.14766600623474846,0.0,6
10,0.0,0.0,0.0,0.0,Building_3,2,MASAC,0.786109983921051,False,0.0,0.0,0.0,0.6572644114494324,43,0,0.0,0.0,-0.0,376680,-0.0,0.0,-0.6070716977119446,0.0,0.0,0.0,0.0,92,3.5994526546911163,1.0,0.20146603828660495,0.0,0.0,0.0,-0.5539896488189697,CityLearnV3MADRLRewardFunction,masac_unified_comparable_v4,E1,-0.0,1907,14.03231645638133,1.0,0.14766600623474846,0.0,6
8,0.0,0.0,0.0,0.0,Building_4,3,MASAC,0.786109983921051,False,0.0,0.0,0.0,0.6572644114494324,43,0,0.0,0.0,-0.0,376680,-0.0,0.0,-0.5696679353713989,0.0,0.0,0.0,0.0,78,3.162321890600902,1.0,0.18755468825260416,0.0,0.0,0.0,-0.5539896488189697,CityLearnV3MADRLRewardFunction,masac_unified_comparable_v4,E1,-0.0,1907,14.03231645638133,1.0,0.14766600623474846,0.0,6
5,0.0,0.0,0.0,0.0,Building_5,4,MASAC,0.786109983921051,False,0.0,0.0,0.0,0.6572644114494324,43,0,0.0,0.0,-0.0,376680,-0.0,0.0,-0.5984365344047546,0.0,0.0,0.0,0.0,57,3.397425742107205,1.0,0.29385646045404046,0.0,0.0,0.0,-0.5539896488189697,CityLearnV3MADRLRewardFunction,masac_unified_comparable_v4,E1,-0.0,1907,14.03231645638133,1.0,0.14766600623474846,0.0,6
34,1.0,1.0,0.029411764705882353,0.0,Building_6,5,MASAC,0.786109983921051,False,0.0,0.0,0.0,0.6572644114494324,43,0,0.0,0.0,-0.0,376680,-0.0,0.0,-0.6063342094421387,0.0,0.0,0.0,0.0,260,3.1775393461942842,1.0,0.0570095410821243,0.0,0.0,0.0,-0.5539896488189697,CityLearnV3MADRLRewardFunction,masac_unified_comparable_v4,E1,-0.0,1907,14.03231645638133,1.0,0.14766600623474846,0.0,6
44,1.0,1.0,0.022727272727272728,0.0,Building_7,6,MASAC,0.786109983921051,False,0.0,0.0,0.0,0.6572644114494324,43,0,0.0,0.0,-0.0,376680,-0.0,0.0,-0.5031713247299194,0.0,0.0,0.0,0.0,330,3.2644685591756386,1.0,0.04602251983896801,0.0,0.0,0.0,-0.5539896488189697,CityLearnV3MADRLRewardFunction,masac_unified_comparable_v4,E1,-0.0,1907,14.03231645638133,1.0,0.14766600623474846,0.0,6
19,0.0,0.0,0.0,0.0,Building_8,7,MASAC,0.786109983921051,False,0.0,0.0,0.0,0.6572644114494324,43,0,0.0,0.0,-0.0,376680,-0.0,0.0,-0.5030028820037842,0.0,0.0,0.0,0.0,155,3.27926266815769,1.0,0.09830044721283258,0.0,0.0,0.0,-0.5539896488189697,CityLearnV3MADRLRewardFunction,masac_unified_comparable_v4,E1,-0.0,1907,14.03231645638133,1.0,0.14766600623474846,0.0,6
12,0.0,0.0,0.0,0.0,Building_9,8,MASAC,0.786109983921051,False,0.0,0.0,0.0,0.6572644114494324,43,0,0.0,0.0,-0.0,376680,-0.0,0.0,-0.5153050422668457,0.0,0.0,0.0,0.0,106,3.320715612969325,1.0,0.14986857992403632,0.0,0.0,0.0,-0.5539896488189697,CityLearnV3MADRLRewardFunction,masac_unified_comparable_v4,E1,-0.0,1907,14.03231645638133,1.0,0.14766600623474846,0.0,6
8,0.0,0.0,0.0,0.0,Building_10,9,MASAC,0.786109983921051,False,0.0,0.0,0.0,0.6572644114494324,43,0,0.0,0.0,-0.0,376680,-0.0,0.0,-0.5281412601470947,0.0,0.0,0.0,0.0,78,3.23593107731209,1.0,0.19333964101492596,0.0,0.0,0.0,-0.5539896488189697,CityLearnV3MADRLRewardFunction,masac_unified_comparable_v4,E1,-0.0,1907,14.03231645638133,1.0,0.14766600623474846,0.0,6
5,1.0,1.0,0.2,0.0,Building_11,10,MASAC,0.786109983921051,False,0.0,0.0,0.0,0.6572644114494324,43,0,0.0,0.0,-0.0,376680,-0.0,0.0,-0.5962271094322205,0.0,0.0,0.0,0.0,57,3.8056325052953976,1.0,0.3577375523582624,0.0,0.0,0.0,-0.5539896488189697,CityLearnV3MADRLRewardFunction,masac_unified_comparable_v4,E1,-0.0,1907,14.03231645638133,1.0,0.14766600623474846,0.0,6
5,0.0,0.0,0.0,0.0,Building_12,11,MASAC,0.786109983921051,False,0.0,0.0,0.0,0.6572644114494324,43,0,0.0,0.0,-0.0,376680,-0.0,0.0,-0.608847975730896,0.0,0.0,0.0,0.0,57,3.8912843401398813,1.0,0.3697073924142802,0.0,0.0,0.0,-0.5539896488189697,CityLearnV3MADRLRewardFunction,masac_unified_comparable_v4,E1,-0.0,1907,14.03231645638133,1.0,0.14766600623474846,0.0,6
13,0.0,0.0,0.0,0.0,Building_13,12,MASAC,0.786109983921051,False,0.0,0.0,0.0,0.6572644114494324,43,0,0.0,0.0,-0.0,376680,-0.0,0.0,-0.5030367374420166,0.0,0.0,0.0,0.0,113,3.2715890985948293,1.0,0.1346675186805361,0.0,0.0,0.0,-0.5539896488189697,CityLearnV3MADRLRewardFunction,masac_unified_comparable_v4,E1,-0.0,1907,14.03231645638133,1.0,0.14766600623474846,0.0,6
6,0.0,0.0,0.0,0.0,Building_14,13,MASAC,0.786109983921051,False,0.0,0.0,0.0,0.6572644114494324,43,0,0.0,0.0,-0.0,376680,-0.0,0.0,-0.5096768736839294,0.0,0.0,0.0,0.0,64,3.9693707685605304,1.0,0.34233012195909396,0.0,0.0,0.0,-0.5539896488189697,CityLearnV3MADRLRewardFunction,masac_unified_comparable_v4,E1,-0.0,1907,14.03231645638133,1.0,0.14766600623474846,0.0,6
10,0.0,0.0,0.0,0.0,Building_15,14,MASAC,0.786109983921051,False,0.0,0.0,0.0,0.6572644114494324,43,0,0.0,0.0,-0.0,376680,-0.0,0.0,-0.5081911087036133,0.0,0.0,0.0,0.0,92,3.313656209317796,1.0,0.16800284736951732,0.0,0.0,0.0,-0.5539896488189697,CityLearnV3MADRLRewardFunction,masac_unified_comparable_v4,E1,-0.0,1907,14.03231645638133,1.0,0.14766600623474846,0.0,6
13,0.0,0.0,0.0,0.0,Building_16,15,MASAC,0.786109983921051,False,0.0,0.0,0.0,0.6572644114494324,43,0,0.0,0.0,-0.0,376680,-0.0,0.0,-0.5701162815093994,0.0,0.0,0.0,0.0,113,3.2184328914808935,1.0,0.13417603420835417,0.0,0.0,0.0,-0.5539896488189697,CityLearnV3MADRLRewardFunction,masac_unified_comparable_v4,E1,-0.0,1907,14.03231645638133,1.0,0.14766600623474846,0.0,6
13,0.0,0.0,0.0,0.0,Building_17,16,MASAC,0.786109983921051,False,0.0,0.0,0.0,0.6572644114494324,43,0,0.0,0.0,-0.0,376680,-0.0,0.0,-0.5739381313323975,0.0,0.0,0.0,0.0,113,3.321761637345307,1.0,0.14054477250252942,0.0,0.0,0.0,-0.5539896488189697,CityLearnV3MADRLRewardFunction,masac_unified_comparable_v4,E1,-0.0,1907,14.03231645638133,1.0,0.14766600623474846,0.0,6
6,0.0,0.0,0.0,0.0,Building_1,0,MASAC,0.7900000214576721,True,0.0,0.0,0.0,0.32958081364631653,43,8753,0.0,0.0,-0.0,385433,0.0,391.586669921875,-0.8022828102111816,179.1614532470703,309.3534851074219,391.586669921875,391.586669921875,64,3.4225281189761185,1.0,0.23082253662869334,0.0,0.0,0.0,-0.7507438063621521,CityLearnV3MADRLRewardFunction,masac_unified_comparable_v4,E1,-0.0,1907,13.99993899432886,1.0,0.13062073770904642,0.0,8759
8,0.0,0.0,0.0,0.0,Building_2,1,MASAC,0.7900000214576721,True,0.0,0.0,0.0,0.32958081364631653,43,8753,0.0,0.0,-0.0,385433,0.0,0.1848604530096054,-0.6920812129974365,0.08457864075899124,0.14603976905345917,0.1848604530096054,0.1848604530096054,78,3.3750000354235548,1.0,0.18210070026226532,0.0,0.0,0.0,-0.7507438063621521,CityLearnV3MADRLRewardFunction,masac_unified_comparable_v4,E1,-0.0,1907,13.99993899432886,1.0,0.13062073770904642,0.0,8759
10,0.0,0.0,0.0,0.0,Building_3,2,MASAC,0.7900000214576721,True,0.0,0.0,0.0,0.32958081364631653,43,8753,0.0,0.0,-0.0,385433,0.0,39.0087890625,-0.7789211869239807,17.847572326660156,30.816944122314453,39.0087890625,39.0087890625,92,3.257616261692852,1.0,0.14939918676796166,0.0,0.0,0.0,-0.7507438063621521,CityLearnV3MADRLRewardFunction,masac_unified_comparable_v4,E1,-0.0,1907,13.99993899432886,1.0,0.13062073770904642,0.0,8759
8,0.0,0.0,0.0,0.0,Building_4,3,MASAC,0.7900000214576721,True,0.0,0.0,0.0,0.32958081364631653,43,8753,0.0,0.0,-0.0,385433,0.0,36.67196273803711,-0.7812386155128479,16.778411865234375,28.97085189819336,36.67196273803711,36.67196273803711,78,3.303076784925215,1.0,0.18100245029498369,0.0,0.0,0.0,-0.7507438063621521,CityLearnV3MADRLRewardFunction,masac_unified_comparable_v4,E1,-0.0,1907,13.99993899432886,1.0,0.13062073770904642,0.0,8759
5,0.0,0.0,0.0,0.0,Building_5,4,MASAC,0.7900000214576721,True,0.0,0.0,0.0,0.32958081364631653,43,8753,0.0,0.0,-0.0,385433,0.0,54.225337982177734,-0.8257700204849243,24.809553146362305,42.838016510009766,54.225337982177734,54.225337982177734,57,3.5379596175212598,1.0,0.29043494949215337,0.0,0.0,0.0,-0.7507438063621521,CityLearnV3MADRLRewardFunction,masac_unified_comparable_v4,E1,-0.0,1907,13.99993899432886,1.0,0.13062073770904642,0.0,8759
34,1.0,1.0,0.029411764705882353,0.0,Building_6,5,MASAC,0.7900000214576721,True,0.0,0.0,0.0,0.32958081364631653,43,8753,0.0,0.0,-0.0,385433,0.0,348.8946838378906,-0.8001495003700256,159.62872314453125,275.6268005371094,348.8946838378906,348.8946838378906,260,3.260059902324744,1.0,0.053182142743697536,0.0,0.0,0.0,-0.7507438063621521,CityLearnV3MADRLRewardFunction,masac_unified_comparable_v4,E1,-0.0,1907,13.99993899432886,1.0,0.13062073770904642,0.0,8759
44,0.0,0.0,0.0,0.0,Building_7,6,MASAC,0.7900000214576721,True,0.0,0.0,0.0,0.32958081364631653,43,8753,0.0,0.0,-0.0,385433,0.0,2.9800853729248047,-0.7040242552757263,1.3634693622589111,2.3542675971984863,2.9800853729248047,2.9800853729248047,330,3.3557699227170343,1.0,0.042945011434229935,0.0,0.0,0.0,-0.7507438063621521,CityLearnV3MADRLRewardFunction,masac_unified_comparable_v4,E1,-0.0,1907,13.99993899432886,1.0,0.13062073770904642,0.0,8759
19,1.0,1.0,0.05263157894736842,0.0,Building_8,7,MASAC,0.7900000214576721,True,0.0,0.0,0.0,0.32958081364631653,43,8753,0.0,0.0,-0.0,385433,0.0,6.19936990737915,-0.718517541885376,2.836378812789917,4.897502422332764,6.19936990737915,6.19936990737915,155,3.526577249108414,1.0,0.09901311589825539,0.0,0.0,0.0,-0.7507438063621521,CityLearnV3MADRLRewardFunction,masac_unified_comparable_v4,E1,-0.0,1907,13.99993899432886,1.0,0.13062073770904642,0.0,8759
12,0.0,0.0,0.0,0.0,Building_9,8,MASAC,0.7900000214576721,True,0.0,0.0,0.0,0.32958081364631653,43,8753,0.0,0.0,-0.0,385433,0.0,2.1350696086883545,-0.6831398606300354,0.9768518805503845,1.6867049932479858,2.1350696086883545,2.1350696086883545,106,3.5869352944720374,1.0,0.15464519526598589,0.0,0.0,0.0,-0.7507438063621521,CityLearnV3MADRLRewardFunction,masac_unified_comparable_v4,E1,-0.0,1907,13.99993899432886,1.0,0.13062073770904642,0.0,8759
8,0.0,0.0,0.0,0.0,Building_10,9,MASAC,0.7900000214576721,True,0.0,0.0,0.0,0.32958081364631653,43,8753,0.0,0.0,-0.0,385433,0.0,16.451881408691406,-0.7536107301712036,7.52717924118042,12.996986389160156,16.451881408691406,16.451881408691406,78,3.4337869686282665,1.0,0.18913282482669905,0.0,0.0,0.0,-0.7507438063621521,CityLearnV3MADRLRewardFunction,masac_unified_comparable_v4,E1,-0.0,1907,13.99993899432886,1.0,0.13062073770904642,0.0,8759
5,0.0,0.0,0.0,0.0,Building_11,10,MASAC,0.7900000214576721,True,0.0,0.0,0.0,0.32958081364631653,43,8753,0.0,0.0,-0.0,385433,0.0,66.45198059082031,-0.791054368019104,30.40357208251953,52.497066497802734,66.45198059082031,66.45198059082031,57,3.3839198028019783,1.0,0.2536836893934953,0.0,0.0,0.0,-0.7507438063621521,CityLearnV3MADRLRewardFunction,masac_unified_comparable_v4,E1,-0.0,1907,13.99993899432886,1.0,0.13062073770904642,0.0,8759
5,0.0,0.0,0.0,0.0,Building_12,11,MASAC,0.7900000214576721,True,0.0,0.0,0.0,0.32958081364631653,43,8753,0.0,0.0,-0.0,385433,0.0,155.388671875,-0.7890667915344238,71.0945053100586,122.7570571899414,155.388671875,155.388671875,57,3.2919829215900966,1.0,0.24665382948883793,0.0,0.0,0.0,-0.7507438063621521,CityLearnV3MADRLRewardFunction,masac_unified_comparable_v4,E1,-0.0,1907,13.99993899432886,1.0,0.13062073770904642,0.0,8759
13,0.0,0.0,0.0,0.0,Building_13,12,MASAC,0.7900000214576721,True,0.0,0.0,0.0,0.32958081364631653,43,8753,0.0,0.0,-0.0,385433,0.0,0.1047736182808876,-0.69173663854599,0.04793675243854523,0.08277115970849991,0.1047736182808876,0.1047736182808876,113,3.357140003071366,1.0,0.12505007765989387,0.0,0.0,0.0,-0.7507438063621521,CityLearnV3MADRLRewardFunction,masac_unified_comparable_v4,E1,-0.0,1907,13.99993899432886,1.0,0.13062073770904642,0.0,8759
6,0.0,0.0,0.0,0.0,Building_14,13,MASAC,0.7900000214576721,True,0.0,0.0,0.0,0.32958081364631653,43,8753,0.0,0.0,-0.0,385433,0.0,1.3521205186843872,-0.6971532702445984,0.6186316013336182,1.068175196647644,1.3521205186843872,1.3521205186843872,64,3.369920980211645,1.0,0.22332766791805625,0.0,0.0,0.0,-0.7507438063621521,CityLearnV3MADRLRewardFunction,masac_unified_comparable_v4,E1,-0.0,1907,13.99993899432886,1.0,0.13062073770904642,0.0,8759
10,0.0,0.0,0.0,0.0,Building_15,14,MASAC,0.7900000214576721,True,0.0,0.0,0.0,0.32958081364631653,43,8753,0.0,0.0,-0.0,385433,0.0,15.147623062133789,-0.7480658292770386,6.930445671081543,11.966622352600098,15.147623062133789,15.147623062133789,92,3.415466993834487,1.0,0.16096327000338098,0.0,0.0,0.0,-0.7507438063621521,CityLearnV3MADRLRewardFunction,masac_unified_comparable_v4,E1,-0.0,1907,13.99993899432886,1.0,0.13062073770904642,0.0,8759
13,0.0,0.0,0.0,0.0,Building_16,15,MASAC,0.7900000214576721,True,0.0,0.0,0.0,0.32958081364631653,43,8753,0.0,0.0,-0.0,385433,0.0,11.957420349121094,-0.7404265999794006,5.470841884613037,9.446362495422363,11.957420349121094,11.957420349121094,113,3.4645910825904327,1.0,0.13095620195422553,0.0,0.0,0.0,-0.7507438063621521,CityLearnV3MADRLRewardFunction,masac_unified_comparable_v4,E1,-0.0,1907,13.99993899432886,1.0,0.13062073770904642,0.0,8759
13,0.0,0.0,0.0,0.0,Building_17,16,MASAC,0.7900000214576721,True,0.0,0.0,0.0,0.32958081364631653,43,8753,0.0,0.0,-0.0,385433,0.0,23.087642669677734,-0.765405535697937,10.56321907043457,18.239238739013672,23.087642669677734,23.087642669677734,113,3.3597433124965823,1.0,0.12972572366748236,0.0,0.0,0.0,-0.7507438063621521,CityLearnV3MADRLRewardFunction,masac_unified_comparable_v4,E1,-0.0,1907,13.99993899432886,1.0,0.13062073770904642,0.0,8759
6,0.0,0.0,0.0,0.0,Building_1,0,MASAC,0.7617499828338623,False,0.0,0.0,0.0,0.6272557377815247,44,0,0.0,0.0,-0.0,385440,-0.0,0.0,-0.6699482202529907,0.0,0.0,0.0,0.0,64,3.383270212956728,0.9829629063606262,0.27713228366337717,0.0,0.0,0.0,-0.6208164095878601,CityLearnV3MADRLRewardFunction,masac_unified_comparable_v4,E1,-0.0,1907,14.98077562054648,1.0,0.17425560261775833,0.0,7
8,0.0,0.0,0.0,0.0,Building_2,1,MASAC,0.7617499828338623,False,0.0,0.0,0.0,0.6272557377815247,44,0,0.0,0.0,-0.0,385440,-0.0,0.0,-0.5650092363357544,0.0,0.0,0.0,0.0,78,3.4265054201724254,0.9829629063606262,0.22474945737765387,0.0,0.0,0.0,-0.6208164095878601,CityLearnV3MADRLRewardFunction,masac_unified_comparable_v4,E1,-0.0,1907,14.98077562054648,1.0,0.17425560261775833,0.0,7
10,1.0,0.0,-0.1,-1.0,Building_3,2,MASAC,0.7617499828338623,False,0.0,0.0,0.0,0.6272557377815247,44,0,0.0,0.0,-0.0,385440,-0.0,0.0,-0.6369957327842712,0.0,0.0,0.0,0.0,92,4.040544296813161,1.0,0.25354477811766707,0.0,0.0,0.0,-0.6208164095878601,CityLearnV3MADRLRewardFunction,masac_unified_comparable_v4,E1,-0.0,1907,14.98077562054648,1.0,0.17425560261775833,0.0,7
8,0.0,0.0,0.0,0.0,Building_4,3,MASAC,0.7617499828338623,False,0.0,0.0,0.0,0.6272557377815247,44,0,0.0,0.0,-0.0,385440,-0.0,0.0,-0.6381696462631226,0.0,0.0,0.0,0.0,78,3.496380210052863,0.9956119656562805,0.2272490987028831,0.0,0.0,0.0,-0.6208164095878601,CityLearnV3MADRLRewardFunction,masac_unified_comparable_v4,E1,-0.0,1907,14.98077562054648,1.0,0.17425560261775833,0.0,7
5,0.0,0.0,0.0,0.0,Building_5,4,MASAC,0.7617499828338623,False,0.0,0.0,0.0,0.6272557377815247,44,0,0.0,0.0,-0.0,385440,-0.0,0.0,-0.6566034555435181,0.0,0.0,0.0,0.0,57,3.7294143928138053,1.0,0.36341140288532825,0.0,0.0,0.0,-0.6208164095878601,CityLearnV3MADRLRewardFunction,masac_unified_comparable_v4,E1,-0.0,1907,14.98077562054648,1.0,0.17425560261775833,0.0,7
34,1.0,1.0,0.029411764705882353,0.0,Building_6,5,MASAC,0.7617499828338623,False,0.0,0.0,0.0,0.6272557377815247,44,0,0.0,0.0,-0.0,385440,-0.0,0.0,-0.6695659160614014,0.0,0.0,0.0,0.0,260,3.436029734294371,0.9829629063606262,0.06793519797233435,0.0,0.0,0.0,-0.6208164095878601,CityLearnV3MADRLRewardFunction,masac_unified_comparable_v4,E1,-0.0,1907,14.98077562054648,1.0,0.17425560261775833,0.0,7
44,1.0,1.0,0.022727272727272728,0.0,Building_7,6,MASAC,0.7617499828338623,False,0.0,0.0,0.0,0.6272557377815247,44,0,0.0,0.0,-0.0,385440,-0.0,0.0,-0.5813203454017639,0.0,0.0,0.0,0.0,330,3.385468685600336,0.9829629063606262,0.052089252751885036,0.0,0.0,0.0,-0.6208164095878601,CityLearnV3MADRLRewardFunction,masac_unified_comparable_v4,E1,-0.0,1907,14.98077562054648,1.0,0.17425560261775833,0.0,7
19,0.0,0.0,0.0,0.0,Building_8,7,MASAC,0.7617499828338623,False,0.0,0.0,0.0,0.6272557377815247,44,0,0.0,0.0,-0.0,385440,-0.0,0.0,-0.5758973360061646,0.0,0.0,0.0,0.0,155,3.4528583214914055,0.9829629063606262,0.11515186207909738,0.0,0.0,0.0,-0.6208164095878601,CityLearnV3MADRLRewardFunction,masac_unified_comparable_v4,E1,-0.0,1907,14.98077562054648,1.0,0.17425560261775833,0.0,7
12,1.0,1.0,0.08333333333333333,0.0,Building_9,8,MASAC,0.7617499828338623,False,0.0,0.0,0.0,0.6272557377815247,44,0,0.0,0.0,-0.0,385440,-0.0,0.0,-0.5780714750289917,0.0,0.0,0.0,0.0,106,3.48137827511656,0.9829629063606262,0.1689848402550198,0.0,0.0,0.0,-0.6208164095878601,CityLearnV3MADRLRewardFunction,masac_unified_comparable_v4,E1,-0.0,1907,14.98077562054648,1.0,0.17425560261775833,0.0,7
8,0.0,0.0,0.0,0.0,Building_10,9,MASAC,0.7617499828338623,False,0.0,0.0,0.0,0.6272557377815247,44,0,0.0,0.0,-0.0,385440,-0.0,0.0,-0.6521341800689697,0.0,0.0,0.0,0.0,78,3.375670525690729,0.9829629063606262,0.22076924391783392,0.0,0.0,0.0,-0.6208164095878601,CityLearnV3MADRLRewardFunction,masac_unified_comparable_v4,E1,-0.0,1907,14.98077562054648,1.0,0.17425560261775833,0.0,7
5,0.0,0.0,0.0,0.0,Building_11,10,MASAC,0.7617499828338623,False,0.0,0.0,0.0,0.6272557377815247,44,0,0.0,0.0,-0.0,385440,-0.0,0.0,-0.6553388833999634,0.0,0.0,0.0,0.0,57,4.060402470315101,1.0,0.4168975199000877,0.0,0.0,0.0,-0.6208164095878601,CityLearnV3MADRLRewardFunction,masac_unified_comparable_v4,E1,-0.0,1907,14.98077562054648,1.0,0.17425560261775833,0.0,7
5,0.0,0.0,0.0,0.0,Building_12,11,MASAC,0.7617499828338623,False,0.0,0.0,0.0,0.6272557377815247,44,0,0.0,0.0,-0.0,385440,-0.0,0.0,-0.6528674960136414,0.0,0.0,0.0,0.0,57,4.284426302549777,1.0,0.46683954042300846,0.0,0.0,0.0,-0.6208164095878601,CityLearnV3MADRLRewardFunction,masac_unified_comparable_v4,E1,-0.0,1907,14.98077562054648,1.0,0.17425560261775833,0.0,7
13,0.0,0.0,0.0,0.0,Building_13,12,MASAC,0.7617499828338623,False,0.0,0.0,0.0,0.6272557377815247,44,0,0.0,0.0,-0.0,385440,-0.0,0.0,-0.5709832310676575,0.0,0.0,0.0,0.0,113,3.391224436066061,0.9829629063606262,0.15230468851802623,0.0,0.0,0.0,-0.6208164095878601,CityLearnV3MADRLRewardFunction,masac_unified_comparable_v4,E1,-0.0,1907,14.98077562054648,1.0,0.17425560261775833,0.0,7
6,0.0,0.0,0.0,0.0,Building_14,13,MASAC,0.7617499828338623,False,0.0,0.0,0.0,0.6272557377815247,44,0,0.0,0.0,-0.0,385440,-0.0,0.0,-0.5705603361129761,0.0,0.0,0.0,0.0,64,4.312722977502172,1.0,0.42108960764016956,0.0,0.0,0.0,-0.6208164095878601,CityLearnV3MADRLRewardFunction,masac_unified_comparable_v4,E1,-0.0,1907,14.98077562054648,1.0,0.17425560261775833,0.0,7
10,0.0,0.0,0.0,0.0,Building_15,14,MASAC,0.7617499828338623,False,0.0,0.0,0.0,0.6272557377815247,44,0,0.0,0.0,-0.0,385440,-0.0,0.0,-0.582321047782898,0.0,0.0,0.0,0.0,92,3.41073148491574,0.9829629063606262,0.19127998970772908,0.0,0.0,0.0,-0.6208164095878601,CityLearnV3MADRLRewardFunction,masac_unified_comparable_v4,E1,-0.0,1907,14.98077562054648,1.0,0.17425560261775833,0.0,7
13,0.0,0.0,0.0,0.0,Building_16,15,MASAC,0.7617499828338623,False,0.0,0.0,0.0,0.6272557377815247,44,0,0.0,0.0,-0.0,385440,-0.0,0.0,-0.6565991044044495,0.0,0.0,0.0,0.0,113,3.3509601422461532,0.9829629063606262,0.15016449539534812,0.0,0.0,0.0,-0.6208164095878601,CityLearnV3MADRLRewardFunction,masac_unified_comparable_v4,E1,-0.0,1907,14.98077562054648,1.0,0.17425560261775833,0.0,7
13,1.0,1.0,0.07692307692307693,0.0,Building_17,16,MASAC,0.7617499828338623,False,0.0,0.0,0.0,0.6272557377815247,44,0,0.0,0.0,-0.0,385440,-0.0,0.0,-0.6414929032325745,0.0,0.0,0.0,0.0,113,3.502387595675052,0.9829629063606262,0.1622960119780186,0.0,0.0,0.0,-0.6208164095878601,CityLearnV3MADRLRewardFunction,masac_unified_comparable_v4,E1,-0.0,1907,14.98077562054648,1.0,0.17425560261775833,0.0,7
6,0.0,0.0,0.0,0.0,Building_1,0,MASAC,0.7900000214576721,True,0.0,0.0,0.0,0.28695225715637207,44,8752,0.0,0.0,-0.0,394192,0.0,433.45458984375,-0.6452549695968628,172.66647338867188,342.42913818359375,433.45458984375,433.45458984375,64,3.1783990790166454,1.0,0.20819497446063906,0.0,0.0,0.0,-0.6118767857551575,CityLearnV3MADRLRewardFunction,masac_unified_comparable_v4,E1,-0.0,1907,13.757409489886115,1.0,0.12629606332737361,0.0,8759
8,0.0,0.0,0.0,0.0,Building_2,1,MASAC,0.7900000214576721,True,0.0,0.0,0.0,0.28695225715637207,44,8752,0.0,0.0,-0.0,394192,0.0,15.16435432434082,-0.5971099734306335,6.040714740753174,11.979840278625488,15.16435432434082,15.16435432434082,78,3.4383038700024398,1.0,0.18819564265700486,0.0,0.0,0.0,-0.6118767857551575,CityLearnV3MADRLRewardFunction,masac_unified_comparable_v4,E1,-0.0,1907,13.757409489886115,1.0,0.12629606332737361,0.0,8759
10,0.0,0.0,0.0,0.0,Building_3,2,MASAC,0.7900000214576721,True,0.0,0.0,0.0,0.28695225715637207,44,8752,0.0,0.0,-0.0,394192,0.0,94.53981018066406,-0.6334154009819031,37.65989685058594,74.68645477294922,94.53981018066406,94.53981018066406,92,3.1959209938284725,1.0,0.14368497993311155,0.0,0.0,0.0,-0.6118767857551575,CityLearnV3MADRLRewardFunction,masac_unified_comparable_v4,E1,-0.0,1907,13.757409489886115,1.0,0.12629606332737361,0.0,8759
8,0.0,0.0,0.0,0.0,Building_4,3,MASAC,0.7900000214576721,True,0.0,0.0,0.0,0.28695225715637207,44,8752,0.0,0.0,-0.0,394192,0.0,31.04317283630371,-0.6267995238304138,12.366035461425781,24.524106979370117,31.04317283630371,31.04317283630371,78,3.3300877114398655,1.0,0.17901407707578096,0.0,0.0,0.0,-0.6118767857551575,CityLearnV3MADRLRewardFunction,masac_unified_comparable_v4,E1,-0.0,1907,13.757409489886115,1.0,0.12629606332737361,0.0,8759
5,0.0,0.0,0.0,0.0,Building_5,4,MASAC,0.7900000214576721,True,0.0,0.0,0.0,0.28695225715637207,44,8752,0.0,0.0,-0.0,394192,0.0,38.538970947265625,-0.6697558760643005,15.351984024047852,30.44578742980957,38.538970947265625,38.538970947265625,57,3.5721362577050546,1.0,0.288264197869259,0.0,0.0,0.0,-0.6118767857551575,CityLearnV3MADRLRewardFunction,masac_unified_comparable_v4,E1,-0.0,1907,13.757409489886115,1.0,0.12629606332737361,0.0,8759
34,1.0,1.0,0.029411764705882353,0.0,Building_6,5,MASAC,0.7900000214576721,True,0.0,0.0,0.0,0.28695225715637207,44,8752,0.0,0.0,-0.0,394192,0.0,362.8901062011719,-0.649027407169342,144.55712890625,286.6831970214844,362.8901062011719,362.8901062011719,260,3.1870037943218907,1.0,0.05117337884238133,0.0,0.0,0.0,-0.6118767857551575,CityLearnV3MADRLRewardFunction,masac_unified_comparable_v4,E1,-0.0,1907,13.757409489886115,1.0,0.12629606332737361,0.0,8759
44,1.0,1.0,0.022727272727272728,0.0,Building_7,6,MASAC,0.7900000214576721,True,0.0,0.0,0.0,0.28695225715637207,44,8752,0.0,0.0,-0.0,394192,0.0,12.664111137390137,-0.5874823331832886,5.044743537902832,10.004648208618164,12.664111137390137,12.664111137390137,330,3.277792606506913,1.0,0.04175241806290366,0.0,0.0,0.0,-0.6118767857551575,CityLearnV3MADRLRewardFunction,masac_unified_comparable_v4,E1,-0.0,1907,13.757409489886115,1.0,0.12629606332737361,0.0,8759
19,0.0,0.0,0.0,0.0,Building_8,7,MASAC,0.7900000214576721,True,0.0,0.0,0.0,0.28695225715637207,44,8752,0.0,0.0,-0.0,394192,0.0,12.065996170043945,-0.587299108505249,4.806484699249268,9.532136917114258,12.065996170043945,12.065996170043945,155,3.444070084462658,1.0,0.09541381285075218,0.0,0.0,0.0,-0.6118767857551575,CityLearnV3MADRLRewardFunction,masac_unified_comparable_v4,E1,-0.0,1907,13.757409489886115,1.0,0.12629606332737361,0.0,8759
12,0.0,0.0,0.0,0.0,Building_9,8,MASAC,0.7900000214576721,True,0.0,0.0,0.0,0.28695225715637207,44,8752,0.0,0.0,-0.0,394192,0.0,2.290161371231079,-0.5308459401130676,0.9122849106788635,1.8092275857925415,2.290161371231079,2.290161371231079,106,3.5165356679833266,1.0,0.14819376571279652,0.0,0.0,0.0,-0.6118767857551575,CityLearnV3MADRLRewardFunction,masac_unified_comparable_v4,E1,-0.0,1907,13.757409489886115,1.0,0.12629606332737361,0.0,8759
8,0.0,0.0,0.0,0.0,Building_10,9,MASAC,0.7900000214576721,True,0.0,0.0,0.0,0.28695225715637207,44,8752,0.0,0.0,-0.0,394192,0.0,51.649574279785156,-0.638920783996582,20.574588775634766,40.803165435791016,51.649574279785156,51.649574279785156,78,3.3777082815240584,1.0,0.1835336844699505,0.0,0.0,0.0,-0.6118767857551575,CityLearnV3MADRLRewardFunction,masac_unified_comparable_v4,E1,-0.0,1907,13.757409489886115,1.0,0.12629606332737361,0.0,8759
5,0.0,0.0,0.0,0.0,Building_11,10,MASAC,0.7900000214576721,True,0.0,0.0,0.0,0.28695225715637207,44,8752,0.0,0.0,-0.0,394192,0.0,71.54803466796875,-0.6320721507072449,28.501131057739258,56.52294921875,71.54803466796875,71.54803466796875,57,3.244150653238733,1.0,0.23588033066245548,0.0,0.0,0.0,-0.6118767857551575,CityLearnV3MADRLRewardFunction,masac_unified_comparable_v4,E1,-0.0,1907,13.757409489886115,1.0,0.12629606332737361,0.0,8759
5,0.0,0.0,0.0,0.0,Building_12,11,MASAC,0.7900000214576721,True,0.0,0.0,0.0,0.28695225715637207,44,8752,0.0,0.0,-0.0,394192,0.0,215.11593627929688,-0.6493725180625916,85.69135284423828,169.94158935546875,215.11593627929688,215.11593627929688,57,3.3560164936735815,1.0,0.2509071271409068,0.0,0.0,0.0,-0.6118767857551575,CityLearnV3MADRLRewardFunction,masac_unified_comparable_v4,E1,-0.0,1907,13.757409489886115,1.0,0.12629606332737361,0.0,8759
13,0.0,0.0,0.0,0.0,Building_13,12,MASAC,0.7900000214576721,True,0.0,0.0,0.0,0.28695225715637207,44,8752,0.0,0.0,-0.0,394192,0.0,2.033022403717041,-0.5475395917892456,0.8098536729812622,1.6060876846313477,2.033022403717041,2.033022403717041,113,3.3822281682196293,1.0,0.12555964535052797,0.0,0.0,0.0,-0.6118767857551575,CityLearnV3MADRLRewardFunction,masac_unified_comparable_v4,E1,-0.0,1907,13.757409489886115,1.0,0.12629606332737361,0.0,8759
6,0.0,0.0,0.0,0.0,Building_14,13,MASAC,0.7900000214576721,True,0.0,0.0,0.0,0.28695225715637207,44,8752,0.0,0.0,-0.0,394192,0.0,2.6149511337280273,-0.5495955348014832,1.041664719581604,2.0658113956451416,2.6149511337280273,2.6149511337280273,64,3.2376499438136954,1.0,0.20893981552217156,0.0,0.0,0.0,-0.6118767857551575,CityLearnV3MADRLRewardFunction,masac_unified_comparable_v4,E1,-0.0,1907,13.757409489886115,1.0,0.12629606332737361,0.0,8759
10,0.0,0.0,0.0,0.0,Building_15,14,MASAC,0.7900000214576721,True,0.0,0.0,0.0,0.28695225715637207,44,8752,0.0,0.0,-0.0,394192,0.0,19.521480560302734,-0.6053032875061035,7.776374340057373,15.42197036743164,19.521480560302734,19.521480560302734,92,3.3426679466881586,1.0,0.15512718964854014,0.0,0.0,0.0,-0.6118767857551575,CityLearnV3MADRLRewardFunction,masac_unified_comparable_v4,E1,-0.0,1907,13.757409489886115,1.0,0.12629606332737361,0.0,8759
13,0.0,0.0,0.0,0.0,Building_16,15,MASAC,0.7900000214576721,True,0.0,0.0,0.0,0.28695225715637207,44,8752,0.0,0.0,-0.0,394192,0.0,54.89390563964844,-0.6399398446083069,21.866966247558594,43.366188049316406,54.89390563964844,54.89390563964844,113,3.3590200252021742,1.0,0.12483055652242846,0.0,0.0,0.0,-0.6118767857551575,CityLearnV3MADRLRewardFunction,masac_unified_comparable_v4,E1,-0.0,1907,13.757409489886115,1.0,0.12629606332737361,0.0,8759
13,0.0,0.0,0.0,0.0,Building_17,16,MASAC,0.7900000214576721,True,0.0,0.0,0.0,0.28695225715637207,44,8752,0.0,0.0,-0.0,394192,0.0,22.46647071838379,-0.612171471118927,8.949509620666504,17.748512268066406,22.46647071838379,22.46647071838379,113,3.2519974131408764,1.0,0.12078024137072858,0.0,0.0,0.0,-0.6118767857551575,CityLearnV3MADRLRewardFunction,masac_unified_comparable_v4,E1,-0.0,1907,13.757409489886115,1.0,0.12629606332737361,0.0,8759
6,0.0,0.0,0.0,0.0,Building_1,0,MASAC,0.7615389823913574,False,0.0,0.0,0.0,0.5509660840034485,45,0,0.0,0.0,-0.0,394200,-0.0,0.0,-0.844879150390625,0.0,0.0,0.0,0.0,64,3.168566170040123,1.0,0.2379675623960793,0.0,0.0,0.0,-0.8147048950195312,CityLearnV3MADRLRewardFunction,masac_unified_comparable_v4,E1,-0.0,1907,14.247842739866313,1.0,0.15621745144957153,0.0,8
8,0.0,0.0,0.0,0.0,Building_2,1,MASAC,0.7615389823913574,False,0.0,0.0,0.0,0.5509660840034485,45,0,0.0,0.0,-0.0,394200,-0.0,0.0,-0.7750752568244934,0.0,0.0,0.0,0.0,78,3.185415584577237,1.0,0.19138142851014167,0.0,0.0,0.0,-0.8147048950195312,CityLearnV3MADRLRewardFunction,masac_unified_comparable_v4,E1,-0.0,1907,14.247842739866313,1.0,0.15621745144957153,0.0,8
10,0.0,0.0,0.0,0.0,Building_3,2,MASAC,0.7615389823913574,False,0.0,0.0,0.0,0.5509660840034485,45,0,0.0,0.0,-0.0,394200,-0.0,0.0,-0.8712812662124634,0.0,0.0,0.0,0.0,92,4.26887716184256,1.0,0.28051105605276383,0.0,0.0,0.0,-0.8147048950195312,CityLearnV3MADRLRewardFunction,masac_unified_comparable_v4,E1,-0.0,1907,14.247842739866313,1.0,0.15621745144957153,0.0,8
8,0.0,0.0,0.0,0.0,Building_4,3,MASAC,0.7615389823913574,False,0.0,0.0,0.0,0.5509660840034485,45,0,0.0,0.0,-0.0,394200,-0.0,0.0,-0.8244183659553528,0.0,0.0,0.0,0.0,78,3.162378289779756,1.0,0.1920653952476688,0.0,0.0,0.0,-0.8147048950195312,CityLearnV3MADRLRewardFunction,masac_unified_comparable_v4,E1,-0.0,1907,14.247842739866313,1.0,0.15621745144957153,0.0,8
5,0.0,0.0,0.0,0.0,Building_5,4,MASAC,0.7615389823913574,False,0.0,0.0,0.0,0.5509660840034485,45,0,0.0,0.0,-0.0,394200,-0.0,0.0,-0.8279666900634766,0.0,0.0,0.0,0.0,57,3.53308373363948,1.0,0.3226272726856303,0.0,0.0,0.0,-0.8147048950195312,CityLearnV3MADRLRewardFunction,masac_unified_comparable_v4,E1,-0.0,1907,14.247842739866313,1.0,0.15621745144957153,0.0,8
34,1.0,1.0,0.029411764705882353,0.0,Building_6,5,MASAC,0.7615389823913574,False,0.0,0.0,0.0,0.5509660840034485,45,0,0.0,0.0,-0.0,394200,-0.0,0.0,-0.8445777893066406,0.0,0.0,0.0,0.0,260,3.1574392189147704,1.0,0.05822110887473592,0.0,0.0,0.0,-0.8147048950195312,CityLearnV3MADRLRewardFunction,masac_unified_comparable_v4,E1,-0.0,1907,14.247842739866313,1.0,0.15621745144957153,0.0,8
44,1.0,0.0,-0.022727272727272728,-1.0,Building_7,6,MASAC,0.7615389823913574,False,0.0,0.0,0.0,0.5509660840034485,45,0,0.0,0.0,-0.0,394200,-0.0,0.0,-0.8248410224914551,0.0,0.0,0.0,0.0,330,3.175935515968322,1.0,0.04593886846507138,0.0,0.0,0.0,-0.8147048950195312,CityLearnV3MADRLRewardFunction,masac_unified_comparable_v4,E1,-0.0,1907,14.247842739866313,1.0,0.15621745144957153,0.0,8
19,0.0,0.0,0.0,0.0,Building_8,7,MASAC,0.7615389823913574,False,0.0,0.0,0.0,0.5509660840034485,45,0,0.0,0.0,-0.0,394200,-0.0,0.0,-0.7997269034385681,0.0,0.0,0.0,0.0,155,3.181164401084458,1.0,0.09665708437321648,0.0,0.0,0.0,-0.8147048950195312,CityLearnV3MADRLRewardFunction,masac_unified_comparable_v4,E1,-0.0,1907,14.247842739866313,1.0,0.15621745144957153,0.0,8
12,0.0,0.0,0.0,0.0,Building_9,8,MASAC,0.7615389823913574,False,0.0,0.0,0.0,0.5509660840034485,45,0,0.0,0.0,-0.0,394200,-0.0,0.0,-0.7600768804550171,0.0,0.0,0.0,0.0,106,3.3243923145959404,1.0,0.15235694337917385,0.0,0.0,0.0,-0.8147048950195312,CityLearnV3MADRLRewardFunction,masac_unified_comparable_v4,E1,-0.0,1907,14.247842739866313,1.0,0.15621745144957153,0.0,8
8,0.0,0.0,0.0,0.0,Building_10,9,MASAC,0.7615389823913574,False,0.0,0.0,0.0,0.5509660840034485,45,0,0.0,0.0,-0.0,394200,-0.0,0.0,-0.8315029740333557,0.0,0.0,0.0,0.0,78,3.1861016403608002,1.0,0.19520190148017344,0.0,0.0,0.0,-0.8147048950195312,CityLearnV3MADRLRewardFunction,masac_unified_comparable_v4,E1,-0.0,1907,14.247842739866313,1.0,0.15621745144957153,0.0,8
5,0.0,0.0,0.0,0.0,Building_11,10,MASAC,0.7615389823913574,False,0.0,0.0,0.0,0.5509660840034485,45,0,0.0,0.0,-0.0,394200,-0.0,0.0,-0.8234534859657288,0.0,0.0,0.0,0.0,57,3.898211435115772,1.0,0.3838970802659005,0.0,0.0,0.0,-0.8147048950195312,CityLearnV3MADRLRewardFunction,masac_unified_comparable_v4,E1,-0.0,1907,14.247842739866313,1.0,0.15621745144957153,0.0,8
5,1.0,1.0,0.2,0.0,Building_12,11,MASAC,0.7615389823913574,False,0.0,0.0,0.0,0.5509660840034485,45,0,0.0,0.0,-0.0,394200,-0.0,0.0,-0.8392805457115173,0.0,0.0,0.0,0.0,57,4.126298799149219,1.0,0.42699413488439303,0.0,0.0,0.0,-0.8147048950195312,CityLearnV3MADRLRewardFunction,masac_unified_comparable_v4,E1,-0.0,1907,14.247842739866313,1.0,0.15621745144957153,0.0,8
13,0.0,0.0,0.0,0.0,Building_13,12,MASAC,0.7615389823913574,False,0.0,0.0,0.0,0.5509660840034485,45,0,0.0,0.0,-0.0,394200,-0.0,0.0,-0.7758750319480896,0.0,0.0,0.0,0.0,113,3.1715729818852596,1.0,0.13156942932545085,0.0,0.0,0.0,-0.8147048950195312,CityLearnV3MADRLRewardFunction,masac_unified_comparable_v4,E1,-0.0,1907,14.247842739866313,1.0,0.15621745144957153,0.0,8
6,0.0,0.0,0.0,0.0,Building_14,13,MASAC,0.7615389823913574,False,0.0,0.0,0.0,0.5509660840034485,45,0,0.0,0.0,-0.0,394200,-0.0,0.0,-0.7354214191436768,0.0,0.0,0.0,0.0,64,4.147783528433861,1.0,0.3822680162556935,0.0,0.0,0.0,-0.8147048950195312,CityLearnV3MADRLRewardFunction,masac_unified_comparable_v4,E1,-0.0,1907,14.247842739866313,1.0,0.15621745144957153,0.0,8
10,0.0,0.0,0.0,0.0,Building_15,14,MASAC,0.7615389823913574,False,0.0,0.0,0.0,0.5509660840034485,45,0,0.0,0.0,-0.0,394200,-0.0,0.0,-0.8200225234031677,0.0,0.0,0.0,0.0,92,3.2369170306434802,1.0,0.16853066304010217,0.0,0.0,0.0,-0.8147048950195312,CityLearnV3MADRLRewardFunction,masac_unified_comparable_v4,E1,-0.0,1907,14.247842739866313,1.0,0.15621745144957153,0.0,8
13,0.0,0.0,0.0,0.0,Building_16,15,MASAC,0.7615389823913574,False,0.0,0.0,0.0,0.5509660840034485,45,0,0.0,0.0,-0.0,394200,-0.0,0.0,-0.8312614560127258,0.0,0.0,0.0,0.0,113,3.1532109250511824,1.0,0.13086957611407327,0.0,0.0,0.0,-0.8147048950195312,CityLearnV3MADRLRewardFunction,masac_unified_comparable_v4,E1,-0.0,1907,14.247842739866313,1.0,0.15621745144957153,0.0,8
13,0.0,0.0,0.0,0.0,Building_17,16,MASAC,0.7615389823913574,False,0.0,0.0,0.0,0.5509660840034485,45,0,0.0,0.0,-0.0,394200,-0.0,0.0,-0.8203222751617432,0.0,0.0,0.0,0.0,113,3.2898840609585043,1.0,0.14221242263056008,0.0,0.0,0.0,-0.8147048950195312,CityLearnV3MADRLRewardFunction,masac_unified_comparable_v4,E1,-0.0,1907,14.247842739866313,1.0,0.15621745144957153,0.0,8
6,0.0,0.0,0.0,0.0,Building_1,0,MASAC,0.7900000214576721,True,0.0,0.0,0.0,0.5087285041809082,45,8751,0.0,0.0,-0.0,402951,0.0,446.8856201171875,-0.8389577865600586,295.8052062988281,353.0396423339844,446.8856201171875,446.8856201171875,64,3.40515919159412,1.0,0.24130682041868567,0.0,0.0,0.0,-0.8022723197937012,CityLearnV3MADRLRewardFunction,masac_unified_comparable_v4,E1,-0.0,1907,14.525875433086368,1.0,0.14288093742348476,0.0,8759
8,0.0,0.0,0.0,0.0,Building_2,1,MASAC,0.7900000214576721,True,0.0,0.0,0.0,0.5087285041809082,45,8751,0.0,0.0,-0.0,402951,0.0,5.618855953216553,-0.7537170052528381,3.719266653060913,4.438896179199219,5.618855953216553,5.618855953216553,78,3.5701833462053525,1.0,0.20554834757095727,0.0,0.0,0.0,-0.8022723197937012,CityLearnV3MADRLRewardFunction,masac_unified_comparable_v4,E1,-0.0,1907,14.525875433086368,1.0,0.14288093742348476,0.0,8759
10,0.0,0.0,0.0,0.0,Building_3,2,MASAC,0.7900000214576721,True,0.0,0.0,0.0,0.5087285041809082,45,8751,0.0,0.0,-0.0,402951,0.0,98.17061614990234,-0.8340957760810852,64.98168182373047,77.5547866821289,98.17061614990234,98.17061614990234,92,3.4892652008930063,1.0,0.17080442218676858,0.0,0.0,0.0,-0.8022723197937012,CityLearnV3MADRLRewardFunction,masac_unified_comparable_v4,E1,-0.0,1907,14.525875433086368,1.0,0.14288093742348476,0.0,8759
8,1.0,1.0,0.125,0.0,Building_4,3,MASAC,0.7900000214576721,True,0.0,0.0,0.0,0.5087285041809082,45,8751,0.0,0.0,-0.0,402951,0.0,28.84416961669922,-0.8151548504829407,19.09270477294922,22.786893844604492,28.84416961669922,28.84416961669922,78,3.512256738178613,1.0,0.2024125758654032,0.0,0.0,0.0,-0.8022723197937012,CityLearnV3MADRLRewardFunction,masac_unified_comparable_v4,E1,-0.0,1907,14.525875433086368,1.0,0.14288093742348476,0.0,8759
5,0.0,0.0,0.0,0.0,Building_5,4,MASAC,0.7900000214576721,True,0.0,0.0,0.0,0.5087285041809082,45,8751,0.0,0.0,-0.0,402951,0.0,37.89287567138672,-0.8527872562408447,25.082279205322266,29.935373306274414,37.89287567138672,37.89287567138672,57,3.62821767623284,1.0,0.30769799937281694,0.0,0.0,0.0,-0.8022723197937012,CityLearnV3MADRLRewardFunction,masac_unified_comparable_v4,E1,-0.0,1907,14.525875433086368,1.0,0.14288093742348476,0.0,8759
34,1.0,1.0,0.029411764705882353,0.0,Building_6,5,MASAC,0.7900000214576721,True,0.0,0.0,0.0,0.5087285041809082,45,8751,0.0,0.0,-0.0,402951,0.0,350.8894348144531,-0.839317262172699,232.26283264160156,277.2026672363281,350.8894348144531,350.8894348144531,260,3.4884040785138204,1.0,0.06035132625928292,0.0,0.0,0.0,-0.8022723197937012,CityLearnV3MADRLRewardFunction,masac_unified_comparable_v4,E1,-0.0,1907,14.525875433086368,1.0,0.14288093742348476,0.0,8759
44,1.0,0.0,-0.022727272727272728,-1.0,Building_7,6,MASAC,0.7900000214576721,True,0.0,0.0,0.0,0.5087285041809082,45,8751,0.0,0.0,-0.0,402951,0.0,18.66022491455078,-0.7954768538475037,12.35168743133545,14.741578102111816,18.66022491455078,18.66022491455078,330,3.4885605133058535,1.0,0.04781821478496898,0.0,0.0,0.0,-0.8022723197937012,CityLearnV3MADRLRewardFunction,masac_unified_comparable_v4,E1,-0.0,1907,14.525875433086368,1.0,0.14288093742348476,0.0,8759
19,0.0,0.0,0.0,0.0,Building_8,7,MASAC,0.7900000214576721,True,0.0,0.0,0.0,0.5087285041809082,45,8751,0.0,0.0,-0.0,402951,0.0,19.251495361328125,-0.7976056933403015,12.743064880371094,15.2086820602417,19.251495361328125,19.251495361328125,155,3.6519073516324045,1.0,0.1082173107131835,0.0,0.0,0.0,-0.8022723197937012,CityLearnV3MADRLRewardFunction,masac_unified_comparable_v4,E1,-0.0,1907,14.525875433086368,1.0,0.14288093742348476,0.0,8759
12,0.0,0.0,0.0,0.0,Building_9,8,MASAC,0.7900000214576721,True,0.0,0.0,0.0,0.5087285041809082,45,8751,0.0,0.0,-0.0,402951,0.0,2.4506425857543945,-0.7218406796455383,1.6221439838409424,1.9360077381134033,2.4506425857543945,2.4506425857543945,106,3.713908134033071,1.0,0.1683360109070562,0.0,0.0,0.0,-0.8022723197937012,CityLearnV3MADRLRewardFunction,masac_unified_comparable_v4,E1,-0.0,1907,14.525875433086368,1.0,0.14288093742348476,0.0,8759
8,0.0,0.0,0.0,0.0,Building_10,9,MASAC,0.7900000214576721,True,0.0,0.0,0.0,0.5087285041809082,45,8751,0.0,0.0,-0.0,402951,0.0,34.33414077758789,-0.816399335861206,22.726659774780273,27.123971939086914,34.33414077758789,34.33414077758789,78,3.4616780009934613,1.0,0.1997048737337956,0.0,0.0,0.0,-0.8022723197937012,CityLearnV3MADRLRewardFunction,masac_unified_comparable_v4,E1,-0.0,1907,14.525875433086368,1.0,0.14288093742348476,0.0,8759
5,0.0,0.0,0.0,0.0,Building_11,10,MASAC,0.7900000214576721,True,0.0,0.0,0.0,0.5087285041809082,45,8751,0.0,0.0,-0.0,402951,0.0,57.917564392089844,-0.820906400680542,38.33713912963867,45.754878997802734,57.917564392089844,57.917564392089844,57,3.448825727258507,1.0,0.2685633006325939,0.0,0.0,0.0,-0.8022723197937012,CityLearnV3MADRLRewardFunction,masac_unified_comparable_v4,E1,-0.0,1907,14.525875433086368,1.0,0.14288093742348476,0.0,8759
5,0.0,0.0,0.0,0.0,Building_12,11,MASAC,0.7900000214576721,True,0.0,0.0,0.0,0.5087285041809082,45,8751,0.0,0.0,-0.0,402951,0.0,182.6020965576172,-0.8386144042015076,120.86907196044922,144.2556610107422,182.6020965576172,182.6020965576172,57,3.51146868885074,1.0,0.2772338123697984,0.0,0.0,0.0,-0.8022723197937012,CityLearnV3MADRLRewardFunction,masac_unified_comparable_v4,E1,-0.0,1907,14.525875433086368,1.0,0.14288093742348476,0.0,8759
13,0.0,0.0,0.0,0.0,Building_13,12,MASAC,0.7900000214576721,True,0.0,0.0,0.0,0.5087285041809082,45,8751,0.0,0.0,-0.0,402951,0.0,2.789367437362671,-0.740722119808197,1.8463547229766846,2.2036004066467285,2.789367437362671,2.789367437362671,113,3.4654777041394422,1.0,0.13606022535699658,0.0,0.0,0.0,-0.8022723197937012,CityLearnV3MADRLRewardFunction,masac_unified_comparable_v4,E1,-0.0,1907,14.525875433086368,1.0,0.14288093742348476,0.0,8759
6,0.0,0.0,0.0,0.0,Building_14,13,MASAC,0.7900000214576721,True,0.0,0.0,0.0,0.5087285041809082,45,8751,0.0,0.0,-0.0,402951,0.0,2.485826015472412,-0.7394779920578003,1.6454328298568726,1.9638025760650635,2.485826015472412,2.485826015472412,64,3.4520963918803877,1.0,0.24071905482560396,0.0,0.0,0.0,-0.8022723197937012,CityLearnV3MADRLRewardFunction,masac_unified_comparable_v4,E1,-0.0,1907,14.525875433086368,1.0,0.14288093742348476,0.0,8759
10,0.0,0.0,0.0,0.0,Building_15,14,MASAC,0.7900000214576721,True,0.0,0.0,0.0,0.5087285041809082,45,8751,0.0,0.0,-0.0,402951,0.0,20.5941162109375,-0.7998983860015869,13.631780624389648,16.269351959228516,20.5941162109375,20.5941162109375,92,3.5616017748096502,1.0,0.17728238261264304,0.0,0.0,0.0,-0.8022723197937012,CityLearnV3MADRLRewardFunction,masac_unified_comparable_v4,E1,-0.0,1907,14.525875433086368,1.0,0.14288093742348476,0.0,8759
13,0.0,0.0,0.0,0.0,Building_16,15,MASAC,0.7900000214576721,True,0.0,0.0,0.0,0.5087285041809082,45,8751,0.0,0.0,-0.0,402951,0.0,103.13050842285156,-0.8300352096557617,68.26476287841797,81.47310638427734,103.13050842285156,103.13050842285156,113,3.4678089403756793,1.0,0.14009026246788228,0.0,0.0,0.0,-0.8022723197937012,CityLearnV3MADRLRewardFunction,masac_unified_comparable_v4,E1,-0.0,1907,14.525875433086368,1.0,0.14288093742348476,0.0,8759
13,0.0,0.0,0.0,0.0,Building_17,16,MASAC,0.7900000214576721,True,0.0,0.0,0.0,0.5087285041809082,45,8751,0.0,0.0,-0.0,402951,0.0,21.1981143951416,-0.8036220073699951,14.031582832336426,16.746511459350586,21.1981143951416,21.1981143951416,113,3.559643353972126,1.0,0.1438892997999107,0.0,0.0,0.0,-0.8022723197937012,CityLearnV3MADRLRewardFunction,masac_unified_comparable_v4,E1,-0.0,1907,14.525875433086368,1.0,0.14288093742348476,0.0,8759
6,0.0,0.0,0.0,0.0,Building_1,0,MASAC,0.754755973815918,False,0.0,0.0,0.0,0.7112753391265869,46,0,0.0,0.0,-0.0,402960,-0.0,0.0,-0.7383109927177429,0.0,0.0,0.0,0.0,64,3.0493683815731556,1.0,0.24059754276822787,0.0,0.0,0.0,-0.6819332838058472,CityLearnV3MADRLRewardFunction,masac_unified_comparable_v4,E1,-0.0,1907,14.180410188099149,1.0,0.16320480806894666,0.0,9
8,0.0,0.0,0.0,0.0,Building_2,1,MASAC,0.754755973815918,False,0.0,0.0,0.0,0.7112753391265869,46,0,0.0,0.0,-0.0,402960,-0.0,0.0,-0.6280630826950073,0.0,0.0,0.0,0.0,78,3.1446413572079344,1.0,0.19772777318333587,0.0,0.0,0.0,-0.6819332838058472,CityLearnV3MADRLRewardFunction,masac_unified_comparable_v4,E1,-0.0,1907,14.180410188099149,1.0,0.16320480806894666,0.0,9
10,1.0,1.0,0.1,0.0,Building_3,2,MASAC,0.754755973815918,False,0.0,0.0,0.0,0.7112753391265869,46,0,0.0,0.0,-0.0,402960,-0.0,0.0,-0.7293318510055542,0.0,0.0,0.0,0.0,92,4.4598458650435315,1.0,0.3119705869593536,0.0,0.0,0.0,-0.6819332838058472,CityLearnV3MADRLRewardFunction,masac_unified_comparable_v4,E1,-0.0,1907,14.180410188099149,1.0,0.16320480806894666,0.0,9
8,0.0,0.0,0.0,0.0,Building_4,3,MASAC,0.754755973815918,False,0.0,0.0,0.0,0.7112753391265869,46,0,0.0,0.0,-0.0,402960,-0.0,0.0,-0.7247393727302551,0.0,0.0,0.0,0.0,78,3.1305855983802453,1.0,0.20671596276597717,0.0,0.0,0.0,-0.6819332838058472,CityLearnV3MADRLRewardFunction,masac_unified_comparable_v4,E1,-0.0,1907,14.180410188099149,1.0,0.16320480806894666,0.0,9
5,0.0,0.0,0.0,0.0,Building_5,4,MASAC,0.754755973815918,False,0.0,0.0,0.0,0.7112753391265869,46,0,0.0,0.0,-0.0,402960,-0.0,0.0,-0.7246372103691101,0.0,0.0,0.0,0.0,57,3.422782281330381,1.0,0.3255459823596634,0.0,0.0,0.0,-0.6819332838058472,CityLearnV3MADRLRewardFunction,masac_unified_comparable_v4,E1,-0.0,1907,14.180410188099149,1.0,0.16320480806894666,0.0,9
34,0.0,0.0,0.0,0.0,Building_6,5,MASAC,0.754755973815918,False,0.0,0.0,0.0,0.7112753391265869,46,0,0.0,0.0,-0.0,402960,-0.0,0.0,-0.738085150718689,0.0,0.0,0.0,0.0,260,3.9607891245988456,1.0,0.08974029190766697,0.0,0.0,0.0,-0.6819332838058472,CityLearnV3MADRLRewardFunction,masac_unified_comparable_v4,E1,-0.0,1907,14.180410188099149,1.0,0.16320480806894666,0.0,9
44,0.0,0.0,0.0,0.0,Building_7,6,MASAC,0.754755973815918,False,0.0,0.0,0.0,0.7112753391265869,46,0,0.0,0.0,-0.0,402960,-0.0,0.0,-0.6305038928985596,0.0,0.0,0.0,0.0,330,3.122593202658422,1.0,0.04651990093460137,0.0,0.0,0.0,-0.6819332838058472,CityLearnV3MADRLRewardFunction,masac_unified_comparable_v4,E1,-0.0,1907,14.180410188099149,1.0,0.16320480806894666,0.0,9
19,0.0,0.0,0.0,0.0,Building_8,7,MASAC,0.754755973815918,False,0.0,0.0,0.0,0.7112753391265869,46,0,0.0,0.0,-0.0,402960,-0.0,0.0,-0.62928307056427,0.0,0.0,0.0,0.0,155,3.116176688038064,1.0,0.09815154697505697,0.0,0.0,0.0,-0.6819332838058472,CityLearnV3MADRLRewardFunction,masac_unified_comparable_v4,E1,-0.0,1907,14.180410188099149,1.0,0.16320480806894666,0.0,9
12,1.0,1.0,0.08333333333333333,0.0,Building_9,8,MASAC,0.754755973815918,False,0.0,0.0,0.0,0.7112753391265869,46,0,0.0,0.0,-0.0,402960,-0.0,0.0,-0.6454457640647888,0.0,0.0,0.0,0.0,106,3.1865560731380302,1.0,0.15026528025397434,0.0,0.0,0.0,-0.6819332838058472,CityLearnV3MADRLRewardFunction,masac_unified_comparable_v4,E1,-0.0,1907,14.180410188099149,1.0,0.16320480806894666,0.0,9
8,0.0,0.0,0.0,0.0,Building_10,9,MASAC,0.754755973815918,False,0.0,0.0,0.0,0.7112753391265869,46,0,0.0,0.0,-0.0,402960,-0.0,0.0,-0.6869722008705139,0.0,0.0,0.0,0.0,78,3.093660555670144,1.0,0.1958349525140455,0.0,0.0,0.0,-0.6819332838058472,CityLearnV3MADRLRewardFunction,masac_unified_comparable_v4,E1,-0.0,1907,14.180410188099149,1.0,0.16320480806894666,0.0,9
5,0.0,0.0,0.0,0.0,Building_11,10,MASAC,0.754755973815918,False,0.0,0.0,0.0,0.7112753391265869,46,0,0.0,0.0,-0.0,402960,-0.0,0.0,-0.7142373919487,0.0,0.0,0.0,0.0,57,3.7273238612383506,1.0,0.3710213415161298,0.0,0.0,0.0,-0.6819332838058472,CityLearnV3MADRLRewardFunction,masac_unified_comparable_v4,E1,-0.0,1907,14.180410188099149,1.0,0.16320480806894666,0.0,9
5,0.0,0.0,0.0,0.0,Building_12,11,MASAC,0.754755973815918,False,0.0,0.0,0.0,0.7112753391265869,46,0,0.0,0.0,-0.0,402960,-0.0,0.0,-0.7143692970275879,0.0,0.0,0.0,0.0,57,4.004649749384153,1.0,0.42512968174394283,0.0,0.0,0.0,-0.6819332838058472,CityLearnV3MADRLRewardFunction,masac_unified_comparable_v4,E1,-0.0,1907,14.180410188099149,1.0,0.16320480806894666,0.0,9
13,0.0,0.0,0.0,0.0,Building_13,12,MASAC,0.754755973815918,False,0.0,0.0,0.0,0.7112753391265869,46,0,0.0,0.0,-0.0,402960,-0.0,0.0,-0.6292622089385986,0.0,0.0,0.0,0.0,113,3.1295792974029033,1.0,0.13609082386128407,0.0,0.0,0.0,-0.6819332838058472,CityLearnV3MADRLRewardFunction,masac_unified_comparable_v4,E1,-0.0,1907,14.180410188099149,1.0,0.16320480806894666,0.0,9
6,0.0,0.0,0.0,0.0,Building_14,13,MASAC,0.754755973815918,False,0.0,0.0,0.0,0.7112753391265869,46,0,0.0,0.0,-0.0,402960,-0.0,0.0,-0.6058006286621094,0.0,0.0,0.0,0.0,64,4.075110235703084,1.0,0.38514563399075996,0.0,0.0,0.0,-0.6819332838058472,CityLearnV3MADRLRewardFunction,masac_unified_comparable_v4,E1,-0.0,1907,14.180410188099149,1.0,0.16320480806894666,0.0,9
10,0.0,0.0,0.0,0.0,Building_15,14,MASAC,0.754755973815918,False,0.0,0.0,0.0,0.7112753391265869,46,0,0.0,0.0,-0.0,402960,-0.0,0.0,-0.635752260684967,0.0,0.0,0.0,0.0,92,3.1466701714231347,1.0,0.16833761483228402,0.0,0.0,0.0,-0.6819332838058472,CityLearnV3MADRLRewardFunction,masac_unified_comparable_v4,E1,-0.0,1907,14.180410188099149,1.0,0.16320480806894666,0.0,9
13,0.0,0.0,0.0,0.0,Building_16,15,MASAC,0.754755973815918,False,0.0,0.0,0.0,0.7112753391265869,46,0,0.0,0.0,-0.0,402960,-0.0,0.0,-0.7091975212097168,0.0,0.0,0.0,0.0,113,3.0713645223516743,1.0,0.13411171492848512,0.0,0.0,0.0,-0.6819332838058472,CityLearnV3MADRLRewardFunction,masac_unified_comparable_v4,E1,-0.0,1907,14.180410188099149,1.0,0.16320480806894666,0.0,9
13,0.0,0.0,0.0,0.0,Building_17,16,MASAC,0.754755973815918,False,0.0,0.0,0.0,0.7112753391265869,46,0,0.0,0.0,-0.0,402960,-0.0,0.0,-0.7088744640350342,0.0,0.0,0.0,0.0,113,3.1544808218172222,1.0,0.1405189779990938,0.0,0.0,0.0,-0.6819332838058472,CityLearnV3MADRLRewardFunction,masac_unified_comparable_v4,E1,-0.0,1907,14.180410188099149,1.0,0.16320480806894666,0.0,9
6,0.0,0.0,0.0,0.0,Building_1,0,MASAC,0.7900000214576721,True,0.0,0.0,0.0,0.32958081364631653,46,8750,0.0,0.0,-0.0,411710,0.0,391.586669921875,-0.801360547542572,179.1614532470703,309.3534851074219,391.586669921875,391.586669921875,64,3.410060581422634,1.0,0.2301227622665465,0.0,0.0,0.0,-0.7493782639503479,CityLearnV3MADRLRewardFunction,masac_unified_comparable_v4,E1,-0.0,1907,13.960575450360396,1.0,0.12997919109302725,0.0,8759
8,0.0,0.0,0.0,0.0,Building_2,1,MASAC,0.7900000214576721,True,0.0,0.0,0.0,0.32958081364631653,46,8750,0.0,0.0,-0.0,411710,0.0,0.1848604530096054,-0.6911683678627014,0.08457864075899124,0.14603976905345917,0.1848604530096054,0.1848604530096054,78,3.3883375602119794,1.0,0.1841616833057159,0.0,0.0,0.0,-0.7493782639503479,CityLearnV3MADRLRewardFunction,masac_unified_comparable_v4,E1,-0.0,1907,13.960575450360396,1.0,0.12997919109302725,0.0,8759
10,0.0,0.0,0.0,0.0,Building_3,2,MASAC,0.7900000214576721,True,0.0,0.0,0.0,0.32958081364631653,46,8750,0.0,0.0,-0.0,411710,0.0,39.0087890625,-0.7789921164512634,17.847572326660156,30.816944122314453,39.0087890625,39.0087890625,92,3.2651400681794494,1.0,0.15046758625818335,0.0,0.0,0.0,-0.7493782639503479,CityLearnV3MADRLRewardFunction,masac_unified_comparable_v4,E1,-0.0,1907,13.960575450360396,1.0,0.12997919109302725,0.0,8759
8,0.0,0.0,0.0,0.0,Building_4,3,MASAC,0.7900000214576721,True,0.0,0.0,0.0,0.32958081364631653,46,8750,0.0,0.0,-0.0,411710,0.0,36.67196273803711,-0.7768298983573914,16.778411865234375,28.97085189819336,36.67196273803711,36.67196273803711,78,3.2586751929756677,1.0,0.17619726482110146,0.0,0.0,0.0,-0.7493782639503479,CityLearnV3MADRLRewardFunction,masac_unified_comparable_v4,E1,-0.0,1907,13.960575450360396,1.0,0.12997919109302725,0.0,8759
5,0.0,0.0,0.0,0.0,Building_5,4,MASAC,0.7900000214576721,True,0.0,0.0,0.0,0.32958081364631653,46,8750,0.0,0.0,-0.0,411710,0.0,54.225337982177734,-0.8269083499908447,24.809553146362305,42.838016510009766,54.225337982177734,54.225337982177734,57,3.577777613253611,1.0,0.29370787190763575,0.0,0.0,0.0,-0.7493782639503479,CityLearnV3MADRLRewardFunction,masac_unified_comparable_v4,E1,-0.0,1907,13.960575450360396,1.0,0.12997919109302725,0.0,8759
34,0.0,0.0,0.0,0.0,Building_6,5,MASAC,0.7900000214576721,True,0.0,0.0,0.0,0.32958081364631653,46,8750,0.0,0.0,-0.0,411710,0.0,348.8946838378906,-0.8013584017753601,159.62872314453125,275.6268005371094,348.8946838378906,348.8946838378906,260,3.39339342101791,1.0,0.0557373155768101,0.0,0.0,0.0,-0.7493782639503479,CityLearnV3MADRLRewardFunction,masac_unified_comparable_v4,E1,-0.0,1907,13.960575450360396,1.0,0.12997919109302725,0.0,8759
44,0.0,0.0,0.0,0.0,Building_7,6,MASAC,0.7900000214576721,True,0.0,0.0,0.0,0.32958081364631653,46,8750,0.0,0.0,-0.0,411710,0.0,2.9800853729248047,-0.7031036019325256,1.3634693622589111,2.3542675971984863,2.9800853729248047,2.9800853729248047,330,3.3557686056036395,1.0,0.042944944469314635,0.0,0.0,0.0,-0.7493782639503479,CityLearnV3MADRLRewardFunction,masac_unified_comparable_v4,E1,-0.0,1907,13.960575450360396,1.0,0.12997919109302725,0.0,8759
19,0.0,0.0,0.0,0.0,Building_8,7,MASAC,0.7900000214576721,True,0.0,0.0,0.0,0.32958081364631653,46,8750,0.0,0.0,-0.0,411710,0.0,6.19936990737915,-0.716585636138916,2.836378812789917,4.897502422332764,6.19936990737915,6.19936990737915,155,3.4039894350389894,1.0,0.09499180528425401,0.0,0.0,0.0,-0.7493782639503479,CityLearnV3MADRLRewardFunction,masac_unified_comparable_v4,E1,-0.0,1907,13.960575450360396,1.0,0.12997919109302725,0.0,8759
12,0.0,0.0,0.0,0.0,Building_9,8,MASAC,0.7900000214576721,True,0.0,0.0,0.0,0.32958081364631653,46,8750,0.0,0.0,-0.0,411710,0.0,2.1350696086883545,-0.6821349263191223,0.9768518805503845,1.6867049932479858,2.1350696086883545,2.1350696086883545,106,3.575369832586969,1.0,0.1532256836598774,0.0,0.0,0.0,-0.7493782639503479,CityLearnV3MADRLRewardFunction,masac_unified_comparable_v4,E1,-0.0,1907,13.960575450360396,1.0,0.12997919109302725,0.0,8759
8,0.0,0.0,0.0,0.0,Building_10,9,MASAC,0.7900000214576721,True,0.0,0.0,0.0,0.32958081364631653,46,8750,0.0,0.0,-0.0,411710,0.0,16.451881408691406,-0.7498096823692322,7.52717924118042,12.996986389160156,16.451881408691406,16.451881408691406,78,3.326126136180766,1.0,0.18046328740624282,0.0,0.0,0.0,-0.7493782639503479,CityLearnV3MADRLRewardFunction,masac_unified_comparable_v4,E1,-0.0,1907,13.960575450360396,1.0,0.12997919109302725,0.0,8759
5,0.0,0.0,0.0,0.0,Building_11,10,MASAC,0.7900000214576721,True,0.0,0.0,0.0,0.32958081364631653,46,8750,0.0,0.0,-0.0,411710,0.0,66.45198059082031,-0.7834972143173218,30.40357208251953,52.497066497802734,66.45198059082031,66.45198059082031,57,3.3305134672509156,1.0,0.24612543744999066,0.0,0.0,0.0,-0.7493782639503479,CityLearnV3MADRLRewardFunction,masac_unified_comparable_v4,E1,-0.0,1907,13.960575450360396,1.0,0.12997919109302725,0.0,8759
5,0.0,0.0,0.0,0.0,Building_12,11,MASAC,0.7900000214576721,True,0.0,0.0,0.0,0.32958081364631653,46,8750,0.0,0.0,-0.0,411710,0.0,155.388671875,-0.7881553173065186,71.0945053100586,122.7570571899414,155.388671875,155.388671875,57,3.291998729330181,1.0,0.24665838479995728,0.0,0.0,0.0,-0.7493782639503479,CityLearnV3MADRLRewardFunction,masac_unified_comparable_v4,E1,-0.0,1907,13.960575450360396,1.0,0.12997919109302725,0.0,8759
13,0.0,0.0,0.0,0.0,Building_13,12,MASAC,0.7900000214576721,True,0.0,0.0,0.0,0.32958081364631653,46,8750,0.0,0.0,-0.0,411710,0.0,0.1047736182808876,-0.6908160448074341,0.04793675243854523,0.08277115970849991,0.1047736182808876,0.1047736182808876,113,3.3571410782060367,1.0,0.12505023735286916,0.0,0.0,0.0,-0.7493782639503479,CityLearnV3MADRLRewardFunction,masac_unified_comparable_v4,E1,-0.0,1907,13.960575450360396,1.0,0.12997919109302725,0.0,8759
6,0.0,0.0,0.0,0.0,Building_14,13,MASAC,0.7900000214576721,True,0.0,0.0,0.0,0.32958081364631653,46,8750,0.0,0.0,-0.0,411710,0.0,1.3521205186843872,-0.6962110996246338,0.6186316013336182,1.068175196647644,1.3521205186843872,1.3521205186843872,64,3.3639004887813315,1.0,0.22237601643428206,0.0,0.0,0.0,-0.7493782639503479,CityLearnV3MADRLRewardFunction,masac_unified_comparable_v4,E1,-0.0,1907,13.960575450360396,1.0,0.12997919109302725,0.0,8759
10,0.0,0.0,0.0,0.0,Building_15,14,MASAC,0.7900000214576721,True,0.0,0.0,0.0,0.32958081364631653,46,8750,0.0,0.0,-0.0,411710,0.0,15.147623062133789,-0.7490180134773254,6.930445671081543,11.966622352600098,15.147623062133789,15.147623062133789,92,3.5014775573401953,1.0,0.1661576767978461,0.0,0.0,0.0,-0.7493782639503479,CityLearnV3MADRLRewardFunction,masac_unified_comparable_v4,E1,-0.0,1907,13.960575450360396,1.0,0.12997919109302725,0.0,8759
13,1.0,1.0,0.07692307692307693,0.0,Building_16,15,MASAC,0.7900000214576721,True,0.0,0.0,0.0,0.32958081364631653,46,8750,0.0,0.0,-0.0,411710,0.0,11.957420349121094,-0.7370509505271912,5.470841884613037,9.446362495422363,11.957420349121094,11.957420349121094,113,3.3234760482150394,1.0,0.12395428121089935,0.0,0.0,0.0,-0.7493782639503479,CityLearnV3MADRLRewardFunction,masac_unified_comparable_v4,E1,-0.0,1907,13.960575450360396,1.0,0.12997919109302725,0.0,8759
13,0.0,0.0,0.0,0.0,Building_17,16,MASAC,0.7900000214576721,True,0.0,0.0,0.0,0.32958081364631653,46,8750,0.0,0.0,-0.0,411710,0.0,23.087642669677734,-0.7664296627044678,10.56321907043457,18.239238739013672,23.087642669677734,23.087642669677734,113,3.4170541582185288,1.0,0.13274348520599635,0.0,0.0,0.0,-0.7493782639503479,CityLearnV3MADRLRewardFunction,masac_unified_comparable_v4,E1,-0.0,1907,13.960575450360396,1.0,0.12997919109302725,0.0,8759
6,0.0,0.0,0.0,0.0,Building_1,0,MASAC,0.7126550078392029,False,0.0,0.0,0.0,0.6440863609313965,47,0,0.0,0.0,-0.0,411720,-0.0,0.0,-0.8556358218193054,0.0,0.0,0.0,0.0,64,3.1413762246854446,0.9330127239227295,0.24511666898615658,0.0,0.0,0.0,-0.8264454007148743,CityLearnV3MADRLRewardFunction,masac_unified_comparable_v4,E1,-0.0,1907,14.69967525574712,1.0,0.1707696394472787,0.0,10
8,0.0,0.0,0.0,0.0,Building_2,1,MASAC,0.7126550078392029,False,0.0,0.0,0.0,0.6440863609313965,47,0,0.0,0.0,-0.0,411720,-0.0,0.0,-0.7830029129981995,0.0,0.0,0.0,0.0,78,3.160211730667647,0.9693514108657837,0.19815045022047484,0.0,0.0,0.0,-0.8264454007148743,CityLearnV3MADRLRewardFunction,masac_unified_comparable_v4,E1,-0.0,1907,14.69967525574712,1.0,0.1707696394472787,0.0,10
10,0.0,0.0,0.0,0.0,Building_3,2,MASAC,0.7126550078392029,False,0.0,0.0,0.0,0.6440863609313965,47,0,0.0,0.0,-0.0,411720,-0.0,0.0,-0.9128837585449219,0.0,0.0,0.0,0.0,92,4.4054142184691685,1.0,0.302210146561265,0.0,0.0,0.0,-0.8264454007148743,CityLearnV3MADRLRewardFunction,masac_unified_comparable_v4,E1,-0.0,1907,14.69967525574712,1.0,0.1707696394472787,0.0,10
8,0.0,0.0,0.0,0.0,Building_4,3,MASAC,0.7126550078392029,False,0.0,0.0,0.0,0.6440863609313965,47,0,0.0,0.0,-0.0,411720,-0.0,0.0,-0.8483558297157288,0.0,0.0,0.0,0.0,78,3.581518118289467,1.0,0.24852851625436392,0.0,0.0,0.0,-0.8264454007148743,CityLearnV3MADRLRewardFunction,masac_unified_comparable_v4,E1,-0.0,1907,14.69967525574712,1.0,0.1707696394472787,0.0,10
5,0.0,0.0,0.0,0.0,Building_5,4,MASAC,0.7126550078392029,False,0.0,0.0,0.0,0.6440863609313965,47,0,0.0,0.0,-0.0,411720,-0.0,0.0,-0.8454834818840027,0.0,0.0,0.0,0.0,57,3.511429516477804,1.0,0.3305276147367662,0.0,0.0,0.0,-0.8264454007148743,CityLearnV3MADRLRewardFunction,masac_unified_comparable_v4,E1,-0.0,1907,14.69967525574712,1.0,0.1707696394472787,0.0,10
34,1.0,1.0,0.029411764705882353,0.0,Building_6,5,MASAC,0.7126550078392029,False,0.0,0.0,0.0,0.6440863609313965,47,0,0.0,0.0,-0.0,411720,-0.0,0.0,-0.8556386828422546,0.0,0.0,0.0,0.0,260,4.8190209214554995,1.0,0.12712560367698852,0.0,0.0,0.0,-0.8264454007148743,CityLearnV3MADRLRewardFunction,masac_unified_comparable_v4,E1,-0.0,1907,14.69967525574712,1.0,0.1707696394472787,0.0,10
44,0.0,0.0,0.0,0.0,Building_7,6,MASAC,0.7126550078392029,False,0.0,0.0,0.0,0.6440863609313965,47,0,0.0,0.0,-0.0,411720,-0.0,0.0,-0.8215736150741577,0.0,0.0,0.0,0.0,330,3.1426480046811487,0.9330127239227295,0.046522618841492766,0.0,0.0,0.0,-0.8264454007148743,CityLearnV3MADRLRewardFunction,masac_unified_comparable_v4,E1,-0.0,1907,14.69967525574712,1.0,0.1707696394472787,0.0,10
19,0.0,0.0,0.0,0.0,Building_8,7,MASAC,0.7126550078392029,False,0.0,0.0,0.0,0.6440863609313965,47,0,0.0,0.0,-0.0,411720,-0.0,0.0,-0.8194916248321533,0.0,0.0,0.0,0.0,155,3.1581816710577963,0.9522910714149475,0.09930171803120644,0.0,0.0,0.0,-0.8264454007148743,CityLearnV3MADRLRewardFunction,masac_unified_comparable_v4,E1,-0.0,1907,14.69967525574712,1.0,0.1707696394472787,0.0,10
12,0.0,0.0,0.0,0.0,Building_9,8,MASAC,0.7126550078392029,False,0.0,0.0,0.0,0.6440863609313965,47,0,0.0,0.0,-0.0,411720,-0.0,0.0,-0.7667703032493591,0.0,0.0,0.0,0.0,106,3.2760485275574287,0.9783581495285034,0.15372566179425087,0.0,0.0,0.0,-0.8264454007148743,CityLearnV3MADRLRewardFunction,masac_unified_comparable_v4,E1,-0.0,1907,14.69967525574712,1.0,0.1707696394472787,0.0,10
8,0.0,0.0,0.0,0.0,Building_10,9,MASAC,0.7126550078392029,False,0.0,0.0,0.0,0.6440863609313965,47,0,0.0,0.0,-0.0,411720,-0.0,0.0,-0.8545018434524536,0.0,0.0,0.0,0.0,78,3.136050225787047,0.9330127239227295,0.1993964981729499,0.0,0.0,0.0,-0.8264454007148743,CityLearnV3MADRLRewardFunction,masac_unified_comparable_v4,E1,-0.0,1907,14.69967525574712,1.0,0.1707696394472787,0.0,10
5,0.0,0.0,0.0,0.0,Building_11,10,MASAC,0.7126550078392029,False,0.0,0.0,0.0,0.6440863609313965,47,0,0.0,0.0,-0.0,411720,-0.0,0.0,-0.8363516926765442,0.0,0.0,0.0,0.0,57,3.805310373964651,1.0,0.37693003107581224,0.0,0.0,0.0,-0.8264454007148743,CityLearnV3MADRLRewardFunction,masac_unified_comparable_v4,E1,-0.0,1907,14.69967525574712,1.0,0.1707696394472787,0.0,10
5,0.0,0.0,0.0,0.0,Building_12,11,MASAC,0.7126550078392029,False,0.0,0.0,0.0,0.6440863609313965,47,0,0.0,0.0,-0.0,411720,-0.0,0.0,-0.8294385671615601,0.0,0.0,0.0,0.0,57,4.043506692418196,1.0,0.42210218254803566,0.0,0.0,0.0,-0.8264454007148743,CityLearnV3MADRLRewardFunction,masac_unified_comparable_v4,E1,-0.0,1907,14.69967525574712,1.0,0.1707696394472787,0.0,10
13,0.0,0.0,0.0,0.0,Building_13,12,MASAC,0.7126550078392029,False,0.0,0.0,0.0,0.6440863609313965,47,0,0.0,0.0,-0.0,411720,-0.0,0.0,-0.7950824499130249,0.0,0.0,0.0,0.0,113,3.1172695753203876,0.9330127239227295,0.13352028577201133,0.0,0.0,0.0,-0.8264454007148743,CityLearnV3MADRLRewardFunction,masac_unified_comparable_v4,E1,-0.0,1907,14.69967525574712,1.0,0.1707696394472787,0.0,10
6,0.0,0.0,0.0,0.0,Building_14,13,MASAC,0.7126550078392029,False,0.0,0.0,0.0,0.6440863609313965,47,0,0.0,0.0,-0.0,411720,-0.0,0.0,-0.7212875485420227,0.0,0.0,0.0,0.0,64,4.150100238639457,1.0,0.39431451773270965,0.0,0.0,0.0,-0.8264454007148743,CityLearnV3MADRLRewardFunction,masac_unified_comparable_v4,E1,-0.0,1907,14.69967525574712,1.0,0.1707696394472787,0.0,10
10,0.0,0.0,0.0,0.0,Building_15,14,MASAC,0.7126550078392029,False,0.0,0.0,0.0,0.6440863609313965,47,0,0.0,0.0,-0.0,411720,-0.0,0.0,-0.8233748078346252,0.0,0.0,0.0,0.0,92,3.140117979842241,0.9605019092559814,0.16722000390291214,0.0,0.0,0.0,-0.8264454007148743,CityLearnV3MADRLRewardFunction,masac_unified_comparable_v4,E1,-0.0,1907,14.69967525574712,1.0,0.1707696394472787,0.0,10
13,0.0,0.0,0.0,0.0,Building_16,15,MASAC,0.7126550078392029,False,0.0,0.0,0.0,0.6440863609313965,47,0,0.0,0.0,-0.0,411720,-0.0,0.0,-0.8448079228401184,0.0,0.0,0.0,0.0,113,3.1325293436958708,0.9330127239227295,0.13536297127736352,0.0,0.0,0.0,-0.8264454007148743,CityLearnV3MADRLRewardFunction,masac_unified_comparable_v4,E1,-0.0,1907,14.69967525574712,1.0,0.1707696394472787,0.0,10
13,0.0,0.0,0.0,0.0,Building_17,16,MASAC,0.7126550078392029,False,0.0,0.0,0.0,0.6440863609313965,47,0,0.0,0.0,-0.0,411720,-0.0,0.0,-0.8358911275863647,0.0,0.0,0.0,0.0,113,3.2519923969251554,0.9330127239227295,0.1441780576004391,0.0,0.0,0.0,-0.8264454007148743,CityLearnV3MADRLRewardFunction,masac_unified_comparable_v4,E1,-0.0,1907,14.69967525574712,1.0,0.1707696394472787,0.0,10
6,0.0,0.0,0.0,0.0,Building_1,0,MASAC,0.7900000214576721,True,0.0,0.0,0.0,0.28695225715637207,47,8749,0.0,0.0,-0.0,420469,0.0,433.45458984375,-0.8290176391601562,172.66647338867188,342.42913818359375,433.45458984375,433.45458984375,64,3.1791670596912955,1.0,0.20838020520750433,0.0,0.0,0.0,-0.792165219783783,CityLearnV3MADRLRewardFunction,masac_unified_comparable_v4,E1,-0.0,1907,13.625043922395323,1.0,0.12474412845538496,0.0,8759
8,0.0,0.0,0.0,0.0,Building_2,1,MASAC,0.7900000214576721,True,0.0,0.0,0.0,0.28695225715637207,47,8749,0.0,0.0,-0.0,420469,0.0,15.16435432434082,-0.7783730626106262,6.040714740753174,11.979840278625488,15.16435432434082,15.16435432434082,78,3.326550276570353,1.0,0.18153712411339468,0.0,0.0,0.0,-0.792165219783783,CityLearnV3MADRLRewardFunction,masac_unified_comparable_v4,E1,-0.0,1907,13.625043922395323,1.0,0.12474412845538496,0.0,8759
10,0.0,0.0,0.0,0.0,Building_3,2,MASAC,0.7900000214576721,True,0.0,0.0,0.0,0.28695225715637207,47,8749,0.0,0.0,-0.0,420469,0.0,94.53981018066406,-0.8169517517089844,37.65989685058594,74.68645477294922,94.53981018066406,94.53981018066406,92,3.1965965189298995,1.0,0.1437993009939142,0.0,0.0,0.0,-0.792165219783783,CityLearnV3MADRLRewardFunction,masac_unified_comparable_v4,E1,-0.0,1907,13.625043922395323,1.0,0.12474412845538496,0.0,8759
8,0.0,0.0,0.0,0.0,Building_4,3,MASAC,0.7900000214576721,True,0.0,0.0,0.0,0.28695225715637207,47,8749,0.0,0.0,-0.0,420469,0.0,31.04317283630371,-0.8042152523994446,12.366035461425781,24.524106979370117,31.04317283630371,31.04317283630371,78,3.1850343824603558,1.0,0.1691740784698572,0.0,0.0,0.0,-0.792165219783783,CityLearnV3MADRLRewardFunction,masac_unified_comparable_v4,E1,-0.0,1907,13.625043922395323,1.0,0.12474412845538496,0.0,8759
5,1.0,0.0,-0.2,-1.0,Building_5,4,MASAC,0.7900000214576721,True,-26.95205307006836,0.0,0.0,0.28695225715637207,47,8749,0.0,0.0,-0.0,420469,0.0,11.586917877197266,-0.8350613713264465,4.615644454956055,9.153665542602539,11.586917877197266,38.538970947265625,57,3.571611187596631,1.0,0.28823126055169523,0.0,0.0,0.0,-0.792165219783783,CityLearnV3MADRLRewardFunction,masac_unified_comparable_v4,E1,-0.0,1907,13.625043922395323,1.0,0.12474412845538496,0.0,8759
34,0.0,0.0,0.0,0.0,Building_6,5,MASAC,0.7900000214576721,True,0.0,0.0,0.0,0.28695225715637207,47,8749,0.0,0.0,-0.0,420469,0.0,362.8901062011719,-0.8328542113304138,144.55712890625,286.6831970214844,362.8901062011719,362.8901062011719,260,3.319947158809181,1.0,0.05352107317974934,0.0,0.0,0.0,-0.792165219783783,CityLearnV3MADRLRewardFunction,masac_unified_comparable_v4,E1,-0.0,1907,13.625043922395323,1.0,0.12474412845538496,0.0,8759
44,1.0,1.0,0.022727272727272728,0.0,Building_7,6,MASAC,0.7900000214576721,True,0.0,0.0,0.0,0.28695225715637207,47,8749,0.0,0.0,-0.0,420469,0.0,12.664111137390137,-0.7708905935287476,5.044743537902832,10.004648208618164,12.664111137390137,12.664111137390137,330,3.2823243676611358,1.0,0.041860576741623155,0.0,0.0,0.0,-0.792165219783783,CityLearnV3MADRLRewardFunction,masac_unified_comparable_v4,E1,-0.0,1907,13.625043922395323,1.0,0.12474412845538496,0.0,8759
19,0.0,0.0,0.0,0.0,Building_8,7,MASAC,0.7900000214576721,True,0.0,0.0,0.0,0.28695225715637207,47,8749,0.0,0.0,-0.0,420469,0.0,12.065996170043945,-0.768282413482666,4.806484699249268,9.532136917114258,12.065996170043945,12.065996170043945,155,3.3189091668647874,1.0,0.09067468426881298,0.0,0.0,0.0,-0.792165219783783,CityLearnV3MADRLRewardFunction,masac_unified_comparable_v4,E1,-0.0,1907,13.625043922395323,1.0,0.12474412845538496,0.0,8759
12,0.0,0.0,0.0,0.0,Building_9,8,MASAC,0.7900000214576721,True,0.0,0.0,0.0,0.28695225715637207,47,8749,0.0,0.0,-0.0,420469,0.0,2.290161371231079,-0.7145714163780212,0.9122849106788635,1.8092275857925415,2.290161371231079,2.290161371231079,106,3.630500405710538,1.0,0.1550276922589203,0.0,0.0,0.0,-0.792165219783783,CityLearnV3MADRLRewardFunction,masac_unified_comparable_v4,E1,-0.0,1907,13.625043922395323,1.0,0.12474412845538496,0.0,8759
8,0.0,0.0,0.0,0.0,Building_10,9,MASAC,0.7900000214576721,True,0.0,0.0,0.0,0.28695225715637207,47,8749,0.0,0.0,-0.0,420469,0.0,51.649574279785156,-0.817868709564209,20.574588775634766,40.803165435791016,51.649574279785156,51.649574279785156,78,3.2814131037214667,1.0,0.17827800747293693,0.0,0.0,0.0,-0.792165219783783,CityLearnV3MADRLRewardFunction,masac_unified_comparable_v4,E1,-0.0,1907,13.625043922395323,1.0,0.12474412845538496,0.0,8759
5,0.0,0.0,0.0,0.0,Building_11,10,MASAC,0.7900000214576721,True,0.0,0.0,0.0,0.28695225715637207,47,8749,0.0,0.0,-0.0,420469,0.0,71.54803466796875,-0.8155601620674133,28.501131057739258,56.52294921875,71.54803466796875,71.54803466796875,57,3.2448446181621873,1.0,0.2360715818379009,0.0,0.0,0.0,-0.792165219783783,CityLearnV3MADRLRewardFunction,masac_unified_comparable_v4,E1,-0.0,1907,13.625043922395323,1.0,0.12474412845538496,0.0,8759
5,0.0,0.0,0.0,0.0,Building_12,11,MASAC,0.7900000214576721,True,0.0,0.0,0.0,0.28695225715637207,47,8749,0.0,0.0,-0.0,420469,0.0,215.11593627929688,-0.8221772313117981,85.69135284423828,169.94158935546875,215.11593627929688,215.11593627929688,57,3.210966618374768,1.0,0.23693761843861194,0.0,0.0,0.0,-0.792165219783783,CityLearnV3MADRLRewardFunction,masac_unified_comparable_v4,E1,-0.0,1907,13.625043922395323,1.0,0.12474412845538496,0.0,8759
13,1.0,1.0,0.07692307692307693,0.0,Building_13,12,MASAC,0.7900000214576721,True,0.0,0.0,0.0,0.28695225715637207,47,8749,0.0,0.0,-0.0,420469,0.0,2.033022403717041,-0.7308416366577148,0.8098536729812622,1.6060876846313477,2.033022403717041,2.033022403717041,113,3.3884106901132265,1.0,0.12575773215663116,0.0,0.0,0.0,-0.792165219783783,CityLearnV3MADRLRewardFunction,masac_unified_comparable_v4,E1,-0.0,1907,13.625043922395323,1.0,0.12474412845538496,0.0,8759
6,0.0,0.0,0.0,0.0,Building_14,13,MASAC,0.7900000214576721,True,0.0,0.0,0.0,0.28695225715637207,47,8749,0.0,0.0,-0.0,420469,0.0,2.6149511337280273,-0.732886552810669,1.041664719581604,2.0658113956451416,2.6149511337280273,2.6149511337280273,64,3.2377334029126166,1.0,0.20895994559396058,0.0,0.0,0.0,-0.792165219783783,CityLearnV3MADRLRewardFunction,masac_unified_comparable_v4,E1,-0.0,1907,13.625043922395323,1.0,0.12474412845538496,0.0,8759
10,0.0,0.0,0.0,0.0,Building_15,14,MASAC,0.7900000214576721,True,0.0,0.0,0.0,0.28695225715637207,47,8749,0.0,0.0,-0.0,420469,0.0,19.521480560302734,-0.7877105474472046,7.776374340057373,15.42197036743164,19.521480560302734,19.521480560302734,92,3.3272252692430504,1.0,0.15324447036761304,0.0,0.0,0.0,-0.792165219783783,CityLearnV3MADRLRewardFunction,masac_unified_comparable_v4,E1,-0.0,1907,13.625043922395323,1.0,0.12474412845538496,0.0,8759
13,0.0,0.0,0.0,0.0,Building_16,15,MASAC,0.7900000214576721,True,0.0,0.0,0.0,0.28695225715637207,47,8749,0.0,0.0,-0.0,420469,0.0,54.89390563964844,-0.8163130283355713,21.866966247558594,43.366188049316406,54.89390563964844,54.89390563964844,113,3.232293818586891,1.0,0.11951070404158229,0.0,0.0,0.0,-0.792165219783783,CityLearnV3MADRLRewardFunction,masac_unified_comparable_v4,E1,-0.0,1907,13.625043922395323,1.0,0.12474412845538496,0.0,8759
13,0.0,0.0,0.0,0.0,Building_17,16,MASAC,0.7900000214576721,True,0.0,0.0,0.0,0.28695225715637207,47,8749,0.0,0.0,-0.0,420469,0.0,22.46647071838379,-0.7932326793670654,8.949509620666504,17.748512268066406,22.46647071838379,22.46647071838379,113,3.204515160706424,1.0,0.11739006737428428,0.0,0.0,0.0,-0.792165219783783,CityLearnV3MADRLRewardFunction,masac_unified_comparable_v4,E1,-0.0,1907,13.625043922395323,1.0,0.12474412845538496,0.0,8759
6,0.0,0.0,0.0,0.0,Building_1,0,MASAC,0.7063130140304565,False,0.0,0.0,0.0,0.536568820476532,48,0,0.0,0.0,-0.0,420480,-0.0,0.0,-0.8860318064689636,0.0,0.0,0.0,0.0,64,3.0822531405398768,1.0,0.23408660077257082,0.0,-0.0,387.1050535354614,-0.867436408996582,CityLearnV3MADRLRewardFunction,masac_unified_comparable_v4,E1,-387.1050535354614,1907,14.688883664680734,1.0,0.1681853819095911,0.0,11
8,1.0,1.0,0.125,0.0,Building_2,1,MASAC,0.7063130140304565,False,0.0,0.0,0.0,0.536568820476532,48,0,0.0,0.0,-0.0,420480,-0.0,0.0,-0.8538064360618591,0.0,0.0,0.0,0.0,78,3.0883543079071845,1.0,0.18718591838693008,0.0,-0.0,221.7464208984375,-0.867436408996582,CityLearnV3MADRLRewardFunction,masac_unified_comparable_v4,E1,-221.7464208984375,1907,14.688883664680734,1.0,0.1681853819095911,0.0,11
10,1.0,1.0,0.1,0.0,Building_3,2,MASAC,0.7063130140304565,False,0.0,0.0,0.0,0.536568820476532,48,0,0.0,0.0,-0.0,420480,-0.0,0.0,-0.9556230306625366,0.0,0.0,0.0,0.0,92,4.230266024024259,1.0,0.28011493449625763,0.0,-0.0,162.44882873535155,-0.867436408996582,CityLearnV3MADRLRewardFunction,masac_unified_comparable_v4,E1,-162.44882873535155,1907,14.688883664680734,1.0,0.1681853819095911,0.0,11
8,0.0,0.0,0.0,0.0,Building_4,3,MASAC,0.7063130140304565,False,0.0,0.0,0.0,0.536568820476532,48,0,0.0,0.0,-0.0,420480,-0.0,0.0,-0.8833863139152527,0.0,0.0,0.0,0.0,78,3.8796552348010005,1.0,0.2842911170461239,0.0,-0.0,68.90947340087891,-0.867436408996582,CityLearnV3MADRLRewardFunction,masac_unified_comparable_v4,E1,-68.90947340087891,1907,14.688883664680734,1.0,0.1681853819095911,0.0,11
5,0.0,0.0,0.0,0.0,Building_5,4,MASAC,0.7063130140304565,False,0.0,0.0,0.0,0.536568820476532,48,0,0.0,0.0,-0.0,420480,-0.0,0.0,-0.87757807970047,0.0,0.0,0.0,0.0,57,3.425750375009402,1.0,0.3114961533431421,0.0,-0.0,28.555298928070073,-0.867436408996582,CityLearnV3MADRLRewardFunction,masac_unified_comparable_v4,E1,-28.555298928070073,1907,14.688883664680734,1.0,0.1681853819095911,0.0,11
34,1.0,1.0,0.029411764705882353,0.0,Building_6,5,MASAC,0.7063130140304565,False,0.0,0.0,0.0,0.536568820476532,48,0,0.0,0.0,-0.0,420480,-0.0,0.0,-0.8378033638000488,0.0,0.0,0.0,0.0,260,5.428883725425435,1.0,0.15559793306657901,0.0,-0.0,574.7567018722533,-0.867436408996582,CityLearnV3MADRLRewardFunction,masac_unified_comparable_v4,E1,-574.7567018722533,1907,14.688883664680734,1.0,0.1681853819095911,0.0,11
44,1.0,1.0,0.022727272727272728,0.0,Building_7,6,MASAC,0.7063130140304565,False,0.0,0.0,0.0,0.536568820476532,48,0,0.0,0.0,-0.0,420480,-0.0,0.0,-0.867969274520874,0.0,0.0,0.0,0.0,330,3.048469589691449,1.0,0.04381566406650977,0.0,-0.0,219.98439057540892,-0.867436408996582,CityLearnV3MADRLRewardFunction,masac_unified_comparable_v4,E1,-219.98439057540892,1907,14.688883664680734,1.0,0.1681853819095911,0.0,11
19,1.0,1.0,0.05263157894736842,0.0,Building_8,7,MASAC,0.7063130140304565,False,0.0,0.0,0.0,0.536568820476532,48,0,0.0,0.0,-0.0,420480,-0.0,0.0,-0.8628354668617249,0.0,0.0,0.0,0.0,155,3.1257643622257705,1.0,0.09569962733996011,0.0,-0.0,585.336600744629,-0.867436408996582,CityLearnV3MADRLRewardFunction,masac_unified_comparable_v4,E1,-585.336600744629,1907,14.688883664680734,1.0,0.1681853819095911,0.0,11
12,0.0,0.0,0.0,0.0,Building_9,8,MASAC,0.7063130140304565,False,0.0,0.0,0.0,0.536568820476532,48,0,0.0,0.0,-0.0,420480,-0.0,0.0,-0.8026954531669617,0.0,0.0,0.0,0.0,106,3.2206080021795933,1.0,0.14695587135710805,0.0,-0.0,120.84258842544554,-0.867436408996582,CityLearnV3MADRLRewardFunction,masac_unified_comparable_v4,E1,-120.84258842544554,1907,14.688883664680734,1.0,0.1681853819095911,0.0,11
8,0.0,0.0,0.0,0.0,Building_10,9,MASAC,0.7063130140304565,False,0.0,0.0,0.0,0.536568820476532,48,0,0.0,0.0,-0.0,420480,-0.0,0.0,-0.8856838941574097,0.0,0.0,0.0,0.0,78,3.1309169300527926,1.0,0.19413947514616525,0.0,-0.0,395.46037368392945,-0.867436408996582,CityLearnV3MADRLRewardFunction,masac_unified_comparable_v4,E1,-395.46037368392945,1907,14.688883664680734,1.0,0.1681853819095911,0.0,11
5,0.0,0.0,0.0,0.0,Building_11,10,MASAC,0.7063130140304565,False,0.0,0.0,0.0,0.536568820476532,48,0,0.0,0.0,-0.0,420480,-0.0,0.0,-0.867935299873352,0.0,0.0,0.0,0.0,57,3.731778140660856,1.0,0.3592870980501175,0.0,-0.0,1171.8943623680116,-0.867436408996582,CityLearnV3MADRLRewardFunction,masac_unified_comparable_v4,E1,-1171.8943623680116,1907,14.688883664680734,1.0,0.1681853819095911,0.0,11
5,1.0,0.0,-0.2,-1.0,Building_12,11,MASAC,0.7063130140304565,False,0.0,0.0,0.0,0.536568820476532,48,0,0.0,0.0,-0.0,420480,-0.0,0.0,-0.8429788947105408,0.0,0.0,0.0,0.0,57,3.9800979252819944,1.0,0.4053214912613233,0.0,-0.0,506.2779929351807,-0.867436408996582,CityLearnV3MADRLRewardFunction,masac_unified_comparable_v4,E1,-506.2779929351807,1907,14.688883664680734,1.0,0.1681853819095911,0.0,11
13,0.0,0.0,0.0,0.0,Building_13,12,MASAC,0.7063130140304565,False,0.0,0.0,0.0,0.536568820476532,48,0,0.0,0.0,-0.0,420480,-0.0,0.0,-0.8408771753311157,0.0,0.0,0.0,0.0,113,3.077560314093167,1.0,0.1284067841098372,0.0,-0.0,74.1133517791748,-0.867436408996582,CityLearnV3MADRLRewardFunction,masac_unified_comparable_v4,E1,-74.1133517791748,1907,14.688883664680734,1.0,0.1681853819095911,0.0,11
6,0.0,0.0,0.0,0.0,Building_14,13,MASAC,0.7063130140304565,False,0.0,0.0,0.0,0.536568820476532,48,0,0.0,0.0,-0.0,420480,-0.0,0.0,-0.872302234172821,0.0,0.0,0.0,0.0,64,3.8286753295366136,1.0,0.33689656911883503,0.0,-0.0,493.4720772193908,-0.867436408996582,CityLearnV3MADRLRewardFunction,masac_unified_comparable_v4,E1,-493.4720772193908,1907,14.688883664680734,1.0,0.1681853819095911,0.0,11
10,0.0,0.0,0.0,0.0,Building_15,14,MASAC,0.7063130140304565,False,0.0,0.0,0.0,0.536568820476532,48,0,0.0,0.0,-0.0,420480,-0.0,0.0,-0.866824746131897,0.0,0.0,0.0,0.0,92,3.1659140660557745,1.0,0.16855850840068382,0.0,-0.0,271.2505683425903,-0.867436408996582,CityLearnV3MADRLRewardFunction,masac_unified_comparable_v4,E1,-271.2505683425903,1907,14.688883664680734,1.0,0.1681853819095911,0.0,11
13,0.0,0.0,0.0,0.0,Building_16,15,MASAC,0.7063130140304565,False,0.0,0.0,0.0,0.536568820476532,48,0,0.0,0.0,-0.0,420480,-0.0,0.0,-0.8740736246109009,0.0,0.0,0.0,0.0,113,3.0586651139470793,1.0,0.12792016519645674,0.0,-0.0,282.38809242553714,-0.867436408996582,CityLearnV3MADRLRewardFunction,masac_unified_comparable_v4,E1,-282.38809242553714,1907,14.688883664680734,1.0,0.1681853819095911,0.0,11
13,1.0,1.0,0.07692307692307693,0.0,Building_17,16,MASAC,0.7063130140304565,False,0.0,0.0,0.0,0.536568820476532,48,0,0.0,0.0,-0.0,420480,-0.0,0.0,-0.8680139780044556,0.0,0.0,0.0,0.0,113,3.170996157550743,1.0,0.13594906117800062,0.0,-0.0,44.20090156173706,-0.867436408996582,CityLearnV3MADRLRewardFunction,masac_unified_comparable_v4,E1,-44.20090156173706,1907,14.688883664680734,1.0,0.1681853819095911,0.0,11
6,0.0,0.0,0.0,0.0,Building_1,0,MASAC,0.7900000214576721,True,0.0,0.0,0.0,0.5087285041809082,48,8748,0.0,0.0,-0.0,429228,0.0,446.8856201171875,-0.8385191559791565,295.8052062988281,353.0396423339844,446.8856201171875,446.8856201171875,64,3.482012476556987,1.0,0.24786550179123878,0.0,0.0,0.0,-0.8009644150733948,CityLearnV3MADRLRewardFunction,masac_unified_comparable_v4,E1,-0.0,1907,14.558894696119909,1.0,0.14311397348749869,0.0,8759
8,0.0,0.0,0.0,0.0,Building_2,1,MASAC,0.7900000214576721,True,0.0,0.0,0.0,0.5087285041809082,48,8748,0.0,0.0,-0.0,429228,0.0,5.618855953216553,-0.7531689405441284,3.719266653060913,4.438896179199219,5.618855953216553,5.618855953216553,78,3.6170132572464184,1.0,0.20792761215796837,0.0,0.0,0.0,-0.8009644150733948,CityLearnV3MADRLRewardFunction,masac_unified_comparable_v4,E1,-0.0,1907,14.558894696119909,1.0,0.14311397348749869,0.0,8759
10,0.0,0.0,0.0,0.0,Building_3,2,MASAC,0.7900000214576721,True,0.0,0.0,0.0,0.5087285041809082,48,8748,0.0,0.0,-0.0,429228,0.0,98.17061614990234,-0.8269233703613281,64.98168182373047,77.5547866821289,98.17061614990234,98.17061614990234,92,3.420214419123263,1.0,0.16643921447836835,0.0,0.0,0.0,-0.8009644150733948,CityLearnV3MADRLRewardFunction,masac_unified_comparable_v4,E1,-0.0,1907,14.558894696119909,1.0,0.14311397348749869,0.0,8759
8,0.0,0.0,0.0,0.0,Building_4,3,MASAC,0.7900000214576721,True,0.0,0.0,0.0,0.5087285041809082,48,8748,0.0,0.0,-0.0,429228,0.0,28.84416961669922,-0.8089516758918762,19.09270477294922,22.786893844604492,28.84416961669922,28.84416961669922,78,3.387711624880473,1.0,0.19283863653739294,0.0,0.0,0.0,-0.8009644150733948,CityLearnV3MADRLRewardFunction,masac_unified_comparable_v4,E1,-0.0,1907,14.558894696119909,1.0,0.14311397348749869,0.0,8759
5,0.0,0.0,0.0,0.0,Building_5,4,MASAC,0.7900000214576721,True,0.0,0.0,0.0,0.5087285041809082,48,8748,0.0,0.0,-0.0,429228,0.0,37.89287567138672,-0.8521340489387512,25.082279205322266,29.935373306274414,37.89287567138672,37.89287567138672,57,3.6292095906906328,1.0,0.30798467993736267,0.0,0.0,0.0,-0.8009644150733948,CityLearnV3MADRLRewardFunction,masac_unified_comparable_v4,E1,-0.0,1907,14.558894696119909,1.0,0.14311397348749869,0.0,8759
34,1.0,0.0,-0.029411764705882353,-1.0,Building_6,5,MASAC,0.7900000214576721,True,0.0,0.0,0.0,0.5087285041809082,48,8748,0.0,0.0,-0.0,429228,0.0,350.8894348144531,-0.8380482196807861,232.26283264160156,277.2026672363281,350.8894348144531,350.8894348144531,260,3.4150616344246765,1.0,0.05894539184295214,0.0,0.0,0.0,-0.8009644150733948,CityLearnV3MADRLRewardFunction,masac_unified_comparable_v4,E1,-0.0,1907,14.558894696119909,1.0,0.14311397348749869,0.0,8759
44,0.0,0.0,0.0,0.0,Building_7,6,MASAC,0.7900000214576721,True,0.0,0.0,0.0,0.5087285041809082,48,8748,0.0,0.0,-0.0,429228,0.0,18.66022491455078,-0.7974014282226562,12.35168743133545,14.741578102111816,18.66022491455078,18.66022491455078,330,3.6040385124272563,1.0,0.04956191958803119,0.0,0.0,0.0,-0.8009644150733948,CityLearnV3MADRLRewardFunction,masac_unified_comparable_v4,E1,-0.0,1907,14.558894696119909,1.0,0.14311397348749869,0.0,8759
19,0.0,0.0,0.0,0.0,Building_8,7,MASAC,0.7900000214576721,True,0.0,0.0,0.0,0.5087285041809082,48,8748,0.0,0.0,-0.0,429228,0.0,19.251495361328125,-0.7948190569877625,12.743064880371094,15.2086820602417,19.251495361328125,19.251495361328125,155,3.608782087579958,1.0,0.10567395139125085,0.0,0.0,0.0,-0.8009644150733948,CityLearnV3MADRLRewardFunction,masac_unified_comparable_v4,E1,-0.0,1907,14.558894696119909,1.0,0.14311397348749869,0.0,8759
12,0.0,0.0,0.0,0.0,Building_9,8,MASAC,0.7900000214576721,True,0.0,0.0,0.0,0.5087285041809082,48,8748,0.0,0.0,-0.0,429228,0.0,2.4506425857543945,-0.7210327386856079,1.6221439838409424,1.9360077381134033,2.4506425857543945,2.4506425857543945,106,3.714426126812455,1.0,0.1684244897849155,0.0,0.0,0.0,-0.8009644150733948,CityLearnV3MADRLRewardFunction,masac_unified_comparable_v4,E1,-0.0,1907,14.558894696119909,1.0,0.14311397348749869,0.0,8759
8,0.0,0.0,0.0,0.0,Building_10,9,MASAC,0.7900000214576721,True,0.0,0.0,0.0,0.5087285041809082,48,8748,0.0,0.0,-0.0,429228,0.0,34.33414077758789,-0.8172838687896729,22.726659774780273,27.123971939086914,34.33414077758789,34.33414077758789,78,3.493967105572393,1.0,0.2022656776393071,0.0,0.0,0.0,-0.8009644150733948,CityLearnV3MADRLRewardFunction,masac_unified_comparable_v4,E1,-0.0,1907,14.558894696119909,1.0,0.14311397348749869,0.0,8759
5,0.0,0.0,0.0,0.0,Building_11,10,MASAC,0.7900000214576721,True,0.0,0.0,0.0,0.5087285041809082,48,8748,0.0,0.0,-0.0,429228,0.0,57.917564392089844,-0.8298605680465698,38.33713912963867,45.754878997802734,57.917564392089844,57.917564392089844,57,3.583395763000318,1.0,0.28231180759898405,0.0,0.0,0.0,-0.8009644150733948,CityLearnV3MADRLRewardFunction,masac_unified_comparable_v4,E1,-0.0,1907,14.558894696119909,1.0,0.14311397348749869,0.0,8759
5,0.0,0.0,0.0,0.0,Building_12,11,MASAC,0.7900000214576721,True,0.0,0.0,0.0,0.5087285041809082,48,8748,0.0,0.0,-0.0,429228,0.0,182.6020965576172,-0.8379470705986023,120.86907196044922,144.2556610107422,182.6020965576172,182.6020965576172,57,3.524551395349468,1.0,0.2781196775143607,0.0,0.0,0.0,-0.8009644150733948,CityLearnV3MADRLRewardFunction,masac_unified_comparable_v4,E1,-0.0,1907,14.558894696119909,1.0,0.14311397348749869,0.0,8759
13,0.0,0.0,0.0,0.0,Building_13,12,MASAC,0.7900000214576721,True,0.0,0.0,0.0,0.5087285041809082,48,8748,0.0,0.0,-0.0,429228,0.0,2.789367437362671,-0.740237832069397,1.8463547229766846,2.2036004066467285,2.789367437362671,2.789367437362671,113,3.5217785377688546,1.0,0.14004586360095878,0.0,0.0,0.0,-0.8009644150733948,CityLearnV3MADRLRewardFunction,masac_unified_comparable_v4,E1,-0.0,1907,14.558894696119909,1.0,0.14311397348749869,0.0,8759
6,0.0,0.0,0.0,0.0,Building_14,13,MASAC,0.7900000214576721,True,0.0,0.0,0.0,0.5087285041809082,48,8748,0.0,0.0,-0.0,429228,0.0,2.485826015472412,-0.7390856742858887,1.6454328298568726,1.9638025760650635,2.485826015472412,2.485826015472412,64,3.5757881100442868,1.0,0.2508201221935451,0.0,0.0,0.0,-0.8009644150733948,CityLearnV3MADRLRewardFunction,masac_unified_comparable_v4,E1,-0.0,1907,14.558894696119909,1.0,0.14311397348749869,0.0,8759
10,0.0,0.0,0.0,0.0,Building_15,14,MASAC,0.7900000214576721,True,0.0,0.0,0.0,0.5087285041809082,48,8748,0.0,0.0,-0.0,429228,0.0,20.5941162109375,-0.7984501719474792,13.631780624389648,16.269351959228516,20.5941162109375,20.5941162109375,92,3.5467900911750614,1.0,0.17599044999350671,0.0,0.0,0.0,-0.8009644150733948,CityLearnV3MADRLRewardFunction,masac_unified_comparable_v4,E1,-0.0,1907,14.558894696119909,1.0,0.14311397348749869,0.0,8759
13,0.0,0.0,0.0,0.0,Building_16,15,MASAC,0.7900000214576721,True,0.0,0.0,0.0,0.5087285041809082,48,8748,0.0,0.0,-0.0,429228,0.0,103.13050842285156,-0.8228293657302856,68.26476287841797,81.47310638427734,103.13050842285156,103.13050842285156,113,3.4391573211459776,1.0,0.13754735135399135,0.0,0.0,0.0,-0.8009644150733948,CityLearnV3MADRLRewardFunction,masac_unified_comparable_v4,E1,-0.0,1907,14.558894696119909,1.0,0.14311397348749869,0.0,8759
13,0.0,0.0,0.0,0.0,Building_17,16,MASAC,0.7900000214576721,True,0.0,0.0,0.0,0.5087285041809082,48,8748,0.0,0.0,-0.0,429228,0.0,21.1981143951416,-0.7997007369995117,14.031582832336426,16.746511459350586,21.1981143951416,21.1981143951416,113,3.4451254338872963,1.0,0.13876990881641355,0.0,0.0,0.0,-0.8009644150733948,CityLearnV3MADRLRewardFunction,masac_unified_comparable_v4,E1,-0.0,1907,14.558894696119909,1.0,0.14311397348749869,0.0,8759
6,0.0,0.0,0.0,0.0,Building_1,0,MASAC,0.7188270092010498,False,0.0,0.0,0.0,0.6572644114494324,49,0,0.0,0.0,-0.0,429240,-0.0,0.0,-0.601985514163971,0.0,0.0,0.0,0.0,64,2.9360446266074347,1.0,0.2392140222946182,0.0,-0.0,281.3193577285766,-0.5398296117782593,CityLearnV3MADRLRewardFunction,masac_unified_comparable_v4,E1,-281.3193577285766,1907,14.778446072901176,1.0,0.18074897741171222,0.0,12
8,0.0,0.0,0.0,0.0,Building_2,1,MASAC,0.7188270092010498,False,0.0,0.0,0.0,0.6572644114494324,49,0,0.0,0.0,-0.0,429240,-0.0,0.0,-0.5171071290969849,0.0,0.0,0.0,0.0,78,3.0188337214409384,1.0,0.197134473384955,0.0,-0.0,161.202275390625,-0.5398296117782593,CityLearnV3MADRLRewardFunction,masac_unified_comparable_v4,E1,-161.202275390625,1907,14.778446072901176,1.0,0.18074897741171222,0.0,12
10,0.0,0.0,0.0,0.0,Building_3,2,MASAC,0.7188270092010498,False,0.0,0.0,0.0,0.6572644114494324,49,0,0.0,0.0,-0.0,429240,-0.0,0.0,-0.5436691045761108,0.0,0.0,0.0,0.0,92,4.090367211865184,1.0,0.27526996025572653,0.0,-0.0,117.0440712463379,-0.5398296117782593,CityLearnV3MADRLRewardFunction,masac_unified_comparable_v4,E1,-117.0440712463379,1907,14.778446072901176,1.0,0.18074897741171222,0.0,12
8,1.0,1.0,0.125,0.0,Building_4,3,MASAC,0.7188270092010498,False,0.0,0.0,0.0,0.6572644114494324,49,0,0.0,0.0,-0.0,429240,-0.0,0.0,-0.6005131006240845,0.0,0.0,0.0,0.0,78,3.962347301808778,1.0,0.3042847868055105,0.0,-0.0,49.95818312835694,-0.5398296117782593,CityLearnV3MADRLRewardFunction,masac_unified_comparable_v4,E1,-49.95818312835694,1907,14.778446072901176,1.0,0.18074897741171222,0.0,12
5,0.0,0.0,0.0,0.0,Building_5,4,MASAC,0.7188270092010498,False,0.0,0.0,0.0,0.6572644114494324,49,0,0.0,0.0,-0.0,429240,-0.0,0.0,-0.5715640187263489,0.0,0.0,0.0,0.0,57,3.417561568352594,1.0,0.32498425840024364,0.0,-0.0,20.194439627075198,-0.5398296117782593,CityLearnV3MADRLRewardFunction,masac_unified_comparable_v4,E1,-20.194439627075198,1907,14.778446072901176,1.0,0.18074897741171222,0.0,12
34,0.0,0.0,0.0,0.0,Building_6,5,MASAC,0.7188270092010498,False,0.0,0.0,0.0,0.6572644114494324,49,0,0.0,0.0,-0.0,429240,-0.0,0.0,-0.5541687607765198,0.0,0.0,0.0,0.0,260,6.068522464971549,1.0,0.19546605970423955,0.0,-0.0,418.8608566184997,-0.5398296117782593,CityLearnV3MADRLRewardFunction,masac_unified_comparable_v4,E1,-418.8608566184997,1907,14.778446072901176,1.0,0.18074897741171222,0.0,12
44,1.0,1.0,0.022727272727272728,0.0,Building_7,6,MASAC,0.7188270092010498,False,0.0,0.0,0.0,0.6572644114494324,49,0,0.0,0.0,-0.0,429240,-0.0,0.0,-0.5172504186630249,0.0,0.0,0.0,0.0,330,2.998964551445117,1.0,0.04640325928727786,0.0,-0.0,158.35109836349488,-0.5398296117782593,CityLearnV3MADRLRewardFunction,masac_unified_comparable_v4,E1,-158.35109836349488,1907,14.778446072901176,1.0,0.18074897741171222,0.0,12
19,0.0,0.0,0.0,0.0,Building_8,7,MASAC,0.7188270092010498,False,0.0,0.0,0.0,0.6572644114494324,49,0,0.0,0.0,-0.0,429240,-0.0,0.0,-0.5167807340621948,0.0,0.0,0.0,0.0,155,3.0133791303916007,1.0,0.09959796099893509,0.0,-0.0,426.6160990707398,-0.5398296117782593,CityLearnV3MADRLRewardFunction,masac_unified_comparable_v4,E1,-426.6160990707398,1907,14.778446072901176,1.0,0.18074897741171222,0.0,12
12,0.0,0.0,0.0,0.0,Building_9,8,MASAC,0.7188270092010498,False,0.0,0.0,0.0,0.6572644114494324,49,0,0.0,0.0,-0.0,429240,-0.0,0.0,-0.5173524022102356,0.0,0.0,0.0,0.0,106,3.680142000552462,1.0,0.19448180226081946,0.0,-0.0,86.79035798797607,-0.5398296117782593,CityLearnV3MADRLRewardFunction,masac_unified_comparable_v4,E1,-86.79035798797607,1907,14.778446072901176,1.0,0.18074897741171222,0.0,12
8,0.0,0.0,0.0,0.0,Building_10,9,MASAC,0.7188270092010498,False,0.0,0.0,0.0,0.6572644114494324,49,0,0.0,0.0,-0.0,429240,-0.0,0.0,-0.5168535709381104,0.0,0.0,0.0,0.0,78,2.934913565888716,1.0,0.19235840191443762,0.0,-0.0,287.44305163421626,-0.5398296117782593,CityLearnV3MADRLRewardFunction,masac_unified_comparable_v4,E1,-287.44305163421626,1907,14.778446072901176,1.0,0.18074897741171222,0.0,12
5,0.0,0.0,0.0,0.0,Building_11,10,MASAC,0.7188270092010498,False,0.0,0.0,0.0,0.6572644114494324,49,0,0.0,0.0,-0.0,429240,-0.0,0.0,-0.5016495585441589,0.0,0.0,0.0,0.0,57,3.7120015521039784,1.0,0.3774855217912741,0.0,-0.0,849.3286675941469,-0.5398296117782593,CityLearnV3MADRLRewardFunction,masac_unified_comparable_v4,E1,-849.3286675941469,1907,14.778446072901176,1.0,0.18074897741171222,0.0,12
5,0.0,0.0,0.0,0.0,Building_12,11,MASAC,0.7188270092010498,False,0.0,0.0,0.0,0.6572644114494324,49,0,0.0,0.0,-0.0,429240,-0.0,0.0,-0.5734367966651917,0.0,0.0,0.0,0.0,57,3.8908395570003376,1.0,0.4132329977133818,0.0,-0.0,368.6661890220642,-0.5398296117782593,CityLearnV3MADRLRewardFunction,masac_unified_comparable_v4,E1,-368.6661890220642,1907,14.778446072901176,1.0,0.18074897741171222,0.0,12
13,0.0,0.0,0.0,0.0,Building_13,12,MASAC,0.7188270092010498,False,0.0,0.0,0.0,0.6572644114494324,49,0,0.0,0.0,-0.0,429240,-0.0,0.0,-0.5158194303512573,0.0,0.0,0.0,0.0,113,3.0043510340747583,1.0,0.13566568055379707,0.0,-0.0,53.42622730865478,-0.5398296117782593,CityLearnV3MADRLRewardFunction,masac_unified_comparable_v4,E1,-53.42622730865478,1907,14.778446072901176,1.0,0.18074897741171222,0.0,12
6,0.0,0.0,0.0,0.0,Building_14,13,MASAC,0.7188270092010498,False,0.0,0.0,0.0,0.6572644114494324,49,0,0.0,0.0,-0.0,429240,-0.0,0.0,-0.5228623151779175,0.0,0.0,0.0,0.0,64,3.7907286140079797,1.0,0.3512032094877213,0.0,-0.0,359.2798086639404,-0.5398296117782593,CityLearnV3MADRLRewardFunction,masac_unified_comparable_v4,E1,-359.2798086639404,1907,14.778446072901176,1.0,0.18074897741171222,0.0,12
10,0.0,0.0,0.0,0.0,Building_15,14,MASAC,0.7188270092010498,False,0.0,0.0,0.0,0.6572644114494324,49,0,0.0,0.0,-0.0,429240,-0.0,0.0,-0.5169805288314819,0.0,0.0,0.0,0.0,92,3.019555970089144,1.0,0.16778097038521714,0.0,-0.0,196.41248104400637,-0.5398296117782593,CityLearnV3MADRLRewardFunction,masac_unified_comparable_v4,E1,-196.41248104400637,1907,14.778446072901176,1.0,0.18074897741171222,0.0,12
13,0.0,0.0,0.0,0.0,Building_16,15,MASAC,0.7188270092010498,False,0.0,0.0,0.0,0.6572644114494324,49,0,0.0,0.0,-0.0,429240,-0.0,0.0,-0.5177354216575623,0.0,0.0,0.0,0.0,113,2.959754063195056,1.0,0.13385369318776427,0.0,-0.0,204.57459415283205,-0.5398296117782593,CityLearnV3MADRLRewardFunction,masac_unified_comparable_v4,E1,-204.57459415283205,1907,14.778446072901176,1.0,0.18074897741171222,0.0,12
13,1.0,1.0,0.07692307692307693,0.0,Building_17,16,MASAC,0.7188270092010498,False,0.0,0.0,0.0,0.6572644114494324,49,0,0.0,0.0,-0.0,429240,-0.0,0.0,-0.5713739395141602,0.0,0.0,0.0,0.0,113,3.050927290528624,1.0,0.1397212404526968,0.0,-0.0,32.02519646301269,-0.5398296117782593,CityLearnV3MADRLRewardFunction,masac_unified_comparable_v4,E1,-32.02519646301269,1907,14.778446072901176,1.0,0.18074897741171222,0.0,12
6,0.0,0.0,0.0,0.0,Building_1,0,MASAC,0.7900000214576721,True,0.0,0.0,0.0,0.32958081364631653,49,8747,0.0,0.0,-0.0,437987,0.0,391.586669921875,-0.8064704537391663,179.1614532470703,309.3534851074219,391.586669921875,391.586669921875,64,3.3417866958866154,1.0,0.22551216604188085,0.0,0.0,0.0,-0.7547588348388672,CityLearnV3MADRLRewardFunction,masac_unified_comparable_v4,E1,-0.0,1907,14.007446952868461,1.0,0.13067547823036285,0.0,8759
8,0.0,0.0,0.0,0.0,Building_2,1,MASAC,0.7900000214576721,True,0.0,0.0,0.0,0.32958081364631653,49,8747,0.0,0.0,-0.0,437987,0.0,0.1848604530096054,-0.696350634098053,0.08457864075899124,0.14603976905345917,0.1848604530096054,0.1848604530096054,78,3.375015863600808,1.0,0.18210411912355667,0.0,0.0,0.0,-0.7547588348388672,CityLearnV3MADRLRewardFunction,masac_unified_comparable_v4,E1,-0.0,1907,14.007446952868461,1.0,0.13067547823036285,0.0,8759
10,1.0,1.0,0.1,0.0,Building_3,2,MASAC,0.7900000214576721,True,0.0,0.0,0.0,0.32958081364631653,49,8747,0.0,0.0,-0.0,437987,0.0,39.0087890625,-0.783185601234436,17.847572326660156,30.816944122314453,39.0087890625,39.0087890625,92,3.257585907562281,1.0,0.1493938194344873,0.0,0.0,0.0,-0.7547588348388672,CityLearnV3MADRLRewardFunction,masac_unified_comparable_v4,E1,-0.0,1907,14.007446952868461,1.0,0.13067547823036285,0.0,8759
8,0.0,0.0,0.0,0.0,Building_4,3,MASAC,0.7900000214576721,True,0.0,0.0,0.0,0.32958081364631653,49,8747,0.0,0.0,-0.0,437987,0.0,36.67196273803711,-0.7886705994606018,16.778411865234375,28.97085189819336,36.67196273803711,36.67196273803711,78,3.3874825115459037,1.0,0.18575637768476438,0.0,0.0,0.0,-0.7547588348388672,CityLearnV3MADRLRewardFunction,masac_unified_comparable_v4,E1,-0.0,1907,14.007446952868461,1.0,0.13067547823036285,0.0,8759
5,0.0,0.0,0.0,0.0,Building_5,4,MASAC,0.7900000214576721,True,0.0,0.0,0.0,0.32958081364631653,49,8747,0.0,0.0,-0.0,437987,0.0,54.225337982177734,-0.8239847421646118,24.809553146362305,42.838016510009766,54.225337982177734,54.225337982177734,57,3.4804466246749843,1.0,0.2822595356326354,0.0,0.0,0.0,-0.7547588348388672,CityLearnV3MADRLRewardFunction,masac_unified_comparable_v4,E1,-0.0,1907,14.007446952868461,1.0,0.13067547823036285,0.0,8759
34,0.0,0.0,0.0,0.0,Building_6,5,MASAC,0.7900000214576721,True,0.0,0.0,0.0,0.32958081364631653,49,8747,0.0,0.0,-0.0,437987,0.0,348.8946838378906,-0.8010069727897644,159.62872314453125,275.6268005371094,348.8946838378906,348.8946838378906,260,3.2499247560386917,1.0,0.052721853726185285,0.0,0.0,0.0,-0.7547588348388672,CityLearnV3MADRLRewardFunction,masac_unified_comparable_v4,E1,-0.0,1907,14.007446952868461,1.0,0.13067547823036285,0.0,8759
44,0.0,0.0,0.0,0.0,Building_7,6,MASAC,0.7900000214576721,True,0.0,0.0,0.0,0.32958081364631653,49,8747,0.0,0.0,-0.0,437987,0.0,2.9800853729248047,-0.7084492444992065,1.3634693622589111,2.3542675971984863,2.9800853729248047,2.9800853729248047,330,3.373473559420337,1.0,0.04354774660684846,0.0,0.0,0.0,-0.7547588348388672,CityLearnV3MADRLRewardFunction,masac_unified_comparable_v4,E1,-0.0,1907,14.007446952868461,1.0,0.13067547823036285,0.0,8759
19,0.0,0.0,0.0,0.0,Building_8,7,MASAC,0.7900000214576721,True,0.0,0.0,0.0,0.32958081364631653,49,8747,0.0,0.0,-0.0,437987,0.0,6.19936990737915,-0.7227979302406311,2.836378812789917,4.897502422332764,6.19936990737915,6.19936990737915,155,3.5284911916117543,1.0,0.09905682379199612,0.0,0.0,0.0,-0.7547588348388672,CityLearnV3MADRLRewardFunction,masac_unified_comparable_v4,E1,-0.0,1907,14.007446952868461,1.0,0.13067547823036285,0.0,8759
12,1.0,1.0,0.08333333333333333,0.0,Building_9,8,MASAC,0.7900000214576721,True,0.0,0.0,0.0,0.32958081364631653,49,8747,0.0,0.0,-0.0,437987,0.0,2.1350696086883545,-0.6873252391815186,0.9768518805503845,1.6867049932479858,2.1350696086883545,2.1350696086883545,106,3.575395377032754,1.0,0.15322998629988366,0.0,0.0,0.0,-0.7547588348388672,CityLearnV3MADRLRewardFunction,masac_unified_comparable_v4,E1,-0.0,1907,14.007446952868461,1.0,0.13067547823036285,0.0,8759
8,0.0,0.0,0.0,0.0,Building_10,9,MASAC,0.7900000214576721,True,0.0,0.0,0.0,0.32958081364631653,49,8747,0.0,0.0,-0.0,437987,0.0,16.451881408691406,-0.7559819221496582,7.52717924118042,12.996986389160156,16.451881408691406,16.451881408691406,78,3.377370980383742,1.0,0.18490936311009604,0.0,0.0,0.0,-0.7547588348388672,CityLearnV3MADRLRewardFunction,masac_unified_comparable_v4,E1,-0.0,1907,14.007446952868461,1.0,0.13067547823036285,0.0,8759
5,0.0,0.0,0.0,0.0,Building_11,10,MASAC,0.7900000214576721,True,0.0,0.0,0.0,0.32958081364631653,49,8747,0.0,0.0,-0.0,437987,0.0,66.45198059082031,-0.7976199984550476,30.40357208251953,52.497066497802734,66.45198059082031,66.45198059082031,57,3.4233626662412298,1.0,0.25693561006010623,0.0,0.0,0.0,-0.7547588348388672,CityLearnV3MADRLRewardFunction,masac_unified_comparable_v4,E1,-0.0,1907,14.007446952868461,1.0,0.13067547823036285,0.0,8759
5,0.0,0.0,0.0,0.0,Building_12,11,MASAC,0.7900000214576721,True,0.0,0.0,0.0,0.32958081364631653,49,8747,0.0,0.0,-0.0,437987,0.0,155.388671875,-0.7936854958534241,71.0945053100586,122.7570571899414,155.388671875,155.388671875,57,3.29260630354999,1.0,0.24682922478307756,0.0,0.0,0.0,-0.7547588348388672,CityLearnV3MADRLRewardFunction,masac_unified_comparable_v4,E1,-0.0,1907,14.007446952868461,1.0,0.13067547823036285,0.0,8759
13,0.0,0.0,0.0,0.0,Building_13,12,MASAC,0.7900000214576721,True,0.0,0.0,0.0,0.32958081364631653,49,8747,0.0,0.0,-0.0,437987,0.0,0.1047736182808876,-0.6960254907608032,0.04793675243854523,0.08277115970849991,0.1047736182808876,0.1047736182808876,113,3.4712343676598283,1.0,0.13128922101670662,0.0,0.0,0.0,-0.7547588348388672,CityLearnV3MADRLRewardFunction,masac_unified_comparable_v4,E1,-0.0,1907,14.007446952868461,1.0,0.13067547823036285,0.0,8759
6,0.0,0.0,0.0,0.0,Building_14,13,MASAC,0.7900000214576721,True,0.0,0.0,0.0,0.32958081364631653,49,8747,0.0,0.0,-0.0,437987,0.0,1.3521205186843872,-0.7013684511184692,0.6186316013336182,1.068175196647644,1.3521205186843872,1.3521205186843872,64,3.3568831347793746,1.0,0.2209388471674174,0.0,0.0,0.0,-0.7547588348388672,CityLearnV3MADRLRewardFunction,masac_unified_comparable_v4,E1,-0.0,1907,14.007446952868461,1.0,0.13067547823036285,0.0,8759
10,0.0,0.0,0.0,0.0,Building_15,14,MASAC,0.7900000214576721,True,0.0,0.0,0.0,0.32958081364631653,49,8747,0.0,0.0,-0.0,437987,0.0,15.147623062133789,-0.752963662147522,6.930445671081543,11.966622352600098,15.147623062133789,15.147623062133789,92,3.436998293761742,1.0,0.16269456141668817,0.0,0.0,0.0,-0.7547588348388672,CityLearnV3MADRLRewardFunction,masac_unified_comparable_v4,E1,-0.0,1907,14.007446952868461,1.0,0.13067547823036285,0.0,8759
13,0.0,0.0,0.0,0.0,Building_16,15,MASAC,0.7900000214576721,True,0.0,0.0,0.0,0.32958081364631653,49,8747,0.0,0.0,-0.0,437987,0.0,11.957420349121094,-0.7441833019256592,5.470841884613037,9.446362495422363,11.957420349121094,11.957420349121094,113,3.4198497935917738,1.0,0.12946767195136147,0.0,0.0,0.0,-0.7547588348388672,CityLearnV3MADRLRewardFunction,masac_unified_comparable_v4,E1,-0.0,1907,14.007446952868461,1.0,0.13067547823036285,0.0,8759
13,0.0,0.0,0.0,0.0,Building_17,16,MASAC,0.7900000214576721,True,0.0,0.0,0.0,0.32958081364631653,49,8747,0.0,0.0,-0.0,437987,0.0,23.087642669677734,-0.7708300948143005,10.56321907043457,18.239238739013672,23.087642669677734,23.087642669677734,113,3.3882274273568584,1.0,0.13144734000737687,0.0,0.0,0.0,-0.7547588348388672,CityLearnV3MADRLRewardFunction,masac_unified_comparable_v4,E1,-0.0,1907,14.007446952868461,1.0,0.13067547823036285,0.0,8759
