action_dim,action_l2,action_max,action_mean,action_min,agent,agent_index,algorithm,carbon_intensity,done,electrical_storage_electricity_consumption_kwh,electrical_storage_energy_balance_kwh,electrical_storage_soc,electricity_price,episode,episode_step,ev_charge_kwh,ev_electricity_consumption_kwh,ev_v2g_export_kwh,global_step,grid_export_kwh,grid_import_kwh,individual_reward,net_electricity_consumption_cost,net_electricity_consumption_emission,net_electricity_consumption_kwh,net_electricity_consumption_without_storage_kwh,observation_dim,observation_l2,observation_max,observation_mean,observation_min,pv_export_kwh,pv_generation_kwh,reward,reward_function,reward_profile,scenario,solar_generation_raw_kwh,state_dim,state_l2,state_max,state_mean,state_min,time_step
6,0.0,0.0,0.0,0.0,Building_1,0,MAAC,0.7900000214576721,False,0.0,0.0,0.0,0.43466824293136597,0,0,0.0,0.0,-0.0,0,-0.0,0.0,-0.5376309156417847,0.0,0.0,0.0,0.0,64,3.3512938559391947,1.0,0.22822004300542176,0.0,0.0,0.0,-0.47685742378234863,CityLearnV3MADRLRewardFunction,maac_unified_comparable_v4,E1,-0.0,1907,14.14156522034999,1.0,0.1326623338562308,0.0,1
8,0.0,0.0,0.0,0.0,Building_2,1,MAAC,0.7900000214576721,False,0.0,0.0,0.0,0.43466824293136597,0,0,0.0,0.0,-0.0,0,-0.0,0.0,-0.4267708659172058,0.0,0.0,0.0,0.0,78,3.4313283575988627,1.0,0.18794509099844176,0.0,0.0,0.0,-0.47685742378234863,CityLearnV3MADRLRewardFunction,maac_unified_comparable_v4,E1,-0.0,1907,14.14156522034999,1.0,0.1326623338562308,0.0,1
10,0.0,0.0,0.0,0.0,Building_3,2,MAAC,0.7900000214576721,False,0.0,0.0,0.0,0.43466824293136597,0,0,0.0,0.0,-0.0,0,-0.0,0.0,-0.5247323513031006,0.0,0.0,0.0,0.0,92,3.48253435869289,1.0,0.16693019502512788,0.0,0.0,0.0,-0.47685742378234863,CityLearnV3MADRLRewardFunction,maac_unified_comparable_v4,E1,-0.0,1907,14.14156522034999,1.0,0.1326623338562308,0.0,1
8,0.0,0.0,0.0,0.0,Building_4,3,MAAC,0.7900000214576721,False,0.0,0.0,0.0,0.43466824293136597,0,0,0.0,0.0,-0.0,0,-0.0,0.0,-0.4926718473434448,0.0,0.0,0.0,0.0,78,3.3526943269816174,1.0,0.18393695717438674,0.0,0.0,0.0,-0.47685742378234863,CityLearnV3MADRLRewardFunction,maac_unified_comparable_v4,E1,-0.0,1907,14.14156522034999,1.0,0.1326623338562308,0.0,1
5,1.0,1.0,0.2,0.0,Building_5,4,MAAC,0.7900000214576721,False,0.0,0.0,0.0,0.43466824293136597,0,0,0.0,0.0,-0.0,0,-0.0,0.0,-0.5198897123336792,0.0,0.0,0.0,0.0,57,3.402492142442395,1.0,0.26281924611120894,0.0,0.0,0.0,-0.47685742378234863,CityLearnV3MADRLRewardFunction,maac_unified_comparable_v4,E1,-0.0,1907,14.14156522034999,1.0,0.1326623338562308,0.0,1
34,0.0,0.0,0.0,0.0,Building_6,5,MAAC,0.7900000214576721,False,0.0,0.0,0.0,0.43466824293136597,0,0,0.0,0.0,-0.0,0,-0.0,0.0,-0.5303987860679626,0.0,0.0,0.0,0.0,260,3.337631548597973,1.0,0.05485789380394496,0.0,0.0,0.0,-0.47685742378234863,CityLearnV3MADRLRewardFunction,maac_unified_comparable_v4,E1,-0.0,1907,14.14156522034999,1.0,0.1326623338562308,0.0,1
44,0.0,0.0,0.0,0.0,Building_7,6,MAAC,0.7900000214576721,False,0.0,0.0,0.0,0.43466824293136597,0,0,0.0,0.0,-0.0,0,-0.0,0.0,-0.4270387887954712,0.0,0.0,0.0,0.0,330,3.4149667010378306,1.0,0.0442771235650236,0.0,0.0,0.0,-0.47685742378234863,CityLearnV3MADRLRewardFunction,maac_unified_comparable_v4,E1,-0.0,1907,14.14156522034999,1.0,0.1326623338562308,0.0,1
19,0.0,0.0,0.0,0.0,Building_8,7,MAAC,0.7900000214576721,False,0.0,0.0,0.0,0.43466824293136597,0,0,0.0,0.0,-0.0,0,-0.0,0.0,-0.426810085773468,0.0,0.0,0.0,0.0,155,3.4274495038608204,1.0,0.09453268541443732,0.0,0.0,0.0,-0.47685742378234863,CityLearnV3MADRLRewardFunction,maac_unified_comparable_v4,E1,-0.0,1907,14.14156522034999,1.0,0.1326623338562308,0.0,1
12,0.0,0.0,0.0,0.0,Building_9,8,MAAC,0.7900000214576721,False,0.0,0.0,0.0,0.43466824293136597,0,0,0.0,0.0,-0.0,0,-0.0,0.0,-0.43740376830101013,0.0,0.0,0.0,0.0,106,3.529678408946232,1.0,0.14727685909788563,0.0,0.0,0.0,-0.47685742378234863,CityLearnV3MADRLRewardFunction,maac_unified_comparable_v4,E1,-0.0,1907,14.14156522034999,1.0,0.1326623338562308,0.0,1
8,0.0,0.0,0.0,0.0,Building_10,9,MAAC,0.7900000214576721,False,0.0,0.0,0.0,0.43466824293136597,0,0,0.0,0.0,-0.0,0,-0.0,0.0,-0.4507097899913788,0.0,0.0,0.0,0.0,78,3.3837904344710794,1.0,0.18562943305676946,0.0,0.0,0.0,-0.47685742378234863,CityLearnV3MADRLRewardFunction,maac_unified_comparable_v4,E1,-0.0,1907,14.14156522034999,1.0,0.1326623338562308,0.0,1
5,0.0,0.0,0.0,0.0,Building_11,10,MAAC,0.7900000214576721,False,0.0,0.0,0.0,0.43466824293136597,0,0,0.0,0.0,-0.0,0,-0.0,0.0,-0.5194469094276428,0.0,0.0,0.0,0.0,57,3.5403805670328476,1.0,0.27776590970001724,0.0,0.0,0.0,-0.47685742378234863,CityLearnV3MADRLRewardFunction,maac_unified_comparable_v4,E1,-0.0,1907,14.14156522034999,1.0,0.1326623338562308,0.0,1
5,0.0,0.0,0.0,0.0,Building_12,11,MAAC,0.7900000214576721,False,0.0,0.0,0.0,0.43466824293136597,0,0,0.0,0.0,-0.0,0,-0.0,0.0,-0.5330017805099487,0.0,0.0,0.0,0.0,57,3.4962380139454767,1.0,0.2744191836631089,0.0,0.0,0.0,-0.47685742378234863,CityLearnV3MADRLRewardFunction,maac_unified_comparable_v4,E1,-0.0,1907,14.14156522034999,1.0,0.1326623338562308,0.0,1
13,0.0,0.0,0.0,0.0,Building_13,12,MAAC,0.7900000214576721,False,0.0,0.0,0.0,0.43466824293136597,0,0,0.0,0.0,-0.0,0,-0.0,0.0,-0.42691096663475037,0.0,0.0,0.0,0.0,113,3.4175228854689714,1.0,0.1292976727791592,0.0,0.0,0.0,-0.47685742378234863,CityLearnV3MADRLRewardFunction,maac_unified_comparable_v4,E1,-0.0,1907,14.14156522034999,1.0,0.1326623338562308,0.0,1
6,0.0,0.0,0.0,0.0,Building_14,13,MAAC,0.7900000214576721,False,0.0,0.0,0.0,0.43466824293136597,0,0,0.0,0.0,-0.0,0,-0.0,0.0,-0.43141472339630127,0.0,0.0,0.0,0.0,64,3.4308843135518807,1.0,0.22929084510542452,0.0,0.0,0.0,-0.47685742378234863,CityLearnV3MADRLRewardFunction,maac_unified_comparable_v4,E1,-0.0,1907,14.14156522034999,1.0,0.1326623338562308,0.0,1
10,0.0,0.0,0.0,0.0,Building_15,14,MAAC,0.7900000214576721,False,0.0,0.0,0.0,0.43466824293136597,0,0,0.0,0.0,-0.0,0,-0.0,0.0,-0.43173322081565857,0.0,0.0,0.0,0.0,92,3.430218680600312,1.0,0.159752010408303,0.0,0.0,0.0,-0.47685742378234863,CityLearnV3MADRLRewardFunction,maac_unified_comparable_v4,E1,-0.0,1907,14.14156522034999,1.0,0.1326623338562308,0.0,1
13,0.0,0.0,0.0,0.0,Building_16,15,MAAC,0.7900000214576721,False,0.0,0.0,0.0,0.43466824293136597,0,0,0.0,0.0,-0.0,0,-0.0,0.0,-0.4923053979873657,0.0,0.0,0.0,0.0,113,3.376408750082525,1.0,0.12812193028167285,0.0,0.0,0.0,-0.47685742378234863,CityLearnV3MADRLRewardFunction,maac_unified_comparable_v4,E1,-0.0,1907,14.14156522034999,1.0,0.1326623338562308,0.0,1
13,0.0,0.0,0.0,0.0,Building_17,16,MAAC,0.7900000214576721,False,0.0,0.0,0.0,0.43466824293136597,0,0,0.0,0.0,-0.0,0,-0.0,0.0,-0.4977060556411743,0.0,0.0,0.0,0.0,113,3.4928962461426605,1.0,0.13702333118535776,0.0,0.0,0.0,-0.47685742378234863,CityLearnV3MADRLRewardFunction,maac_unified_comparable_v4,E1,-0.0,1907,14.14156522034999,1.0,0.1326623338562308,0.0,1
6,0.0,0.0,0.0,0.0,Building_1,0,MAAC,0.7900000214576721,True,0.0,0.0,0.0,0.32958081364631653,0,8758,0.0,0.0,-0.0,8758,0.0,391.586669921875,-0.7970698475837708,179.1614532470703,309.3534851074219,391.586669921875,391.586669921875,64,3.2878199882222954,1.0,0.21887637465260923,0.0,0.0,0.0,-0.7502917051315308,CityLearnV3MADRLRewardFunction,maac_unified_comparable_v4,E1,-0.0,1907,14.053591510076107,1.0,0.13128365083208368,0.0,8759
8,0.0,0.0,0.0,0.0,Building_2,1,MAAC,0.7900000214576721,True,0.0,0.0,0.0,0.32958081364631653,0,8758,0.0,0.0,-0.0,8758,0.0,0.1848604530096054,-0.6917131543159485,0.08457864075899124,0.14603976905345917,0.1848604530096054,0.1848604530096054,78,3.4972618233068697,1.0,0.1915628665532821,0.0,0.0,0.0,-0.7502917051315308,CityLearnV3MADRLRewardFunction,maac_unified_comparable_v4,E1,-0.0,1907,14.053591510076107,1.0,0.13128365083208368,0.0,8759
10,0.0,0.0,0.0,0.0,Building_3,2,MAAC,0.7900000214576721,True,0.0,0.0,0.0,0.32958081364631653,0,8758,0.0,0.0,-0.0,8758,0.0,39.0087890625,-0.7786195874214172,17.847572326660156,30.816944122314453,39.0087890625,39.0087890625,92,3.2582525209510074,1.0,0.14950880845603737,0.0,0.0,0.0,-0.7502917051315308,CityLearnV3MADRLRewardFunction,maac_unified_comparable_v4,E1,-0.0,1907,14.053591510076107,1.0,0.13128365083208368,0.0,8759
8,0.0,0.0,0.0,0.0,Building_4,3,MAAC,0.7900000214576721,True,0.0,0.0,0.0,0.32958081364631653,0,8758,0.0,0.0,-0.0,8758,0.0,36.67196273803711,-0.7773345708847046,16.778411865234375,28.97085189819336,36.67196273803711,36.67196273803711,78,3.2585972523200493,1.0,0.1761810357371966,0.0,0.0,0.0,-0.7502917051315308,CityLearnV3MADRLRewardFunction,maac_unified_comparable_v4,E1,-0.0,1907,14.053591510076107,1.0,0.13128365083208368,0.0,8759
5,0.0,0.0,0.0,0.0,Building_5,4,MAAC,0.7900000214576721,True,0.0,0.0,0.0,0.32958081364631653,0,8758,0.0,0.0,-0.0,8758,0.0,54.225337982177734,-0.8276326060295105,24.809553146362305,42.838016510009766,54.225337982177734,54.225337982177734,57,3.58263519389127,1.0,0.29406152299621646,0.0,0.0,0.0,-0.7502917051315308,CityLearnV3MADRLRewardFunction,maac_unified_comparable_v4,E1,-0.0,1907,14.053591510076107,1.0,0.13128365083208368,0.0,8759
34,0.0,0.0,0.0,0.0,Building_6,5,MAAC,0.7900000214576721,True,0.0,0.0,0.0,0.32958081364631653,0,8758,0.0,0.0,-0.0,8758,0.0,348.8946838378906,-0.8013789057731628,159.62872314453125,275.6268005371094,348.8946838378906,348.8946838378906,260,3.2819726480371667,1.0,0.05383745007790052,0.0,0.0,0.0,-0.7502917051315308,CityLearnV3MADRLRewardFunction,maac_unified_comparable_v4,E1,-0.0,1907,14.053591510076107,1.0,0.13128365083208368,0.0,8759
44,0.0,0.0,0.0,0.0,Building_7,6,MAAC,0.7900000214576721,True,0.0,0.0,0.0,0.32958081364631653,0,8758,0.0,0.0,-0.0,8758,0.0,2.9800853729248047,-0.7041625380516052,1.3634693622589111,2.3542675971984863,2.9800853729248047,2.9800853729248047,330,3.466886806649913,1.0,0.04504608473542965,0.0,0.0,0.0,-0.7502917051315308,CityLearnV3MADRLRewardFunction,maac_unified_comparable_v4,E1,-0.0,1907,14.053591510076107,1.0,0.13128365083208368,0.0,8759
19,0.0,0.0,0.0,0.0,Building_8,7,MAAC,0.7900000214576721,True,0.0,0.0,0.0,0.32958081364631653,0,8758,0.0,0.0,-0.0,8758,0.0,6.19936990737915,-0.7174670696258545,2.836378812789917,4.897502422332764,6.19936990737915,6.19936990737915,155,3.435621502946316,1.0,0.09643950923796624,0.0,0.0,0.0,-0.7502917051315308,CityLearnV3MADRLRewardFunction,maac_unified_comparable_v4,E1,-0.0,1907,14.053591510076107,1.0,0.13128365083208368,0.0,8759
12,0.0,0.0,0.0,0.0,Building_9,8,MAAC,0.7900000214576721,True,0.0,0.0,0.0,0.32958081364631653,0,8758,0.0,0.0,-0.0,8758,0.0,2.1350696086883545,-0.6830996870994568,0.9768518805503845,1.6867049932479858,2.1350696086883545,2.1350696086883545,106,3.70707418270287,1.0,0.16076856148692797,0.0,0.0,0.0,-0.7502917051315308,CityLearnV3MADRLRewardFunction,maac_unified_comparable_v4,E1,-0.0,1907,14.053591510076107,1.0,0.13128365083208368,0.0,8759
8,0.0,0.0,0.0,0.0,Building_10,9,MAAC,0.7900000214576721,True,0.0,0.0,0.0,0.32958081364631653,0,8758,0.0,0.0,-0.0,8758,0.0,16.451881408691406,-0.7523168325424194,7.52717924118042,12.996986389160156,16.451881408691406,16.451881408691406,78,3.386026799278868,1.0,0.18642319538272345,0.0,0.0,0.0,-0.7502917051315308,CityLearnV3MADRLRewardFunction,maac_unified_comparable_v4,E1,-0.0,1907,14.053591510076107,1.0,0.13128365083208368,0.0,8759
5,0.0,0.0,0.0,0.0,Building_11,10,MAAC,0.7900000214576721,True,0.0,0.0,0.0,0.32958081364631653,0,8758,0.0,0.0,-0.0,8758,0.0,66.45198059082031,-0.7872070670127869,30.40357208251953,52.497066497802734,66.45198059082031,66.45198059082031,57,3.347915112154983,1.0,0.24954410446317574,0.0,0.0,0.0,-0.7502917051315308,CityLearnV3MADRLRewardFunction,maac_unified_comparable_v4,E1,-0.0,1907,14.053591510076107,1.0,0.13128365083208368,0.0,8759
5,0.0,0.0,0.0,0.0,Building_12,11,MAAC,0.7900000214576721,True,0.0,0.0,0.0,0.32958081364631653,0,8758,0.0,0.0,-0.0,8758,0.0,155.388671875,-0.7997101545333862,71.0945053100586,122.7570571899414,155.388671875,155.388671875,57,3.370131365015065,1.0,0.2562774108690128,0.0,0.0,0.0,-0.7502917051315308,CityLearnV3MADRLRewardFunction,maac_unified_comparable_v4,E1,-0.0,1907,14.053591510076107,1.0,0.13128365083208368,0.0,8759
13,1.0,1.0,0.07692307692307693,0.0,Building_13,12,MAAC,0.7900000214576721,True,0.0,0.0,0.0,0.32958081364631653,0,8758,0.0,0.0,-0.0,8758,0.0,0.1047736182808876,-0.6913527250289917,0.04793675243854523,0.08277115970849991,0.1047736182808876,0.1047736182808876,113,3.4760456398111437,1.0,0.13145100595676792,0.0,0.0,0.0,-0.7502917051315308,CityLearnV3MADRLRewardFunction,maac_unified_comparable_v4,E1,-0.0,1907,14.053591510076107,1.0,0.13128365083208368,0.0,8759
6,0.0,0.0,0.0,0.0,Building_14,13,MAAC,0.7900000214576721,True,0.0,0.0,0.0,0.32958081364631653,0,8758,0.0,0.0,-0.0,8758,0.0,1.3521205186843872,-0.6969558596611023,0.6186316013336182,1.068175196647644,1.3521205186843872,1.3521205186843872,64,3.4809519787299736,1.0,0.23241388704627752,0.0,0.0,0.0,-0.7502917051315308,CityLearnV3MADRLRewardFunction,maac_unified_comparable_v4,E1,-0.0,1907,14.053591510076107,1.0,0.13128365083208368,0.0,8759
10,0.0,0.0,0.0,0.0,Building_15,14,MAAC,0.7900000214576721,True,0.0,0.0,0.0,0.32958081364631653,0,8758,0.0,0.0,-0.0,8758,0.0,15.147623062133789,-0.7469797134399414,6.930445671081543,11.966622352600098,15.147623062133789,15.147623062133789,92,3.4004418073287894,1.0,0.15909206154553787,0.0,0.0,0.0,-0.7502917051315308,CityLearnV3MADRLRewardFunction,maac_unified_comparable_v4,E1,-0.0,1907,14.053591510076107,1.0,0.13128365083208368,0.0,8759
13,0.0,0.0,0.0,0.0,Building_16,15,MAAC,0.7900000214576721,True,0.0,0.0,0.0,0.32958081364631653,0,8758,0.0,0.0,-0.0,8758,0.0,11.957420349121094,-0.7375363111495972,5.470841884613037,9.446362495422363,11.957420349121094,11.957420349121094,113,3.3228580354846,1.0,0.12386564369750235,0.0,0.0,0.0,-0.7502917051315308,CityLearnV3MADRLRewardFunction,maac_unified_comparable_v4,E1,-0.0,1907,14.053591510076107,1.0,0.13128365083208368,0.0,8759
13,0.0,0.0,0.0,0.0,Building_17,16,MAAC,0.7900000214576721,True,0.0,0.0,0.0,0.32958081364631653,0,8758,0.0,0.0,-0.0,8758,0.0,23.087642669677734,-0.7644219994544983,10.56321907043457,18.239238739013672,23.087642669677734,23.087642669677734,113,3.3497077696742816,1.0,0.12887062567525207,0.0,0.0,0.0,-0.7502917051315308,CityLearnV3MADRLRewardFunction,maac_unified_comparable_v4,E1,-0.0,1907,14.053591510076107,1.0,0.13128365083208368,0.0,8759
6,0.0,0.0,0.0,0.0,Building_1,0,MAAC,0.7900000214576721,False,0.0,0.0,0.0,0.43774908781051636,1,0,0.0,0.0,-0.0,8760,-0.0,0.0,-0.6146625280380249,0.0,0.0,0.0,0.0,64,3.411525864499873,1.0,0.23431225784588605,0.0,0.0,0.0,-0.5590137243270874,CityLearnV3MADRLRewardFunction,maac_unified_comparable_v4,E1,-0.0,1907,14.564101789909802,1.0,0.1375542874572536,0.0,2
8,0.0,0.0,0.0,0.0,Building_2,1,MAAC,0.7900000214576721,False,0.0,0.0,0.0,0.43774908781051636,1,0,0.0,0.0,-0.0,8760,-0.0,0.0,-0.5060569047927856,0.0,0.0,0.0,0.0,78,3.536407057061777,1.0,0.195424760476901,0.0,0.0,0.0,-0.5590137243270874,CityLearnV3MADRLRewardFunction,maac_unified_comparable_v4,E1,-0.0,1907,14.564101789909802,1.0,0.1375542874572536,0.0,2
10,0.0,0.0,0.0,0.0,Building_3,2,MAAC,0.7900000214576721,False,0.0,0.0,0.0,0.43774908781051636,1,0,0.0,0.0,-0.0,8760,-0.0,0.0,-0.5752574801445007,0.0,0.0,0.0,0.0,92,3.60555005569515,1.0,0.1740509603658448,0.0,0.0,0.0,-0.5590137243270874,CityLearnV3MADRLRewardFunction,maac_unified_comparable_v4,E1,-0.0,1907,14.564101789909802,1.0,0.1375542874572536,0.0,2
8,0.0,0.0,0.0,0.0,Building_4,3,MAAC,0.7900000214576721,False,0.0,0.0,0.0,0.43774908781051636,1,0,0.0,0.0,-0.0,8760,-0.0,0.0,-0.5591148138046265,0.0,0.0,0.0,0.0,78,3.464355359802187,1.0,0.19151021702549395,0.0,0.0,0.0,-0.5590137243270874,CityLearnV3MADRLRewardFunction,maac_unified_comparable_v4,E1,-0.0,1907,14.564101789909802,1.0,0.1375542874572536,0.0,2
5,0.0,0.0,0.0,0.0,Building_5,4,MAAC,0.7900000214576721,False,0.0,0.0,0.0,0.43774908781051636,1,0,0.0,0.0,-0.0,8760,-0.0,0.0,-0.5955145955085754,0.0,0.0,0.0,0.0,57,3.5496438730528648,1.0,0.2758568998491555,0.0,0.0,0.0,-0.5590137243270874,CityLearnV3MADRLRewardFunction,maac_unified_comparable_v4,E1,-0.0,1907,14.564101789909802,1.0,0.1375542874572536,0.0,2
34,1.0,0.0,-0.029411764705882353,-1.0,Building_6,5,MAAC,0.7900000214576721,False,0.0,0.0,0.0,0.43774908781051636,1,0,0.0,0.0,-0.0,8760,-0.0,0.0,-0.6102343797683716,0.0,0.0,0.0,0.0,260,3.452531263128258,1.0,0.05761011775869589,0.0,0.0,0.0,-0.5590137243270874,CityLearnV3MADRLRewardFunction,maac_unified_comparable_v4,E1,-0.0,1907,14.564101789909802,1.0,0.1375542874572536,0.0,2
44,0.0,0.0,0.0,0.0,Building_7,6,MAAC,0.7900000214576721,False,0.0,0.0,0.0,0.43774908781051636,1,0,0.0,0.0,-0.0,8760,-0.0,0.0,-0.5116909742355347,0.0,0.0,0.0,0.0,330,3.5196323656745663,1.0,0.04606499367139556,0.0,0.0,0.0,-0.5590137243270874,CityLearnV3MADRLRewardFunction,maac_unified_comparable_v4,E1,-0.0,1907,14.564101789909802,1.0,0.1375542874572536,0.0,2
19,0.0,0.0,0.0,0.0,Building_8,7,MAAC,0.7900000214576721,False,0.0,0.0,0.0,0.43774908781051636,1,0,0.0,0.0,-0.0,8760,-0.0,0.0,-0.5083274245262146,0.0,0.0,0.0,0.0,155,3.5353589126896305,1.0,0.09840945779315886,0.0,0.0,0.0,-0.5590137243270874,CityLearnV3MADRLRewardFunction,maac_unified_comparable_v4,E1,-0.0,1907,14.564101789909802,1.0,0.1375542874572536,0.0,2
12,0.0,0.0,0.0,0.0,Building_9,8,MAAC,0.7900000214576721,False,0.0,0.0,0.0,0.43774908781051636,1,0,0.0,0.0,-0.0,8760,-0.0,0.0,-0.5148105025291443,0.0,0.0,0.0,0.0,106,3.650516143787624,1.0,0.1527974137438918,0.0,0.0,0.0,-0.5590137243270874,CityLearnV3MADRLRewardFunction,maac_unified_comparable_v4,E1,-0.0,1907,14.564101789909802,1.0,0.1375542874572536,0.0,2
8,1.0,1.0,0.125,0.0,Building_10,9,MAAC,0.7900000214576721,False,0.0,0.0,0.0,0.43774908781051636,1,0,0.0,0.0,-0.0,8760,-0.0,0.0,-0.5810869336128235,0.0,0.0,0.0,0.0,78,3.492491613218173,1.0,0.19376026724393552,0.0,0.0,0.0,-0.5590137243270874,CityLearnV3MADRLRewardFunction,maac_unified_comparable_v4,E1,-0.0,1907,14.564101789909802,1.0,0.1375542874572536,0.0,2
5,0.0,0.0,0.0,0.0,Building_11,10,MAAC,0.7900000214576721,False,0.0,0.0,0.0,0.43774908781051636,1,0,0.0,0.0,-0.0,8760,-0.0,0.0,-0.6010268330574036,0.0,0.0,0.0,0.0,57,3.6306434062596864,1.0,0.2827958995312975,0.0,0.0,0.0,-0.5590137243270874,CityLearnV3MADRLRewardFunction,maac_unified_comparable_v4,E1,-0.0,1907,14.564101789909802,1.0,0.1375542874572536,0.0,2
5,0.0,0.0,0.0,0.0,Building_12,11,MAAC,0.7900000214576721,False,0.0,0.0,0.0,0.43774908781051636,1,0,0.0,0.0,-0.0,8760,-0.0,0.0,-0.6103187203407288,0.0,0.0,0.0,0.0,57,3.5907660295555397,1.0,0.2799655484002933,0.0,0.0,0.0,-0.5590137243270874,CityLearnV3MADRLRewardFunction,maac_unified_comparable_v4,E1,-0.0,1907,14.564101789909802,1.0,0.1375542874572536,0.0,2
13,0.0,0.0,0.0,0.0,Building_13,12,MAAC,0.7900000214576721,False,0.0,0.0,0.0,0.43774908781051636,1,0,0.0,0.0,-0.0,8760,-0.0,0.0,-0.5080215930938721,0.0,0.0,0.0,0.0,113,3.5227462782343553,1.0,0.13456583741755612,0.0,0.0,0.0,-0.5590137243270874,CityLearnV3MADRLRewardFunction,maac_unified_comparable_v4,E1,-0.0,1907,14.564101789909802,1.0,0.1375542874572536,0.0,2
6,0.0,0.0,0.0,0.0,Building_14,13,MAAC,0.7900000214576721,False,0.0,0.0,0.0,0.43774908781051636,1,0,0.0,0.0,-0.0,8760,-0.0,0.0,-0.5114824771881104,0.0,0.0,0.0,0.0,64,3.5064414738050185,1.0,0.2365992950508371,0.0,0.0,0.0,-0.5590137243270874,CityLearnV3MADRLRewardFunction,maac_unified_comparable_v4,E1,-0.0,1907,14.564101789909802,1.0,0.1375542874572536,0.0,2
10,0.0,0.0,0.0,0.0,Building_15,14,MAAC,0.7900000214576721,False,0.0,0.0,0.0,0.43774908781051636,1,0,0.0,0.0,-0.0,8760,-0.0,0.0,-0.516234278678894,0.0,0.0,0.0,0.0,92,3.538171539981524,1.0,0.16653400400410528,0.0,0.0,0.0,-0.5590137243270874,CityLearnV3MADRLRewardFunction,maac_unified_comparable_v4,E1,-0.0,1907,14.564101789909802,1.0,0.1375542874572536,0.0,2
13,0.0,0.0,0.0,0.0,Building_16,15,MAAC,0.7900000214576721,False,0.0,0.0,0.0,0.43774908781051636,1,0,0.0,0.0,-0.0,8760,-0.0,0.0,-0.5981907844543457,0.0,0.0,0.0,0.0,113,3.4326414527602274,1.0,0.13125098470301755,0.0,0.0,0.0,-0.5590137243270874,CityLearnV3MADRLRewardFunction,maac_unified_comparable_v4,E1,-0.0,1907,14.564101789909802,1.0,0.1375542874572536,0.0,2
13,1.0,1.0,0.07692307692307693,0.0,Building_17,16,MAAC,0.7900000214576721,False,0.0,0.0,0.0,0.43774908781051636,1,0,0.0,0.0,-0.0,8760,-0.0,0.0,-0.5812015533447266,0.0,0.0,0.0,0.0,113,3.5992517778668245,1.0,0.14230994616462067,0.0,0.0,0.0,-0.5590137243270874,CityLearnV3MADRLRewardFunction,maac_unified_comparable_v4,E1,-0.0,1907,14.564101789909802,1.0,0.1375542874572536,0.0,2
6,0.0,0.0,0.0,0.0,Building_1,0,MAAC,0.7900000214576721,True,0.0,0.0,0.0,0.28695225715637207,1,8757,0.0,0.0,-0.0,17517,0.0,433.45458984375,-0.8375293612480164,172.66647338867188,342.42913818359375,433.45458984375,433.45458984375,64,3.195554878002722,1.0,0.2111083761556074,0.0,0.0,0.0,-0.7998313307762146,CityLearnV3MADRLRewardFunction,maac_unified_comparable_v4,E1,-0.0,1907,13.765091244140493,1.0,0.1265223052510899,0.0,8759
8,0.0,0.0,0.0,0.0,Building_2,1,MAAC,0.7900000214576721,True,0.0,0.0,0.0,0.28695225715637207,1,8757,0.0,0.0,-0.0,17517,0.0,15.16435432434082,-0.7857152223587036,6.040714740753174,11.979840278625488,15.16435432434082,15.16435432434082,78,3.4396024665700624,1.0,0.1882534897289215,0.0,0.0,0.0,-0.7998313307762146,CityLearnV3MADRLRewardFunction,maac_unified_comparable_v4,E1,-0.0,1907,13.765091244140493,1.0,0.1265223052510899,0.0,8759
10,0.0,0.0,0.0,0.0,Building_3,2,MAAC,0.7900000214576721,True,0.0,0.0,0.0,0.28695225715637207,1,8757,0.0,0.0,-0.0,17517,0.0,94.53981018066406,-0.8221883773803711,37.65989685058594,74.68645477294922,94.53981018066406,94.53981018066406,92,3.1964251142334943,1.0,0.14377083896618822,0.0,0.0,0.0,-0.7998313307762146,CityLearnV3MADRLRewardFunction,maac_unified_comparable_v4,E1,-0.0,1907,13.765091244140493,1.0,0.1265223052510899,0.0,8759
8,0.0,0.0,0.0,0.0,Building_4,3,MAAC,0.7900000214576721,True,0.0,0.0,0.0,0.28695225715637207,1,8757,0.0,0.0,-0.0,17517,0.0,31.04317283630371,-0.8136790990829468,12.366035461425781,24.524106979370117,31.04317283630371,31.04317283630371,78,3.267199042852577,1.0,0.17599790934950876,0.0,0.0,0.0,-0.7998313307762146,CityLearnV3MADRLRewardFunction,maac_unified_comparable_v4,E1,-0.0,1907,13.765091244140493,1.0,0.1265223052510899,0.0,8759
5,0.0,0.0,0.0,0.0,Building_5,4,MAAC,0.7900000214576721,True,0.0,0.0,0.0,0.28695225715637207,1,8757,0.0,0.0,-0.0,17517,0.0,38.538970947265625,-0.8571169972419739,15.351984024047852,30.44578742980957,38.538970947265625,38.538970947265625,57,3.533784622841161,1.0,0.28568359490549355,0.0,0.0,0.0,-0.7998313307762146,CityLearnV3MADRLRewardFunction,maac_unified_comparable_v4,E1,-0.0,1907,13.765091244140493,1.0,0.1265223052510899,0.0,8759
34,1.0,1.0,0.029411764705882353,0.0,Building_6,5,MAAC,0.7900000214576721,True,0.0,0.0,0.0,0.28695225715637207,1,8757,0.0,0.0,-0.0,17517,0.0,362.8901062011719,-0.8377052545547485,144.55712890625,286.6831970214844,362.8901062011719,362.8901062011719,260,3.2083132777871093,1.0,0.05163580119036711,0.0,0.0,0.0,-0.7998313307762146,CityLearnV3MADRLRewardFunction,maac_unified_comparable_v4,E1,-0.0,1907,13.765091244140493,1.0,0.1265223052510899,0.0,8759
44,1.0,1.0,0.022727272727272728,0.0,Building_7,6,MAAC,0.7900000214576721,True,0.0,0.0,0.0,0.28695225715637207,1,8757,0.0,0.0,-0.0,17517,0.0,12.664111137390137,-0.7780007123947144,5.044743537902832,10.004648208618164,12.664111137390137,12.664111137390137,330,3.3998083564900523,1.0,0.04353463342695525,0.0,0.0,0.0,-0.7998313307762146,CityLearnV3MADRLRewardFunction,maac_unified_comparable_v4,E1,-0.0,1907,13.765091244140493,1.0,0.1265223052510899,0.0,8759
19,1.0,1.0,0.05263157894736842,0.0,Building_8,7,MAAC,0.7900000214576721,True,0.0,0.0,0.0,0.28695225715637207,1,8757,0.0,0.0,-0.0,17517,0.0,12.065996170043945,-0.7754825949668884,4.806484699249268,9.532136917114258,12.065996170043945,12.065996170043945,155,3.41076398260957,1.0,0.09457545391013546,0.0,0.0,0.0,-0.7998313307762146,CityLearnV3MADRLRewardFunction,maac_unified_comparable_v4,E1,-0.0,1907,13.765091244140493,1.0,0.1265223052510899,0.0,8759
12,0.0,0.0,0.0,0.0,Building_9,8,MAAC,0.7900000214576721,True,0.0,0.0,0.0,0.28695225715637207,1,8757,0.0,0.0,-0.0,17517,0.0,2.290161371231079,-0.7199146151542664,0.9122849106788635,1.8092275857925415,2.290161371231079,2.290161371231079,106,3.6504702086695233,1.0,0.15574050026963343,0.0,0.0,0.0,-0.7998313307762146,CityLearnV3MADRLRewardFunction,maac_unified_comparable_v4,E1,-0.0,1907,13.765091244140493,1.0,0.1265223052510899,0.0,8759
8,0.0,0.0,0.0,0.0,Building_10,9,MAAC,0.7900000214576721,True,0.0,0.0,0.0,0.28695225715637207,1,8757,0.0,0.0,-0.0,17517,0.0,51.649574279785156,-0.8276268839836121,20.574588775634766,40.803165435791016,51.649574279785156,51.649574279785156,78,3.381479578964998,1.0,0.1836981573739113,0.0,0.0,0.0,-0.7998313307762146,CityLearnV3MADRLRewardFunction,maac_unified_comparable_v4,E1,-0.0,1907,13.765091244140493,1.0,0.1265223052510899,0.0,8759
5,1.0,0.0,-0.2,-1.0,Building_11,10,MAAC,0.7900000214576721,True,0.0,0.0,0.0,0.28695225715637207,1,8757,0.0,0.0,-0.0,17517,0.0,71.54803466796875,-0.8242167234420776,28.501131057739258,56.52294921875,71.54803466796875,71.54803466796875,57,3.2631642819871187,1.0,0.23946072572940275,0.0,0.0,0.0,-0.7998313307762146,CityLearnV3MADRLRewardFunction,maac_unified_comparable_v4,E1,-0.0,1907,13.765091244140493,1.0,0.1265223052510899,0.0,8759
5,0.0,0.0,0.0,0.0,Building_12,11,MAAC,0.7900000214576721,True,0.0,0.0,0.0,0.28695225715637207,1,8757,0.0,0.0,-0.0,17517,0.0,215.11593627929688,-0.8277420997619629,85.69135284423828,169.94158935546875,215.11593627929688,215.11593627929688,57,3.2113644525628953,1.0,0.2370479455903957,0.0,0.0,0.0,-0.7998313307762146,CityLearnV3MADRLRewardFunction,maac_unified_comparable_v4,E1,-0.0,1907,13.765091244140493,1.0,0.1265223052510899,0.0,8759
13,1.0,1.0,0.07692307692307693,0.0,Building_13,12,MAAC,0.7900000214576721,True,0.0,0.0,0.0,0.28695225715637207,1,8757,0.0,0.0,-0.0,17517,0.0,2.033022403717041,-0.736165463924408,0.8098536729812622,1.6060876846313477,2.033022403717041,2.033022403717041,113,3.4023722162948955,1.0,0.12618992754579644,0.0,0.0,0.0,-0.7998313307762146,CityLearnV3MADRLRewardFunction,maac_unified_comparable_v4,E1,-0.0,1907,13.765091244140493,1.0,0.1265223052510899,0.0,8759
6,0.0,0.0,0.0,0.0,Building_14,13,MAAC,0.7900000214576721,True,0.0,0.0,0.0,0.28695225715637207,1,8757,0.0,0.0,-0.0,17517,0.0,2.6149511337280273,-0.738684356212616,1.041664719581604,2.0658113956451416,2.6149511337280273,2.6149511337280273,64,3.364618021561269,1.0,0.22034686000552028,0.0,0.0,0.0,-0.7998313307762146,CityLearnV3MADRLRewardFunction,maac_unified_comparable_v4,E1,-0.0,1907,13.765091244140493,1.0,0.1265223052510899,0.0,8759
10,0.0,0.0,0.0,0.0,Building_15,14,MAAC,0.7900000214576721,True,0.0,0.0,0.0,0.28695225715637207,1,8757,0.0,0.0,-0.0,17517,0.0,19.521480560302734,-0.7930012941360474,7.776374340057373,15.42197036743164,19.521480560302734,19.521480560302734,92,3.3271382294264527,1.0,0.1532294833627732,0.0,0.0,0.0,-0.7998313307762146,CityLearnV3MADRLRewardFunction,maac_unified_comparable_v4,E1,-0.0,1907,13.765091244140493,1.0,0.1265223052510899,0.0,8759
13,0.0,0.0,0.0,0.0,Building_16,15,MAAC,0.7900000214576721,True,0.0,0.0,0.0,0.28695225715637207,1,8757,0.0,0.0,-0.0,17517,0.0,54.89390563964844,-0.8238834142684937,21.866966247558594,43.366188049316406,54.89390563964844,54.89390563964844,113,3.258400222357761,1.0,0.12106605955457266,0.0,0.0,0.0,-0.7998313307762146,CityLearnV3MADRLRewardFunction,maac_unified_comparable_v4,E1,-0.0,1907,13.765091244140493,1.0,0.1265223052510899,0.0,8759
13,0.0,0.0,0.0,0.0,Building_17,16,MAAC,0.7900000214576721,True,0.0,0.0,0.0,0.28695225715637207,1,8757,0.0,0.0,-0.0,17517,0.0,22.46647071838379,-0.7984800338745117,8.949509620666504,17.748512268066406,22.46647071838379,22.46647071838379,113,3.2039679305335547,1.0,0.11731411061719456,0.0,0.0,0.0,-0.7998313307762146,CityLearnV3MADRLRewardFunction,maac_unified_comparable_v4,E1,-0.0,1907,13.765091244140493,1.0,0.1265223052510899,0.0,8759
6,0.0,0.0,0.0,0.0,Building_1,0,MAAC,0.7900000214576721,False,0.0,0.0,0.0,0.411760538816452,2,0,0.0,0.0,-0.0,17520,-0.0,0.0,-0.8024434447288513,0.0,0.0,0.0,0.0,64,3.309968496996886,1.0,0.22015545249450952,0.0,0.0,0.0,-0.7508657574653625,CityLearnV3MADRLRewardFunction,maac_unified_comparable_v4,E1,-0.0,1907,14.160223913670066,1.0,0.12974903544613248,0.0,3
8,0.0,0.0,0.0,0.0,Building_2,1,MAAC,0.7900000214576721,False,0.0,0.0,0.0,0.411760538816452,2,0,0.0,0.0,-0.0,17520,-0.0,0.0,-0.6970505714416504,0.0,0.0,0.0,0.0,78,3.4338103153800614,1.0,0.18323007770455801,0.0,0.0,0.0,-0.7508657574653625,CityLearnV3MADRLRewardFunction,maac_unified_comparable_v4,E1,-0.0,1907,14.160223913670066,1.0,0.12974903544613248,0.0,3
10,0.0,0.0,0.0,0.0,Building_3,2,MAAC,0.7900000214576721,False,0.0,0.0,0.0,0.411760538816452,2,0,0.0,0.0,-0.0,17520,-0.0,0.0,-0.7895456552505493,0.0,0.0,0.0,0.0,92,3.51520725089103,1.0,0.1660603108289449,0.0,0.0,0.0,-0.7508657574653625,CityLearnV3MADRLRewardFunction,maac_unified_comparable_v4,E1,-0.0,1907,14.160223913670066,1.0,0.12974903544613248,0.0,3
8,0.0,0.0,0.0,0.0,Building_4,3,MAAC,0.7900000214576721,False,0.0,0.0,0.0,0.411760538816452,2,0,0.0,0.0,-0.0,17520,-0.0,0.0,-0.7426562905311584,0.0,0.0,0.0,0.0,78,3.361007492799701,1.0,0.17944473763689017,0.0,0.0,0.0,-0.7508657574653625,CityLearnV3MADRLRewardFunction,maac_unified_comparable_v4,E1,-0.0,1907,14.160223913670066,1.0,0.12974903544613248,0.0,3
5,0.0,0.0,0.0,0.0,Building_5,4,MAAC,0.7900000214576721,False,0.0,0.0,0.0,0.411760538816452,2,0,0.0,0.0,-0.0,17520,-0.0,0.0,-0.7795905470848083,0.0,0.0,0.0,0.0,57,3.4546047285600414,1.0,0.2595720738172531,0.0,0.0,0.0,-0.7508657574653625,CityLearnV3MADRLRewardFunction,maac_unified_comparable_v4,E1,-0.0,1907,14.160223913670066,1.0,0.12974903544613248,0.0,3
34,1.0,1.0,0.029411764705882353,0.0,Building_6,5,MAAC,0.7900000214576721,False,0.0,0.0,0.0,0.411760538816452,2,0,0.0,0.0,-0.0,17520,-0.0,0.0,-0.7976445555686951,0.0,0.0,0.0,0.0,260,3.3466916701984117,1.0,0.05391121010940809,0.0,0.0,0.0,-0.7508657574653625,CityLearnV3MADRLRewardFunction,maac_unified_comparable_v4,E1,-0.0,1907,14.160223913670066,1.0,0.12974903544613248,0.0,3
44,1.0,1.0,0.022727272727272728,0.0,Building_7,6,MAAC,0.7900000214576721,False,0.0,0.0,0.0,0.411760538816452,2,0,0.0,0.0,-0.0,17520,-0.0,0.0,-0.7191556096076965,0.0,0.0,0.0,0.0,330,3.414602110432259,1.0,0.043283060667189684,0.0,0.0,0.0,-0.7508657574653625,CityLearnV3MADRLRewardFunction,maac_unified_comparable_v4,E1,-0.0,1907,14.160223913670066,1.0,0.12974903544613248,0.0,3
19,0.0,0.0,0.0,0.0,Building_8,7,MAAC,0.7900000214576721,False,0.0,0.0,0.0,0.411760538816452,2,0,0.0,0.0,-0.0,17520,-0.0,0.0,-0.6974589228630066,0.0,0.0,0.0,0.0,155,3.430556748098043,1.0,0.09217450758141855,0.0,0.0,0.0,-0.7508657574653625,CityLearnV3MADRLRewardFunction,maac_unified_comparable_v4,E1,-0.0,1907,14.160223913670066,1.0,0.12974903544613248,0.0,3
12,0.0,0.0,0.0,0.0,Building_9,8,MAAC,0.7900000214576721,False,0.0,0.0,0.0,0.411760538816452,2,0,0.0,0.0,-0.0,17520,-0.0,0.0,-0.7040786743164062,0.0,0.0,0.0,0.0,106,3.5581471634996307,1.0,0.145665575873177,0.0,0.0,0.0,-0.7508657574653625,CityLearnV3MADRLRewardFunction,maac_unified_comparable_v4,E1,-0.0,1907,14.160223913670066,1.0,0.12974903544613248,0.0,3
8,1.0,1.0,0.125,0.0,Building_10,9,MAAC,0.7900000214576721,False,0.0,0.0,0.0,0.411760538816452,2,0,0.0,0.0,-0.0,17520,-0.0,0.0,-0.7841249108314514,0.0,0.0,0.0,0.0,78,3.4309838008481965,1.0,0.18550158626376054,0.0,0.0,0.0,-0.7508657574653625,CityLearnV3MADRLRewardFunction,maac_unified_comparable_v4,E1,-0.0,1907,14.160223913670066,1.0,0.12974903544613248,0.0,3
5,0.0,0.0,0.0,0.0,Building_11,10,MAAC,0.7900000214576721,False,0.0,0.0,0.0,0.411760538816452,2,0,0.0,0.0,-0.0,17520,-0.0,0.0,-0.7899472713470459,0.0,0.0,0.0,0.0,57,3.5358746028374908,1.0,0.2687770988334689,0.0,0.0,0.0,-0.7508657574653625,CityLearnV3MADRLRewardFunction,maac_unified_comparable_v4,E1,-0.0,1907,14.160223913670066,1.0,0.12974903544613248,0.0,3
5,0.0,0.0,0.0,0.0,Building_12,11,MAAC,0.7900000214576721,False,0.0,0.0,0.0,0.411760538816452,2,0,0.0,0.0,-0.0,17520,-0.0,0.0,-0.7976954579353333,0.0,0.0,0.0,0.0,57,3.4917612623884047,1.0,0.2653993931517266,0.0,0.0,0.0,-0.7508657574653625,CityLearnV3MADRLRewardFunction,maac_unified_comparable_v4,E1,-0.0,1907,14.160223913670066,1.0,0.12974903544613248,0.0,3
13,0.0,0.0,0.0,0.0,Building_13,12,MAAC,0.7900000214576721,False,0.0,0.0,0.0,0.411760538816452,2,0,0.0,0.0,-0.0,17520,-0.0,0.0,-0.6967514753341675,0.0,0.0,0.0,0.0,113,3.4179954461508535,1.0,0.12603977091808236,0.0,0.0,0.0,-0.7508657574653625,CityLearnV3MADRLRewardFunction,maac_unified_comparable_v4,E1,-0.0,1907,14.160223913670066,1.0,0.12974903544613248,0.0,3
6,0.0,0.0,0.0,0.0,Building_14,13,MAAC,0.7900000214576721,False,0.0,0.0,0.0,0.411760538816452,2,0,0.0,0.0,-0.0,17520,-0.0,0.0,-0.6999916434288025,0.0,0.0,0.0,0.0,64,3.404012028260555,1.0,0.22185180766973644,0.0,0.0,0.0,-0.7508657574653625,CityLearnV3MADRLRewardFunction,maac_unified_comparable_v4,E1,-0.0,1907,14.160223913670066,1.0,0.12974903544613248,0.0,3
10,0.0,0.0,0.0,0.0,Building_15,14,MAAC,0.7900000214576721,False,0.0,0.0,0.0,0.411760538816452,2,0,0.0,0.0,-0.0,17520,-0.0,0.0,-0.720312774181366,0.0,0.0,0.0,0.0,92,3.4393079346893347,1.0,0.1574395160474207,0.0,0.0,0.0,-0.7508657574653625,CityLearnV3MADRLRewardFunction,maac_unified_comparable_v4,E1,-0.0,1907,14.160223913670066,1.0,0.12974903544613248,0.0,3
13,0.0,0.0,0.0,0.0,Building_16,15,MAAC,0.7900000214576721,False,0.0,0.0,0.0,0.411760538816452,2,0,0.0,0.0,-0.0,17520,-0.0,0.0,-0.7805672883987427,0.0,0.0,0.0,0.0,113,3.3247564429683245,1.0,0.12272911690241467,0.0,0.0,0.0,-0.7508657574653625,CityLearnV3MADRLRewardFunction,maac_unified_comparable_v4,E1,-0.0,1907,14.160223913670066,1.0,0.12974903544613248,0.0,3
13,0.0,0.0,0.0,0.0,Building_17,16,MAAC,0.7900000214576721,False,0.0,0.0,0.0,0.411760538816452,2,0,0.0,0.0,-0.0,17520,-0.0,0.0,-0.7657033205032349,0.0,0.0,0.0,0.0,113,3.502766734438189,1.0,0.1348736779352205,0.0,0.0,0.0,-0.7508657574653625,CityLearnV3MADRLRewardFunction,maac_unified_comparable_v4,E1,-0.0,1907,14.160223913670066,1.0,0.12974903544613248,0.0,3
6,0.0,0.0,0.0,0.0,Building_1,0,MAAC,0.7900000214576721,True,0.0,0.0,0.0,0.5087285041809082,2,8756,0.0,0.0,-0.0,26276,0.0,446.8856201171875,-0.8319769501686096,295.8052062988281,353.0396423339844,446.8856201171875,446.8856201171875,64,3.3849957407300724,1.0,0.23785978578962386,0.0,0.0,0.0,-0.7975605726242065,CityLearnV3MADRLRewardFunction,maac_unified_comparable_v4,E1,-0.0,1907,14.488929974226549,1.0,0.1421707875960212,0.0,8759
8,0.0,0.0,0.0,0.0,Building_2,1,MAAC,0.7900000214576721,True,0.0,0.0,0.0,0.5087285041809082,2,8756,0.0,0.0,-0.0,26276,0.0,5.618855953216553,-0.7497513890266418,3.719266653060913,4.438896179199219,5.618855953216553,5.618855953216553,78,3.494725679822041,1.0,0.19973702766956428,0.0,0.0,0.0,-0.7975605726242065,CityLearnV3MADRLRewardFunction,maac_unified_comparable_v4,E1,-0.0,1907,14.488929974226549,1.0,0.1421707875960212,0.0,8759
10,0.0,0.0,0.0,0.0,Building_3,2,MAAC,0.7900000214576721,True,0.0,0.0,0.0,0.5087285041809082,2,8756,0.0,0.0,-0.0,26276,0.0,98.17061614990234,-0.824626624584198,64.98168182373047,77.5547866821289,98.17061614990234,98.17061614990234,92,3.4212787153093465,1.0,0.16653869754594305,0.0,0.0,0.0,-0.7975605726242065,CityLearnV3MADRLRewardFunction,maac_unified_comparable_v4,E1,-0.0,1907,14.488929974226549,1.0,0.1421707875960212,0.0,8759
8,0.0,0.0,0.0,0.0,Building_4,3,MAAC,0.7900000214576721,True,0.0,0.0,0.0,0.5087285041809082,2,8756,0.0,0.0,-0.0,26276,0.0,28.84416961669922,-0.8064523339271545,19.09270477294922,22.786893844604492,28.84416961669922,28.84416961669922,78,3.387592891611962,1.0,0.19281298113174927,0.0,0.0,0.0,-0.7975605726242065,CityLearnV3MADRLRewardFunction,maac_unified_comparable_v4,E1,-0.0,1907,14.488929974226549,1.0,0.1421707875960212,0.0,8759
5,0.0,0.0,0.0,0.0,Building_5,4,MAAC,0.7900000214576721,True,0.0,0.0,0.0,0.5087285041809082,2,8756,0.0,0.0,-0.0,26276,0.0,37.89287567138672,-0.8566281795501709,25.082279205322266,29.935373306274414,37.89287567138672,37.89287567138672,57,3.7567797722235694,1.0,0.3214717818456784,0.0,0.0,0.0,-0.7975605726242065,CityLearnV3MADRLRewardFunction,maac_unified_comparable_v4,E1,-0.0,1907,14.488929974226549,1.0,0.1421707875960212,0.0,8759
34,1.0,1.0,0.029411764705882353,0.0,Building_6,5,MAAC,0.7900000214576721,True,0.0,0.0,0.0,0.5087285041809082,2,8756,0.0,0.0,-0.0,26276,0.0,350.8894348144531,-0.8359978795051575,232.26283264160156,277.2026672363281,350.8894348144531,350.8894348144531,260,3.468298079874571,1.0,0.06002855885487336,0.0,0.0,0.0,-0.7975605726242065,CityLearnV3MADRLRewardFunction,maac_unified_comparable_v4,E1,-0.0,1907,14.488929974226549,1.0,0.1421707875960212,0.0,8759
44,1.0,1.0,0.022727272727272728,0.0,Building_7,6,MAAC,0.7900000214576721,True,0.0,0.0,0.0,0.5087285041809082,2,8756,0.0,0.0,-0.0,26276,0.0,18.66022491455078,-0.7922208905220032,12.35168743133545,14.741578102111816,18.66022491455078,18.66022491455078,330,3.4896305356678323,1.0,0.04784462740927031,0.0,0.0,0.0,-0.7975605726242065,CityLearnV3MADRLRewardFunction,maac_unified_comparable_v4,E1,-0.0,1907,14.488929974226549,1.0,0.1421707875960212,0.0,8759
19,1.0,1.0,0.05263157894736842,0.0,Building_8,7,MAAC,0.7900000214576721,True,0.0,0.0,0.0,0.5087285041809082,2,8756,0.0,0.0,-0.0,26276,0.0,19.251495361328125,-0.7931914925575256,12.743064880371094,15.2086820602417,19.251495361328125,19.251495361328125,155,3.6222190097065625,1.0,0.10677293346774193,0.0,0.0,0.0,-0.7975605726242065,CityLearnV3MADRLRewardFunction,maac_unified_comparable_v4,E1,-0.0,1907,14.488929974226549,1.0,0.1421707875960212,0.0,8759
12,0.0,0.0,0.0,0.0,Building_9,8,MAAC,0.7900000214576721,True,0.0,0.0,0.0,0.5087285041809082,2,8756,0.0,0.0,-0.0,26276,0.0,2.4506425857543945,-0.7185484766960144,1.6221439838409424,1.9360077381134033,2.4506425857543945,2.4506425857543945,106,3.7144260636812096,1.0,0.16842447924164106,0.0,0.0,0.0,-0.7975605726242065,CityLearnV3MADRLRewardFunction,maac_unified_comparable_v4,E1,-0.0,1907,14.488929974226549,1.0,0.1421707875960212,0.0,8759
8,0.0,0.0,0.0,0.0,Building_10,9,MAAC,0.7900000214576721,True,0.0,0.0,0.0,0.5087285041809082,2,8756,0.0,0.0,-0.0,26276,0.0,34.33414077758789,-0.8174482583999634,22.726659774780273,27.123971939086914,34.33414077758789,34.33414077758789,78,3.572063215456203,1.0,0.2065349054069091,0.0,0.0,0.0,-0.7975605726242065,CityLearnV3MADRLRewardFunction,maac_unified_comparable_v4,E1,-0.0,1907,14.488929974226549,1.0,0.1421707875960212,0.0,8759
5,0.0,0.0,0.0,0.0,Building_11,10,MAAC,0.7900000214576721,True,0.0,0.0,0.0,0.5087285041809082,2,8756,0.0,0.0,-0.0,26276,0.0,57.917564392089844,-0.8176177144050598,38.33713912963867,45.754878997802734,57.917564392089844,57.917564392089844,57,3.4488652625815166,1.0,0.26857456983181466,0.0,0.0,0.0,-0.7975605726242065,CityLearnV3MADRLRewardFunction,maac_unified_comparable_v4,E1,-0.0,1907,14.488929974226549,1.0,0.1421707875960212,0.0,8759
5,0.0,0.0,0.0,0.0,Building_12,11,MAAC,0.7900000214576721,True,0.0,0.0,0.0,0.5087285041809082,2,8756,0.0,0.0,-0.0,26276,0.0,182.6020965576172,-0.8240103125572205,120.86907196044922,144.2556610107422,182.6020965576172,182.6020965576172,57,3.403672267254621,1.0,0.26519445447545303,0.0,0.0,0.0,-0.7975605726242065,CityLearnV3MADRLRewardFunction,maac_unified_comparable_v4,E1,-0.0,1907,14.488929974226549,1.0,0.1421707875960212,0.0,8759
13,0.0,0.0,0.0,0.0,Building_13,12,MAAC,0.7900000214576721,True,0.0,0.0,0.0,0.5087285041809082,2,8756,0.0,0.0,-0.0,26276,0.0,2.789367437362671,-0.7375940084457397,1.8463547229766846,2.2036004066467285,2.789367437362671,2.789367437362671,113,3.4873844259480578,1.0,0.13811665509654358,0.0,0.0,0.0,-0.7975605726242065,CityLearnV3MADRLRewardFunction,maac_unified_comparable_v4,E1,-0.0,1907,14.488929974226549,1.0,0.1421707875960212,0.0,8759
6,0.0,0.0,0.0,0.0,Building_14,13,MAAC,0.7900000214576721,True,0.0,0.0,0.0,0.5087285041809082,2,8756,0.0,0.0,-0.0,26276,0.0,2.485826015472412,-0.7364744544029236,1.6454328298568726,1.9638025760650635,2.485826015472412,2.485826015472412,64,3.5265239756963833,1.0,0.24777675094082952,0.0,0.0,0.0,-0.7975605726242065,CityLearnV3MADRLRewardFunction,maac_unified_comparable_v4,E1,-0.0,1907,14.488929974226549,1.0,0.1421707875960212,0.0,8759
10,0.0,0.0,0.0,0.0,Building_15,14,MAAC,0.7900000214576721,True,0.0,0.0,0.0,0.5087285041809082,2,8756,0.0,0.0,-0.0,26276,0.0,20.5941162109375,-0.7949798107147217,13.631780624389648,16.269351959228516,20.5941162109375,20.5941162109375,92,3.5316654650140924,1.0,0.17399608311445816,0.0,0.0,0.0,-0.7975605726242065,CityLearnV3MADRLRewardFunction,maac_unified_comparable_v4,E1,-0.0,1907,14.488929974226549,1.0,0.1421707875960212,0.0,8759
13,0.0,0.0,0.0,0.0,Building_16,15,MAAC,0.7900000214576721,True,0.0,0.0,0.0,0.5087285041809082,2,8756,0.0,0.0,-0.0,26276,0.0,103.13050842285156,-0.8206185102462769,68.26476287841797,81.47310638427734,103.13050842285156,103.13050842285156,113,3.439806229269319,1.0,0.13764319100738626,0.0,0.0,0.0,-0.7975605726242065,CityLearnV3MADRLRewardFunction,maac_unified_comparable_v4,E1,-0.0,1907,14.488929974226549,1.0,0.1421707875960212,0.0,8759
13,0.0,0.0,0.0,0.0,Building_17,16,MAAC,0.7900000214576721,True,0.0,0.0,0.0,0.5087285041809082,2,8756,0.0,0.0,-0.0,26276,0.0,21.1981143951416,-0.8003918528556824,14.031582832336426,16.746511459350586,21.1981143951416,21.1981143951416,113,3.5632813969794435,1.0,0.14400522186692838,0.0,0.0,0.0,-0.7975605726242065,CityLearnV3MADRLRewardFunction,maac_unified_comparable_v4,E1,-0.0,1907,14.488929974226549,1.0,0.1421707875960212,0.0,8759
6,1.0,1.0,0.16666666666666666,0.0,Building_1,0,MAAC,0.7900000214576721,False,0.0,0.0,0.0,0.5745980739593506,3,0,0.0,0.0,-0.0,26280,-0.0,0.0,-0.5334404706954956,0.0,0.0,0.0,0.0,64,3.259469466685134,1.0,0.23021915275603533,0.0,0.0,0.0,-0.47093504667282104,CityLearnV3MADRLRewardFunction,maac_unified_comparable_v4,E1,-0.0,1907,13.81964249034496,1.0,0.1346232439276548,0.0,4
8,1.0,1.0,0.125,0.0,Building_2,1,MAAC,0.7900000214576721,False,0.0,0.0,0.0,0.5745980739593506,3,0,0.0,0.0,-0.0,26280,-0.0,0.0,-0.42257440090179443,0.0,0.0,0.0,0.0,78,3.346674887055329,1.0,0.18985902422513717,0.0,0.0,0.0,-0.47093504667282104,CityLearnV3MADRLRewardFunction,maac_unified_comparable_v4,E1,-0.0,1907,13.81964249034496,1.0,0.1346232439276548,0.0,4
10,0.0,0.0,0.0,0.0,Building_3,2,MAAC,0.7900000214576721,False,0.0,0.0,0.0,0.5745980739593506,3,0,0.0,0.0,-0.0,26280,-0.0,0.0,-0.5187538862228394,0.0,0.0,0.0,0.0,92,3.5467973318569235,1.0,0.18188087569306727,0.0,0.0,0.0,-0.47093504667282104,CityLearnV3MADRLRewardFunction,maac_unified_comparable_v4,E1,-0.0,1907,13.81964249034496,1.0,0.1346232439276548,0.0,4
8,0.0,0.0,0.0,0.0,Building_4,3,MAAC,0.7900000214576721,False,0.0,0.0,0.0,0.5745980739593506,3,0,0.0,0.0,-0.0,26280,-0.0,0.0,-0.47696438431739807,0.0,0.0,0.0,0.0,78,3.258368923345297,1.0,0.18541248333759797,0.0,0.0,0.0,-0.47093504667282104,CityLearnV3MADRLRewardFunction,maac_unified_comparable_v4,E1,-0.0,1907,13.81964249034496,1.0,0.1346232439276548,0.0,4
5,0.0,0.0,0.0,0.0,Building_5,4,MAAC,0.7900000214576721,False,0.0,0.0,0.0,0.5745980739593506,3,0,0.0,0.0,-0.0,26280,-0.0,0.0,-0.5123697519302368,0.0,0.0,0.0,0.0,57,3.3331869782140404,1.0,0.27065924450493695,0.0,0.0,0.0,-0.47093504667282104,CityLearnV3MADRLRewardFunction,maac_unified_comparable_v4,E1,-0.0,1907,13.81964249034496,1.0,0.1346232439276548,0.0,4
34,1.0,1.0,0.029411764705882353,0.0,Building_6,5,MAAC,0.7900000214576721,False,0.0,0.0,0.0,0.5745980739593506,3,0,0.0,0.0,-0.0,26280,-0.0,0.0,-0.5233508348464966,0.0,0.0,0.0,0.0,260,3.243377046757894,1.0,0.05531280120977988,0.0,0.0,0.0,-0.47093504667282104,CityLearnV3MADRLRewardFunction,maac_unified_comparable_v4,E1,-0.0,1907,13.81964249034496,1.0,0.1346232439276548,0.0,4
44,0.0,0.0,0.0,0.0,Building_7,6,MAAC,0.7900000214576721,False,0.0,0.0,0.0,0.5745980739593506,3,0,0.0,0.0,-0.0,26280,-0.0,0.0,-0.4227931797504425,0.0,0.0,0.0,0.0,330,3.325625409347802,1.0,0.04464136605912989,0.0,0.0,0.0,-0.47093504667282104,CityLearnV3MADRLRewardFunction,maac_unified_comparable_v4,E1,-0.0,1907,13.81964249034496,1.0,0.1346232439276548,0.0,4
19,1.0,1.0,0.05263157894736842,0.0,Building_8,7,MAAC,0.7900000214576721,False,0.0,0.0,0.0,0.5745980739593506,3,0,0.0,0.0,-0.0,26280,-0.0,0.0,-0.42262595891952515,0.0,0.0,0.0,0.0,155,3.3387174835931144,1.0,0.09530599521052453,0.0,0.0,0.0,-0.47093504667282104,CityLearnV3MADRLRewardFunction,maac_unified_comparable_v4,E1,-0.0,1907,13.81964249034496,1.0,0.1346232439276548,0.0,4
12,0.0,0.0,0.0,0.0,Building_9,8,MAAC,0.7900000214576721,False,0.0,0.0,0.0,0.5745980739593506,3,0,0.0,0.0,-0.0,26280,-0.0,0.0,-0.43169915676116943,0.0,0.0,0.0,0.0,106,3.4535943819710755,1.0,0.15062285854287868,0.0,0.0,0.0,-0.47093504667282104,CityLearnV3MADRLRewardFunction,maac_unified_comparable_v4,E1,-0.0,1907,13.81964249034496,1.0,0.1346232439276548,0.0,4
8,1.0,0.0,-0.125,-1.0,Building_10,9,MAAC,0.7900000214576721,False,0.0,0.0,0.0,0.5745980739593506,3,0,0.0,0.0,-0.0,26280,-0.0,0.0,-0.44692426919937134,0.0,0.0,0.0,0.0,78,3.296362121049297,1.0,0.18740017720474264,0.0,0.0,0.0,-0.47093504667282104,CityLearnV3MADRLRewardFunction,maac_unified_comparable_v4,E1,-0.0,1907,13.81964249034496,1.0,0.1346232439276548,0.0,4
5,0.0,0.0,0.0,0.0,Building_11,10,MAAC,0.7900000214576721,False,0.0,0.0,0.0,0.5745980739593506,3,0,0.0,0.0,-0.0,26280,-0.0,0.0,-0.5150004625320435,0.0,0.0,0.0,0.0,57,3.438845588633541,1.0,0.27481933029597266,0.0,0.0,0.0,-0.47093504667282104,CityLearnV3MADRLRewardFunction,maac_unified_comparable_v4,E1,-0.0,1907,13.81964249034496,1.0,0.1346232439276548,0.0,4
5,0.0,0.0,0.0,0.0,Building_12,11,MAAC,0.7900000214576721,False,0.0,0.0,0.0,0.5745980739593506,3,0,0.0,0.0,-0.0,26280,-0.0,0.0,-0.5279479622840881,0.0,0.0,0.0,0.0,57,3.421040667072722,1.0,0.2791523411870003,0.0,0.0,0.0,-0.47093504667282104,CityLearnV3MADRLRewardFunction,maac_unified_comparable_v4,E1,-0.0,1907,13.81964249034496,1.0,0.1346232439276548,0.0,4
13,0.0,0.0,0.0,0.0,Building_13,12,MAAC,0.7900000214576721,False,0.0,0.0,0.0,0.5745980739593506,3,0,0.0,0.0,-0.0,26280,-0.0,0.0,-0.42268630862236023,0.0,0.0,0.0,0.0,113,3.332619640372886,1.0,0.13063423823466344,0.0,0.0,0.0,-0.47093504667282104,CityLearnV3MADRLRewardFunction,maac_unified_comparable_v4,E1,-0.0,1907,13.81964249034496,1.0,0.1346232439276548,0.0,4
6,0.0,0.0,0.0,0.0,Building_14,13,MAAC,0.7900000214576721,False,0.0,0.0,0.0,0.5745980739593506,3,0,0.0,0.0,-0.0,26280,-0.0,0.0,-0.42652618885040283,0.0,0.0,0.0,0.0,64,3.340735758554016,1.0,0.23131622187793255,0.0,0.0,0.0,-0.47093504667282104,CityLearnV3MADRLRewardFunction,maac_unified_comparable_v4,E1,-0.0,1907,13.81964249034496,1.0,0.1346232439276548,0.0,4
10,0.0,0.0,0.0,0.0,Building_15,14,MAAC,0.7900000214576721,False,0.0,0.0,0.0,0.5745980739593506,3,0,0.0,0.0,-0.0,26280,-0.0,0.0,-0.4276987910270691,0.0,0.0,0.0,0.0,92,3.3435395065674665,1.0,0.16121346948911314,0.0,0.0,0.0,-0.47093504667282104,CityLearnV3MADRLRewardFunction,maac_unified_comparable_v4,E1,-0.0,1907,13.81964249034496,1.0,0.1346232439276548,0.0,4
13,1.0,0.0,-0.07692307692307693,-1.0,Building_16,15,MAAC,0.7900000214576721,False,0.0,0.0,0.0,0.5745980739593506,3,0,0.0,0.0,-0.0,26280,-0.0,0.0,-0.4832337498664856,0.0,0.0,0.0,0.0,113,3.2864186731388263,1.0,0.12932152901075583,0.0,0.0,0.0,-0.47093504667282104,CityLearnV3MADRLRewardFunction,maac_unified_comparable_v4,E1,-0.0,1907,13.81964249034496,1.0,0.1346232439276548,0.0,4
13,0.0,0.0,0.0,0.0,Building_17,16,MAAC,0.7900000214576721,False,0.0,0.0,0.0,0.5745980739593506,3,0,0.0,0.0,-0.0,26280,-0.0,0.0,-0.4913049340248108,0.0,0.0,0.0,0.0,113,3.399380456189453,1.0,0.13721058174835898,0.0,0.0,0.0,-0.47093504667282104,CityLearnV3MADRLRewardFunction,maac_unified_comparable_v4,E1,-0.0,1907,13.81964249034496,1.0,0.1346232439276548,0.0,4
6,0.0,0.0,0.0,0.0,Building_1,0,MAAC,0.7900000214576721,True,0.0,0.0,0.0,0.32958081364631653,3,8755,0.0,0.0,-0.0,35035,0.0,391.586669921875,-0.8003658652305603,179.1614532470703,309.3534851074219,391.586669921875,391.586669921875,64,3.2878764497889366,1.0,0.21889023180119693,0.0,0.0,0.0,-0.7546322345733643,CityLearnV3MADRLRewardFunction,maac_unified_comparable_v4,E1,-0.0,1907,14.1502276386568,1.0,0.1323347633727008,0.0,8759
8,0.0,0.0,0.0,0.0,Building_2,1,MAAC,0.7900000214576721,True,0.0,0.0,0.0,0.32958081364631653,3,8755,0.0,0.0,-0.0,35035,0.0,0.1848604530096054,-0.6949366331100464,0.08457864075899124,0.14603976905345917,0.1848604530096054,0.1848604530096054,78,3.3751986832565475,1.0,0.18214328434222785,0.0,0.0,0.0,-0.7546322345733643,CityLearnV3MADRLRewardFunction,maac_unified_comparable_v4,E1,-0.0,1907,14.1502276386568,1.0,0.1323347633727008,0.0,8759
10,0.0,0.0,0.0,0.0,Building_3,2,MAAC,0.7900000214576721,True,0.0,0.0,0.0,0.32958081364631653,3,8755,0.0,0.0,-0.0,35035,0.0,39.0087890625,-0.7818784117698669,17.847572326660156,30.816944122314453,39.0087890625,39.0087890625,92,3.2582505054132556,1.0,0.1495084694546202,0.0,0.0,0.0,-0.7546322345733643,CityLearnV3MADRLRewardFunction,maac_unified_comparable_v4,E1,-0.0,1907,14.1502276386568,1.0,0.1323347633727008,0.0,8759
8,0.0,0.0,0.0,0.0,Building_4,3,MAAC,0.7900000214576721,True,0.0,0.0,0.0,0.32958081364631653,3,8755,0.0,0.0,-0.0,35035,0.0,36.67196273803711,-0.7876661419868469,16.778411865234375,28.97085189819336,36.67196273803711,36.67196273803711,78,3.4029133277949604,1.0,0.1864599646666111,0.0,0.0,0.0,-0.7546322345733643,CityLearnV3MADRLRewardFunction,maac_unified_comparable_v4,E1,-0.0,1907,14.1502276386568,1.0,0.1323347633727008,0.0,8759
5,0.0,0.0,0.0,0.0,Building_5,4,MAAC,0.7900000214576721,True,0.0,0.0,0.0,0.32958081364631653,3,8755,0.0,0.0,-0.0,35035,0.0,54.225337982177734,-0.8320536017417908,24.809553146362305,42.838016510009766,54.225337982177734,54.225337982177734,57,3.6134143407080592,1.0,0.29614567887364773,0.0,0.0,0.0,-0.7546322345733643,CityLearnV3MADRLRewardFunction,maac_unified_comparable_v4,E1,-0.0,1907,14.1502276386568,1.0,0.1323347633727008,0.0,8759
34,1.0,1.0,0.029411764705882353,0.0,Building_6,5,MAAC,0.7900000214576721,True,0.0,0.0,0.0,0.32958081364631653,3,8755,0.0,0.0,-0.0,35035,0.0,348.8946838378906,-0.8050820231437683,159.62872314453125,275.6268005371094,348.8946838378906,348.8946838378906,260,3.328945673401486,1.0,0.05478648348496511,0.0,0.0,0.0,-0.7546322345733643,CityLearnV3MADRLRewardFunction,maac_unified_comparable_v4,E1,-0.0,1907,14.1502276386568,1.0,0.1323347633727008,0.0,8759
44,1.0,1.0,0.022727272727272728,0.0,Building_7,6,MAAC,0.7900000214576721,True,0.0,0.0,0.0,0.32958081364631653,3,8755,0.0,0.0,-0.0,35035,0.0,2.9800853729248047,-0.7074947953224182,1.3634693622589111,2.3542675971984863,2.9800853729248047,2.9800853729248047,330,3.4921826013310397,1.0,0.04532977358409853,0.0,0.0,0.0,-0.7546322345733643,CityLearnV3MADRLRewardFunction,maac_unified_comparable_v4,E1,-0.0,1907,14.1502276386568,1.0,0.1323347633727008,0.0,8759
19,0.0,0.0,0.0,0.0,Building_8,7,MAAC,0.7900000214576721,True,0.0,0.0,0.0,0.32958081364631653,3,8755,0.0,0.0,-0.0,35035,0.0,6.19936990737915,-0.7206732630729675,2.836378812789917,4.897502422332764,6.19936990737915,6.19936990737915,155,3.430138701964304,1.0,0.09622941863152289,0.0,0.0,0.0,-0.7546322345733643,CityLearnV3MADRLRewardFunction,maac_unified_comparable_v4,E1,-0.0,1907,14.1502276386568,1.0,0.1323347633727008,0.0,8759
12,0.0,0.0,0.0,0.0,Building_9,8,MAAC,0.7900000214576721,True,0.0,0.0,0.0,0.32958081364631653,3,8755,0.0,0.0,-0.0,35035,0.0,2.1350696086883545,-0.6863564848899841,0.9768518805503845,1.6867049932479858,2.1350696086883545,2.1350696086883545,106,3.70598246559616,1.0,0.1607302930557503,0.0,0.0,0.0,-0.7546322345733643,CityLearnV3MADRLRewardFunction,maac_unified_comparable_v4,E1,-0.0,1907,14.1502276386568,1.0,0.1323347633727008,0.0,8759
8,0.0,0.0,0.0,0.0,Building_10,9,MAAC,0.7900000214576721,True,0.0,0.0,0.0,0.32958081364631653,3,8755,0.0,0.0,-0.0,35035,0.0,16.451881408691406,-0.7569806575775146,7.52717924118042,12.996986389160156,16.451881408691406,16.451881408691406,78,3.467407890731983,1.0,0.19071835881242385,0.0,0.0,0.0,-0.7546322345733643,CityLearnV3MADRLRewardFunction,maac_unified_comparable_v4,E1,-0.0,1907,14.1502276386568,1.0,0.1323347633727008,0.0,8759
5,0.0,0.0,0.0,0.0,Building_11,10,MAAC,0.7900000214576721,True,0.0,0.0,0.0,0.32958081364631653,3,8755,0.0,0.0,-0.0,35035,0.0,66.45198059082031,-0.7933075428009033,30.40357208251953,52.497066497802734,66.45198059082031,66.45198059082031,57,3.37595843945078,1.0,0.2529091563141137,0.0,0.0,0.0,-0.7546322345733643,CityLearnV3MADRLRewardFunction,maac_unified_comparable_v4,E1,-0.0,1907,14.1502276386568,1.0,0.1323347633727008,0.0,8759
5,0.0,0.0,0.0,0.0,Building_12,11,MAAC,0.7900000214576721,True,0.0,0.0,0.0,0.32958081364631653,3,8755,0.0,0.0,-0.0,35035,0.0,155.388671875,-0.7919120192527771,71.0945053100586,122.7570571899414,155.388671875,155.388671875,57,3.2925249599017583,1.0,0.24669129754367627,0.0,0.0,0.0,-0.7546322345733643,CityLearnV3MADRLRewardFunction,maac_unified_comparable_v4,E1,-0.0,1907,14.1502276386568,1.0,0.1323347633727008,0.0,8759
13,1.0,1.0,0.07692307692307693,0.0,Building_13,12,MAAC,0.7900000214576721,True,1.4173758029937744,0.0,0.0,0.32958081364631653,3,8755,0.0,0.0,-0.0,35035,0.0,1.5221494436264038,-0.7038596272468567,0.6964244246482849,1.2024980783462524,1.5221494436264038,0.1047736406326294,113,3.4956947813627774,1.0,0.13208304939016832,0.0,0.0,0.0,-0.7546322345733643,CityLearnV3MADRLRewardFunction,maac_unified_comparable_v4,E1,-0.0,1907,14.1502276386568,1.0,0.1323347633727008,0.0,8759
6,0.0,0.0,0.0,0.0,Building_14,13,MAAC,0.7900000214576721,True,0.0,0.0,0.0,0.32958081364631653,3,8755,0.0,0.0,-0.0,35035,0.0,1.3521205186843872,-0.7001820206642151,0.6186316013336182,1.068175196647644,1.3521205186843872,1.3521205186843872,64,3.4569078811841027,1.0,0.23096321057528257,0.0,0.0,0.0,-0.7546322345733643,CityLearnV3MADRLRewardFunction,maac_unified_comparable_v4,E1,-0.0,1907,14.1502276386568,1.0,0.1323347633727008,0.0,8759
10,0.0,0.0,0.0,0.0,Building_15,14,MAAC,0.7900000214576721,True,0.0,0.0,0.0,0.32958081364631653,3,8755,0.0,0.0,-0.0,35035,0.0,15.147623062133789,-0.7528470158576965,6.930445671081543,11.966622352600098,15.147623062133789,15.147623062133789,92,3.504878638930406,1.0,0.1663068322383839,0.0,0.0,0.0,-0.7546322345733643,CityLearnV3MADRLRewardFunction,maac_unified_comparable_v4,E1,-0.0,1907,14.1502276386568,1.0,0.1323347633727008,0.0,8759
13,0.0,0.0,0.0,0.0,Building_16,15,MAAC,0.7900000214576721,True,0.0,0.0,0.0,0.32958081364631653,3,8755,0.0,0.0,-0.0,35035,0.0,11.957420349121094,-0.7414036989212036,5.470841884613037,9.446362495422363,11.957420349121094,11.957420349121094,113,3.3401766608065233,1.0,0.12558406828779034,0.0,0.0,0.0,-0.7546322345733643,CityLearnV3MADRLRewardFunction,maac_unified_comparable_v4,E1,-0.0,1907,14.1502276386568,1.0,0.1323347633727008,0.0,8759
13,1.0,1.0,0.07692307692307693,0.0,Building_17,16,MAAC,0.7900000214576721,True,0.0,0.0,0.0,0.32958081364631653,3,8755,0.0,0.0,-0.0,35035,0.0,23.087642669677734,-0.771748960018158,10.56321907043457,18.239238739013672,23.087642669677734,23.087642669677734,113,3.4820838169060115,1.0,0.13503968557425305,0.0,0.0,0.0,-0.7546322345733643,CityLearnV3MADRLRewardFunction,maac_unified_comparable_v4,E1,-0.0,1907,14.1502276386568,1.0,0.1323347633727008,0.0,8759
6,0.0,0.0,0.0,0.0,Building_1,0,MAAC,0.7900000214576721,False,0.0,0.0,0.0,0.5655900835990906,4,0,0.0,0.0,-0.0,35040,-0.0,0.0,-0.5702118873596191,0.0,0.0,0.0,0.0,64,3.3934178484852557,1.0,0.25613406812772155,0.0,0.0,0.0,-0.5153369307518005,CityLearnV3MADRLRewardFunction,maac_unified_comparable_v4,E1,-0.0,1907,14.688239299728657,1.0,0.1540923968902982,0.0,5
8,0.0,0.0,0.0,0.0,Building_2,1,MAAC,0.7900000214576721,False,0.0,0.0,0.0,0.5655900835990906,4,0,0.0,0.0,-0.0,35040,-0.0,0.0,-0.46159058809280396,0.0,0.0,0.0,0.0,78,3.5287329314703966,1.0,0.21414843545510218,0.0,0.0,0.0,-0.5153369307518005,CityLearnV3MADRLRewardFunction,maac_unified_comparable_v4,E1,-0.0,1907,14.688239299728657,1.0,0.1540923968902982,0.0,5
10,0.0,0.0,0.0,0.0,Building_3,2,MAAC,0.7900000214576721,False,0.0,0.0,0.0,0.5655900835990906,4,0,0.0,0.0,-0.0,35040,-0.0,0.0,-0.5327421426773071,0.0,0.0,0.0,0.0,92,3.8677461883892854,1.0,0.2216055504977703,0.0,0.0,0.0,-0.5153369307518005,CityLearnV3MADRLRewardFunction,maac_unified_comparable_v4,E1,-0.0,1907,14.688239299728657,1.0,0.1540923968902982,0.0,5
8,0.0,0.0,0.0,0.0,Building_4,3,MAAC,0.7900000214576721,False,0.0,0.0,0.0,0.5655900835990906,4,0,0.0,0.0,-0.0,35040,-0.0,0.0,-0.5144564509391785,0.0,0.0,0.0,0.0,78,3.4584319215276187,1.0,0.21040555911186415,0.0,0.0,0.0,-0.5153369307518005,CityLearnV3MADRLRewardFunction,maac_unified_comparable_v4,E1,-0.0,1907,14.688239299728657,1.0,0.1540923968902982,0.0,5
5,1.0,1.0,0.2,0.0,Building_5,4,MAAC,0.7900000214576721,False,0.0,0.0,0.0,0.5655900835990906,4,0,0.0,0.0,-0.0,35040,-0.0,0.0,-0.5509085655212402,0.0,0.0,0.0,0.0,57,3.5303109770204513,1.0,0.3008053518439594,0.0,0.0,0.0,-0.5153369307518005,CityLearnV3MADRLRewardFunction,maac_unified_comparable_v4,E1,-0.0,1907,14.688239299728657,1.0,0.1540923968902982,0.0,5
34,1.0,0.0,-0.029411764705882353,-1.0,Building_6,5,MAAC,0.7900000214576721,False,0.0,0.0,0.0,0.5655900835990906,4,0,0.0,0.0,-0.0,35040,-0.0,0.0,-0.5656231045722961,0.0,0.0,0.0,0.0,260,3.446053137954376,1.0,0.06326405248389794,0.0,0.0,0.0,-0.5153369307518005,CityLearnV3MADRLRewardFunction,maac_unified_comparable_v4,E1,-0.0,1907,14.688239299728657,1.0,0.1540923968902982,0.0,5
44,0.0,0.0,0.0,0.0,Building_7,6,MAAC,0.7900000214576721,False,0.0,0.0,0.0,0.5655900835990906,4,0,0.0,0.0,-0.0,35040,-0.0,0.0,-0.46735110878944397,0.0,0.0,0.0,0.0,330,3.5110764217351096,1.0,0.05047322827758211,0.0,0.0,0.0,-0.5153369307518005,CityLearnV3MADRLRewardFunction,maac_unified_comparable_v4,E1,-0.0,1907,14.688239299728657,1.0,0.1540923968902982,0.0,5
19,0.0,0.0,0.0,0.0,Building_8,7,MAAC,0.7900000214576721,False,0.0,0.0,0.0,0.5655900835990906,4,0,0.0,0.0,-0.0,35040,-0.0,0.0,-0.4639022946357727,0.0,0.0,0.0,0.0,155,3.5261443891086635,1.0,0.10777440263379005,0.0,0.0,0.0,-0.5153369307518005,CityLearnV3MADRLRewardFunction,maac_unified_comparable_v4,E1,-0.0,1907,14.688239299728657,1.0,0.1540923968902982,0.0,5
12,1.0,1.0,0.08333333333333333,0.0,Building_9,8,MAAC,0.7900000214576721,False,0.0,0.0,0.0,0.5655900835990906,4,0,0.0,0.0,-0.0,35040,-0.0,0.0,-0.47058358788490295,0.0,0.0,0.0,0.0,106,3.6062075467921155,1.0,0.16527585804743586,0.0,0.0,0.0,-0.5153369307518005,CityLearnV3MADRLRewardFunction,maac_unified_comparable_v4,E1,-0.0,1907,14.688239299728657,1.0,0.1540923968902982,0.0,5
8,0.0,0.0,0.0,0.0,Building_10,9,MAAC,0.7900000214576721,False,0.0,0.0,0.0,0.5655900835990906,4,0,0.0,0.0,-0.0,35040,-0.0,0.0,-0.5376511812210083,0.0,0.0,0.0,0.0,78,3.48274176130972,1.0,0.21229100733613357,0.0,0.0,0.0,-0.5153369307518005,CityLearnV3MADRLRewardFunction,maac_unified_comparable_v4,E1,-0.0,1907,14.688239299728657,1.0,0.1540923968902982,0.0,5
5,0.0,0.0,0.0,0.0,Building_11,10,MAAC,0.7900000214576721,False,0.0,0.0,0.0,0.5655900835990906,4,0,0.0,0.0,-0.0,35040,-0.0,0.0,-0.5564237833023071,0.0,0.0,0.0,0.0,57,3.763336717287316,1.0,0.330552190672933,0.0,0.0,0.0,-0.5153369307518005,CityLearnV3MADRLRewardFunction,maac_unified_comparable_v4,E1,-0.0,1907,14.688239299728657,1.0,0.1540923968902982,0.0,5
5,0.0,0.0,0.0,0.0,Building_12,11,MAAC,0.7900000214576721,False,0.0,0.0,0.0,0.5655900835990906,4,0,0.0,0.0,-0.0,35040,-0.0,0.0,-0.565436065196991,0.0,0.0,0.0,0.0,57,3.7310287606849903,1.0,0.33147364345036057,0.0,0.0,0.0,-0.5153369307518005,CityLearnV3MADRLRewardFunction,maac_unified_comparable_v4,E1,-0.0,1907,14.688239299728657,1.0,0.1540923968902982,0.0,5
13,0.0,0.0,0.0,0.0,Building_13,12,MAAC,0.7900000214576721,False,0.0,0.0,0.0,0.5655900835990906,4,0,0.0,0.0,-0.0,35040,-0.0,0.0,-0.4634028971195221,0.0,0.0,0.0,0.0,113,3.5165399094875562,1.0,0.147585317096879,0.0,0.0,0.0,-0.5153369307518005,CityLearnV3MADRLRewardFunction,maac_unified_comparable_v4,E1,-0.0,1907,14.688239299728657,1.0,0.1540923968902982,0.0,5
6,0.0,0.0,0.0,0.0,Building_14,13,MAAC,0.7900000214576721,False,0.0,0.0,0.0,0.5655900835990906,4,0,0.0,0.0,-0.0,35040,-0.0,0.0,-0.4671967029571533,0.0,0.0,0.0,0.0,64,3.612207238544067,1.0,0.2765714507550001,0.0,0.0,0.0,-0.5153369307518005,CityLearnV3MADRLRewardFunction,maac_unified_comparable_v4,E1,-0.0,1907,14.688239299728657,1.0,0.1540923968902982,0.0,5
10,0.0,0.0,0.0,0.0,Building_15,14,MAAC,0.7900000214576721,False,0.0,0.0,0.0,0.5655900835990906,4,0,0.0,0.0,-0.0,35040,-0.0,0.0,-0.4720264673233032,0.0,0.0,0.0,0.0,92,3.531279421937714,1.0,0.1824936253707046,0.0,0.0,0.0,-0.5153369307518005,CityLearnV3MADRLRewardFunction,maac_unified_comparable_v4,E1,-0.0,1907,14.688239299728657,1.0,0.1540923968902982,0.0,5
13,0.0,0.0,0.0,0.0,Building_16,15,MAAC,0.7900000214576721,False,0.0,0.0,0.0,0.5655900835990906,4,0,0.0,0.0,-0.0,35040,-0.0,0.0,-0.5533646941184998,0.0,0.0,0.0,0.0,113,3.417475790192459,1.0,0.14378368907270178,0.0,0.0,0.0,-0.5153369307518005,CityLearnV3MADRLRewardFunction,maac_unified_comparable_v4,E1,-0.0,1907,14.688239299728657,1.0,0.1540923968902982,0.0,5
13,1.0,1.0,0.07692307692307693,0.0,Building_17,16,MAAC,0.7900000214576721,False,0.0,0.0,0.0,0.5655900835990906,4,0,0.0,0.0,-0.0,35040,-0.0,0.0,-0.5478559136390686,0.0,0.0,0.0,0.0,113,3.6022937375224573,1.0,0.15729951944235152,0.0,0.0,0.0,-0.5153369307518005,CityLearnV3MADRLRewardFunction,maac_unified_comparable_v4,E1,-0.0,1907,14.688239299728657,1.0,0.1540923968902982,0.0,5
6,0.0,0.0,0.0,0.0,Building_1,0,MAAC,0.7900000214576721,True,0.0,0.0,0.0,0.28695225715637207,4,8754,0.0,0.0,-0.0,43794,0.0,433.45458984375,-0.8332193493843079,172.3194122314453,342.42913818359375,433.45458984375,433.45458984375,64,3.1784396668903994,1.0,0.20820503670256585,0.0,0.0,0.0,-0.7988277673721313,CityLearnV3MADRLRewardFunction,maac_unified_comparable_v4,E1,-0.0,1907,13.66806195087886,1.0,0.12552981323005333,0.0,8759
8,0.0,0.0,0.0,0.0,Building_2,1,MAAC,0.7900000214576721,True,0.0,0.0,0.0,0.28695225715637207,4,8754,0.0,0.0,-0.0,43794,0.0,15.16435432434082,-0.785078763961792,5.693665027618408,11.979840278625488,15.16435432434082,15.16435432434082,78,3.440653961482599,1.0,0.18830015328832161,0.0,0.0,0.0,-0.7988277673721313,CityLearnV3MADRLRewardFunction,maac_unified_comparable_v4,E1,-0.0,1907,13.66806195087886,1.0,0.12552981323005333,0.0,8759
10,0.0,0.0,0.0,0.0,Building_3,2,MAAC,0.7900000214576721,True,0.0,0.0,0.0,0.28695225715637207,4,8754,0.0,0.0,-0.0,43794,0.0,94.53981018066406,-0.8291639685630798,37.31284713745117,74.68645477294922,94.53981018066406,94.53981018066406,92,3.2441097786702304,1.0,0.14794445580438428,0.0,0.0,0.0,-0.7988277673721313,CityLearnV3MADRLRewardFunction,maac_unified_comparable_v4,E1,-0.0,1907,13.66806195087886,1.0,0.12552981323005333,0.0,8759
8,0.0,0.0,0.0,0.0,Building_4,3,MAAC,0.7900000214576721,True,0.0,0.0,0.0,0.28695225715637207,4,8754,0.0,0.0,-0.0,43794,0.0,31.04317283630371,-0.8115965723991394,12.018986701965332,24.524106979370117,31.04317283630371,31.04317283630371,78,3.2284138602874215,1.0,0.17358810578783354,0.0,0.0,0.0,-0.7988277673721313,CityLearnV3MADRLRewardFunction,maac_unified_comparable_v4,E1,-0.0,1907,13.66806195087886,1.0,0.12552981323005333,0.0,8759
5,0.0,0.0,0.0,0.0,Building_5,4,MAAC,0.7900000214576721,True,0.0,0.0,0.0,0.28695225715637207,4,8754,0.0,0.0,-0.0,43794,0.0,38.538970947265625,-0.8574449419975281,15.004934310913086,30.44578742980957,38.538970947265625,38.538970947265625,57,3.5637174109089282,1.0,0.2877290035810387,0.0,0.0,0.0,-0.7988277673721313,CityLearnV3MADRLRewardFunction,maac_unified_comparable_v4,E1,-0.0,1907,13.66806195087886,1.0,0.12552981323005333,0.0,8759
34,0.0,0.0,0.0,0.0,Building_6,5,MAAC,0.7900000214576721,True,0.0,0.0,0.0,0.28695225715637207,4,8754,0.0,0.0,-0.0,43794,0.0,362.8901062011719,-0.8316226601600647,144.2100830078125,286.6831970214844,362.8901062011719,362.8901062011719,260,3.175683794115888,1.0,0.050488479464099956,0.0,0.0,0.0,-0.7988277673721313,CityLearnV3MADRLRewardFunction,maac_unified_comparable_v4,E1,-0.0,1907,13.66806195087886,1.0,0.12552981323005333,0.0,8759
44,0.0,0.0,0.0,0.0,Building_7,6,MAAC,0.7900000214576721,True,0.0,0.0,0.0,0.28695225715637207,4,8754,0.0,0.0,-0.0,43794,0.0,12.664111137390137,-0.7771198749542236,4.697694301605225,10.004648208618164,12.664111137390137,12.664111137390137,330,3.3799134921204095,1.0,0.04331980474067457,0.0,0.0,0.0,-0.7988277673721313,CityLearnV3MADRLRewardFunction,maac_unified_comparable_v4,E1,-0.0,1907,13.66806195087886,1.0,0.12552981323005333,0.0,8759
19,1.0,1.0,0.05263157894736842,0.0,Building_8,7,MAAC,0.7900000214576721,True,0.0,0.0,0.0,0.28695225715637207,4,8754,0.0,0.0,-0.0,43794,0.0,12.065996170043945,-0.7729015946388245,4.45943546295166,9.532136917114258,12.065996170043945,12.065996170043945,155,3.318361348184696,1.0,0.09061731124116529,0.0,0.0,0.0,-0.7988277673721313,CityLearnV3MADRLRewardFunction,maac_unified_comparable_v4,E1,-0.0,1907,13.66806195087886,1.0,0.12552981323005333,0.0,8759
12,0.0,0.0,0.0,0.0,Building_9,8,MAAC,0.7900000214576721,True,0.0,0.0,0.0,0.28695225715637207,4,8754,0.0,0.0,-0.0,43794,0.0,2.290161371231079,-0.7190059423446655,0.7298279404640198,1.8092275857925415,2.290161371231079,2.290161371231079,106,3.5568550800854575,1.0,0.15168676476152437,0.0,0.0,0.0,-0.7988277673721313,CityLearnV3MADRLRewardFunction,maac_unified_comparable_v4,E1,-0.0,1907,13.66806195087886,1.0,0.12552981323005333,0.0,8759
8,0.0,0.0,0.0,0.0,Building_10,9,MAAC,0.7900000214576721,True,0.0,0.0,0.0,0.28695225715637207,4,8754,0.0,0.0,-0.0,43794,0.0,51.649574279785156,-0.8234075903892517,20.2275390625,40.803165435791016,51.649574279785156,51.649574279785156,78,3.295769634285955,1.0,0.17926143367703146,0.0,0.0,0.0,-0.7988277673721313,CityLearnV3MADRLRewardFunction,maac_unified_comparable_v4,E1,-0.0,1907,13.66806195087886,1.0,0.12552981323005333,0.0,8759
5,0.0,0.0,0.0,0.0,Building_11,10,MAAC,0.7900000214576721,True,0.0,0.0,0.0,0.28695225715637207,4,8754,0.0,0.0,-0.0,43794,0.0,71.54803466796875,-0.8312138915061951,28.154083251953125,56.52294921875,71.54803466796875,71.54803466796875,57,3.3874347294082927,1.0,0.24981397462257168,0.0,0.0,0.0,-0.7988277673721313,CityLearnV3MADRLRewardFunction,maac_unified_comparable_v4,E1,-0.0,1907,13.66806195087886,1.0,0.12552981323005333,0.0,8759
5,0.0,0.0,0.0,0.0,Building_12,11,MAAC,0.7900000214576721,True,0.0,0.0,0.0,0.28695225715637207,4,8754,0.0,0.0,-0.0,43794,0.0,215.11593627929688,-0.8331210613250732,85.34429931640625,169.94158935546875,215.11593627929688,215.11593627929688,57,3.229548794857352,1.0,0.2404393311916736,0.0,0.0,0.0,-0.7988277673721313,CityLearnV3MADRLRewardFunction,maac_unified_comparable_v4,E1,-0.0,1907,13.66806195087886,1.0,0.12552981323005333,0.0,8759
13,0.0,0.0,0.0,0.0,Building_13,12,MAAC,0.7900000214576721,True,0.0,0.0,0.0,0.28695225715637207,4,8754,0.0,0.0,-0.0,43794,0.0,2.033022403717041,-0.73521488904953,0.6478829383850098,1.6060876846313477,2.033022403717041,2.033022403717041,113,3.282238652249929,1.0,0.121212093373843,0.0,0.0,0.0,-0.7988277673721313,CityLearnV3MADRLRewardFunction,maac_unified_comparable_v4,E1,-0.0,1907,13.66806195087886,1.0,0.12552981323005333,0.0,8759
6,0.0,0.0,0.0,0.0,Building_14,13,MAAC,0.7900000214576721,True,0.0,0.0,0.0,0.28695225715637207,4,8754,0.0,0.0,-0.0,43794,0.0,2.6149511337280273,-0.7375490665435791,0.833331823348999,2.0658113956451416,2.6149511337280273,2.6149511337280273,64,3.239248697190193,1.0,0.20930616825353354,0.0,0.0,0.0,-0.7988277673721313,CityLearnV3MADRLRewardFunction,maac_unified_comparable_v4,E1,-0.0,1907,13.66806195087886,1.0,0.12552981323005333,0.0,8759
10,1.0,0.0,-0.1,-1.0,Building_15,14,MAAC,0.7900000214576721,True,-83.08882141113281,0.0,0.0,0.28695225715637207,4,8754,0.0,0.0,-0.0,43794,63.56734085083008,0.0,-0.7822651267051697,-20.257619857788086,0.0,-63.56734085083008,19.521480560302734,92,3.3432345138886475,1.0,0.15518047069401844,0.0,0.0,0.0,-0.7988277673721313,CityLearnV3MADRLRewardFunction,maac_unified_comparable_v4,E1,-0.0,1907,13.66806195087886,1.0,0.12552981323005333,0.0,8759
13,1.0,1.0,0.07692307692307693,0.0,Building_16,15,MAAC,0.7900000214576721,True,0.0,0.0,0.0,0.28695225715637207,4,8754,0.0,0.0,-0.0,43794,0.0,54.89390563964844,-0.821113109588623,21.519916534423828,43.366188049316406,54.89390563964844,54.89390563964844,113,3.2337063053212827,1.0,0.1196117618706374,0.0,0.0,0.0,-0.7988277673721313,CityLearnV3MADRLRewardFunction,maac_unified_comparable_v4,E1,-0.0,1907,13.66806195087886,1.0,0.12552981323005333,0.0,8759
13,0.0,0.0,0.0,0.0,Building_17,16,MAAC,0.7900000214576721,True,0.0,0.0,0.0,0.28695225715637207,4,8754,0.0,0.0,-0.0,43794,0.0,22.46647071838379,-0.7990345358848572,8.602459907531738,17.748512268066406,22.46647071838379,22.46647071838379,113,3.2233735440878073,1.0,0.11913592592541096,0.0,0.0,0.0,-0.7988277673721313,CityLearnV3MADRLRewardFunction,maac_unified_comparable_v4,E1,-0.0,1907,13.66806195087886,1.0,0.12552981323005333,0.0,8759
6,0.0,0.0,0.0,0.0,Building_1,0,MAAC,0.7849760055541992,False,0.0,0.0,0.0,0.5136660933494568,5,0,0.0,0.0,-0.0,43800,-0.0,0.0,-0.6501409411430359,0.0,0.0,0.0,0.0,64,3.160749928380102,1.0,0.22828057667356916,0.0,0.0,0.0,-0.5983704924583435,CityLearnV3MADRLRewardFunction,maac_unified_comparable_v4,E1,-0.0,1907,14.086671382635323,1.0,0.14463771484776605,0.0,6
8,0.0,0.0,0.0,0.0,Building_2,1,MAAC,0.7849760055541992,False,0.0,0.0,0.0,0.5136660933494568,5,0,0.0,0.0,-0.0,43800,-0.0,0.0,-0.5464316606521606,0.0,0.0,0.0,0.0,78,3.3039446335262985,1.0,0.19169261385328495,0.0,0.0,0.0,-0.5983704924583435,CityLearnV3MADRLRewardFunction,maac_unified_comparable_v4,E1,-0.0,1907,14.086671382635323,1.0,0.14463771484776605,0.0,6
10,0.0,0.0,0.0,0.0,Building_3,2,MAAC,0.7849760055541992,False,0.0,0.0,0.0,0.5136660933494568,5,0,0.0,0.0,-0.0,43800,-0.0,0.0,-0.6407169699668884,0.0,0.0,0.0,0.0,92,3.6148093675930775,1.0,0.1974377016050984,0.0,0.0,0.0,-0.5983704924583435,CityLearnV3MADRLRewardFunction,maac_unified_comparable_v4,E1,-0.0,1907,14.086671382635323,1.0,0.14463771484776605,0.0,6
8,0.0,0.0,0.0,0.0,Building_4,3,MAAC,0.7849760055541992,False,0.0,0.0,0.0,0.5136660933494568,5,0,0.0,0.0,-0.0,43800,-0.0,0.0,-0.6018266677856445,0.0,0.0,0.0,0.0,78,3.237223713020559,1.0,0.18825082120318443,0.0,0.0,0.0,-0.5983704924583435,CityLearnV3MADRLRewardFunction,maac_unified_comparable_v4,E1,-0.0,1907,14.086671382635323,1.0,0.14463771484776605,0.0,6
5,0.0,0.0,0.0,0.0,Building_5,4,MAAC,0.7849760055541992,False,0.0,0.0,0.0,0.5136660933494568,5,0,0.0,0.0,-0.0,43800,-0.0,0.0,-0.6321828365325928,0.0,0.0,0.0,0.0,57,3.4561701956154995,1.0,0.29206725892921287,0.0,0.0,0.0,-0.5983704924583435,CityLearnV3MADRLRewardFunction,maac_unified_comparable_v4,E1,-0.0,1907,14.086671382635323,1.0,0.14463771484776605,0.0,6
34,1.0,0.0,-0.029411764705882353,-1.0,Building_6,5,MAAC,0.7849760055541992,False,0.0,0.0,0.0,0.5136660933494568,5,0,0.0,0.0,-0.0,43800,-0.0,0.0,-0.5948173403739929,0.0,0.0,0.0,0.0,260,3.1770944230158964,1.0,0.05512746040207835,0.0,0.0,0.0,-0.5983704924583435,CityLearnV3MADRLRewardFunction,maac_unified_comparable_v4,E1,-0.0,1907,14.086671382635323,1.0,0.14463771484776605,0.0,6
44,0.0,0.0,0.0,0.0,Building_7,6,MAAC,0.7849760055541992,False,0.0,0.0,0.0,0.5136660933494568,5,0,0.0,0.0,-0.0,43800,-0.0,0.0,-0.5695242881774902,0.0,0.0,0.0,0.0,330,3.275123095993102,1.0,0.045177463831549344,0.0,0.0,0.0,-0.5983704924583435,CityLearnV3MADRLRewardFunction,maac_unified_comparable_v4,E1,-0.0,1907,14.086671382635323,1.0,0.14463771484776605,0.0,6
19,1.0,1.0,0.05263157894736842,0.0,Building_8,7,MAAC,0.7849760055541992,False,0.0,0.0,0.0,0.5136660933494568,5,0,0.0,0.0,-0.0,43800,-0.0,0.0,-0.5485987067222595,0.0,0.0,0.0,0.0,155,3.2949529614039945,1.0,0.09630676441855969,0.0,0.0,0.0,-0.5983704924583435,CityLearnV3MADRLRewardFunction,maac_unified_comparable_v4,E1,-0.0,1907,14.086671382635323,1.0,0.14463771484776605,0.0,6
12,0.0,0.0,0.0,0.0,Building_9,8,MAAC,0.7849760055541992,False,0.0,0.0,0.0,0.5136660933494568,5,0,0.0,0.0,-0.0,43800,-0.0,0.0,-0.5555927753448486,0.0,0.0,0.0,0.0,106,3.3571642252425447,1.0,0.14717912162601385,0.0,0.0,0.0,-0.5983704924583435,CityLearnV3MADRLRewardFunction,maac_unified_comparable_v4,E1,-0.0,1907,14.086671382635323,1.0,0.14463771484776605,0.0,6
8,0.0,0.0,0.0,0.0,Building_10,9,MAAC,0.7849760055541992,False,0.0,0.0,0.0,0.5136660933494568,5,0,0.0,0.0,-0.0,43800,-0.0,0.0,-0.6318843364715576,0.0,0.0,0.0,0.0,78,3.2586160739769654,1.0,0.1910374128522399,0.0,0.0,0.0,-0.5983704924583435,CityLearnV3MADRLRewardFunction,maac_unified_comparable_v4,E1,-0.0,1907,14.086671382635323,1.0,0.14463771484776605,0.0,6
5,0.0,0.0,0.0,0.0,Building_11,10,MAAC,0.7849760055541992,False,0.0,0.0,0.0,0.5136660933494568,5,0,0.0,0.0,-0.0,43800,-0.0,0.0,-0.6376335024833679,0.0,0.0,0.0,0.0,57,3.831710958810723,1.0,0.3511324780094519,0.0,0.0,0.0,-0.5983704924583435,CityLearnV3MADRLRewardFunction,maac_unified_comparable_v4,E1,-0.0,1907,14.086671382635323,1.0,0.14463771484776605,0.0,6
5,0.0,0.0,0.0,0.0,Building_12,11,MAAC,0.7849760055541992,False,0.0,0.0,0.0,0.5136660933494568,5,0,0.0,0.0,-0.0,43800,-0.0,0.0,-0.6456481218338013,0.0,0.0,0.0,0.0,57,3.919942776249382,1.0,0.3653617999598123,0.0,0.0,0.0,-0.5983704924583435,CityLearnV3MADRLRewardFunction,maac_unified_comparable_v4,E1,-0.0,1907,14.086671382635323,1.0,0.14463771484776605,0.0,6
13,0.0,0.0,0.0,0.0,Building_13,12,MAAC,0.7849760055541992,False,0.0,0.0,0.0,0.5136660933494568,5,0,0.0,0.0,-0.0,43800,-0.0,0.0,-0.5458123087882996,0.0,0.0,0.0,0.0,113,3.2778110693161886,1.0,0.13152208965502482,0.0,0.0,0.0,-0.5983704924583435,CityLearnV3MADRLRewardFunction,maac_unified_comparable_v4,E1,-0.0,1907,14.086671382635323,1.0,0.14463771484776605,0.0,6
6,0.0,0.0,0.0,0.0,Building_14,13,MAAC,0.7849760055541992,False,0.0,0.0,0.0,0.5136660933494568,5,0,0.0,0.0,-0.0,43800,-0.0,0.0,-0.5528391003608704,0.0,0.0,0.0,0.0,64,3.922216361374799,1.0,0.3307000615459401,0.0,0.0,0.0,-0.5983704924583435,CityLearnV3MADRLRewardFunction,maac_unified_comparable_v4,E1,-0.0,1907,14.086671382635323,1.0,0.14463771484776605,0.0,6
10,1.0,1.0,0.1,0.0,Building_15,14,MAAC,0.7849760055541992,False,0.0,0.0,0.0,0.5136660933494568,5,0,0.0,0.0,-0.0,43800,-0.0,0.0,-0.5707626342773438,0.0,0.0,0.0,0.0,92,3.3026481593387302,1.0,0.16429735446834695,0.0,0.0,0.0,-0.5983704924583435,CityLearnV3MADRLRewardFunction,maac_unified_comparable_v4,E1,-0.0,1907,14.086671382635323,1.0,0.14463771484776605,0.0,6
13,0.0,0.0,0.0,0.0,Building_16,15,MAAC,0.7849760055541992,False,0.0,0.0,0.0,0.5136660933494568,5,0,0.0,0.0,-0.0,43800,-0.0,0.0,-0.6322392225265503,0.0,0.0,0.0,0.0,113,3.18144206081374,1.0,0.1278716679992138,0.0,0.0,0.0,-0.5983704924583435,CityLearnV3MADRLRewardFunction,maac_unified_comparable_v4,E1,-0.0,1907,14.086671382635323,1.0,0.14463771484776605,0.0,6
13,0.0,0.0,0.0,0.0,Building_17,16,MAAC,0.7849760055541992,False,0.0,0.0,0.0,0.5136660933494568,5,0,0.0,0.0,-0.0,43800,-0.0,0.0,-0.61564701795578,0.0,0.0,0.0,0.0,113,3.3563809255485495,1.0,0.13861495317413217,0.0,0.0,0.0,-0.5983704924583435,CityLearnV3MADRLRewardFunction,maac_unified_comparable_v4,E1,-0.0,1907,14.086671382635323,1.0,0.14463771484776605,0.0,6
6,0.0,0.0,0.0,0.0,Building_1,0,MAAC,0.7900000214576721,True,0.0,0.0,0.0,0.5087285041809082,5,8753,0.0,0.0,-0.0,52553,0.0,446.8856201171875,-0.833950400352478,295.8052062988281,353.0396423339844,446.8856201171875,446.8856201171875,64,3.3849978169521444,1.0,0.2378603348042816,0.0,0.0,0.0,-0.800365686416626,CityLearnV3MADRLRewardFunction,maac_unified_comparable_v4,E1,-0.0,1907,14.588299209946891,1.0,0.14323655189286993,0.0,8759
8,0.0,0.0,0.0,0.0,Building_2,1,MAAC,0.7900000214576721,True,0.0,0.0,0.0,0.5087285041809082,5,8753,0.0,0.0,-0.0,52553,0.0,5.618855953216553,-0.752446174621582,3.719266653060913,4.438896179199219,5.618855953216553,5.618855953216553,78,3.578979754048153,1.0,0.20603196896039522,0.0,0.0,0.0,-0.800365686416626,CityLearnV3MADRLRewardFunction,maac_unified_comparable_v4,E1,-0.0,1907,14.588299209946891,1.0,0.14323655189286993,0.0,8759
10,0.0,0.0,0.0,0.0,Building_3,2,MAAC,0.7900000214576721,True,0.0,0.0,0.0,0.5087285041809082,5,8753,0.0,0.0,-0.0,52553,0.0,98.17061614990234,-0.8220506310462952,64.98168182373047,77.5547866821289,98.17061614990234,98.17061614990234,92,3.403418129659496,1.0,0.16433913892377977,0.0,0.0,0.0,-0.800365686416626,CityLearnV3MADRLRewardFunction,maac_unified_comparable_v4,E1,-0.0,1907,14.588299209946891,1.0,0.14323655189286993,0.0,8759
8,0.0,0.0,0.0,0.0,Building_4,3,MAAC,0.7900000214576721,True,0.0,0.0,0.0,0.5087285041809082,5,8753,0.0,0.0,-0.0,52553,0.0,28.84416961669922,-0.813815176486969,19.09270477294922,22.786893844604492,28.84416961669922,28.84416961669922,78,3.511719132737501,1.0,0.20238703603927904,0.0,0.0,0.0,-0.800365686416626,CityLearnV3MADRLRewardFunction,maac_unified_comparable_v4,E1,-0.0,1907,14.588299209946891,1.0,0.14323655189286993,0.0,8759
5,0.0,0.0,0.0,0.0,Building_5,4,MAAC,0.7900000214576721,True,0.0,0.0,0.0,0.5087285041809082,5,8753,0.0,0.0,-0.0,52553,0.0,37.89287567138672,-0.8586181998252869,25.082279205322266,29.935373306274414,37.89287567138672,37.89287567138672,57,3.757521320593722,1.0,0.3215291047828239,0.0,0.0,0.0,-0.800365686416626,CityLearnV3MADRLRewardFunction,maac_unified_comparable_v4,E1,-0.0,1907,14.588299209946891,1.0,0.14323655189286993,0.0,8759
34,1.0,1.0,0.029411764705882353,0.0,Building_6,5,MAAC,0.7900000214576721,True,0.0,0.0,0.0,0.5087285041809082,5,8753,0.0,0.0,-0.0,52553,0.0,350.8894348144531,-0.8318500518798828,232.26283264160156,277.2026672363281,350.8894348144531,350.8894348144531,260,3.3827596401909497,1.0,0.05775675704846015,0.0,0.0,0.0,-0.800365686416626,CityLearnV3MADRLRewardFunction,maac_unified_comparable_v4,E1,-0.0,1907,14.588299209946891,1.0,0.14323655189286993,0.0,8759
44,0.0,0.0,0.0,0.0,Building_7,6,MAAC,0.7900000214576721,True,0.0,0.0,0.0,0.5087285041809082,5,8753,0.0,0.0,-0.0,52553,0.0,18.66022491455078,-0.7931126356124878,12.35168743133545,14.741578102111816,18.66022491455078,18.66022491455078,330,3.469115824682558,1.0,0.04717242916425069,0.0,0.0,0.0,-0.800365686416626,CityLearnV3MADRLRewardFunction,maac_unified_comparable_v4,E1,-0.0,1907,14.588299209946891,1.0,0.14323655189286993,0.0,8759
19,0.0,0.0,0.0,0.0,Building_8,7,MAAC,0.7900000214576721,True,0.0,0.0,0.0,0.5087285041809082,5,8753,0.0,0.0,-0.0,52553,0.0,19.251495361328125,-0.7943599820137024,12.743064880371094,15.2086820602417,19.251495361328125,19.251495361328125,155,3.6093827718169527,1.0,0.10574207680840646,0.0,0.0,0.0,-0.800365686416626,CityLearnV3MADRLRewardFunction,maac_unified_comparable_v4,E1,-0.0,1907,14.588299209946891,1.0,0.14323655189286993,0.0,8759
12,0.0,0.0,0.0,0.0,Building_9,8,MAAC,0.7900000214576721,True,0.0,0.0,0.0,0.5087285041809082,5,8753,0.0,0.0,-0.0,52553,0.0,2.4506425857543945,-0.7205207943916321,1.6221439838409424,1.9360077381134033,2.4506425857543945,2.4506425857543945,106,3.714453942985986,1.0,0.16842912980970345,0.0,0.0,0.0,-0.800365686416626,CityLearnV3MADRLRewardFunction,maac_unified_comparable_v4,E1,-0.0,1907,14.588299209946891,1.0,0.14323655189286993,0.0,8759
8,0.0,0.0,0.0,0.0,Building_10,9,MAAC,0.7900000214576721,True,0.0,0.0,0.0,0.5087285041809082,5,8753,0.0,0.0,-0.0,52553,0.0,34.33414077758789,-0.8194200992584229,22.726659774780273,27.123971939086914,34.33414077758789,34.33414077758789,78,3.5720583670904884,1.0,0.20653468227157226,0.0,0.0,0.0,-0.800365686416626,CityLearnV3MADRLRewardFunction,maac_unified_comparable_v4,E1,-0.0,1907,14.588299209946891,1.0,0.14323655189286993,0.0,8759
5,0.0,0.0,0.0,0.0,Building_11,10,MAAC,0.7900000214576721,True,0.0,0.0,0.0,0.5087285041809082,5,8753,0.0,0.0,-0.0,52553,0.0,57.917564392089844,-0.8292081952095032,38.33713912963867,45.754878997802734,57.917564392089844,57.917564392089844,57,3.57931429815958,1.0,0.2820523088438469,0.0,0.0,0.0,-0.800365686416626,CityLearnV3MADRLRewardFunction,maac_unified_comparable_v4,E1,-0.0,1907,14.588299209946891,1.0,0.14323655189286993,0.0,8759
5,0.0,0.0,0.0,0.0,Building_12,11,MAAC,0.7900000214576721,True,0.0,0.0,0.0,0.5087285041809082,5,8753,0.0,0.0,-0.0,52553,0.0,182.6020965576172,-0.8260025978088379,120.86907196044922,144.2556610107422,182.6020965576172,182.6020965576172,57,3.4037028641804437,1.0,0.26520357790746185,0.0,0.0,0.0,-0.800365686416626,CityLearnV3MADRLRewardFunction,maac_unified_comparable_v4,E1,-0.0,1907,14.588299209946891,1.0,0.14323655189286993,0.0,8759
13,0.0,0.0,0.0,0.0,Building_13,12,MAAC,0.7900000214576721,True,0.0,0.0,0.0,0.5087285041809082,5,8753,0.0,0.0,-0.0,52553,0.0,2.789367437362671,-0.7398989200592041,1.8463547229766846,2.2036004066467285,2.789367437362671,2.789367437362671,113,3.5738957228150827,1.0,0.14214265320153363,0.0,0.0,0.0,-0.800365686416626,CityLearnV3MADRLRewardFunction,maac_unified_comparable_v4,E1,-0.0,1907,14.588299209946891,1.0,0.14323655189286993,0.0,8759
6,0.0,0.0,0.0,0.0,Building_14,13,MAAC,0.7900000214576721,True,0.0,0.0,0.0,0.5087285041809082,5,8753,0.0,0.0,-0.0,52553,0.0,2.485826015472412,-0.7385757565498352,1.6454328298568726,1.9638025760650635,2.485826015472412,2.485826015472412,64,3.5768021857954615,1.0,0.25087693659588695,0.0,0.0,0.0,-0.800365686416626,CityLearnV3MADRLRewardFunction,maac_unified_comparable_v4,E1,-0.0,1907,14.588299209946891,1.0,0.14323655189286993,0.0,8759
10,0.0,0.0,0.0,0.0,Building_15,14,MAAC,0.7900000214576721,True,0.0,0.0,0.0,0.5087285041809082,5,8753,0.0,0.0,-0.0,52553,0.0,20.5941162109375,-0.7970094680786133,13.631780624389648,16.269351959228516,20.5941162109375,20.5941162109375,92,3.53228814793068,1.0,0.1741124924434268,0.0,0.0,0.0,-0.800365686416626,CityLearnV3MADRLRewardFunction,maac_unified_comparable_v4,E1,-0.0,1907,14.588299209946891,1.0,0.14323655189286993,0.0,8759
13,0.0,0.0,0.0,0.0,Building_16,15,MAAC,0.7900000214576721,True,0.0,0.0,0.0,0.5087285041809082,5,8753,0.0,0.0,-0.0,52553,0.0,103.13050842285156,-0.8333435654640198,68.26476287841797,81.47310638427734,103.13050842285156,103.13050842285156,113,3.5269225623217584,1.0,0.14291527181600047,0.0,0.0,0.0,-0.800365686416626,CityLearnV3MADRLRewardFunction,maac_unified_comparable_v4,E1,-0.0,1907,14.588299209946891,1.0,0.14323655189286993,0.0,8759
13,0.0,0.0,0.0,0.0,Building_17,16,MAAC,0.7900000214576721,True,0.0,0.0,0.0,0.5087285041809082,5,8753,0.0,0.0,-0.0,52553,0.0,21.1981143951416,-0.802034854888916,14.031582832336426,16.746511459350586,21.1981143951416,21.1981143951416,113,3.5461758994132,1.0,0.1434471082370893,0.0,0.0,0.0,-0.800365686416626,CityLearnV3MADRLRewardFunction,maac_unified_comparable_v4,E1,-0.0,1907,14.588299209946891,1.0,0.14323655189286993,0.0,8759
6,0.0,0.0,0.0,0.0,Building_1,0,MAAC,0.777534008026123,False,0.0,0.0,0.0,0.6865697503089905,6,0,0.0,0.0,-0.0,52560,-0.0,0.0,-0.6302980780601501,0.0,0.0,0.0,0.0,64,3.1571245174188842,1.0,0.24123849569878075,0.0,0.0,0.0,-0.571966826915741,CityLearnV3MADRLRewardFunction,maac_unified_comparable_v4,E1,-0.0,1907,14.177331393941062,1.0,0.15487113732924684,0.0,7
8,0.0,0.0,0.0,0.0,Building_2,1,MAAC,0.777534008026123,False,0.0,0.0,0.0,0.6865697503089905,6,0,0.0,0.0,-0.0,52560,-0.0,0.0,-0.5194965600967407,0.0,0.0,0.0,0.0,78,3.256850621098553,1.0,0.19783490238329157,0.0,0.0,0.0,-0.571966826915741,CityLearnV3MADRLRewardFunction,maac_unified_comparable_v4,E1,-0.0,1907,14.177331393941062,1.0,0.15487113732924684,0.0,7
10,0.0,0.0,0.0,0.0,Building_3,2,MAAC,0.777534008026123,False,0.0,0.0,0.0,0.6865697503089905,6,0,0.0,0.0,-0.0,52560,-0.0,0.0,-0.6249997019767761,0.0,0.0,0.0,0.0,92,3.870141695720532,1.0,0.23218447999502329,0.0,0.0,0.0,-0.571966826915741,CityLearnV3MADRLRewardFunction,maac_unified_comparable_v4,E1,-0.0,1907,14.177331393941062,1.0,0.15487113732924684,0.0,7
8,0.0,0.0,0.0,0.0,Building_4,3,MAAC,0.777534008026123,False,0.0,0.0,0.0,0.6865697503089905,6,0,0.0,0.0,-0.0,52560,-0.0,0.0,-0.5956857800483704,0.0,0.0,0.0,0.0,78,3.1574868435943984,1.0,0.19307532821758053,0.0,0.0,0.0,-0.571966826915741,CityLearnV3MADRLRewardFunction,maac_unified_comparable_v4,E1,-0.0,1907,14.177331393941062,1.0,0.15487113732924684,0.0,7
5,1.0,1.0,0.2,0.0,Building_5,4,MAAC,0.777534008026123,False,0.0,0.0,0.0,0.6865697503089905,6,0,0.0,0.0,-0.0,52560,-0.0,0.0,-0.6170209646224976,0.0,0.0,0.0,0.0,57,3.4945816434627015,1.0,0.3194445201865675,0.0,0.0,0.0,-0.571966826915741,CityLearnV3MADRLRewardFunction,maac_unified_comparable_v4,E1,-0.0,1907,14.177331393941062,1.0,0.15487113732924684,0.0,7
34,0.0,0.0,0.0,0.0,Building_6,5,MAAC,0.777534008026123,False,0.0,0.0,0.0,0.6865697503089905,6,0,0.0,0.0,-0.0,52560,-0.0,0.0,-0.6283026933670044,0.0,0.0,0.0,0.0,260,3.2006664651261367,1.0,0.058714180930445975,0.0,0.0,0.0,-0.571966826915741,CityLearnV3MADRLRewardFunction,maac_unified_comparable_v4,E1,-0.0,1907,14.177331393941062,1.0,0.15487113732924684,0.0,7
44,0.0,0.0,0.0,0.0,Building_7,6,MAAC,0.777534008026123,False,0.0,0.0,0.0,0.6865697503089905,6,0,0.0,0.0,-0.0,52560,-0.0,0.0,-0.5201073884963989,0.0,0.0,0.0,0.0,330,3.2356365162861622,1.0,0.04655267585238272,0.0,0.0,0.0,-0.571966826915741,CityLearnV3MADRLRewardFunction,maac_unified_comparable_v4,E1,-0.0,1907,14.177331393941062,1.0,0.15487113732924684,0.0,7
19,0.0,0.0,0.0,0.0,Building_8,7,MAAC,0.777534008026123,False,0.0,0.0,0.0,0.6865697503089905,6,0,0.0,0.0,-0.0,52560,-0.0,0.0,-0.5197381377220154,0.0,0.0,0.0,0.0,155,3.252203358543432,1.0,0.09947899806523515,0.0,0.0,0.0,-0.571966826915741,CityLearnV3MADRLRewardFunction,maac_unified_comparable_v4,E1,-0.0,1907,14.177331393941062,1.0,0.15487113732924684,0.0,7
12,0.0,0.0,0.0,0.0,Building_9,8,MAAC,0.777534008026123,False,0.0,0.0,0.0,0.6865697503089905,6,0,0.0,0.0,-0.0,52560,-0.0,0.0,-0.5352137684822083,0.0,0.0,0.0,0.0,106,3.2557599340213033,1.0,0.14857677835092511,0.0,0.0,0.0,-0.571966826915741,CityLearnV3MADRLRewardFunction,maac_unified_comparable_v4,E1,-0.0,1907,14.177331393941062,1.0,0.15487113732924684,0.0,7
8,0.0,0.0,0.0,0.0,Building_10,9,MAAC,0.777534008026123,False,0.0,0.0,0.0,0.6865697503089905,6,0,0.0,0.0,-0.0,52560,-0.0,0.0,-0.5465413928031921,0.0,0.0,0.0,0.0,78,3.206999011718306,1.0,0.19554273058206606,0.0,0.0,0.0,-0.571966826915741,CityLearnV3MADRLRewardFunction,maac_unified_comparable_v4,E1,-0.0,1907,14.177331393941062,1.0,0.15487113732924684,0.0,7
5,0.0,0.0,0.0,0.0,Building_11,10,MAAC,0.777534008026123,False,0.0,0.0,0.0,0.6865697503089905,6,0,0.0,0.0,-0.0,52560,-0.0,0.0,-0.6093782186508179,0.0,0.0,0.0,0.0,57,3.8491545618516017,1.0,0.3763767265338908,0.0,0.0,0.0,-0.571966826915741,CityLearnV3MADRLRewardFunction,maac_unified_comparable_v4,E1,-0.0,1907,14.177331393941062,1.0,0.15487113732924684,0.0,7
5,0.0,0.0,0.0,0.0,Building_12,11,MAAC,0.777534008026123,False,0.0,0.0,0.0,0.6865697503089905,6,0,0.0,0.0,-0.0,52560,-0.0,0.0,-0.6176670789718628,0.0,0.0,0.0,0.0,57,4.1149630709295755,1.0,0.4268973784913358,0.0,0.0,0.0,-0.571966826915741,CityLearnV3MADRLRewardFunction,maac_unified_comparable_v4,E1,-0.0,1907,14.177331393941062,1.0,0.15487113732924684,0.0,7
13,1.0,1.0,0.07692307692307693,0.0,Building_13,12,MAAC,0.777534008026123,False,0.0,0.0,0.0,0.6865697503089905,6,0,0.0,0.0,-0.0,52560,-0.0,0.0,-0.5198299884796143,0.0,0.0,0.0,0.0,113,3.240193652815055,1.0,0.1360536604806517,0.0,0.0,0.0,-0.571966826915741,CityLearnV3MADRLRewardFunction,maac_unified_comparable_v4,E1,-0.0,1907,14.177331393941062,1.0,0.15487113732924684,0.0,7
6,0.0,0.0,0.0,0.0,Building_14,13,MAAC,0.777534008026123,False,0.0,0.0,0.0,0.6865697503089905,6,0,0.0,0.0,-0.0,52560,-0.0,0.0,-0.5237417221069336,0.0,0.0,0.0,0.0,64,4.168493672942692,1.0,0.39064302180486266,0.0,0.0,0.0,-0.571966826915741,CityLearnV3MADRLRewardFunction,maac_unified_comparable_v4,E1,-0.0,1907,14.177331393941062,1.0,0.15487113732924684,0.0,7
10,1.0,1.0,0.1,0.0,Building_15,14,MAAC,0.777534008026123,False,0.0,0.0,0.0,0.6865697503089905,6,0,0.0,0.0,-0.0,52560,-0.0,0.0,-0.5248503088951111,0.0,0.0,0.0,0.0,92,3.2550253491598293,1.0,0.16819223859752325,0.0,0.0,0.0,-0.571966826915741,CityLearnV3MADRLRewardFunction,maac_unified_comparable_v4,E1,-0.0,1907,14.177331393941062,1.0,0.15487113732924684,0.0,7
13,0.0,0.0,0.0,0.0,Building_16,15,MAAC,0.777534008026123,False,0.0,0.0,0.0,0.6865697503089905,6,0,0.0,0.0,-0.0,52560,-0.0,0.0,-0.5952281355857849,0.0,0.0,0.0,0.0,113,3.179612367084101,1.0,0.13414219490755186,0.0,0.0,0.0,-0.571966826915741,CityLearnV3MADRLRewardFunction,maac_unified_comparable_v4,E1,-0.0,1907,14.177331393941062,1.0,0.15487113732924684,0.0,7
13,0.0,0.0,0.0,0.0,Building_17,16,MAAC,0.777534008026123,False,0.0,0.0,0.0,0.6865697503089905,6,0,0.0,0.0,-0.0,52560,-0.0,0.0,-0.5953365564346313,0.0,0.0,0.0,0.0,113,3.279925419416836,1.0,0.14156908061421286,0.0,0.0,0.0,-0.571966826915741,CityLearnV3MADRLRewardFunction,maac_unified_comparable_v4,E1,-0.0,1907,14.177331393941062,1.0,0.15487113732924684,0.0,7
6,0.0,0.0,0.0,0.0,Building_1,0,MAAC,0.7900000214576721,True,0.0,0.0,0.0,0.32958081364631653,6,8752,0.0,0.0,-0.0,61312,0.0,391.586669921875,-0.7947755455970764,179.1614532470703,309.3534851074219,391.586669921875,391.586669921875,64,3.288051093043624,1.0,0.21893272921442986,0.0,0.0,0.0,-0.746802031993866,CityLearnV3MADRLRewardFunction,maac_unified_comparable_v4,E1,-0.0,1907,13.992315335293927,1.0,0.13054482988899893,0.0,8759
8,0.0,0.0,0.0,0.0,Building_2,1,MAAC,0.7900000214576721,True,0.0,0.0,0.0,0.32958081364631653,6,8752,0.0,0.0,-0.0,61312,0.0,0.1848604530096054,-0.6892675161361694,0.08457864075899124,0.14603976905345917,0.1848604530096054,0.1848604530096054,78,3.481681852575193,1.0,0.19079551024314684,0.0,0.0,0.0,-0.746802031993866,CityLearnV3MADRLRewardFunction,maac_unified_comparable_v4,E1,-0.0,1907,13.992315335293927,1.0,0.13054482988899893,0.0,8759
10,0.0,0.0,0.0,0.0,Building_3,2,MAAC,0.7900000214576721,True,0.0,0.0,0.0,0.32958081364631653,6,8752,0.0,0.0,-0.0,61312,0.0,39.0087890625,-0.7760695815086365,17.847572326660156,30.816944122314453,39.0087890625,39.0087890625,92,3.257585808757094,1.0,0.1493938019418198,0.0,0.0,0.0,-0.746802031993866,CityLearnV3MADRLRewardFunction,maac_unified_comparable_v4,E1,-0.0,1907,13.992315335293927,1.0,0.13054482988899893,0.0,8759
8,0.0,0.0,0.0,0.0,Building_4,3,MAAC,0.7900000214576721,True,0.0,0.0,0.0,0.32958081364631653,6,8752,0.0,0.0,-0.0,61312,0.0,36.67196273803711,-0.7751863598823547,16.778411865234375,28.97085189819336,36.67196273803711,36.67196273803711,78,3.2606392358468135,1.0,0.17657710917485067,0.0,0.0,0.0,-0.746802031993866,CityLearnV3MADRLRewardFunction,maac_unified_comparable_v4,E1,-0.0,1907,13.992315335293927,1.0,0.13054482988899893,0.0,8759
5,0.0,0.0,0.0,0.0,Building_5,4,MAAC,0.7900000214576721,True,0.0,0.0,0.0,0.32958081364631653,6,8752,0.0,0.0,-0.0,61312,0.0,54.225337982177734,-0.8231201171875,24.809553146362305,42.838016510009766,54.225337982177734,54.225337982177734,57,3.5411832778783596,1.0,0.29073170951583927,0.0,0.0,0.0,-0.746802031993866,CityLearnV3MADRLRewardFunction,maac_unified_comparable_v4,E1,-0.0,1907,13.992315335293927,1.0,0.13054482988899893,0.0,8759
34,0.0,0.0,0.0,0.0,Building_6,5,MAAC,0.7900000214576721,True,0.0,0.0,0.0,0.32958081364631653,6,8752,0.0,0.0,-0.0,61312,0.0,348.8946838378906,-0.7931919693946838,159.62872314453125,275.6268005371094,348.8946838378906,348.8946838378906,260,3.2489122759117,1.0,0.05266099268427262,0.0,0.0,0.0,-0.746802031993866,CityLearnV3MADRLRewardFunction,maac_unified_comparable_v4,E1,-0.0,1907,13.992315335293927,1.0,0.13054482988899893,0.0,8759
44,1.0,1.0,0.022727272727272728,0.0,Building_7,6,MAAC,0.7900000214576721,True,0.0,0.0,0.0,0.32958081364631653,6,8752,0.0,0.0,-0.0,61312,0.0,2.9800853729248047,-0.7011852860450745,1.3634693622589111,2.3542675971984863,2.9800853729248047,2.9800853729248047,330,3.3563653718174264,1.0,0.04297456585548141,0.0,0.0,0.0,-0.746802031993866,CityLearnV3MADRLRewardFunction,maac_unified_comparable_v4,E1,-0.0,1907,13.992315335293927,1.0,0.13054482988899893,0.0,8759
19,0.0,0.0,0.0,0.0,Building_8,7,MAAC,0.7900000214576721,True,0.0,0.0,0.0,0.32958081364631653,6,8752,0.0,0.0,-0.0,61312,0.0,6.19936990737915,-0.7155857086181641,2.836378812789917,4.897502422332764,6.19936990737915,6.19936990737915,155,3.5121025967299406,1.0,0.09867319099364742,0.0,0.0,0.0,-0.746802031993866,CityLearnV3MADRLRewardFunction,maac_unified_comparable_v4,E1,-0.0,1907,13.992315335293927,1.0,0.13054482988899893,0.0,8759
12,0.0,0.0,0.0,0.0,Building_9,8,MAAC,0.7900000214576721,True,0.0,0.0,0.0,0.32958081364631653,6,8752,0.0,0.0,-0.0,61312,0.0,2.1350696086883545,-0.680558443069458,0.9768518805503845,1.6867049932479858,2.1350696086883545,2.1350696086883545,106,3.6635918471286777,1.0,0.159110352959273,0.0,0.0,0.0,-0.746802031993866,CityLearnV3MADRLRewardFunction,maac_unified_comparable_v4,E1,-0.0,1907,13.992315335293927,1.0,0.13054482988899893,0.0,8759
8,1.0,1.0,0.125,0.0,Building_10,9,MAAC,0.7900000214576721,True,0.0,0.0,0.0,0.32958081364631653,6,8752,0.0,0.0,-0.0,61312,0.0,16.451881408691406,-0.7488012313842773,7.52717924118042,12.996986389160156,16.451881408691406,16.451881408691406,78,3.3457385513951157,1.0,0.1831983911494414,0.0,0.0,0.0,-0.746802031993866,CityLearnV3MADRLRewardFunction,maac_unified_comparable_v4,E1,-0.0,1907,13.992315335293927,1.0,0.13054482988899893,0.0,8759
5,0.0,0.0,0.0,0.0,Building_11,10,MAAC,0.7900000214576721,True,0.0,0.0,0.0,0.32958081364631653,6,8752,0.0,0.0,-0.0,61312,0.0,66.45198059082031,-0.7815582752227783,30.40357208251953,52.497066497802734,66.45198059082031,66.45198059082031,57,3.3304674548362376,1.0,0.24611202065359084,0.0,0.0,0.0,-0.746802031993866,CityLearnV3MADRLRewardFunction,maac_unified_comparable_v4,E1,-0.0,1907,13.992315335293927,1.0,0.13054482988899893,0.0,8759
5,0.0,0.0,0.0,0.0,Building_12,11,MAAC,0.7900000214576721,True,0.0,0.0,0.0,0.32958081364631653,6,8752,0.0,0.0,-0.0,61312,0.0,155.388671875,-0.7865703701972961,71.0945053100586,122.7570571899414,155.388671875,155.388671875,57,3.2926079500491356,1.0,0.246829677046391,0.0,0.0,0.0,-0.746802031993866,CityLearnV3MADRLRewardFunction,maac_unified_comparable_v4,E1,-0.0,1907,13.992315335293927,1.0,0.13054482988899893,0.0,8759
13,0.0,0.0,0.0,0.0,Building_13,12,MAAC,0.7900000214576721,True,0.0,0.0,0.0,0.32958081364631653,6,8752,0.0,0.0,-0.0,61312,0.0,0.1047736182808876,-0.68890380859375,0.04793675243854523,0.08277115970849991,0.1047736182808876,0.1047736182808876,113,3.4234797134608246,1.0,0.12947369202048378,0.0,0.0,0.0,-0.746802031993866,CityLearnV3MADRLRewardFunction,maac_unified_comparable_v4,E1,-0.0,1907,13.992315335293927,1.0,0.13054482988899893,0.0,8759
6,0.0,0.0,0.0,0.0,Building_14,13,MAAC,0.7900000214576721,True,0.0,0.0,0.0,0.32958081364631653,6,8752,0.0,0.0,-0.0,61312,0.0,1.3521205186843872,-0.694415271282196,0.6186316013336182,1.068175196647644,1.3521205186843872,1.3521205186843872,64,3.4164447065323627,1.0,0.22810623049736023,0.0,0.0,0.0,-0.746802031993866,CityLearnV3MADRLRewardFunction,maac_unified_comparable_v4,E1,-0.0,1907,13.992315335293927,1.0,0.13054482988899893,0.0,8759
10,0.0,0.0,0.0,0.0,Building_15,14,MAAC,0.7900000214576721,True,0.0,0.0,0.0,0.32958081364631653,6,8752,0.0,0.0,-0.0,61312,0.0,15.147623062133789,-0.7474341988563538,6.930445671081543,11.966622352600098,15.147623062133789,15.147623062133789,92,3.5243225733936785,1.0,0.1671207990983258,0.0,0.0,0.0,-0.746802031993866,CityLearnV3MADRLRewardFunction,maac_unified_comparable_v4,E1,-0.0,1907,13.992315335293927,1.0,0.13054482988899893,0.0,8759
13,0.0,0.0,0.0,0.0,Building_16,15,MAAC,0.7900000214576721,True,0.0,0.0,0.0,0.32958081364631653,6,8752,0.0,0.0,-0.0,61312,0.0,11.957420349121094,-0.7354705929756165,5.470841884613037,9.446362495422363,11.957420349121094,11.957420349121094,113,3.332263901957167,1.0,0.12493018608177657,0.0,0.0,0.0,-0.746802031993866,CityLearnV3MADRLRewardFunction,maac_unified_comparable_v4,E1,-0.0,1907,13.992315335293927,1.0,0.13054482988899893,0.0,8759
13,0.0,0.0,0.0,0.0,Building_17,16,MAAC,0.7900000214576721,True,0.0,0.0,0.0,0.32958081364631653,6,8752,0.0,0.0,-0.0,61312,0.0,23.087642669677734,-0.7635403275489807,10.56321907043457,18.239238739013672,23.087642669677734,23.087642669677734,113,3.3832101481224806,1.0,0.1311865997525443,0.0,0.0,0.0,-0.746802031993866,CityLearnV3MADRLRewardFunction,maac_unified_comparable_v4,E1,-0.0,1907,13.992315335293927,1.0,0.13054482988899893,0.0,8759
6,0.0,0.0,0.0,0.0,Building_1,0,MAAC,0.7393829822540283,False,0.0,0.0,0.0,0.6440863609313965,7,0,0.0,0.0,-0.0,61320,-0.0,0.0,-0.717345654964447,0.0,0.0,0.0,0.0,64,3.3277154156456077,0.9330127239227295,0.2694150237366557,0.0,0.0,0.0,-0.6795522570610046,CityLearnV3MADRLRewardFunction,maac_unified_comparable_v4,E1,-0.0,1907,14.866881416642293,1.0,0.17297783745799505,0.0,8
8,0.0,0.0,0.0,0.0,Building_2,1,MAAC,0.7393829822540283,False,0.0,0.0,0.0,0.6440863609313965,7,0,0.0,0.0,-0.0,61320,-0.0,0.0,-0.6246876120567322,0.0,0.0,0.0,0.0,78,3.3538505823881795,0.9676530361175537,0.21710276360122058,0.0,0.0,0.0,-0.6795522570610046,CityLearnV3MADRLRewardFunction,maac_unified_comparable_v4,E1,-0.0,1907,14.866881416642293,1.0,0.17297783745799505,0.0,8
10,0.0,0.0,0.0,0.0,Building_3,2,MAAC,0.7393829822540283,False,0.0,0.0,0.0,0.6440863609313965,7,0,0.0,0.0,-0.0,61320,-0.0,0.0,-0.7319535613059998,0.0,0.0,0.0,0.0,92,4.375210935014023,1.0,0.2977493534107571,0.0,0.0,0.0,-0.6795522570610046,CityLearnV3MADRLRewardFunction,maac_unified_comparable_v4,E1,-0.0,1907,14.866881416642293,1.0,0.17297783745799505,0.0,8
8,0.0,0.0,0.0,0.0,Building_4,3,MAAC,0.7393829822540283,False,0.0,0.0,0.0,0.6440863609313965,7,0,0.0,0.0,-0.0,61320,-0.0,0.0,-0.70076584815979,0.0,0.0,0.0,0.0,78,3.444197007072216,0.9677168726921082,0.22385134968238,0.0,0.0,0.0,-0.6795522570610046,CityLearnV3MADRLRewardFunction,maac_unified_comparable_v4,E1,-0.0,1907,14.866881416642293,1.0,0.17297783745799505,0.0,8
5,0.0,0.0,0.0,0.0,Building_5,4,MAAC,0.7393829822540283,False,0.0,0.0,0.0,0.6440863609313965,7,0,0.0,0.0,-0.0,61320,-0.0,0.0,-0.7012476325035095,0.0,0.0,0.0,0.0,57,3.6876360533675383,1.0,0.35533325936187776,0.0,0.0,0.0,-0.6795522570610046,CityLearnV3MADRLRewardFunction,maac_unified_comparable_v4,E1,-0.0,1907,14.866881416642293,1.0,0.17297783745799505,0.0,8
34,1.0,1.0,0.029411764705882353,0.0,Building_6,5,MAAC,0.7393829822540283,False,0.0,0.0,0.0,0.6440863609313965,7,0,0.0,0.0,-0.0,61320,-0.0,0.0,-0.7170552015304565,0.0,0.0,0.0,0.0,260,3.336042601581235,0.9330127239227295,0.0659295251736274,0.0,0.0,0.0,-0.6795522570610046,CityLearnV3MADRLRewardFunction,maac_unified_comparable_v4,E1,-0.0,1907,14.866881416642293,1.0,0.17297783745799505,0.0,8
44,1.0,1.0,0.022727272727272728,0.0,Building_7,6,MAAC,0.7393829822540283,False,0.0,0.0,0.0,0.6440863609313965,7,0,0.0,0.0,-0.0,61320,-0.0,0.0,-0.6614055633544922,0.0,0.0,0.0,0.0,330,3.3327790675911837,0.9330127239227295,0.05098530293414087,0.0,0.0,0.0,-0.6795522570610046,CityLearnV3MADRLRewardFunction,maac_unified_comparable_v4,E1,-0.0,1907,14.866881416642293,1.0,0.17297783745799505,0.0,8
19,0.0,0.0,0.0,0.0,Building_8,7,MAAC,0.7393829822540283,False,0.0,0.0,0.0,0.6440863609313965,7,0,0.0,0.0,-0.0,61320,-0.0,0.0,-0.6602145433425903,0.0,0.0,0.0,0.0,155,3.3471167499969767,0.9497137069702148,0.10886759748381954,0.0,0.0,0.0,-0.6795522570610046,CityLearnV3MADRLRewardFunction,maac_unified_comparable_v4,E1,-0.0,1907,14.866881416642293,1.0,0.17297783745799505,0.0,8
12,0.0,0.0,0.0,0.0,Building_9,8,MAAC,0.7393829822540283,False,0.0,0.0,0.0,0.6440863609313965,7,0,0.0,0.0,-0.0,61320,-0.0,0.0,-0.6297109723091125,0.0,0.0,0.0,0.0,106,3.4832720905884624,0.978480339050293,0.1700635607934223,0.0,0.0,0.0,-0.6795522570610046,CityLearnV3MADRLRewardFunction,maac_unified_comparable_v4,E1,-0.0,1907,14.866881416642293,1.0,0.17297783745799505,0.0,8
8,1.0,1.0,0.125,0.0,Building_10,9,MAAC,0.7393829822540283,False,0.0,0.0,0.0,0.6440863609313965,7,0,0.0,0.0,-0.0,61320,-0.0,0.0,-0.7087549567222595,0.0,0.0,0.0,0.0,78,3.3273198214131563,0.9330127239227295,0.22052722500684935,0.0,0.0,0.0,-0.6795522570610046,CityLearnV3MADRLRewardFunction,maac_unified_comparable_v4,E1,-0.0,1907,14.866881416642293,1.0,0.17297783745799505,0.0,8
5,0.0,0.0,0.0,0.0,Building_11,10,MAAC,0.7393829822540283,False,0.0,0.0,0.0,0.6440863609313965,7,0,0.0,0.0,-0.0,61320,-0.0,0.0,-0.694602906703949,0.0,0.0,0.0,0.0,57,3.9943573101326373,1.0,0.4107652905217388,0.0,0.0,0.0,-0.6795522570610046,CityLearnV3MADRLRewardFunction,maac_unified_comparable_v4,E1,-0.0,1907,14.866881416642293,1.0,0.17297783745799505,0.0,8
5,0.0,0.0,0.0,0.0,Building_12,11,MAAC,0.7393829822540283,False,0.0,0.0,0.0,0.6440863609313965,7,0,0.0,0.0,-0.0,61320,-0.0,0.0,-0.6936324834823608,0.0,0.0,0.0,0.0,57,4.244135037456986,1.0,0.4577028699088515,0.0,0.0,0.0,-0.6795522570610046,CityLearnV3MADRLRewardFunction,maac_unified_comparable_v4,E1,-0.0,1907,14.866881416642293,1.0,0.17297783745799505,0.0,8
13,0.0,0.0,0.0,0.0,Building_13,12,MAAC,0.7393829822540283,False,0.0,0.0,0.0,0.6440863609313965,7,0,0.0,0.0,-0.0,61320,-0.0,0.0,-0.6393923759460449,0.0,0.0,0.0,0.0,113,3.362546286163483,0.9330127239227295,0.15256345759978338,0.0,0.0,0.0,-0.6795522570610046,CityLearnV3MADRLRewardFunction,maac_unified_comparable_v4,E1,-0.0,1907,14.866881416642293,1.0,0.17297783745799505,0.0,8
6,0.0,0.0,0.0,0.0,Building_14,13,MAAC,0.7393829822540283,False,0.0,0.0,0.0,0.6440863609313965,7,0,0.0,0.0,-0.0,61320,-0.0,0.0,-0.6044842004776001,0.0,0.0,0.0,0.0,64,4.257371332313117,1.0,0.40937517350539565,0.0,0.0,0.0,-0.6795522570610046,CityLearnV3MADRLRewardFunction,maac_unified_comparable_v4,E1,-0.0,1907,14.866881416642293,1.0,0.17297783745799505,0.0,8
10,0.0,0.0,0.0,0.0,Building_15,14,MAAC,0.7393829822540283,False,0.0,0.0,0.0,0.6440863609313965,7,0,0.0,0.0,-0.0,61320,-0.0,0.0,-0.672144889831543,0.0,0.0,0.0,0.0,92,3.3553412955753386,0.9581499099731445,0.18563175428172815,0.0,0.0,0.0,-0.6795522570610046,CityLearnV3MADRLRewardFunction,maac_unified_comparable_v4,E1,-0.0,1907,14.866881416642293,1.0,0.17297783745799505,0.0,8
13,0.0,0.0,0.0,0.0,Building_16,15,MAAC,0.7393829822540283,False,0.0,0.0,0.0,0.6440863609313965,7,0,0.0,0.0,-0.0,61320,-0.0,0.0,-0.7017019391059875,0.0,0.0,0.0,0.0,113,3.298551236262947,0.9330127239227295,0.14716298390278773,0.0,0.0,0.0,-0.6795522570610046,CityLearnV3MADRLRewardFunction,maac_unified_comparable_v4,E1,-0.0,1907,14.866881416642293,1.0,0.17297783745799505,0.0,8
13,0.0,0.0,0.0,0.0,Building_17,16,MAAC,0.7393829822540283,False,0.0,0.0,0.0,0.6440863609313965,7,0,0.0,0.0,-0.0,61320,-0.0,0.0,-0.6932879090309143,0.0,0.0,0.0,0.0,113,3.451992336810206,0.9330127239227295,0.15810395335465405,0.0,0.0,0.0,-0.6795522570610046,CityLearnV3MADRLRewardFunction,maac_unified_comparable_v4,E1,-0.0,1907,14.866881416642293,1.0,0.17297783745799505,0.0,8
6,0.0,0.0,0.0,0.0,Building_1,0,MAAC,0.7900000214576721,True,0.0,0.0,0.0,0.28695225715637207,7,8751,0.0,0.0,-0.0,70071,0.0,433.45458984375,-0.8319695591926575,172.66647338867188,342.42913818359375,433.45458984375,433.45458984375,64,3.1783989589966137,1.0,0.20819494465831667,0.0,0.0,0.0,-0.7971552610397339,CityLearnV3MADRLRewardFunction,maac_unified_comparable_v4,E1,-0.0,1907,13.623095869871598,1.0,0.12474546945831134,0.0,8759
8,0.0,0.0,0.0,0.0,Building_2,1,MAAC,0.7900000214576721,True,0.0,0.0,0.0,0.28695225715637207,7,8751,0.0,0.0,-0.0,70071,0.0,15.16435432434082,-0.7807348966598511,6.040714740753174,11.979840278625488,15.16435432434082,15.16435432434082,78,3.2995158910704383,1.0,0.17809996419610122,0.0,0.0,0.0,-0.7971552610397339,CityLearnV3MADRLRewardFunction,maac_unified_comparable_v4,E1,-0.0,1907,13.623095869871598,1.0,0.12474546945831134,0.0,8759
10,1.0,0.0,-0.1,-1.0,Building_3,2,MAAC,0.7900000214576721,True,0.0,0.0,0.0,0.28695225715637207,7,8751,0.0,0.0,-0.0,70071,0.0,94.53981018066406,-0.82012939453125,37.65989685058594,74.68645477294922,94.53981018066406,94.53981018066406,92,3.1959190941430617,1.0,0.14368465000196642,0.0,0.0,0.0,-0.7971552610397339,CityLearnV3MADRLRewardFunction,maac_unified_comparable_v4,E1,-0.0,1907,13.623095869871598,1.0,0.12474546945831134,0.0,8759
8,0.0,0.0,0.0,0.0,Building_4,3,MAAC,0.7900000214576721,True,0.0,0.0,0.0,0.28695225715637207,7,8751,0.0,0.0,-0.0,70071,0.0,31.04317283630371,-0.8073949813842773,12.366035461425781,24.524106979370117,31.04317283630371,31.04317283630371,78,3.182974718576245,1.0,0.16878619589484656,0.0,0.0,0.0,-0.7971552610397339,CityLearnV3MADRLRewardFunction,maac_unified_comparable_v4,E1,-0.0,1907,13.623095869871598,1.0,0.12474546945831134,0.0,8759
5,0.0,0.0,0.0,0.0,Building_5,4,MAAC,0.7900000214576721,True,0.0,0.0,0.0,0.28695225715637207,7,8751,0.0,0.0,-0.0,70071,0.0,38.538970947265625,-0.8542124032974243,15.351984024047852,30.44578742980957,38.538970947265625,38.538970947265625,57,3.5072562529775855,1.0,0.2836200036762053,0.0,0.0,0.0,-0.7971552610397339,CityLearnV3MADRLRewardFunction,maac_unified_comparable_v4,E1,-0.0,1907,13.623095869871598,1.0,0.12474546945831134,0.0,8759
34,0.0,0.0,0.0,0.0,Building_6,5,MAAC,0.7900000214576721,True,0.0,0.0,0.0,0.28695225715637207,7,8751,0.0,0.0,-0.0,70071,0.0,362.8901062011719,-0.8303998708724976,144.55712890625,286.6831970214844,362.8901062011719,362.8901062011719,260,3.175683794115888,1.0,0.050488479464099956,0.0,0.0,0.0,-0.7971552610397339,CityLearnV3MADRLRewardFunction,maac_unified_comparable_v4,E1,-0.0,1907,13.623095869871598,1.0,0.12474546945831134,0.0,8759
44,0.0,0.0,0.0,0.0,Building_7,6,MAAC,0.7900000214576721,True,0.0,0.0,0.0,0.28695225715637207,7,8751,0.0,0.0,-0.0,70071,0.0,12.664111137390137,-0.7735382914543152,5.044743537902832,10.004648208618164,12.664111137390137,12.664111137390137,330,3.25960602226592,1.0,0.04115055817546266,0.0,0.0,0.0,-0.7971552610397339,CityLearnV3MADRLRewardFunction,maac_unified_comparable_v4,E1,-0.0,1907,13.623095869871598,1.0,0.12474546945831134,0.0,8759
19,0.0,0.0,0.0,0.0,Building_8,7,MAAC,0.7900000214576721,True,0.0,0.0,0.0,0.28695225715637207,7,8751,0.0,0.0,-0.0,70071,0.0,12.065996170043945,-0.771708607673645,4.806484699249268,9.532136917114258,12.065996170043945,12.065996170043945,155,3.318942318636853,1.0,0.09067807836878684,0.0,0.0,0.0,-0.7971552610397339,CityLearnV3MADRLRewardFunction,maac_unified_comparable_v4,E1,-0.0,1907,13.623095869871598,1.0,0.12474546945831134,0.0,8759
12,1.0,1.0,0.08333333333333333,0.0,Building_9,8,MAAC,0.7900000214576721,True,0.0,0.0,0.0,0.28695225715637207,7,8751,0.0,0.0,-0.0,70071,0.0,2.290161371231079,-0.7178991436958313,0.9122849106788635,1.8092275857925415,2.290161371231079,2.290161371231079,106,3.592844993420385,1.0,0.15350719857609496,0.0,0.0,0.0,-0.7971552610397339,CityLearnV3MADRLRewardFunction,maac_unified_comparable_v4,E1,-0.0,1907,13.623095869871598,1.0,0.12474546945831134,0.0,8759
8,0.0,0.0,0.0,0.0,Building_10,9,MAAC,0.7900000214576721,True,0.0,0.0,0.0,0.28695225715637207,7,8751,0.0,0.0,-0.0,70071,0.0,51.649574279785156,-0.8234367966651917,20.574588775634766,40.803165435791016,51.649574279785156,51.649574279785156,78,3.320080942301316,1.0,0.1807126730489425,0.0,0.0,0.0,-0.7971552610397339,CityLearnV3MADRLRewardFunction,maac_unified_comparable_v4,E1,-0.0,1907,13.623095869871598,1.0,0.12474546945831134,0.0,8759
5,0.0,0.0,0.0,0.0,Building_11,10,MAAC,0.7900000214576721,True,0.0,0.0,0.0,0.28695225715637207,7,8751,0.0,0.0,-0.0,70071,0.0,71.54803466796875,-0.8285468816757202,28.501131057739258,56.52294921875,71.54803466796875,71.54803466796875,57,3.3483491378622072,1.0,0.24731484284264998,0.0,0.0,0.0,-0.7971552610397339,CityLearnV3MADRLRewardFunction,maac_unified_comparable_v4,E1,-0.0,1907,13.623095869871598,1.0,0.12474546945831134,0.0,8759
5,1.0,1.0,0.2,0.0,Building_12,11,MAAC,0.7900000214576721,True,0.0,0.0,0.0,0.28695225715637207,7,8751,0.0,0.0,-0.0,70071,0.0,215.11593627929688,-0.8357844948768616,85.69135284423828,169.94158935546875,215.11593627929688,215.11593627929688,57,3.308425212776381,1.0,0.24784653842972035,0.0,0.0,0.0,-0.7971552610397339,CityLearnV3MADRLRewardFunction,maac_unified_comparable_v4,E1,-0.0,1907,13.623095869871598,1.0,0.12474546945831134,0.0,8759
13,0.0,0.0,0.0,0.0,Building_13,12,MAAC,0.7900000214576721,True,0.0,0.0,0.0,0.28695225715637207,7,8751,0.0,0.0,-0.0,70071,0.0,2.033022403717041,-0.734294593334198,0.8098536729812622,1.6060876846313477,2.033022403717041,2.033022403717041,113,3.40368406855002,1.0,0.12622954089820912,0.0,0.0,0.0,-0.7971552610397339,CityLearnV3MADRLRewardFunction,maac_unified_comparable_v4,E1,-0.0,1907,13.623095869871598,1.0,0.12474546945831134,0.0,8759
6,0.0,0.0,0.0,0.0,Building_14,13,MAAC,0.7900000214576721,True,0.0,0.0,0.0,0.28695225715637207,7,8751,0.0,0.0,-0.0,70071,0.0,2.6149511337280273,-0.7366235852241516,1.041664719581604,2.0658113956451416,2.6149511337280273,2.6149511337280273,64,3.2987690837788195,1.0,0.2160750034963712,0.0,0.0,0.0,-0.7971552610397339,CityLearnV3MADRLRewardFunction,maac_unified_comparable_v4,E1,-0.0,1907,13.623095869871598,1.0,0.12474546945831134,0.0,8759
10,0.0,0.0,0.0,0.0,Building_15,14,MAAC,0.7900000214576721,True,0.0,0.0,0.0,0.28695225715637207,7,8751,0.0,0.0,-0.0,70071,0.0,19.521480560302734,-0.791083574295044,7.776374340057373,15.42197036743164,19.521480560302734,19.521480560302734,92,3.3266021388288562,1.0,0.15313491589673187,0.0,0.0,0.0,-0.7971552610397339,CityLearnV3MADRLRewardFunction,maac_unified_comparable_v4,E1,-0.0,1907,13.623095869871598,1.0,0.12474546945831134,0.0,8759
13,0.0,0.0,0.0,0.0,Building_16,15,MAAC,0.7900000214576721,True,0.0,0.0,0.0,0.28695225715637207,7,8751,0.0,0.0,-0.0,70071,0.0,54.89390563964844,-0.8172191977500916,21.866966247558594,43.366188049316406,54.89390563964844,54.89390563964844,113,3.215135454165819,1.0,0.1178944590872368,0.0,0.0,0.0,-0.7971552610397339,CityLearnV3MADRLRewardFunction,maac_unified_comparable_v4,E1,-0.0,1907,13.623095869871598,1.0,0.12474546945831134,0.0,8759
13,0.0,0.0,0.0,0.0,Building_17,16,MAAC,0.7900000214576721,True,0.0,0.0,0.0,0.28695225715637207,7,8751,0.0,0.0,-0.0,70071,0.0,22.46647071838379,-0.7966633439064026,8.949509620666504,17.748512268066406,22.46647071838379,22.46647071838379,113,3.204583148275914,1.0,0.1173992878963462,0.0,0.0,0.0,-0.7971552610397339,CityLearnV3MADRLRewardFunction,maac_unified_comparable_v4,E1,-0.0,1907,13.623095869871598,1.0,0.12474546945831134,0.0,8759
6,0.0,0.0,0.0,0.0,Building_1,0,MAAC,0.7900000214576721,False,0.0,0.0,0.0,0.43466824293136597,8,0,0.0,0.0,-0.0,70080,-0.0,0.0,-0.5404364466667175,0.0,0.0,0.0,0.0,64,3.3512938559391947,1.0,0.22822004300542176,0.0,0.0,0.0,-0.4808776378631592,CityLearnV3MADRLRewardFunction,maac_unified_comparable_v4,E1,-0.0,1907,14.133936100907311,1.0,0.13253982093157837,0.0,1
8,0.0,0.0,0.0,0.0,Building_2,1,MAAC,0.7900000214576721,False,0.0,0.0,0.0,0.43466824293136597,8,0,0.0,0.0,-0.0,70080,-0.0,0.0,-0.42957639694213867,0.0,0.0,0.0,0.0,78,3.4313283575988627,1.0,0.18794509099844176,0.0,0.0,0.0,-0.4808776378631592,CityLearnV3MADRLRewardFunction,maac_unified_comparable_v4,E1,-0.0,1907,14.133936100907311,1.0,0.13253982093157837,0.0,1
10,0.0,0.0,0.0,0.0,Building_3,2,MAAC,0.7900000214576721,False,0.0,0.0,0.0,0.43466824293136597,8,0,0.0,0.0,-0.0,70080,-0.0,0.0,-0.5275378823280334,0.0,0.0,0.0,0.0,92,3.48253435869289,1.0,0.16693019502512788,0.0,0.0,0.0,-0.4808776378631592,CityLearnV3MADRLRewardFunction,maac_unified_comparable_v4,E1,-0.0,1907,14.133936100907311,1.0,0.13253982093157837,0.0,1
8,0.0,0.0,0.0,0.0,Building_4,3,MAAC,0.7900000214576721,False,0.0,0.0,0.0,0.43466824293136597,8,0,0.0,0.0,-0.0,70080,-0.0,0.0,-0.4954773783683777,0.0,0.0,0.0,0.0,78,3.3526943269816174,1.0,0.18393695717438674,0.0,0.0,0.0,-0.4808776378631592,CityLearnV3MADRLRewardFunction,maac_unified_comparable_v4,E1,-0.0,1907,14.133936100907311,1.0,0.13253982093157837,0.0,1
5,0.0,0.0,0.0,0.0,Building_5,4,MAAC,0.7900000214576721,False,0.0,0.0,0.0,0.43466824293136597,8,0,0.0,0.0,-0.0,70080,-0.0,0.0,-0.5226952433586121,0.0,0.0,0.0,0.0,57,3.402492142442395,1.0,0.26281924611120894,0.0,0.0,0.0,-0.4808776378631592,CityLearnV3MADRLRewardFunction,maac_unified_comparable_v4,E1,-0.0,1907,14.133936100907311,1.0,0.13253982093157837,0.0,1
34,0.0,0.0,0.0,0.0,Building_6,5,MAAC,0.7900000214576721,False,0.0,0.0,0.0,0.43466824293136597,8,0,0.0,0.0,-0.0,70080,-0.0,0.0,-0.5332043170928955,0.0,0.0,0.0,0.0,260,3.337631548597973,1.0,0.05485789380394496,0.0,0.0,0.0,-0.4808776378631592,CityLearnV3MADRLRewardFunction,maac_unified_comparable_v4,E1,-0.0,1907,14.133936100907311,1.0,0.13253982093157837,0.0,1
44,0.0,0.0,0.0,0.0,Building_7,6,MAAC,0.7900000214576721,False,0.0,0.0,0.0,0.43466824293136597,8,0,0.0,0.0,-0.0,70080,-0.0,0.0,-0.42984431982040405,0.0,0.0,0.0,0.0,330,3.4149667010378306,1.0,0.0442771235650236,0.0,0.0,0.0,-0.4808776378631592,CityLearnV3MADRLRewardFunction,maac_unified_comparable_v4,E1,-0.0,1907,14.133936100907311,1.0,0.13253982093157837,0.0,1
19,0.0,0.0,0.0,0.0,Building_8,7,MAAC,0.7900000214576721,False,0.0,0.0,0.0,0.43466824293136597,8,0,0.0,0.0,-0.0,70080,-0.0,0.0,-0.4296156167984009,0.0,0.0,0.0,0.0,155,3.4274495038608204,1.0,0.09453268541443732,0.0,0.0,0.0,-0.4808776378631592,CityLearnV3MADRLRewardFunction,maac_unified_comparable_v4,E1,-0.0,1907,14.133936100907311,1.0,0.13253982093157837,0.0,1
12,0.0,0.0,0.0,0.0,Building_9,8,MAAC,0.7900000214576721,False,0.0,0.0,0.0,0.43466824293136597,8,0,0.0,0.0,-0.0,70080,-0.0,0.0,-0.440209299325943,0.0,0.0,0.0,0.0,106,3.529678408946232,1.0,0.14727685909788563,0.0,0.0,0.0,-0.4808776378631592,CityLearnV3MADRLRewardFunction,maac_unified_comparable_v4,E1,-0.0,1907,14.133936100907311,1.0,0.13253982093157837,0.0,1
8,0.0,0.0,0.0,0.0,Building_10,9,MAAC,0.7900000214576721,False,0.0,0.0,0.0,0.43466824293136597,8,0,0.0,0.0,-0.0,70080,-0.0,0.0,-0.45351532101631165,0.0,0.0,0.0,0.0,78,3.3837904344710794,1.0,0.18562943305676946,0.0,0.0,0.0,-0.4808776378631592,CityLearnV3MADRLRewardFunction,maac_unified_comparable_v4,E1,-0.0,1907,14.133936100907311,1.0,0.13253982093157837,0.0,1
5,0.0,0.0,0.0,0.0,Building_11,10,MAAC,0.7900000214576721,False,0.0,0.0,0.0,0.43466824293136597,8,0,0.0,0.0,-0.0,70080,-0.0,0.0,-0.5222524404525757,0.0,0.0,0.0,0.0,57,3.5403805670328476,1.0,0.27776590970001724,0.0,0.0,0.0,-0.4808776378631592,CityLearnV3MADRLRewardFunction,maac_unified_comparable_v4,E1,-0.0,1907,14.133936100907311,1.0,0.13253982093157837,0.0,1
5,0.0,0.0,0.0,0.0,Building_12,11,MAAC,0.7900000214576721,False,0.0,0.0,0.0,0.43466824293136597,8,0,0.0,0.0,-0.0,70080,-0.0,0.0,-0.5358073115348816,0.0,0.0,0.0,0.0,57,3.4962380139454767,1.0,0.2744191836631089,0.0,0.0,0.0,-0.4808776378631592,CityLearnV3MADRLRewardFunction,maac_unified_comparable_v4,E1,-0.0,1907,14.133936100907311,1.0,0.13253982093157837,0.0,1
13,0.0,0.0,0.0,0.0,Building_13,12,MAAC,0.7900000214576721,False,0.0,0.0,0.0,0.43466824293136597,8,0,0.0,0.0,-0.0,70080,-0.0,0.0,-0.4297164976596832,0.0,0.0,0.0,0.0,113,3.4175228854689714,1.0,0.1292976727791592,0.0,0.0,0.0,-0.4808776378631592,CityLearnV3MADRLRewardFunction,maac_unified_comparable_v4,E1,-0.0,1907,14.133936100907311,1.0,0.13253982093157837,0.0,1
6,0.0,0.0,0.0,0.0,Building_14,13,MAAC,0.7900000214576721,False,0.0,0.0,0.0,0.43466824293136597,8,0,0.0,0.0,-0.0,70080,-0.0,0.0,-0.43422025442123413,0.0,0.0,0.0,0.0,64,3.4308843135518807,1.0,0.22929084510542452,0.0,0.0,0.0,-0.4808776378631592,CityLearnV3MADRLRewardFunction,maac_unified_comparable_v4,E1,-0.0,1907,14.133936100907311,1.0,0.13253982093157837,0.0,1
10,1.0,0.0,-0.1,-1.0,Building_15,14,MAAC,0.7900000214576721,False,0.0,0.0,0.0,0.43466824293136597,8,0,0.0,0.0,-0.0,70080,-0.0,0.0,-0.455189049243927,0.0,0.0,0.0,0.0,92,3.3986295796773476,1.0,0.15721253054621426,0.0,0.0,0.0,-0.4808776378631592,CityLearnV3MADRLRewardFunction,maac_unified_comparable_v4,E1,-0.0,1907,14.133936100907311,1.0,0.13253982093157837,0.0,1
13,0.0,0.0,0.0,0.0,Building_16,15,MAAC,0.7900000214576721,False,0.0,0.0,0.0,0.43466824293136597,8,0,0.0,0.0,-0.0,70080,-0.0,0.0,-0.4951109290122986,0.0,0.0,0.0,0.0,113,3.376408750082525,1.0,0.12812193028167285,0.0,0.0,0.0,-0.4808776378631592,CityLearnV3MADRLRewardFunction,maac_unified_comparable_v4,E1,-0.0,1907,14.133936100907311,1.0,0.13253982093157837,0.0,1
13,0.0,0.0,0.0,0.0,Building_17,16,MAAC,0.7900000214576721,False,0.0,0.0,0.0,0.43466824293136597,8,0,0.0,0.0,-0.0,70080,-0.0,0.0,-0.5005115866661072,0.0,0.0,0.0,0.0,113,3.4928962461426605,1.0,0.13702333118535776,0.0,0.0,0.0,-0.4808776378631592,CityLearnV3MADRLRewardFunction,maac_unified_comparable_v4,E1,-0.0,1907,14.133936100907311,1.0,0.13253982093157837,0.0,1
6,0.0,0.0,0.0,0.0,Building_1,0,MAAC,0.7900000214576721,True,0.0,0.0,0.0,0.32958081364631653,8,8758,0.0,0.0,-0.0,78838,0.0,391.586669921875,-0.8099210858345032,179.1614532470703,309.3534851074219,391.586669921875,391.586669921875,64,3.3471043544762353,1.0,0.225941461045295,0.0,0.0,0.0,-0.7648367881774902,CityLearnV3MADRLRewardFunction,maac_unified_comparable_v4,E1,-0.0,1907,14.008013015972928,1.0,0.13092755181319313,0.0,8759
8,0.0,0.0,0.0,0.0,Building_2,1,MAAC,0.7900000214576721,True,0.0,0.0,0.0,0.32958081364631653,8,8758,0.0,0.0,-0.0,78838,0.0,0.1848604530096054,-0.6998107433319092,0.08457864075899124,0.14603976905345917,0.1848604530096054,0.1848604530096054,78,3.4644772533491235,1.0,0.18988671211095956,0.0,0.0,0.0,-0.7648367881774902,CityLearnV3MADRLRewardFunction,maac_unified_comparable_v4,E1,-0.0,1907,14.008013015972928,1.0,0.13092755181319313,0.0,8759
10,0.0,0.0,0.0,0.0,Building_3,2,MAAC,0.7900000214576721,True,0.0,0.0,0.0,0.32958081364631653,8,8758,0.0,0.0,-0.0,78838,0.0,39.0087890625,-0.7885580658912659,17.847572326660156,30.816944122314453,39.0087890625,39.0087890625,92,3.27519790507844,1.0,0.15150001418331396,0.0,0.0,0.0,-0.7648367881774902,CityLearnV3MADRLRewardFunction,maac_unified_comparable_v4,E1,-0.0,1907,14.008013015972928,1.0,0.13092755181319313,0.0,8759
8,0.0,0.0,0.0,0.0,Building_4,3,MAAC,0.7900000214576721,True,0.0,0.0,0.0,0.32958081364631653,8,8758,0.0,0.0,-0.0,78838,0.0,36.67196273803711,-0.7854505777359009,16.778411865234375,28.97085189819336,36.67196273803711,36.67196273803711,78,3.2586751828516998,1.0,0.17619726271965566,0.0,0.0,0.0,-0.7648367881774902,CityLearnV3MADRLRewardFunction,maac_unified_comparable_v4,E1,-0.0,1907,14.008013015972928,1.0,0.13092755181319313,0.0,8759
5,0.0,0.0,0.0,0.0,Building_5,4,MAAC,0.7900000214576721,True,0.0,0.0,0.0,0.32958081364631653,8,8758,0.0,0.0,-0.0,78838,0.0,54.225337982177734,-0.8274311423301697,24.809553146362305,42.838016510009766,54.225337982177734,54.225337982177734,57,3.4805114854545183,1.0,0.2822792723513486,0.0,0.0,0.0,-0.7648367881774902,CityLearnV3MADRLRewardFunction,maac_unified_comparable_v4,E1,-0.0,1907,14.008013015972928,1.0,0.13092755181319313,0.0,8759
34,0.0,0.0,0.0,0.0,Building_6,5,MAAC,0.7900000214576721,True,0.0,0.0,0.0,0.32958081364631653,8,8758,0.0,0.0,-0.0,78838,0.0,348.8946838378906,-0.8094490170478821,159.62872314453125,275.6268005371094,348.8946838378906,348.8946838378906,260,3.280818345896411,1.0,0.05380843602693998,0.0,0.0,0.0,-0.7648367881774902,CityLearnV3MADRLRewardFunction,maac_unified_comparable_v4,E1,-0.0,1907,14.008013015972928,1.0,0.13092755181319313,0.0,8759
44,0.0,0.0,0.0,0.0,Building_7,6,MAAC,0.7900000214576721,True,0.0,0.0,0.0,0.32958081364631653,8,8758,0.0,0.0,-0.0,78838,0.0,2.9800853729248047,-0.7120618224143982,1.3634693622589111,2.3542675971984863,2.9800853729248047,2.9800853729248047,330,3.4088130533190775,1.0,0.04425259519255523,0.0,0.0,0.0,-0.7648367881774902,CityLearnV3MADRLRewardFunction,maac_unified_comparable_v4,E1,-0.0,1907,14.008013015972928,1.0,0.13092755181319313,0.0,8759
19,1.0,1.0,0.05263157894736842,0.0,Building_8,7,MAAC,0.7900000214576721,True,120.89563751220703,0.0,0.0,0.32958081364631653,8,8758,0.0,0.0,-0.0,78838,0.0,127.09500885009766,-0.836731493473053,58.149391174316406,100.40505981445312,127.09500885009766,6.199371337890625,155,3.435616667624296,1.0,0.09643932888584753,0.0,0.0,0.0,-0.7648367881774902,CityLearnV3MADRLRewardFunction,maac_unified_comparable_v4,E1,-0.0,1907,14.008013015972928,1.0,0.13092755181319313,0.0,8759
12,0.0,0.0,0.0,0.0,Building_9,8,MAAC,0.7900000214576721,True,0.0,0.0,0.0,0.32958081364631653,8,8758,0.0,0.0,-0.0,78838,0.0,2.1350696086883545,-0.6912035942077637,0.9768518805503845,1.6867049932479858,2.1350696086883545,2.1350696086883545,106,3.7070758863082482,1.0,0.16076862109157275,0.0,0.0,0.0,-0.7648367881774902,CityLearnV3MADRLRewardFunction,maac_unified_comparable_v4,E1,-0.0,1907,14.008013015972928,1.0,0.13092755181319313,0.0,8759
8,0.0,0.0,0.0,0.0,Building_10,9,MAAC,0.7900000214576721,True,0.0,0.0,0.0,0.32958081364631653,8,8758,0.0,0.0,-0.0,78838,0.0,16.451881408691406,-0.759462296962738,7.52717924118042,12.996986389160156,16.451881408691406,16.451881408691406,78,3.3491406470814713,1.0,0.18354056918850312,0.0,0.0,0.0,-0.7648367881774902,CityLearnV3MADRLRewardFunction,maac_unified_comparable_v4,E1,-0.0,1907,14.008013015972928,1.0,0.13092755181319313,0.0,8759
5,0.0,0.0,0.0,0.0,Building_11,10,MAAC,0.7900000214576721,True,0.0,0.0,0.0,0.32958081364631653,8,8758,0.0,0.0,-0.0,78838,0.0,66.45198059082031,-0.7953095436096191,30.40357208251953,52.497066497802734,66.45198059082031,66.45198059082031,57,3.3479041289620457,1.0,0.24954247370100857,0.0,0.0,0.0,-0.7648367881774902,CityLearnV3MADRLRewardFunction,maac_unified_comparable_v4,E1,-0.0,1907,14.008013015972928,1.0,0.13092755181319313,0.0,8759
5,0.0,0.0,0.0,0.0,Building_12,11,MAAC,0.7900000214576721,True,0.0,0.0,0.0,0.32958081364631653,8,8758,0.0,0.0,-0.0,78838,0.0,155.388671875,-0.8058907985687256,71.0945053100586,122.7570571899414,155.388671875,155.388671875,57,3.3354419166715936,1.0,0.2531896936788894,0.0,0.0,0.0,-0.7648367881774902,CityLearnV3MADRLRewardFunction,maac_unified_comparable_v4,E1,-0.0,1907,14.008013015972928,1.0,0.13092755181319313,0.0,8759
13,1.0,1.0,0.07692307692307693,0.0,Building_13,12,MAAC,0.7900000214576721,True,0.0,0.0,0.0,0.32958081364631653,8,8758,0.0,0.0,-0.0,78838,0.0,0.1047736182808876,-0.6994566321372986,0.04793675243854523,0.08277115970849991,0.1047736182808876,0.1047736182808876,113,3.476050088722697,1.0,0.13145115417716777,0.0,0.0,0.0,-0.7648367881774902,CityLearnV3MADRLRewardFunction,maac_unified_comparable_v4,E1,-0.0,1907,14.008013015972928,1.0,0.13092755181319313,0.0,8759
6,0.0,0.0,0.0,0.0,Building_14,13,MAAC,0.7900000214576721,True,0.0,0.0,0.0,0.32958081364631653,8,8758,0.0,0.0,-0.0,78838,0.0,1.3521205186843872,-0.704914927482605,0.6186316013336182,1.068175196647644,1.3521205186843872,1.3521205186843872,64,3.392982436765482,1.0,0.22603577375411987,0.0,0.0,0.0,-0.7648367881774902,CityLearnV3MADRLRewardFunction,maac_unified_comparable_v4,E1,-0.0,1907,14.008013015972928,1.0,0.13092755181319313,0.0,8759
10,0.0,0.0,0.0,0.0,Building_15,14,MAAC,0.7900000214576721,True,0.0,0.0,0.0,0.32958081364631653,8,8758,0.0,0.0,-0.0,78838,0.0,15.147623062133789,-0.7550835013389587,6.930445671081543,11.966622352600098,15.147623062133789,15.147623062133789,92,3.400440253192818,1.0,0.15909178976131522,0.0,0.0,0.0,-0.7648367881774902,CityLearnV3MADRLRewardFunction,maac_unified_comparable_v4,E1,-0.0,1907,14.008013015972928,1.0,0.13092755181319313,0.0,8759
13,0.0,0.0,0.0,0.0,Building_16,15,MAAC,0.7900000214576721,True,0.0,0.0,0.0,0.32958081364631653,8,8758,0.0,0.0,-0.0,78838,0.0,11.957420349121094,-0.7456402778625488,5.470841884613037,9.446362495422363,11.957420349121094,11.957420349121094,113,3.3228580354846,1.0,0.12386564369750235,0.0,0.0,0.0,-0.7648367881774902,CityLearnV3MADRLRewardFunction,maac_unified_comparable_v4,E1,-0.0,1907,14.008013015972928,1.0,0.13092755181319313,0.0,8759
13,0.0,0.0,0.0,0.0,Building_17,16,MAAC,0.7900000214576721,True,0.0,0.0,0.0,0.32958081364631653,8,8758,0.0,0.0,-0.0,78838,0.0,23.087642669677734,-0.775849461555481,10.56321907043457,18.239238739013672,23.087642669677734,23.087642669677734,113,3.4466233681197553,1.0,0.13387228377097476,0.0,0.0,0.0,-0.7648367881774902,CityLearnV3MADRLRewardFunction,maac_unified_comparable_v4,E1,-0.0,1907,14.008013015972928,1.0,0.13092755181319313,0.0,8759
6,0.0,0.0,0.0,0.0,Building_1,0,MAAC,0.7900000214576721,False,0.0,0.0,0.0,0.43774908781051636,9,0,0.0,0.0,-0.0,78840,-0.0,0.0,-0.6146625280380249,0.0,0.0,0.0,0.0,64,3.411525864499873,1.0,0.23431225784588605,0.0,0.0,0.0,-0.5590137243270874,CityLearnV3MADRLRewardFunction,maac_unified_comparable_v4,E1,-0.0,1907,14.564101789909802,1.0,0.1375542874572536,0.0,2
8,0.0,0.0,0.0,0.0,Building_2,1,MAAC,0.7900000214576721,False,0.0,0.0,0.0,0.43774908781051636,9,0,0.0,0.0,-0.0,78840,-0.0,0.0,-0.5060569047927856,0.0,0.0,0.0,0.0,78,3.536407057061777,1.0,0.195424760476901,0.0,0.0,0.0,-0.5590137243270874,CityLearnV3MADRLRewardFunction,maac_unified_comparable_v4,E1,-0.0,1907,14.564101789909802,1.0,0.1375542874572536,0.0,2
10,0.0,0.0,0.0,0.0,Building_3,2,MAAC,0.7900000214576721,False,0.0,0.0,0.0,0.43774908781051636,9,0,0.0,0.0,-0.0,78840,-0.0,0.0,-0.5752574801445007,0.0,0.0,0.0,0.0,92,3.60555005569515,1.0,0.1740509603658448,0.0,0.0,0.0,-0.5590137243270874,CityLearnV3MADRLRewardFunction,maac_unified_comparable_v4,E1,-0.0,1907,14.564101789909802,1.0,0.1375542874572536,0.0,2
8,0.0,0.0,0.0,0.0,Building_4,3,MAAC,0.7900000214576721,False,0.0,0.0,0.0,0.43774908781051636,9,0,0.0,0.0,-0.0,78840,-0.0,0.0,-0.5591148138046265,0.0,0.0,0.0,0.0,78,3.464355359802187,1.0,0.19151021702549395,0.0,0.0,0.0,-0.5590137243270874,CityLearnV3MADRLRewardFunction,maac_unified_comparable_v4,E1,-0.0,1907,14.564101789909802,1.0,0.1375542874572536,0.0,2
5,0.0,0.0,0.0,0.0,Building_5,4,MAAC,0.7900000214576721,False,0.0,0.0,0.0,0.43774908781051636,9,0,0.0,0.0,-0.0,78840,-0.0,0.0,-0.5955145955085754,0.0,0.0,0.0,0.0,57,3.5496438730528648,1.0,0.2758568998491555,0.0,0.0,0.0,-0.5590137243270874,CityLearnV3MADRLRewardFunction,maac_unified_comparable_v4,E1,-0.0,1907,14.564101789909802,1.0,0.1375542874572536,0.0,2
34,1.0,0.0,-0.029411764705882353,-1.0,Building_6,5,MAAC,0.7900000214576721,False,0.0,0.0,0.0,0.43774908781051636,9,0,0.0,0.0,-0.0,78840,-0.0,0.0,-0.6102343797683716,0.0,0.0,0.0,0.0,260,3.452531263128258,1.0,0.05761011775869589,0.0,0.0,0.0,-0.5590137243270874,CityLearnV3MADRLRewardFunction,maac_unified_comparable_v4,E1,-0.0,1907,14.564101789909802,1.0,0.1375542874572536,0.0,2
44,0.0,0.0,0.0,0.0,Building_7,6,MAAC,0.7900000214576721,False,0.0,0.0,0.0,0.43774908781051636,9,0,0.0,0.0,-0.0,78840,-0.0,0.0,-0.5116909742355347,0.0,0.0,0.0,0.0,330,3.5196323656745663,1.0,0.04606499367139556,0.0,0.0,0.0,-0.5590137243270874,CityLearnV3MADRLRewardFunction,maac_unified_comparable_v4,E1,-0.0,1907,14.564101789909802,1.0,0.1375542874572536,0.0,2
19,0.0,0.0,0.0,0.0,Building_8,7,MAAC,0.7900000214576721,False,0.0,0.0,0.0,0.43774908781051636,9,0,0.0,0.0,-0.0,78840,-0.0,0.0,-0.5083274245262146,0.0,0.0,0.0,0.0,155,3.5353589126896305,1.0,0.09840945779315886,0.0,0.0,0.0,-0.5590137243270874,CityLearnV3MADRLRewardFunction,maac_unified_comparable_v4,E1,-0.0,1907,14.564101789909802,1.0,0.1375542874572536,0.0,2
12,0.0,0.0,0.0,0.0,Building_9,8,MAAC,0.7900000214576721,False,0.0,0.0,0.0,0.43774908781051636,9,0,0.0,0.0,-0.0,78840,-0.0,0.0,-0.5148105025291443,0.0,0.0,0.0,0.0,106,3.650516143787624,1.0,0.1527974137438918,0.0,0.0,0.0,-0.5590137243270874,CityLearnV3MADRLRewardFunction,maac_unified_comparable_v4,E1,-0.0,1907,14.564101789909802,1.0,0.1375542874572536,0.0,2
8,1.0,1.0,0.125,0.0,Building_10,9,MAAC,0.7900000214576721,False,0.0,0.0,0.0,0.43774908781051636,9,0,0.0,0.0,-0.0,78840,-0.0,0.0,-0.5810869336128235,0.0,0.0,0.0,0.0,78,3.492491613218173,1.0,0.19376026724393552,0.0,0.0,0.0,-0.5590137243270874,CityLearnV3MADRLRewardFunction,maac_unified_comparable_v4,E1,-0.0,1907,14.564101789909802,1.0,0.1375542874572536,0.0,2
5,0.0,0.0,0.0,0.0,Building_11,10,MAAC,0.7900000214576721,False,0.0,0.0,0.0,0.43774908781051636,9,0,0.0,0.0,-0.0,78840,-0.0,0.0,-0.6010268330574036,0.0,0.0,0.0,0.0,57,3.6306434062596864,1.0,0.2827958995312975,0.0,0.0,0.0,-0.5590137243270874,CityLearnV3MADRLRewardFunction,maac_unified_comparable_v4,E1,-0.0,1907,14.564101789909802,1.0,0.1375542874572536,0.0,2
5,0.0,0.0,0.0,0.0,Building_12,11,MAAC,0.7900000214576721,False,0.0,0.0,0.0,0.43774908781051636,9,0,0.0,0.0,-0.0,78840,-0.0,0.0,-0.6103187203407288,0.0,0.0,0.0,0.0,57,3.5907660295555397,1.0,0.2799655484002933,0.0,0.0,0.0,-0.5590137243270874,CityLearnV3MADRLRewardFunction,maac_unified_comparable_v4,E1,-0.0,1907,14.564101789909802,1.0,0.1375542874572536,0.0,2
13,0.0,0.0,0.0,0.0,Building_13,12,MAAC,0.7900000214576721,False,0.0,0.0,0.0,0.43774908781051636,9,0,0.0,0.0,-0.0,78840,-0.0,0.0,-0.5080215930938721,0.0,0.0,0.0,0.0,113,3.5227462782343553,1.0,0.13456583741755612,0.0,0.0,0.0,-0.5590137243270874,CityLearnV3MADRLRewardFunction,maac_unified_comparable_v4,E1,-0.0,1907,14.564101789909802,1.0,0.1375542874572536,0.0,2
6,0.0,0.0,0.0,0.0,Building_14,13,MAAC,0.7900000214576721,False,0.0,0.0,0.0,0.43774908781051636,9,0,0.0,0.0,-0.0,78840,-0.0,0.0,-0.5114824771881104,0.0,0.0,0.0,0.0,64,3.5064414738050185,1.0,0.2365992950508371,0.0,0.0,0.0,-0.5590137243270874,CityLearnV3MADRLRewardFunction,maac_unified_comparable_v4,E1,-0.0,1907,14.564101789909802,1.0,0.1375542874572536,0.0,2
10,0.0,0.0,0.0,0.0,Building_15,14,MAAC,0.7900000214576721,False,0.0,0.0,0.0,0.43774908781051636,9,0,0.0,0.0,-0.0,78840,-0.0,0.0,-0.516234278678894,0.0,0.0,0.0,0.0,92,3.538171539981524,1.0,0.16653400400410528,0.0,0.0,0.0,-0.5590137243270874,CityLearnV3MADRLRewardFunction,maac_unified_comparable_v4,E1,-0.0,1907,14.564101789909802,1.0,0.1375542874572536,0.0,2
13,0.0,0.0,0.0,0.0,Building_16,15,MAAC,0.7900000214576721,False,0.0,0.0,0.0,0.43774908781051636,9,0,0.0,0.0,-0.0,78840,-0.0,0.0,-0.5981907844543457,0.0,0.0,0.0,0.0,113,3.4326414527602274,1.0,0.13125098470301755,0.0,0.0,0.0,-0.5590137243270874,CityLearnV3MADRLRewardFunction,maac_unified_comparable_v4,E1,-0.0,1907,14.564101789909802,1.0,0.1375542874572536,0.0,2
13,1.0,1.0,0.07692307692307693,0.0,Building_17,16,MAAC,0.7900000214576721,False,0.0,0.0,0.0,0.43774908781051636,9,0,0.0,0.0,-0.0,78840,-0.0,0.0,-0.5812015533447266,0.0,0.0,0.0,0.0,113,3.5992517778668245,1.0,0.14230994616462067,0.0,0.0,0.0,-0.5590137243270874,CityLearnV3MADRLRewardFunction,maac_unified_comparable_v4,E1,-0.0,1907,14.564101789909802,1.0,0.1375542874572536,0.0,2
6,0.0,0.0,0.0,0.0,Building_1,0,MAAC,0.7900000214576721,True,0.0,0.0,0.0,0.28695225715637207,9,8757,0.0,0.0,-0.0,87597,0.0,433.45458984375,-0.83329176902771,172.66647338867188,342.42913818359375,433.45458984375,433.45458984375,64,3.1784395493074307,1.0,0.2082050075987354,0.0,0.0,0.0,-0.7990056872367859,CityLearnV3MADRLRewardFunction,maac_unified_comparable_v4,E1,-0.0,1907,13.738675524099005,1.0,0.12620201427733704,0.0,8759
8,0.0,0.0,0.0,0.0,Building_2,1,MAAC,0.7900000214576721,True,0.0,0.0,0.0,0.28695225715637207,9,8757,0.0,0.0,-0.0,87597,0.0,15.16435432434082,-0.784598171710968,6.040714740753174,11.979840278625488,15.16435432434082,15.16435432434082,78,3.401965415857069,1.0,0.18646361726598862,0.0,0.0,0.0,-0.7990056872367859,CityLearnV3MADRLRewardFunction,maac_unified_comparable_v4,E1,-0.0,1907,13.738675524099005,1.0,0.12620201427733704,0.0,8759
10,0.0,0.0,0.0,0.0,Building_3,2,MAAC,0.7900000214576721,True,0.0,0.0,0.0,0.28695225715637207,9,8757,0.0,0.0,-0.0,87597,0.0,94.53981018066406,-0.8241762518882751,37.65989685058594,74.68645477294922,94.53981018066406,94.53981018066406,92,3.2058582762137338,1.0,0.1450097922883604,0.0,0.0,0.0,-0.7990056872367859,CityLearnV3MADRLRewardFunction,maac_unified_comparable_v4,E1,-0.0,1907,13.738675524099005,1.0,0.12620201427733704,0.0,8759
8,0.0,0.0,0.0,0.0,Building_4,3,MAAC,0.7900000214576721,True,0.0,0.0,0.0,0.28695225715637207,9,8757,0.0,0.0,-0.0,87597,0.0,31.04317283630371,-0.8089643120765686,12.366035461425781,24.524106979370117,31.04317283630371,31.04317283630371,78,3.1852997313538354,1.0,0.16922044534331712,0.0,0.0,0.0,-0.7990056872367859,CityLearnV3MADRLRewardFunction,maac_unified_comparable_v4,E1,-0.0,1907,13.738675524099005,1.0,0.12620201427733704,0.0,8759
5,0.0,0.0,0.0,0.0,Building_5,4,MAAC,0.7900000214576721,True,0.0,0.0,0.0,0.28695225715637207,9,8757,0.0,0.0,-0.0,87597,0.0,38.538970947265625,-0.8560532331466675,15.351984024047852,30.44578742980957,38.538970947265625,38.538970947265625,57,3.5206867194594036,1.0,0.2847009171780787,0.0,0.0,0.0,-0.7990056872367859,CityLearnV3MADRLRewardFunction,maac_unified_comparable_v4,E1,-0.0,1907,13.738675524099005,1.0,0.12620201427733704,0.0,8759
34,1.0,1.0,0.029411764705882353,0.0,Building_6,5,MAAC,0.7900000214576721,True,0.0,0.0,0.0,0.28695225715637207,9,8757,0.0,0.0,-0.0,87597,0.0,362.8901062011719,-0.8375492691993713,144.55712890625,286.6831970214844,362.8901062011719,362.8901062011719,260,3.2682748749663983,1.0,0.0527881157799409,0.0,0.0,0.0,-0.7990056872367859,CityLearnV3MADRLRewardFunction,maac_unified_comparable_v4,E1,-0.0,1907,13.738675524099005,1.0,0.12620201427733704,0.0,8759
44,1.0,1.0,0.022727272727272728,0.0,Building_7,6,MAAC,0.7900000214576721,True,0.0,0.0,0.0,0.28695225715637207,9,8757,0.0,0.0,-0.0,87597,0.0,12.664111137390137,-0.7774491310119629,5.044743537902832,10.004648208618164,12.664111137390137,12.664111137390137,330,3.40217631261506,1.0,0.04355926405299793,0.0,0.0,0.0,-0.7990056872367859,CityLearnV3MADRLRewardFunction,maac_unified_comparable_v4,E1,-0.0,1907,13.738675524099005,1.0,0.12620201427733704,0.0,8759
19,1.0,1.0,0.05263157894736842,0.0,Building_8,7,MAAC,0.7900000214576721,True,0.0,0.0,0.0,0.28695225715637207,9,8757,0.0,0.0,-0.0,87597,0.0,12.065996170043945,-0.7752623558044434,4.806484699249268,9.532136917114258,12.065996170043945,12.065996170043945,155,3.4399812448905442,1.0,0.09531679763909309,0.0,0.0,0.0,-0.7990056872367859,CityLearnV3MADRLRewardFunction,maac_unified_comparable_v4,E1,-0.0,1907,13.738675524099005,1.0,0.12620201427733704,0.0,8759
12,0.0,0.0,0.0,0.0,Building_9,8,MAAC,0.7900000214576721,True,-2.6976968001690693e-06,0.0,0.0,0.28695225715637207,9,8757,0.0,0.0,-0.0,87597,0.0,2.290158748626709,-0.7193366289138794,0.9122838377952576,1.8092254400253296,2.290158748626709,2.290161371231079,106,3.6504713352486333,1.0,0.15574053906888333,0.0,0.0,0.0,-0.7990056872367859,CityLearnV3MADRLRewardFunction,maac_unified_comparable_v4,E1,-0.0,1907,13.738675524099005,1.0,0.12620201427733704,0.0,8759
8,0.0,0.0,0.0,0.0,Building_10,9,MAAC,0.7900000214576721,True,0.0,0.0,0.0,0.28695225715637207,9,8757,0.0,0.0,-0.0,87597,0.0,51.649574279785156,-0.8246551752090454,20.574588775634766,40.803165435791016,51.649574279785156,51.649574279785156,78,3.3184323065688606,1.0,0.18062077949826533,0.0,0.0,0.0,-0.7990056872367859,CityLearnV3MADRLRewardFunction,maac_unified_comparable_v4,E1,-0.0,1907,13.738675524099005,1.0,0.12620201427733704,0.0,8759
5,1.0,0.0,-0.2,-1.0,Building_11,10,MAAC,0.7900000214576721,True,0.0,0.0,0.0,0.28695225715637207,9,8757,0.0,0.0,-0.0,87597,0.0,71.54803466796875,-0.8234694600105286,28.501131057739258,56.52294921875,71.54803466796875,71.54803466796875,57,3.261911182435956,1.0,0.23928144332348256,0.0,0.0,0.0,-0.7990056872367859,CityLearnV3MADRLRewardFunction,maac_unified_comparable_v4,E1,-0.0,1907,13.738675524099005,1.0,0.12620201427733704,0.0,8759
5,0.0,0.0,0.0,0.0,Building_12,11,MAAC,0.7900000214576721,True,0.0,0.0,0.0,0.28695225715637207,9,8757,0.0,0.0,-0.0,87597,0.0,215.11593627929688,-0.8359643220901489,85.69135284423828,169.94158935546875,215.11593627929688,215.11593627929688,57,3.260153355651619,1.0,0.24393016505136825,0.0,0.0,0.0,-0.7990056872367859,CityLearnV3MADRLRewardFunction,maac_unified_comparable_v4,E1,-0.0,1907,13.738675524099005,1.0,0.12620201427733704,0.0,8759
13,1.0,1.0,0.07692307692307693,0.0,Building_13,12,MAAC,0.7900000214576721,True,0.0,0.0,0.0,0.28695225715637207,9,8757,0.0,0.0,-0.0,87597,0.0,2.033022403717041,-0.7355872988700867,0.8098536729812622,1.6060876846313477,2.033022403717041,2.033022403717041,113,3.402267971200896,1.0,0.12618677271942122,0.0,0.0,0.0,-0.7990056872367859,CityLearnV3MADRLRewardFunction,maac_unified_comparable_v4,E1,-0.0,1907,13.738675524099005,1.0,0.12620201427733704,0.0,8759
6,0.0,0.0,0.0,0.0,Building_14,13,MAAC,0.7900000214576721,True,0.0,0.0,0.0,0.28695225715637207,9,8757,0.0,0.0,-0.0,87597,0.0,2.6149511337280273,-0.7381064295768738,1.041664719581604,2.0658113956451416,2.6149511337280273,2.6149511337280273,64,3.364618337666872,1.0,0.2203468777006492,0.0,0.0,0.0,-0.7990056872367859,CityLearnV3MADRLRewardFunction,maac_unified_comparable_v4,E1,-0.0,1907,13.738675524099005,1.0,0.12620201427733704,0.0,8759
10,0.0,0.0,0.0,0.0,Building_15,14,MAAC,0.7900000214576721,True,0.0,0.0,0.0,0.28695225715637207,9,8757,0.0,0.0,-0.0,87597,0.0,19.521480560302734,-0.7923755645751953,7.776374340057373,15.42197036743164,19.521480560302734,19.521480560302734,92,3.326563391042984,1.0,0.15312792190715022,0.0,0.0,0.0,-0.7990056872367859,CityLearnV3MADRLRewardFunction,maac_unified_comparable_v4,E1,-0.0,1907,13.738675524099005,1.0,0.12620201427733704,0.0,8759
13,0.0,0.0,0.0,0.0,Building_16,15,MAAC,0.7900000214576721,True,0.0,0.0,0.0,0.28695225715637207,9,8757,0.0,0.0,-0.0,87597,0.0,54.89390563964844,-0.818355143070221,21.866966247558594,43.366188049316406,54.89390563964844,54.89390563964844,113,3.2144128175247175,1.0,0.11779461405446044,0.0,0.0,0.0,-0.7990056872367859,CityLearnV3MADRLRewardFunction,maac_unified_comparable_v4,E1,-0.0,1907,13.738675524099005,1.0,0.12620201427733704,0.0,8759
13,0.0,0.0,0.0,0.0,Building_17,16,MAAC,0.7900000214576721,True,0.0,0.0,0.0,0.28695225715637207,9,8757,0.0,0.0,-0.0,87597,0.0,22.46647071838379,-0.7979020476341248,8.949509620666504,17.748512268066406,22.46647071838379,22.46647071838379,113,3.2039679305335547,1.0,0.11731411061719456,0.0,0.0,0.0,-0.7990056872367859,CityLearnV3MADRLRewardFunction,maac_unified_comparable_v4,E1,-0.0,1907,13.738675524099005,1.0,0.12620201427733704,0.0,8759
6,0.0,0.0,0.0,0.0,Building_1,0,MAAC,0.7900000214576721,False,0.0,0.0,0.0,0.411760538816452,10,0,0.0,0.0,-0.0,87600,-0.0,0.0,-0.8024434447288513,0.0,0.0,0.0,0.0,64,3.309968496996886,1.0,0.22015545249450952,0.0,0.0,0.0,-0.7508657574653625,CityLearnV3MADRLRewardFunction,maac_unified_comparable_v4,E1,-0.0,1907,14.160223913670066,1.0,0.12974903544613248,0.0,3
8,0.0,0.0,0.0,0.0,Building_2,1,MAAC,0.7900000214576721,False,0.0,0.0,0.0,0.411760538816452,10,0,0.0,0.0,-0.0,87600,-0.0,0.0,-0.6970505714416504,0.0,0.0,0.0,0.0,78,3.4338103153800614,1.0,0.18323007770455801,0.0,0.0,0.0,-0.7508657574653625,CityLearnV3MADRLRewardFunction,maac_unified_comparable_v4,E1,-0.0,1907,14.160223913670066,1.0,0.12974903544613248,0.0,3
10,0.0,0.0,0.0,0.0,Building_3,2,MAAC,0.7900000214576721,False,0.0,0.0,0.0,0.411760538816452,10,0,0.0,0.0,-0.0,87600,-0.0,0.0,-0.7895456552505493,0.0,0.0,0.0,0.0,92,3.51520725089103,1.0,0.1660603108289449,0.0,0.0,0.0,-0.7508657574653625,CityLearnV3MADRLRewardFunction,maac_unified_comparable_v4,E1,-0.0,1907,14.160223913670066,1.0,0.12974903544613248,0.0,3
8,0.0,0.0,0.0,0.0,Building_4,3,MAAC,0.7900000214576721,False,0.0,0.0,0.0,0.411760538816452,10,0,0.0,0.0,-0.0,87600,-0.0,0.0,-0.7426562905311584,0.0,0.0,0.0,0.0,78,3.361007492799701,1.0,0.17944473763689017,0.0,0.0,0.0,-0.7508657574653625,CityLearnV3MADRLRewardFunction,maac_unified_comparable_v4,E1,-0.0,1907,14.160223913670066,1.0,0.12974903544613248,0.0,3
5,0.0,0.0,0.0,0.0,Building_5,4,MAAC,0.7900000214576721,False,0.0,0.0,0.0,0.411760538816452,10,0,0.0,0.0,-0.0,87600,-0.0,0.0,-0.7795905470848083,0.0,0.0,0.0,0.0,57,3.4546047285600414,1.0,0.2595720738172531,0.0,0.0,0.0,-0.7508657574653625,CityLearnV3MADRLRewardFunction,maac_unified_comparable_v4,E1,-0.0,1907,14.160223913670066,1.0,0.12974903544613248,0.0,3
34,1.0,1.0,0.029411764705882353,0.0,Building_6,5,MAAC,0.7900000214576721,False,0.0,0.0,0.0,0.411760538816452,10,0,0.0,0.0,-0.0,87600,-0.0,0.0,-0.7976445555686951,0.0,0.0,0.0,0.0,260,3.3466916701984117,1.0,0.05391121010940809,0.0,0.0,0.0,-0.7508657574653625,CityLearnV3MADRLRewardFunction,maac_unified_comparable_v4,E1,-0.0,1907,14.160223913670066,1.0,0.12974903544613248,0.0,3
44,1.0,1.0,0.022727272727272728,0.0,Building_7,6,MAAC,0.7900000214576721,False,0.0,0.0,0.0,0.411760538816452,10,0,0.0,0.0,-0.0,87600,-0.0,0.0,-0.7191556096076965,0.0,0.0,0.0,0.0,330,3.414602110432259,1.0,0.043283060667189684,0.0,0.0,0.0,-0.7508657574653625,CityLearnV3MADRLRewardFunction,maac_unified_comparable_v4,E1,-0.0,1907,14.160223913670066,1.0,0.12974903544613248,0.0,3
19,0.0,0.0,0.0,0.0,Building_8,7,MAAC,0.7900000214576721,False,0.0,0.0,0.0,0.411760538816452,10,0,0.0,0.0,-0.0,87600,-0.0,0.0,-0.6974589228630066,0.0,0.0,0.0,0.0,155,3.430556748098043,1.0,0.09217450758141855,0.0,0.0,0.0,-0.7508657574653625,CityLearnV3MADRLRewardFunction,maac_unified_comparable_v4,E1,-0.0,1907,14.160223913670066,1.0,0.12974903544613248,0.0,3
12,0.0,0.0,0.0,0.0,Building_9,8,MAAC,0.7900000214576721,False,0.0,0.0,0.0,0.411760538816452,10,0,0.0,0.0,-0.0,87600,-0.0,0.0,-0.7040786743164062,0.0,0.0,0.0,0.0,106,3.5581471634996307,1.0,0.145665575873177,0.0,0.0,0.0,-0.7508657574653625,CityLearnV3MADRLRewardFunction,maac_unified_comparable_v4,E1,-0.0,1907,14.160223913670066,1.0,0.12974903544613248,0.0,3
8,1.0,1.0,0.125,0.0,Building_10,9,MAAC,0.7900000214576721,False,0.0,0.0,0.0,0.411760538816452,10,0,0.0,0.0,-0.0,87600,-0.0,0.0,-0.7841249108314514,0.0,0.0,0.0,0.0,78,3.4309838008481965,1.0,0.18550158626376054,0.0,0.0,0.0,-0.7508657574653625,CityLearnV3MADRLRewardFunction,maac_unified_comparable_v4,E1,-0.0,1907,14.160223913670066,1.0,0.12974903544613248,0.0,3
5,0.0,0.0,0.0,0.0,Building_11,10,MAAC,0.7900000214576721,False,0.0,0.0,0.0,0.411760538816452,10,0,0.0,0.0,-0.0,87600,-0.0,0.0,-0.7899472713470459,0.0,0.0,0.0,0.0,57,3.5358746028374908,1.0,0.2687770988334689,0.0,0.0,0.0,-0.7508657574653625,CityLearnV3MADRLRewardFunction,maac_unified_comparable_v4,E1,-0.0,1907,14.160223913670066,1.0,0.12974903544613248,0.0,3
5,0.0,0.0,0.0,0.0,Building_12,11,MAAC,0.7900000214576721,False,0.0,0.0,0.0,0.411760538816452,10,0,0.0,0.0,-0.0,87600,-0.0,0.0,-0.7976954579353333,0.0,0.0,0.0,0.0,57,3.4917612623884047,1.0,0.2653993931517266,0.0,0.0,0.0,-0.7508657574653625,CityLearnV3MADRLRewardFunction,maac_unified_comparable_v4,E1,-0.0,1907,14.160223913670066,1.0,0.12974903544613248,0.0,3
13,0.0,0.0,0.0,0.0,Building_13,12,MAAC,0.7900000214576721,False,0.0,0.0,0.0,0.411760538816452,10,0,0.0,0.0,-0.0,87600,-0.0,0.0,-0.6967514753341675,0.0,0.0,0.0,0.0,113,3.4179954461508535,1.0,0.12603977091808236,0.0,0.0,0.0,-0.7508657574653625,CityLearnV3MADRLRewardFunction,maac_unified_comparable_v4,E1,-0.0,1907,14.160223913670066,1.0,0.12974903544613248,0.0,3
6,0.0,0.0,0.0,0.0,Building_14,13,MAAC,0.7900000214576721,False,0.0,0.0,0.0,0.411760538816452,10,0,0.0,0.0,-0.0,87600,-0.0,0.0,-0.6999916434288025,0.0,0.0,0.0,0.0,64,3.404012028260555,1.0,0.22185180766973644,0.0,0.0,0.0,-0.7508657574653625,CityLearnV3MADRLRewardFunction,maac_unified_comparable_v4,E1,-0.0,1907,14.160223913670066,1.0,0.12974903544613248,0.0,3
10,0.0,0.0,0.0,0.0,Building_15,14,MAAC,0.7900000214576721,False,0.0,0.0,0.0,0.411760538816452,10,0,0.0,0.0,-0.0,87600,-0.0,0.0,-0.720312774181366,0.0,0.0,0.0,0.0,92,3.4393079346893347,1.0,0.1574395160474207,0.0,0.0,0.0,-0.7508657574653625,CityLearnV3MADRLRewardFunction,maac_unified_comparable_v4,E1,-0.0,1907,14.160223913670066,1.0,0.12974903544613248,0.0,3
13,0.0,0.0,0.0,0.0,Building_16,15,MAAC,0.7900000214576721,False,0.0,0.0,0.0,0.411760538816452,10,0,0.0,0.0,-0.0,87600,-0.0,0.0,-0.7805672883987427,0.0,0.0,0.0,0.0,113,3.3247564429683245,1.0,0.12272911690241467,0.0,0.0,0.0,-0.7508657574653625,CityLearnV3MADRLRewardFunction,maac_unified_comparable_v4,E1,-0.0,1907,14.160223913670066,1.0,0.12974903544613248,0.0,3
13,0.0,0.0,0.0,0.0,Building_17,16,MAAC,0.7900000214576721,False,0.0,0.0,0.0,0.411760538816452,10,0,0.0,0.0,-0.0,87600,-0.0,0.0,-0.7657033205032349,0.0,0.0,0.0,0.0,113,3.502766734438189,1.0,0.1348736779352205,0.0,0.0,0.0,-0.7508657574653625,CityLearnV3MADRLRewardFunction,maac_unified_comparable_v4,E1,-0.0,1907,14.160223913670066,1.0,0.12974903544613248,0.0,3
6,0.0,0.0,0.0,0.0,Building_1,0,MAAC,0.7900000214576721,True,0.0,0.0,0.0,0.5087285041809082,10,8756,0.0,0.0,-0.0,96356,0.0,446.8856201171875,-0.835770845413208,295.8052062988281,353.0396423339844,446.8856201171875,446.8856201171875,64,3.4041554538750978,1.0,0.24117861967533827,0.0,0.0,0.0,-0.7977710366249084,CityLearnV3MADRLRewardFunction,maac_unified_comparable_v4,E1,-0.0,1907,14.46766463825296,1.0,0.14195646574172788,0.0,8759
8,0.0,0.0,0.0,0.0,Building_2,1,MAAC,0.7900000214576721,True,0.0,0.0,0.0,0.5087285041809082,10,8756,0.0,0.0,-0.0,96356,0.0,5.618855953216553,-0.7496607899665833,3.719266653060913,4.438896179199219,5.618855953216553,5.618855953216553,78,3.481737445990698,1.0,0.19766777008771896,0.0,0.0,0.0,-0.7977710366249084,CityLearnV3MADRLRewardFunction,maac_unified_comparable_v4,E1,-0.0,1907,14.46766463825296,1.0,0.14195646574172788,0.0,8759
10,0.0,0.0,0.0,0.0,Building_3,2,MAAC,0.7900000214576721,True,0.0,0.0,0.0,0.5087285041809082,10,8756,0.0,0.0,-0.0,96356,0.0,98.17061614990234,-0.824773907661438,64.98168182373047,77.5547866821289,98.17061614990234,98.17061614990234,92,3.4212782596743323,1.0,0.16653865543396576,0.0,0.0,0.0,-0.7977710366249084,CityLearnV3MADRLRewardFunction,maac_unified_comparable_v4,E1,-0.0,1907,14.46766463825296,1.0,0.14195646574172788,0.0,8759
8,0.0,0.0,0.0,0.0,Building_4,3,MAAC,0.7900000214576721,True,0.0,0.0,0.0,0.5087285041809082,10,8756,0.0,0.0,-0.0,96356,0.0,28.84416961669922,-0.8065996766090393,19.09270477294922,22.786893844604492,28.84416961669922,28.84416961669922,78,3.3875928784157168,1.0,0.19281297826614135,0.0,0.0,0.0,-0.7977710366249084,CityLearnV3MADRLRewardFunction,maac_unified_comparable_v4,E1,-0.0,1907,14.46766463825296,1.0,0.14195646574172788,0.0,8759
5,0.0,0.0,0.0,0.0,Building_5,4,MAAC,0.7900000214576721,True,0.0,0.0,0.0,0.5087285041809082,10,8756,0.0,0.0,-0.0,96356,0.0,37.89287567138672,-0.856626033782959,25.082279205322266,29.935373306274414,37.89287567138672,37.89287567138672,57,3.7518947992116063,1.0,0.32114609683814804,0.0,0.0,0.0,-0.7977710366249084,CityLearnV3MADRLRewardFunction,maac_unified_comparable_v4,E1,-0.0,1907,14.46766463825296,1.0,0.14195646574172788,0.0,8759
34,1.0,1.0,0.029411764705882353,0.0,Building_6,5,MAAC,0.7900000214576721,True,0.0,0.0,0.0,0.5087285041809082,10,8756,0.0,0.0,-0.0,96356,0.0,350.8894348144531,-0.8361452221870422,232.26283264160156,277.2026672363281,350.8894348144531,350.8894348144531,260,3.468298079874571,1.0,0.06002855885487336,0.0,0.0,0.0,-0.7977710366249084,CityLearnV3MADRLRewardFunction,maac_unified_comparable_v4,E1,-0.0,1907,14.46766463825296,1.0,0.14195646574172788,0.0,8759
44,1.0,1.0,0.022727272727272728,0.0,Building_7,6,MAAC,0.7900000214576721,True,0.0,0.0,0.0,0.5087285041809082,10,8756,0.0,0.0,-0.0,96356,0.0,18.66022491455078,-0.792376697063446,12.35168743133545,14.741578102111816,18.66022491455078,18.66022491455078,330,3.489847368332608,1.0,0.04784991614746325,0.0,0.0,0.0,-0.7977710366249084,CityLearnV3MADRLRewardFunction,maac_unified_comparable_v4,E1,-0.0,1907,14.46766463825296,1.0,0.14195646574172788,0.0,8759
19,1.0,1.0,0.05263157894736842,0.0,Building_8,7,MAAC,0.7900000214576721,True,0.0,0.0,0.0,0.5087285041809082,10,8756,0.0,0.0,-0.0,96356,0.0,19.251495361328125,-0.7924819588661194,12.743064880371094,15.2086820602417,19.251495361328125,19.251495361328125,155,3.6087800336637375,1.0,0.10567371229971609,0.0,0.0,0.0,-0.7977710366249084,CityLearnV3MADRLRewardFunction,maac_unified_comparable_v4,E1,-0.0,1907,14.46766463825296,1.0,0.14195646574172788,0.0,8759
12,0.0,0.0,0.0,0.0,Building_9,8,MAAC,0.7900000214576721,True,0.0,0.0,0.0,0.5087285041809082,10,8756,0.0,0.0,-0.0,96356,0.0,2.4506425857543945,-0.7186958193778992,1.6221439838409424,1.9360077381134033,2.4506425857543945,2.4506425857543945,106,3.7144260636812096,1.0,0.16842447924164106,0.0,0.0,0.0,-0.7977710366249084,CityLearnV3MADRLRewardFunction,maac_unified_comparable_v4,E1,-0.0,1907,14.46766463825296,1.0,0.14195646574172788,0.0,8759
8,0.0,0.0,0.0,0.0,Building_10,9,MAAC,0.7900000214576721,True,0.0,0.0,0.0,0.5087285041809082,10,8756,0.0,0.0,-0.0,96356,0.0,34.33414077758789,-0.8176292777061462,22.726659774780273,27.123971939086914,34.33414077758789,34.33414077758789,78,3.5733104372917603,1.0,0.20659218699886248,0.0,0.0,0.0,-0.7977710366249084,CityLearnV3MADRLRewardFunction,maac_unified_comparable_v4,E1,-0.0,1907,14.46766463825296,1.0,0.14195646574172788,0.0,8759
5,0.0,0.0,0.0,0.0,Building_11,10,MAAC,0.7900000214576721,True,0.0,0.0,0.0,0.5087285041809082,10,8756,0.0,0.0,-0.0,96356,0.0,57.917564392089844,-0.817756175994873,38.33713912963867,45.754878997802734,57.917564392089844,57.917564392089844,57,3.448828454680682,1.0,0.2685640791529103,0.0,0.0,0.0,-0.7977710366249084,CityLearnV3MADRLRewardFunction,maac_unified_comparable_v4,E1,-0.0,1907,14.46766463825296,1.0,0.14195646574172788,0.0,8759
5,0.0,0.0,0.0,0.0,Building_12,11,MAAC,0.7900000214576721,True,0.0,0.0,0.0,0.5087285041809082,10,8756,0.0,0.0,-0.0,96356,0.0,182.6020965576172,-0.8241576552391052,120.86907196044922,144.2556610107422,182.6020965576172,182.6020965576172,57,3.403672332048715,1.0,0.2651944738208202,0.0,0.0,0.0,-0.7977710366249084,CityLearnV3MADRLRewardFunction,maac_unified_comparable_v4,E1,-0.0,1907,14.46766463825296,1.0,0.14195646574172788,0.0,8759
13,0.0,0.0,0.0,0.0,Building_13,12,MAAC,0.7900000214576721,True,0.0,0.0,0.0,0.5087285041809082,10,8756,0.0,0.0,-0.0,96356,0.0,2.789367437362671,-0.7378901839256287,1.8463547229766846,2.2036004066467285,2.789367437362671,2.789367437362671,113,3.5190563215082755,1.0,0.1399163063121053,0.0,0.0,0.0,-0.7977710366249084,CityLearnV3MADRLRewardFunction,maac_unified_comparable_v4,E1,-0.0,1907,14.46766463825296,1.0,0.14195646574172788,0.0,8759
6,0.0,0.0,0.0,0.0,Building_14,13,MAAC,0.7900000214576721,True,0.0,0.0,0.0,0.5087285041809082,10,8756,0.0,0.0,-0.0,96356,0.0,2.485826015472412,-0.7364777326583862,1.6454328298568726,1.9638025760650635,2.485826015472412,2.485826015472412,64,3.483019834652992,1.0,0.2443258767016232,0.0,0.0,0.0,-0.7977710366249084,CityLearnV3MADRLRewardFunction,maac_unified_comparable_v4,E1,-0.0,1907,14.46766463825296,1.0,0.14195646574172788,0.0,8759
10,0.0,0.0,0.0,0.0,Building_15,14,MAAC,0.7900000214576721,True,0.0,0.0,0.0,0.5087285041809082,10,8756,0.0,0.0,-0.0,96356,0.0,20.5941162109375,-0.7951270937919617,13.631780624389648,16.269351959228516,20.5941162109375,20.5941162109375,92,3.531665351092377,1.0,0.1739960612486238,0.0,0.0,0.0,-0.7977710366249084,CityLearnV3MADRLRewardFunction,maac_unified_comparable_v4,E1,-0.0,1907,14.46766463825296,1.0,0.14195646574172788,0.0,8759
13,0.0,0.0,0.0,0.0,Building_16,15,MAAC,0.7900000214576721,True,0.0,0.0,0.0,0.5087285041809082,10,8756,0.0,0.0,-0.0,96356,0.0,103.13050842285156,-0.8207658529281616,68.26476287841797,81.47310638427734,103.13050842285156,103.13050842285156,113,3.439806229269319,1.0,0.13764319100738626,0.0,0.0,0.0,-0.7977710366249084,CityLearnV3MADRLRewardFunction,maac_unified_comparable_v4,E1,-0.0,1907,14.46766463825296,1.0,0.14195646574172788,0.0,8759
13,0.0,0.0,0.0,0.0,Building_17,16,MAAC,0.7900000214576721,True,0.0,0.0,0.0,0.5087285041809082,10,8756,0.0,0.0,-0.0,96356,0.0,21.1981143951416,-0.7991724014282227,14.031582832336426,16.746511459350586,21.1981143951416,21.1981143951416,113,3.4997803331063952,1.0,0.14171418969610097,0.0,0.0,0.0,-0.7977710366249084,CityLearnV3MADRLRewardFunction,maac_unified_comparable_v4,E1,-0.0,1907,14.46766463825296,1.0,0.14195646574172788,0.0,8759
6,0.0,0.0,0.0,0.0,Building_1,0,MAAC,0.7900000214576721,False,0.0,0.0,0.0,0.43466824293136597,11,0,0.0,0.0,-0.0,96360,-0.0,0.0,-0.5404364466667175,0.0,0.0,0.0,0.0,64,3.3512938559391947,1.0,0.22822004300542176,0.0,0.0,0.0,-0.4808776378631592,CityLearnV3MADRLRewardFunction,maac_unified_comparable_v4,E1,-0.0,1907,14.133936100907311,1.0,0.13253982093157837,0.0,1
8,0.0,0.0,0.0,0.0,Building_2,1,MAAC,0.7900000214576721,False,0.0,0.0,0.0,0.43466824293136597,11,0,0.0,0.0,-0.0,96360,-0.0,0.0,-0.42957639694213867,0.0,0.0,0.0,0.0,78,3.4313283575988627,1.0,0.18794509099844176,0.0,0.0,0.0,-0.4808776378631592,CityLearnV3MADRLRewardFunction,maac_unified_comparable_v4,E1,-0.0,1907,14.133936100907311,1.0,0.13253982093157837,0.0,1
10,0.0,0.0,0.0,0.0,Building_3,2,MAAC,0.7900000214576721,False,0.0,0.0,0.0,0.43466824293136597,11,0,0.0,0.0,-0.0,96360,-0.0,0.0,-0.5275378823280334,0.0,0.0,0.0,0.0,92,3.48253435869289,1.0,0.16693019502512788,0.0,0.0,0.0,-0.4808776378631592,CityLearnV3MADRLRewardFunction,maac_unified_comparable_v4,E1,-0.0,1907,14.133936100907311,1.0,0.13253982093157837,0.0,1
8,0.0,0.0,0.0,0.0,Building_4,3,MAAC,0.7900000214576721,False,0.0,0.0,0.0,0.43466824293136597,11,0,0.0,0.0,-0.0,96360,-0.0,0.0,-0.4954773783683777,0.0,0.0,0.0,0.0,78,3.3526943269816174,1.0,0.18393695717438674,0.0,0.0,0.0,-0.4808776378631592,CityLearnV3MADRLRewardFunction,maac_unified_comparable_v4,E1,-0.0,1907,14.133936100907311,1.0,0.13253982093157837,0.0,1
5,0.0,0.0,0.0,0.0,Building_5,4,MAAC,0.7900000214576721,False,0.0,0.0,0.0,0.43466824293136597,11,0,0.0,0.0,-0.0,96360,-0.0,0.0,-0.5226952433586121,0.0,0.0,0.0,0.0,57,3.402492142442395,1.0,0.26281924611120894,0.0,0.0,0.0,-0.4808776378631592,CityLearnV3MADRLRewardFunction,maac_unified_comparable_v4,E1,-0.0,1907,14.133936100907311,1.0,0.13253982093157837,0.0,1
34,0.0,0.0,0.0,0.0,Building_6,5,MAAC,0.7900000214576721,False,0.0,0.0,0.0,0.43466824293136597,11,0,0.0,0.0,-0.0,96360,-0.0,0.0,-0.5332043170928955,0.0,0.0,0.0,0.0,260,3.337631548597973,1.0,0.05485789380394496,0.0,0.0,0.0,-0.4808776378631592,CityLearnV3MADRLRewardFunction,maac_unified_comparable_v4,E1,-0.0,1907,14.133936100907311,1.0,0.13253982093157837,0.0,1
44,0.0,0.0,0.0,0.0,Building_7,6,MAAC,0.7900000214576721,False,0.0,0.0,0.0,0.43466824293136597,11,0,0.0,0.0,-0.0,96360,-0.0,0.0,-0.42984431982040405,0.0,0.0,0.0,0.0,330,3.4149667010378306,1.0,0.0442771235650236,0.0,0.0,0.0,-0.4808776378631592,CityLearnV3MADRLRewardFunction,maac_unified_comparable_v4,E1,-0.0,1907,14.133936100907311,1.0,0.13253982093157837,0.0,1
19,0.0,0.0,0.0,0.0,Building_8,7,MAAC,0.7900000214576721,False,0.0,0.0,0.0,0.43466824293136597,11,0,0.0,0.0,-0.0,96360,-0.0,0.0,-0.4296156167984009,0.0,0.0,0.0,0.0,155,3.4274495038608204,1.0,0.09453268541443732,0.0,0.0,0.0,-0.4808776378631592,CityLearnV3MADRLRewardFunction,maac_unified_comparable_v4,E1,-0.0,1907,14.133936100907311,1.0,0.13253982093157837,0.0,1
12,0.0,0.0,0.0,0.0,Building_9,8,MAAC,0.7900000214576721,False,0.0,0.0,0.0,0.43466824293136597,11,0,0.0,0.0,-0.0,96360,-0.0,0.0,-0.440209299325943,0.0,0.0,0.0,0.0,106,3.529678408946232,1.0,0.14727685909788563,0.0,0.0,0.0,-0.4808776378631592,CityLearnV3MADRLRewardFunction,maac_unified_comparable_v4,E1,-0.0,1907,14.133936100907311,1.0,0.13253982093157837,0.0,1
8,0.0,0.0,0.0,0.0,Building_10,9,MAAC,0.7900000214576721,False,0.0,0.0,0.0,0.43466824293136597,11,0,0.0,0.0,-0.0,96360,-0.0,0.0,-0.45351532101631165,0.0,0.0,0.0,0.0,78,3.3837904344710794,1.0,0.18562943305676946,0.0,0.0,0.0,-0.4808776378631592,CityLearnV3MADRLRewardFunction,maac_unified_comparable_v4,E1,-0.0,1907,14.133936100907311,1.0,0.13253982093157837,0.0,1
5,0.0,0.0,0.0,0.0,Building_11,10,MAAC,0.7900000214576721,False,0.0,0.0,0.0,0.43466824293136597,11,0,0.0,0.0,-0.0,96360,-0.0,0.0,-0.5222524404525757,0.0,0.0,0.0,0.0,57,3.5403805670328476,1.0,0.27776590970001724,0.0,0.0,0.0,-0.4808776378631592,CityLearnV3MADRLRewardFunction,maac_unified_comparable_v4,E1,-0.0,1907,14.133936100907311,1.0,0.13253982093157837,0.0,1
5,0.0,0.0,0.0,0.0,Building_12,11,MAAC,0.7900000214576721,False,0.0,0.0,0.0,0.43466824293136597,11,0,0.0,0.0,-0.0,96360,-0.0,0.0,-0.5358073115348816,0.0,0.0,0.0,0.0,57,3.4962380139454767,1.0,0.2744191836631089,0.0,0.0,0.0,-0.4808776378631592,CityLearnV3MADRLRewardFunction,maac_unified_comparable_v4,E1,-0.0,1907,14.133936100907311,1.0,0.13253982093157837,0.0,1
13,0.0,0.0,0.0,0.0,Building_13,12,MAAC,0.7900000214576721,False,0.0,0.0,0.0,0.43466824293136597,11,0,0.0,0.0,-0.0,96360,-0.0,0.0,-0.4297164976596832,0.0,0.0,0.0,0.0,113,3.4175228854689714,1.0,0.1292976727791592,0.0,0.0,0.0,-0.4808776378631592,CityLearnV3MADRLRewardFunction,maac_unified_comparable_v4,E1,-0.0,1907,14.133936100907311,1.0,0.13253982093157837,0.0,1
6,0.0,0.0,0.0,0.0,Building_14,13,MAAC,0.7900000214576721,False,0.0,0.0,0.0,0.43466824293136597,11,0,0.0,0.0,-0.0,96360,-0.0,0.0,-0.43422025442123413,0.0,0.0,0.0,0.0,64,3.4308843135518807,1.0,0.22929084510542452,0.0,0.0,0.0,-0.4808776378631592,CityLearnV3MADRLRewardFunction,maac_unified_comparable_v4,E1,-0.0,1907,14.133936100907311,1.0,0.13253982093157837,0.0,1
10,1.0,0.0,-0.1,-1.0,Building_15,14,MAAC,0.7900000214576721,False,0.0,0.0,0.0,0.43466824293136597,11,0,0.0,0.0,-0.0,96360,-0.0,0.0,-0.455189049243927,0.0,0.0,0.0,0.0,92,3.3986295796773476,1.0,0.15721253054621426,0.0,0.0,0.0,-0.4808776378631592,CityLearnV3MADRLRewardFunction,maac_unified_comparable_v4,E1,-0.0,1907,14.133936100907311,1.0,0.13253982093157837,0.0,1
13,0.0,0.0,0.0,0.0,Building_16,15,MAAC,0.7900000214576721,False,0.0,0.0,0.0,0.43466824293136597,11,0,0.0,0.0,-0.0,96360,-0.0,0.0,-0.4951109290122986,0.0,0.0,0.0,0.0,113,3.376408750082525,1.0,0.12812193028167285,0.0,0.0,0.0,-0.4808776378631592,CityLearnV3MADRLRewardFunction,maac_unified_comparable_v4,E1,-0.0,1907,14.133936100907311,1.0,0.13253982093157837,0.0,1
13,0.0,0.0,0.0,0.0,Building_17,16,MAAC,0.7900000214576721,False,0.0,0.0,0.0,0.43466824293136597,11,0,0.0,0.0,-0.0,96360,-0.0,0.0,-0.5005115866661072,0.0,0.0,0.0,0.0,113,3.4928962461426605,1.0,0.13702333118535776,0.0,0.0,0.0,-0.4808776378631592,CityLearnV3MADRLRewardFunction,maac_unified_comparable_v4,E1,-0.0,1907,14.133936100907311,1.0,0.13253982093157837,0.0,1
6,0.0,0.0,0.0,0.0,Building_1,0,MAAC,0.7900000214576721,True,0.0,0.0,0.0,0.32958081364631653,11,8758,0.0,0.0,-0.0,105118,0.0,391.586669921875,-0.8012879490852356,179.1614532470703,309.3534851074219,391.586669921875,391.586669921875,64,3.300911132004171,1.0,0.22124382574111223,0.0,0.0,0.0,-0.7511543035507202,CityLearnV3MADRLRewardFunction,maac_unified_comparable_v4,E1,-0.0,1907,14.080125574309639,1.0,0.13157375923425788,0.0,8759
8,0.0,0.0,0.0,0.0,Building_2,1,MAAC,0.7900000214576721,True,0.0,0.0,0.0,0.32958081364631653,11,8758,0.0,0.0,-0.0,105118,0.0,0.1848604530096054,-0.6922945976257324,0.08457864075899124,0.14603976905345917,0.1848604530096054,0.1848604530096054,78,3.4025529524461424,1.0,0.1856399824221929,0.0,0.0,0.0,-0.7511543035507202,CityLearnV3MADRLRewardFunction,maac_unified_comparable_v4,E1,-0.0,1907,14.080125574309639,1.0,0.13157375923425788,0.0,8759
10,0.0,0.0,0.0,0.0,Building_3,2,MAAC,0.7900000214576721,True,0.0,0.0,0.0,0.32958081364631653,11,8758,0.0,0.0,-0.0,105118,0.0,39.0087890625,-0.7792234420776367,17.847572326660156,30.816944122314453,39.0087890625,39.0087890625,92,3.258252515172644,1.0,0.1495088074842225,0.0,0.0,0.0,-0.7511543035507202,CityLearnV3MADRLRewardFunction,maac_unified_comparable_v4,E1,-0.0,1907,14.080125574309639,1.0,0.13157375923425788,0.0,8759
8,0.0,0.0,0.0,0.0,Building_4,3,MAAC,0.7900000214576721,True,0.0,0.0,0.0,0.32958081364631653,11,8758,0.0,0.0,-0.0,105118,0.0,36.67196273803711,-0.7779504656791687,16.778411865234375,28.97085189819336,36.67196273803711,36.67196273803711,78,3.25867509173636,1.0,0.17619724380664337,0.0,0.0,0.0,-0.7511543035507202,CityLearnV3MADRLRewardFunction,maac_unified_comparable_v4,E1,-0.0,1907,14.080125574309639,1.0,0.13157375923425788,0.0,8759
5,0.0,0.0,0.0,0.0,Building_5,4,MAAC,0.7900000214576721,True,0.0,0.0,0.0,0.32958081364631653,11,8758,0.0,0.0,-0.0,105118,0.0,54.225337982177734,-0.8280290365219116,24.809553146362305,42.838016510009766,54.225337982177734,54.225337982177734,57,3.5777798434510224,1.0,0.29370803608183277,0.0,0.0,0.0,-0.7511543035507202,CityLearnV3MADRLRewardFunction,maac_unified_comparable_v4,E1,-0.0,1907,14.080125574309639,1.0,0.13157375923425788,0.0,8759
34,0.0,0.0,0.0,0.0,Building_6,5,MAAC,0.7900000214576721,True,0.0,0.0,0.0,0.32958081364631653,11,8758,0.0,0.0,-0.0,105118,0.0,348.8946838378906,-0.8022514581680298,159.62872314453125,275.6268005371094,348.8946838378906,348.8946838378906,260,3.2967386491526187,1.0,0.05417708536753288,0.0,0.0,0.0,-0.7511543035507202,CityLearnV3MADRLRewardFunction,maac_unified_comparable_v4,E1,-0.0,1907,14.080125574309639,1.0,0.13157375923425788,0.0,8759
44,0.0,0.0,0.0,0.0,Building_7,6,MAAC,0.7900000214576721,True,0.0,0.0,0.0,0.32958081364631653,11,8758,0.0,0.0,-0.0,105118,0.0,2.9800853729248047,-0.7048409581184387,1.3634693622589111,2.3542675971984863,2.9800853729248047,2.9800853729248047,330,3.4927127873775334,1.0,0.04533545318426508,0.0,0.0,0.0,-0.7511543035507202,CityLearnV3MADRLRewardFunction,maac_unified_comparable_v4,E1,-0.0,1907,14.080125574309639,1.0,0.13157375923425788,0.0,8759
19,0.0,0.0,0.0,0.0,Building_8,7,MAAC,0.7900000214576721,True,0.0,0.0,0.0,0.32958081364631653,11,8758,0.0,0.0,-0.0,105118,0.0,6.19936990737915,-0.7180708050727844,2.836378812789917,4.897502422332764,6.19936990737915,6.19936990737915,155,3.4356168738168926,1.0,0.09643933657676942,0.0,0.0,0.0,-0.7511543035507202,CityLearnV3MADRLRewardFunction,maac_unified_comparable_v4,E1,-0.0,1907,14.080125574309639,1.0,0.13157375923425788,0.0,8759
12,0.0,0.0,0.0,0.0,Building_9,8,MAAC,0.7900000214576721,True,0.0,0.0,0.0,0.32958081364631653,11,8758,0.0,0.0,-0.0,105118,0.0,2.1350696086883545,-0.6837037205696106,0.9768518805503845,1.6867049932479858,2.1350696086883545,2.1350696086883545,106,3.7071797286526267,1.0,0.16077225360105624,0.0,0.0,0.0,-0.7511543035507202,CityLearnV3MADRLRewardFunction,maac_unified_comparable_v4,E1,-0.0,1907,14.080125574309639,1.0,0.13157375923425788,0.0,8759
8,0.0,0.0,0.0,0.0,Building_10,9,MAAC,0.7900000214576721,True,0.0,0.0,0.0,0.32958081364631653,11,8758,0.0,0.0,-0.0,105118,0.0,16.451881408691406,-0.7543211579322815,7.52717924118042,12.996986389160156,16.451881408691406,16.451881408691406,78,3.467114485984173,1.0,0.19070530845186648,0.0,0.0,0.0,-0.7511543035507202,CityLearnV3MADRLRewardFunction,maac_unified_comparable_v4,E1,-0.0,1907,14.080125574309639,1.0,0.13157375923425788,0.0,8759
5,0.0,0.0,0.0,0.0,Building_11,10,MAAC,0.7900000214576721,True,0.0,0.0,0.0,0.32958081364631653,11,8758,0.0,0.0,-0.0,105118,0.0,66.45198059082031,-0.787960946559906,30.40357208251953,52.497066497802734,66.45198059082031,66.45198059082031,57,3.349061646904229,1.0,0.24971231086212292,0.0,0.0,0.0,-0.7511543035507202,CityLearnV3MADRLRewardFunction,maac_unified_comparable_v4,E1,-0.0,1907,14.080125574309639,1.0,0.13157375923425788,0.0,8759
5,0.0,0.0,0.0,0.0,Building_12,11,MAAC,0.7900000214576721,True,0.0,0.0,0.0,0.32958081364631653,11,8758,0.0,0.0,-0.0,105118,0.0,155.388671875,-0.7953680753707886,71.0945053100586,122.7570571899414,155.388671875,155.388671875,57,3.3112582694844694,1.0,0.2503178927459215,0.0,0.0,0.0,-0.7511543035507202,CityLearnV3MADRLRewardFunction,maac_unified_comparable_v4,E1,-0.0,1907,14.080125574309639,1.0,0.13157375923425788,0.0,8759
13,1.0,1.0,0.07692307692307693,0.0,Building_13,12,MAAC,0.7900000214576721,True,0.0,0.0,0.0,0.32958081364631653,11,8758,0.0,0.0,-0.0,105118,0.0,0.1047736182808876,-0.6919565200805664,0.04793675243854523,0.08277115970849991,0.1047736182808876,0.1047736182808876,113,3.4760516244853816,1.0,0.13145120534221683,0.0,0.0,0.0,-0.7511543035507202,CityLearnV3MADRLRewardFunction,maac_unified_comparable_v4,E1,-0.0,1907,14.080125574309639,1.0,0.13157375923425788,0.0,8759
6,0.0,0.0,0.0,0.0,Building_14,13,MAAC,0.7900000214576721,True,0.0,0.0,0.0,0.32958081364631653,11,8758,0.0,0.0,-0.0,105118,0.0,1.3521205186843872,-0.697559654712677,0.6186316013336182,1.068175196647644,1.3521205186843872,1.3521205186843872,64,3.4809460415824813,1.0,0.23241354525089264,0.0,0.0,0.0,-0.7511543035507202,CityLearnV3MADRLRewardFunction,maac_unified_comparable_v4,E1,-0.0,1907,14.080125574309639,1.0,0.13157375923425788,0.0,8759
10,0.0,0.0,0.0,0.0,Building_15,14,MAAC,0.7900000214576721,True,0.0,0.0,0.0,0.32958081364631653,11,8758,0.0,0.0,-0.0,105118,0.0,15.147623062133789,-0.747580885887146,6.930445671081543,11.966622352600098,15.147623062133789,15.147623062133789,92,3.400401109354104,1.0,0.15908493376944377,0.0,0.0,0.0,-0.7511543035507202,CityLearnV3MADRLRewardFunction,maac_unified_comparable_v4,E1,-0.0,1907,14.080125574309639,1.0,0.13157375923425788,0.0,8759
13,0.0,0.0,0.0,0.0,Building_16,15,MAAC,0.7900000214576721,True,0.0,0.0,0.0,0.32958081364631653,11,8758,0.0,0.0,-0.0,105118,0.0,11.957420349121094,-0.7381400465965271,5.470841884613037,9.446362495422363,11.957420349121094,11.957420349121094,113,3.3228558280132456,1.0,0.12386531916867315,0.0,0.0,0.0,-0.7511543035507202,CityLearnV3MADRLRewardFunction,maac_unified_comparable_v4,E1,-0.0,1907,14.080125574309639,1.0,0.13157375923425788,0.0,8759
13,0.0,0.0,0.0,0.0,Building_17,16,MAAC,0.7900000214576721,True,0.0,0.0,0.0,0.32958081364631653,11,8758,0.0,0.0,-0.0,105118,0.0,23.087642669677734,-0.7690831422805786,10.56321907043457,18.239238739013672,23.087642669677734,23.087642669677734,113,3.4815447431589424,1.0,0.13502301315290738,0.0,0.0,0.0,-0.7511543035507202,CityLearnV3MADRLRewardFunction,maac_unified_comparable_v4,E1,-0.0,1907,14.080125574309639,1.0,0.13157375923425788,0.0,8759
6,0.0,0.0,0.0,0.0,Building_1,0,MAAC,0.7900000214576721,False,0.0,0.0,0.0,0.43774908781051636,12,0,0.0,0.0,-0.0,105120,-0.0,0.0,-0.6146625280380249,0.0,0.0,0.0,0.0,64,3.411525864499873,1.0,0.23431225784588605,0.0,0.0,0.0,-0.5590137243270874,CityLearnV3MADRLRewardFunction,maac_unified_comparable_v4,E1,-0.0,1907,14.564101789909802,1.0,0.1375542874572536,0.0,2
8,0.0,0.0,0.0,0.0,Building_2,1,MAAC,0.7900000214576721,False,0.0,0.0,0.0,0.43774908781051636,12,0,0.0,0.0,-0.0,105120,-0.0,0.0,-0.5060569047927856,0.0,0.0,0.0,0.0,78,3.536407057061777,1.0,0.195424760476901,0.0,0.0,0.0,-0.5590137243270874,CityLearnV3MADRLRewardFunction,maac_unified_comparable_v4,E1,-0.0,1907,14.564101789909802,1.0,0.1375542874572536,0.0,2
10,0.0,0.0,0.0,0.0,Building_3,2,MAAC,0.7900000214576721,False,0.0,0.0,0.0,0.43774908781051636,12,0,0.0,0.0,-0.0,105120,-0.0,0.0,-0.5752574801445007,0.0,0.0,0.0,0.0,92,3.60555005569515,1.0,0.1740509603658448,0.0,0.0,0.0,-0.5590137243270874,CityLearnV3MADRLRewardFunction,maac_unified_comparable_v4,E1,-0.0,1907,14.564101789909802,1.0,0.1375542874572536,0.0,2
8,0.0,0.0,0.0,0.0,Building_4,3,MAAC,0.7900000214576721,False,0.0,0.0,0.0,0.43774908781051636,12,0,0.0,0.0,-0.0,105120,-0.0,0.0,-0.5591148138046265,0.0,0.0,0.0,0.0,78,3.464355359802187,1.0,0.19151021702549395,0.0,0.0,0.0,-0.5590137243270874,CityLearnV3MADRLRewardFunction,maac_unified_comparable_v4,E1,-0.0,1907,14.564101789909802,1.0,0.1375542874572536,0.0,2
5,0.0,0.0,0.0,0.0,Building_5,4,MAAC,0.7900000214576721,False,0.0,0.0,0.0,0.43774908781051636,12,0,0.0,0.0,-0.0,105120,-0.0,0.0,-0.5955145955085754,0.0,0.0,0.0,0.0,57,3.5496438730528648,1.0,0.2758568998491555,0.0,0.0,0.0,-0.5590137243270874,CityLearnV3MADRLRewardFunction,maac_unified_comparable_v4,E1,-0.0,1907,14.564101789909802,1.0,0.1375542874572536,0.0,2
34,1.0,0.0,-0.029411764705882353,-1.0,Building_6,5,MAAC,0.7900000214576721,False,0.0,0.0,0.0,0.43774908781051636,12,0,0.0,0.0,-0.0,105120,-0.0,0.0,-0.6102343797683716,0.0,0.0,0.0,0.0,260,3.452531263128258,1.0,0.05761011775869589,0.0,0.0,0.0,-0.5590137243270874,CityLearnV3MADRLRewardFunction,maac_unified_comparable_v4,E1,-0.0,1907,14.564101789909802,1.0,0.1375542874572536,0.0,2
44,0.0,0.0,0.0,0.0,Building_7,6,MAAC,0.7900000214576721,False,0.0,0.0,0.0,0.43774908781051636,12,0,0.0,0.0,-0.0,105120,-0.0,0.0,-0.5116909742355347,0.0,0.0,0.0,0.0,330,3.5196323656745663,1.0,0.04606499367139556,0.0,0.0,0.0,-0.5590137243270874,CityLearnV3MADRLRewardFunction,maac_unified_comparable_v4,E1,-0.0,1907,14.564101789909802,1.0,0.1375542874572536,0.0,2
19,0.0,0.0,0.0,0.0,Building_8,7,MAAC,0.7900000214576721,False,0.0,0.0,0.0,0.43774908781051636,12,0,0.0,0.0,-0.0,105120,-0.0,0.0,-0.5083274245262146,0.0,0.0,0.0,0.0,155,3.5353589126896305,1.0,0.09840945779315886,0.0,0.0,0.0,-0.5590137243270874,CityLearnV3MADRLRewardFunction,maac_unified_comparable_v4,E1,-0.0,1907,14.564101789909802,1.0,0.1375542874572536,0.0,2
12,0.0,0.0,0.0,0.0,Building_9,8,MAAC,0.7900000214576721,False,0.0,0.0,0.0,0.43774908781051636,12,0,0.0,0.0,-0.0,105120,-0.0,0.0,-0.5148105025291443,0.0,0.0,0.0,0.0,106,3.650516143787624,1.0,0.1527974137438918,0.0,0.0,0.0,-0.5590137243270874,CityLearnV3MADRLRewardFunction,maac_unified_comparable_v4,E1,-0.0,1907,14.564101789909802,1.0,0.1375542874572536,0.0,2
8,1.0,1.0,0.125,0.0,Building_10,9,MAAC,0.7900000214576721,False,0.0,0.0,0.0,0.43774908781051636,12,0,0.0,0.0,-0.0,105120,-0.0,0.0,-0.5810869336128235,0.0,0.0,0.0,0.0,78,3.492491613218173,1.0,0.19376026724393552,0.0,0.0,0.0,-0.5590137243270874,CityLearnV3MADRLRewardFunction,maac_unified_comparable_v4,E1,-0.0,1907,14.564101789909802,1.0,0.1375542874572536,0.0,2
5,0.0,0.0,0.0,0.0,Building_11,10,MAAC,0.7900000214576721,False,0.0,0.0,0.0,0.43774908781051636,12,0,0.0,0.0,-0.0,105120,-0.0,0.0,-0.6010268330574036,0.0,0.0,0.0,0.0,57,3.6306434062596864,1.0,0.2827958995312975,0.0,0.0,0.0,-0.5590137243270874,CityLearnV3MADRLRewardFunction,maac_unified_comparable_v4,E1,-0.0,1907,14.564101789909802,1.0,0.1375542874572536,0.0,2
5,0.0,0.0,0.0,0.0,Building_12,11,MAAC,0.7900000214576721,False,0.0,0.0,0.0,0.43774908781051636,12,0,0.0,0.0,-0.0,105120,-0.0,0.0,-0.6103187203407288,0.0,0.0,0.0,0.0,57,3.5907660295555397,1.0,0.2799655484002933,0.0,0.0,0.0,-0.5590137243270874,CityLearnV3MADRLRewardFunction,maac_unified_comparable_v4,E1,-0.0,1907,14.564101789909802,1.0,0.1375542874572536,0.0,2
13,0.0,0.0,0.0,0.0,Building_13,12,MAAC,0.7900000214576721,False,0.0,0.0,0.0,0.43774908781051636,12,0,0.0,0.0,-0.0,105120,-0.0,0.0,-0.5080215930938721,0.0,0.0,0.0,0.0,113,3.5227462782343553,1.0,0.13456583741755612,0.0,0.0,0.0,-0.5590137243270874,CityLearnV3MADRLRewardFunction,maac_unified_comparable_v4,E1,-0.0,1907,14.564101789909802,1.0,0.1375542874572536,0.0,2
6,0.0,0.0,0.0,0.0,Building_14,13,MAAC,0.7900000214576721,False,0.0,0.0,0.0,0.43774908781051636,12,0,0.0,0.0,-0.0,105120,-0.0,0.0,-0.5114824771881104,0.0,0.0,0.0,0.0,64,3.5064414738050185,1.0,0.2365992950508371,0.0,0.0,0.0,-0.5590137243270874,CityLearnV3MADRLRewardFunction,maac_unified_comparable_v4,E1,-0.0,1907,14.564101789909802,1.0,0.1375542874572536,0.0,2
10,0.0,0.0,0.0,0.0,Building_15,14,MAAC,0.7900000214576721,False,0.0,0.0,0.0,0.43774908781051636,12,0,0.0,0.0,-0.0,105120,-0.0,0.0,-0.516234278678894,0.0,0.0,0.0,0.0,92,3.538171539981524,1.0,0.16653400400410528,0.0,0.0,0.0,-0.5590137243270874,CityLearnV3MADRLRewardFunction,maac_unified_comparable_v4,E1,-0.0,1907,14.564101789909802,1.0,0.1375542874572536,0.0,2
13,0.0,0.0,0.0,0.0,Building_16,15,MAAC,0.7900000214576721,False,0.0,0.0,0.0,0.43774908781051636,12,0,0.0,0.0,-0.0,105120,-0.0,0.0,-0.5981907844543457,0.0,0.0,0.0,0.0,113,3.4326414527602274,1.0,0.13125098470301755,0.0,0.0,0.0,-0.5590137243270874,CityLearnV3MADRLRewardFunction,maac_unified_comparable_v4,E1,-0.0,1907,14.564101789909802,1.0,0.1375542874572536,0.0,2
13,1.0,1.0,0.07692307692307693,0.0,Building_17,16,MAAC,0.7900000214576721,False,0.0,0.0,0.0,0.43774908781051636,12,0,0.0,0.0,-0.0,105120,-0.0,0.0,-0.5812015533447266,0.0,0.0,0.0,0.0,113,3.5992517778668245,1.0,0.14230994616462067,0.0,0.0,0.0,-0.5590137243270874,CityLearnV3MADRLRewardFunction,maac_unified_comparable_v4,E1,-0.0,1907,14.564101789909802,1.0,0.1375542874572536,0.0,2
6,0.0,0.0,0.0,0.0,Building_1,0,MAAC,0.7900000214576721,True,0.0,0.0,0.0,0.28695225715637207,12,8757,0.0,0.0,-0.0,113877,0.0,433.45458984375,-0.8330583572387695,172.66647338867188,342.42913818359375,433.45458984375,433.45458984375,64,3.1784396668903994,1.0,0.20820503670256585,0.0,0.0,0.0,-0.798672080039978,CityLearnV3MADRLRewardFunction,maac_unified_comparable_v4,E1,-0.0,1907,13.720542879362757,1.0,0.1259497354069835,0.0,8759
8,0.0,0.0,0.0,0.0,Building_2,1,MAAC,0.7900000214576721,True,0.0,0.0,0.0,0.28695225715637207,12,8757,0.0,0.0,-0.0,113877,0.0,15.16435432434082,-0.7843647599220276,6.040714740753174,11.979840278625488,15.16435432434082,15.16435432434082,78,3.4019689105550737,1.0,0.18646379607992294,0.0,0.0,0.0,-0.798672080039978,CityLearnV3MADRLRewardFunction,maac_unified_comparable_v4,E1,-0.0,1907,13.720542879362757,1.0,0.1259497354069835,0.0,8759
10,0.0,0.0,0.0,0.0,Building_3,2,MAAC,0.7900000214576721,True,0.0,0.0,0.0,0.28695225715637207,12,8757,0.0,0.0,-0.0,113877,0.0,94.53981018066406,-0.8214482665061951,37.65989685058594,74.68645477294922,94.53981018066406,94.53981018066406,92,3.1966253132003994,1.0,0.14380404782360015,0.0,0.0,0.0,-0.798672080039978,CityLearnV3MADRLRewardFunction,maac_unified_comparable_v4,E1,-0.0,1907,13.720542879362757,1.0,0.1259497354069835,0.0,8759
8,0.0,0.0,0.0,0.0,Building_4,3,MAAC,0.7900000214576721,True,0.0,0.0,0.0,0.28695225715637207,12,8757,0.0,0.0,-0.0,113877,0.0,31.04317283630371,-0.8086735606193542,12.366035461425781,24.524106979370117,31.04317283630371,31.04317283630371,78,3.184783838698532,1.0,0.16912962849705648,0.0,0.0,0.0,-0.798672080039978,CityLearnV3MADRLRewardFunction,maac_unified_comparable_v4,E1,-0.0,1907,13.720542879362757,1.0,0.1259497354069835,0.0,8759
5,0.0,0.0,0.0,0.0,Building_5,4,MAAC,0.7900000214576721,True,0.0,0.0,0.0,0.28695225715637207,12,8757,0.0,0.0,-0.0,113877,0.0,38.538970947265625,-0.8563046455383301,15.351984024047852,30.44578742980957,38.538970947265625,38.538970947265625,57,3.5337598255272096,1.0,0.285681792126413,0.0,0.0,0.0,-0.798672080039978,CityLearnV3MADRLRewardFunction,maac_unified_comparable_v4,E1,-0.0,1907,13.720542879362757,1.0,0.1259497354069835,0.0,8759
34,1.0,1.0,0.029411764705882353,0.0,Building_6,5,MAAC,0.7900000214576721,True,0.0,0.0,0.0,0.28695225715637207,12,8757,0.0,0.0,-0.0,113877,0.0,362.8901062011719,-0.8368948698043823,144.55712890625,286.6831970214844,362.8901062011719,362.8901062011719,260,3.2083529888496547,1.0,0.051636784323132956,0.0,0.0,0.0,-0.798672080039978,CityLearnV3MADRLRewardFunction,maac_unified_comparable_v4,E1,-0.0,1907,13.720542879362757,1.0,0.1259497354069835,0.0,8759
44,1.0,1.0,0.022727272727272728,0.0,Building_7,6,MAAC,0.7900000214576721,True,0.0,0.0,0.0,0.28695225715637207,12,8757,0.0,0.0,-0.0,113877,0.0,12.664111137390137,-0.7772168517112732,5.044743537902832,10.004648208618164,12.664111137390137,12.664111137390137,330,3.4022877430256555,1.0,0.04356041857690522,0.0,0.0,0.0,-0.798672080039978,CityLearnV3MADRLRewardFunction,maac_unified_comparable_v4,E1,-0.0,1907,13.720542879362757,1.0,0.1259497354069835,0.0,8759
19,1.0,1.0,0.05263157894736842,0.0,Building_8,7,MAAC,0.7900000214576721,True,0.0,0.0,0.0,0.28695225715637207,12,8757,0.0,0.0,-0.0,113877,0.0,12.065996170043945,-0.7738143801689148,4.806484699249268,9.532136917114258,12.065996170043945,12.065996170043945,155,3.3560813634771636,1.0,0.09281185899050005,0.0,0.0,0.0,-0.798672080039978,CityLearnV3MADRLRewardFunction,maac_unified_comparable_v4,E1,-0.0,1907,13.720542879362757,1.0,0.1259497354069835,0.0,8759
12,0.0,0.0,0.0,0.0,Building_9,8,MAAC,0.7900000214576721,True,0.0,0.0,0.0,0.28695225715637207,12,8757,0.0,0.0,-0.0,113877,0.0,2.290161371231079,-0.7191030979156494,0.9122849106788635,1.8092275857925415,2.290161371231079,2.290161371231079,106,3.6504708617583406,1.0,0.15574052276195222,0.0,0.0,0.0,-0.798672080039978,CityLearnV3MADRLRewardFunction,maac_unified_comparable_v4,E1,-0.0,1907,13.720542879362757,1.0,0.1259497354069835,0.0,8759
8,0.0,0.0,0.0,0.0,Building_10,9,MAAC,0.7900000214576721,True,0.0,0.0,0.0,0.28695225715637207,12,8757,0.0,0.0,-0.0,113877,0.0,51.649574279785156,-0.8267669081687927,20.574588775634766,40.803165435791016,51.649574279785156,51.649574279785156,78,3.3799223453286698,1.0,0.18363047859225518,0.0,0.0,0.0,-0.798672080039978,CityLearnV3MADRLRewardFunction,maac_unified_comparable_v4,E1,-0.0,1907,13.720542879362757,1.0,0.1259497354069835,0.0,8759
5,1.0,0.0,-0.2,-1.0,Building_11,10,MAAC,0.7900000214576721,True,0.0,0.0,0.0,0.28695225715637207,12,8757,0.0,0.0,-0.0,113877,0.0,71.54803466796875,-0.8232353329658508,28.501131057739258,56.52294921875,71.54803466796875,71.54803466796875,57,3.2619067009128626,1.0,0.23928079394656315,0.0,0.0,0.0,-0.798672080039978,CityLearnV3MADRLRewardFunction,maac_unified_comparable_v4,E1,-0.0,1907,13.720542879362757,1.0,0.1259497354069835,0.0,8759
5,0.0,0.0,0.0,0.0,Building_12,11,MAAC,0.7900000214576721,True,0.0,0.0,0.0,0.28695225715637207,12,8757,0.0,0.0,-0.0,113877,0.0,215.11593627929688,-0.8330034613609314,85.69135284423828,169.94158935546875,215.11593627929688,215.11593627929688,57,3.2298046111266028,1.0,0.24047551121105226,0.0,0.0,0.0,-0.798672080039978,CityLearnV3MADRLRewardFunction,maac_unified_comparable_v4,E1,-0.0,1907,13.720542879362757,1.0,0.1259497354069835,0.0,8759
13,1.0,1.0,0.07692307692307693,0.0,Building_13,12,MAAC,0.7900000214576721,True,0.0,0.0,0.0,0.28695225715637207,12,8757,0.0,0.0,-0.0,113877,0.0,2.033022403717041,-0.7353540062904358,0.8098536729812622,1.6060876846313477,2.033022403717041,2.033022403717041,113,3.4023770624920084,1.0,0.1261900741837721,0.0,0.0,0.0,-0.798672080039978,CityLearnV3MADRLRewardFunction,maac_unified_comparable_v4,E1,-0.0,1907,13.720542879362757,1.0,0.1259497354069835,0.0,8759
6,0.0,0.0,0.0,0.0,Building_14,13,MAAC,0.7900000214576721,True,0.0,0.0,0.0,0.28695225715637207,12,8757,0.0,0.0,-0.0,113877,0.0,2.6149511337280273,-0.7379146218299866,1.041664719581604,2.0658113956451416,2.6149511337280273,2.6149511337280273,64,3.3820965219682213,1.0,0.22129705862607807,0.0,0.0,0.0,-0.798672080039978,CityLearnV3MADRLRewardFunction,maac_unified_comparable_v4,E1,-0.0,1907,13.720542879362757,1.0,0.1259497354069835,0.0,8759
10,0.0,0.0,0.0,0.0,Building_15,14,MAAC,0.7900000214576721,True,0.0,0.0,0.0,0.28695225715637207,12,8757,0.0,0.0,-0.0,113877,0.0,19.521480560302734,-0.7921451926231384,7.776374340057373,15.42197036743164,19.521480560302734,19.521480560302734,92,3.3266002389775786,1.0,0.1531345734939627,0.0,0.0,0.0,-0.798672080039978,CityLearnV3MADRLRewardFunction,maac_unified_comparable_v4,E1,-0.0,1907,13.720542879362757,1.0,0.1259497354069835,0.0,8759
13,0.0,0.0,0.0,0.0,Building_16,15,MAAC,0.7900000214576721,True,0.0,0.0,0.0,0.28695225715637207,12,8757,0.0,0.0,-0.0,113877,0.0,54.89390563964844,-0.8204587697982788,21.866966247558594,43.366188049316406,54.89390563964844,54.89390563964844,113,3.229306563941784,1.0,0.11928684666620946,0.0,0.0,0.0,-0.798672080039978,CityLearnV3MADRLRewardFunction,maac_unified_comparable_v4,E1,-0.0,1907,13.720542879362757,1.0,0.1259497354069835,0.0,8759
13,0.0,0.0,0.0,0.0,Building_17,16,MAAC,0.7900000214576721,True,0.0,0.0,0.0,0.28695225715637207,12,8757,0.0,0.0,-0.0,113877,0.0,22.46647071838379,-0.7976685166358948,8.949509620666504,17.748512268066406,22.46647071838379,22.46647071838379,113,3.2039679305335547,1.0,0.11731411061719456,0.0,0.0,0.0,-0.798672080039978,CityLearnV3MADRLRewardFunction,maac_unified_comparable_v4,E1,-0.0,1907,13.720542879362757,1.0,0.1259497354069835,0.0,8759
6,0.0,0.0,0.0,0.0,Building_1,0,MAAC,0.7900000214576721,False,0.0,0.0,0.0,0.411760538816452,13,0,0.0,0.0,-0.0,113880,-0.0,0.0,-0.8024434447288513,0.0,0.0,0.0,0.0,64,3.309968496996886,1.0,0.22015545249450952,0.0,0.0,0.0,-0.7508657574653625,CityLearnV3MADRLRewardFunction,maac_unified_comparable_v4,E1,-0.0,1907,14.160223913670066,1.0,0.12974903544613248,0.0,3
8,0.0,0.0,0.0,0.0,Building_2,1,MAAC,0.7900000214576721,False,0.0,0.0,0.0,0.411760538816452,13,0,0.0,0.0,-0.0,113880,-0.0,0.0,-0.6970505714416504,0.0,0.0,0.0,0.0,78,3.4338103153800614,1.0,0.18323007770455801,0.0,0.0,0.0,-0.7508657574653625,CityLearnV3MADRLRewardFunction,maac_unified_comparable_v4,E1,-0.0,1907,14.160223913670066,1.0,0.12974903544613248,0.0,3
10,0.0,0.0,0.0,0.0,Building_3,2,MAAC,0.7900000214576721,False,0.0,0.0,0.0,0.411760538816452,13,0,0.0,0.0,-0.0,113880,-0.0,0.0,-0.7895456552505493,0.0,0.0,0.0,0.0,92,3.51520725089103,1.0,0.1660603108289449,0.0,0.0,0.0,-0.7508657574653625,CityLearnV3MADRLRewardFunction,maac_unified_comparable_v4,E1,-0.0,1907,14.160223913670066,1.0,0.12974903544613248,0.0,3
8,0.0,0.0,0.0,0.0,Building_4,3,MAAC,0.7900000214576721,False,0.0,0.0,0.0,0.411760538816452,13,0,0.0,0.0,-0.0,113880,-0.0,0.0,-0.7426562905311584,0.0,0.0,0.0,0.0,78,3.361007492799701,1.0,0.17944473763689017,0.0,0.0,0.0,-0.7508657574653625,CityLearnV3MADRLRewardFunction,maac_unified_comparable_v4,E1,-0.0,1907,14.160223913670066,1.0,0.12974903544613248,0.0,3
5,0.0,0.0,0.0,0.0,Building_5,4,MAAC,0.7900000214576721,False,0.0,0.0,0.0,0.411760538816452,13,0,0.0,0.0,-0.0,113880,-0.0,0.0,-0.7795905470848083,0.0,0.0,0.0,0.0,57,3.4546047285600414,1.0,0.2595720738172531,0.0,0.0,0.0,-0.7508657574653625,CityLearnV3MADRLRewardFunction,maac_unified_comparable_v4,E1,-0.0,1907,14.160223913670066,1.0,0.12974903544613248,0.0,3
34,1.0,1.0,0.029411764705882353,0.0,Building_6,5,MAAC,0.7900000214576721,False,0.0,0.0,0.0,0.411760538816452,13,0,0.0,0.0,-0.0,113880,-0.0,0.0,-0.7976445555686951,0.0,0.0,0.0,0.0,260,3.3466916701984117,1.0,0.05391121010940809,0.0,0.0,0.0,-0.7508657574653625,CityLearnV3MADRLRewardFunction,maac_unified_comparable_v4,E1,-0.0,1907,14.160223913670066,1.0,0.12974903544613248,0.0,3
44,1.0,1.0,0.022727272727272728,0.0,Building_7,6,MAAC,0.7900000214576721,False,0.0,0.0,0.0,0.411760538816452,13,0,0.0,0.0,-0.0,113880,-0.0,0.0,-0.7191556096076965,0.0,0.0,0.0,0.0,330,3.414602110432259,1.0,0.043283060667189684,0.0,0.0,0.0,-0.7508657574653625,CityLearnV3MADRLRewardFunction,maac_unified_comparable_v4,E1,-0.0,1907,14.160223913670066,1.0,0.12974903544613248,0.0,3
19,0.0,0.0,0.0,0.0,Building_8,7,MAAC,0.7900000214576721,False,0.0,0.0,0.0,0.411760538816452,13,0,0.0,0.0,-0.0,113880,-0.0,0.0,-0.6974589228630066,0.0,0.0,0.0,0.0,155,3.430556748098043,1.0,0.09217450758141855,0.0,0.0,0.0,-0.7508657574653625,CityLearnV3MADRLRewardFunction,maac_unified_comparable_v4,E1,-0.0,1907,14.160223913670066,1.0,0.12974903544613248,0.0,3
12,0.0,0.0,0.0,0.0,Building_9,8,MAAC,0.7900000214576721,False,0.0,0.0,0.0,0.411760538816452,13,0,0.0,0.0,-0.0,113880,-0.0,0.0,-0.7040786743164062,0.0,0.0,0.0,0.0,106,3.5581471634996307,1.0,0.145665575873177,0.0,0.0,0.0,-0.7508657574653625,CityLearnV3MADRLRewardFunction,maac_unified_comparable_v4,E1,-0.0,1907,14.160223913670066,1.0,0.12974903544613248,0.0,3
8,1.0,1.0,0.125,0.0,Building_10,9,MAAC,0.7900000214576721,False,0.0,0.0,0.0,0.411760538816452,13,0,0.0,0.0,-0.0,113880,-0.0,0.0,-0.7841249108314514,0.0,0.0,0.0,0.0,78,3.4309838008481965,1.0,0.18550158626376054,0.0,0.0,0.0,-0.7508657574653625,CityLearnV3MADRLRewardFunction,maac_unified_comparable_v4,E1,-0.0,1907,14.160223913670066,1.0,0.12974903544613248,0.0,3
5,0.0,0.0,0.0,0.0,Building_11,10,MAAC,0.7900000214576721,False,0.0,0.0,0.0,0.411760538816452,13,0,0.0,0.0,-0.0,113880,-0.0,0.0,-0.7899472713470459,0.0,0.0,0.0,0.0,57,3.5358746028374908,1.0,0.2687770988334689,0.0,0.0,0.0,-0.7508657574653625,CityLearnV3MADRLRewardFunction,maac_unified_comparable_v4,E1,-0.0,1907,14.160223913670066,1.0,0.12974903544613248,0.0,3
5,0.0,0.0,0.0,0.0,Building_12,11,MAAC,0.7900000214576721,False,0.0,0.0,0.0,0.411760538816452,13,0,0.0,0.0,-0.0,113880,-0.0,0.0,-0.7976954579353333,0.0,0.0,0.0,0.0,57,3.4917612623884047,1.0,0.2653993931517266,0.0,0.0,0.0,-0.7508657574653625,CityLearnV3MADRLRewardFunction,maac_unified_comparable_v4,E1,-0.0,1907,14.160223913670066,1.0,0.12974903544613248,0.0,3
13,0.0,0.0,0.0,0.0,Building_13,12,MAAC,0.7900000214576721,False,0.0,0.0,0.0,0.411760538816452,13,0,0.0,0.0,-0.0,113880,-0.0,0.0,-0.6967514753341675,0.0,0.0,0.0,0.0,113,3.4179954461508535,1.0,0.12603977091808236,0.0,0.0,0.0,-0.7508657574653625,CityLearnV3MADRLRewardFunction,maac_unified_comparable_v4,E1,-0.0,1907,14.160223913670066,1.0,0.12974903544613248,0.0,3
6,0.0,0.0,0.0,0.0,Building_14,13,MAAC,0.7900000214576721,False,0.0,0.0,0.0,0.411760538816452,13,0,0.0,0.0,-0.0,113880,-0.0,0.0,-0.6999916434288025,0.0,0.0,0.0,0.0,64,3.404012028260555,1.0,0.22185180766973644,0.0,0.0,0.0,-0.7508657574653625,CityLearnV3MADRLRewardFunction,maac_unified_comparable_v4,E1,-0.0,1907,14.160223913670066,1.0,0.12974903544613248,0.0,3
10,0.0,0.0,0.0,0.0,Building_15,14,MAAC,0.7900000214576721,False,0.0,0.0,0.0,0.411760538816452,13,0,0.0,0.0,-0.0,113880,-0.0,0.0,-0.720312774181366,0.0,0.0,0.0,0.0,92,3.4393079346893347,1.0,0.1574395160474207,0.0,0.0,0.0,-0.7508657574653625,CityLearnV3MADRLRewardFunction,maac_unified_comparable_v4,E1,-0.0,1907,14.160223913670066,1.0,0.12974903544613248,0.0,3
13,0.0,0.0,0.0,0.0,Building_16,15,MAAC,0.7900000214576721,False,0.0,0.0,0.0,0.411760538816452,13,0,0.0,0.0,-0.0,113880,-0.0,0.0,-0.7805672883987427,0.0,0.0,0.0,0.0,113,3.3247564429683245,1.0,0.12272911690241467,0.0,0.0,0.0,-0.7508657574653625,CityLearnV3MADRLRewardFunction,maac_unified_comparable_v4,E1,-0.0,1907,14.160223913670066,1.0,0.12974903544613248,0.0,3
13,0.0,0.0,0.0,0.0,Building_17,16,MAAC,0.7900000214576721,False,0.0,0.0,0.0,0.411760538816452,13,0,0.0,0.0,-0.0,113880,-0.0,0.0,-0.7657033205032349,0.0,0.0,0.0,0.0,113,3.502766734438189,1.0,0.1348736779352205,0.0,0.0,0.0,-0.7508657574653625,CityLearnV3MADRLRewardFunction,maac_unified_comparable_v4,E1,-0.0,1907,14.160223913670066,1.0,0.12974903544613248,0.0,3
6,0.0,0.0,0.0,0.0,Building_1,0,MAAC,0.7900000214576721,True,0.0,0.0,0.0,0.5087285041809082,13,8756,0.0,0.0,-0.0,122636,0.0,446.8856201171875,-0.831631600856781,295.8052062988281,353.0396423339844,446.8856201171875,446.8856201171875,64,3.384995746893044,1.0,0.23785978741943836,0.0,0.0,0.0,-0.7970671057701111,CityLearnV3MADRLRewardFunction,maac_unified_comparable_v4,E1,-0.0,1907,14.497530656221393,1.0,0.14209135910120071,0.0,8759
8,0.0,0.0,0.0,0.0,Building_2,1,MAAC,0.7900000214576721,True,0.0,0.0,0.0,0.5087285041809082,13,8756,0.0,0.0,-0.0,122636,0.0,5.618855953216553,-0.7491680383682251,3.719266653060913,4.438896179199219,5.618855953216553,5.618855953216553,78,3.4817373638181244,1.0,0.19766775174782827,0.0,0.0,0.0,-0.7970671057701111,CityLearnV3MADRLRewardFunction,maac_unified_comparable_v4,E1,-0.0,1907,14.497530656221393,1.0,0.14209135910120071,0.0,8759
10,0.0,0.0,0.0,0.0,Building_3,2,MAAC,0.7900000214576721,True,0.0,0.0,0.0,0.5087285041809082,13,8756,0.0,0.0,-0.0,122636,0.0,98.17061614990234,-0.8240944743156433,64.98168182373047,77.5547866821289,98.17061614990234,98.17061614990234,92,3.4202183697499864,1.0,0.16643958797921304,0.0,0.0,0.0,-0.7970671057701111,CityLearnV3MADRLRewardFunction,maac_unified_comparable_v4,E1,-0.0,1907,14.497530656221393,1.0,0.14209135910120071,0.0,8759
8,0.0,0.0,0.0,0.0,Building_4,3,MAAC,0.7900000214576721,True,0.0,0.0,0.0,0.5087285041809082,13,8756,0.0,0.0,-0.0,122636,0.0,28.84416961669922,-0.8061069250106812,19.09270477294922,22.786893844604492,28.84416961669922,28.84416961669922,78,3.387592901289219,1.0,0.1928129832331951,0.0,0.0,0.0,-0.7970671057701111,CityLearnV3MADRLRewardFunction,maac_unified_comparable_v4,E1,-0.0,1907,14.497530656221393,1.0,0.14209135910120071,0.0,8759
5,0.0,0.0,0.0,0.0,Building_5,4,MAAC,0.7900000214576721,True,0.0,0.0,0.0,0.5087285041809082,13,8756,0.0,0.0,-0.0,122636,0.0,37.89287567138672,-0.8562818169593811,25.082279205322266,29.935373306274414,37.89287567138672,37.89287567138672,57,3.756748336572693,1.0,0.3214697040486754,0.0,0.0,0.0,-0.7970671057701111,CityLearnV3MADRLRewardFunction,maac_unified_comparable_v4,E1,-0.0,1907,14.497530656221393,1.0,0.14209135910120071,0.0,8759
34,1.0,1.0,0.029411764705882353,0.0,Building_6,5,MAAC,0.7900000214576721,True,0.0,0.0,0.0,0.5087285041809082,13,8756,0.0,0.0,-0.0,122636,0.0,350.8894348144531,-0.8356525301933289,232.26283264160156,277.2026672363281,350.8894348144531,350.8894348144531,260,3.468298079874571,1.0,0.06002855885487336,0.0,0.0,0.0,-0.7970671057701111,CityLearnV3MADRLRewardFunction,maac_unified_comparable_v4,E1,-0.0,1907,14.497530656221393,1.0,0.14209135910120071,0.0,8759
44,1.0,1.0,0.022727272727272728,0.0,Building_7,6,MAAC,0.7900000214576721,True,0.0,0.0,0.0,0.5087285041809082,13,8756,0.0,0.0,-0.0,122636,0.0,18.66022491455078,-0.7945507168769836,12.35168743133545,14.741578102111816,18.66022491455078,18.66022491455078,330,3.60278354155767,1.0,0.04954817656314734,0.0,0.0,0.0,-0.7970671057701111,CityLearnV3MADRLRewardFunction,maac_unified_comparable_v4,E1,-0.0,1907,14.497530656221393,1.0,0.14209135910120071,0.0,8759
19,1.0,1.0,0.05263157894736842,0.0,Building_8,7,MAAC,0.7900000214576721,True,0.0,0.0,0.0,0.5087285041809082,13,8756,0.0,0.0,-0.0,122636,0.0,19.251495361328125,-0.7920403480529785,12.743064880371094,15.2086820602417,19.251495361328125,19.251495361328125,155,3.6093561189906618,1.0,0.10573912637849008,0.0,0.0,0.0,-0.7970671057701111,CityLearnV3MADRLRewardFunction,maac_unified_comparable_v4,E1,-0.0,1907,14.497530656221393,1.0,0.14209135910120071,0.0,8759
12,0.0,0.0,0.0,0.0,Building_9,8,MAAC,0.7900000214576721,True,0.0,0.0,0.0,0.5087285041809082,13,8756,0.0,0.0,-0.0,122636,0.0,2.4506425857543945,-0.7182031273841858,1.6221439838409424,1.9360077381134033,2.4506425857543945,2.4506425857543945,106,3.7144261301794645,1.0,0.16842449034722345,0.0,0.0,0.0,-0.7970671057701111,CityLearnV3MADRLRewardFunction,maac_unified_comparable_v4,E1,-0.0,1907,14.497530656221393,1.0,0.14209135910120071,0.0,8759
8,0.0,0.0,0.0,0.0,Building_10,9,MAAC,0.7900000214576721,True,0.0,0.0,0.0,0.5087285041809082,13,8756,0.0,0.0,-0.0,122636,0.0,34.33414077758789,-0.817131757736206,22.726659774780273,27.123971939086914,34.33414077758789,34.33414077758789,78,3.573131690256412,1.0,0.20658399212436798,0.0,0.0,0.0,-0.7970671057701111,CityLearnV3MADRLRewardFunction,maac_unified_comparable_v4,E1,-0.0,1907,14.497530656221393,1.0,0.14209135910120071,0.0,8759
5,0.0,0.0,0.0,0.0,Building_11,10,MAAC,0.7900000214576721,True,0.0,0.0,0.0,0.5087285041809082,13,8756,0.0,0.0,-0.0,122636,0.0,57.917564392089844,-0.8172634840011597,38.33713912963867,45.754878997802734,57.917564392089844,57.917564392089844,57,3.448828455596635,1.0,0.2685640794143342,0.0,0.0,0.0,-0.7970671057701111,CityLearnV3MADRLRewardFunction,maac_unified_comparable_v4,E1,-0.0,1907,14.497530656221393,1.0,0.14209135910120071,0.0,8759
5,0.0,0.0,0.0,0.0,Building_12,11,MAAC,0.7900000214576721,True,0.0,0.0,0.0,0.5087285041809082,13,8756,0.0,0.0,-0.0,122636,0.0,182.6020965576172,-0.8236649632453918,120.86907196044922,144.2556610107422,182.6020965576172,182.6020965576172,57,3.4036723416803,1.0,0.2651944766964829,0.0,0.0,0.0,-0.7970671057701111,CityLearnV3MADRLRewardFunction,maac_unified_comparable_v4,E1,-0.0,1907,14.497530656221393,1.0,0.14209135910120071,0.0,8759
13,0.0,0.0,0.0,0.0,Building_13,12,MAAC,0.7900000214576721,True,0.0,0.0,0.0,0.5087285041809082,13,8756,0.0,0.0,-0.0,122636,0.0,2.789367437362671,-0.7373974919319153,1.8463547229766846,2.2036004066467285,2.789367437362671,2.789367437362671,113,3.5190566833021064,1.0,0.13991632371877147,0.0,0.0,0.0,-0.7970671057701111,CityLearnV3MADRLRewardFunction,maac_unified_comparable_v4,E1,-0.0,1907,14.497530656221393,1.0,0.14209135910120071,0.0,8759
6,0.0,0.0,0.0,0.0,Building_14,13,MAAC,0.7900000214576721,True,0.0,0.0,0.0,0.5087285041809082,13,8756,0.0,0.0,-0.0,122636,0.0,2.485826015472412,-0.7362582683563232,1.6454328298568726,1.9638025760650635,2.485826015472412,2.485826015472412,64,3.5767330086178113,1.0,0.2508730669505894,0.0,0.0,0.0,-0.7970671057701111,CityLearnV3MADRLRewardFunction,maac_unified_comparable_v4,E1,-0.0,1907,14.497530656221393,1.0,0.14209135910120071,0.0,8759
10,0.0,0.0,0.0,0.0,Building_15,14,MAAC,0.7900000214576721,True,0.0,0.0,0.0,0.5087285041809082,13,8756,0.0,0.0,-0.0,122636,0.0,20.5941162109375,-0.7946344017982483,13.631780624389648,16.269351959228516,20.5941162109375,20.5941162109375,92,3.531665351092377,1.0,0.1739960612486238,0.0,0.0,0.0,-0.7970671057701111,CityLearnV3MADRLRewardFunction,maac_unified_comparable_v4,E1,-0.0,1907,14.497530656221393,1.0,0.14209135910120071,0.0,8759
13,0.0,0.0,0.0,0.0,Building_16,15,MAAC,0.7900000214576721,True,0.0,0.0,0.0,0.5087285041809082,13,8756,0.0,0.0,-0.0,122636,0.0,103.13050842285156,-0.8202731609344482,68.26476287841797,81.47310638427734,103.13050842285156,103.13050842285156,113,3.4398062301855448,1.0,0.13764319113925494,0.0,0.0,0.0,-0.7970671057701111,CityLearnV3MADRLRewardFunction,maac_unified_comparable_v4,E1,-0.0,1907,14.497530656221393,1.0,0.14209135910120071,0.0,8759
13,0.0,0.0,0.0,0.0,Building_17,16,MAAC,0.7900000214576721,True,0.0,0.0,0.0,0.5087285041809082,13,8756,0.0,0.0,-0.0,122636,0.0,21.1981143951416,-0.7957882285118103,14.031582832336426,16.746511459350586,21.1981143951416,21.1981143951416,113,3.4276717063399986,1.0,0.1370360224911597,0.0,0.0,0.0,-0.7970671057701111,CityLearnV3MADRLRewardFunction,maac_unified_comparable_v4,E1,-0.0,1907,14.497530656221393,1.0,0.14209135910120071,0.0,8759
6,1.0,1.0,0.16666666666666666,0.0,Building_1,0,MAAC,0.7900000214576721,False,0.0,0.0,0.0,0.5745980739593506,14,0,0.0,0.0,-0.0,122640,-0.0,0.0,-0.5334404706954956,0.0,0.0,0.0,0.0,64,3.259469466685134,1.0,0.23021915275603533,0.0,0.0,0.0,-0.47093504667282104,CityLearnV3MADRLRewardFunction,maac_unified_comparable_v4,E1,-0.0,1907,13.81964249034496,1.0,0.1346232439276548,0.0,4
8,1.0,1.0,0.125,0.0,Building_2,1,MAAC,0.7900000214576721,False,0.0,0.0,0.0,0.5745980739593506,14,0,0.0,0.0,-0.0,122640,-0.0,0.0,-0.42257440090179443,0.0,0.0,0.0,0.0,78,3.346674887055329,1.0,0.18985902422513717,0.0,0.0,0.0,-0.47093504667282104,CityLearnV3MADRLRewardFunction,maac_unified_comparable_v4,E1,-0.0,1907,13.81964249034496,1.0,0.1346232439276548,0.0,4
10,0.0,0.0,0.0,0.0,Building_3,2,MAAC,0.7900000214576721,False,0.0,0.0,0.0,0.5745980739593506,14,0,0.0,0.0,-0.0,122640,-0.0,0.0,-0.5187538862228394,0.0,0.0,0.0,0.0,92,3.5467973318569235,1.0,0.18188087569306727,0.0,0.0,0.0,-0.47093504667282104,CityLearnV3MADRLRewardFunction,maac_unified_comparable_v4,E1,-0.0,1907,13.81964249034496,1.0,0.1346232439276548,0.0,4
8,0.0,0.0,0.0,0.0,Building_4,3,MAAC,0.7900000214576721,False,0.0,0.0,0.0,0.5745980739593506,14,0,0.0,0.0,-0.0,122640,-0.0,0.0,-0.47696438431739807,0.0,0.0,0.0,0.0,78,3.258368923345297,1.0,0.18541248333759797,0.0,0.0,0.0,-0.47093504667282104,CityLearnV3MADRLRewardFunction,maac_unified_comparable_v4,E1,-0.0,1907,13.81964249034496,1.0,0.1346232439276548,0.0,4
5,0.0,0.0,0.0,0.0,Building_5,4,MAAC,0.7900000214576721,False,0.0,0.0,0.0,0.5745980739593506,14,0,0.0,0.0,-0.0,122640,-0.0,0.0,-0.5123697519302368,0.0,0.0,0.0,0.0,57,3.3331869782140404,1.0,0.27065924450493695,0.0,0.0,0.0,-0.47093504667282104,CityLearnV3MADRLRewardFunction,maac_unified_comparable_v4,E1,-0.0,1907,13.81964249034496,1.0,0.1346232439276548,0.0,4
34,1.0,1.0,0.029411764705882353,0.0,Building_6,5,MAAC,0.7900000214576721,False,0.0,0.0,0.0,0.5745980739593506,14,0,0.0,0.0,-0.0,122640,-0.0,0.0,-0.5233508348464966,0.0,0.0,0.0,0.0,260,3.243377046757894,1.0,0.05531280120977988,0.0,0.0,0.0,-0.47093504667282104,CityLearnV3MADRLRewardFunction,maac_unified_comparable_v4,E1,-0.0,1907,13.81964249034496,1.0,0.1346232439276548,0.0,4
44,0.0,0.0,0.0,0.0,Building_7,6,MAAC,0.7900000214576721,False,0.0,0.0,0.0,0.5745980739593506,14,0,0.0,0.0,-0.0,122640,-0.0,0.0,-0.4227931797504425,0.0,0.0,0.0,0.0,330,3.325625409347802,1.0,0.04464136605912989,0.0,0.0,0.0,-0.47093504667282104,CityLearnV3MADRLRewardFunction,maac_unified_comparable_v4,E1,-0.0,1907,13.81964249034496,1.0,0.1346232439276548,0.0,4
19,1.0,1.0,0.05263157894736842,0.0,Building_8,7,MAAC,0.7900000214576721,False,0.0,0.0,0.0,0.5745980739593506,14,0,0.0,0.0,-0.0,122640,-0.0,0.0,-0.42262595891952515,0.0,0.0,0.0,0.0,155,3.3387174835931144,1.0,0.09530599521052453,0.0,0.0,0.0,-0.47093504667282104,CityLearnV3MADRLRewardFunction,maac_unified_comparable_v4,E1,-0.0,1907,13.81964249034496,1.0,0.1346232439276548,0.0,4
12,0.0,0.0,0.0,0.0,Building_9,8,MAAC,0.7900000214576721,False,0.0,0.0,0.0,0.5745980739593506,14,0,0.0,0.0,-0.0,122640,-0.0,0.0,-0.43169915676116943,0.0,0.0,0.0,0.0,106,3.4535943819710755,1.0,0.15062285854287868,0.0,0.0,0.0,-0.47093504667282104,CityLearnV3MADRLRewardFunction,maac_unified_comparable_v4,E1,-0.0,1907,13.81964249034496,1.0,0.1346232439276548,0.0,4
8,1.0,0.0,-0.125,-1.0,Building_10,9,MAAC,0.7900000214576721,False,0.0,0.0,0.0,0.5745980739593506,14,0,0.0,0.0,-0.0,122640,-0.0,0.0,-0.44692426919937134,0.0,0.0,0.0,0.0,78,3.296362121049297,1.0,0.18740017720474264,0.0,0.0,0.0,-0.47093504667282104,CityLearnV3MADRLRewardFunction,maac_unified_comparable_v4,E1,-0.0,1907,13.81964249034496,1.0,0.1346232439276548,0.0,4
5,0.0,0.0,0.0,0.0,Building_11,10,MAAC,0.7900000214576721,False,0.0,0.0,0.0,0.5745980739593506,14,0,0.0,0.0,-0.0,122640,-0.0,0.0,-0.5150004625320435,0.0,0.0,0.0,0.0,57,3.438845588633541,1.0,0.27481933029597266,0.0,0.0,0.0,-0.47093504667282104,CityLearnV3MADRLRewardFunction,maac_unified_comparable_v4,E1,-0.0,1907,13.81964249034496,1.0,0.1346232439276548,0.0,4
5,0.0,0.0,0.0,0.0,Building_12,11,MAAC,0.7900000214576721,False,0.0,0.0,0.0,0.5745980739593506,14,0,0.0,0.0,-0.0,122640,-0.0,0.0,-0.5279479622840881,0.0,0.0,0.0,0.0,57,3.421040667072722,1.0,0.2791523411870003,0.0,0.0,0.0,-0.47093504667282104,CityLearnV3MADRLRewardFunction,maac_unified_comparable_v4,E1,-0.0,1907,13.81964249034496,1.0,0.1346232439276548,0.0,4
13,0.0,0.0,0.0,0.0,Building_13,12,MAAC,0.7900000214576721,False,0.0,0.0,0.0,0.5745980739593506,14,0,0.0,0.0,-0.0,122640,-0.0,0.0,-0.42268630862236023,0.0,0.0,0.0,0.0,113,3.332619640372886,1.0,0.13063423823466344,0.0,0.0,0.0,-0.47093504667282104,CityLearnV3MADRLRewardFunction,maac_unified_comparable_v4,E1,-0.0,1907,13.81964249034496,1.0,0.1346232439276548,0.0,4
6,0.0,0.0,0.0,0.0,Building_14,13,MAAC,0.7900000214576721,False,0.0,0.0,0.0,0.5745980739593506,14,0,0.0,0.0,-0.0,122640,-0.0,0.0,-0.42652618885040283,0.0,0.0,0.0,0.0,64,3.340735758554016,1.0,0.23131622187793255,0.0,0.0,0.0,-0.47093504667282104,CityLearnV3MADRLRewardFunction,maac_unified_comparable_v4,E1,-0.0,1907,13.81964249034496,1.0,0.1346232439276548,0.0,4
10,0.0,0.0,0.0,0.0,Building_15,14,MAAC,0.7900000214576721,False,0.0,0.0,0.0,0.5745980739593506,14,0,0.0,0.0,-0.0,122640,-0.0,0.0,-0.4276987910270691,0.0,0.0,0.0,0.0,92,3.3435395065674665,1.0,0.16121346948911314,0.0,0.0,0.0,-0.47093504667282104,CityLearnV3MADRLRewardFunction,maac_unified_comparable_v4,E1,-0.0,1907,13.81964249034496,1.0,0.1346232439276548,0.0,4
13,1.0,0.0,-0.07692307692307693,-1.0,Building_16,15,MAAC,0.7900000214576721,False,0.0,0.0,0.0,0.5745980739593506,14,0,0.0,0.0,-0.0,122640,-0.0,0.0,-0.4832337498664856,0.0,0.0,0.0,0.0,113,3.2864186731388263,1.0,0.12932152901075583,0.0,0.0,0.0,-0.47093504667282104,CityLearnV3MADRLRewardFunction,maac_unified_comparable_v4,E1,-0.0,1907,13.81964249034496,1.0,0.1346232439276548,0.0,4
13,0.0,0.0,0.0,0.0,Building_17,16,MAAC,0.7900000214576721,False,0.0,0.0,0.0,0.5745980739593506,14,0,0.0,0.0,-0.0,122640,-0.0,0.0,-0.4913049340248108,0.0,0.0,0.0,0.0,113,3.399380456189453,1.0,0.13721058174835898,0.0,0.0,0.0,-0.47093504667282104,CityLearnV3MADRLRewardFunction,maac_unified_comparable_v4,E1,-0.0,1907,13.81964249034496,1.0,0.1346232439276548,0.0,4
6,0.0,0.0,0.0,0.0,Building_1,0,MAAC,0.7900000214576721,True,0.0,0.0,0.0,0.32958081364631653,14,8755,0.0,0.0,-0.0,131395,0.0,391.586669921875,-0.796592652797699,179.1614532470703,309.3534851074219,391.586669921875,391.586669921875,64,3.2873072350861157,1.0,0.21874774037860334,0.0,0.0,0.0,-0.7500270009040833,CityLearnV3MADRLRewardFunction,maac_unified_comparable_v4,E1,-0.0,1907,14.046746233506664,1.0,0.13102486693677817,0.0,8759
8,0.0,0.0,0.0,0.0,Building_2,1,MAAC,0.7900000214576721,True,0.0,0.0,0.0,0.32958081364631653,14,8755,0.0,0.0,-0.0,131395,0.0,0.1848604530096054,-0.6915543675422668,0.08457864075899124,0.14603976905345917,0.1848604530096054,0.1848604530096054,78,3.3750204604973737,1.0,0.18210511119701925,0.0,0.0,0.0,-0.7500270009040833,CityLearnV3MADRLRewardFunction,maac_unified_comparable_v4,E1,-0.0,1907,14.046746233506664,1.0,0.13102486693677817,0.0,8759
10,0.0,0.0,0.0,0.0,Building_3,2,MAAC,0.7900000214576721,True,0.0,0.0,0.0,0.32958081364631653,14,8755,0.0,0.0,-0.0,131395,0.0,39.0087890625,-0.778496265411377,17.847572326660156,30.816944122314453,39.0087890625,39.0087890625,92,3.258250504450337,1.0,0.14950846929265105,0.0,0.0,0.0,-0.7500270009040833,CityLearnV3MADRLRewardFunction,maac_unified_comparable_v4,E1,-0.0,1907,14.046746233506664,1.0,0.13102486693677817,0.0,8759
8,0.0,0.0,0.0,0.0,Building_4,3,MAAC,0.7900000214576721,True,0.0,0.0,0.0,0.32958081364631653,14,8755,0.0,0.0,-0.0,131395,0.0,36.67196273803711,-0.7842848896980286,16.778411865234375,28.97085189819336,36.67196273803711,36.67196273803711,78,3.4028898727541357,1.0,0.18645775929475442,0.0,0.0,0.0,-0.7500270009040833,CityLearnV3MADRLRewardFunction,maac_unified_comparable_v4,E1,-0.0,1907,14.046746233506664,1.0,0.13102486693677817,0.0,8759
5,0.0,0.0,0.0,0.0,Building_5,4,MAAC,0.7900000214576721,True,0.0,0.0,0.0,0.32958081364631653,14,8755,0.0,0.0,-0.0,131395,0.0,54.225337982177734,-0.8253859877586365,24.809553146362305,42.838016510009766,54.225337982177734,54.225337982177734,57,3.540288970560765,1.0,0.2906500971631,0.0,0.0,0.0,-0.7500270009040833,CityLearnV3MADRLRewardFunction,maac_unified_comparable_v4,E1,-0.0,1907,14.046746233506664,1.0,0.13102486693677817,0.0,8759
34,1.0,1.0,0.029411764705882353,0.0,Building_6,5,MAAC,0.7900000214576721,True,0.0,0.0,0.0,0.32958081364631653,14,8755,0.0,0.0,-0.0,131395,0.0,348.8946838378906,-0.7955335378646851,159.62872314453125,275.6268005371094,348.8946838378906,348.8946838378906,260,3.248941341687446,1.0,0.05266280655677502,0.0,0.0,0.0,-0.7500270009040833,CityLearnV3MADRLRewardFunction,maac_unified_comparable_v4,E1,-0.0,1907,14.046746233506664,1.0,0.13102486693677817,0.0,8759
44,1.0,1.0,0.022727272727272728,0.0,Building_7,6,MAAC,0.7900000214576721,True,0.0,0.0,0.0,0.32958081364631653,14,8755,0.0,0.0,-0.0,131395,0.0,2.9800853729248047,-0.7041191458702087,1.3634693622589111,2.3542675971984863,2.9800853729248047,2.9800853729248047,330,3.494539466216229,1.0,0.04535494607054826,0.0,0.0,0.0,-0.7500270009040833,CityLearnV3MADRLRewardFunction,maac_unified_comparable_v4,E1,-0.0,1907,14.046746233506664,1.0,0.13102486693677817,0.0,8759
19,0.0,0.0,0.0,0.0,Building_8,7,MAAC,0.7900000214576721,True,0.0,0.0,0.0,0.32958081364631653,14,8755,0.0,0.0,-0.0,131395,0.0,6.19936990737915,-0.7170183062553406,2.836378812789917,4.897502422332764,6.19936990737915,6.19936990737915,155,3.4066760806210845,1.0,0.09514637820182308,0.0,0.0,0.0,-0.7500270009040833,CityLearnV3MADRLRewardFunction,maac_unified_comparable_v4,E1,-0.0,1907,14.046746233506664,1.0,0.13102486693677817,0.0,8759
12,0.0,0.0,0.0,0.0,Building_9,8,MAAC,0.7900000214576721,True,0.0,0.0,0.0,0.32958081364631653,14,8755,0.0,0.0,-0.0,131395,0.0,2.1350696086883545,-0.6828189492225647,0.9768518805503845,1.6867049932479858,2.1350696086883545,2.1350696086883545,106,3.641272773605128,1.0,0.15811279500430486,0.0,0.0,0.0,-0.7500270009040833,CityLearnV3MADRLRewardFunction,maac_unified_comparable_v4,E1,-0.0,1907,14.046746233506664,1.0,0.13102486693677817,0.0,8759
8,0.0,0.0,0.0,0.0,Building_10,9,MAAC,0.7900000214576721,True,0.0,0.0,0.0,0.32958081364631653,14,8755,0.0,0.0,-0.0,131395,0.0,16.451881408691406,-0.7535985112190247,7.52717924118042,12.996986389160156,16.451881408691406,16.451881408691406,78,3.4674079594851817,1.0,0.1907183618690723,0.0,0.0,0.0,-0.7500270009040833,CityLearnV3MADRLRewardFunction,maac_unified_comparable_v4,E1,-0.0,1907,14.046746233506664,1.0,0.13102486693677817,0.0,8759
5,0.0,0.0,0.0,0.0,Building_11,10,MAAC,0.7900000214576721,True,0.0,0.0,0.0,0.32958081364631653,14,8755,0.0,0.0,-0.0,131395,0.0,66.45198059082031,-0.7838824391365051,30.40357208251953,52.497066497802734,66.45198059082031,66.45198059082031,57,3.330483153363521,1.0,0.2461166039370654,0.0,0.0,0.0,-0.7500270009040833,CityLearnV3MADRLRewardFunction,maac_unified_comparable_v4,E1,-0.0,1907,14.046746233506664,1.0,0.13102486693677817,0.0,8759
5,0.0,0.0,0.0,0.0,Building_12,11,MAAC,0.7900000214576721,True,0.0,0.0,0.0,0.32958081364631653,14,8755,0.0,0.0,-0.0,131395,0.0,155.388671875,-0.7885490655899048,71.0945053100586,122.7570571899414,155.388671875,155.388671875,57,3.291998724791318,1.0,0.24665838349283786,0.0,0.0,0.0,-0.7500270009040833,CityLearnV3MADRLRewardFunction,maac_unified_comparable_v4,E1,-0.0,1907,14.046746233506664,1.0,0.13102486693677817,0.0,8759
13,1.0,1.0,0.07692307692307693,0.0,Building_13,12,MAAC,0.7900000214576721,True,1.3139464855194092,0.0,0.0,0.32958081364631653,14,8755,0.0,0.0,-0.0,131395,0.0,1.4187201261520386,-0.699804961681366,0.6491026878356934,1.1207889318466187,1.4187201261520386,0.1047736406326294,113,3.495804064072679,1.0,0.13208644738239525,0.0,0.0,0.0,-0.7500270009040833,CityLearnV3MADRLRewardFunction,maac_unified_comparable_v4,E1,-0.0,1907,14.046746233506664,1.0,0.13102486693677817,0.0,8759
6,0.0,0.0,0.0,0.0,Building_14,13,MAAC,0.7900000214576721,True,0.0,0.0,0.0,0.32958081364631653,14,8755,0.0,0.0,-0.0,131395,0.0,1.3521205186843872,-0.6968334317207336,0.6186316013336182,1.068175196647644,1.3521205186843872,1.3521205186843872,64,3.481419341475482,1.0,0.2324407696723938,0.0,0.0,0.0,-0.7500270009040833,CityLearnV3MADRLRewardFunction,maac_unified_comparable_v4,E1,-0.0,1907,14.046746233506664,1.0,0.13102486693677817,0.0,8759
10,0.0,0.0,0.0,0.0,Building_15,14,MAAC,0.7900000214576721,True,0.0,0.0,0.0,0.32958081364631653,14,8755,0.0,0.0,-0.0,131395,0.0,15.147623062133789,-0.7468115091323853,6.930445671081543,11.966622352600098,15.147623062133789,15.147623062133789,92,3.3997541579163757,1.0,0.15896850354645564,0.0,0.0,0.0,-0.7500270009040833,CityLearnV3MADRLRewardFunction,maac_unified_comparable_v4,E1,-0.0,1907,14.046746233506664,1.0,0.13102486693677817,0.0,8759
13,0.0,0.0,0.0,0.0,Building_16,15,MAAC,0.7900000214576721,True,0.0,0.0,0.0,0.32958081364631653,14,8755,0.0,0.0,-0.0,131395,0.0,11.957420349121094,-0.7380194067955017,5.470841884613037,9.446362495422363,11.957420349121094,11.957420349121094,113,3.3400941131785675,1.0,0.1255778733607942,0.0,0.0,0.0,-0.7500270009040833,CityLearnV3MADRLRewardFunction,maac_unified_comparable_v4,E1,-0.0,1907,14.046746233506664,1.0,0.13102486693677817,0.0,8759
13,1.0,1.0,0.07692307692307693,0.0,Building_17,16,MAAC,0.7900000214576721,True,0.0,0.0,0.0,0.32958081364631653,14,8755,0.0,0.0,-0.0,131395,0.0,23.087642669677734,-0.7671558856964111,10.56321907043457,18.239238739013672,23.087642669677734,23.087642669677734,113,3.4270855543937797,1.0,0.13315162932978267,0.0,0.0,0.0,-0.7500270009040833,CityLearnV3MADRLRewardFunction,maac_unified_comparable_v4,E1,-0.0,1907,14.046746233506664,1.0,0.13102486693677817,0.0,8759
6,0.0,0.0,0.0,0.0,Building_1,0,MAAC,0.7900000214576721,False,0.0,0.0,0.0,0.5655900835990906,15,0,0.0,0.0,-0.0,131400,-0.0,0.0,-0.5702118873596191,0.0,0.0,0.0,0.0,64,3.3934178484852557,1.0,0.25613406812772155,0.0,0.0,0.0,-0.5153369307518005,CityLearnV3MADRLRewardFunction,maac_unified_comparable_v4,E1,-0.0,1907,14.688239299728657,1.0,0.1540923968902982,0.0,5
8,0.0,0.0,0.0,0.0,Building_2,1,MAAC,0.7900000214576721,False,0.0,0.0,0.0,0.5655900835990906,15,0,0.0,0.0,-0.0,131400,-0.0,0.0,-0.46159058809280396,0.0,0.0,0.0,0.0,78,3.5287329314703966,1.0,0.21414843545510218,0.0,0.0,0.0,-0.5153369307518005,CityLearnV3MADRLRewardFunction,maac_unified_comparable_v4,E1,-0.0,1907,14.688239299728657,1.0,0.1540923968902982,0.0,5
10,0.0,0.0,0.0,0.0,Building_3,2,MAAC,0.7900000214576721,False,0.0,0.0,0.0,0.5655900835990906,15,0,0.0,0.0,-0.0,131400,-0.0,0.0,-0.5327421426773071,0.0,0.0,0.0,0.0,92,3.8677461883892854,1.0,0.2216055504977703,0.0,0.0,0.0,-0.5153369307518005,CityLearnV3MADRLRewardFunction,maac_unified_comparable_v4,E1,-0.0,1907,14.688239299728657,1.0,0.1540923968902982,0.0,5
8,0.0,0.0,0.0,0.0,Building_4,3,MAAC,0.7900000214576721,False,0.0,0.0,0.0,0.5655900835990906,15,0,0.0,0.0,-0.0,131400,-0.0,0.0,-0.5144564509391785,0.0,0.0,0.0,0.0,78,3.4584319215276187,1.0,0.21040555911186415,0.0,0.0,0.0,-0.5153369307518005,CityLearnV3MADRLRewardFunction,maac_unified_comparable_v4,E1,-0.0,1907,14.688239299728657,1.0,0.1540923968902982,0.0,5
5,1.0,1.0,0.2,0.0,Building_5,4,MAAC,0.7900000214576721,False,0.0,0.0,0.0,0.5655900835990906,15,0,0.0,0.0,-0.0,131400,-0.0,0.0,-0.5509085655212402,0.0,0.0,0.0,0.0,57,3.5303109770204513,1.0,0.3008053518439594,0.0,0.0,0.0,-0.5153369307518005,CityLearnV3MADRLRewardFunction,maac_unified_comparable_v4,E1,-0.0,1907,14.688239299728657,1.0,0.1540923968902982,0.0,5
34,1.0,0.0,-0.029411764705882353,-1.0,Building_6,5,MAAC,0.7900000214576721,False,0.0,0.0,0.0,0.5655900835990906,15,0,0.0,0.0,-0.0,131400,-0.0,0.0,-0.5656231045722961,0.0,0.0,0.0,0.0,260,3.446053137954376,1.0,0.06326405248389794,0.0,0.0,0.0,-0.5153369307518005,CityLearnV3MADRLRewardFunction,maac_unified_comparable_v4,E1,-0.0,1907,14.688239299728657,1.0,0.1540923968902982,0.0,5
44,0.0,0.0,0.0,0.0,Building_7,6,MAAC,0.7900000214576721,False,0.0,0.0,0.0,0.5655900835990906,15,0,0.0,0.0,-0.0,131400,-0.0,0.0,-0.46735110878944397,0.0,0.0,0.0,0.0,330,3.5110764217351096,1.0,0.05047322827758211,0.0,0.0,0.0,-0.5153369307518005,CityLearnV3MADRLRewardFunction,maac_unified_comparable_v4,E1,-0.0,1907,14.688239299728657,1.0,0.1540923968902982,0.0,5
19,0.0,0.0,0.0,0.0,Building_8,7,MAAC,0.7900000214576721,False,0.0,0.0,0.0,0.5655900835990906,15,0,0.0,0.0,-0.0,131400,-0.0,0.0,-0.4639022946357727,0.0,0.0,0.0,0.0,155,3.5261443891086635,1.0,0.10777440263379005,0.0,0.0,0.0,-0.5153369307518005,CityLearnV3MADRLRewardFunction,maac_unified_comparable_v4,E1,-0.0,1907,14.688239299728657,1.0,0.1540923968902982,0.0,5
12,1.0,1.0,0.08333333333333333,0.0,Building_9,8,MAAC,0.7900000214576721,False,0.0,0.0,0.0,0.5655900835990906,15,0,0.0,0.0,-0.0,131400,-0.0,0.0,-0.47058358788490295,0.0,0.0,0.0,0.0,106,3.6062075467921155,1.0,0.16527585804743586,0.0,0.0,0.0,-0.5153369307518005,CityLearnV3MADRLRewardFunction,maac_unified_comparable_v4,E1,-0.0,1907,14.688239299728657,1.0,0.1540923968902982,0.0,5
8,0.0,0.0,0.0,0.0,Building_10,9,MAAC,0.7900000214576721,False,0.0,0.0,0.0,0.5655900835990906,15,0,0.0,0.0,-0.0,131400,-0.0,0.0,-0.5376511812210083,0.0,0.0,0.0,0.0,78,3.48274176130972,1.0,0.21229100733613357,0.0,0.0,0.0,-0.5153369307518005,CityLearnV3MADRLRewardFunction,maac_unified_comparable_v4,E1,-0.0,1907,14.688239299728657,1.0,0.1540923968902982,0.0,5
5,0.0,0.0,0.0,0.0,Building_11,10,MAAC,0.7900000214576721,False,0.0,0.0,0.0,0.5655900835990906,15,0,0.0,0.0,-0.0,131400,-0.0,0.0,-0.5564237833023071,0.0,0.0,0.0,0.0,57,3.763336717287316,1.0,0.330552190672933,0.0,0.0,0.0,-0.5153369307518005,CityLearnV3MADRLRewardFunction,maac_unified_comparable_v4,E1,-0.0,1907,14.688239299728657,1.0,0.1540923968902982,0.0,5
5,0.0,0.0,0.0,0.0,Building_12,11,MAAC,0.7900000214576721,False,0.0,0.0,0.0,0.5655900835990906,15,0,0.0,0.0,-0.0,131400,-0.0,0.0,-0.565436065196991,0.0,0.0,0.0,0.0,57,3.7310287606849903,1.0,0.33147364345036057,0.0,0.0,0.0,-0.5153369307518005,CityLearnV3MADRLRewardFunction,maac_unified_comparable_v4,E1,-0.0,1907,14.688239299728657,1.0,0.1540923968902982,0.0,5
13,0.0,0.0,0.0,0.0,Building_13,12,MAAC,0.7900000214576721,False,0.0,0.0,0.0,0.5655900835990906,15,0,0.0,0.0,-0.0,131400,-0.0,0.0,-0.4634028971195221,0.0,0.0,0.0,0.0,113,3.5165399094875562,1.0,0.147585317096879,0.0,0.0,0.0,-0.5153369307518005,CityLearnV3MADRLRewardFunction,maac_unified_comparable_v4,E1,-0.0,1907,14.688239299728657,1.0,0.1540923968902982,0.0,5
6,0.0,0.0,0.0,0.0,Building_14,13,MAAC,0.7900000214576721,False,0.0,0.0,0.0,0.5655900835990906,15,0,0.0,0.0,-0.0,131400,-0.0,0.0,-0.4671967029571533,0.0,0.0,0.0,0.0,64,3.612207238544067,1.0,0.2765714507550001,0.0,0.0,0.0,-0.5153369307518005,CityLearnV3MADRLRewardFunction,maac_unified_comparable_v4,E1,-0.0,1907,14.688239299728657,1.0,0.1540923968902982,0.0,5
10,0.0,0.0,0.0,0.0,Building_15,14,MAAC,0.7900000214576721,False,0.0,0.0,0.0,0.5655900835990906,15,0,0.0,0.0,-0.0,131400,-0.0,0.0,-0.4720264673233032,0.0,0.0,0.0,0.0,92,3.531279421937714,1.0,0.1824936253707046,0.0,0.0,0.0,-0.5153369307518005,CityLearnV3MADRLRewardFunction,maac_unified_comparable_v4,E1,-0.0,1907,14.688239299728657,1.0,0.1540923968902982,0.0,5
13,0.0,0.0,0.0,0.0,Building_16,15,MAAC,0.7900000214576721,False,0.0,0.0,0.0,0.5655900835990906,15,0,0.0,0.0,-0.0,131400,-0.0,0.0,-0.5533646941184998,0.0,0.0,0.0,0.0,113,3.417475790192459,1.0,0.14378368907270178,0.0,0.0,0.0,-0.5153369307518005,CityLearnV3MADRLRewardFunction,maac_unified_comparable_v4,E1,-0.0,1907,14.688239299728657,1.0,0.1540923968902982,0.0,5
13,1.0,1.0,0.07692307692307693,0.0,Building_17,16,MAAC,0.7900000214576721,False,0.0,0.0,0.0,0.5655900835990906,15,0,0.0,0.0,-0.0,131400,-0.0,0.0,-0.5478559136390686,0.0,0.0,0.0,0.0,113,3.6022937375224573,1.0,0.15729951944235152,0.0,0.0,0.0,-0.5153369307518005,CityLearnV3MADRLRewardFunction,maac_unified_comparable_v4,E1,-0.0,1907,14.688239299728657,1.0,0.1540923968902982,0.0,5
6,0.0,0.0,0.0,0.0,Building_1,0,MAAC,0.7900000214576721,True,0.0,0.0,0.0,0.28695225715637207,15,8754,0.0,0.0,-0.0,140154,0.0,433.45458984375,-0.8331363201141357,172.33212280273438,342.42913818359375,433.45458984375,433.45458984375,64,3.1784395493074307,1.0,0.2082050075987354,0.0,0.0,0.0,-0.7987093925476074,CityLearnV3MADRLRewardFunction,maac_unified_comparable_v4,E1,-0.0,1907,13.69177564526827,1.0,0.1258894788539872,0.0,8759
8,0.0,0.0,0.0,0.0,Building_2,1,MAAC,0.7900000214576721,True,0.0,0.0,0.0,0.28695225715637207,15,8754,0.0,0.0,-0.0,140154,0.0,15.16435432434082,-0.7849928736686707,5.706365585327148,11.979840278625488,15.16435432434082,15.16435432434082,78,3.440433572680258,1.0,0.1882903857681996,0.0,0.0,0.0,-0.7987093925476074,CityLearnV3MADRLRewardFunction,maac_unified_comparable_v4,E1,-0.0,1907,13.69177564526827,1.0,0.1258894788539872,0.0,8759
10,0.0,0.0,0.0,0.0,Building_3,2,MAAC,0.7900000214576721,True,0.0,0.0,0.0,0.28695225715637207,15,8754,0.0,0.0,-0.0,140154,0.0,94.53981018066406,-0.8255084753036499,37.32554626464844,74.68645477294922,94.53981018066406,94.53981018066406,92,3.2138041234735755,1.0,0.14578508156473222,0.0,0.0,0.0,-0.7987093925476074,CityLearnV3MADRLRewardFunction,maac_unified_comparable_v4,E1,-0.0,1907,13.69177564526827,1.0,0.1258894788539872,0.0,8759
8,0.0,0.0,0.0,0.0,Building_4,3,MAAC,0.7900000214576721,True,0.0,0.0,0.0,0.28695225715637207,15,8754,0.0,0.0,-0.0,140154,0.0,31.04317283630371,-0.8144656419754028,12.031686782836914,24.524106979370117,31.04317283630371,31.04317283630371,78,3.322181564325365,1.0,0.17867217489924186,0.0,0.0,0.0,-0.7987093925476074,CityLearnV3MADRLRewardFunction,maac_unified_comparable_v4,E1,-0.0,1907,13.69177564526827,1.0,0.1258894788539872,0.0,8759
5,0.0,0.0,0.0,0.0,Building_5,4,MAAC,0.7900000214576721,True,0.0,0.0,0.0,0.28695225715637207,15,8754,0.0,0.0,-0.0,140154,0.0,38.538970947265625,-0.8550209403038025,15.017635345458984,30.44578742980957,38.538970947265625,38.538970947265625,57,3.4997260900055585,1.0,0.28297428459974755,0.0,0.0,0.0,-0.7987093925476074,CityLearnV3MADRLRewardFunction,maac_unified_comparable_v4,E1,-0.0,1907,13.69177564526827,1.0,0.1258894788539872,0.0,8759
34,0.0,0.0,0.0,0.0,Building_6,5,MAAC,0.7900000214576721,True,0.0,0.0,0.0,0.28695225715637207,15,8754,0.0,0.0,-0.0,140154,0.0,362.8901062011719,-0.8369718790054321,144.2227783203125,286.6831970214844,362.8901062011719,362.8901062011719,260,3.2083135462573416,1.0,0.05163580783857749,0.0,0.0,0.0,-0.7987093925476074,CityLearnV3MADRLRewardFunction,maac_unified_comparable_v4,E1,-0.0,1907,13.69177564526827,1.0,0.1258894788539872,0.0,8759
44,0.0,0.0,0.0,0.0,Building_7,6,MAAC,0.7900000214576721,True,0.0,0.0,0.0,0.28695225715637207,15,8754,0.0,0.0,-0.0,140154,0.0,12.664111137390137,-0.7765865325927734,4.710394859313965,10.004648208618164,12.664111137390137,12.664111137390137,330,3.3451718369026033,1.0,0.04290179899244598,0.0,0.0,0.0,-0.7987093925476074,CityLearnV3MADRLRewardFunction,maac_unified_comparable_v4,E1,-0.0,1907,13.69177564526827,1.0,0.1258894788539872,0.0,8759
19,1.0,1.0,0.05263157894736842,0.0,Building_8,7,MAAC,0.7900000214576721,True,0.0,0.0,0.0,0.28695225715637207,15,8754,0.0,0.0,-0.0,140154,0.0,12.065996170043945,-0.7728186249732971,4.4721360206604,9.532136917114258,12.065996170043945,12.065996170043945,155,3.318361358063314,1.0,0.09061731229866704,0.0,0.0,0.0,-0.7987093925476074,CityLearnV3MADRLRewardFunction,maac_unified_comparable_v4,E1,-0.0,1907,13.69177564526827,1.0,0.1258894788539872,0.0,8759
12,0.0,0.0,0.0,0.0,Building_9,8,MAAC,0.7900000214576721,True,0.0,0.0,0.0,0.28695225715637207,15,8754,0.0,0.0,-0.0,140154,0.0,2.290161371231079,-0.7191357612609863,0.7298279404640198,1.8092275857925415,2.290161371231079,2.290161371231079,106,3.630486580276253,1.0,0.15502717999636,0.0,0.0,0.0,-0.7987093925476074,CityLearnV3MADRLRewardFunction,maac_unified_comparable_v4,E1,-0.0,1907,13.69177564526827,1.0,0.1258894788539872,0.0,8759
8,0.0,0.0,0.0,0.0,Building_10,9,MAAC,0.7900000214576721,True,0.0,0.0,0.0,0.28695225715637207,15,8754,0.0,0.0,-0.0,140154,0.0,51.649574279785156,-0.8206207752227783,20.240238189697266,40.803165435791016,51.649574279785156,51.649574279785156,78,3.258595343332657,1.0,0.17637610158477074,0.0,0.0,0.0,-0.7987093925476074,CityLearnV3MADRLRewardFunction,maac_unified_comparable_v4,E1,-0.0,1907,13.69177564526827,1.0,0.1258894788539872,0.0,8759
5,0.0,0.0,0.0,0.0,Building_11,10,MAAC,0.7900000214576721,True,0.0,0.0,0.0,0.28695225715637207,15,8754,0.0,0.0,-0.0,140154,0.0,71.54803466796875,-0.8308387994766235,28.16678237915039,56.52294921875,71.54803466796875,71.54803466796875,57,3.378486769162765,1.0,0.2492719969074977,0.0,0.0,0.0,-0.7987093925476074,CityLearnV3MADRLRewardFunction,maac_unified_comparable_v4,E1,-0.0,1907,13.69177564526827,1.0,0.1258894788539872,0.0,8759
5,0.0,0.0,0.0,0.0,Building_12,11,MAAC,0.7900000214576721,True,0.0,0.0,0.0,0.28695225715637207,15,8754,0.0,0.0,-0.0,140154,0.0,215.11593627929688,-0.833034873008728,85.35700225830078,169.94158935546875,215.11593627929688,215.11593627929688,57,3.229529741448566,1.0,0.2404366291144438,0.0,0.0,0.0,-0.7987093925476074,CityLearnV3MADRLRewardFunction,maac_unified_comparable_v4,E1,-0.0,1907,13.69177564526827,1.0,0.1258894788539872,0.0,8759
13,0.0,0.0,0.0,0.0,Building_13,12,MAAC,0.7900000214576721,True,0.0,0.0,0.0,0.28695225715637207,15,8754,0.0,0.0,-0.0,140154,0.0,2.033022403717041,-0.7351481914520264,0.6478829383850098,1.6060876846313477,2.033022403717041,2.033022403717041,113,3.2863782263593597,1.0,0.12148079902461145,0.0,0.0,0.0,-0.7987093925476074,CityLearnV3MADRLRewardFunction,maac_unified_comparable_v4,E1,-0.0,1907,13.69177564526827,1.0,0.1258894788539872,0.0,8759
6,0.0,0.0,0.0,0.0,Building_14,13,MAAC,0.7900000214576721,True,0.0,0.0,0.0,0.28695225715637207,15,8754,0.0,0.0,-0.0,140154,0.0,2.6149511337280273,-0.7378066778182983,0.833331823348999,2.0658113956451416,2.6149511337280273,2.6149511337280273,64,3.3120756277768737,1.0,0.21706060168799013,0.0,0.0,0.0,-0.7987093925476074,CityLearnV3MADRLRewardFunction,maac_unified_comparable_v4,E1,-0.0,1907,13.69177564526827,1.0,0.1258894788539872,0.0,8759
10,1.0,0.0,-0.1,-1.0,Building_15,14,MAAC,0.7900000214576721,True,-81.01641082763672,0.0,0.0,0.28695225715637207,15,8754,0.0,0.0,-0.0,140154,61.494930267333984,0.0,-0.7821958661079407,-19.597185134887695,0.0,-61.494930267333984,19.521480560302734,92,3.3426899897653106,1.0,0.1551292751632307,0.0,0.0,0.0,-0.7987093925476074,CityLearnV3MADRLRewardFunction,maac_unified_comparable_v4,E1,-0.0,1907,13.69177564526827,1.0,0.1258894788539872,0.0,8759
13,1.0,1.0,0.07692307692307693,0.0,Building_16,15,MAAC,0.7900000214576721,True,0.0,0.0,0.0,0.28695225715637207,15,8754,0.0,0.0,-0.0,140154,0.0,54.89390563964844,-0.8208779692649841,21.532617568969727,43.366188049316406,54.89390563964844,54.89390563964844,113,3.232298667145815,1.0,0.11951105586722889,0.0,0.0,0.0,-0.7987093925476074,CityLearnV3MADRLRewardFunction,maac_unified_comparable_v4,E1,-0.0,1907,13.69177564526827,1.0,0.1258894788539872,0.0,8759
13,0.0,0.0,0.0,0.0,Building_17,16,MAAC,0.7900000214576721,True,0.0,0.0,0.0,0.28695225715637207,15,8754,0.0,0.0,-0.0,140154,0.0,22.46647071838379,-0.798898458480835,8.615160942077637,17.748512268066406,22.46647071838379,22.46647071838379,113,3.222236363537114,1.0,0.11905510624689339,0.0,0.0,0.0,-0.7987093925476074,CityLearnV3MADRLRewardFunction,maac_unified_comparable_v4,E1,-0.0,1907,13.69177564526827,1.0,0.1258894788539872,0.0,8759
6,0.0,0.0,0.0,0.0,Building_1,0,MAAC,0.7849760055541992,False,0.0,0.0,0.0,0.5136660933494568,16,0,0.0,0.0,-0.0,140160,-0.0,0.0,-0.6501409411430359,0.0,0.0,0.0,0.0,64,3.160749928380102,1.0,0.22828057667356916,0.0,0.0,0.0,-0.5983704924583435,CityLearnV3MADRLRewardFunction,maac_unified_comparable_v4,E1,-0.0,1907,14.086671382635323,1.0,0.14463771484776605,0.0,6
8,0.0,0.0,0.0,0.0,Building_2,1,MAAC,0.7849760055541992,False,0.0,0.0,0.0,0.5136660933494568,16,0,0.0,0.0,-0.0,140160,-0.0,0.0,-0.5464316606521606,0.0,0.0,0.0,0.0,78,3.3039446335262985,1.0,0.19169261385328495,0.0,0.0,0.0,-0.5983704924583435,CityLearnV3MADRLRewardFunction,maac_unified_comparable_v4,E1,-0.0,1907,14.086671382635323,1.0,0.14463771484776605,0.0,6
10,0.0,0.0,0.0,0.0,Building_3,2,MAAC,0.7849760055541992,False,0.0,0.0,0.0,0.5136660933494568,16,0,0.0,0.0,-0.0,140160,-0.0,0.0,-0.6407169699668884,0.0,0.0,0.0,0.0,92,3.6148093675930775,1.0,0.1974377016050984,0.0,0.0,0.0,-0.5983704924583435,CityLearnV3MADRLRewardFunction,maac_unified_comparable_v4,E1,-0.0,1907,14.086671382635323,1.0,0.14463771484776605,0.0,6
8,0.0,0.0,0.0,0.0,Building_4,3,MAAC,0.7849760055541992,False,0.0,0.0,0.0,0.5136660933494568,16,0,0.0,0.0,-0.0,140160,-0.0,0.0,-0.6018266677856445,0.0,0.0,0.0,0.0,78,3.237223713020559,1.0,0.18825082120318443,0.0,0.0,0.0,-0.5983704924583435,CityLearnV3MADRLRewardFunction,maac_unified_comparable_v4,E1,-0.0,1907,14.086671382635323,1.0,0.14463771484776605,0.0,6
5,0.0,0.0,0.0,0.0,Building_5,4,MAAC,0.7849760055541992,False,0.0,0.0,0.0,0.5136660933494568,16,0,0.0,0.0,-0.0,140160,-0.0,0.0,-0.6321828365325928,0.0,0.0,0.0,0.0,57,3.4561701956154995,1.0,0.29206725892921287,0.0,0.0,0.0,-0.5983704924583435,CityLearnV3MADRLRewardFunction,maac_unified_comparable_v4,E1,-0.0,1907,14.086671382635323,1.0,0.14463771484776605,0.0,6
34,1.0,0.0,-0.029411764705882353,-1.0,Building_6,5,MAAC,0.7849760055541992,False,0.0,0.0,0.0,0.5136660933494568,16,0,0.0,0.0,-0.0,140160,-0.0,0.0,-0.5948173403739929,0.0,0.0,0.0,0.0,260,3.1770944230158964,1.0,0.05512746040207835,0.0,0.0,0.0,-0.5983704924583435,CityLearnV3MADRLRewardFunction,maac_unified_comparable_v4,E1,-0.0,1907,14.086671382635323,1.0,0.14463771484776605,0.0,6
44,0.0,0.0,0.0,0.0,Building_7,6,MAAC,0.7849760055541992,False,0.0,0.0,0.0,0.5136660933494568,16,0,0.0,0.0,-0.0,140160,-0.0,0.0,-0.5695242881774902,0.0,0.0,0.0,0.0,330,3.275123095993102,1.0,0.045177463831549344,0.0,0.0,0.0,-0.5983704924583435,CityLearnV3MADRLRewardFunction,maac_unified_comparable_v4,E1,-0.0,1907,14.086671382635323,1.0,0.14463771484776605,0.0,6
19,1.0,1.0,0.05263157894736842,0.0,Building_8,7,MAAC,0.7849760055541992,False,0.0,0.0,0.0,0.5136660933494568,16,0,0.0,0.0,-0.0,140160,-0.0,0.0,-0.5485987067222595,0.0,0.0,0.0,0.0,155,3.2949529614039945,1.0,0.09630676441855969,0.0,0.0,0.0,-0.5983704924583435,CityLearnV3MADRLRewardFunction,maac_unified_comparable_v4,E1,-0.0,1907,14.086671382635323,1.0,0.14463771484776605,0.0,6
12,0.0,0.0,0.0,0.0,Building_9,8,MAAC,0.7849760055541992,False,0.0,0.0,0.0,0.5136660933494568,16,0,0.0,0.0,-0.0,140160,-0.0,0.0,-0.5555927753448486,0.0,0.0,0.0,0.0,106,3.3571642252425447,1.0,0.14717912162601385,0.0,0.0,0.0,-0.5983704924583435,CityLearnV3MADRLRewardFunction,maac_unified_comparable_v4,E1,-0.0,1907,14.086671382635323,1.0,0.14463771484776605,0.0,6
8,0.0,0.0,0.0,0.0,Building_10,9,MAAC,0.7849760055541992,False,0.0,0.0,0.0,0.5136660933494568,16,0,0.0,0.0,-0.0,140160,-0.0,0.0,-0.6318843364715576,0.0,0.0,0.0,0.0,78,3.2586160739769654,1.0,0.1910374128522399,0.0,0.0,0.0,-0.5983704924583435,CityLearnV3MADRLRewardFunction,maac_unified_comparable_v4,E1,-0.0,1907,14.086671382635323,1.0,0.14463771484776605,0.0,6
5,0.0,0.0,0.0,0.0,Building_11,10,MAAC,0.7849760055541992,False,0.0,0.0,0.0,0.5136660933494568,16,0,0.0,0.0,-0.0,140160,-0.0,0.0,-0.6376335024833679,0.0,0.0,0.0,0.0,57,3.831710958810723,1.0,0.3511324780094519,0.0,0.0,0.0,-0.5983704924583435,CityLearnV3MADRLRewardFunction,maac_unified_comparable_v4,E1,-0.0,1907,14.086671382635323,1.0,0.14463771484776605,0.0,6
5,0.0,0.0,0.0,0.0,Building_12,11,MAAC,0.7849760055541992,False,0.0,0.0,0.0,0.5136660933494568,16,0,0.0,0.0,-0.0,140160,-0.0,0.0,-0.6456481218338013,0.0,0.0,0.0,0.0,57,3.919942776249382,1.0,0.3653617999598123,0.0,0.0,0.0,-0.5983704924583435,CityLearnV3MADRLRewardFunction,maac_unified_comparable_v4,E1,-0.0,1907,14.086671382635323,1.0,0.14463771484776605,0.0,6
13,0.0,0.0,0.0,0.0,Building_13,12,MAAC,0.7849760055541992,False,0.0,0.0,0.0,0.5136660933494568,16,0,0.0,0.0,-0.0,140160,-0.0,0.0,-0.5458123087882996,0.0,0.0,0.0,0.0,113,3.2778110693161886,1.0,0.13152208965502482,0.0,0.0,0.0,-0.5983704924583435,CityLearnV3MADRLRewardFunction,maac_unified_comparable_v4,E1,-0.0,1907,14.086671382635323,1.0,0.14463771484776605,0.0,6
6,0.0,0.0,0.0,0.0,Building_14,13,MAAC,0.7849760055541992,False,0.0,0.0,0.0,0.5136660933494568,16,0,0.0,0.0,-0.0,140160,-0.0,0.0,-0.5528391003608704,0.0,0.0,0.0,0.0,64,3.922216361374799,1.0,0.3307000615459401,0.0,0.0,0.0,-0.5983704924583435,CityLearnV3MADRLRewardFunction,maac_unified_comparable_v4,E1,-0.0,1907,14.086671382635323,1.0,0.14463771484776605,0.0,6
10,1.0,1.0,0.1,0.0,Building_15,14,MAAC,0.7849760055541992,False,0.0,0.0,0.0,0.5136660933494568,16,0,0.0,0.0,-0.0,140160,-0.0,0.0,-0.5707626342773438,0.0,0.0,0.0,0.0,92,3.3026481593387302,1.0,0.16429735446834695,0.0,0.0,0.0,-0.5983704924583435,CityLearnV3MADRLRewardFunction,maac_unified_comparable_v4,E1,-0.0,1907,14.086671382635323,1.0,0.14463771484776605,0.0,6
13,0.0,0.0,0.0,0.0,Building_16,15,MAAC,0.7849760055541992,False,0.0,0.0,0.0,0.5136660933494568,16,0,0.0,0.0,-0.0,140160,-0.0,0.0,-0.6322392225265503,0.0,0.0,0.0,0.0,113,3.18144206081374,1.0,0.1278716679992138,0.0,0.0,0.0,-0.5983704924583435,CityLearnV3MADRLRewardFunction,maac_unified_comparable_v4,E1,-0.0,1907,14.086671382635323,1.0,0.14463771484776605,0.0,6
13,0.0,0.0,0.0,0.0,Building_17,16,MAAC,0.7849760055541992,False,0.0,0.0,0.0,0.5136660933494568,16,0,0.0,0.0,-0.0,140160,-0.0,0.0,-0.61564701795578,0.0,0.0,0.0,0.0,113,3.3563809255485495,1.0,0.13861495317413217,0.0,0.0,0.0,-0.5983704924583435,CityLearnV3MADRLRewardFunction,maac_unified_comparable_v4,E1,-0.0,1907,14.086671382635323,1.0,0.14463771484776605,0.0,6
6,0.0,0.0,0.0,0.0,Building_1,0,MAAC,0.7900000214576721,True,0.0,0.0,0.0,0.5087285041809082,16,8753,0.0,0.0,-0.0,148913,0.0,446.8856201171875,-0.832744836807251,295.8052062988281,353.0396423339844,446.8856201171875,446.8856201171875,64,3.3849978169521444,1.0,0.2378603348042816,0.0,0.0,0.0,-0.7985079884529114,CityLearnV3MADRLRewardFunction,maac_unified_comparable_v4,E1,-0.0,1907,14.559669231172059,1.0,0.14298055138913637,0.0,8759
8,0.0,0.0,0.0,0.0,Building_2,1,MAAC,0.7900000214576721,True,0.0,0.0,0.0,0.5087285041809082,16,8753,0.0,0.0,-0.0,148913,0.0,5.618855953216553,-0.7512738108634949,3.719266653060913,4.438896179199219,5.618855953216553,5.618855953216553,78,3.5844202955262596,1.0,0.20632122265986907,0.0,0.0,0.0,-0.7985079884529114,CityLearnV3MADRLRewardFunction,maac_unified_comparable_v4,E1,-0.0,1907,14.559669231172059,1.0,0.14298055138913637,0.0,8759
10,0.0,0.0,0.0,0.0,Building_3,2,MAAC,0.7900000214576721,True,0.0,0.0,0.0,0.5087285041809082,16,8753,0.0,0.0,-0.0,148913,0.0,98.17061614990234,-0.8208450675010681,64.98168182373047,77.5547866821289,98.17061614990234,98.17061614990234,92,3.403418129659496,1.0,0.16433913892377977,0.0,0.0,0.0,-0.7985079884529114,CityLearnV3MADRLRewardFunction,maac_unified_comparable_v4,E1,-0.0,1907,14.559669231172059,1.0,0.14298055138913637,0.0,8759
8,0.0,0.0,0.0,0.0,Building_4,3,MAAC,0.7900000214576721,True,0.0,0.0,0.0,0.5087285041809082,16,8753,0.0,0.0,-0.0,148913,0.0,28.84416961669922,-0.8126096725463867,19.09270477294922,22.786893844604492,28.84416961669922,28.84416961669922,78,3.5117227484440403,1.0,0.20238720797575438,0.0,0.0,0.0,-0.7985079884529114,CityLearnV3MADRLRewardFunction,maac_unified_comparable_v4,E1,-0.0,1907,14.559669231172059,1.0,0.14298055138913637,0.0,8759
5,0.0,0.0,0.0,0.0,Building_5,4,MAAC,0.7900000214576721,True,0.0,0.0,0.0,0.5087285041809082,16,8753,0.0,0.0,-0.0,148913,0.0,37.89287567138672,-0.8573768734931946,25.082279205322266,29.935373306274414,37.89287567138672,37.89287567138672,57,3.7580787206417066,1.0,0.3216647241722074,0.0,0.0,0.0,-0.7985079884529114,CityLearnV3MADRLRewardFunction,maac_unified_comparable_v4,E1,-0.0,1907,14.559669231172059,1.0,0.14298055138913637,0.0,8759
34,1.0,1.0,0.029411764705882353,0.0,Building_6,5,MAAC,0.7900000214576721,True,0.0,0.0,0.0,0.5087285041809082,16,8753,0.0,0.0,-0.0,148913,0.0,350.8894348144531,-0.8306444883346558,232.26283264160156,277.2026672363281,350.8894348144531,350.8894348144531,260,3.3827596401909497,1.0,0.05775675704846015,0.0,0.0,0.0,-0.7985079884529114,CityLearnV3MADRLRewardFunction,maac_unified_comparable_v4,E1,-0.0,1907,14.559669231172059,1.0,0.14298055138913637,0.0,8759
44,0.0,0.0,0.0,0.0,Building_7,6,MAAC,0.7900000214576721,True,0.0,0.0,0.0,0.5087285041809082,16,8753,0.0,0.0,-0.0,148913,0.0,18.66022491455078,-0.7946440577507019,12.35168743133545,14.741578102111816,18.66022491455078,18.66022491455078,330,3.548999466313923,1.0,0.048890656594074135,0.0,0.0,0.0,-0.7985079884529114,CityLearnV3MADRLRewardFunction,maac_unified_comparable_v4,E1,-0.0,1907,14.559669231172059,1.0,0.14298055138913637,0.0,8759
19,0.0,0.0,0.0,0.0,Building_8,7,MAAC,0.7900000214576721,True,0.0,0.0,0.0,0.5087285041809082,16,8753,0.0,0.0,-0.0,148913,0.0,19.251495361328125,-0.7931010723114014,12.743064880371094,15.2086820602417,19.251495361328125,19.251495361328125,155,3.608780621637984,1.0,0.10567378074892106,0.0,0.0,0.0,-0.7985079884529114,CityLearnV3MADRLRewardFunction,maac_unified_comparable_v4,E1,-0.0,1907,14.559669231172059,1.0,0.14298055138913637,0.0,8759
12,0.0,0.0,0.0,0.0,Building_9,8,MAAC,0.7900000214576721,True,0.0,0.0,0.0,0.5087285041809082,16,8753,0.0,0.0,-0.0,148913,0.0,2.4506425857543945,-0.719315230846405,1.6221439838409424,1.9360077381134033,2.4506425857543945,2.4506425857543945,106,3.714453942985986,1.0,0.16842912980970345,0.0,0.0,0.0,-0.7985079884529114,CityLearnV3MADRLRewardFunction,maac_unified_comparable_v4,E1,-0.0,1907,14.559669231172059,1.0,0.14298055138913637,0.0,8759
8,0.0,0.0,0.0,0.0,Building_10,9,MAAC,0.7900000214576721,True,0.0,0.0,0.0,0.5087285041809082,16,8753,0.0,0.0,-0.0,148913,0.0,34.33414077758789,-0.8181549310684204,22.726659774780273,27.123971939086914,34.33414077758789,34.33414077758789,78,3.5698703861619663,1.0,0.20643361495473447,0.0,0.0,0.0,-0.7985079884529114,CityLearnV3MADRLRewardFunction,maac_unified_comparable_v4,E1,-0.0,1907,14.559669231172059,1.0,0.14298055138913637,0.0,8759
5,0.0,0.0,0.0,0.0,Building_11,10,MAAC,0.7900000214576721,True,0.0,0.0,0.0,0.5087285041809082,16,8753,0.0,0.0,-0.0,148913,0.0,57.917564392089844,-0.8210229277610779,38.33713912963867,45.754878997802734,57.917564392089844,57.917564392089844,57,3.464886045419881,1.0,0.2717732426367308,0.0,0.0,0.0,-0.7985079884529114,CityLearnV3MADRLRewardFunction,maac_unified_comparable_v4,E1,-0.0,1907,14.559669231172059,1.0,0.14298055138913637,0.0,8759
5,0.0,0.0,0.0,0.0,Building_12,11,MAAC,0.7900000214576721,True,0.0,0.0,0.0,0.5087285041809082,16,8753,0.0,0.0,-0.0,148913,0.0,182.6020965576172,-0.8247970938682556,120.86907196044922,144.2556610107422,182.6020965576172,182.6020965576172,57,3.4037028641804437,1.0,0.26520357790746185,0.0,0.0,0.0,-0.7985079884529114,CityLearnV3MADRLRewardFunction,maac_unified_comparable_v4,E1,-0.0,1907,14.559669231172059,1.0,0.14298055138913637,0.0,8759
13,0.0,0.0,0.0,0.0,Building_13,12,MAAC,0.7900000214576721,True,0.0,0.0,0.0,0.5087285041809082,16,8753,0.0,0.0,-0.0,148913,0.0,2.789367437362671,-0.738693356513977,1.8463547229766846,2.2036004066467285,2.789367437362671,2.789367437362671,113,3.573895977661447,1.0,0.14214266216860408,0.0,0.0,0.0,-0.7985079884529114,CityLearnV3MADRLRewardFunction,maac_unified_comparable_v4,E1,-0.0,1907,14.559669231172059,1.0,0.14298055138913637,0.0,8759
6,0.0,0.0,0.0,0.0,Building_14,13,MAAC,0.7900000214576721,True,0.0,0.0,0.0,0.5087285041809082,16,8753,0.0,0.0,-0.0,148913,0.0,2.485826015472412,-0.7373701930046082,1.6454328298568726,1.9638025760650635,2.485826015472412,2.485826015472412,64,3.576803201510772,1.0,0.250876993406564,0.0,0.0,0.0,-0.7985079884529114,CityLearnV3MADRLRewardFunction,maac_unified_comparable_v4,E1,-0.0,1907,14.559669231172059,1.0,0.14298055138913637,0.0,8759
10,0.0,0.0,0.0,0.0,Building_15,14,MAAC,0.7900000214576721,True,0.0,0.0,0.0,0.5087285041809082,16,8753,0.0,0.0,-0.0,148913,0.0,20.5941162109375,-0.7957462072372437,13.631780624389648,16.269351959228516,20.5941162109375,20.5941162109375,92,3.531665351092377,1.0,0.1739960612486238,0.0,0.0,0.0,-0.7985079884529114,CityLearnV3MADRLRewardFunction,maac_unified_comparable_v4,E1,-0.0,1907,14.559669231172059,1.0,0.14298055138913637,0.0,8759
13,0.0,0.0,0.0,0.0,Building_16,15,MAAC,0.7900000214576721,True,0.0,0.0,0.0,0.5087285041809082,16,8753,0.0,0.0,-0.0,148913,0.0,103.13050842285156,-0.8258119225502014,68.26476287841797,81.47310638427734,103.13050842285156,103.13050842285156,113,3.4568188759645384,1.0,0.1393340583396169,0.0,0.0,0.0,-0.7985079884529114,CityLearnV3MADRLRewardFunction,maac_unified_comparable_v4,E1,-0.0,1907,14.559669231172059,1.0,0.14298055138913637,0.0,8759
13,0.0,0.0,0.0,0.0,Building_17,16,MAAC,0.7900000214576721,True,0.0,0.0,0.0,0.5087285041809082,16,8753,0.0,0.0,-0.0,148913,0.0,21.1981143951416,-0.8004834651947021,14.031582832336426,16.746511459350586,21.1981143951416,21.1981143951416,113,3.5294535722335425,1.0,0.14286521921115639,0.0,0.0,0.0,-0.7985079884529114,CityLearnV3MADRLRewardFunction,maac_unified_comparable_v4,E1,-0.0,1907,14.559669231172059,1.0,0.14298055138913637,0.0,8759
6,0.0,0.0,0.0,0.0,Building_1,0,MAAC,0.777534008026123,False,0.0,0.0,0.0,0.6865697503089905,17,0,0.0,0.0,-0.0,148920,-0.0,0.0,-0.6302980780601501,0.0,0.0,0.0,0.0,64,3.1571245174188842,1.0,0.24123849569878075,0.0,0.0,0.0,-0.571966826915741,CityLearnV3MADRLRewardFunction,maac_unified_comparable_v4,E1,-0.0,1907,14.177331393941062,1.0,0.15487113732924684,0.0,7
8,0.0,0.0,0.0,0.0,Building_2,1,MAAC,0.777534008026123,False,0.0,0.0,0.0,0.6865697503089905,17,0,0.0,0.0,-0.0,148920,-0.0,0.0,-0.5194965600967407,0.0,0.0,0.0,0.0,78,3.256850621098553,1.0,0.19783490238329157,0.0,0.0,0.0,-0.571966826915741,CityLearnV3MADRLRewardFunction,maac_unified_comparable_v4,E1,-0.0,1907,14.177331393941062,1.0,0.15487113732924684,0.0,7
10,0.0,0.0,0.0,0.0,Building_3,2,MAAC,0.777534008026123,False,0.0,0.0,0.0,0.6865697503089905,17,0,0.0,0.0,-0.0,148920,-0.0,0.0,-0.6249997019767761,0.0,0.0,0.0,0.0,92,3.870141695720532,1.0,0.23218447999502329,0.0,0.0,0.0,-0.571966826915741,CityLearnV3MADRLRewardFunction,maac_unified_comparable_v4,E1,-0.0,1907,14.177331393941062,1.0,0.15487113732924684,0.0,7
8,0.0,0.0,0.0,0.0,Building_4,3,MAAC,0.777534008026123,False,0.0,0.0,0.0,0.6865697503089905,17,0,0.0,0.0,-0.0,148920,-0.0,0.0,-0.5956857800483704,0.0,0.0,0.0,0.0,78,3.1574868435943984,1.0,0.19307532821758053,0.0,0.0,0.0,-0.571966826915741,CityLearnV3MADRLRewardFunction,maac_unified_comparable_v4,E1,-0.0,1907,14.177331393941062,1.0,0.15487113732924684,0.0,7
5,1.0,1.0,0.2,0.0,Building_5,4,MAAC,0.777534008026123,False,0.0,0.0,0.0,0.6865697503089905,17,0,0.0,0.0,-0.0,148920,-0.0,0.0,-0.6170209646224976,0.0,0.0,0.0,0.0,57,3.4945816434627015,1.0,0.3194445201865675,0.0,0.0,0.0,-0.571966826915741,CityLearnV3MADRLRewardFunction,maac_unified_comparable_v4,E1,-0.0,1907,14.177331393941062,1.0,0.15487113732924684,0.0,7
34,0.0,0.0,0.0,0.0,Building_6,5,MAAC,0.777534008026123,False,0.0,0.0,0.0,0.6865697503089905,17,0,0.0,0.0,-0.0,148920,-0.0,0.0,-0.6283026933670044,0.0,0.0,0.0,0.0,260,3.2006664651261367,1.0,0.058714180930445975,0.0,0.0,0.0,-0.571966826915741,CityLearnV3MADRLRewardFunction,maac_unified_comparable_v4,E1,-0.0,1907,14.177331393941062,1.0,0.15487113732924684,0.0,7
44,0.0,0.0,0.0,0.0,Building_7,6,MAAC,0.777534008026123,False,0.0,0.0,0.0,0.6865697503089905,17,0,0.0,0.0,-0.0,148920,-0.0,0.0,-0.5201073884963989,0.0,0.0,0.0,0.0,330,3.2356365162861622,1.0,0.04655267585238272,0.0,0.0,0.0,-0.571966826915741,CityLearnV3MADRLRewardFunction,maac_unified_comparable_v4,E1,-0.0,1907,14.177331393941062,1.0,0.15487113732924684,0.0,7
19,0.0,0.0,0.0,0.0,Building_8,7,MAAC,0.777534008026123,False,0.0,0.0,0.0,0.6865697503089905,17,0,0.0,0.0,-0.0,148920,-0.0,0.0,-0.5197381377220154,0.0,0.0,0.0,0.0,155,3.252203358543432,1.0,0.09947899806523515,0.0,0.0,0.0,-0.571966826915741,CityLearnV3MADRLRewardFunction,maac_unified_comparable_v4,E1,-0.0,1907,14.177331393941062,1.0,0.15487113732924684,0.0,7
12,0.0,0.0,0.0,0.0,Building_9,8,MAAC,0.777534008026123,False,0.0,0.0,0.0,0.6865697503089905,17,0,0.0,0.0,-0.0,148920,-0.0,0.0,-0.5352137684822083,0.0,0.0,0.0,0.0,106,3.2557599340213033,1.0,0.14857677835092511,0.0,0.0,0.0,-0.571966826915741,CityLearnV3MADRLRewardFunction,maac_unified_comparable_v4,E1,-0.0,1907,14.177331393941062,1.0,0.15487113732924684,0.0,7
8,0.0,0.0,0.0,0.0,Building_10,9,MAAC,0.777534008026123,False,0.0,0.0,0.0,0.6865697503089905,17,0,0.0,0.0,-0.0,148920,-0.0,0.0,-0.5465413928031921,0.0,0.0,0.0,0.0,78,3.206999011718306,1.0,0.19554273058206606,0.0,0.0,0.0,-0.571966826915741,CityLearnV3MADRLRewardFunction,maac_unified_comparable_v4,E1,-0.0,1907,14.177331393941062,1.0,0.15487113732924684,0.0,7
5,0.0,0.0,0.0,0.0,Building_11,10,MAAC,0.777534008026123,False,0.0,0.0,0.0,0.6865697503089905,17,0,0.0,0.0,-0.0,148920,-0.0,0.0,-0.6093782186508179,0.0,0.0,0.0,0.0,57,3.8491545618516017,1.0,0.3763767265338908,0.0,0.0,0.0,-0.571966826915741,CityLearnV3MADRLRewardFunction,maac_unified_comparable_v4,E1,-0.0,1907,14.177331393941062,1.0,0.15487113732924684,0.0,7
5,0.0,0.0,0.0,0.0,Building_12,11,MAAC,0.777534008026123,False,0.0,0.0,0.0,0.6865697503089905,17,0,0.0,0.0,-0.0,148920,-0.0,0.0,-0.6176670789718628,0.0,0.0,0.0,0.0,57,4.1149630709295755,1.0,0.4268973784913358,0.0,0.0,0.0,-0.571966826915741,CityLearnV3MADRLRewardFunction,maac_unified_comparable_v4,E1,-0.0,1907,14.177331393941062,1.0,0.15487113732924684,0.0,7
13,1.0,1.0,0.07692307692307693,0.0,Building_13,12,MAAC,0.777534008026123,False,0.0,0.0,0.0,0.6865697503089905,17,0,0.0,0.0,-0.0,148920,-0.0,0.0,-0.5198299884796143,0.0,0.0,0.0,0.0,113,3.240193652815055,1.0,0.1360536604806517,0.0,0.0,0.0,-0.571966826915741,CityLearnV3MADRLRewardFunction,maac_unified_comparable_v4,E1,-0.0,1907,14.177331393941062,1.0,0.15487113732924684,0.0,7
6,0.0,0.0,0.0,0.0,Building_14,13,MAAC,0.777534008026123,False,0.0,0.0,0.0,0.6865697503089905,17,0,0.0,0.0,-0.0,148920,-0.0,0.0,-0.5237417221069336,0.0,0.0,0.0,0.0,64,4.168493672942692,1.0,0.39064302180486266,0.0,0.0,0.0,-0.571966826915741,CityLearnV3MADRLRewardFunction,maac_unified_comparable_v4,E1,-0.0,1907,14.177331393941062,1.0,0.15487113732924684,0.0,7
10,1.0,1.0,0.1,0.0,Building_15,14,MAAC,0.777534008026123,False,0.0,0.0,0.0,0.6865697503089905,17,0,0.0,0.0,-0.0,148920,-0.0,0.0,-0.5248503088951111,0.0,0.0,0.0,0.0,92,3.2550253491598293,1.0,0.16819223859752325,0.0,0.0,0.0,-0.571966826915741,CityLearnV3MADRLRewardFunction,maac_unified_comparable_v4,E1,-0.0,1907,14.177331393941062,1.0,0.15487113732924684,0.0,7
13,0.0,0.0,0.0,0.0,Building_16,15,MAAC,0.777534008026123,False,0.0,0.0,0.0,0.6865697503089905,17,0,0.0,0.0,-0.0,148920,-0.0,0.0,-0.5952281355857849,0.0,0.0,0.0,0.0,113,3.179612367084101,1.0,0.13414219490755186,0.0,0.0,0.0,-0.571966826915741,CityLearnV3MADRLRewardFunction,maac_unified_comparable_v4,E1,-0.0,1907,14.177331393941062,1.0,0.15487113732924684,0.0,7
13,0.0,0.0,0.0,0.0,Building_17,16,MAAC,0.777534008026123,False,0.0,0.0,0.0,0.6865697503089905,17,0,0.0,0.0,-0.0,148920,-0.0,0.0,-0.5953365564346313,0.0,0.0,0.0,0.0,113,3.279925419416836,1.0,0.14156908061421286,0.0,0.0,0.0,-0.571966826915741,CityLearnV3MADRLRewardFunction,maac_unified_comparable_v4,E1,-0.0,1907,14.177331393941062,1.0,0.15487113732924684,0.0,7
6,0.0,0.0,0.0,0.0,Building_1,0,MAAC,0.7900000214576721,True,0.0,0.0,0.0,0.32958081364631653,17,8752,0.0,0.0,-0.0,157672,0.0,391.586669921875,-0.7936252951622009,179.1614532470703,309.3534851074219,391.586669921875,391.586669921875,64,3.287267989044803,1.0,0.21873767743818462,0.0,0.0,0.0,-0.745917797088623,CityLearnV3MADRLRewardFunction,maac_unified_comparable_v4,E1,-0.0,1907,13.989545448420083,1.0,0.1304581418953832,0.0,8759
8,0.0,0.0,0.0,0.0,Building_2,1,MAAC,0.7900000214576721,True,0.0,0.0,0.0,0.32958081364631653,17,8752,0.0,0.0,-0.0,157672,0.0,0.1848604530096054,-0.6886388063430786,0.08457864075899124,0.14603976905345917,0.1848604530096054,0.1848604530096054,78,3.436591624753301,1.0,0.18822580423110571,0.0,0.0,0.0,-0.745917797088623,CityLearnV3MADRLRewardFunction,maac_unified_comparable_v4,E1,-0.0,1907,13.989545448420083,1.0,0.1304581418953832,0.0,8759
10,0.0,0.0,0.0,0.0,Building_3,2,MAAC,0.7900000214576721,True,0.0,0.0,0.0,0.32958081364631653,17,8752,0.0,0.0,-0.0,157672,0.0,39.0087890625,-0.7754506468772888,17.847572326660156,30.816944122314453,39.0087890625,39.0087890625,92,3.25758581424625,1.0,0.14939380291363466,0.0,0.0,0.0,-0.745917797088623,CityLearnV3MADRLRewardFunction,maac_unified_comparable_v4,E1,-0.0,1907,13.989545448420083,1.0,0.1304581418953832,0.0,8759
8,0.0,0.0,0.0,0.0,Building_4,3,MAAC,0.7900000214576721,True,0.0,0.0,0.0,0.32958081364631653,17,8752,0.0,0.0,-0.0,157672,0.0,36.67196273803711,-0.7746169567108154,16.778411865234375,28.97085189819336,36.67196273803711,36.67196273803711,78,3.2610123182386967,1.0,0.1766439043940642,0.0,0.0,0.0,-0.745917797088623,CityLearnV3MADRLRewardFunction,maac_unified_comparable_v4,E1,-0.0,1907,13.989545448420083,1.0,0.1304581418953832,0.0,8759
5,0.0,0.0,0.0,0.0,Building_5,4,MAAC,0.7900000214576721,True,0.0,0.0,0.0,0.32958081364631653,17,8752,0.0,0.0,-0.0,157672,0.0,54.225337982177734,-0.8223989009857178,24.809553146362305,42.838016510009766,54.225337982177734,54.225337982177734,57,3.5394936059297923,1.0,0.2905770584679486,0.0,0.0,0.0,-0.745917797088623,CityLearnV3MADRLRewardFunction,maac_unified_comparable_v4,E1,-0.0,1907,13.989545448420083,1.0,0.1304581418953832,0.0,8759
34,0.0,0.0,0.0,0.0,Building_6,5,MAAC,0.7900000214576721,True,0.0,0.0,0.0,0.32958081364631653,17,8752,0.0,0.0,-0.0,157672,0.0,348.8946838378906,-0.7925730347633362,159.62872314453125,275.6268005371094,348.8946838378906,348.8946838378906,260,3.2489122814155107,1.0,0.05266099302814557,0.0,0.0,0.0,-0.745917797088623,CityLearnV3MADRLRewardFunction,maac_unified_comparable_v4,E1,-0.0,1907,13.989545448420083,1.0,0.1304581418953832,0.0,8759
44,1.0,1.0,0.022727272727272728,0.0,Building_7,6,MAAC,0.7900000214576721,True,0.0,0.0,0.0,0.32958081364631653,17,8752,0.0,0.0,-0.0,157672,0.0,2.9800853729248047,-0.7011260390281677,1.3634693622589111,2.3542675971984863,2.9800853729248047,2.9800853729248047,330,3.4753330957399418,1.0,0.04514376807845,0.0,0.0,0.0,-0.745917797088623,CityLearnV3MADRLRewardFunction,maac_unified_comparable_v4,E1,-0.0,1907,13.989545448420083,1.0,0.1304581418953832,0.0,8759
19,0.0,0.0,0.0,0.0,Building_8,7,MAAC,0.7900000214576721,True,0.0,0.0,0.0,0.32958081364631653,17,8752,0.0,0.0,-0.0,157672,0.0,6.19936990737915,-0.71495521068573,2.836378812789917,4.897502422332764,6.19936990737915,6.19936990737915,155,3.5102078821046137,1.0,0.09862738232458791,0.0,0.0,0.0,-0.745917797088623,CityLearnV3MADRLRewardFunction,maac_unified_comparable_v4,E1,-0.0,1907,13.989545448420083,1.0,0.1304581418953832,0.0,8759
12,0.0,0.0,0.0,0.0,Building_9,8,MAAC,0.7900000214576721,True,0.0,0.0,0.0,0.32958081364631653,17,8752,0.0,0.0,-0.0,157672,0.0,2.1350696086883545,-0.6799395084381104,0.9768518805503845,1.6867049932479858,2.1350696086883545,2.1350696086883545,106,3.663591445046016,1.0,0.15911033609003392,0.0,0.0,0.0,-0.745917797088623,CityLearnV3MADRLRewardFunction,maac_unified_comparable_v4,E1,-0.0,1907,13.989545448420083,1.0,0.1304581418953832,0.0,8759
8,1.0,1.0,0.125,0.0,Building_10,9,MAAC,0.7900000214576721,True,0.0,0.0,0.0,0.32958081364631653,17,8752,0.0,0.0,-0.0,157672,0.0,16.451881408691406,-0.7481822967529297,7.52717924118042,12.996986389160156,16.451881408691406,16.451881408691406,78,3.3457385513951157,1.0,0.1831983911494414,0.0,0.0,0.0,-0.745917797088623,CityLearnV3MADRLRewardFunction,maac_unified_comparable_v4,E1,-0.0,1907,13.989545448420083,1.0,0.1304581418953832,0.0,8759
5,0.0,0.0,0.0,0.0,Building_11,10,MAAC,0.7900000214576721,True,0.0,0.0,0.0,0.32958081364631653,17,8752,0.0,0.0,-0.0,157672,0.0,66.45198059082031,-0.7809392809867859,30.40357208251953,52.497066497802734,66.45198059082031,66.45198059082031,57,3.3304674548362376,1.0,0.24611202065359084,0.0,0.0,0.0,-0.745917797088623,CityLearnV3MADRLRewardFunction,maac_unified_comparable_v4,E1,-0.0,1907,13.989545448420083,1.0,0.1304581418953832,0.0,8759
5,0.0,0.0,0.0,0.0,Building_12,11,MAAC,0.7900000214576721,True,0.0,0.0,0.0,0.32958081364631653,17,8752,0.0,0.0,-0.0,157672,0.0,155.388671875,-0.7859504818916321,71.0945053100586,122.7570571899414,155.388671875,155.388671875,57,3.292606223609484,1.0,0.2468292028234716,0.0,0.0,0.0,-0.745917797088623,CityLearnV3MADRLRewardFunction,maac_unified_comparable_v4,E1,-0.0,1907,13.989545448420083,1.0,0.1304581418953832,0.0,8759
13,0.0,0.0,0.0,0.0,Building_13,12,MAAC,0.7900000214576721,True,0.0,0.0,0.0,0.32958081364631653,17,8752,0.0,0.0,-0.0,157672,0.0,0.1047736182808876,-0.688292920589447,0.04793675243854523,0.08277115970849991,0.1047736182808876,0.1047736182808876,113,3.4954711289145277,1.0,0.13207609147097157,0.0,0.0,0.0,-0.745917797088623,CityLearnV3MADRLRewardFunction,maac_unified_comparable_v4,E1,-0.0,1907,13.989545448420083,1.0,0.1304581418953832,0.0,8759
6,0.0,0.0,0.0,0.0,Building_14,13,MAAC,0.7900000214576721,True,0.0,0.0,0.0,0.32958081364631653,17,8752,0.0,0.0,-0.0,157672,0.0,1.3521205186843872,-0.6937962770462036,0.6186316013336182,1.068175196647644,1.3521205186843872,1.3521205186843872,64,3.4164447065323627,1.0,0.22810623049736023,0.0,0.0,0.0,-0.745917797088623,CityLearnV3MADRLRewardFunction,maac_unified_comparable_v4,E1,-0.0,1907,13.989545448420083,1.0,0.1304581418953832,0.0,8759
10,0.0,0.0,0.0,0.0,Building_15,14,MAAC,0.7900000214576721,True,0.0,0.0,0.0,0.32958081364631653,17,8752,0.0,0.0,-0.0,157672,0.0,15.147623062133789,-0.7445076107978821,6.930445671081543,11.966622352600098,15.147623062133789,15.147623062133789,92,3.4129177387325957,1.0,0.1607088287887366,0.0,0.0,0.0,-0.745917797088623,CityLearnV3MADRLRewardFunction,maac_unified_comparable_v4,E1,-0.0,1907,13.989545448420083,1.0,0.1304581418953832,0.0,8759
13,0.0,0.0,0.0,0.0,Building_16,15,MAAC,0.7900000214576721,True,0.0,0.0,0.0,0.32958081364631653,17,8752,0.0,0.0,-0.0,157672,0.0,11.957420349121094,-0.734851598739624,5.470841884613037,9.446362495422363,11.957420349121094,11.957420349121094,113,3.3322637443873226,1.0,0.12493017157622144,0.0,0.0,0.0,-0.745917797088623,CityLearnV3MADRLRewardFunction,maac_unified_comparable_v4,E1,-0.0,1907,13.989545448420083,1.0,0.1304581418953832,0.0,8759
13,0.0,0.0,0.0,0.0,Building_17,16,MAAC,0.7900000214576721,True,0.0,0.0,0.0,0.32958081364631653,17,8752,0.0,0.0,-0.0,157672,0.0,23.087642669677734,-0.7607576847076416,10.56321907043457,18.239238739013672,23.087642669677734,23.087642669677734,113,3.342235315975953,1.0,0.12798602879047394,0.0,0.0,0.0,-0.745917797088623,CityLearnV3MADRLRewardFunction,maac_unified_comparable_v4,E1,-0.0,1907,13.989545448420083,1.0,0.1304581418953832,0.0,8759
6,0.0,0.0,0.0,0.0,Building_1,0,MAAC,0.7393829822540283,False,0.0,0.0,0.0,0.6440863609313965,18,0,0.0,0.0,-0.0,157680,-0.0,0.0,-0.8182997107505798,0.0,0.0,0.0,0.0,64,3.3277154156456077,0.9330127239227295,0.2694150237366557,0.0,0.0,0.0,-0.781586766242981,CityLearnV3MADRLRewardFunction,maac_unified_comparable_v4,E1,-0.0,1907,14.868284082680068,1.0,0.17302353124758868,0.0,8
8,0.0,0.0,0.0,0.0,Building_2,1,MAAC,0.7393829822540283,False,0.0,0.0,0.0,0.6440863609313965,18,0,0.0,0.0,-0.0,157680,-0.0,0.0,-0.725641667842865,0.0,0.0,0.0,0.0,78,3.3538505823881795,0.9676530361175537,0.21710276360122058,0.0,0.0,0.0,-0.781586766242981,CityLearnV3MADRLRewardFunction,maac_unified_comparable_v4,E1,-0.0,1907,14.868284082680068,1.0,0.17302353124758868,0.0,8
10,0.0,0.0,0.0,0.0,Building_3,2,MAAC,0.7393829822540283,False,0.0,0.0,0.0,0.6440863609313965,18,0,0.0,0.0,-0.0,157680,-0.0,0.0,-0.8329076170921326,0.0,0.0,0.0,0.0,92,4.375210935014023,1.0,0.2977493534107571,0.0,0.0,0.0,-0.781586766242981,CityLearnV3MADRLRewardFunction,maac_unified_comparable_v4,E1,-0.0,1907,14.868284082680068,1.0,0.17302353124758868,0.0,8
8,0.0,0.0,0.0,0.0,Building_4,3,MAAC,0.7393829822540283,False,0.0,0.0,0.0,0.6440863609313965,18,0,0.0,0.0,-0.0,157680,-0.0,0.0,-0.7976188659667969,0.0,0.0,0.0,0.0,78,3.3430550515706763,0.9330127239227295,0.21785497951966065,0.0,0.0,0.0,-0.781586766242981,CityLearnV3MADRLRewardFunction,maac_unified_comparable_v4,E1,-0.0,1907,14.868284082680068,1.0,0.17302353124758868,0.0,8
5,0.0,0.0,0.0,0.0,Building_5,4,MAAC,0.7393829822540283,False,0.0,0.0,0.0,0.6440863609313965,18,0,0.0,0.0,-0.0,157680,-0.0,0.0,-0.8022016882896423,0.0,0.0,0.0,0.0,57,3.6876360533675383,1.0,0.35533325936187776,0.0,0.0,0.0,-0.781586766242981,CityLearnV3MADRLRewardFunction,maac_unified_comparable_v4,E1,-0.0,1907,14.868284082680068,1.0,0.17302353124758868,0.0,8
34,1.0,1.0,0.029411764705882353,0.0,Building_6,5,MAAC,0.7393829822540283,False,0.0,0.0,0.0,0.6440863609313965,18,0,0.0,0.0,-0.0,157680,-0.0,0.0,-0.8180091977119446,0.0,0.0,0.0,0.0,260,3.336042601581235,0.9330127239227295,0.0659295251736274,0.0,0.0,0.0,-0.781586766242981,CityLearnV3MADRLRewardFunction,maac_unified_comparable_v4,E1,-0.0,1907,14.868284082680068,1.0,0.17302353124758868,0.0,8
44,1.0,1.0,0.022727272727272728,0.0,Building_7,6,MAAC,0.7393829822540283,False,0.0,0.0,0.0,0.6440863609313965,18,0,0.0,0.0,-0.0,157680,-0.0,0.0,-0.762359619140625,0.0,0.0,0.0,0.0,330,3.3327790675911837,0.9330127239227295,0.05098530293414087,0.0,0.0,0.0,-0.781586766242981,CityLearnV3MADRLRewardFunction,maac_unified_comparable_v4,E1,-0.0,1907,14.868284082680068,1.0,0.17302353124758868,0.0,8
19,0.0,0.0,0.0,0.0,Building_8,7,MAAC,0.7393829822540283,False,0.0,0.0,0.0,0.6440863609313965,18,0,0.0,0.0,-0.0,157680,-0.0,0.0,-0.7611685991287231,0.0,0.0,0.0,0.0,155,3.3471167499969767,0.9497137069702148,0.10886759748381954,0.0,0.0,0.0,-0.781586766242981,CityLearnV3MADRLRewardFunction,maac_unified_comparable_v4,E1,-0.0,1907,14.868284082680068,1.0,0.17302353124758868,0.0,8
12,0.0,0.0,0.0,0.0,Building_9,8,MAAC,0.7393829822540283,False,0.0,0.0,0.0,0.6440863609313965,18,0,0.0,0.0,-0.0,157680,-0.0,0.0,-0.7306650280952454,0.0,0.0,0.0,0.0,106,3.4832720905884624,0.978480339050293,0.1700635607934223,0.0,0.0,0.0,-0.781586766242981,CityLearnV3MADRLRewardFunction,maac_unified_comparable_v4,E1,-0.0,1907,14.868284082680068,1.0,0.17302353124758868,0.0,8
8,1.0,1.0,0.125,0.0,Building_10,9,MAAC,0.7393829822540283,False,0.0,0.0,0.0,0.6440863609313965,18,0,0.0,0.0,-0.0,157680,-0.0,0.0,-0.8097089529037476,0.0,0.0,0.0,0.0,78,3.3273198214131563,0.9330127239227295,0.22052722500684935,0.0,0.0,0.0,-0.781586766242981,CityLearnV3MADRLRewardFunction,maac_unified_comparable_v4,E1,-0.0,1907,14.868284082680068,1.0,0.17302353124758868,0.0,8
5,0.0,0.0,0.0,0.0,Building_11,10,MAAC,0.7393829822540283,False,0.0,0.0,0.0,0.6440863609313965,18,0,0.0,0.0,-0.0,157680,-0.0,0.0,-0.7955569624900818,0.0,0.0,0.0,0.0,57,3.9943573101326373,1.0,0.4107652905217388,0.0,0.0,0.0,-0.781586766242981,CityLearnV3MADRLRewardFunction,maac_unified_comparable_v4,E1,-0.0,1907,14.868284082680068,1.0,0.17302353124758868,0.0,8
5,0.0,0.0,0.0,0.0,Building_12,11,MAAC,0.7393829822540283,False,0.0,0.0,0.0,0.6440863609313965,18,0,0.0,0.0,-0.0,157680,-0.0,0.0,-0.7945865392684937,0.0,0.0,0.0,0.0,57,4.244135037456986,1.0,0.4577028699088515,0.0,0.0,0.0,-0.781586766242981,CityLearnV3MADRLRewardFunction,maac_unified_comparable_v4,E1,-0.0,1907,14.868284082680068,1.0,0.17302353124758868,0.0,8
13,0.0,0.0,0.0,0.0,Building_13,12,MAAC,0.7393829822540283,False,0.0,0.0,0.0,0.6440863609313965,18,0,0.0,0.0,-0.0,157680,-0.0,0.0,-0.7403464317321777,0.0,0.0,0.0,0.0,113,3.362546286163483,0.9330127239227295,0.15256345759978338,0.0,0.0,0.0,-0.781586766242981,CityLearnV3MADRLRewardFunction,maac_unified_comparable_v4,E1,-0.0,1907,14.868284082680068,1.0,0.17302353124758868,0.0,8
6,1.0,1.0,0.16666666666666666,0.0,Building_14,13,MAAC,0.7393829822540283,False,0.0,0.0,0.0,0.6440863609313965,18,0,0.0,0.0,-0.0,157680,-0.0,0.0,-0.727907121181488,0.0,0.0,0.0,0.0,64,4.342049644311784,1.0,0.41804478177800775,0.0,0.0,0.0,-0.781586766242981,CityLearnV3MADRLRewardFunction,maac_unified_comparable_v4,E1,-0.0,1907,14.868284082680068,1.0,0.17302353124758868,0.0,8
10,0.0,0.0,0.0,0.0,Building_15,14,MAAC,0.7393829822540283,False,0.0,0.0,0.0,0.6440863609313965,18,0,0.0,0.0,-0.0,157680,-0.0,0.0,-0.773098886013031,0.0,0.0,0.0,0.0,92,3.3553412955753386,0.9581499099731445,0.18563175428172815,0.0,0.0,0.0,-0.781586766242981,CityLearnV3MADRLRewardFunction,maac_unified_comparable_v4,E1,-0.0,1907,14.868284082680068,1.0,0.17302353124758868,0.0,8
13,0.0,0.0,0.0,0.0,Building_16,15,MAAC,0.7393829822540283,False,0.0,0.0,0.0,0.6440863609313965,18,0,0.0,0.0,-0.0,157680,-0.0,0.0,-0.8026559948921204,0.0,0.0,0.0,0.0,113,3.298551236262947,0.9330127239227295,0.14716298390278773,0.0,0.0,0.0,-0.781586766242981,CityLearnV3MADRLRewardFunction,maac_unified_comparable_v4,E1,-0.0,1907,14.868284082680068,1.0,0.17302353124758868,0.0,8
13,0.0,0.0,0.0,0.0,Building_17,16,MAAC,0.7393829822540283,False,0.0,0.0,0.0,0.6440863609313965,18,0,0.0,0.0,-0.0,157680,-0.0,0.0,-0.7942419648170471,0.0,0.0,0.0,0.0,113,3.451992336810206,0.9330127239227295,0.15810395335465405,0.0,0.0,0.0,-0.781586766242981,CityLearnV3MADRLRewardFunction,maac_unified_comparable_v4,E1,-0.0,1907,14.868284082680068,1.0,0.17302353124758868,0.0,8
6,0.0,0.0,0.0,0.0,Building_1,0,MAAC,0.7900000214576721,True,0.0,0.0,0.0,0.28695225715637207,18,8751,0.0,0.0,-0.0,166431,0.0,433.45458984375,-0.830987811088562,172.66647338867188,342.42913818359375,433.45458984375,433.45458984375,64,3.1783989589966137,1.0,0.20819494465831667,0.0,0.0,0.0,-0.795752763748169,CityLearnV3MADRLRewardFunction,maac_unified_comparable_v4,E1,-0.0,1907,13.663474145290753,1.0,0.12508608000553212,0.0,8759
8,0.0,0.0,0.0,0.0,Building_2,1,MAAC,0.7900000214576721,True,0.0,0.0,0.0,0.28695225715637207,18,8751,0.0,0.0,-0.0,166431,0.0,15.16435432434082,-0.7797760367393494,6.040714740753174,11.979840278625488,15.16435432434082,15.16435432434082,78,3.299869484336913,1.0,0.17817368539862144,0.0,0.0,0.0,-0.795752763748169,CityLearnV3MADRLRewardFunction,maac_unified_comparable_v4,E1,-0.0,1907,13.663474145290753,1.0,0.12508608000553212,0.0,8759
10,1.0,0.0,-0.1,-1.0,Building_3,2,MAAC,0.7900000214576721,True,0.0,0.0,0.0,0.28695225715637207,18,8751,0.0,0.0,-0.0,166431,0.0,94.53981018066406,-0.8191475868225098,37.65989685058594,74.68645477294922,94.53981018066406,94.53981018066406,92,3.1959190941430617,1.0,0.14368465000196642,0.0,0.0,0.0,-0.795752763748169,CityLearnV3MADRLRewardFunction,maac_unified_comparable_v4,E1,-0.0,1907,13.663474145290753,1.0,0.12508608000553212,0.0,8759
8,0.0,0.0,0.0,0.0,Building_4,3,MAAC,0.7900000214576721,True,0.0,0.0,0.0,0.28695225715637207,18,8751,0.0,0.0,-0.0,166431,0.0,31.04317283630371,-0.8066577315330505,12.366035461425781,24.524106979370117,31.04317283630371,31.04317283630371,78,3.18503157395298,1.0,0.16917358386592987,0.0,0.0,0.0,-0.795752763748169,CityLearnV3MADRLRewardFunction,maac_unified_comparable_v4,E1,-0.0,1907,13.663474145290753,1.0,0.12508608000553212,0.0,8759
5,0.0,0.0,0.0,0.0,Building_5,4,MAAC,0.7900000214576721,True,0.0,0.0,0.0,0.28695225715637207,18,8751,0.0,0.0,-0.0,166431,0.0,38.538970947265625,-0.8531255722045898,15.351984024047852,30.44578742980957,38.538970947265625,38.538970947265625,57,3.504817806809853,1.0,0.2834143509206019,0.0,0.0,0.0,-0.795752763748169,CityLearnV3MADRLRewardFunction,maac_unified_comparable_v4,E1,-0.0,1907,13.663474145290753,1.0,0.12508608000553212,0.0,8759
34,0.0,0.0,0.0,0.0,Building_6,5,MAAC,0.7900000214576721,True,0.0,0.0,0.0,0.28695225715637207,18,8751,0.0,0.0,-0.0,166431,0.0,362.8901062011719,-0.8294181227684021,144.55712890625,286.6831970214844,362.8901062011719,362.8901062011719,260,3.175683794115888,1.0,0.050488479464099956,0.0,0.0,0.0,-0.795752763748169,CityLearnV3MADRLRewardFunction,maac_unified_comparable_v4,E1,-0.0,1907,13.663474145290753,1.0,0.12508608000553212,0.0,8759
44,0.0,0.0,0.0,0.0,Building_7,6,MAAC,0.7900000214576721,True,0.0,0.0,0.0,0.28695225715637207,18,8751,0.0,0.0,-0.0,166431,0.0,12.664111137390137,-0.7744042873382568,5.044743537902832,10.004648208618164,12.664111137390137,12.664111137390137,330,3.3409155750773967,1.0,0.04284570379690691,0.0,0.0,0.0,-0.795752763748169,CityLearnV3MADRLRewardFunction,maac_unified_comparable_v4,E1,-0.0,1907,13.663474145290753,1.0,0.12508608000553212,0.0,8759
19,0.0,0.0,0.0,0.0,Building_8,7,MAAC,0.7900000214576721,True,0.0,0.0,0.0,0.28695225715637207,18,8751,0.0,0.0,-0.0,166431,0.0,12.065996170043945,-0.7707251906394958,4.806484699249268,9.532136917114258,12.065996170043945,12.065996170043945,155,3.3189091668647874,1.0,0.09067468426881298,0.0,0.0,0.0,-0.795752763748169,CityLearnV3MADRLRewardFunction,maac_unified_comparable_v4,E1,-0.0,1907,13.663474145290753,1.0,0.12508608000553212,0.0,8759
12,1.0,1.0,0.08333333333333333,0.0,Building_9,8,MAAC,0.7900000214576721,True,0.0,0.0,0.0,0.28695225715637207,18,8751,0.0,0.0,-0.0,166431,0.0,2.290161371231079,-0.7170534729957581,0.9122849106788635,1.8092275857925415,2.290161371231079,2.290161371231079,106,3.647702765970643,1.0,0.15564473978472207,0.0,0.0,0.0,-0.795752763748169,CityLearnV3MADRLRewardFunction,maac_unified_comparable_v4,E1,-0.0,1907,13.663474145290753,1.0,0.12508608000553212,0.0,8759
8,0.0,0.0,0.0,0.0,Building_10,9,MAAC,0.7900000214576721,True,0.0,0.0,0.0,0.28695225715637207,18,8751,0.0,0.0,-0.0,166431,0.0,51.649574279785156,-0.8224550485610962,20.574588775634766,40.803165435791016,51.649574279785156,51.649574279785156,78,3.3200803088571536,1.0,0.18071263789748535,0.0,0.0,0.0,-0.795752763748169,CityLearnV3MADRLRewardFunction,maac_unified_comparable_v4,E1,-0.0,1907,13.663474145290753,1.0,0.12508608000553212,0.0,8759
5,0.0,0.0,0.0,0.0,Building_11,10,MAAC,0.7900000214576721,True,0.0,0.0,0.0,0.28695225715637207,18,8751,0.0,0.0,-0.0,166431,0.0,71.54803466796875,-0.8177990913391113,28.501131057739258,56.52294921875,71.54803466796875,71.54803466796875,57,3.2441303880474406,1.0,0.2358745903168854,0.0,0.0,0.0,-0.795752763748169,CityLearnV3MADRLRewardFunction,maac_unified_comparable_v4,E1,-0.0,1907,13.663474145290753,1.0,0.12508608000553212,0.0,8759
5,1.0,1.0,0.2,0.0,Building_12,11,MAAC,0.7900000214576721,True,0.0,0.0,0.0,0.28695225715637207,18,8751,0.0,0.0,-0.0,166431,0.0,215.11593627929688,-0.835108757019043,85.69135284423828,169.94158935546875,215.11593627929688,215.11593627929688,57,3.356966535823015,1.0,0.25096319106064346,0.0,0.0,0.0,-0.795752763748169,CityLearnV3MADRLRewardFunction,maac_unified_comparable_v4,E1,-0.0,1907,13.663474145290753,1.0,0.12508608000553212,0.0,8759
13,0.0,0.0,0.0,0.0,Building_13,12,MAAC,0.7900000214576721,True,0.0,0.0,0.0,0.28695225715637207,18,8751,0.0,0.0,-0.0,166431,0.0,2.033022403717041,-0.7333128452301025,0.8098536729812622,1.6060876846313477,2.033022403717041,2.033022403717041,113,3.4036859064648275,1.0,0.12622959628305605,0.0,0.0,0.0,-0.795752763748169,CityLearnV3MADRLRewardFunction,maac_unified_comparable_v4,E1,-0.0,1907,13.663474145290753,1.0,0.12508608000553212,0.0,8759
6,0.0,0.0,0.0,0.0,Building_14,13,MAAC,0.7900000214576721,True,0.0,0.0,0.0,0.28695225715637207,18,8751,0.0,0.0,-0.0,166431,0.0,2.6149511337280273,-0.7358644604682922,1.041664719581604,2.0658113956451416,2.6149511337280273,2.6149511337280273,64,3.3792557412645956,1.0,0.22114626632537693,0.0,0.0,0.0,-0.795752763748169,CityLearnV3MADRLRewardFunction,maac_unified_comparable_v4,E1,-0.0,1907,13.663474145290753,1.0,0.12508608000553212,0.0,8759
10,0.0,0.0,0.0,0.0,Building_15,14,MAAC,0.7900000214576721,True,0.0,0.0,0.0,0.28695225715637207,18,8751,0.0,0.0,-0.0,166431,0.0,19.521480560302734,-0.7900985479354858,7.776374340057373,15.42197036743164,19.521480560302734,19.521480560302734,92,3.3265632700973287,1.0,0.15312790004131588,0.0,0.0,0.0,-0.795752763748169,CityLearnV3MADRLRewardFunction,maac_unified_comparable_v4,E1,-0.0,1907,13.663474145290753,1.0,0.12508608000553212,0.0,8759
13,0.0,0.0,0.0,0.0,Building_16,15,MAAC,0.7900000214576721,True,0.0,0.0,0.0,0.28695225715637207,18,8751,0.0,0.0,-0.0,166431,0.0,54.89390563964844,-0.8162374496459961,21.866966247558594,43.366188049316406,54.89390563964844,54.89390563964844,113,3.215135454165819,1.0,0.1178944590872368,0.0,0.0,0.0,-0.795752763748169,CityLearnV3MADRLRewardFunction,maac_unified_comparable_v4,E1,-0.0,1907,13.663474145290753,1.0,0.12508608000553212,0.0,8759
13,0.0,0.0,0.0,0.0,Building_17,16,MAAC,0.7900000214576721,True,0.0,0.0,0.0,0.28695225715637207,18,8751,0.0,0.0,-0.0,166431,0.0,22.46647071838379,-0.7956250309944153,8.949509620666504,17.748512268066406,22.46647071838379,22.46647071838379,113,3.203967931463724,1.0,0.11731411074906324,0.0,0.0,0.0,-0.795752763748169,CityLearnV3MADRLRewardFunction,maac_unified_comparable_v4,E1,-0.0,1907,13.663474145290753,1.0,0.12508608000553212,0.0,8759
6,1.0,1.0,0.16666666666666666,0.0,Building_1,0,MAAC,0.7400429844856262,False,0.0,0.0,0.0,0.5558767318725586,19,0,0.0,0.0,-0.0,166440,-0.0,0.0,-0.8629701733589172,0.0,0.0,0.0,0.0,64,3.2037951561871743,1.0,0.24625821865629405,0.0,0.0,0.0,-0.8347775936126709,CityLearnV3MADRLRewardFunction,maac_unified_comparable_v4,E1,-0.0,1907,14.517270398776219,1.0,0.16224558814758397,0.0,9
8,0.0,0.0,0.0,0.0,Building_2,1,MAAC,0.7400429844856262,False,0.0,0.0,0.0,0.5558767318725586,19,0,0.0,0.0,-0.0,166440,-0.0,0.0,-0.8239456415176392,0.0,0.0,0.0,0.0,78,3.174636435066318,1.0,0.1922311102732634,0.0,0.0,0.0,-0.8347775936126709,CityLearnV3MADRLRewardFunction,maac_unified_comparable_v4,E1,-0.0,1907,14.517270398776219,1.0,0.16224558814758397,0.0,9
10,0.0,0.0,0.0,0.0,Building_3,2,MAAC,0.7400429844856262,False,0.0,0.0,0.0,0.5558767318725586,19,0,0.0,0.0,-0.0,166440,-0.0,0.0,-0.8415966033935547,0.0,0.0,0.0,0.0,92,4.473377537298827,1.0,0.3038946923840305,0.0,0.0,0.0,-0.8347775936126709,CityLearnV3MADRLRewardFunction,maac_unified_comparable_v4,E1,-0.0,1907,14.517270398776219,1.0,0.16224558814758397,0.0,9
8,0.0,0.0,0.0,0.0,Building_4,3,MAAC,0.7400429844856262,False,0.0,0.0,0.0,0.5558767318725586,19,0,0.0,0.0,-0.0,166440,-0.0,0.0,-0.8497252464294434,0.0,0.0,0.0,0.0,78,3.2411617755335396,1.0,0.2058493602925386,0.0,0.0,0.0,-0.8347775936126709,CityLearnV3MADRLRewardFunction,maac_unified_comparable_v4,E1,-0.0,1907,14.517270398776219,1.0,0.16224558814758397,0.0,9
5,0.0,0.0,0.0,0.0,Building_5,4,MAAC,0.7400429844856262,False,0.0,0.0,0.0,0.5558767318725586,19,0,0.0,0.0,-0.0,166440,-0.0,0.0,-0.8499289751052856,0.0,0.0,0.0,0.0,57,3.5127059919657557,1.0,0.3194946803544697,0.0,0.0,0.0,-0.8347775936126709,CityLearnV3MADRLRewardFunction,maac_unified_comparable_v4,E1,-0.0,1907,14.517270398776219,1.0,0.16224558814758397,0.0,9
34,1.0,1.0,0.029411764705882353,0.0,Building_6,5,MAAC,0.7400429844856262,False,0.0,0.0,0.0,0.5558767318725586,19,0,0.0,0.0,-0.0,166440,-0.0,0.0,-0.8629503846168518,0.0,0.0,0.0,0.0,260,4.055655573226974,1.0,0.0900703504968148,0.0,0.0,0.0,-0.8347775936126709,CityLearnV3MADRLRewardFunction,maac_unified_comparable_v4,E1,-0.0,1907,14.517270398776219,1.0,0.16224558814758397,0.0,9
44,1.0,1.0,0.022727272727272728,0.0,Building_7,6,MAAC,0.7400429844856262,False,0.0,0.0,0.0,0.5558767318725586,19,0,0.0,0.0,-0.0,166440,-0.0,0.0,-0.8500787615776062,0.0,0.0,0.0,0.0,330,3.214145134566278,1.0,0.046987306913643175,0.0,0.0,0.0,-0.8347775936126709,CityLearnV3MADRLRewardFunction,maac_unified_comparable_v4,E1,-0.0,1907,14.517270398776219,1.0,0.16224558814758397,0.0,9
19,1.0,0.0,-0.05263157894736842,-1.0,Building_8,7,MAAC,0.7400429844856262,False,0.0,0.0,0.0,0.5558767318725586,19,0,0.0,0.0,-0.0,166440,-0.0,0.0,-0.8353414535522461,0.0,0.0,0.0,0.0,155,3.1696586945037146,1.0,0.09607723946532895,0.0,0.0,0.0,-0.8347775936126709,CityLearnV3MADRLRewardFunction,maac_unified_comparable_v4,E1,-0.0,1907,14.517270398776219,1.0,0.16224558814758397,0.0,9
12,0.0,0.0,0.0,0.0,Building_9,8,MAAC,0.7400429844856262,False,0.0,0.0,0.0,0.5558767318725586,19,0,0.0,0.0,-0.0,166440,-0.0,0.0,-0.7793378829956055,0.0,0.0,0.0,0.0,106,3.307240786877945,1.0,0.15062906958584515,0.0,0.0,0.0,-0.8347775936126709,CityLearnV3MADRLRewardFunction,maac_unified_comparable_v4,E1,-0.0,1907,14.517270398776219,1.0,0.16224558814758397,0.0,9
8,0.0,0.0,0.0,0.0,Building_10,9,MAAC,0.7400429844856262,False,0.0,0.0,0.0,0.5558767318725586,19,0,0.0,0.0,-0.0,166440,-0.0,0.0,-0.8580996990203857,0.0,0.0,0.0,0.0,78,3.189132894563541,1.0,0.19747583845104927,0.0,0.0,0.0,-0.8347775936126709,CityLearnV3MADRLRewardFunction,maac_unified_comparable_v4,E1,-0.0,1907,14.517270398776219,1.0,0.16224558814758397,0.0,9
5,0.0,0.0,0.0,0.0,Building_11,10,MAAC,0.7400429844856262,False,0.0,0.0,0.0,0.5558767318725586,19,0,0.0,0.0,-0.0,166440,-0.0,0.0,-0.84438556432724,0.0,0.0,0.0,0.0,57,3.819669653085276,1.0,0.371461986057591,0.0,0.0,0.0,-0.8347775936126709,CityLearnV3MADRLRewardFunction,maac_unified_comparable_v4,E1,-0.0,1907,14.517270398776219,1.0,0.16224558814758397,0.0,9
5,0.0,0.0,0.0,0.0,Building_12,11,MAAC,0.7400429844856262,False,0.0,0.0,0.0,0.5558767318725586,19,0,0.0,0.0,-0.0,166440,-0.0,0.0,-0.8401188254356384,0.0,0.0,0.0,0.0,57,4.079270914273039,1.0,0.41911228641606213,0.0,0.0,0.0,-0.8347775936126709,CityLearnV3MADRLRewardFunction,maac_unified_comparable_v4,E1,-0.0,1907,14.517270398776219,1.0,0.16224558814758397,0.0,9
13,0.0,0.0,0.0,0.0,Building_13,12,MAAC,0.7400429844856262,False,0.0,0.0,0.0,0.5558767318725586,19,0,0.0,0.0,-0.0,166440,-0.0,0.0,-0.8126005530357361,0.0,0.0,0.0,0.0,113,3.1619320150084844,1.0,0.13160592456043294,0.0,0.0,0.0,-0.8347775936126709,CityLearnV3MADRLRewardFunction,maac_unified_comparable_v4,E1,-0.0,1907,14.517270398776219,1.0,0.16224558814758397,0.0,9
6,0.0,0.0,0.0,0.0,Building_14,13,MAAC,0.7400429844856262,False,0.0,0.0,0.0,0.5558767318725586,19,0,0.0,0.0,-0.0,166440,-0.0,0.0,-0.7440244555473328,0.0,0.0,0.0,0.0,64,4.1349238604642675,1.0,0.3805885915644467,0.0,0.0,0.0,-0.8347775936126709,CityLearnV3MADRLRewardFunction,maac_unified_comparable_v4,E1,-0.0,1907,14.517270398776219,1.0,0.16224558814758397,0.0,9
10,0.0,0.0,0.0,0.0,Building_15,14,MAAC,0.7400429844856262,False,0.0,0.0,0.0,0.5558767318725586,19,0,0.0,0.0,-0.0,166440,-0.0,0.0,-0.8431043028831482,0.0,0.0,0.0,0.0,92,3.2505495952478505,1.0,0.17260558733149714,0.0,0.0,0.0,-0.8347775936126709,CityLearnV3MADRLRewardFunction,maac_unified_comparable_v4,E1,-0.0,1907,14.517270398776219,1.0,0.16224558814758397,0.0,9
13,0.0,0.0,0.0,0.0,Building_16,15,MAAC,0.7400429844856262,False,0.0,0.0,0.0,0.5558767318725586,19,0,0.0,0.0,-0.0,166440,-0.0,0.0,-0.8503639101982117,0.0,0.0,0.0,0.0,113,3.176933758725598,1.0,0.13506808290175631,0.0,0.0,0.0,-0.8347775936126709,CityLearnV3MADRLRewardFunction,maac_unified_comparable_v4,E1,-0.0,1907,14.517270398776219,1.0,0.16224558814758397,0.0,9
13,0.0,0.0,0.0,0.0,Building_17,16,MAAC,0.7400429844856262,False,0.0,0.0,0.0,0.5558767318725586,19,0,0.0,0.0,-0.0,166440,-0.0,0.0,-0.8426477909088135,0.0,0.0,0.0,0.0,113,3.261019030398025,1.0,0.13983959157382492,0.0,0.0,0.0,-0.8347775936126709,CityLearnV3MADRLRewardFunction,maac_unified_comparable_v4,E1,-0.0,1907,14.517270398776219,1.0,0.16224558814758397,0.0,9
6,0.0,0.0,0.0,0.0,Building_1,0,MAAC,0.7900000214576721,True,0.0,0.0,0.0,0.5087285041809082,19,8750,0.0,0.0,-0.0,175190,0.0,446.8856201171875,-0.8372606635093689,295.4571838378906,353.0396423339844,446.8856201171875,446.8856201171875,64,3.3850338475344675,1.0,0.23786984710022807,0.0,0.0,0.0,-0.805046558380127,CityLearnV3MADRLRewardFunction,maac_unified_comparable_v4,E1,-0.0,1907,14.513625084315278,1.0,0.14238737815405977,0.0,8759
8,0.0,0.0,0.0,0.0,Building_2,1,MAAC,0.7900000214576721,True,0.0,0.0,0.0,0.5087285041809082,19,8750,0.0,0.0,-0.0,175190,0.0,5.618855953216553,-0.7557119727134705,3.371248960494995,4.438896179199219,5.618855953216553,5.618855953216553,78,3.5758208655205554,1.0,0.2058606613905002,0.0,0.0,0.0,-0.805046558380127,CityLearnV3MADRLRewardFunction,maac_unified_comparable_v4,E1,-0.0,1907,14.513625084315278,1.0,0.14238737815405977,0.0,8759
10,0.0,0.0,0.0,0.0,Building_3,2,MAAC,0.7900000214576721,True,0.0,0.0,0.0,0.5087285041809082,19,8750,0.0,0.0,-0.0,175190,0.0,98.17061614990234,-0.8255913257598877,64.63365936279297,77.5547866821289,98.17061614990234,98.17061614990234,92,3.404054349394294,1.0,0.164453806274611,0.0,0.0,0.0,-0.805046558380127,CityLearnV3MADRLRewardFunction,maac_unified_comparable_v4,E1,-0.0,1907,14.513625084315278,1.0,0.14238737815405977,0.0,8759
8,0.0,0.0,0.0,0.0,Building_4,3,MAAC,0.7900000214576721,True,0.0,0.0,0.0,0.5087285041809082,19,8750,0.0,0.0,-0.0,175190,0.0,28.84416961669922,-0.817453920841217,18.744688034057617,22.786893844604492,28.84416961669922,28.84416961669922,78,3.526278102618373,1.0,0.20306202578238952,0.0,0.0,0.0,-0.805046558380127,CityLearnV3MADRLRewardFunction,maac_unified_comparable_v4,E1,-0.0,1907,14.513625084315278,1.0,0.14238737815405977,0.0,8759
5,0.0,0.0,0.0,0.0,Building_5,4,MAAC,0.7900000214576721,True,0.0,0.0,0.0,0.5087285041809082,19,8750,0.0,0.0,-0.0,175190,0.0,37.89287567138672,-0.8546282052993774,24.73426055908203,29.935373306274414,37.89287567138672,37.89287567138672,57,3.627536176380696,1.0,0.30748754216913593,0.0,0.0,0.0,-0.805046558380127,CityLearnV3MADRLRewardFunction,maac_unified_comparable_v4,E1,-0.0,1907,14.513625084315278,1.0,0.14238737815405977,0.0,8759
34,0.0,0.0,0.0,0.0,Building_6,5,MAAC,0.7900000214576721,True,0.0,0.0,0.0,0.5087285041809082,19,8750,0.0,0.0,-0.0,175190,0.0,350.8894348144531,-0.8351013660430908,231.91481018066406,277.2026672363281,350.8894348144531,350.8894348144531,260,3.382715909891549,1.0,0.05775391751757035,0.0,0.0,0.0,-0.805046558380127,CityLearnV3MADRLRewardFunction,maac_unified_comparable_v4,E1,-0.0,1907,14.513625084315278,1.0,0.14238737815405977,0.0,8759
44,1.0,1.0,0.022727272727272728,0.0,Building_7,6,MAAC,0.7900000214576721,True,0.0,0.0,0.0,0.5087285041809082,19,8750,0.0,0.0,-0.0,175190,0.0,18.66022491455078,-0.8001770973205566,12.003669738769531,14.741578102111816,18.66022491455078,18.66022491455078,330,3.6041899829684683,1.0,0.04956357442971432,0.0,0.0,0.0,-0.805046558380127,CityLearnV3MADRLRewardFunction,maac_unified_comparable_v4,E1,-0.0,1907,14.513625084315278,1.0,0.14238737815405977,0.0,8759
19,0.0,0.0,0.0,0.0,Building_8,7,MAAC,0.7900000214576721,True,0.0,0.0,0.0,0.5087285041809082,19,8750,0.0,0.0,-0.0,175190,0.0,19.251495361328125,-0.7975941896438599,12.395047187805176,15.2086820602417,19.251495361328125,19.251495361328125,155,3.608803840873999,1.0,0.1056764809354659,0.0,0.0,0.0,-0.805046558380127,CityLearnV3MADRLRewardFunction,maac_unified_comparable_v4,E1,-0.0,1907,14.513625084315278,1.0,0.14238737815405977,0.0,8759
12,0.0,0.0,0.0,0.0,Building_9,8,MAAC,0.7900000214576721,True,0.0,0.0,0.0,0.5087285041809082,19,8750,0.0,0.0,-0.0,175190,0.0,2.4506425857543945,-0.7243139147758484,1.297715187072754,1.9360077381134033,2.4506425857543945,2.4506425857543945,106,3.840922817879414,1.0,0.17587781149261403,0.0,0.0,0.0,-0.805046558380127,CityLearnV3MADRLRewardFunction,maac_unified_comparable_v4,E1,-0.0,1907,14.513625084315278,1.0,0.14238737815405977,0.0,8759
8,0.0,0.0,0.0,0.0,Building_10,9,MAAC,0.7900000214576721,True,0.0,0.0,0.0,0.5087285041809082,19,8750,0.0,0.0,-0.0,175190,0.0,34.33414077758789,-0.8199928402900696,22.37864112854004,27.123971939086914,34.33414077758789,34.33414077758789,78,3.4925154703284234,1.0,0.20216690892210373,0.0,0.0,0.0,-0.805046558380127,CityLearnV3MADRLRewardFunction,maac_unified_comparable_v4,E1,-0.0,1907,14.513625084315278,1.0,0.14238737815405977,0.0,8759
5,0.0,0.0,0.0,0.0,Building_11,10,MAAC,0.7900000214576721,True,0.0,0.0,0.0,0.5087285041809082,19,8750,0.0,0.0,-0.0,175190,0.0,57.917564392089844,-0.8226985931396484,37.9891242980957,45.754878997802734,57.917564392089844,57.917564392089844,57,3.4481537087135106,1.0,0.26836625630395455,0.0,0.0,0.0,-0.805046558380127,CityLearnV3MADRLRewardFunction,maac_unified_comparable_v4,E1,-0.0,1907,14.513625084315278,1.0,0.14238737815405977,0.0,8759
5,0.0,0.0,0.0,0.0,Building_12,11,MAAC,0.7900000214576721,True,0.0,0.0,0.0,0.5087285041809082,19,8750,0.0,0.0,-0.0,175190,0.0,182.6020965576172,-0.8384326100349426,120.52104949951172,144.2556610107422,182.6020965576172,182.6020965576172,57,3.44574372827644,1.0,0.27173580150855214,0.0,0.0,0.0,-0.805046558380127,CityLearnV3MADRLRewardFunction,maac_unified_comparable_v4,E1,-0.0,1907,14.513625084315278,1.0,0.14238737815405977,0.0,8759
13,0.0,0.0,0.0,0.0,Building_13,12,MAAC,0.7900000214576721,True,0.0,0.0,0.0,0.5087285041809082,19,8750,0.0,0.0,-0.0,175190,0.0,2.789367437362671,-0.7431944608688354,1.4983371496200562,2.2036004066467285,2.789367437362671,2.789367437362671,113,3.577404499539066,1.0,0.14226522988977686,0.0,0.0,0.0,-0.805046558380127,CityLearnV3MADRLRewardFunction,maac_unified_comparable_v4,E1,-0.0,1907,14.513625084315278,1.0,0.14238737815405977,0.0,8759
6,1.0,0.0,-0.16666666666666666,-1.0,Building_14,13,MAAC,0.7900000214576721,True,-44.368858337402344,0.0,0.0,0.5087285041809082,19,8750,0.0,0.0,-0.0,175190,41.883033752441406,0.0,-0.7864193916320801,-22.178773880004883,0.0,-41.883033752441406,2.4858245849609375,64,3.4931381328258104,1.0,0.24523151060566306,0.0,0.0,0.0,-0.805046558380127,CityLearnV3MADRLRewardFunction,maac_unified_comparable_v4,E1,-0.0,1907,14.513625084315278,1.0,0.14238737815405977,0.0,8759
10,0.0,0.0,0.0,0.0,Building_15,14,MAAC,0.7900000214576721,True,0.0,0.0,0.0,0.5087285041809082,19,8750,0.0,0.0,-0.0,175190,0.0,20.5941162109375,-0.8002373576164246,13.28376293182373,16.269351959228516,20.5941162109375,20.5941162109375,92,3.53166734193327,1.0,0.1739964433338331,0.0,0.0,0.0,-0.805046558380127,CityLearnV3MADRLRewardFunction,maac_unified_comparable_v4,E1,-0.0,1907,14.513625084315278,1.0,0.14238737815405977,0.0,8759
13,0.0,0.0,0.0,0.0,Building_16,15,MAAC,0.7900000214576721,True,0.0,0.0,0.0,0.5087285041809082,19,8750,0.0,0.0,-0.0,175190,0.0,103.13050842285156,-0.8255864381790161,67.916748046875,81.47310638427734,103.13050842285156,103.13050842285156,113,3.439120390176846,1.0,0.13754174139647357,0.0,0.0,0.0,-0.805046558380127,CityLearnV3MADRLRewardFunction,maac_unified_comparable_v4,E1,-0.0,1907,14.513625084315278,1.0,0.14238737815405977,0.0,8759
13,0.0,0.0,0.0,0.0,Building_17,16,MAAC,0.7900000214576721,True,0.0,0.0,0.0,0.5087285041809082,19,8750,0.0,0.0,-0.0,175190,0.0,21.1981143951416,-0.801396906375885,13.683565139770508,16.746511459350586,21.1981143951416,21.1981143951416,113,3.4277365839820058,1.0,0.13704545268442778,0.0,0.0,0.0,-0.805046558380127,CityLearnV3MADRLRewardFunction,maac_unified_comparable_v4,E1,-0.0,1907,14.513625084315278,1.0,0.14238737815405977,0.0,8759
6,0.0,0.0,0.0,0.0,Building_1,0,MAAC,0.7463780045509338,False,0.0,0.0,0.0,0.70499187707901,20,0,0.0,0.0,-0.0,175200,-0.0,0.0,-0.8021326065063477,0.0,0.0,0.0,0.0,64,2.953634180157115,1.0,0.2353188711567782,0.0,0.0,0.0,-0.7532159090042114,CityLearnV3MADRLRewardFunction,maac_unified_comparable_v4,E1,-0.0,1907,14.129922657466542,1.0,0.16607559931586097,0.0,10
8,0.0,0.0,0.0,0.0,Building_2,1,MAAC,0.7463780045509338,False,0.0,0.0,0.0,0.70499187707901,20,0,0.0,0.0,-0.0,175200,-0.0,0.0,-0.6919943690299988,0.0,0.0,0.0,0.0,78,3.0432360012208,1.0,0.19433916434168053,0.0,0.0,0.0,-0.7532159090042114,CityLearnV3MADRLRewardFunction,maac_unified_comparable_v4,E1,-0.0,1907,14.129922657466542,1.0,0.16607559931586097,0.0,10
10,0.0,0.0,0.0,0.0,Building_3,2,MAAC,0.7463780045509338,False,0.0,0.0,0.0,0.70499187707901,20,0,0.0,0.0,-0.0,175200,-0.0,0.0,-0.8689014315605164,0.0,0.0,0.0,0.0,92,4.357535730467891,1.0,0.30012489428095845,0.0,0.0,0.0,-0.7532159090042114,CityLearnV3MADRLRewardFunction,maac_unified_comparable_v4,E1,-0.0,1907,14.129922657466542,1.0,0.16607559931586097,0.0,10
8,0.0,0.0,0.0,0.0,Building_4,3,MAAC,0.7463780045509338,False,0.0,0.0,0.0,0.70499187707901,20,0,0.0,0.0,-0.0,175200,-0.0,0.0,-0.7941680550575256,0.0,0.0,0.0,0.0,78,3.413191419170138,1.0,0.23979335829902154,0.0,0.0,0.0,-0.7532159090042114,CityLearnV3MADRLRewardFunction,maac_unified_comparable_v4,E1,-0.0,1907,14.129922657466542,1.0,0.16607559931586097,0.0,10
5,0.0,0.0,0.0,0.0,Building_5,4,MAAC,0.7463780045509338,False,0.0,0.0,0.0,0.70499187707901,20,0,0.0,0.0,-0.0,175200,-0.0,0.0,-0.7912705540657043,0.0,0.0,0.0,0.0,57,3.32258820044864,1.0,0.31411029355959935,0.0,0.0,0.0,-0.7532159090042114,CityLearnV3MADRLRewardFunction,maac_unified_comparable_v4,E1,-0.0,1907,14.129922657466542,1.0,0.16607559931586097,0.0,10
34,0.0,0.0,0.0,0.0,Building_6,5,MAAC,0.7463780045509338,False,0.0,0.0,0.0,0.70499187707901,20,0,0.0,0.0,-0.0,175200,-0.0,0.0,-0.8021813631057739,0.0,0.0,0.0,0.0,260,4.668509849814954,1.0,0.12256158449185582,0.0,0.0,0.0,-0.7532159090042114,CityLearnV3MADRLRewardFunction,maac_unified_comparable_v4,E1,-0.0,1907,14.129922657466542,1.0,0.16607559931586097,0.0,10
44,0.0,0.0,0.0,0.0,Building_7,6,MAAC,0.7463780045509338,False,0.0,0.0,0.0,0.70499187707901,20,0,0.0,0.0,-0.0,175200,-0.0,0.0,-0.6946048736572266,0.0,0.0,0.0,0.0,330,3.020741832013206,1.0,0.045716162110594184,0.0,0.0,0.0,-0.7532159090042114,CityLearnV3MADRLRewardFunction,maac_unified_comparable_v4,E1,-0.0,1907,14.129922657466542,1.0,0.16607559931586097,0.0,10
19,1.0,1.0,0.05263157894736842,0.0,Building_8,7,MAAC,0.7463780045509338,False,0.0,0.0,0.0,0.70499187707901,20,0,0.0,0.0,-0.0,175200,-0.0,0.0,-0.6932677030563354,0.0,0.0,0.0,0.0,155,3.0401121233261557,1.0,0.09777794488735737,0.0,0.0,0.0,-0.7532159090042114,CityLearnV3MADRLRewardFunction,maac_unified_comparable_v4,E1,-0.0,1907,14.129922657466542,1.0,0.16607559931586097,0.0,10
12,0.0,0.0,0.0,0.0,Building_9,8,MAAC,0.7463780045509338,False,0.0,0.0,0.0,0.70499187707901,20,0,0.0,0.0,-0.0,175200,-0.0,0.0,-0.709985077381134,0.0,0.0,0.0,0.0,106,3.109281712715386,1.0,0.14776784425847372,0.0,0.0,0.0,-0.7532159090042114,CityLearnV3MADRLRewardFunction,maac_unified_comparable_v4,E1,-0.0,1907,14.129922657466542,1.0,0.16607559931586097,0.0,10
8,0.0,0.0,0.0,0.0,Building_10,9,MAAC,0.7463780045509338,False,0.0,0.0,0.0,0.70499187707901,20,0,0.0,0.0,-0.0,175200,-0.0,0.0,-0.752186119556427,0.0,0.0,0.0,0.0,78,2.956870809277948,1.0,0.18904193746260342,0.0,0.0,0.0,-0.7532159090042114,CityLearnV3MADRLRewardFunction,maac_unified_comparable_v4,E1,-0.0,1907,14.129922657466542,1.0,0.16607559931586097,0.0,10
5,0.0,0.0,0.0,0.0,Building_11,10,MAAC,0.7463780045509338,False,0.0,0.0,0.0,0.70499187707901,20,0,0.0,0.0,-0.0,175200,-0.0,0.0,-0.7791832685470581,0.0,0.0,0.0,0.0,57,3.6649737853363535,1.0,0.37020256876814783,0.0,0.0,0.0,-0.7532159090042114,CityLearnV3MADRLRewardFunction,maac_unified_comparable_v4,E1,-0.0,1907,14.129922657466542,1.0,0.16607559931586097,0.0,10
5,0.0,0.0,0.0,0.0,Building_12,11,MAAC,0.7463780045509338,False,0.0,0.0,0.0,0.70499187707901,20,0,0.0,0.0,-0.0,175200,-0.0,0.0,-0.7748731374740601,0.0,0.0,0.0,0.0,57,3.895918195304221,1.0,0.40909492077403947,0.0,0.0,0.0,-0.7532159090042114,CityLearnV3MADRLRewardFunction,maac_unified_comparable_v4,E1,-0.0,1907,14.129922657466542,1.0,0.16607559931586097,0.0,10
13,0.0,0.0,0.0,0.0,Building_13,12,MAAC,0.7463780045509338,False,0.0,0.0,0.0,0.70499187707901,20,0,0.0,0.0,-0.0,175200,-0.0,0.0,-0.6933284997940063,0.0,0.0,0.0,0.0,113,3.0267588350849386,1.0,0.13367558011900535,0.0,0.0,0.0,-0.7532159090042114,CityLearnV3MADRLRewardFunction,maac_unified_comparable_v4,E1,-0.0,1907,14.129922657466542,1.0,0.16607559931586097,0.0,10
6,0.0,0.0,0.0,0.0,Building_14,13,MAAC,0.7463780045509338,False,0.0,0.0,0.0,0.70499187707901,20,0,0.0,0.0,-0.0,175200,-0.0,0.0,-0.6589239239692688,0.0,0.0,0.0,0.0,64,4.06315017960398,1.0,0.39032375111128204,0.0,0.0,0.0,-0.7532159090042114,CityLearnV3MADRLRewardFunction,maac_unified_comparable_v4,E1,-0.0,1907,14.129922657466542,1.0,0.16607559931586097,0.0,10
10,1.0,0.0,-0.1,-1.0,Building_15,14,MAAC,0.7463780045509338,False,0.0,0.0,0.0,0.70499187707901,20,0,0.0,0.0,-0.0,175200,-0.0,0.0,-0.7468301653862,0.0,0.0,0.0,0.0,92,3.007322165200052,1.0,0.162774337273415,0.0,0.0,0.0,-0.7532159090042114,CityLearnV3MADRLRewardFunction,maac_unified_comparable_v4,E1,-0.0,1907,14.129922657466542,1.0,0.16607559931586097,0.0,10
13,1.0,1.0,0.07692307692307693,0.0,Building_16,15,MAAC,0.7463780045509338,False,0.0,0.0,0.0,0.70499187707901,20,0,0.0,0.0,-0.0,175200,-0.0,0.0,-0.7751200795173645,0.0,0.0,0.0,0.0,113,2.9788903513132707,1.0,0.13212884298270255,0.0,0.0,0.0,-0.7532159090042114,CityLearnV3MADRLRewardFunction,maac_unified_comparable_v4,E1,-0.0,1907,14.129922657466542,1.0,0.16607559931586097,0.0,10
13,0.0,0.0,0.0,0.0,Building_17,16,MAAC,0.7463780045509338,False,0.0,0.0,0.0,0.70499187707901,20,0,0.0,0.0,-0.0,175200,-0.0,0.0,-0.7757182717323303,0.0,0.0,0.0,0.0,113,3.036540683589593,1.0,0.13574549573910447,0.0,0.0,0.0,-0.7532159090042114,CityLearnV3MADRLRewardFunction,maac_unified_comparable_v4,E1,-0.0,1907,14.129922657466542,1.0,0.16607559931586097,0.0,10
6,0.0,0.0,0.0,0.0,Building_1,0,MAAC,0.7900000214576721,True,0.0,0.0,0.0,0.32958081364631653,20,8749,0.0,0.0,-0.0,183949,0.0,391.586669921875,-0.7957846522331238,175.39862060546875,309.3534851074219,391.586669921875,391.586669921875,64,3.2872681050899644,1.0,0.218737707240507,0.0,0.0,0.0,-0.7471661567687988,CityLearnV3MADRLRewardFunction,maac_unified_comparable_v4,E1,-0.0,1907,14.047931958557614,1.0,0.13141794215182578,0.0,8759
8,1.0,1.0,0.125,0.0,Building_2,1,MAAC,0.7900000214576721,True,0.0,0.0,0.0,0.32958081364631653,20,8749,0.0,0.0,-0.0,183949,0.0,0.1848604530096054,-0.6908007860183716,0.06766290962696075,0.14603976905345917,0.1848604530096054,0.1848604530096054,78,3.448095929162357,1.0,0.18894495337437361,0.0,0.0,0.0,-0.7471661567687988,CityLearnV3MADRLRewardFunction,maac_unified_comparable_v4,E1,-0.0,1907,14.047931958557614,1.0,0.13141794215182578,0.0,8759
10,0.0,0.0,0.0,0.0,Building_3,2,MAAC,0.7900000214576721,True,0.0,0.0,0.0,0.32958081364631653,20,8749,0.0,0.0,-0.0,183949,0.0,39.0087890625,-0.781398594379425,14.278058052062988,30.816944122314453,39.0087890625,39.0087890625,92,3.3035968898996004,1.0,0.1535754446750102,0.0,0.0,0.0,-0.7471661567687988,CityLearnV3MADRLRewardFunction,maac_unified_comparable_v4,E1,-0.0,1907,14.047931958557614,1.0,0.13141794215182578,0.0,8759
8,0.0,0.0,0.0,0.0,Building_4,3,MAAC,0.7900000214576721,True,0.0,0.0,0.0,0.32958081364631653,20,8749,0.0,0.0,-0.0,183949,0.0,36.67196273803711,-0.7834804058074951,13.4227294921875,28.97085189819336,36.67196273803711,36.67196273803711,78,3.4013660635665683,1.0,0.186378517976174,0.0,0.0,0.0,-0.7471661567687988,CityLearnV3MADRLRewardFunction,maac_unified_comparable_v4,E1,-0.0,1907,14.047931958557614,1.0,0.13141794215182578,0.0,8759
5,0.0,0.0,0.0,0.0,Building_5,4,MAAC,0.7900000214576721,True,0.0,0.0,0.0,0.32958081364631653,20,8749,0.0,0.0,-0.0,183949,0.0,54.225337982177734,-0.8230358958244324,21.046724319458008,42.838016510009766,54.225337982177734,54.225337982177734,57,3.517606078115118,1.0,0.2883594927557728,0.0,0.0,0.0,-0.7471661567687988,CityLearnV3MADRLRewardFunction,maac_unified_comparable_v4,E1,-0.0,1907,14.047931958557614,1.0,0.13141794215182578,0.0,8759
34,1.0,1.0,0.029411764705882353,0.0,Building_6,5,MAAC,0.7900000214576721,True,0.0,0.0,0.0,0.32958081364631653,20,8749,0.0,0.0,-0.0,183949,0.0,348.8946838378906,-0.8004439473152161,155.8658905029297,275.6268005371094,348.8946838378906,348.8946838378906,260,3.302282330364159,1.0,0.054209437737098104,0.0,0.0,0.0,-0.7471661567687988,CityLearnV3MADRLRewardFunction,maac_unified_comparable_v4,E1,-0.0,1907,14.047931958557614,1.0,0.13141794215182578,0.0,8759
44,0.0,0.0,0.0,0.0,Building_7,6,MAAC,0.7900000214576721,True,0.0,0.0,0.0,0.32958081364631653,20,8749,0.0,0.0,-0.0,183949,0.0,2.9800853729248047,-0.7029642462730408,1.090775489807129,2.3542675971984863,2.9800853729248047,2.9800853729248047,330,3.3891558637044983,1.0,0.04389940028389295,0.0,0.0,0.0,-0.7471661567687988,CityLearnV3MADRLRewardFunction,maac_unified_comparable_v4,E1,-0.0,1907,14.047931958557614,1.0,0.13141794215182578,0.0,8759
19,0.0,0.0,0.0,0.0,Building_8,7,MAAC,0.7900000214576721,True,0.0,0.0,0.0,0.32958081364631653,20,8749,0.0,0.0,-0.0,183949,0.0,6.19936990737915,-0.7162380218505859,2.2691030502319336,4.897502422332764,6.19936990737915,6.19936990737915,155,3.406613688845031,1.0,0.09514289402192638,0.0,0.0,0.0,-0.7471661567687988,CityLearnV3MADRLRewardFunction,maac_unified_comparable_v4,E1,-0.0,1907,14.047931958557614,1.0,0.13141794215182578,0.0,8759
12,0.0,0.0,0.0,0.0,Building_9,8,MAAC,0.7900000214576721,True,0.0,0.0,0.0,0.32958081364631653,20,8749,0.0,0.0,-0.0,183949,0.0,2.1350696086883545,-0.6821973919868469,0.7814815044403076,1.6867049932479858,2.1350696086883545,2.1350696086883545,106,3.70717935886952,1.0,0.16077224066797294,0.0,0.0,0.0,-0.7471661567687988,CityLearnV3MADRLRewardFunction,maac_unified_comparable_v4,E1,-0.0,1907,14.047931958557614,1.0,0.13141794215182578,0.0,8759
8,0.0,0.0,0.0,0.0,Building_10,9,MAAC,0.7900000214576721,True,0.0,0.0,0.0,0.32958081364631653,20,8749,0.0,0.0,-0.0,183949,0.0,16.451881408691406,-0.7494264245033264,6.021743297576904,12.996986389160156,16.451881408691406,16.451881408691406,78,3.326159722394896,1.0,0.1804704382442511,0.0,0.0,0.0,-0.7471661567687988,CityLearnV3MADRLRewardFunction,maac_unified_comparable_v4,E1,-0.0,1907,14.047931958557614,1.0,0.13141794215182578,0.0,8759
5,1.0,0.0,-0.2,-1.0,Building_11,10,MAAC,0.7900000214576721,True,-386.2192077636719,0.0,0.0,0.32958081364631653,20,8749,0.0,0.0,-0.0,183949,319.7672119140625,0.0,-0.7456194758415222,-117.04169464111328,0.0,-319.7672119140625,66.45199584960938,57,3.3779981702017525,1.0,0.25311285780187237,0.0,0.0,0.0,-0.7471661567687988,CityLearnV3MADRLRewardFunction,maac_unified_comparable_v4,E1,-0.0,1907,14.047931958557614,1.0,0.13141794215182578,0.0,8759
5,0.0,0.0,0.0,0.0,Building_12,11,MAAC,0.7900000214576721,True,0.0,0.0,0.0,0.32958081364631653,20,8749,0.0,0.0,-0.0,183949,0.0,155.388671875,-0.7936362624168396,67.33167266845703,122.7570571899414,155.388671875,155.388671875,57,3.310074031244224,1.0,0.25014776069866984,0.0,0.0,0.0,-0.7471661567687988,CityLearnV3MADRLRewardFunction,maac_unified_comparable_v4,E1,-0.0,1907,14.047931958557614,1.0,0.13141794215182578,0.0,8759
13,0.0,0.0,0.0,0.0,Building_13,12,MAAC,0.7900000214576721,True,0.0,0.0,0.0,0.32958081364631653,20,8749,0.0,0.0,-0.0,183949,0.0,0.1047736182808876,-0.6904445886611938,0.03834940493106842,0.08277115970849991,0.1047736182808876,0.1047736182808876,113,3.4275194899304067,1.0,0.1296462648737747,0.0,0.0,0.0,-0.7471661567687988,CityLearnV3MADRLRewardFunction,maac_unified_comparable_v4,E1,-0.0,1907,14.047931958557614,1.0,0.13141794215182578,0.0,8759
6,0.0,0.0,0.0,0.0,Building_14,13,MAAC,0.7900000214576721,True,0.0,0.0,0.0,0.32958081364631653,20,8749,0.0,0.0,-0.0,183949,0.0,1.3521205186843872,-0.6960728764533997,0.4949052631855011,1.068175196647644,1.3521205186843872,1.3521205186843872,64,3.4962998236341156,1.0,0.23327430989593267,0.0,0.0,0.0,-0.7471661567687988,CityLearnV3MADRLRewardFunction,maac_unified_comparable_v4,E1,-0.0,1907,14.047931958557614,1.0,0.13141794215182578,0.0,8759
10,1.0,1.0,0.1,0.0,Building_15,14,MAAC,0.7900000214576721,True,0.0,0.0,0.0,0.32958081364631653,20,8749,0.0,0.0,-0.0,183949,0.0,15.147623062133789,-0.746069073677063,5.544356822967529,11.966622352600098,15.147623062133789,15.147623062133789,92,3.4003152782353134,1.0,0.15906982852712923,0.0,0.0,0.0,-0.7471661567687988,CityLearnV3MADRLRewardFunction,maac_unified_comparable_v4,E1,-0.0,1907,14.047931958557614,1.0,0.13141794215182578,0.0,8759
13,0.0,0.0,0.0,0.0,Building_16,15,MAAC,0.7900000214576721,True,0.0,0.0,0.0,0.32958081364631653,20,8749,0.0,0.0,-0.0,183949,0.0,11.957420349121094,-0.7378366589546204,4.376673698425293,9.446362495422363,11.957420349121094,11.957420349121094,113,3.3679688660997065,1.0,0.12726949801487206,0.0,0.0,0.0,-0.7471661567687988,CityLearnV3MADRLRewardFunction,maac_unified_comparable_v4,E1,-0.0,1907,14.047931958557614,1.0,0.13141794215182578,0.0,8759
13,0.0,0.0,0.0,0.0,Building_17,16,MAAC,0.7900000214576721,True,0.0,0.0,0.0,0.32958081364631653,20,8749,0.0,0.0,-0.0,183949,0.0,23.087642669677734,-0.7663748860359192,8.45057487487793,18.239238739013672,23.087642669677734,23.087642669677734,113,3.4270244607844544,1.0,0.1331492651880315,0.0,0.0,0.0,-0.7471661567687988,CityLearnV3MADRLRewardFunction,maac_unified_comparable_v4,E1,-0.0,1907,14.047931958557614,1.0,0.13141794215182578,0.0,8759
6,0.0,0.0,0.0,0.0,Building_1,0,MAAC,0.7080339789390564,False,0.0,0.0,0.0,0.6272557377815247,21,0,0.0,0.0,-0.0,183960,-0.0,0.0,-0.8706932663917542,0.0,0.0,0.0,0.0,64,3.1367492886984185,0.9330127239227295,0.2452474609017372,0.0,-0.0,84.35050670967101,-0.8457818627357483,CityLearnV3MADRLRewardFunction,maac_unified_comparable_v4,E1,-84.35050670967101,1907,14.482967599767875,1.0,0.16760032431808056,0.0,11
8,0.0,0.0,0.0,0.0,Building_2,1,MAAC,0.7080339789390564,False,0.0,0.0,0.0,0.6272557377815247,21,0,0.0,0.0,-0.0,183960,-0.0,0.0,-0.7997516989707947,0.0,0.0,0.0,0.0,78,3.0085068855848918,0.9695616960525513,0.18480965963158852,0.0,-0.0,48.339140625,-0.8457818627357483,CityLearnV3MADRLRewardFunction,maac_unified_comparable_v4,E1,-48.339140625,1907,14.482967599767875,1.0,0.16760032431808056,0.0,11
10,0.0,0.0,0.0,0.0,Building_3,2,MAAC,0.7080339789390564,False,0.0,0.0,0.0,0.6272557377815247,21,0,0.0,0.0,-0.0,183960,-0.0,0.0,-0.9276435375213623,0.0,0.0,0.0,0.0,92,4.171483716436024,1.0,0.2755054015585262,0.0,-0.0,32.50221773262024,-0.8457818627357483,CityLearnV3MADRLRewardFunction,maac_unified_comparable_v4,E1,-32.50221773262024,1907,14.482967599767875,1.0,0.16760032431808056,0.0,11
8,1.0,1.0,0.125,0.0,Building_4,3,MAAC,0.7080339789390564,False,0.0,0.0,0.0,0.6272557377815247,21,0,0.0,0.0,-0.0,183960,-0.0,0.0,-0.8674605488777161,0.0,0.0,0.0,0.0,78,3.8375551183532317,1.0,0.283807771686369,0.0,-0.0,14.66307163925171,-0.8457818627357483,CityLearnV3MADRLRewardFunction,maac_unified_comparable_v4,E1,-14.66307163925171,1907,14.482967599767875,1.0,0.16760032431808056,0.0,11
5,0.0,0.0,0.0,0.0,Building_5,4,MAAC,0.7080339789390564,False,0.0,0.0,0.0,0.6272557377815247,21,0,0.0,0.0,-0.0,183960,-0.0,0.0,-0.8575639128684998,0.0,0.0,0.0,0.0,57,3.357681502086409,1.0,0.30665524527757315,0.0,-0.0,4.613323602485657,-0.8457818627357483,CityLearnV3MADRLRewardFunction,maac_unified_comparable_v4,E1,-4.613323602485657,1907,14.482967599767875,1.0,0.16760032431808056,0.0,11
34,1.0,1.0,0.029411764705882353,0.0,Building_6,5,MAAC,0.7080339789390564,False,0.0,0.0,0.0,0.6272557377815247,21,0,0.0,0.0,-0.0,183960,-0.0,0.0,-0.8224661946296692,0.0,0.0,0.0,0.0,260,5.40193675380454,1.0,0.15595039535457125,0.0,-0.0,128.44831029052733,-0.8457818627357483,CityLearnV3MADRLRewardFunction,maac_unified_comparable_v4,E1,-128.44831029052733,1907,14.482967599767875,1.0,0.16760032431808056,0.0,11
44,1.0,1.0,0.022727272727272728,0.0,Building_7,6,MAAC,0.7080339789390564,False,0.0,0.0,0.0,0.6272557377815247,21,0,0.0,0.0,-0.0,183960,-0.0,0.0,-0.8372853398323059,0.0,0.0,0.0,0.0,330,3.0141602258908713,0.9330127239227295,0.04376558531357935,0.0,-0.0,43.44595394039154,-0.8457818627357483,CityLearnV3MADRLRewardFunction,maac_unified_comparable_v4,E1,-43.44595394039154,1907,14.482967599767875,1.0,0.16760032431808056,0.0,11
19,0.0,0.0,0.0,0.0,Building_8,7,MAAC,0.7080339789390564,False,0.0,0.0,0.0,0.6272557377815247,21,0,0.0,0.0,-0.0,183960,-0.0,0.0,-0.833662748336792,0.0,0.0,0.0,0.0,155,3.029296895067365,0.9521550536155701,0.09361967164422236,0.0,-0.0,130.93505906333922,-0.8457818627357483,CityLearnV3MADRLRewardFunction,maac_unified_comparable_v4,E1,-130.93505906333922,1907,14.482967599767875,1.0,0.16760032431808056,0.0,11
12,0.0,0.0,0.0,0.0,Building_9,8,MAAC,0.7080339789390564,False,0.0,0.0,0.0,0.6272557377815247,21,0,0.0,0.0,-0.0,183960,-0.0,0.0,-0.7829138040542603,0.0,0.0,0.0,0.0,106,3.183226661324848,0.9784790277481079,0.1485778692020279,0.0,-0.0,23.13917668571472,-0.8457818627357483,CityLearnV3MADRLRewardFunction,maac_unified_comparable_v4,E1,-23.13917668571472,1907,14.482967599767875,1.0,0.16760032431808056,0.0,11
8,0.0,0.0,0.0,0.0,Building_10,9,MAAC,0.7080339789390564,False,0.0,0.0,0.0,0.6272557377815247,21,0,0.0,0.0,-0.0,183960,-0.0,0.0,-0.8695914149284363,0.0,0.0,0.0,0.0,78,3.008795671543965,0.9330127239227295,0.18821307742753282,0.0,-0.0,86.31360283069611,-0.8457818627357483,CityLearnV3MADRLRewardFunction,maac_unified_comparable_v4,E1,-86.31360283069611,1907,14.482967599767875,1.0,0.16760032431808056,0.0,11
5,0.0,0.0,0.0,0.0,Building_11,10,MAAC,0.7080339789390564,False,0.0,0.0,0.0,0.6272557377815247,21,0,0.0,0.0,-0.0,183960,-0.0,0.0,-0.8507913947105408,0.0,0.0,0.0,0.0,57,3.6956303648403175,1.0,0.3614012777086413,0.0,-0.0,248.94499459075928,-0.8457818627357483,CityLearnV3MADRLRewardFunction,maac_unified_comparable_v4,E1,-248.94499459075928,1907,14.482967599767875,1.0,0.16760032431808056,0.0,11
5,0.0,0.0,0.0,0.0,Building_12,11,MAAC,0.7080339789390564,False,0.0,0.0,0.0,0.6272557377815247,21,0,0.0,0.0,-0.0,183960,-0.0,0.0,-0.8482078909873962,0.0,0.0,0.0,0.0,57,3.9561791111839844,1.0,0.4077803279158839,0.0,-0.0,112.35388085365295,-0.8457818627357483,CityLearnV3MADRLRewardFunction,maac_unified_comparable_v4,E1,-112.35388085365295,1907,14.482967599767875,1.0,0.16760032431808056,0.0,11
13,0.0,0.0,0.0,0.0,Building_13,12,MAAC,0.7080339789390564,False,0.0,0.0,0.0,0.6272557377815247,21,0,0.0,0.0,-0.0,183960,-0.0,0.0,-0.8104342222213745,0.0,0.0,0.0,0.0,113,3.0223432561346186,0.9330127239227295,0.12806587859131066,0.0,-0.0,14.889497901916503,-0.8457818627357483,CityLearnV3MADRLRewardFunction,maac_unified_comparable_v4,E1,-14.889497901916503,1907,14.482967599767875,1.0,0.16760032431808056,0.0,11
6,0.0,0.0,0.0,0.0,Building_14,13,MAAC,0.7080339789390564,False,0.0,0.0,0.0,0.6272557377815247,21,0,0.0,0.0,-0.0,183960,-0.0,0.0,-0.8521283864974976,0.0,0.0,0.0,0.0,64,3.789799322894242,1.0,0.33776388978003524,0.0,-0.0,109.34438346672057,-0.8457818627357483,CityLearnV3MADRLRewardFunction,maac_unified_comparable_v4,E1,-109.34438346672057,1907,14.482967599767875,1.0,0.16760032431808056,0.0,11
10,0.0,0.0,0.0,0.0,Building_15,14,MAAC,0.7080339789390564,False,0.0,0.0,0.0,0.6272557377815247,21,0,0.0,0.0,-0.0,183960,-0.0,0.0,-0.8401331305503845,0.0,0.0,0.0,0.0,92,3.039647852600348,0.9605821371078491,0.15979206290743922,0.0,-0.0,57.13341715240479,-0.8457818627357483,CityLearnV3MADRLRewardFunction,maac_unified_comparable_v4,E1,-57.13341715240479,1907,14.482967599767875,1.0,0.16760032431808056,0.0,11
13,0.0,0.0,0.0,0.0,Building_16,15,MAAC,0.7080339789390564,False,0.0,0.0,0.0,0.6272557377815247,21,0,0.0,0.0,-0.0,183960,-0.0,0.0,-0.8556592464447021,0.0,0.0,0.0,0.0,113,2.9777567968865557,0.9330127239227295,0.12573770099047538,0.0,-0.0,59.749703645324715,-0.8457818627357483,CityLearnV3MADRLRewardFunction,maac_unified_comparable_v4,E1,-59.749703645324715,1907,14.482967599767875,1.0,0.16760032431808056,0.0,11
13,0.0,0.0,0.0,0.0,Building_17,16,MAAC,0.7080339789390564,False,0.0,0.0,0.0,0.6272557377815247,21,0,0.0,0.0,-0.0,183960,-0.0,0.0,-0.8519050478935242,0.0,0.0,0.0,0.0,113,3.1500373213989197,0.9330127239227295,0.13954328706042957,0.0,-0.0,9.348458114433289,-0.8457818627357483,CityLearnV3MADRLRewardFunction,maac_unified_comparable_v4,E1,-9.348458114433289,1907,14.482967599767875,1.0,0.16760032431808056,0.0,11
6,0.0,0.0,0.0,0.0,Building_1,0,MAAC,0.7900000214576721,True,0.0,0.0,0.0,0.28695225715637207,21,8748,0.0,0.0,-0.0,192708,0.0,433.45458984375,-0.8347213268280029,172.66647338867188,342.42913818359375,433.45458984375,433.45458984375,64,3.1784008888318787,1.0,0.2081954238237813,0.0,0.0,0.0,-0.8006462454795837,CityLearnV3MADRLRewardFunction,maac_unified_comparable_v4,E1,-0.0,1907,13.750498121688423,1.0,0.12637567748894352,0.0,8759
8,0.0,0.0,0.0,0.0,Building_2,1,MAAC,0.7900000214576721,True,0.0,0.0,0.0,0.28695225715637207,21,8748,0.0,0.0,-0.0,192708,0.0,15.16435432434082,-0.786333441734314,6.040714740753174,11.979840278625488,15.16435432434082,15.16435432434082,78,3.4208170166442793,1.0,0.18739148964866614,0.0,0.0,0.0,-0.8006462454795837,CityLearnV3MADRLRewardFunction,maac_unified_comparable_v4,E1,-0.0,1907,13.750498121688423,1.0,0.12637567748894352,0.0,8759
10,0.0,0.0,0.0,0.0,Building_3,2,MAAC,0.7900000214576721,True,0.0,0.0,0.0,0.28695225715637207,21,8748,0.0,0.0,-0.0,192708,0.0,94.53981018066406,-0.8228805065155029,37.65989685058594,74.68645477294922,94.53981018066406,94.53981018066406,92,3.195920885640346,1.0,0.14368496114469093,0.0,0.0,0.0,-0.8006462454795837,CityLearnV3MADRLRewardFunction,maac_unified_comparable_v4,E1,-0.0,1907,13.750498121688423,1.0,0.12637567748894352,0.0,8759
8,0.0,0.0,0.0,0.0,Building_4,3,MAAC,0.7900000214576721,True,0.0,0.0,0.0,0.28695225715637207,21,8748,0.0,0.0,-0.0,192708,0.0,31.04317283630371,-0.8162650465965271,12.366035461425781,24.524106979370117,31.04317283630371,31.04317283630371,78,3.330103292410508,1.0,0.17901474266098097,0.0,0.0,0.0,-0.8006462454795837,CityLearnV3MADRLRewardFunction,maac_unified_comparable_v4,E1,-0.0,1907,13.750498121688423,1.0,0.12637567748894352,0.0,8759
5,0.0,0.0,0.0,0.0,Building_5,4,MAAC,0.7900000214576721,True,0.0,0.0,0.0,0.28695225715637207,21,8748,0.0,0.0,-0.0,192708,0.0,38.538970947265625,-0.8563469648361206,15.351984024047852,30.44578742980957,38.538970947265625,38.538970947265625,57,3.512795408589485,1.0,0.2844276277903925,0.0,0.0,0.0,-0.8006462454795837,CityLearnV3MADRLRewardFunction,maac_unified_comparable_v4,E1,-0.0,1907,13.750498121688423,1.0,0.12637567748894352,0.0,8759
34,0.0,0.0,0.0,0.0,Building_6,5,MAAC,0.7900000214576721,True,0.0,0.0,0.0,0.28695225715637207,21,8748,0.0,0.0,-0.0,192708,0.0,362.8901062011719,-0.833850085735321,144.55712890625,286.6831970214844,362.8901062011719,362.8901062011719,260,3.176736330291279,1.0,0.05055028632856332,0.0,0.0,0.0,-0.8006462454795837,CityLearnV3MADRLRewardFunction,maac_unified_comparable_v4,E1,-0.0,1907,13.750498121688423,1.0,0.12637567748894352,0.0,8759
44,0.0,0.0,0.0,0.0,Building_7,6,MAAC,0.7900000214576721,True,0.0,0.0,0.0,0.28695225715637207,21,8748,0.0,0.0,-0.0,192708,0.0,12.664111137390137,-0.7786769270896912,5.044743537902832,10.004648208618164,12.664111137390137,12.664111137390137,330,3.3823667629625294,1.0,0.043347115769530785,0.0,0.0,0.0,-0.8006462454795837,CityLearnV3MADRLRewardFunction,maac_unified_comparable_v4,E1,-0.0,1907,13.750498121688423,1.0,0.12637567748894352,0.0,8759
19,1.0,1.0,0.05263157894736842,0.0,Building_8,7,MAAC,0.7900000214576721,True,0.0,0.0,0.0,0.28695225715637207,21,8748,0.0,0.0,-0.0,192708,0.0,12.065996170043945,-0.7754555344581604,4.806484699249268,9.532136917114258,12.065996170043945,12.065996170043945,155,3.3536816794995183,1.0,0.09271433540890293,0.0,0.0,0.0,-0.8006462454795837,CityLearnV3MADRLRewardFunction,maac_unified_comparable_v4,E1,-0.0,1907,13.750498121688423,1.0,0.12637567748894352,0.0,8759
12,0.0,0.0,0.0,0.0,Building_9,8,MAAC,0.7900000214576721,True,0.0,0.0,0.0,0.28695225715637207,21,8748,0.0,0.0,-0.0,192708,0.0,2.290161371231079,-0.7206843495368958,0.9122849106788635,1.8092275857925415,2.290161371231079,2.290161371231079,106,3.6055586013176897,1.0,0.15405218296174733,0.0,0.0,0.0,-0.8006462454795837,CityLearnV3MADRLRewardFunction,maac_unified_comparable_v4,E1,-0.0,1907,13.750498121688423,1.0,0.12637567748894352,0.0,8759
8,1.0,1.0,0.125,0.0,Building_10,9,MAAC,0.7900000214576721,True,0.0,0.0,0.0,0.28695225715637207,21,8748,0.0,0.0,-0.0,192708,0.0,51.649574279785156,-0.82779860496521,20.574588775634766,40.803165435791016,51.649574279785156,51.649574279785156,78,3.360105033882504,1.0,0.18273844388432992,0.0,0.0,0.0,-0.8006462454795837,CityLearnV3MADRLRewardFunction,maac_unified_comparable_v4,E1,-0.0,1907,13.750498121688423,1.0,0.12637567748894352,0.0,8759
5,0.0,0.0,0.0,0.0,Building_11,10,MAAC,0.7900000214576721,True,0.0,0.0,0.0,0.28695225715637207,21,8748,0.0,0.0,-0.0,192708,0.0,71.54803466796875,-0.8249240517616272,28.501131057739258,56.52294921875,71.54803466796875,71.54803466796875,57,3.2619067009128626,1.0,0.23928079394656315,0.0,0.0,0.0,-0.8006462454795837,CityLearnV3MADRLRewardFunction,maac_unified_comparable_v4,E1,-0.0,1907,13.750498121688423,1.0,0.12637567748894352,0.0,8759
5,0.0,0.0,0.0,0.0,Building_12,11,MAAC,0.7900000214576721,True,0.0,0.0,0.0,0.28695225715637207,21,8748,0.0,0.0,-0.0,192708,0.0,215.11593627929688,-0.838764488697052,85.69135284423828,169.94158935546875,215.11593627929688,215.11593627929688,57,3.3389597125554,1.0,0.24987094744778515,0.0,0.0,0.0,-0.8006462454795837,CityLearnV3MADRLRewardFunction,maac_unified_comparable_v4,E1,-0.0,1907,13.750498121688423,1.0,0.12637567748894352,0.0,8759
13,0.0,0.0,0.0,0.0,Building_13,12,MAAC,0.7900000214576721,True,0.0,0.0,0.0,0.28695225715637207,21,8748,0.0,0.0,-0.0,192708,0.0,2.033022403717041,-0.7370452880859375,0.8098536729812622,1.6060876846313477,2.033022403717041,2.033022403717041,113,3.403809114539315,1.0,0.12623332500194026,0.0,0.0,0.0,-0.8006462454795837,CityLearnV3MADRLRewardFunction,maac_unified_comparable_v4,E1,-0.0,1907,13.750498121688423,1.0,0.12637567748894352,0.0,8759
6,0.0,0.0,0.0,0.0,Building_14,13,MAAC,0.7900000214576721,True,0.0,0.0,0.0,0.28695225715637207,21,8748,0.0,0.0,-0.0,192708,0.0,2.6149511337280273,-0.7391895651817322,1.041664719581604,2.0658113956451416,2.6149511337280273,2.6149511337280273,64,3.255176951228643,1.0,0.2118740746518597,0.0,0.0,0.0,-0.8006462454795837,CityLearnV3MADRLRewardFunction,maac_unified_comparable_v4,E1,-0.0,1907,13.750498121688423,1.0,0.12637567748894352,0.0,8759
10,0.0,0.0,0.0,0.0,Building_15,14,MAAC,0.7900000214576721,True,0.0,0.0,0.0,0.28695225715637207,21,8748,0.0,0.0,-0.0,192708,0.0,19.521480560302734,-0.7946901321411133,7.776374340057373,15.42197036743164,19.521480560302734,19.521480560302734,92,3.3409334739226275,1.0,0.15495973201873509,0.0,0.0,0.0,-0.8006462454795837,CityLearnV3MADRLRewardFunction,maac_unified_comparable_v4,E1,-0.0,1907,13.750498121688423,1.0,0.12637567748894352,0.0,8759
13,0.0,0.0,0.0,0.0,Building_16,15,MAAC,0.7900000214576721,True,0.0,0.0,0.0,0.28695225715637207,21,8748,0.0,0.0,-0.0,192708,0.0,54.89390563964844,-0.8198066353797913,21.866966247558594,43.366188049316406,54.89390563964844,54.89390563964844,113,3.2143965779402284,1.0,0.1177923058250309,0.0,0.0,0.0,-0.8006462454795837,CityLearnV3MADRLRewardFunction,maac_unified_comparable_v4,E1,-0.0,1907,13.750498121688423,1.0,0.12637567748894352,0.0,8759
13,0.0,0.0,0.0,0.0,Building_17,16,MAAC,0.7900000214576721,True,0.0,0.0,0.0,0.28695225715637207,21,8748,0.0,0.0,-0.0,192708,0.0,22.46647071838379,-0.8035537004470825,8.949509620666504,17.748512268066406,22.46647071838379,22.46647071838379,113,3.3307937181696405,1.0,0.12379270970030168,0.0,0.0,0.0,-0.8006462454795837,CityLearnV3MADRLRewardFunction,maac_unified_comparable_v4,E1,-0.0,1907,13.750498121688423,1.0,0.12637567748894352,0.0,8759
6,0.0,0.0,0.0,0.0,Building_1,0,MAAC,0.6990569829940796,False,0.0,0.0,0.0,0.5136660933494568,22,0,0.0,0.0,-0.0,192720,-0.0,0.0,-0.7496611475944519,0.0,0.0,0.0,0.0,64,2.9618343524213757,1.0,0.22615969902835786,0.0,-0.0,323.0112740570068,-0.6726439595222473,CityLearnV3MADRLRewardFunction,maac_unified_comparable_v4,E1,-323.0112740570068,1907,14.667375966919206,1.0,0.17063567261336107,0.0,12
8,0.0,0.0,0.0,0.0,Building_2,1,MAAC,0.6990569829940796,False,0.0,0.0,0.0,0.5136660933494568,22,0,0.0,0.0,-0.0,192720,-0.0,0.0,-0.6644968390464783,0.0,0.0,0.0,0.0,78,2.950000455052437,1.0,0.177865563867948,0.0,-0.0,185.067685546875,-0.6726439595222473,CityLearnV3MADRLRewardFunction,maac_unified_comparable_v4,E1,-185.067685546875,1907,14.667375966919206,1.0,0.17063567261336107,0.0,12
10,0.0,0.0,0.0,0.0,Building_3,2,MAAC,0.6990569829940796,False,0.0,0.0,0.0,0.5136660933494568,22,0,0.0,0.0,-0.0,192720,-0.0,0.0,-0.6129100322723389,0.0,0.0,0.0,0.0,92,4.210690661438774,1.0,0.2756447373362987,0.0,-0.0,134.93618726501467,-0.6726439595222473,CityLearnV3MADRLRewardFunction,maac_unified_comparable_v4,E1,-134.93618726501467,1907,14.667375966919206,1.0,0.17063567261336107,0.0,12
8,0.0,0.0,0.0,0.0,Building_4,3,MAAC,0.6990569829940796,False,0.0,0.0,0.0,0.5136660933494568,22,0,0.0,0.0,-0.0,192720,-0.0,0.0,-0.7149003744125366,0.0,0.0,0.0,0.0,78,3.859729311477998,1.0,0.2838823347328565,0.0,-0.0,57.42619287567139,-0.6726439595222473,CityLearnV3MADRLRewardFunction,maac_unified_comparable_v4,E1,-57.42619287567139,1907,14.667375966919206,1.0,0.17063567261336107,0.0,12
5,0.0,0.0,0.0,0.0,Building_5,4,MAAC,0.6990569829940796,False,0.0,0.0,0.0,0.5136660933494568,22,0,0.0,0.0,-0.0,192720,-0.0,0.0,-0.7335053086280823,0.0,0.0,0.0,0.0,57,3.2855754916078155,1.0,0.2958391694384709,0.0,-0.0,23.488924132537843,-0.6726439595222473,CityLearnV3MADRLRewardFunction,maac_unified_comparable_v4,E1,-23.488924132537843,1907,14.667375966919206,1.0,0.17063567261336107,0.0,12
34,1.0,1.0,0.029411764705882353,0.0,Building_6,5,MAAC,0.6990569829940796,False,0.0,0.0,0.0,0.5136660933494568,22,0,0.0,0.0,-0.0,192720,-0.0,0.0,-0.7018789052963257,0.0,0.0,0.0,0.0,260,6.081697296574895,1.0,0.1935258925247651,0.0,-0.0,480.3083390579223,-0.6726439595222473,CityLearnV3MADRLRewardFunction,maac_unified_comparable_v4,E1,-480.3083390579223,1907,14.667375966919206,1.0,0.17063567261336107,0.0,12
44,1.0,0.0,-0.022727272727272728,-1.0,Building_7,6,MAAC,0.6990569829940796,False,0.0,0.0,0.0,0.5136660933494568,22,0,0.0,0.0,-0.0,192720,-0.0,0.0,-0.6644969582557678,0.0,0.0,0.0,0.0,330,2.948601496217984,1.0,0.04277722485589259,0.0,-0.0,182.6462932044983,-0.6726439595222473,CityLearnV3MADRLRewardFunction,maac_unified_comparable_v4,E1,-182.6462932044983,1907,14.667375966919206,1.0,0.17063567261336107,0.0,12
19,1.0,1.0,0.05263157894736842,0.0,Building_8,7,MAAC,0.6990569829940796,False,0.0,0.0,0.0,0.5136660933494568,22,0,0.0,0.0,-0.0,192720,-0.0,0.0,-0.6644968390464783,0.0,0.0,0.0,0.0,155,2.9314348587071035,1.0,0.09055151103004333,0.0,-0.0,489.17726625061033,-0.6726439595222473,CityLearnV3MADRLRewardFunction,maac_unified_comparable_v4,E1,-489.17726625061033,1907,14.667375966919206,1.0,0.17063567261336107,0.0,12
12,0.0,0.0,0.0,0.0,Building_9,8,MAAC,0.6990569829940796,False,0.0,0.0,0.0,0.5136660933494568,22,0,0.0,0.0,-0.0,192720,-0.0,0.0,-0.6645007133483887,0.0,0.0,0.0,0.0,106,3.6871158094872967,1.0,0.18777087126981537,0.0,-0.0,100.22159924468993,-0.6726439595222473,CityLearnV3MADRLRewardFunction,maac_unified_comparable_v4,E1,-100.22159924468993,1907,14.667375966919206,1.0,0.17063567261336107,0.0,12
8,0.0,0.0,0.0,0.0,Building_10,9,MAAC,0.6990569829940796,False,0.0,0.0,0.0,0.5136660933494568,22,0,0.0,0.0,-0.0,192720,-0.0,0.0,-0.6650144457817078,0.0,0.0,0.0,0.0,78,2.9980161937759577,1.0,0.18567580882555398,0.0,-0.0,330.0147431991577,-0.6726439595222473,CityLearnV3MADRLRewardFunction,maac_unified_comparable_v4,E1,-330.0147431991577,1907,14.667375966919206,1.0,0.17063567261336107,0.0,12
5,0.0,0.0,0.0,0.0,Building_11,10,MAAC,0.6990569829940796,False,0.0,0.0,0.0,0.5136660933494568,22,0,0.0,0.0,-0.0,192720,-0.0,0.0,-0.649366557598114,0.0,0.0,0.0,0.0,57,3.6137905262929917,1.0,0.34560702571220564,0.0,-0.0,976.4471098976135,-0.6726439595222473,CityLearnV3MADRLRewardFunction,maac_unified_comparable_v4,E1,-976.4471098976135,1907,14.667375966919206,1.0,0.17063567261336107,0.0,12
5,0.0,0.0,0.0,0.0,Building_12,11,MAAC,0.6990569829940796,False,0.0,0.0,0.0,0.5136660933494568,22,0,0.0,0.0,-0.0,192720,-0.0,0.0,-0.6413328647613525,0.0,0.0,0.0,0.0,57,3.8853919049950005,1.0,0.39552389830350876,0.0,-0.0,422.9051329612732,-0.6726439595222473,CityLearnV3MADRLRewardFunction,maac_unified_comparable_v4,E1,-422.9051329612732,1907,14.667375966919206,1.0,0.17063567261336107,0.0,12
13,0.0,0.0,0.0,0.0,Building_13,12,MAAC,0.6990569829940796,False,0.0,0.0,0.0,0.5136660933494568,22,0,0.0,0.0,-0.0,192720,-0.0,0.0,-0.6647204756736755,0.0,0.0,0.0,0.0,113,2.943681031488521,1.0,0.12268358534943741,0.0,-0.0,61.57947823791503,-0.6726439595222473,CityLearnV3MADRLRewardFunction,maac_unified_comparable_v4,E1,-61.57947823791503,1907,14.667375966919206,1.0,0.17063567261336107,0.0,12
6,0.0,0.0,0.0,0.0,Building_14,13,MAAC,0.6990569829940796,False,0.0,0.0,0.0,0.5136660933494568,22,0,0.0,0.0,-0.0,192720,-0.0,0.0,-0.672893226146698,0.0,0.0,0.0,0.0,64,3.6937691755574225,1.0,0.32330092031043023,0.0,-0.0,412.1706073005676,-0.6726439595222473,CityLearnV3MADRLRewardFunction,maac_unified_comparable_v4,E1,-412.1706073005676,1907,14.667375966919206,1.0,0.17063567261336107,0.0,12
10,1.0,1.0,0.1,0.0,Building_15,14,MAAC,0.6990569829940796,False,0.0,0.0,0.0,0.5136660933494568,22,0,0.0,0.0,-0.0,192720,-0.0,0.0,-0.6644968390464783,0.0,0.0,0.0,0.0,92,3.010591631312417,1.0,0.15803478216833394,0.0,-0.0,225.9043634643555,-0.6726439595222473,CityLearnV3MADRLRewardFunction,maac_unified_comparable_v4,E1,-225.9043634643555,1907,14.667375966919206,1.0,0.17063567261336107,0.0,12
13,0.0,0.0,0.0,0.0,Building_16,15,MAAC,0.6990569829940796,False,0.0,0.0,0.0,0.5136660933494568,22,0,0.0,0.0,-0.0,192720,-0.0,0.0,-0.6644968390464783,0.0,0.0,0.0,0.0,113,2.9254823895865645,1.0,0.1220536822106986,0.0,-0.0,235.2394178833008,-0.6726439595222473,CityLearnV3MADRLRewardFunction,maac_unified_comparable_v4,E1,-235.2394178833008,1907,14.667375966919206,1.0,0.17063567261336107,0.0,12
13,0.0,0.0,0.0,0.0,Building_17,16,MAAC,0.6990569829940796,False,0.0,0.0,0.0,0.5136660933494568,22,0,0.0,0.0,-0.0,192720,-0.0,0.0,-0.6417781710624695,0.0,0.0,0.0,0.0,113,3.047940693058338,1.0,0.13012534228310121,0.0,-0.0,36.82299024658203,-0.6726439595222473,CityLearnV3MADRLRewardFunction,maac_unified_comparable_v4,E1,-36.82299024658203,1907,14.667375966919206,1.0,0.17063567261336107,0.0,12
6,1.0,1.0,0.16666666666666666,0.0,Building_1,0,MAAC,0.7900000214576721,True,0.0,0.0,0.0,0.5087285041809082,22,8747,0.0,0.0,-0.0,201467,0.0,446.8856201171875,-0.8268980383872986,278.22076416015625,353.0396423339844,446.8856201171875,446.8856201171875,64,3.38499585342491,1.0,0.23785981559194624,0.0,0.0,0.0,-0.7896142601966858,CityLearnV3MADRLRewardFunction,maac_unified_comparable_v4,E1,-0.0,1907,14.533983130459266,1.0,0.14278896469046573,0.0,8759
8,0.0,0.0,0.0,0.0,Building_2,1,MAAC,0.7900000214576721,True,0.0,0.0,0.0,0.5087285041809082,22,8747,0.0,0.0,-0.0,201467,0.0,5.618855953216553,-0.7452517747879028,2.9754133224487305,4.438896179199219,5.618855953216553,5.618855953216553,78,3.557003150267347,1.0,0.20478102488395494,0.0,0.0,0.0,-0.7896142601966858,CityLearnV3MADRLRewardFunction,maac_unified_comparable_v4,E1,-0.0,1907,14.533983130459266,1.0,0.14278896469046573,0.0,8759
10,0.0,0.0,0.0,0.0,Building_3,2,MAAC,0.7900000214576721,True,0.0,0.0,0.0,0.5087285041809082,22,8747,0.0,0.0,-0.0,201467,0.0,98.17061614990234,-0.8212648034095764,51.98534393310547,77.5547866821289,98.17061614990234,98.17061614990234,92,3.432850823611128,1.0,0.16750360798576605,0.0,0.0,0.0,-0.7896142601966858,CityLearnV3MADRLRewardFunction,maac_unified_comparable_v4,E1,-0.0,1907,14.533983130459266,1.0,0.14278896469046573,0.0,8759
8,0.0,0.0,0.0,0.0,Building_4,3,MAAC,0.7900000214576721,True,0.0,0.0,0.0,0.5087285041809082,22,8747,0.0,0.0,-0.0,201467,0.0,28.84416961669922,-0.8013830780982971,15.274164199829102,22.786893844604492,28.84416961669922,28.84416961669922,78,3.3876697833242777,1.0,0.19282962458255964,0.0,0.0,0.0,-0.7896142601966858,CityLearnV3MADRLRewardFunction,maac_unified_comparable_v4,E1,-0.0,1907,14.533983130459266,1.0,0.14278896469046573,0.0,8759
5,0.0,0.0,0.0,0.0,Building_5,4,MAAC,0.7900000214576721,True,0.0,0.0,0.0,0.5087285041809082,22,8747,0.0,0.0,-0.0,201467,0.0,37.89287567138672,-0.8505430221557617,20.06582260131836,29.935373306274414,37.89287567138672,37.89287567138672,57,3.72616146654695,1.0,0.3193246029448091,0.0,0.0,0.0,-0.7896142601966858,CityLearnV3MADRLRewardFunction,maac_unified_comparable_v4,E1,-0.0,1907,14.533983130459266,1.0,0.14278896469046573,0.0,8759
34,1.0,0.0,-0.029411764705882353,-1.0,Building_6,5,MAAC,0.7900000214576721,True,0.0,0.0,0.0,0.5087285041809082,22,8747,0.0,0.0,-0.0,201467,0.0,350.8894348144531,-0.8247638940811157,214.6783905029297,277.2026672363281,350.8894348144531,350.8894348144531,260,3.3827145752249383,1.0,0.057753830689650315,0.0,0.0,0.0,-0.7896142601966858,CityLearnV3MADRLRewardFunction,maac_unified_comparable_v4,E1,-0.0,1907,14.533983130459266,1.0,0.14278896469046573,0.0,8759
44,0.0,0.0,0.0,0.0,Building_7,6,MAAC,0.7900000214576721,True,0.0,0.0,0.0,0.5087285041809082,22,8747,0.0,0.0,-0.0,201467,0.0,18.66022491455078,-0.789490282535553,9.881349563598633,14.741578102111816,18.66022491455078,18.66022491455078,330,3.5840511204939784,1.0,0.049335651867317434,0.0,0.0,0.0,-0.7896142601966858,CityLearnV3MADRLRewardFunction,maac_unified_comparable_v4,E1,-0.0,1907,14.533983130459266,1.0,0.14278896469046573,0.0,8759
19,0.0,0.0,0.0,0.0,Building_8,7,MAAC,0.7900000214576721,True,0.0,0.0,0.0,0.5087285041809082,22,8747,0.0,0.0,-0.0,201467,0.0,19.251495361328125,-0.7872556447982788,10.194452285766602,15.2086820602417,19.251495361328125,19.251495361328125,155,3.608780617508843,1.0,0.10567378026823844,0.0,0.0,0.0,-0.7896142601966858,CityLearnV3MADRLRewardFunction,maac_unified_comparable_v4,E1,-0.0,1907,14.533983130459266,1.0,0.14278896469046573,0.0,8759
12,0.0,0.0,0.0,0.0,Building_9,8,MAAC,0.7900000214576721,True,0.0,0.0,0.0,0.5087285041809082,22,8747,0.0,0.0,-0.0,201467,0.0,2.4506425857543945,-0.7139747142791748,1.297715187072754,1.9360077381134033,2.4506425857543945,2.4506425857543945,106,3.83980145958539,1.0,0.17583709196099695,0.0,0.0,0.0,-0.7896142601966858,CityLearnV3MADRLRewardFunction,maac_unified_comparable_v4,E1,-0.0,1907,14.533983130459266,1.0,0.14278896469046573,0.0,8759
8,0.0,0.0,0.0,0.0,Building_10,9,MAAC,0.7900000214576721,True,0.0,0.0,0.0,0.5087285041809082,22,8747,0.0,0.0,-0.0,201467,0.0,34.33414077758789,-0.8075006008148193,18.18132781982422,27.123971939086914,34.33414077758789,34.33414077758789,78,3.4541903768053306,1.0,0.19893717660735816,0.0,0.0,0.0,-0.7896142601966858,CityLearnV3MADRLRewardFunction,maac_unified_comparable_v4,E1,-0.0,1907,14.533983130459266,1.0,0.14278896469046573,0.0,8759
5,0.0,0.0,0.0,0.0,Building_11,10,MAAC,0.7900000214576721,True,0.0,0.0,0.0,0.5087285041809082,22,8747,0.0,0.0,-0.0,201467,0.0,57.917564392089844,-0.8123514652252197,30.66971206665039,45.754878997802734,57.917564392089844,57.917564392089844,57,3.448111958014723,1.0,0.2683536507058562,0.0,0.0,0.0,-0.7896142601966858,CityLearnV3MADRLRewardFunction,maac_unified_comparable_v4,E1,-0.0,1907,14.533983130459266,1.0,0.14278896469046573,0.0,8759
5,1.0,0.0,-0.2,-1.0,Building_12,11,MAAC,0.7900000214576721,True,-901.5963134765625,0.0,0.0,0.5087285041809082,22,8747,0.0,0.0,-0.0,201467,718.9942016601562,0.0,-0.7756007313728333,-380.73675537109375,0.0,-718.9942016601562,182.60211181640625,57,3.449755348598068,1.0,0.2721508119189948,0.0,0.0,0.0,-0.7896142601966858,CityLearnV3MADRLRewardFunction,maac_unified_comparable_v4,E1,-0.0,1907,14.533983130459266,1.0,0.14278896469046573,0.0,8759
13,0.0,0.0,0.0,0.0,Building_13,12,MAAC,0.7900000214576721,True,0.0,0.0,0.0,0.5087285041809082,22,8747,0.0,0.0,-0.0,201467,0.0,2.789367437362671,-0.7329217195510864,1.4770838022232056,2.2036004066467285,2.789367437362671,2.789367437362671,113,3.600606592255265,1.0,0.14303586941904725,0.0,0.0,0.0,-0.7896142601966858,CityLearnV3MADRLRewardFunction,maac_unified_comparable_v4,E1,-0.0,1907,14.533983130459266,1.0,0.14278896469046573,0.0,8759
6,0.0,0.0,0.0,0.0,Building_14,13,MAAC,0.7900000214576721,True,0.0,0.0,0.0,0.5087285041809082,22,8747,0.0,0.0,-0.0,201467,0.0,2.485826015472412,-0.7315252423286438,1.316346287727356,1.9638025760650635,2.485826015472412,2.485826015472412,64,3.576998515246814,1.0,0.25088791409507394,0.0,0.0,0.0,-0.7896142601966858,CityLearnV3MADRLRewardFunction,maac_unified_comparable_v4,E1,-0.0,1907,14.533983130459266,1.0,0.14278896469046573,0.0,8759
10,0.0,0.0,0.0,0.0,Building_15,14,MAAC,0.7900000214576721,True,0.0,0.0,0.0,0.5087285041809082,22,8747,0.0,0.0,-0.0,201467,0.0,20.5941162109375,-0.7899007797241211,10.905424118041992,16.269351959228516,20.5941162109375,20.5941162109375,92,3.5316653494046566,1.0,0.17399606092468553,0.0,0.0,0.0,-0.7896142601966858,CityLearnV3MADRLRewardFunction,maac_unified_comparable_v4,E1,-0.0,1907,14.533983130459266,1.0,0.14278896469046573,0.0,8759
13,0.0,0.0,0.0,0.0,Building_16,15,MAAC,0.7900000214576721,True,0.0,0.0,0.0,0.5087285041809082,22,8747,0.0,0.0,-0.0,201467,0.0,103.13050842285156,-0.8197761178016663,54.61180877685547,81.47310638427734,103.13050842285156,103.13050842285156,113,3.455776390315884,1.0,0.13925395127946297,0.0,0.0,0.0,-0.7896142601966858,CityLearnV3MADRLRewardFunction,maac_unified_comparable_v4,E1,-0.0,1907,14.533983130459266,1.0,0.14278896469046573,0.0,8759
13,0.0,0.0,0.0,0.0,Building_17,16,MAAC,0.7900000214576721,True,0.0,0.0,0.0,0.5087285041809082,22,8747,0.0,0.0,-0.0,201467,0.0,21.1981143951416,-0.7930407524108887,11.225265502929688,16.746511459350586,21.1981143951416,21.1981143951416,113,3.4683623728135458,1.0,0.14023067017572116,0.0,0.0,0.0,-0.7896142601966858,CityLearnV3MADRLRewardFunction,maac_unified_comparable_v4,E1,-0.0,1907,14.533983130459266,1.0,0.14278896469046573,0.0,8759
6,0.0,0.0,0.0,0.0,Building_1,0,MAAC,0.7292720079421997,False,0.0,0.0,0.0,0.6190729737281799,23,0,0.0,0.0,-0.0,201480,-0.0,0.0,-0.7957033514976501,0.0,0.0,0.0,0.0,64,2.958637656445542,1.0,0.24364912195596844,0.0,-0.0,901.7688590698242,-0.741540253162384,CityLearnV3MADRLRewardFunction,maac_unified_comparable_v4,E1,-901.7688590698242,1907,14.893245101074555,1.0,0.18479457435085314,0.0,13
8,0.0,0.0,0.0,0.0,Building_2,1,MAAC,0.7292720079421997,False,0.0,0.0,0.0,0.6190729737281799,23,0,0.0,0.0,-0.0,201480,-0.0,0.0,-0.712033212184906,0.0,0.0,0.0,0.0,78,3.0304907372761627,1.0,0.19985243095419344,0.0,-0.0,516.11560546875,-0.741540253162384,CityLearnV3MADRLRewardFunction,maac_unified_comparable_v4,E1,-516.11560546875,1907,14.893245101074555,1.0,0.18479457435085314,0.0,13
10,0.0,0.0,0.0,0.0,Building_3,2,MAAC,0.7292720079421997,False,0.0,0.0,0.0,0.6190729737281799,23,0,0.0,0.0,-0.0,201480,-0.0,0.0,-0.767399251461029,0.0,0.0,0.0,0.0,92,3.6412257330393354,1.0,0.22870634439522805,0.0,-0.0,383.1377667358398,-0.741540253162384,CityLearnV3MADRLRewardFunction,maac_unified_comparable_v4,E1,-383.1377667358398,1907,14.893245101074555,1.0,0.18479457435085314,0.0,13
8,0.0,0.0,0.0,0.0,Building_4,3,MAAC,0.7292720079421997,False,0.0,0.0,0.0,0.6190729737281799,23,0,0.0,0.0,-0.0,201480,-0.0,0.0,-0.8696553707122803,0.0,0.0,0.0,0.0,78,3.8048160986788875,1.0,0.29136161133646965,0.0,-0.0,161.12602354125977,-0.741540253162384,CityLearnV3MADRLRewardFunction,maac_unified_comparable_v4,E1,-161.12602354125977,1907,14.893245101074555,1.0,0.18479457435085314,0.0,13
5,0.0,0.0,0.0,0.0,Building_5,4,MAAC,0.7292720079421997,False,0.0,0.0,0.0,0.6190729737281799,23,0,0.0,0.0,-0.0,201480,-0.0,0.0,-0.7863566875457764,0.0,0.0,0.0,0.0,57,3.3433256103966715,1.0,0.32579451786321506,0.0,-0.0,69.24357563476563,-0.741540253162384,CityLearnV3MADRLRewardFunction,maac_unified_comparable_v4,E1,-69.24357563476563,1907,14.893245101074555,1.0,0.18479457435085314,0.0,13
34,0.0,0.0,0.0,0.0,Building_6,5,MAAC,0.7292720079421997,False,0.0,0.0,0.0,0.6190729737281799,23,0,0.0,0.0,-0.0,201480,-0.0,0.0,-0.8723830580711365,0.0,0.0,0.0,0.0,260,6.3960347643843045,1.0,0.21391805579456,0.0,-0.0,1332.762088165283,-0.741540253162384,CityLearnV3MADRLRewardFunction,maac_unified_comparable_v4,E1,-1332.762088165283,1907,14.893245101074555,1.0,0.18479457435085314,0.0,13
44,1.0,1.0,0.022727272727272728,0.0,Building_7,6,MAAC,0.7292720079421997,False,0.0,0.0,0.0,0.6190729737281799,23,0,0.0,0.0,-0.0,201480,-0.0,0.0,-0.712033212184906,0.0,0.0,0.0,0.0,330,3.114780729062433,1.0,0.04837348937536731,0.0,-0.0,519.4921203918457,-0.741540253162384,CityLearnV3MADRLRewardFunction,maac_unified_comparable_v4,E1,-519.4921203918457,1907,14.893245101074555,1.0,0.18479457435085314,0.0,13
19,0.0,0.0,0.0,0.0,Building_8,7,MAAC,0.7292720079421997,False,0.0,0.0,0.0,0.6190729737281799,23,0,0.0,0.0,-0.0,201480,-0.0,0.0,-0.7120330929756165,0.0,0.0,0.0,0.0,155,3.0356411446742118,1.0,0.1017627282008048,0.0,-0.0,1357.0532388305664,-0.741540253162384,CityLearnV3MADRLRewardFunction,maac_unified_comparable_v4,E1,-1357.0532388305664,1907,14.893245101074555,1.0,0.18479457435085314,0.0,13
12,0.0,0.0,0.0,0.0,Building_9,8,MAAC,0.7292720079421997,False,0.0,0.0,0.0,0.6190729737281799,23,0,0.0,0.0,-0.0,201480,-0.0,0.0,-0.7120632529258728,0.0,0.0,0.0,0.0,106,4.0403148363453765,1.0,0.23426927450411725,0.0,-0.0,285.80534162597655,-0.741540253162384,CityLearnV3MADRLRewardFunction,maac_unified_comparable_v4,E1,-285.80534162597655,1907,14.893245101074555,1.0,0.18479457435085314,0.0,13
8,0.0,0.0,0.0,0.0,Building_10,9,MAAC,0.7292720079421997,False,0.0,0.0,0.0,0.6190729737281799,23,0,0.0,0.0,-0.0,201480,-0.0,0.0,-0.7120330929756165,0.0,0.0,0.0,0.0,78,2.9885887863469636,1.0,0.1992535466949145,0.0,-0.0,920.9653324768066,-0.741540253162384,CityLearnV3MADRLRewardFunction,maac_unified_comparable_v4,E1,-920.9653324768066,1907,14.893245101074555,1.0,0.18479457435085314,0.0,13
5,0.0,0.0,0.0,0.0,Building_11,10,MAAC,0.7292720079421997,False,0.0,0.0,0.0,0.6190729737281799,23,0,0.0,0.0,-0.0,201480,-0.0,0.0,-0.7108773589134216,0.0,0.0,0.0,0.0,57,3.6323986238451447,1.0,0.3679701376118158,0.0,-0.0,2741.846281771851,-0.741540253162384,CityLearnV3MADRLRewardFunction,maac_unified_comparable_v4,E1,-2741.846281771851,1907,14.893245101074555,1.0,0.18479457435085314,0.0,13
5,0.0,0.0,0.0,0.0,Building_12,11,MAAC,0.7292720079421997,False,0.0,0.0,0.0,0.6190729737281799,23,0,0.0,0.0,-0.0,201480,-0.0,0.0,-0.6846897602081299,0.0,0.0,0.0,0.0,57,3.906252696093932,1.0,0.41771440221029416,0.0,-0.0,1175.515663909912,-0.741540253162384,CityLearnV3MADRLRewardFunction,maac_unified_comparable_v4,E1,-1175.515663909912,1907,14.893245101074555,1.0,0.18479457435085314,0.0,13
13,0.0,0.0,0.0,0.0,Building_13,12,MAAC,0.7292720079421997,False,0.0,0.0,0.0,0.6190729737281799,23,0,0.0,0.0,-0.0,201480,-0.0,0.0,-0.712276041507721,0.0,0.0,0.0,0.0,113,3.0189701678659593,1.0,0.13765336302793132,0.0,-0.0,174.61268526611326,-0.741540253162384,CityLearnV3MADRLRewardFunction,maac_unified_comparable_v4,E1,-174.61268526611326,1907,14.893245101074555,1.0,0.18479457435085314,0.0,13
6,0.0,0.0,0.0,0.0,Building_14,13,MAAC,0.7292720079421997,False,0.0,0.0,0.0,0.6190729737281799,23,0,0.0,0.0,-0.0,201480,-0.0,0.0,-0.7215946912765503,0.0,0.0,0.0,0.0,64,3.812987946335094,1.0,0.3591057051671669,0.0,-0.0,1146.1052786682128,-0.741540253162384,CityLearnV3MADRLRewardFunction,maac_unified_comparable_v4,E1,-1146.1052786682128,1907,14.893245101074555,1.0,0.18479457435085314,0.0,13
10,0.0,0.0,0.0,0.0,Building_15,14,MAAC,0.7292720079421997,False,0.0,0.0,0.0,0.6190729737281799,23,0,0.0,0.0,-0.0,201480,-0.0,0.0,-0.7120330929756165,0.0,0.0,0.0,0.0,92,3.032136744989656,1.0,0.17019361613885217,0.0,-0.0,635.5335157348634,-0.741540253162384,CityLearnV3MADRLRewardFunction,maac_unified_comparable_v4,E1,-635.5335157348634,1907,14.893245101074555,1.0,0.18479457435085314,0.0,13
13,0.0,0.0,0.0,0.0,Building_16,15,MAAC,0.7292720079421997,False,0.0,0.0,0.0,0.6190729737281799,23,0,0.0,0.0,-0.0,201480,-0.0,0.0,-0.7120331525802612,0.0,0.0,0.0,0.0,113,2.990636153821012,1.0,0.1386763539857569,0.0,-0.0,661.1323328613281,-0.741540253162384,CityLearnV3MADRLRewardFunction,maac_unified_comparable_v4,E1,-661.1323328613281,1907,14.893245101074555,1.0,0.18479457435085314,0.0,13
13,0.0,0.0,0.0,0.0,Building_17,16,MAAC,0.7292720079421997,False,0.0,0.0,0.0,0.6190729737281799,23,0,0.0,0.0,-0.0,201480,-0.0,0.0,-0.7009872794151306,0.0,0.0,0.0,0.0,113,3.1036064143581266,1.0,0.14605663505803168,0.0,-0.0,103.4582147491455,-0.741540253162384,CityLearnV3MADRLRewardFunction,maac_unified_comparable_v4,E1,-103.4582147491455,1907,14.893245101074555,1.0,0.18479457435085314,0.0,13
6,1.0,1.0,0.16666666666666666,0.0,Building_1,0,MAAC,0.7900000214576721,True,0.0,0.0,0.0,0.32958081364631653,23,8746,0.0,0.0,-0.0,210226,0.0,391.586669921875,-0.793595552444458,179.1614532470703,309.3534851074219,391.586669921875,391.586669921875,64,3.2872702475904987,1.0,0.21873825741931796,0.0,0.0,0.0,-0.7458729147911072,CityLearnV3MADRLRewardFunction,maac_unified_comparable_v4,E1,-0.0,1907,13.95283777842494,1.0,0.12996561334560727,0.0,8759
8,0.0,0.0,0.0,0.0,Building_2,1,MAAC,0.7900000214576721,True,0.0,0.0,0.0,0.32958081364631653,23,8746,0.0,0.0,-0.0,210226,0.0,0.1848604530096054,-0.6886159181594849,0.08457864075899124,0.14603976905345917,0.1848604530096054,0.1848604530096054,78,3.4752799610114606,1.0,0.19046565278982505,0.0,0.0,0.0,-0.7458729147911072,CityLearnV3MADRLRewardFunction,maac_unified_comparable_v4,E1,-0.0,1907,13.95283777842494,1.0,0.12996561334560727,0.0,8759
10,0.0,0.0,0.0,0.0,Building_3,2,MAAC,0.7900000214576721,True,0.0,0.0,0.0,0.32958081364631653,23,8746,0.0,0.0,-0.0,210226,0.0,39.0087890625,-0.7754192352294922,17.847572326660156,30.816944122314453,39.0087890625,39.0087890625,92,3.257585808757094,1.0,0.1493938019418198,0.0,0.0,0.0,-0.7458729147911072,CityLearnV3MADRLRewardFunction,maac_unified_comparable_v4,E1,-0.0,1907,13.95283777842494,1.0,0.12996561334560727,0.0,8759
8,0.0,0.0,0.0,0.0,Building_4,3,MAAC,0.7900000214576721,True,0.0,0.0,0.0,0.32958081364631653,23,8746,0.0,0.0,-0.0,210226,0.0,36.67196273803711,-0.7777979969978333,16.778411865234375,28.97085189819336,36.67196273803711,36.67196273803711,78,3.3041770714881267,1.0,0.18108290739548513,0.0,0.0,0.0,-0.7458729147911072,CityLearnV3MADRLRewardFunction,maac_unified_comparable_v4,E1,-0.0,1907,13.95283777842494,1.0,0.12996561334560727,0.0,8759
5,0.0,0.0,0.0,0.0,Building_5,4,MAAC,0.7900000214576721,True,0.0,0.0,0.0,0.32958081364631653,23,8746,0.0,0.0,-0.0,210226,0.0,54.225337982177734,-0.8207332491874695,24.809553146362305,42.838016510009766,54.225337982177734,54.225337982177734,57,3.516218039934787,1.0,0.28820186147564336,0.0,0.0,0.0,-0.7458729147911072,CityLearnV3MADRLRewardFunction,maac_unified_comparable_v4,E1,-0.0,1907,13.95283777842494,1.0,0.12996561334560727,0.0,8759
34,0.0,0.0,0.0,0.0,Building_6,5,MAAC,0.7900000214576721,True,0.0,0.0,0.0,0.32958081364631653,23,8746,0.0,0.0,-0.0,210226,0.0,348.8946838378906,-0.7925431728363037,159.62872314453125,275.6268005371094,348.8946838378906,348.8946838378906,260,3.2489143657012995,1.0,0.05266112324136954,0.0,0.0,0.0,-0.7458729147911072,CityLearnV3MADRLRewardFunction,maac_unified_comparable_v4,E1,-0.0,1907,13.95283777842494,1.0,0.12996561334560727,0.0,8759
44,0.0,0.0,0.0,0.0,Building_7,6,MAAC,0.7900000214576721,True,0.0,0.0,0.0,0.32958081364631653,23,8746,0.0,0.0,-0.0,210226,0.0,2.9800853729248047,-0.7011524438858032,1.3634693622589111,2.3542675971984863,2.9800853729248047,2.9800853729248047,330,3.4957656499025442,1.0,0.045367966253649104,0.0,0.0,0.0,-0.7458729147911072,CityLearnV3MADRLRewardFunction,maac_unified_comparable_v4,E1,-0.0,1907,13.95283777842494,1.0,0.12996561334560727,0.0,8759
19,0.0,0.0,0.0,0.0,Building_8,7,MAAC,0.7900000214576721,True,0.0,0.0,0.0,0.32958081364631653,23,8746,0.0,0.0,-0.0,210226,0.0,6.19936990737915,-0.7141550779342651,2.836378812789917,4.897502422332764,6.19936990737915,6.19936990737915,155,3.414899386619791,1.0,0.0955704515980136,0.0,0.0,0.0,-0.7458729147911072,CityLearnV3MADRLRewardFunction,maac_unified_comparable_v4,E1,-0.0,1907,13.95283777842494,1.0,0.12996561334560727,0.0,8759
12,0.0,0.0,0.0,0.0,Building_9,8,MAAC,0.7900000214576721,True,0.0,0.0,0.0,0.32958081364631653,23,8746,0.0,0.0,-0.0,210226,0.0,2.1350696086883545,-0.6799080967903137,0.9768518805503845,1.6867049932479858,2.1350696086883545,2.1350696086883545,106,3.663587826339345,1.0,0.15911018426688212,0.0,0.0,0.0,-0.7458729147911072,CityLearnV3MADRLRewardFunction,maac_unified_comparable_v4,E1,-0.0,1907,13.95283777842494,1.0,0.12996561334560727,0.0,8759
8,0.0,0.0,0.0,0.0,Building_10,9,MAAC,0.7900000214576721,True,0.0,0.0,0.0,0.32958081364631653,23,8746,0.0,0.0,-0.0,210226,0.0,16.451881408691406,-0.747371256351471,7.52717924118042,12.996986389160156,16.451881408691406,16.451881408691406,78,3.3282031562379544,1.0,0.18087345333053514,0.0,0.0,0.0,-0.7458729147911072,CityLearnV3MADRLRewardFunction,maac_unified_comparable_v4,E1,-0.0,1907,13.95283777842494,1.0,0.12996561334560727,0.0,8759
5,0.0,0.0,0.0,0.0,Building_11,10,MAAC,0.7900000214576721,True,0.0,0.0,0.0,0.32958081364631653,23,8746,0.0,0.0,-0.0,210226,0.0,66.45198059082031,-0.7809200882911682,30.40357208251953,52.497066497802734,66.45198059082031,66.45198059082031,57,3.3305106803062468,1.0,0.24612462625168918,0.0,0.0,0.0,-0.7458729147911072,CityLearnV3MADRLRewardFunction,maac_unified_comparable_v4,E1,-0.0,1907,13.95283777842494,1.0,0.12996561334560727,0.0,8759
5,0.0,0.0,0.0,0.0,Building_12,11,MAAC,0.7900000214576721,True,0.0,0.0,0.0,0.32958081364631653,23,8746,0.0,0.0,-0.0,210226,0.0,155.388671875,-0.785559356212616,71.0945053100586,122.7570571899414,155.388671875,155.388671875,57,3.2919647794556077,1.0,0.24664859421420515,0.0,0.0,0.0,-0.7458729147911072,CityLearnV3MADRLRewardFunction,maac_unified_comparable_v4,E1,-0.0,1907,13.95283777842494,1.0,0.12996561334560727,0.0,8759
13,0.0,0.0,0.0,0.0,Building_13,12,MAAC,0.7900000214576721,True,0.0,0.0,0.0,0.32958081364631653,23,8746,0.0,0.0,-0.0,210226,0.0,0.1047736182808876,-0.6882564425468445,0.04793675243854523,0.08277115970849991,0.1047736182808876,0.1047736182808876,113,3.4473664898902134,1.0,0.1304364784628944,0.0,0.0,0.0,-0.7458729147911072,CityLearnV3MADRLRewardFunction,maac_unified_comparable_v4,E1,-0.0,1907,13.95283777842494,1.0,0.12996561334560727,0.0,8759
6,1.0,1.0,0.16666666666666666,0.0,Building_14,13,MAAC,0.7900000214576721,True,0.0,0.0,0.0,0.32958081364631653,23,8746,0.0,0.0,-0.0,210226,0.0,1.3521205186843872,-0.6935985684394836,0.6186316013336182,1.068175196647644,1.3521205186843872,1.3521205186843872,64,3.356277801861376,1.0,0.22078431257978082,0.0,0.0,0.0,-0.7458729147911072,CityLearnV3MADRLRewardFunction,maac_unified_comparable_v4,E1,-0.0,1907,13.95283777842494,1.0,0.12996561334560727,0.0,8759
10,0.0,0.0,0.0,0.0,Building_15,14,MAAC,0.7900000214576721,True,0.0,0.0,0.0,0.32958081364631653,23,8746,0.0,0.0,-0.0,210226,0.0,15.147623062133789,-0.7438414096832275,6.930445671081543,11.966622352600098,15.147623062133789,15.147623062133789,92,3.3997541579163757,1.0,0.15896850354645564,0.0,0.0,0.0,-0.7458729147911072,CityLearnV3MADRLRewardFunction,maac_unified_comparable_v4,E1,-0.0,1907,13.95283777842494,1.0,0.12996561334560727,0.0,8759
13,0.0,0.0,0.0,0.0,Building_16,15,MAAC,0.7900000214576721,True,0.0,0.0,0.0,0.32958081364631653,23,8746,0.0,0.0,-0.0,210226,0.0,11.957420349121094,-0.7344444990158081,5.470841884613037,9.446362495422363,11.957420349121094,11.957420349121094,113,3.32288257529455,1.0,0.12386924740487495,0.0,0.0,0.0,-0.7458729147911072,CityLearnV3MADRLRewardFunction,maac_unified_comparable_v4,E1,-0.0,1907,13.95283777842494,1.0,0.12996561334560727,0.0,8759
13,0.0,0.0,0.0,0.0,Building_17,16,MAAC,0.7900000214576721,True,0.0,0.0,0.0,0.32958081364631653,23,8746,0.0,0.0,-0.0,210226,0.0,23.087642669677734,-0.761927604675293,10.56321907043457,18.239238739013672,23.087642669677734,23.087642669677734,113,3.360119960406741,1.0,0.12975383965315018,0.0,0.0,0.0,-0.7458729147911072,CityLearnV3MADRLRewardFunction,maac_unified_comparable_v4,E1,-0.0,1907,13.95283777842494,1.0,0.12996561334560727,0.0,8759
6,0.0,0.0,0.0,0.0,Building_1,0,MAAC,0.7657309770584106,False,0.0,0.0,0.0,0.5249574780464172,24,0,0.0,0.0,-0.0,210240,-0.0,0.0,-0.6640933156013489,0.0,0.0,0.0,0.0,64,2.898373353431246,0.9330127239227295,0.21280736882181372,0.0,-0.0,701.5757252593994,-0.6749137043952942,CityLearnV3MADRLRewardFunction,maac_unified_comparable_v4,E1,-701.5757252593994,1907,14.76088575686715,1.0,0.17003983454109722,0.0,14
8,0.0,0.0,0.0,0.0,Building_2,1,MAAC,0.7657309770584106,False,0.0,0.0,0.0,0.5249574780464172,24,0,0.0,0.0,-0.0,210240,-0.0,0.0,-0.6640927195549011,0.0,0.0,0.0,0.0,78,2.87428922931451,0.9330127239227295,0.17007879075856927,0.0,-0.0,401.635869140625,-0.6749137043952942,CityLearnV3MADRLRewardFunction,maac_unified_comparable_v4,E1,-401.635869140625,1907,14.76088575686715,1.0,0.17003983454109722,0.0,14
10,0.0,0.0,0.0,0.0,Building_3,2,MAAC,0.7657309770584106,False,0.0,0.0,0.0,0.5249574780464172,24,0,0.0,0.0,-0.0,210240,-0.0,0.0,-0.6870282888412476,0.0,0.0,0.0,0.0,92,3.7622277369818633,1.0,0.22458058841647985,0.0,-0.0,297.41554025878906,-0.6749137043952942,CityLearnV3MADRLRewardFunction,maac_unified_comparable_v4,E1,-297.41554025878906,1907,14.76088575686715,1.0,0.17003983454109722,0.0,14
8,0.0,0.0,0.0,0.0,Building_4,3,MAAC,0.7657309770584106,False,0.0,0.0,0.0,0.5249574780464172,24,0,0.0,0.0,-0.0,210240,-0.0,0.0,-0.8155969381332397,0.0,0.0,0.0,0.0,78,3.575714971460335,1.0,0.24927115806927666,0.0,-0.0,125.27581451416017,-0.6749137043952942,CityLearnV3MADRLRewardFunction,maac_unified_comparable_v4,E1,-125.27581451416017,1907,14.76088575686715,1.0,0.17003983454109722,0.0,14
5,0.0,0.0,0.0,0.0,Building_5,4,MAAC,0.7657309770584106,False,0.0,0.0,0.0,0.5249574780464172,24,0,0.0,0.0,-0.0,210240,-0.0,0.0,-0.6626944541931152,0.0,0.0,0.0,0.0,57,3.2824542288909924,1.0,0.2875787337849799,0.0,-0.0,53.43387860870362,-0.6749137043952942,CityLearnV3MADRLRewardFunction,maac_unified_comparable_v4,E1,-53.43387860870362,1907,14.76088575686715,1.0,0.17003983454109722,0.0,14
34,1.0,1.0,0.029411764705882353,0.0,Building_6,5,MAAC,0.7657309770584106,False,0.0,0.0,0.0,0.5249574780464172,24,0,0.0,0.0,-0.0,210240,-0.0,0.0,-0.7508367300033569,0.0,0.0,0.0,0.0,260,6.861997739793975,1.0,0.23826458108468124,0.0,-0.0,1037.9774754699706,-0.6749137043952942,CityLearnV3MADRLRewardFunction,maac_unified_comparable_v4,E1,-1037.9774754699706,1907,14.76088575686715,1.0,0.17003983454109722,0.0,14
44,1.0,1.0,0.022727272727272728,0.0,Building_7,6,MAAC,0.7657309770584106,False,0.0,0.0,0.0,0.5249574780464172,24,0,0.0,0.0,-0.0,210240,-0.0,0.0,-0.6640927195549011,0.0,0.0,0.0,0.0,330,2.8926264095619674,0.9330127239227295,0.04068040966028066,0.0,-0.0,403.05568550262456,-0.6749137043952942,CityLearnV3MADRLRewardFunction,maac_unified_comparable_v4,E1,-403.05568550262456,1907,14.76088575686715,1.0,0.17003983454109722,0.0,14
19,0.0,0.0,0.0,0.0,Building_8,7,MAAC,0.7657309770584106,False,0.0,0.0,0.0,0.5249574780464172,24,0,0.0,0.0,-0.0,210240,-0.0,0.0,-0.6640927195549011,0.0,0.0,0.0,0.0,155,2.864137219716032,0.9330127239227295,0.08649036520791631,0.0,-0.0,1056.939999481201,-0.6749137043952942,CityLearnV3MADRLRewardFunction,maac_unified_comparable_v4,E1,-1056.939999481201,1907,14.76088575686715,1.0,0.17003983454109722,0.0,14
12,0.0,0.0,0.0,0.0,Building_9,8,MAAC,0.7657309770584106,False,0.0,0.0,0.0,0.5249574780464172,24,0,0.0,0.0,-0.0,210240,-0.0,0.0,-0.6303679347038269,0.0,0.0,0.0,0.0,106,4.139042764927247,1.0,0.22791572142708696,0.0,-0.0,221.71617525634764,-0.6749137043952942,CityLearnV3MADRLRewardFunction,maac_unified_comparable_v4,E1,-221.71617525634764,1907,14.76088575686715,1.0,0.17003983454109722,0.0,14
8,0.0,0.0,0.0,0.0,Building_10,9,MAAC,0.7657309770584106,False,0.0,0.0,0.0,0.5249574780464172,24,0,0.0,0.0,-0.0,210240,-0.0,0.0,-0.6640927195549011,0.0,0.0,0.0,0.0,78,2.871605656219483,0.9330127239227295,0.17193817369974193,0.0,-0.0,716.5571416122436,-0.6749137043952942,CityLearnV3MADRLRewardFunction,maac_unified_comparable_v4,E1,-716.5571416122436,1907,14.76088575686715,1.0,0.17003983454109722,0.0,14
5,0.0,0.0,0.0,0.0,Building_11,10,MAAC,0.7657309770584106,False,0.0,0.0,0.0,0.5249574780464172,24,0,0.0,0.0,-0.0,210240,-0.0,0.0,-0.6467071771621704,0.0,0.0,0.0,0.0,57,3.568918009095796,1.0,0.3341526458889507,0.0,-0.0,2131.1044458999636,-0.6749137043952942,CityLearnV3MADRLRewardFunction,maac_unified_comparable_v4,E1,-2131.1044458999636,1907,14.76088575686715,1.0,0.17003983454109722,0.0,14
5,0.0,0.0,0.0,0.0,Building_12,11,MAAC,0.7657309770584106,False,0.0,0.0,0.0,0.5249574780464172,24,0,0.0,0.0,-0.0,210240,-0.0,0.0,-0.6305130124092102,0.0,0.0,0.0,0.0,57,3.821576520943465,1.0,0.3774183421771516,0.0,-0.0,915.2318970108032,-0.6749137043952942,CityLearnV3MADRLRewardFunction,maac_unified_comparable_v4,E1,-915.2318970108032,1907,14.76088575686715,1.0,0.17003983454109722,0.0,14
13,1.0,1.0,0.07692307692307693,0.0,Building_13,12,MAAC,0.7657309770584106,False,0.0,0.0,0.0,0.5249574780464172,24,0,0.0,0.0,-0.0,210240,-0.0,0.0,-0.6640928387641907,0.0,0.0,0.0,0.0,113,2.8834147598366315,0.9330127239227295,0.11656865941574879,0.0,-0.0,135.56961401672362,-0.6749137043952942,CityLearnV3MADRLRewardFunction,maac_unified_comparable_v4,E1,-135.56961401672362,1907,14.76088575686715,1.0,0.17003983454109722,0.0,14
6,0.0,0.0,0.0,0.0,Building_14,13,MAAC,0.7657309770584106,False,0.0,0.0,0.0,0.5249574780464172,24,0,0.0,0.0,-0.0,210240,-0.0,0.0,-0.672788143157959,0.0,0.0,0.0,0.0,64,3.607848246596396,1.0,0.3066276598692639,0.0,-0.0,892.275719429016,-0.6749137043952942,CityLearnV3MADRLRewardFunction,maac_unified_comparable_v4,E1,-892.275719429016,1907,14.76088575686715,1.0,0.17003983454109722,0.0,14
10,0.0,0.0,0.0,0.0,Building_15,14,MAAC,0.7657309770584106,False,0.0,0.0,0.0,0.5249574780464172,24,0,0.0,0.0,-0.0,210240,-0.0,0.0,-0.6640927195549011,0.0,0.0,0.0,0.0,92,2.898551772197409,0.9330127239227295,0.1470956431762518,0.0,-0.0,493.8169385528565,-0.6749137043952942,CityLearnV3MADRLRewardFunction,maac_unified_comparable_v4,E1,-493.8169385528565,1907,14.76088575686715,1.0,0.17003983454109722,0.0,14
13,0.0,0.0,0.0,0.0,Building_16,15,MAAC,0.7657309770584106,False,0.0,0.0,0.0,0.5249574780464172,24,0,0.0,0.0,-0.0,210240,-0.0,0.0,-0.6640927195549011,0.0,0.0,0.0,0.0,113,2.8852707307566914,0.9330127239227295,0.11872089333601493,0.0,-0.0,513.7917305419923,-0.6749137043952942,CityLearnV3MADRLRewardFunction,maac_unified_comparable_v4,E1,-513.7917305419923,1907,14.76088575686715,1.0,0.17003983454109722,0.0,14
13,0.0,0.0,0.0,0.0,Building_17,16,MAAC,0.7657309770584106,False,0.0,0.0,0.0,0.5249574780464172,24,0,0.0,0.0,-0.0,210240,-0.0,0.0,-0.6642566323280334,0.0,0.0,0.0,0.0,113,3.0121424471401057,0.9330127239227295,0.12592728154948063,0.0,-0.0,80.42320086669922,-0.6749137043952942,CityLearnV3MADRLRewardFunction,maac_unified_comparable_v4,E1,-80.42320086669922,1907,14.76088575686715,1.0,0.17003983454109722,0.0,14
6,0.0,0.0,0.0,0.0,Building_1,0,MAAC,0.7900000214576721,True,0.0,0.0,0.0,0.28695225715637207,24,8745,0.0,0.0,-0.0,218985,0.0,433.45458984375,-0.8302936553955078,172.66647338867188,342.42913818359375,433.45458984375,433.45458984375,64,3.1783989589966137,1.0,0.20819494465831667,0.0,0.0,0.0,-0.7947611808776855,CityLearnV3MADRLRewardFunction,maac_unified_comparable_v4,E1,-0.0,1907,13.633665191453714,1.0,0.1248739695007506,0.0,8759
8,0.0,0.0,0.0,0.0,Building_2,1,MAAC,0.7900000214576721,True,0.0,0.0,0.0,0.28695225715637207,24,8745,0.0,0.0,-0.0,218985,0.0,15.16435432434082,-0.782177209854126,6.040714740753174,11.979840278625488,15.16435432434082,15.16435432434082,78,3.440439812201264,1.0,0.18829066239488432,0.0,0.0,0.0,-0.7947611808776855,CityLearnV3MADRLRewardFunction,maac_unified_comparable_v4,E1,-0.0,1907,13.633665191453714,1.0,0.1248739695007506,0.0,8759
10,0.0,0.0,0.0,0.0,Building_3,2,MAAC,0.7900000214576721,True,0.0,0.0,0.0,0.28695225715637207,24,8745,0.0,0.0,-0.0,218985,0.0,94.53981018066406,-0.8187089562416077,37.65989685058594,74.68645477294922,94.53981018066406,94.53981018066406,92,3.1966207150248294,1.0,0.14380329045588555,0.0,0.0,0.0,-0.7947611808776855,CityLearnV3MADRLRewardFunction,maac_unified_comparable_v4,E1,-0.0,1907,13.633665191453714,1.0,0.1248739695007506,0.0,8759
8,0.0,0.0,0.0,0.0,Building_4,3,MAAC,0.7900000214576721,True,0.0,0.0,0.0,0.28695225715637207,24,8745,0.0,0.0,-0.0,218985,0.0,31.04317283630371,-0.8094756603240967,12.366035461425781,24.524106979370117,31.04317283630371,31.04317283630371,78,3.248004503462608,1.0,0.17488570272540435,0.0,0.0,0.0,-0.7947611808776855,CityLearnV3MADRLRewardFunction,maac_unified_comparable_v4,E1,-0.0,1907,13.633665191453714,1.0,0.1248739695007506,0.0,8759
5,0.0,0.0,0.0,0.0,Building_5,4,MAAC,0.7900000214576721,True,0.0,0.0,0.0,0.28695225715637207,24,8745,0.0,0.0,-0.0,218985,0.0,38.538970947265625,-0.8477156162261963,15.351984024047852,30.44578742980957,38.538970947265625,38.538970947265625,57,3.437062193060423,1.0,0.27476270405346886,0.0,0.0,0.0,-0.7947611808776855,CityLearnV3MADRLRewardFunction,maac_unified_comparable_v4,E1,-0.0,1907,13.633665191453714,1.0,0.1248739695007506,0.0,8759
34,0.0,0.0,0.0,0.0,Building_6,5,MAAC,0.7900000214576721,True,0.0,0.0,0.0,0.28695225715637207,24,8745,0.0,0.0,-0.0,218985,0.0,362.8901062011719,-0.8287577629089355,144.55712890625,286.6831970214844,362.8901062011719,362.8901062011719,260,3.1757303752808856,1.0,0.050491318994989765,0.0,0.0,0.0,-0.7947611808776855,CityLearnV3MADRLRewardFunction,maac_unified_comparable_v4,E1,-0.0,1907,13.633665191453714,1.0,0.1248739695007506,0.0,8759
44,1.0,1.0,0.022727272727272728,0.0,Building_7,6,MAAC,0.7900000214576721,True,0.0,0.0,0.0,0.28695225715637207,24,8745,0.0,0.0,-0.0,218985,0.0,12.664111137390137,-0.774479329586029,5.044743537902832,10.004648208618164,12.664111137390137,12.664111137390137,330,3.40229832675916,1.0,0.04356052821332758,0.0,0.0,0.0,-0.7947611808776855,CityLearnV3MADRLRewardFunction,maac_unified_comparable_v4,E1,-0.0,1907,13.633665191453714,1.0,0.1248739695007506,0.0,8759
19,0.0,0.0,0.0,0.0,Building_8,7,MAAC,0.7900000214576721,True,0.0,0.0,0.0,0.28695225715637207,24,8745,0.0,0.0,-0.0,218985,0.0,12.065996170043945,-0.7700029611587524,4.806484699249268,9.532136917114258,12.065996170043945,12.065996170043945,155,3.3183619894135505,1.0,0.0906173798826433,0.0,0.0,0.0,-0.7947611808776855,CityLearnV3MADRLRewardFunction,maac_unified_comparable_v4,E1,-0.0,1907,13.633665191453714,1.0,0.1248739695007506,0.0,8759
12,1.0,1.0,0.08333333333333333,0.0,Building_9,8,MAAC,0.7900000214576721,True,0.0,0.0,0.0,0.28695225715637207,24,8745,0.0,0.0,-0.0,218985,0.0,2.290161371231079,-0.7160094976425171,0.9122849106788635,1.8092275857925415,2.290161371231079,2.290161371231079,106,3.5344180686260156,1.0,0.15015167440727073,0.0,0.0,0.0,-0.7947611808776855,CityLearnV3MADRLRewardFunction,maac_unified_comparable_v4,E1,-0.0,1907,13.633665191453714,1.0,0.1248739695007506,0.0,8759
8,0.0,0.0,0.0,0.0,Building_10,9,MAAC,0.7900000214576721,True,0.0,0.0,0.0,0.28695225715637207,24,8745,0.0,0.0,-0.0,218985,0.0,51.649574279785156,-0.8178077340126038,20.574588775634766,40.803165435791016,51.649574279785156,51.649574279785156,78,3.2586233818777,1.0,0.17637883270016083,0.0,0.0,0.0,-0.7947611808776855,CityLearnV3MADRLRewardFunction,maac_unified_comparable_v4,E1,-0.0,1907,13.633665191453714,1.0,0.1248739695007506,0.0,8759
5,0.0,0.0,0.0,0.0,Building_11,10,MAAC,0.7900000214576721,True,0.0,0.0,0.0,0.28695225715637207,24,8745,0.0,0.0,-0.0,218985,0.0,71.54803466796875,-0.8170911073684692,28.501131057739258,56.52294921875,71.54803466796875,71.54803466796875,57,3.2440832583141903,1.0,0.2358612041070796,0.0,0.0,0.0,-0.7947611808776855,CityLearnV3MADRLRewardFunction,maac_unified_comparable_v4,E1,-0.0,1907,13.633665191453714,1.0,0.1248739695007506,0.0,8759
5,0.0,0.0,0.0,0.0,Building_12,11,MAAC,0.7900000214576721,True,0.0,0.0,0.0,0.28695225715637207,24,8745,0.0,0.0,-0.0,218985,0.0,215.11593627929688,-0.8290983438491821,85.69135284423828,169.94158935546875,215.11593627929688,215.11593627929688,57,3.223954180027888,1.0,0.23959604415454364,0.0,0.0,0.0,-0.7947611808776855,CityLearnV3MADRLRewardFunction,maac_unified_comparable_v4,E1,-0.0,1907,13.633665191453714,1.0,0.1248739695007506,0.0,8759
13,0.0,0.0,0.0,0.0,Building_13,12,MAAC,0.7900000214576721,True,0.0,0.0,0.0,0.28695225715637207,24,8745,0.0,0.0,-0.0,218985,0.0,2.033022403717041,-0.7325780391693115,0.8098536729812622,1.6060876846313477,2.033022403717041,2.033022403717041,113,3.3820685642638577,1.0,0.12555447293330083,0.0,0.0,0.0,-0.7947611808776855,CityLearnV3MADRLRewardFunction,maac_unified_comparable_v4,E1,-0.0,1907,13.633665191453714,1.0,0.1248739695007506,0.0,8759
6,0.0,0.0,0.0,0.0,Building_14,13,MAAC,0.7900000214576721,True,0.0,0.0,0.0,0.28695225715637207,24,8745,0.0,0.0,-0.0,218985,0.0,2.6149511337280273,-0.7351343035697937,1.041664719581604,2.0658113956451416,2.6149511337280273,2.6149511337280273,64,3.364241224398594,1.0,0.22032575344201177,0.0,0.0,0.0,-0.7947611808776855,CityLearnV3MADRLRewardFunction,maac_unified_comparable_v4,E1,-0.0,1907,13.633665191453714,1.0,0.1248739695007506,0.0,8759
10,0.0,0.0,0.0,0.0,Building_15,14,MAAC,0.7900000214576721,True,0.0,0.0,0.0,0.28695225715637207,24,8745,0.0,0.0,-0.0,218985,0.0,19.521480560302734,-0.7894043922424316,7.776374340057373,15.42197036743164,19.521480560302734,19.521480560302734,92,3.3265632700973287,1.0,0.15312790004131588,0.0,0.0,0.0,-0.7947611808776855,CityLearnV3MADRLRewardFunction,maac_unified_comparable_v4,E1,-0.0,1907,13.633665191453714,1.0,0.1248739695007506,0.0,8759
13,0.0,0.0,0.0,0.0,Building_16,15,MAAC,0.7900000214576721,True,0.0,0.0,0.0,0.28695225715637207,24,8745,0.0,0.0,-0.0,218985,0.0,54.89390563964844,-0.8153802156448364,21.866966247558594,43.366188049316406,54.89390563964844,54.89390563964844,113,3.21439643423095,1.0,0.11779228538538503,0.0,0.0,0.0,-0.7947611808776855,CityLearnV3MADRLRewardFunction,maac_unified_comparable_v4,E1,-0.0,1907,13.633665191453714,1.0,0.1248739695007506,0.0,8759
13,0.0,0.0,0.0,0.0,Building_17,16,MAAC,0.7900000214576721,True,0.0,0.0,0.0,0.28695225715637207,24,8745,0.0,0.0,-0.0,218985,0.0,22.46647071838379,-0.79682457447052,8.949509620666504,17.748512268066406,22.46647071838379,22.46647071838379,113,3.2404744312772285,1.0,0.12018717357278925,0.0,0.0,0.0,-0.7947611808776855,CityLearnV3MADRLRewardFunction,maac_unified_comparable_v4,E1,-0.0,1907,13.633665191453714,1.0,0.1248739695007506,0.0,8759
6,0.0,0.0,0.0,0.0,Building_1,0,MAAC,0.752174973487854,False,0.0,0.0,0.0,0.411760538816452,25,0,0.0,0.0,-0.0,219000,-0.0,0.0,-0.7896448969841003,0.0,0.0,0.0,0.0,64,2.8730577010485865,1.0,0.20956000441219658,0.0,-0.0,358.85947464599604,-0.7547841668128967,CityLearnV3MADRLRewardFunction,maac_unified_comparable_v4,E1,-358.85947464599604,1907,14.55440394602546,1.0,0.16398077483147805,0.0,15
8,0.0,0.0,0.0,0.0,Building_2,1,MAAC,0.752174973487854,False,0.0,0.0,0.0,0.411760538816452,25,0,0.0,0.0,-0.0,219000,-0.0,0.0,-0.7043284773826599,0.0,0.0,0.0,0.0,78,2.9022613259335213,1.0,0.16679534077262267,0.0,-0.0,205.5804931640625,-0.7547841668128967,CityLearnV3MADRLRewardFunction,maac_unified_comparable_v4,E1,-205.5804931640625,1907,14.55440394602546,1.0,0.16398077483147805,0.0,15
10,0.0,0.0,0.0,0.0,Building_3,2,MAAC,0.752174973487854,False,0.0,0.0,0.0,0.411760538816452,25,0,0.0,0.0,-0.0,219000,-0.0,0.0,-0.8476938009262085,0.0,0.0,0.0,0.0,92,3.551944213497349,1.0,0.20397915723531143,0.0,-0.0,150.3569041732788,-0.7547841668128967,CityLearnV3MADRLRewardFunction,maac_unified_comparable_v4,E1,-150.3569041732788,1907,14.55440394602546,1.0,0.16398077483147805,0.0,15
8,0.0,0.0,0.0,0.0,Building_4,3,MAAC,0.752174973487854,False,0.0,0.0,0.0,0.411760538816452,25,0,0.0,0.0,-0.0,219000,-0.0,0.0,-0.7906007170677185,0.0,0.0,0.0,0.0,78,3.6272823291400176,1.0,0.24694842300735986,0.0,-0.0,63.85892264709473,-0.7547841668128967,CityLearnV3MADRLRewardFunction,maac_unified_comparable_v4,E1,-63.85892264709473,1907,14.55440394602546,1.0,0.16398077483147805,0.0,15
5,0.0,0.0,0.0,0.0,Building_5,4,MAAC,0.752174973487854,False,0.0,0.0,0.0,0.411760538816452,25,0,0.0,0.0,-0.0,219000,-0.0,0.0,-0.7578665614128113,0.0,0.0,0.0,0.0,57,3.24223419088903,1.0,0.28304809371107503,0.0,-0.0,26.33112230758667,-0.7547841668128967,CityLearnV3MADRLRewardFunction,maac_unified_comparable_v4,E1,-26.33112230758667,1907,14.55440394602546,1.0,0.16398077483147805,0.0,15
34,0.0,0.0,0.0,0.0,Building_6,5,MAAC,0.752174973487854,False,0.0,0.0,0.0,0.411760538816452,25,0,0.0,0.0,-0.0,219000,-0.0,0.0,-0.8646739721298218,0.0,0.0,0.0,0.0,260,6.6944225575047245,1.0,0.22751666677112764,0.0,-0.0,533.1258451873779,-0.7547841668128967,CityLearnV3MADRLRewardFunction,maac_unified_comparable_v4,E1,-533.1258451873779,1907,14.55440394602546,1.0,0.16398077483147805,0.0,15
44,1.0,1.0,0.022727272727272728,0.0,Building_7,6,MAAC,0.752174973487854,False,0.0,0.0,0.0,0.411760538816452,25,0,0.0,0.0,-0.0,219000,-0.0,0.0,-0.8184133768081665,0.0,0.0,0.0,0.0,330,2.991322308257956,1.0,0.04120399590694543,0.0,-0.0,203.53231896514893,-0.7547841668128967,CityLearnV3MADRLRewardFunction,maac_unified_comparable_v4,E1,-203.53231896514893,1907,14.55440394602546,1.0,0.16398077483147805,0.0,15
19,0.0,0.0,0.0,0.0,Building_8,7,MAAC,0.752174973487854,False,0.0,0.0,0.0,0.411760538816452,25,0,0.0,0.0,-0.0,219000,-0.0,0.0,-0.704323947429657,0.0,0.0,0.0,0.0,155,2.833525731401727,1.0,0.08342796242044818,0.0,-0.0,542.9513458587646,-0.7547841668128967,CityLearnV3MADRLRewardFunction,maac_unified_comparable_v4,E1,-542.9513458587646,1907,14.55440394602546,1.0,0.16398077483147805,0.0,15
12,0.0,0.0,0.0,0.0,Building_9,8,MAAC,0.752174973487854,False,0.0,0.0,0.0,0.411760538816452,25,0,0.0,0.0,-0.0,219000,-0.0,0.0,-0.6695720553398132,0.0,0.0,0.0,0.0,106,4.478752107115603,1.0,0.2591377868545505,0.0,-0.0,111.73543601608276,-0.7547841668128967,CityLearnV3MADRLRewardFunction,maac_unified_comparable_v4,E1,-111.73543601608276,1907,14.55440394602546,1.0,0.16398077483147805,0.0,15
8,0.0,0.0,0.0,0.0,Building_10,9,MAAC,0.752174973487854,False,0.0,0.0,0.0,0.411760538816452,25,0,0.0,0.0,-0.0,219000,-0.0,0.0,-0.7833671569824219,0.0,0.0,0.0,0.0,78,2.9207515063076066,1.0,0.17437016610533762,0.0,-0.0,366.6186316886902,-0.7547841668128967,CityLearnV3MADRLRewardFunction,maac_unified_comparable_v4,E1,-366.6186316886902,1907,14.55440394602546,1.0,0.16398077483147805,0.0,15
5,0.0,0.0,0.0,0.0,Building_11,10,MAAC,0.752174973487854,False,0.0,0.0,0.0,0.411760538816452,25,0,0.0,0.0,-0.0,219000,-0.0,0.0,-0.779323935508728,0.0,0.0,0.0,0.0,57,3.0004581004178594,1.0,0.2432008002672279,0.0,-0.0,1085.78201530838,-0.7547841668128967,CityLearnV3MADRLRewardFunction,maac_unified_comparable_v4,E1,-1085.78201530838,1907,14.55440394602546,1.0,0.16398077483147805,0.0,15
5,0.0,0.0,0.0,0.0,Building_12,11,MAAC,0.752174973487854,False,0.0,0.0,0.0,0.411760538816452,25,0,0.0,0.0,-0.0,219000,-0.0,0.0,-0.6692255735397339,0.0,0.0,0.0,0.0,57,3.811126900281569,1.0,0.370537280905665,0.0,-0.0,469.5308078575134,-0.7547841668128967,CityLearnV3MADRLRewardFunction,maac_unified_comparable_v4,E1,-469.5308078575134,1907,14.55440394602546,1.0,0.16398077483147805,0.0,15
13,0.0,0.0,0.0,0.0,Building_13,12,MAAC,0.752174973487854,False,0.0,0.0,0.0,0.411760538816452,25,0,0.0,0.0,-0.0,219000,-0.0,0.0,-0.7055073380470276,0.0,0.0,0.0,0.0,113,2.858729390129014,1.0,0.11347868768251047,0.0,-0.0,68.59839574432372,-0.7547841668128967,CityLearnV3MADRLRewardFunction,maac_unified_comparable_v4,E1,-68.59839574432372,1907,14.55440394602546,1.0,0.16398077483147805,0.0,15
6,0.0,0.0,0.0,0.0,Building_14,13,MAAC,0.752174973487854,False,0.0,0.0,0.0,0.411760538816452,25,0,0.0,0.0,-0.0,219000,-0.0,0.0,-0.779323935508728,0.0,0.0,0.0,0.0,64,3.337947762807566,1.0,0.2672365327598527,0.0,-0.0,457.6382774581909,-0.7547841668128967,CityLearnV3MADRLRewardFunction,maac_unified_comparable_v4,E1,-457.6382774581909,1907,14.55440394602546,1.0,0.16398077483147805,0.0,15
10,0.0,0.0,0.0,0.0,Building_15,14,MAAC,0.752174973487854,False,0.0,0.0,0.0,0.411760538816452,25,0,0.0,0.0,-0.0,219000,-0.0,0.0,-0.7043256163597107,0.0,0.0,0.0,0.0,92,2.9292432285066687,1.0,0.14654222349433796,0.0,-0.0,251.2729926651001,-0.7547841668128967,CityLearnV3MADRLRewardFunction,maac_unified_comparable_v4,E1,-251.2729926651001,1907,14.55440394602546,1.0,0.16398077483147805,0.0,15
13,0.0,0.0,0.0,0.0,Building_16,15,MAAC,0.752174973487854,False,0.0,0.0,0.0,0.411760538816452,25,0,0.0,0.0,-0.0,219000,-0.0,0.0,-0.7043371796607971,0.0,0.0,0.0,0.0,113,2.837800475728602,1.0,0.113427833711679,0.0,-0.0,261.61555473632814,-0.7547841668128967,CityLearnV3MADRLRewardFunction,maac_unified_comparable_v4,E1,-261.61555473632814,1907,14.55440394602546,1.0,0.16398077483147805,0.0,15
13,1.0,1.0,0.07692307692307693,0.0,Building_17,16,MAAC,0.752174973487854,False,0.0,0.0,0.0,0.411760538816452,25,0,0.0,0.0,-0.0,219000,-0.0,0.0,-0.7588022351264954,0.0,0.0,0.0,0.0,113,3.001683134511828,1.0,0.1253687184864441,0.0,-0.0,40.95766224899291,-0.7547841668128967,CityLearnV3MADRLRewardFunction,maac_unified_comparable_v4,E1,-40.95766224899291,1907,14.55440394602546,1.0,0.16398077483147805,0.0,15
6,0.0,0.0,0.0,0.0,Building_1,0,MAAC,0.7900000214576721,True,0.0,0.0,0.0,0.5087285041809082,25,8744,0.0,0.0,-0.0,227744,0.0,446.8856201171875,-0.838711142539978,295.3177185058594,353.0396423339844,446.8856201171875,446.8856201171875,64,3.385035994905744,1.0,0.2378704131115228,0.0,0.0,0.0,-0.8071135878562927,CityLearnV3MADRLRewardFunction,maac_unified_comparable_v4,E1,-0.0,1907,14.5403142387297,1.0,0.142755861499107,0.0,8759
8,0.0,0.0,0.0,0.0,Building_2,1,MAAC,0.7900000214576721,True,0.0,0.0,0.0,0.5087285041809082,25,8744,0.0,0.0,-0.0,227744,0.0,5.618855953216553,-0.7573603391647339,3.231775999069214,4.438896179199219,5.618855953216553,5.618855953216553,78,3.6100819419588532,1.0,0.20760083198547363,0.0,0.0,0.0,-0.8071135878562927,CityLearnV3MADRLRewardFunction,maac_unified_comparable_v4,E1,-0.0,1907,14.5403142387297,1.0,0.142755861499107,0.0,8759
10,1.0,1.0,0.1,0.0,Building_3,2,MAAC,0.7900000214576721,True,0.0,0.0,0.0,0.5087285041809082,25,8744,0.0,0.0,-0.0,227744,0.0,98.17061614990234,-0.8270162343978882,64.49418640136719,77.5547866821289,98.17061614990234,98.17061614990234,92,3.403992683418309,1.0,0.16444294381400812,0.0,0.0,0.0,-0.8071135878562927,CityLearnV3MADRLRewardFunction,maac_unified_comparable_v4,E1,-0.0,1907,14.5403142387297,1.0,0.142755861499107,0.0,8759
8,0.0,0.0,0.0,0.0,Building_4,3,MAAC,0.7900000214576721,True,0.0,0.0,0.0,0.5087285041809082,25,8744,0.0,0.0,-0.0,227744,0.0,28.84416961669922,-0.8185495734214783,18.605215072631836,22.786893844604492,28.84416961669922,28.84416961669922,78,3.511719389852842,1.0,0.20238704826587287,0.0,0.0,0.0,-0.8071135878562927,CityLearnV3MADRLRewardFunction,maac_unified_comparable_v4,E1,-0.0,1907,14.5403142387297,1.0,0.142755861499107,0.0,8759
5,0.0,0.0,0.0,0.0,Building_5,4,MAAC,0.7900000214576721,True,0.0,0.0,0.0,0.5087285041809082,25,8744,0.0,0.0,-0.0,227744,0.0,37.89287567138672,-0.8633559346199036,24.59478759765625,29.935373306274414,37.89287567138672,37.89287567138672,57,3.7574886182549583,1.0,0.3215185735832181,0.0,0.0,0.0,-0.8071135878562927,CityLearnV3MADRLRewardFunction,maac_unified_comparable_v4,E1,-0.0,1907,14.5403142387297,1.0,0.142755861499107,0.0,8759
34,1.0,1.0,0.029411764705882353,0.0,Building_6,5,MAAC,0.7900000214576721,True,0.0,0.0,0.0,0.5087285041809082,25,8744,0.0,0.0,-0.0,227744,0.0,350.8894348144531,-0.837215781211853,231.7753448486328,277.2026672363281,350.8894348144531,350.8894348144531,260,3.383639343776935,1.0,0.05781181804262675,0.0,0.0,0.0,-0.8071135878562927,CityLearnV3MADRLRewardFunction,maac_unified_comparable_v4,E1,-0.0,1907,14.5403142387297,1.0,0.142755861499107,0.0,8759
44,1.0,1.0,0.022727272727272728,0.0,Building_7,6,MAAC,0.7900000214576721,True,0.0,0.0,0.0,0.5087285041809082,25,8744,0.0,0.0,-0.0,227744,0.0,18.66022491455078,-0.8012797236442566,11.86419677734375,14.741578102111816,18.66022491455078,18.66022491455078,330,3.584276133044555,1.0,0.049338293436801794,0.0,0.0,0.0,-0.8071135878562927,CityLearnV3MADRLRewardFunction,maac_unified_comparable_v4,E1,-0.0,1907,14.5403142387297,1.0,0.142755861499107,0.0,8759
19,0.0,0.0,0.0,0.0,Building_8,7,MAAC,0.7900000214576721,True,0.0,0.0,0.0,0.5087285041809082,25,8744,0.0,0.0,-0.0,227744,0.0,19.251495361328125,-0.7998979687690735,12.255574226379395,15.2086820602417,19.251495361328125,19.251495361328125,155,3.622220835059784,1.0,0.10677304863929749,0.0,0.0,0.0,-0.8071135878562927,CityLearnV3MADRLRewardFunction,maac_unified_comparable_v4,E1,-0.0,1907,14.5403142387297,1.0,0.142755861499107,0.0,8759
12,0.0,0.0,0.0,0.0,Building_9,8,MAAC,0.7900000214576721,True,0.0,0.0,0.0,0.5087285041809082,25,8744,0.0,0.0,-0.0,227744,0.0,2.4506425857543945,-0.7257629036903381,1.297715187072754,1.9360077381134033,2.4506425857543945,2.4506425857543945,106,3.8409268366549365,1.0,0.17587795713037815,0.0,0.0,0.0,-0.8071135878562927,CityLearnV3MADRLRewardFunction,maac_unified_comparable_v4,E1,-0.0,1907,14.5403142387297,1.0,0.142755861499107,0.0,8759
8,0.0,0.0,0.0,0.0,Building_10,9,MAAC,0.7900000214576721,True,0.0,0.0,0.0,0.5087285041809082,25,8744,0.0,0.0,-0.0,227744,0.0,34.33414077758789,-0.8232821822166443,22.239168167114258,27.123971939086914,34.33414077758789,34.33414077758789,78,3.542152425735019,1.0,0.2050812864341797,0.0,0.0,0.0,-0.8071135878562927,CityLearnV3MADRLRewardFunction,maac_unified_comparable_v4,E1,-0.0,1907,14.5403142387297,1.0,0.142755861499107,0.0,8759
5,0.0,0.0,0.0,0.0,Building_11,10,MAAC,0.7900000214576721,True,0.0,0.0,0.0,0.5087285041809082,25,8744,0.0,0.0,-0.0,227744,0.0,57.917564392089844,-0.8241368532180786,37.849647521972656,45.754878997802734,57.917564392089844,57.917564392089844,57,3.448111958014723,1.0,0.2683536507058562,0.0,0.0,0.0,-0.8071135878562927,CityLearnV3MADRLRewardFunction,maac_unified_comparable_v4,E1,-0.0,1907,14.5403142387297,1.0,0.142755861499107,0.0,8759
5,0.0,0.0,0.0,0.0,Building_12,11,MAAC,0.7900000214576721,True,0.0,0.0,0.0,0.5087285041809082,25,8744,0.0,0.0,-0.0,227744,0.0,182.6020965576172,-0.8415199518203735,120.38157653808594,144.2556610107422,182.6020965576172,182.6020965576172,57,3.483471792096052,1.0,0.2751567023887969,0.0,0.0,0.0,-0.8071135878562927,CityLearnV3MADRLRewardFunction,maac_unified_comparable_v4,E1,-0.0,1907,14.5403142387297,1.0,0.142755861499107,0.0,8759
13,1.0,0.0,-0.07692307692307693,-1.0,Building_13,12,MAAC,0.7900000214576721,True,-59.27895736694336,0.0,0.0,0.5087285041809082,25,8744,0.0,0.0,-0.0,227744,56.48958969116211,0.0,-0.787568986415863,-29.913541793823242,0.0,-56.48958969116211,2.78936767578125,113,3.4873183561665893,1.0,0.13811205920919908,0.0,0.0,0.0,-0.8071135878562927,CityLearnV3MADRLRewardFunction,maac_unified_comparable_v4,E1,-0.0,1907,14.5403142387297,1.0,0.142755861499107,0.0,8759
6,0.0,0.0,0.0,0.0,Building_14,13,MAAC,0.7900000214576721,True,0.0,0.0,0.0,0.5087285041809082,25,8744,0.0,0.0,-0.0,227744,0.0,2.485826015472412,-0.7428107857704163,1.316346287727356,1.9638025760650635,2.485826015472412,2.485826015472412,64,3.442332804407788,1.0,0.23891398264095187,0.0,0.0,0.0,-0.8071135878562927,CityLearnV3MADRLRewardFunction,maac_unified_comparable_v4,E1,-0.0,1907,14.5403142387297,1.0,0.142755861499107,0.0,8759
10,1.0,0.0,-0.1,-1.0,Building_15,14,MAAC,0.7900000214576721,True,0.0,0.0,0.0,0.5087285041809082,25,8744,0.0,0.0,-0.0,227744,0.0,20.5941162109375,-0.8017439246177673,13.14428997039795,16.269351959228516,20.5941162109375,20.5941162109375,92,3.532288265265939,1.0,0.17411251382335372,0.0,0.0,0.0,-0.8071135878562927,CityLearnV3MADRLRewardFunction,maac_unified_comparable_v4,E1,-0.0,1907,14.5403142387297,1.0,0.142755861499107,0.0,8759
13,0.0,0.0,0.0,0.0,Building_16,15,MAAC,0.7900000214576721,True,0.0,0.0,0.0,0.5087285041809082,25,8744,0.0,0.0,-0.0,227744,0.0,103.13050842285156,-0.8270344138145447,67.77726745605469,81.47310638427734,103.13050842285156,103.13050842285156,113,3.4391181264782613,1.0,0.13754139695547324,0.0,0.0,0.0,-0.8071135878562927,CityLearnV3MADRLRewardFunction,maac_unified_comparable_v4,E1,-0.0,1907,14.5403142387297,1.0,0.142755861499107,0.0,8759
13,0.0,0.0,0.0,0.0,Building_17,16,MAAC,0.7900000214576721,True,0.0,0.0,0.0,0.5087285041809082,25,8744,0.0,0.0,-0.0,227744,0.0,21.1981143951416,-0.8036840558052063,13.544092178344727,16.746511459350586,21.1981143951416,21.1981143951416,113,3.4403096634470773,1.0,0.13838623503668118,0.0,0.0,0.0,-0.8071135878562927,CityLearnV3MADRLRewardFunction,maac_unified_comparable_v4,E1,-0.0,1907,14.5403142387297,1.0,0.142755861499107,0.0,8759
6,0.0,0.0,0.0,0.0,Building_1,0,MAAC,0.7900000214576721,False,0.0,0.0,0.0,0.43466824293136597,26,0,0.0,0.0,-0.0,227760,-0.0,0.0,-0.5404364466667175,0.0,0.0,0.0,0.0,64,3.3512938559391947,1.0,0.22822004300542176,0.0,0.0,0.0,-0.4808776378631592,CityLearnV3MADRLRewardFunction,maac_unified_comparable_v4,E1,-0.0,1907,14.133936100907311,1.0,0.13253982093157837,0.0,1
8,0.0,0.0,0.0,0.0,Building_2,1,MAAC,0.7900000214576721,False,0.0,0.0,0.0,0.43466824293136597,26,0,0.0,0.0,-0.0,227760,-0.0,0.0,-0.42957639694213867,0.0,0.0,0.0,0.0,78,3.4313283575988627,1.0,0.18794509099844176,0.0,0.0,0.0,-0.4808776378631592,CityLearnV3MADRLRewardFunction,maac_unified_comparable_v4,E1,-0.0,1907,14.133936100907311,1.0,0.13253982093157837,0.0,1
10,0.0,0.0,0.0,0.0,Building_3,2,MAAC,0.7900000214576721,False,0.0,0.0,0.0,0.43466824293136597,26,0,0.0,0.0,-0.0,227760,-0.0,0.0,-0.5275378823280334,0.0,0.0,0.0,0.0,92,3.48253435869289,1.0,0.16693019502512788,0.0,0.0,0.0,-0.4808776378631592,CityLearnV3MADRLRewardFunction,maac_unified_comparable_v4,E1,-0.0,1907,14.133936100907311,1.0,0.13253982093157837,0.0,1
8,0.0,0.0,0.0,0.0,Building_4,3,MAAC,0.7900000214576721,False,0.0,0.0,0.0,0.43466824293136597,26,0,0.0,0.0,-0.0,227760,-0.0,0.0,-0.4954773783683777,0.0,0.0,0.0,0.0,78,3.3526943269816174,1.0,0.18393695717438674,0.0,0.0,0.0,-0.4808776378631592,CityLearnV3MADRLRewardFunction,maac_unified_comparable_v4,E1,-0.0,1907,14.133936100907311,1.0,0.13253982093157837,0.0,1
5,0.0,0.0,0.0,0.0,Building_5,4,MAAC,0.7900000214576721,False,0.0,0.0,0.0,0.43466824293136597,26,0,0.0,0.0,-0.0,227760,-0.0,0.0,-0.5226952433586121,0.0,0.0,0.0,0.0,57,3.402492142442395,1.0,0.26281924611120894,0.0,0.0,0.0,-0.4808776378631592,CityLearnV3MADRLRewardFunction,maac_unified_comparable_v4,E1,-0.0,1907,14.133936100907311,1.0,0.13253982093157837,0.0,1
34,0.0,0.0,0.0,0.0,Building_6,5,MAAC,0.7900000214576721,False,0.0,0.0,0.0,0.43466824293136597,26,0,0.0,0.0,-0.0,227760,-0.0,0.0,-0.5332043170928955,0.0,0.0,0.0,0.0,260,3.337631548597973,1.0,0.05485789380394496,0.0,0.0,0.0,-0.4808776378631592,CityLearnV3MADRLRewardFunction,maac_unified_comparable_v4,E1,-0.0,1907,14.133936100907311,1.0,0.13253982093157837,0.0,1
44,0.0,0.0,0.0,0.0,Building_7,6,MAAC,0.7900000214576721,False,0.0,0.0,0.0,0.43466824293136597,26,0,0.0,0.0,-0.0,227760,-0.0,0.0,-0.42984431982040405,0.0,0.0,0.0,0.0,330,3.4149667010378306,1.0,0.0442771235650236,0.0,0.0,0.0,-0.4808776378631592,CityLearnV3MADRLRewardFunction,maac_unified_comparable_v4,E1,-0.0,1907,14.133936100907311,1.0,0.13253982093157837,0.0,1
19,0.0,0.0,0.0,0.0,Building_8,7,MAAC,0.7900000214576721,False,0.0,0.0,0.0,0.43466824293136597,26,0,0.0,0.0,-0.0,227760,-0.0,0.0,-0.4296156167984009,0.0,0.0,0.0,0.0,155,3.4274495038608204,1.0,0.09453268541443732,0.0,0.0,0.0,-0.4808776378631592,CityLearnV3MADRLRewardFunction,maac_unified_comparable_v4,E1,-0.0,1907,14.133936100907311,1.0,0.13253982093157837,0.0,1
12,0.0,0.0,0.0,0.0,Building_9,8,MAAC,0.7900000214576721,False,0.0,0.0,0.0,0.43466824293136597,26,0,0.0,0.0,-0.0,227760,-0.0,0.0,-0.440209299325943,0.0,0.0,0.0,0.0,106,3.529678408946232,1.0,0.14727685909788563,0.0,0.0,0.0,-0.4808776378631592,CityLearnV3MADRLRewardFunction,maac_unified_comparable_v4,E1,-0.0,1907,14.133936100907311,1.0,0.13253982093157837,0.0,1
8,0.0,0.0,0.0,0.0,Building_10,9,MAAC,0.7900000214576721,False,0.0,0.0,0.0,0.43466824293136597,26,0,0.0,0.0,-0.0,227760,-0.0,0.0,-0.45351532101631165,0.0,0.0,0.0,0.0,78,3.3837904344710794,1.0,0.18562943305676946,0.0,0.0,0.0,-0.4808776378631592,CityLearnV3MADRLRewardFunction,maac_unified_comparable_v4,E1,-0.0,1907,14.133936100907311,1.0,0.13253982093157837,0.0,1
5,0.0,0.0,0.0,0.0,Building_11,10,MAAC,0.7900000214576721,False,0.0,0.0,0.0,0.43466824293136597,26,0,0.0,0.0,-0.0,227760,-0.0,0.0,-0.5222524404525757,0.0,0.0,0.0,0.0,57,3.5403805670328476,1.0,0.27776590970001724,0.0,0.0,0.0,-0.4808776378631592,CityLearnV3MADRLRewardFunction,maac_unified_comparable_v4,E1,-0.0,1907,14.133936100907311,1.0,0.13253982093157837,0.0,1
5,0.0,0.0,0.0,0.0,Building_12,11,MAAC,0.7900000214576721,False,0.0,0.0,0.0,0.43466824293136597,26,0,0.0,0.0,-0.0,227760,-0.0,0.0,-0.5358073115348816,0.0,0.0,0.0,0.0,57,3.4962380139454767,1.0,0.2744191836631089,0.0,0.0,0.0,-0.4808776378631592,CityLearnV3MADRLRewardFunction,maac_unified_comparable_v4,E1,-0.0,1907,14.133936100907311,1.0,0.13253982093157837,0.0,1
13,0.0,0.0,0.0,0.0,Building_13,12,MAAC,0.7900000214576721,False,0.0,0.0,0.0,0.43466824293136597,26,0,0.0,0.0,-0.0,227760,-0.0,0.0,-0.4297164976596832,0.0,0.0,0.0,0.0,113,3.4175228854689714,1.0,0.1292976727791592,0.0,0.0,0.0,-0.4808776378631592,CityLearnV3MADRLRewardFunction,maac_unified_comparable_v4,E1,-0.0,1907,14.133936100907311,1.0,0.13253982093157837,0.0,1
6,0.0,0.0,0.0,0.0,Building_14,13,MAAC,0.7900000214576721,False,0.0,0.0,0.0,0.43466824293136597,26,0,0.0,0.0,-0.0,227760,-0.0,0.0,-0.43422025442123413,0.0,0.0,0.0,0.0,64,3.4308843135518807,1.0,0.22929084510542452,0.0,0.0,0.0,-0.4808776378631592,CityLearnV3MADRLRewardFunction,maac_unified_comparable_v4,E1,-0.0,1907,14.133936100907311,1.0,0.13253982093157837,0.0,1
10,1.0,0.0,-0.1,-1.0,Building_15,14,MAAC,0.7900000214576721,False,0.0,0.0,0.0,0.43466824293136597,26,0,0.0,0.0,-0.0,227760,-0.0,0.0,-0.455189049243927,0.0,0.0,0.0,0.0,92,3.3986295796773476,1.0,0.15721253054621426,0.0,0.0,0.0,-0.4808776378631592,CityLearnV3MADRLRewardFunction,maac_unified_comparable_v4,E1,-0.0,1907,14.133936100907311,1.0,0.13253982093157837,0.0,1
13,0.0,0.0,0.0,0.0,Building_16,15,MAAC,0.7900000214576721,False,0.0,0.0,0.0,0.43466824293136597,26,0,0.0,0.0,-0.0,227760,-0.0,0.0,-0.4951109290122986,0.0,0.0,0.0,0.0,113,3.376408750082525,1.0,0.12812193028167285,0.0,0.0,0.0,-0.4808776378631592,CityLearnV3MADRLRewardFunction,maac_unified_comparable_v4,E1,-0.0,1907,14.133936100907311,1.0,0.13253982093157837,0.0,1
13,0.0,0.0,0.0,0.0,Building_17,16,MAAC,0.7900000214576721,False,0.0,0.0,0.0,0.43466824293136597,26,0,0.0,0.0,-0.0,227760,-0.0,0.0,-0.5005115866661072,0.0,0.0,0.0,0.0,113,3.4928962461426605,1.0,0.13702333118535776,0.0,0.0,0.0,-0.4808776378631592,CityLearnV3MADRLRewardFunction,maac_unified_comparable_v4,E1,-0.0,1907,14.133936100907311,1.0,0.13253982093157837,0.0,1
6,0.0,0.0,0.0,0.0,Building_1,0,MAAC,0.7900000214576721,True,0.0,0.0,0.0,0.32958081364631653,26,8758,0.0,0.0,-0.0,236518,0.0,391.586669921875,-0.7974963188171387,179.1614532470703,309.3534851074219,391.586669921875,391.586669921875,64,3.287309439928868,1.0,0.21874830476008356,0.0,0.0,0.0,-0.7514046430587769,CityLearnV3MADRLRewardFunction,maac_unified_comparable_v4,E1,-0.0,1907,14.086650749708685,1.0,0.13156940078135243,0.0,8759
8,0.0,0.0,0.0,0.0,Building_2,1,MAAC,0.7900000214576721,True,0.0,0.0,0.0,0.32958081364631653,26,8758,0.0,0.0,-0.0,236518,0.0,0.1848604530096054,-0.6924609541893005,0.08457864075899124,0.14603976905345917,0.1848604530096054,0.1848604530096054,78,3.3817930109363243,1.0,0.18329332616084662,0.0,0.0,0.0,-0.7514046430587769,CityLearnV3MADRLRewardFunction,maac_unified_comparable_v4,E1,-0.0,1907,14.086650749708685,1.0,0.13156940078135243,0.0,8759
10,0.0,0.0,0.0,0.0,Building_3,2,MAAC,0.7900000214576721,True,0.0,0.0,0.0,0.32958081364631653,26,8758,0.0,0.0,-0.0,236518,0.0,39.0087890625,-0.7812331914901733,17.847572326660156,30.816944122314453,39.0087890625,39.0087890625,92,3.2751977080092773,1.0,0.15149999636670816,0.0,0.0,0.0,-0.7514046430587769,CityLearnV3MADRLRewardFunction,maac_unified_comparable_v4,E1,-0.0,1907,14.086650749708685,1.0,0.13156940078135243,0.0,8759
8,0.0,0.0,0.0,0.0,Building_4,3,MAAC,0.7900000214576721,True,0.0,0.0,0.0,0.32958081364631653,26,8758,0.0,0.0,-0.0,236518,0.0,36.67196273803711,-0.7828258872032166,16.778411865234375,28.97085189819336,36.67196273803711,36.67196273803711,78,3.329760538359555,1.0,0.18276223616722304,0.0,0.0,0.0,-0.7514046430587769,CityLearnV3MADRLRewardFunction,maac_unified_comparable_v4,E1,-0.0,1907,14.086650749708685,1.0,0.13156940078135243,0.0,8759
5,0.0,0.0,0.0,0.0,Building_5,4,MAAC,0.7900000214576721,True,0.0,0.0,0.0,0.32958081364631653,26,8758,0.0,0.0,-0.0,236518,0.0,54.225337982177734,-0.8282074332237244,24.809553146362305,42.838016510009766,54.225337982177734,54.225337982177734,57,3.5778527566275122,1.0,0.29371340259125356,0.0,0.0,0.0,-0.7514046430587769,CityLearnV3MADRLRewardFunction,maac_unified_comparable_v4,E1,-0.0,1907,14.086650749708685,1.0,0.13156940078135243,0.0,8759
34,0.0,0.0,0.0,0.0,Building_6,5,MAAC,0.7900000214576721,True,0.0,0.0,0.0,0.32958081364631653,26,8758,0.0,0.0,-0.0,236518,0.0,348.8946838378906,-0.8025306463241577,159.62872314453125,275.6268005371094,348.8946838378906,348.8946838378906,260,3.3095674735468195,1.0,0.05443664273390403,0.0,0.0,0.0,-0.7514046430587769,CityLearnV3MADRLRewardFunction,maac_unified_comparable_v4,E1,-0.0,1907,14.086650749708685,1.0,0.13156940078135243,0.0,8759
44,0.0,0.0,0.0,0.0,Building_7,6,MAAC,0.7900000214576721,True,0.0,0.0,0.0,0.32958081364631653,26,8758,0.0,0.0,-0.0,236518,0.0,2.9800853729248047,-0.7050248980522156,1.3634693622589111,2.3542675971984863,2.9800853729248047,2.9800853729248047,330,3.4958736061042814,1.0,0.045369110120968385,0.0,0.0,0.0,-0.7514046430587769,CityLearnV3MADRLRewardFunction,maac_unified_comparable_v4,E1,-0.0,1907,14.086650749708685,1.0,0.13156940078135243,0.0,8759
19,0.0,0.0,0.0,0.0,Building_8,7,MAAC,0.7900000214576721,True,0.0,0.0,0.0,0.32958081364631653,26,8758,0.0,0.0,-0.0,236518,0.0,6.19936990737915,-0.7179358005523682,2.836378812789917,4.897502422332764,6.19936990737915,6.19936990737915,155,3.407783748391579,1.0,0.09520746815589166,0.0,0.0,0.0,-0.7514046430587769,CityLearnV3MADRLRewardFunction,maac_unified_comparable_v4,E1,-0.0,1907,14.086650749708685,1.0,0.13156940078135243,0.0,8759
12,0.0,0.0,0.0,0.0,Building_9,8,MAAC,0.7900000214576721,True,0.0,0.0,0.0,0.32958081364631653,26,8758,0.0,0.0,-0.0,236518,0.0,2.1350696086883545,-0.6838789582252502,0.9768518805503845,1.6867049932479858,2.1350696086883545,2.1350696086883545,106,3.7071812238673725,1.0,0.1607723058956974,0.0,0.0,0.0,-0.7514046430587769,CityLearnV3MADRLRewardFunction,maac_unified_comparable_v4,E1,-0.0,1907,14.086650749708685,1.0,0.13156940078135243,0.0,8759
8,0.0,0.0,0.0,0.0,Building_10,9,MAAC,0.7900000214576721,True,0.0,0.0,0.0,0.32958081364631653,26,8758,0.0,0.0,-0.0,236518,0.0,16.451881408691406,-0.7544991374015808,7.52717924118042,12.996986389160156,16.451881408691406,16.451881408691406,78,3.4673030080453446,1.0,0.19071369513105124,0.0,0.0,0.0,-0.7514046430587769,CityLearnV3MADRLRewardFunction,maac_unified_comparable_v4,E1,-0.0,1907,14.086650749708685,1.0,0.13156940078135243,0.0,8759
5,0.0,0.0,0.0,0.0,Building_11,10,MAAC,0.7900000214576721,True,0.0,0.0,0.0,0.32958081364631653,26,8758,0.0,0.0,-0.0,236518,0.0,66.45198059082031,-0.7847800850868225,30.40357208251953,52.497066497802734,66.45198059082031,66.45198059082031,57,3.3304674548362376,1.0,0.24611202065359084,0.0,0.0,0.0,-0.7514046430587769,CityLearnV3MADRLRewardFunction,maac_unified_comparable_v4,E1,-0.0,1907,14.086650749708685,1.0,0.13156940078135243,0.0,8759
5,0.0,0.0,0.0,0.0,Building_12,11,MAAC,0.7900000214576721,True,0.0,0.0,0.0,0.32958081364631653,26,8758,0.0,0.0,-0.0,236518,0.0,155.388671875,-0.8018140196800232,71.0945053100586,122.7570571899414,155.388671875,155.388671875,57,3.4345771889998593,1.0,0.26067758992052914,0.0,0.0,0.0,-0.7514046430587769,CityLearnV3MADRLRewardFunction,maac_unified_comparable_v4,E1,-0.0,1907,14.086650749708685,1.0,0.13156940078135243,0.0,8759
13,1.0,1.0,0.07692307692307693,0.0,Building_13,12,MAAC,0.7900000214576721,True,0.0,0.0,0.0,0.32958081364631653,26,8758,0.0,0.0,-0.0,236518,0.0,0.1047736182808876,-0.692131757736206,0.04793675243854523,0.08277115970849991,0.1047736182808876,0.1047736182808876,113,3.476061757576613,1.0,0.13145154292604563,0.0,0.0,0.0,-0.7514046430587769,CityLearnV3MADRLRewardFunction,maac_unified_comparable_v4,E1,-0.0,1907,14.086650749708685,1.0,0.13156940078135243,0.0,8759
6,0.0,0.0,0.0,0.0,Building_14,13,MAAC,0.7900000214576721,True,0.0,0.0,0.0,0.32958081364631653,26,8758,0.0,0.0,-0.0,236518,0.0,1.3521205186843872,-0.6977543234825134,0.6186316013336182,1.068175196647644,1.3521205186843872,1.3521205186843872,64,3.496212903972434,1.0,0.23326956015080214,0.0,0.0,0.0,-0.7514046430587769,CityLearnV3MADRLRewardFunction,maac_unified_comparable_v4,E1,-0.0,1907,14.086650749708685,1.0,0.13156940078135243,0.0,8759
10,0.0,0.0,0.0,0.0,Building_15,14,MAAC,0.7900000214576721,True,0.0,0.0,0.0,0.32958081364631653,26,8758,0.0,0.0,-0.0,236518,0.0,15.147623062133789,-0.747758686542511,6.930445671081543,11.966622352600098,15.147623062133789,15.147623062133789,92,3.400440253192818,1.0,0.15909178976131522,0.0,0.0,0.0,-0.7514046430587769,CityLearnV3MADRLRewardFunction,maac_unified_comparable_v4,E1,-0.0,1907,14.086650749708685,1.0,0.13156940078135243,0.0,8759
13,0.0,0.0,0.0,0.0,Building_16,15,MAAC,0.7900000214576721,True,0.0,0.0,0.0,0.32958081364631653,26,8758,0.0,0.0,-0.0,236518,0.0,11.957420349121094,-0.7383152842521667,5.470841884613037,9.446362495422363,11.957420349121094,11.957420349121094,113,3.3228556845101744,1.0,0.12386529806968385,0.0,0.0,0.0,-0.7514046430587769,CityLearnV3MADRLRewardFunction,maac_unified_comparable_v4,E1,-0.0,1907,14.086650749708685,1.0,0.13156940078135243,0.0,8759
13,0.0,0.0,0.0,0.0,Building_17,16,MAAC,0.7900000214576721,True,0.0,0.0,0.0,0.32958081364631653,26,8758,0.0,0.0,-0.0,236518,0.0,23.087642669677734,-0.7652314305305481,10.56321907043457,18.239238739013672,23.087642669677734,23.087642669677734,113,3.350163676209361,1.0,0.12891528590590554,0.0,0.0,0.0,-0.7514046430587769,CityLearnV3MADRLRewardFunction,maac_unified_comparable_v4,E1,-0.0,1907,14.086650749708685,1.0,0.13156940078135243,0.0,8759
6,0.0,0.0,0.0,0.0,Building_1,0,MAAC,0.7900000214576721,False,0.0,0.0,0.0,0.43774908781051636,27,0,0.0,0.0,-0.0,236520,-0.0,0.0,-0.6146625280380249,0.0,0.0,0.0,0.0,64,3.411525864499873,1.0,0.23431225784588605,0.0,0.0,0.0,-0.5590137243270874,CityLearnV3MADRLRewardFunction,maac_unified_comparable_v4,E1,-0.0,1907,14.564101789909802,1.0,0.1375542874572536,0.0,2
8,0.0,0.0,0.0,0.0,Building_2,1,MAAC,0.7900000214576721,False,0.0,0.0,0.0,0.43774908781051636,27,0,0.0,0.0,-0.0,236520,-0.0,0.0,-0.5060569047927856,0.0,0.0,0.0,0.0,78,3.536407057061777,1.0,0.195424760476901,0.0,0.0,0.0,-0.5590137243270874,CityLearnV3MADRLRewardFunction,maac_unified_comparable_v4,E1,-0.0,1907,14.564101789909802,1.0,0.1375542874572536,0.0,2
10,0.0,0.0,0.0,0.0,Building_3,2,MAAC,0.7900000214576721,False,0.0,0.0,0.0,0.43774908781051636,27,0,0.0,0.0,-0.0,236520,-0.0,0.0,-0.5752574801445007,0.0,0.0,0.0,0.0,92,3.60555005569515,1.0,0.1740509603658448,0.0,0.0,0.0,-0.5590137243270874,CityLearnV3MADRLRewardFunction,maac_unified_comparable_v4,E1,-0.0,1907,14.564101789909802,1.0,0.1375542874572536,0.0,2
8,0.0,0.0,0.0,0.0,Building_4,3,MAAC,0.7900000214576721,False,0.0,0.0,0.0,0.43774908781051636,27,0,0.0,0.0,-0.0,236520,-0.0,0.0,-0.5591148138046265,0.0,0.0,0.0,0.0,78,3.464355359802187,1.0,0.19151021702549395,0.0,0.0,0.0,-0.5590137243270874,CityLearnV3MADRLRewardFunction,maac_unified_comparable_v4,E1,-0.0,1907,14.564101789909802,1.0,0.1375542874572536,0.0,2
5,0.0,0.0,0.0,0.0,Building_5,4,MAAC,0.7900000214576721,False,0.0,0.0,0.0,0.43774908781051636,27,0,0.0,0.0,-0.0,236520,-0.0,0.0,-0.5955145955085754,0.0,0.0,0.0,0.0,57,3.5496438730528648,1.0,0.2758568998491555,0.0,0.0,0.0,-0.5590137243270874,CityLearnV3MADRLRewardFunction,maac_unified_comparable_v4,E1,-0.0,1907,14.564101789909802,1.0,0.1375542874572536,0.0,2
34,1.0,0.0,-0.029411764705882353,-1.0,Building_6,5,MAAC,0.7900000214576721,False,0.0,0.0,0.0,0.43774908781051636,27,0,0.0,0.0,-0.0,236520,-0.0,0.0,-0.6102343797683716,0.0,0.0,0.0,0.0,260,3.452531263128258,1.0,0.05761011775869589,0.0,0.0,0.0,-0.5590137243270874,CityLearnV3MADRLRewardFunction,maac_unified_comparable_v4,E1,-0.0,1907,14.564101789909802,1.0,0.1375542874572536,0.0,2
44,0.0,0.0,0.0,0.0,Building_7,6,MAAC,0.7900000214576721,False,0.0,0.0,0.0,0.43774908781051636,27,0,0.0,0.0,-0.0,236520,-0.0,0.0,-0.5116909742355347,0.0,0.0,0.0,0.0,330,3.5196323656745663,1.0,0.04606499367139556,0.0,0.0,0.0,-0.5590137243270874,CityLearnV3MADRLRewardFunction,maac_unified_comparable_v4,E1,-0.0,1907,14.564101789909802,1.0,0.1375542874572536,0.0,2
19,0.0,0.0,0.0,0.0,Building_8,7,MAAC,0.7900000214576721,False,0.0,0.0,0.0,0.43774908781051636,27,0,0.0,0.0,-0.0,236520,-0.0,0.0,-0.5083274245262146,0.0,0.0,0.0,0.0,155,3.5353589126896305,1.0,0.09840945779315886,0.0,0.0,0.0,-0.5590137243270874,CityLearnV3MADRLRewardFunction,maac_unified_comparable_v4,E1,-0.0,1907,14.564101789909802,1.0,0.1375542874572536,0.0,2
12,0.0,0.0,0.0,0.0,Building_9,8,MAAC,0.7900000214576721,False,0.0,0.0,0.0,0.43774908781051636,27,0,0.0,0.0,-0.0,236520,-0.0,0.0,-0.5148105025291443,0.0,0.0,0.0,0.0,106,3.650516143787624,1.0,0.1527974137438918,0.0,0.0,0.0,-0.5590137243270874,CityLearnV3MADRLRewardFunction,maac_unified_comparable_v4,E1,-0.0,1907,14.564101789909802,1.0,0.1375542874572536,0.0,2
8,1.0,1.0,0.125,0.0,Building_10,9,MAAC,0.7900000214576721,False,0.0,0.0,0.0,0.43774908781051636,27,0,0.0,0.0,-0.0,236520,-0.0,0.0,-0.5810869336128235,0.0,0.0,0.0,0.0,78,3.492491613218173,1.0,0.19376026724393552,0.0,0.0,0.0,-0.5590137243270874,CityLearnV3MADRLRewardFunction,maac_unified_comparable_v4,E1,-0.0,1907,14.564101789909802,1.0,0.1375542874572536,0.0,2
5,0.0,0.0,0.0,0.0,Building_11,10,MAAC,0.7900000214576721,False,0.0,0.0,0.0,0.43774908781051636,27,0,0.0,0.0,-0.0,236520,-0.0,0.0,-0.6010268330574036,0.0,0.0,0.0,0.0,57,3.6306434062596864,1.0,0.2827958995312975,0.0,0.0,0.0,-0.5590137243270874,CityLearnV3MADRLRewardFunction,maac_unified_comparable_v4,E1,-0.0,1907,14.564101789909802,1.0,0.1375542874572536,0.0,2
5,0.0,0.0,0.0,0.0,Building_12,11,MAAC,0.7900000214576721,False,0.0,0.0,0.0,0.43774908781051636,27,0,0.0,0.0,-0.0,236520,-0.0,0.0,-0.6103187203407288,0.0,0.0,0.0,0.0,57,3.5907660295555397,1.0,0.2799655484002933,0.0,0.0,0.0,-0.5590137243270874,CityLearnV3MADRLRewardFunction,maac_unified_comparable_v4,E1,-0.0,1907,14.564101789909802,1.0,0.1375542874572536,0.0,2
13,0.0,0.0,0.0,0.0,Building_13,12,MAAC,0.7900000214576721,False,0.0,0.0,0.0,0.43774908781051636,27,0,0.0,0.0,-0.0,236520,-0.0,0.0,-0.5080215930938721,0.0,0.0,0.0,0.0,113,3.5227462782343553,1.0,0.13456583741755612,0.0,0.0,0.0,-0.5590137243270874,CityLearnV3MADRLRewardFunction,maac_unified_comparable_v4,E1,-0.0,1907,14.564101789909802,1.0,0.1375542874572536,0.0,2
6,0.0,0.0,0.0,0.0,Building_14,13,MAAC,0.7900000214576721,False,0.0,0.0,0.0,0.43774908781051636,27,0,0.0,0.0,-0.0,236520,-0.0,0.0,-0.5114824771881104,0.0,0.0,0.0,0.0,64,3.5064414738050185,1.0,0.2365992950508371,0.0,0.0,0.0,-0.5590137243270874,CityLearnV3MADRLRewardFunction,maac_unified_comparable_v4,E1,-0.0,1907,14.564101789909802,1.0,0.1375542874572536,0.0,2
10,0.0,0.0,0.0,0.0,Building_15,14,MAAC,0.7900000214576721,False,0.0,0.0,0.0,0.43774908781051636,27,0,0.0,0.0,-0.0,236520,-0.0,0.0,-0.516234278678894,0.0,0.0,0.0,0.0,92,3.538171539981524,1.0,0.16653400400410528,0.0,0.0,0.0,-0.5590137243270874,CityLearnV3MADRLRewardFunction,maac_unified_comparable_v4,E1,-0.0,1907,14.564101789909802,1.0,0.1375542874572536,0.0,2
13,0.0,0.0,0.0,0.0,Building_16,15,MAAC,0.7900000214576721,False,0.0,0.0,0.0,0.43774908781051636,27,0,0.0,0.0,-0.0,236520,-0.0,0.0,-0.5981907844543457,0.0,0.0,0.0,0.0,113,3.4326414527602274,1.0,0.13125098470301755,0.0,0.0,0.0,-0.5590137243270874,CityLearnV3MADRLRewardFunction,maac_unified_comparable_v4,E1,-0.0,1907,14.564101789909802,1.0,0.1375542874572536,0.0,2
13,1.0,1.0,0.07692307692307693,0.0,Building_17,16,MAAC,0.7900000214576721,False,0.0,0.0,0.0,0.43774908781051636,27,0,0.0,0.0,-0.0,236520,-0.0,0.0,-0.5812015533447266,0.0,0.0,0.0,0.0,113,3.5992517778668245,1.0,0.14230994616462067,0.0,0.0,0.0,-0.5590137243270874,CityLearnV3MADRLRewardFunction,maac_unified_comparable_v4,E1,-0.0,1907,14.564101789909802,1.0,0.1375542874572536,0.0,2
6,0.0,0.0,0.0,0.0,Building_1,0,MAAC,0.7900000214576721,True,0.0,0.0,0.0,0.28695225715637207,27,8757,0.0,0.0,-0.0,245277,0.0,433.45458984375,-0.8331040143966675,172.66647338867188,342.42913818359375,433.45458984375,433.45458984375,64,3.178399085580274,1.0,0.20819497609045357,0.0,0.0,0.0,-0.7987757921218872,CityLearnV3MADRLRewardFunction,maac_unified_comparable_v4,E1,-0.0,1907,13.759973862337853,1.0,0.12619788163133047,0.0,8759
8,0.0,0.0,0.0,0.0,Building_2,1,MAAC,0.7900000214576721,True,0.0,0.0,0.0,0.28695225715637207,27,8757,0.0,0.0,-0.0,245277,0.0,15.16435432434082,-0.7844308614730835,6.040714740753174,11.979840278625488,15.16435432434082,15.16435432434082,78,3.401552702253231,1.0,0.18644248054195672,0.0,0.0,0.0,-0.7987757921218872,CityLearnV3MADRLRewardFunction,maac_unified_comparable_v4,E1,-0.0,1907,13.759973862337853,1.0,0.12619788163133047,0.0,8759
10,0.0,0.0,0.0,0.0,Building_3,2,MAAC,0.7900000214576721,True,0.0,0.0,0.0,0.28695225715637207,27,8757,0.0,0.0,-0.0,245277,0.0,94.53981018066406,-0.821273684501648,37.65989685058594,74.68645477294922,94.53981018066406,94.53981018066406,92,3.195945593452072,1.0,0.14368924782004044,0.0,0.0,0.0,-0.7987757921218872,CityLearnV3MADRLRewardFunction,maac_unified_comparable_v4,E1,-0.0,1907,13.759973862337853,1.0,0.12619788163133047,0.0,8759
8,0.0,0.0,0.0,0.0,Building_4,3,MAAC,0.7900000214576721,True,0.0,0.0,0.0,0.28695225715637207,27,8757,0.0,0.0,-0.0,245277,0.0,31.04317283630371,-0.8130213618278503,12.366035461425781,24.524106979370117,31.04317283630371,31.04317283630371,78,3.2697570197584613,1.0,0.17613719164943084,0.0,0.0,0.0,-0.7987757921218872,CityLearnV3MADRLRewardFunction,maac_unified_comparable_v4,E1,-0.0,1907,13.759973862337853,1.0,0.12619788163133047,0.0,8759
5,0.0,0.0,0.0,0.0,Building_5,4,MAAC,0.7900000214576721,True,0.0,0.0,0.0,0.28695225715637207,27,8757,0.0,0.0,-0.0,245277,0.0,38.538970947265625,-0.8575376272201538,15.351984024047852,30.44578742980957,38.538970947265625,38.538970947265625,57,3.569820855954589,1.0,0.28811852202603694,0.0,0.0,0.0,-0.7987757921218872,CityLearnV3MADRLRewardFunction,maac_unified_comparable_v4,E1,-0.0,1907,13.759973862337853,1.0,0.12619788163133047,0.0,8759
34,1.0,1.0,0.029411764705882353,0.0,Building_6,5,MAAC,0.7900000214576721,True,0.0,0.0,0.0,0.28695225715637207,27,8757,0.0,0.0,-0.0,245277,0.0,362.8901062011719,-0.8315348029136658,144.55712890625,286.6831970214844,362.8901062011719,362.8901062011719,260,3.175684521438439,1.0,0.05048852388102275,0.0,0.0,0.0,-0.7987757921218872,CityLearnV3MADRLRewardFunction,maac_unified_comparable_v4,E1,-0.0,1907,13.759973862337853,1.0,0.12619788163133047,0.0,8759
44,1.0,1.0,0.022727272727272728,0.0,Building_7,6,MAAC,0.7900000214576721,True,0.0,0.0,0.0,0.28695225715637207,27,8757,0.0,0.0,-0.0,245277,0.0,12.664111137390137,-0.7772883772850037,5.044743537902832,10.004648208618164,12.664111137390137,12.664111137390137,330,3.4021877641608125,1.0,0.04355938272042708,0.0,0.0,0.0,-0.7987757921218872,CityLearnV3MADRLRewardFunction,maac_unified_comparable_v4,E1,-0.0,1907,13.759973862337853,1.0,0.12619788163133047,0.0,8759
19,1.0,1.0,0.05263157894736842,0.0,Building_8,7,MAAC,0.7900000214576721,True,0.0,0.0,0.0,0.28695225715637207,27,8757,0.0,0.0,-0.0,245277,0.0,12.065996170043945,-0.7728452682495117,4.806484699249268,9.532136917114258,12.065996170043945,12.065996170043945,155,3.318987853621055,1.0,0.09068272647357756,0.0,0.0,0.0,-0.7987757921218872,CityLearnV3MADRLRewardFunction,maac_unified_comparable_v4,E1,-0.0,1907,13.759973862337853,1.0,0.12619788163133047,0.0,8759
12,0.0,0.0,0.0,0.0,Building_9,8,MAAC,0.7900000214576721,True,0.0,0.0,0.0,0.28695225715637207,27,8757,0.0,0.0,-0.0,245277,0.0,2.290161371231079,-0.7191757559776306,0.9122849106788635,1.8092275857925415,2.290161371231079,2.290161371231079,106,3.6504745190823327,1.0,0.1557406487189374,0.0,0.0,0.0,-0.7987757921218872,CityLearnV3MADRLRewardFunction,maac_unified_comparable_v4,E1,-0.0,1907,13.759973862337853,1.0,0.12619788163133047,0.0,8759
8,0.0,0.0,0.0,0.0,Building_10,9,MAAC,0.7900000214576721,True,0.0,0.0,0.0,0.28695225715637207,27,8757,0.0,0.0,-0.0,245277,0.0,51.649574279785156,-0.8268871903419495,20.574588775634766,40.803165435791016,51.649574279785156,51.649574279785156,78,3.381451520822448,1.0,0.1836969408278282,0.0,0.0,0.0,-0.7987757921218872,CityLearnV3MADRLRewardFunction,maac_unified_comparable_v4,E1,-0.0,1907,13.759973862337853,1.0,0.12619788163133047,0.0,8759
5,1.0,0.0,-0.2,-1.0,Building_11,10,MAAC,0.7900000214576721,True,0.0,0.0,0.0,0.28695225715637207,27,8757,0.0,0.0,-0.0,245277,0.0,71.54803466796875,-0.8233079314231873,28.501131057739258,56.52294921875,71.54803466796875,71.54803466796875,57,3.2619067009128626,1.0,0.23928079394656315,0.0,0.0,0.0,-0.7987757921218872,CityLearnV3MADRLRewardFunction,maac_unified_comparable_v4,E1,-0.0,1907,13.759973862337853,1.0,0.12619788163133047,0.0,8759
5,0.0,0.0,0.0,0.0,Building_12,11,MAAC,0.7900000214576721,True,0.0,0.0,0.0,0.28695225715637207,27,8757,0.0,0.0,-0.0,245277,0.0,215.11593627929688,-0.8372156023979187,85.69135284423828,169.94158935546875,215.11593627929688,215.11593627929688,57,3.354378580638772,1.0,0.2508100834593438,0.0,0.0,0.0,-0.7987757921218872,CityLearnV3MADRLRewardFunction,maac_unified_comparable_v4,E1,-0.0,1907,13.759973862337853,1.0,0.12619788163133047,0.0,8759
13,1.0,1.0,0.07692307692307693,0.0,Building_13,12,MAAC,0.7900000214576721,True,0.0,0.0,0.0,0.28695225715637207,27,8757,0.0,0.0,-0.0,245277,0.0,2.033022403717041,-0.7354291677474976,0.8098536729812622,1.6060876846313477,2.033022403717041,2.033022403717041,113,3.403796200595625,1.0,0.12623291937387096,0.0,0.0,0.0,-0.7987757921218872,CityLearnV3MADRLRewardFunction,maac_unified_comparable_v4,E1,-0.0,1907,13.759973862337853,1.0,0.12619788163133047,0.0,8759
6,0.0,0.0,0.0,0.0,Building_14,13,MAAC,0.7900000214576721,True,0.0,0.0,0.0,0.28695225715637207,27,8757,0.0,0.0,-0.0,245277,0.0,2.6149511337280273,-0.7379869222640991,1.041664719581604,2.0658113956451416,2.6149511337280273,2.6149511337280273,64,3.3819771136871437,1.0,0.2212907470529899,0.0,0.0,0.0,-0.7987757921218872,CityLearnV3MADRLRewardFunction,maac_unified_comparable_v4,E1,-0.0,1907,13.759973862337853,1.0,0.12619788163133047,0.0,8759
10,0.0,0.0,0.0,0.0,Building_15,14,MAAC,0.7900000214576721,True,0.0,0.0,0.0,0.28695225715637207,27,8757,0.0,0.0,-0.0,245277,0.0,19.521480560302734,-0.7922148704528809,7.776374340057373,15.42197036743164,19.521480560302734,19.521480560302734,92,3.3265653836851303,1.0,0.15312828212652518,0.0,0.0,0.0,-0.7987757921218872,CityLearnV3MADRLRewardFunction,maac_unified_comparable_v4,E1,-0.0,1907,13.759973862337853,1.0,0.12619788163133047,0.0,8759
13,0.0,0.0,0.0,0.0,Building_16,15,MAAC,0.7900000214576721,True,0.0,0.0,0.0,0.28695225715637207,27,8757,0.0,0.0,-0.0,245277,0.0,54.89390563964844,-0.8181942105293274,21.866966247558594,43.366188049316406,54.89390563964844,54.89390563964844,113,3.2144128175247175,1.0,0.11779461405446044,0.0,0.0,0.0,-0.7987757921218872,CityLearnV3MADRLRewardFunction,maac_unified_comparable_v4,E1,-0.0,1907,13.759973862337853,1.0,0.12619788163133047,0.0,8759
13,0.0,0.0,0.0,0.0,Building_17,16,MAAC,0.7900000214576721,True,0.0,0.0,0.0,0.28695225715637207,27,8757,0.0,0.0,-0.0,245277,0.0,22.46647071838379,-0.797741174697876,8.949509620666504,17.748512268066406,22.46647071838379,22.46647071838379,113,3.2039679305335547,1.0,0.11731411061719456,0.0,0.0,0.0,-0.7987757921218872,CityLearnV3MADRLRewardFunction,maac_unified_comparable_v4,E1,-0.0,1907,13.759973862337853,1.0,0.12619788163133047,0.0,8759
6,0.0,0.0,0.0,0.0,Building_1,0,MAAC,0.7900000214576721,False,0.0,0.0,0.0,0.411760538816452,28,0,0.0,0.0,-0.0,245280,-0.0,0.0,-0.8024434447288513,0.0,0.0,0.0,0.0,64,3.309968496996886,1.0,0.22015545249450952,0.0,0.0,0.0,-0.7508657574653625,CityLearnV3MADRLRewardFunction,maac_unified_comparable_v4,E1,-0.0,1907,14.160223913670066,1.0,0.12974903544613248,0.0,3
8,0.0,0.0,0.0,0.0,Building_2,1,MAAC,0.7900000214576721,False,0.0,0.0,0.0,0.411760538816452,28,0,0.0,0.0,-0.0,245280,-0.0,0.0,-0.6970505714416504,0.0,0.0,0.0,0.0,78,3.4338103153800614,1.0,0.18323007770455801,0.0,0.0,0.0,-0.7508657574653625,CityLearnV3MADRLRewardFunction,maac_unified_comparable_v4,E1,-0.0,1907,14.160223913670066,1.0,0.12974903544613248,0.0,3
10,0.0,0.0,0.0,0.0,Building_3,2,MAAC,0.7900000214576721,False,0.0,0.0,0.0,0.411760538816452,28,0,0.0,0.0,-0.0,245280,-0.0,0.0,-0.7895456552505493,0.0,0.0,0.0,0.0,92,3.51520725089103,1.0,0.1660603108289449,0.0,0.0,0.0,-0.7508657574653625,CityLearnV3MADRLRewardFunction,maac_unified_comparable_v4,E1,-0.0,1907,14.160223913670066,1.0,0.12974903544613248,0.0,3
8,0.0,0.0,0.0,0.0,Building_4,3,MAAC,0.7900000214576721,False,0.0,0.0,0.0,0.411760538816452,28,0,0.0,0.0,-0.0,245280,-0.0,0.0,-0.7426562905311584,0.0,0.0,0.0,0.0,78,3.361007492799701,1.0,0.17944473763689017,0.0,0.0,0.0,-0.7508657574653625,CityLearnV3MADRLRewardFunction,maac_unified_comparable_v4,E1,-0.0,1907,14.160223913670066,1.0,0.12974903544613248,0.0,3
5,0.0,0.0,0.0,0.0,Building_5,4,MAAC,0.7900000214576721,False,0.0,0.0,0.0,0.411760538816452,28,0,0.0,0.0,-0.0,245280,-0.0,0.0,-0.7795905470848083,0.0,0.0,0.0,0.0,57,3.4546047285600414,1.0,0.2595720738172531,0.0,0.0,0.0,-0.7508657574653625,CityLearnV3MADRLRewardFunction,maac_unified_comparable_v4,E1,-0.0,1907,14.160223913670066,1.0,0.12974903544613248,0.0,3
34,1.0,1.0,0.029411764705882353,0.0,Building_6,5,MAAC,0.7900000214576721,False,0.0,0.0,0.0,0.411760538816452,28,0,0.0,0.0,-0.0,245280,-0.0,0.0,-0.7976445555686951,0.0,0.0,0.0,0.0,260,3.3466916701984117,1.0,0.05391121010940809,0.0,0.0,0.0,-0.7508657574653625,CityLearnV3MADRLRewardFunction,maac_unified_comparable_v4,E1,-0.0,1907,14.160223913670066,1.0,0.12974903544613248,0.0,3
44,1.0,1.0,0.022727272727272728,0.0,Building_7,6,MAAC,0.7900000214576721,False,0.0,0.0,0.0,0.411760538816452,28,0,0.0,0.0,-0.0,245280,-0.0,0.0,-0.7191556096076965,0.0,0.0,0.0,0.0,330,3.414602110432259,1.0,0.043283060667189684,0.0,0.0,0.0,-0.7508657574653625,CityLearnV3MADRLRewardFunction,maac_unified_comparable_v4,E1,-0.0,1907,14.160223913670066,1.0,0.12974903544613248,0.0,3
19,0.0,0.0,0.0,0.0,Building_8,7,MAAC,0.7900000214576721,False,0.0,0.0,0.0,0.411760538816452,28,0,0.0,0.0,-0.0,245280,-0.0,0.0,-0.6974589228630066,0.0,0.0,0.0,0.0,155,3.430556748098043,1.0,0.09217450758141855,0.0,0.0,0.0,-0.7508657574653625,CityLearnV3MADRLRewardFunction,maac_unified_comparable_v4,E1,-0.0,1907,14.160223913670066,1.0,0.12974903544613248,0.0,3
12,0.0,0.0,0.0,0.0,Building_9,8,MAAC,0.7900000214576721,False,0.0,0.0,0.0,0.411760538816452,28,0,0.0,0.0,-0.0,245280,-0.0,0.0,-0.7040786743164062,0.0,0.0,0.0,0.0,106,3.5581471634996307,1.0,0.145665575873177,0.0,0.0,0.0,-0.7508657574653625,CityLearnV3MADRLRewardFunction,maac_unified_comparable_v4,E1,-0.0,1907,14.160223913670066,1.0,0.12974903544613248,0.0,3
8,1.0,1.0,0.125,0.0,Building_10,9,MAAC,0.7900000214576721,False,0.0,0.0,0.0,0.411760538816452,28,0,0.0,0.0,-0.0,245280,-0.0,0.0,-0.7841249108314514,0.0,0.0,0.0,0.0,78,3.4309838008481965,1.0,0.18550158626376054,0.0,0.0,0.0,-0.7508657574653625,CityLearnV3MADRLRewardFunction,maac_unified_comparable_v4,E1,-0.0,1907,14.160223913670066,1.0,0.12974903544613248,0.0,3
5,0.0,0.0,0.0,0.0,Building_11,10,MAAC,0.7900000214576721,False,0.0,0.0,0.0,0.411760538816452,28,0,0.0,0.0,-0.0,245280,-0.0,0.0,-0.7899472713470459,0.0,0.0,0.0,0.0,57,3.5358746028374908,1.0,0.2687770988334689,0.0,0.0,0.0,-0.7508657574653625,CityLearnV3MADRLRewardFunction,maac_unified_comparable_v4,E1,-0.0,1907,14.160223913670066,1.0,0.12974903544613248,0.0,3
5,0.0,0.0,0.0,0.0,Building_12,11,MAAC,0.7900000214576721,False,0.0,0.0,0.0,0.411760538816452,28,0,0.0,0.0,-0.0,245280,-0.0,0.0,-0.7976954579353333,0.0,0.0,0.0,0.0,57,3.4917612623884047,1.0,0.2653993931517266,0.0,0.0,0.0,-0.7508657574653625,CityLearnV3MADRLRewardFunction,maac_unified_comparable_v4,E1,-0.0,1907,14.160223913670066,1.0,0.12974903544613248,0.0,3
13,0.0,0.0,0.0,0.0,Building_13,12,MAAC,0.7900000214576721,False,0.0,0.0,0.0,0.411760538816452,28,0,0.0,0.0,-0.0,245280,-0.0,0.0,-0.6967514753341675,0.0,0.0,0.0,0.0,113,3.4179954461508535,1.0,0.12603977091808236,0.0,0.0,0.0,-0.7508657574653625,CityLearnV3MADRLRewardFunction,maac_unified_comparable_v4,E1,-0.0,1907,14.160223913670066,1.0,0.12974903544613248,0.0,3
6,0.0,0.0,0.0,0.0,Building_14,13,MAAC,0.7900000214576721,False,0.0,0.0,0.0,0.411760538816452,28,0,0.0,0.0,-0.0,245280,-0.0,0.0,-0.6999916434288025,0.0,0.0,0.0,0.0,64,3.404012028260555,1.0,0.22185180766973644,0.0,0.0,0.0,-0.7508657574653625,CityLearnV3MADRLRewardFunction,maac_unified_comparable_v4,E1,-0.0,1907,14.160223913670066,1.0,0.12974903544613248,0.0,3
10,0.0,0.0,0.0,0.0,Building_15,14,MAAC,0.7900000214576721,False,0.0,0.0,0.0,0.411760538816452,28,0,0.0,0.0,-0.0,245280,-0.0,0.0,-0.720312774181366,0.0,0.0,0.0,0.0,92,3.4393079346893347,1.0,0.1574395160474207,0.0,0.0,0.0,-0.7508657574653625,CityLearnV3MADRLRewardFunction,maac_unified_comparable_v4,E1,-0.0,1907,14.160223913670066,1.0,0.12974903544613248,0.0,3
13,0.0,0.0,0.0,0.0,Building_16,15,MAAC,0.7900000214576721,False,0.0,0.0,0.0,0.411760538816452,28,0,0.0,0.0,-0.0,245280,-0.0,0.0,-0.7805672883987427,0.0,0.0,0.0,0.0,113,3.3247564429683245,1.0,0.12272911690241467,0.0,0.0,0.0,-0.7508657574653625,CityLearnV3MADRLRewardFunction,maac_unified_comparable_v4,E1,-0.0,1907,14.160223913670066,1.0,0.12974903544613248,0.0,3
13,0.0,0.0,0.0,0.0,Building_17,16,MAAC,0.7900000214576721,False,0.0,0.0,0.0,0.411760538816452,28,0,0.0,0.0,-0.0,245280,-0.0,0.0,-0.7657033205032349,0.0,0.0,0.0,0.0,113,3.502766734438189,1.0,0.1348736779352205,0.0,0.0,0.0,-0.7508657574653625,CityLearnV3MADRLRewardFunction,maac_unified_comparable_v4,E1,-0.0,1907,14.160223913670066,1.0,0.12974903544613248,0.0,3
6,0.0,0.0,0.0,0.0,Building_1,0,MAAC,0.7900000214576721,True,0.0,0.0,0.0,0.5087285041809082,28,8756,0.0,0.0,-0.0,254036,0.0,446.8856201171875,-0.8360201716423035,295.8052062988281,353.0396423339844,446.8856201171875,446.8856201171875,64,3.4041554394331768,1.0,0.24117861781269312,0.0,0.0,0.0,-0.7981271743774414,CityLearnV3MADRLRewardFunction,maac_unified_comparable_v4,E1,-0.0,1907,14.513042866125813,1.0,0.14249359646750548,0.0,8759
8,0.0,0.0,0.0,0.0,Building_2,1,MAAC,0.7900000214576721,True,0.0,0.0,0.0,0.5087285041809082,28,8756,0.0,0.0,-0.0,254036,0.0,5.618855953216553,-0.7499101161956787,3.719266653060913,4.438896179199219,5.618855953216553,5.618855953216553,78,3.4817374477026326,1.0,0.19766777046980002,0.0,0.0,0.0,-0.7981271743774414,CityLearnV3MADRLRewardFunction,maac_unified_comparable_v4,E1,-0.0,1907,14.513042866125813,1.0,0.14249359646750548,0.0,8759
10,0.0,0.0,0.0,0.0,Building_3,2,MAAC,0.7900000214576721,True,0.0,0.0,0.0,0.5087285041809082,28,8756,0.0,0.0,-0.0,254036,0.0,98.17061614990234,-0.8250232934951782,64.98168182373047,77.5547866821289,98.17061614990234,98.17061614990234,92,3.4212787153093465,1.0,0.16653869754594305,0.0,0.0,0.0,-0.7981271743774414,CityLearnV3MADRLRewardFunction,maac_unified_comparable_v4,E1,-0.0,1907,14.513042866125813,1.0,0.14249359646750548,0.0,8759
8,0.0,0.0,0.0,0.0,Building_4,3,MAAC,0.7900000214576721,True,0.0,0.0,0.0,0.5087285041809082,28,8756,0.0,0.0,-0.0,254036,0.0,28.84416961669922,-0.8068585395812988,19.09270477294922,22.786893844604492,28.84416961669922,28.84416961669922,78,3.3876681320912705,1.0,0.1928292682919747,0.0,0.0,0.0,-0.7981271743774414,CityLearnV3MADRLRewardFunction,maac_unified_comparable_v4,E1,-0.0,1907,14.513042866125813,1.0,0.14249359646750548,0.0,8759
5,0.0,0.0,0.0,0.0,Building_5,4,MAAC,0.7900000214576721,True,0.0,0.0,0.0,0.5087285041809082,28,8756,0.0,0.0,-0.0,254036,0.0,37.89287567138672,-0.8570248484611511,25.082279205322266,29.935373306274414,37.89287567138672,37.89287567138672,57,3.756779803866637,1.0,0.32147178393706943,0.0,0.0,0.0,-0.7981271743774414,CityLearnV3MADRLRewardFunction,maac_unified_comparable_v4,E1,-0.0,1907,14.513042866125813,1.0,0.14249359646750548,0.0,8759
34,1.0,1.0,0.029411764705882353,0.0,Building_6,5,MAAC,0.7900000214576721,True,0.0,0.0,0.0,0.5087285041809082,28,8756,0.0,0.0,-0.0,254036,0.0,350.8894348144531,-0.8363945484161377,232.26283264160156,277.2026672363281,350.8894348144531,350.8894348144531,260,3.4682980934753393,1.0,0.060028559084121996,0.0,0.0,0.0,-0.7981271743774414,CityLearnV3MADRLRewardFunction,maac_unified_comparable_v4,E1,-0.0,1907,14.513042866125813,1.0,0.14249359646750548,0.0,8759
44,0.0,0.0,0.0,0.0,Building_7,6,MAAC,0.7900000214576721,True,0.0,0.0,0.0,0.5087285041809082,28,8756,0.0,0.0,-0.0,254036,0.0,18.66022491455078,-0.7939234972000122,12.35168743133545,14.741578102111816,18.66022491455078,18.66022491455078,330,3.533561835791266,1.0,0.04866708607384653,0.0,0.0,0.0,-0.7981271743774414,CityLearnV3MADRLRewardFunction,maac_unified_comparable_v4,E1,-0.0,1907,14.513042866125813,1.0,0.14249359646750548,0.0,8759
19,1.0,1.0,0.05263157894736842,0.0,Building_8,7,MAAC,0.7900000214576721,True,0.0,0.0,0.0,0.5087285041809082,28,8756,0.0,0.0,-0.0,254036,0.0,19.251495361328125,-0.7927823662757874,12.743064880371094,15.2086820602417,19.251495361328125,19.251495361328125,155,3.6093561189906618,1.0,0.10573912637849008,0.0,0.0,0.0,-0.7981271743774414,CityLearnV3MADRLRewardFunction,maac_unified_comparable_v4,E1,-0.0,1907,14.513042866125813,1.0,0.14249359646750548,0.0,8759
12,0.0,0.0,0.0,0.0,Building_9,8,MAAC,0.7900000214576721,True,0.0,0.0,0.0,0.5087285041809082,28,8756,0.0,0.0,-0.0,254036,0.0,2.4506425857543945,-0.7190659046173096,1.6221439838409424,1.9360077381134033,2.4506425857543945,2.4506425857543945,106,3.729739249004763,1.0,0.17019517410476254,0.0,0.0,0.0,-0.7981271743774414,CityLearnV3MADRLRewardFunction,maac_unified_comparable_v4,E1,-0.0,1907,14.513042866125813,1.0,0.14249359646750548,0.0,8759
8,0.0,0.0,0.0,0.0,Building_10,9,MAAC,0.7900000214576721,True,0.0,0.0,0.0,0.5087285041809082,28,8756,0.0,0.0,-0.0,254036,0.0,34.33414077758789,-0.8178785443305969,22.726659774780273,27.123971939086914,34.33414077758789,34.33414077758789,78,3.5733089867565333,1.0,0.2065921205167587,0.0,0.0,0.0,-0.7981271743774414,CityLearnV3MADRLRewardFunction,maac_unified_comparable_v4,E1,-0.0,1907,14.513042866125813,1.0,0.14249359646750548,0.0,8759
5,0.0,0.0,0.0,0.0,Building_11,10,MAAC,0.7900000214576721,True,0.0,0.0,0.0,0.5087285041809082,28,8756,0.0,0.0,-0.0,254036,0.0,57.917564392089844,-0.8178271651268005,38.33713912963867,45.754878997802734,57.917564392089844,57.917564392089844,57,3.448111958014723,1.0,0.2683536507058562,0.0,0.0,0.0,-0.7981271743774414,CityLearnV3MADRLRewardFunction,maac_unified_comparable_v4,E1,-0.0,1907,14.513042866125813,1.0,0.14249359646750548,0.0,8759
5,0.0,0.0,0.0,0.0,Building_12,11,MAAC,0.7900000214576721,True,0.0,0.0,0.0,0.5087285041809082,28,8756,0.0,0.0,-0.0,254036,0.0,182.6020965576172,-0.8244223594665527,120.86907196044922,144.2556610107422,182.6020965576172,182.6020965576172,57,3.4036953801350283,1.0,0.2652013484846082,0.0,0.0,0.0,-0.7981271743774414,CityLearnV3MADRLRewardFunction,maac_unified_comparable_v4,E1,-0.0,1907,14.513042866125813,1.0,0.14249359646750548,0.0,8759
13,0.0,0.0,0.0,0.0,Building_13,12,MAAC,0.7900000214576721,True,0.0,0.0,0.0,0.5087285041809082,28,8756,0.0,0.0,-0.0,254036,0.0,2.789367437362671,-0.7383939623832703,1.8463547229766846,2.2036004066467285,2.789367437362671,2.789367437362671,113,3.5993073587616884,1.0,0.14299437245436475,0.0,0.0,0.0,-0.7981271743774414,CityLearnV3MADRLRewardFunction,maac_unified_comparable_v4,E1,-0.0,1907,14.513042866125813,1.0,0.14249359646750548,0.0,8759
6,0.0,0.0,0.0,0.0,Building_14,13,MAAC,0.7900000214576721,True,0.0,0.0,0.0,0.5087285041809082,28,8756,0.0,0.0,-0.0,254036,0.0,2.485826015472412,-0.7368308901786804,1.6454328298568726,1.9638025760650635,2.485826015472412,2.485826015472412,64,3.513046975300526,1.0,0.24681415921077132,0.0,0.0,0.0,-0.7981271743774414,CityLearnV3MADRLRewardFunction,maac_unified_comparable_v4,E1,-0.0,1907,14.513042866125813,1.0,0.14249359646750548,0.0,8759
10,0.0,0.0,0.0,0.0,Building_15,14,MAAC,0.7900000214576721,True,0.0,0.0,0.0,0.5087285041809082,28,8756,0.0,0.0,-0.0,254036,0.0,20.5941162109375,-0.7953764200210571,13.631780624389648,16.269351959228516,20.5941162109375,20.5941162109375,92,3.531665351092377,1.0,0.1739960612486238,0.0,0.0,0.0,-0.7981271743774414,CityLearnV3MADRLRewardFunction,maac_unified_comparable_v4,E1,-0.0,1907,14.513042866125813,1.0,0.14249359646750548,0.0,8759
13,0.0,0.0,0.0,0.0,Building_16,15,MAAC,0.7900000214576721,True,0.0,0.0,0.0,0.5087285041809082,28,8756,0.0,0.0,-0.0,254036,0.0,103.13050842285156,-0.8207247257232666,68.26476287841797,81.47310638427734,103.13050842285156,103.13050842285156,113,3.43911811867914,1.0,0.1375413957686551,0.0,0.0,0.0,-0.7981271743774414,CityLearnV3MADRLRewardFunction,maac_unified_comparable_v4,E1,-0.0,1907,14.513042866125813,1.0,0.14249359646750548,0.0,8759
13,0.0,0.0,0.0,0.0,Building_17,16,MAAC,0.7900000214576721,True,0.0,0.0,0.0,0.5087285041809082,28,8756,0.0,0.0,-0.0,254036,0.0,21.1981143951416,-0.7997049689292908,14.031582832336426,16.746511459350586,21.1981143951416,21.1981143951416,113,3.511322614832712,1.0,0.14218330304179572,0.0,0.0,0.0,-0.7981271743774414,CityLearnV3MADRLRewardFunction,maac_unified_comparable_v4,E1,-0.0,1907,14.513042866125813,1.0,0.14249359646750548,0.0,8759
6,1.0,1.0,0.16666666666666666,0.0,Building_1,0,MAAC,0.7900000214576721,False,0.0,0.0,0.0,0.5745980739593506,29,0,0.0,0.0,-0.0,254040,-0.0,0.0,-0.5334404706954956,0.0,0.0,0.0,0.0,64,3.259469466685134,1.0,0.23021915275603533,0.0,0.0,0.0,-0.47093504667282104,CityLearnV3MADRLRewardFunction,maac_unified_comparable_v4,E1,-0.0,1907,13.81964249034496,1.0,0.1346232439276548,0.0,4
8,1.0,1.0,0.125,0.0,Building_2,1,MAAC,0.7900000214576721,False,0.0,0.0,0.0,0.5745980739593506,29,0,0.0,0.0,-0.0,254040,-0.0,0.0,-0.42257440090179443,0.0,0.0,0.0,0.0,78,3.346674887055329,1.0,0.18985902422513717,0.0,0.0,0.0,-0.47093504667282104,CityLearnV3MADRLRewardFunction,maac_unified_comparable_v4,E1,-0.0,1907,13.81964249034496,1.0,0.1346232439276548,0.0,4
10,0.0,0.0,0.0,0.0,Building_3,2,MAAC,0.7900000214576721,False,0.0,0.0,0.0,0.5745980739593506,29,0,0.0,0.0,-0.0,254040,-0.0,0.0,-0.5187538862228394,0.0,0.0,0.0,0.0,92,3.5467973318569235,1.0,0.18188087569306727,0.0,0.0,0.0,-0.47093504667282104,CityLearnV3MADRLRewardFunction,maac_unified_comparable_v4,E1,-0.0,1907,13.81964249034496,1.0,0.1346232439276548,0.0,4
8,0.0,0.0,0.0,0.0,Building_4,3,MAAC,0.7900000214576721,False,0.0,0.0,0.0,0.5745980739593506,29,0,0.0,0.0,-0.0,254040,-0.0,0.0,-0.47696438431739807,0.0,0.0,0.0,0.0,78,3.258368923345297,1.0,0.18541248333759797,0.0,0.0,0.0,-0.47093504667282104,CityLearnV3MADRLRewardFunction,maac_unified_comparable_v4,E1,-0.0,1907,13.81964249034496,1.0,0.1346232439276548,0.0,4
5,0.0,0.0,0.0,0.0,Building_5,4,MAAC,0.7900000214576721,False,0.0,0.0,0.0,0.5745980739593506,29,0,0.0,0.0,-0.0,254040,-0.0,0.0,-0.5123697519302368,0.0,0.0,0.0,0.0,57,3.3331869782140404,1.0,0.27065924450493695,0.0,0.0,0.0,-0.47093504667282104,CityLearnV3MADRLRewardFunction,maac_unified_comparable_v4,E1,-0.0,1907,13.81964249034496,1.0,0.1346232439276548,0.0,4
34,1.0,1.0,0.029411764705882353,0.0,Building_6,5,MAAC,0.7900000214576721,False,0.0,0.0,0.0,0.5745980739593506,29,0,0.0,0.0,-0.0,254040,-0.0,0.0,-0.5233508348464966,0.0,0.0,0.0,0.0,260,3.243377046757894,1.0,0.05531280120977988,0.0,0.0,0.0,-0.47093504667282104,CityLearnV3MADRLRewardFunction,maac_unified_comparable_v4,E1,-0.0,1907,13.81964249034496,1.0,0.1346232439276548,0.0,4
44,0.0,0.0,0.0,0.0,Building_7,6,MAAC,0.7900000214576721,False,0.0,0.0,0.0,0.5745980739593506,29,0,0.0,0.0,-0.0,254040,-0.0,0.0,-0.4227931797504425,0.0,0.0,0.0,0.0,330,3.325625409347802,1.0,0.04464136605912989,0.0,0.0,0.0,-0.47093504667282104,CityLearnV3MADRLRewardFunction,maac_unified_comparable_v4,E1,-0.0,1907,13.81964249034496,1.0,0.1346232439276548,0.0,4
19,1.0,1.0,0.05263157894736842,0.0,Building_8,7,MAAC,0.7900000214576721,False,0.0,0.0,0.0,0.5745980739593506,29,0,0.0,0.0,-0.0,254040,-0.0,0.0,-0.42262595891952515,0.0,0.0,0.0,0.0,155,3.3387174835931144,1.0,0.09530599521052453,0.0,0.0,0.0,-0.47093504667282104,CityLearnV3MADRLRewardFunction,maac_unified_comparable_v4,E1,-0.0,1907,13.81964249034496,1.0,0.1346232439276548,0.0,4
12,0.0,0.0,0.0,0.0,Building_9,8,MAAC,0.7900000214576721,False,0.0,0.0,0.0,0.5745980739593506,29,0,0.0,0.0,-0.0,254040,-0.0,0.0,-0.43169915676116943,0.0,0.0,0.0,0.0,106,3.4535943819710755,1.0,0.15062285854287868,0.0,0.0,0.0,-0.47093504667282104,CityLearnV3MADRLRewardFunction,maac_unified_comparable_v4,E1,-0.0,1907,13.81964249034496,1.0,0.1346232439276548,0.0,4
8,1.0,0.0,-0.125,-1.0,Building_10,9,MAAC,0.7900000214576721,False,0.0,0.0,0.0,0.5745980739593506,29,0,0.0,0.0,-0.0,254040,-0.0,0.0,-0.44692426919937134,0.0,0.0,0.0,0.0,78,3.296362121049297,1.0,0.18740017720474264,0.0,0.0,0.0,-0.47093504667282104,CityLearnV3MADRLRewardFunction,maac_unified_comparable_v4,E1,-0.0,1907,13.81964249034496,1.0,0.1346232439276548,0.0,4
5,0.0,0.0,0.0,0.0,Building_11,10,MAAC,0.7900000214576721,False,0.0,0.0,0.0,0.5745980739593506,29,0,0.0,0.0,-0.0,254040,-0.0,0.0,-0.5150004625320435,0.0,0.0,0.0,0.0,57,3.438845588633541,1.0,0.27481933029597266,0.0,0.0,0.0,-0.47093504667282104,CityLearnV3MADRLRewardFunction,maac_unified_comparable_v4,E1,-0.0,1907,13.81964249034496,1.0,0.1346232439276548,0.0,4
5,0.0,0.0,0.0,0.0,Building_12,11,MAAC,0.7900000214576721,False,0.0,0.0,0.0,0.5745980739593506,29,0,0.0,0.0,-0.0,254040,-0.0,0.0,-0.5279479622840881,0.0,0.0,0.0,0.0,57,3.421040667072722,1.0,0.2791523411870003,0.0,0.0,0.0,-0.47093504667282104,CityLearnV3MADRLRewardFunction,maac_unified_comparable_v4,E1,-0.0,1907,13.81964249034496,1.0,0.1346232439276548,0.0,4
13,0.0,0.0,0.0,0.0,Building_13,12,MAAC,0.7900000214576721,False,0.0,0.0,0.0,0.5745980739593506,29,0,0.0,0.0,-0.0,254040,-0.0,0.0,-0.42268630862236023,0.0,0.0,0.0,0.0,113,3.332619640372886,1.0,0.13063423823466344,0.0,0.0,0.0,-0.47093504667282104,CityLearnV3MADRLRewardFunction,maac_unified_comparable_v4,E1,-0.0,1907,13.81964249034496,1.0,0.1346232439276548,0.0,4
6,0.0,0.0,0.0,0.0,Building_14,13,MAAC,0.7900000214576721,False,0.0,0.0,0.0,0.5745980739593506,29,0,0.0,0.0,-0.0,254040,-0.0,0.0,-0.42652618885040283,0.0,0.0,0.0,0.0,64,3.340735758554016,1.0,0.23131622187793255,0.0,0.0,0.0,-0.47093504667282104,CityLearnV3MADRLRewardFunction,maac_unified_comparable_v4,E1,-0.0,1907,13.81964249034496,1.0,0.1346232439276548,0.0,4
10,0.0,0.0,0.0,0.0,Building_15,14,MAAC,0.7900000214576721,False,0.0,0.0,0.0,0.5745980739593506,29,0,0.0,0.0,-0.0,254040,-0.0,0.0,-0.4276987910270691,0.0,0.0,0.0,0.0,92,3.3435395065674665,1.0,0.16121346948911314,0.0,0.0,0.0,-0.47093504667282104,CityLearnV3MADRLRewardFunction,maac_unified_comparable_v4,E1,-0.0,1907,13.81964249034496,1.0,0.1346232439276548,0.0,4
13,1.0,0.0,-0.07692307692307693,-1.0,Building_16,15,MAAC,0.7900000214576721,False,0.0,0.0,0.0,0.5745980739593506,29,0,0.0,0.0,-0.0,254040,-0.0,0.0,-0.4832337498664856,0.0,0.0,0.0,0.0,113,3.2864186731388263,1.0,0.12932152901075583,0.0,0.0,0.0,-0.47093504667282104,CityLearnV3MADRLRewardFunction,maac_unified_comparable_v4,E1,-0.0,1907,13.81964249034496,1.0,0.1346232439276548,0.0,4
13,0.0,0.0,0.0,0.0,Building_17,16,MAAC,0.7900000214576721,False,0.0,0.0,0.0,0.5745980739593506,29,0,0.0,0.0,-0.0,254040,-0.0,0.0,-0.4913049340248108,0.0,0.0,0.0,0.0,113,3.399380456189453,1.0,0.13721058174835898,0.0,0.0,0.0,-0.47093504667282104,CityLearnV3MADRLRewardFunction,maac_unified_comparable_v4,E1,-0.0,1907,13.81964249034496,1.0,0.1346232439276548,0.0,4
6,0.0,0.0,0.0,0.0,Building_1,0,MAAC,0.7900000214576721,True,0.0,0.0,0.0,0.32958081364631653,29,8755,0.0,0.0,-0.0,262795,0.0,391.586669921875,-0.7990679740905762,179.1614532470703,309.3534851074219,391.586669921875,391.586669921875,64,3.288008356090491,1.0,0.21892237989231944,0.0,0.0,0.0,-0.752665102481842,CityLearnV3MADRLRewardFunction,maac_unified_comparable_v4,E1,-0.0,1907,14.06657045465649,1.0,0.13127613573969504,0.0,8759
8,0.0,0.0,0.0,0.0,Building_2,1,MAAC,0.7900000214576721,True,0.0,0.0,0.0,0.32958081364631653,29,8755,0.0,0.0,-0.0,262795,0.0,0.1848604530096054,-0.693554162979126,0.08457864075899124,0.14603976905345917,0.1848604530096054,0.1848604530096054,78,3.3751986877489437,1.0,0.18214328529743049,0.0,0.0,0.0,-0.752665102481842,CityLearnV3MADRLRewardFunction,maac_unified_comparable_v4,E1,-0.0,1907,14.06657045465649,1.0,0.13127613573969504,0.0,8759
10,0.0,0.0,0.0,0.0,Building_3,2,MAAC,0.7900000214576721,True,0.0,0.0,0.0,0.32958081364631653,29,8755,0.0,0.0,-0.0,262795,0.0,39.0087890625,-0.7803890109062195,17.847572326660156,30.816944122314453,39.0087890625,39.0087890625,92,3.257585808757094,1.0,0.1493938019418198,0.0,0.0,0.0,-0.752665102481842,CityLearnV3MADRLRewardFunction,maac_unified_comparable_v4,E1,-0.0,1907,14.06657045465649,1.0,0.13127613573969504,0.0,8759
8,0.0,0.0,0.0,0.0,Building_4,3,MAAC,0.7900000214576721,True,0.0,0.0,0.0,0.32958081364631653,29,8755,0.0,0.0,-0.0,262795,0.0,36.67196273803711,-0.7862848043441772,16.778411865234375,28.97085189819336,36.67196273803711,36.67196273803711,78,3.402897833266973,1.0,0.18645809858273238,0.0,0.0,0.0,-0.752665102481842,CityLearnV3MADRLRewardFunction,maac_unified_comparable_v4,E1,-0.0,1907,14.06657045465649,1.0,0.13127613573969504,0.0,8759
5,0.0,0.0,0.0,0.0,Building_5,4,MAAC,0.7900000214576721,True,0.0,0.0,0.0,0.32958081364631653,29,8755,0.0,0.0,-0.0,262795,0.0,54.225337982177734,-0.8255952000617981,24.809553146362305,42.838016510009766,54.225337982177734,54.225337982177734,57,3.51490827266763,1.0,0.28805072814749,0.0,0.0,0.0,-0.752665102481842,CityLearnV3MADRLRewardFunction,maac_unified_comparable_v4,E1,-0.0,1907,14.06657045465649,1.0,0.13127613573969504,0.0,8759
34,1.0,1.0,0.029411764705882353,0.0,Building_6,5,MAAC,0.7900000214576721,True,0.0,0.0,0.0,0.32958081364631653,29,8755,0.0,0.0,-0.0,262795,0.0,348.8946838378906,-0.7975341081619263,159.62872314453125,275.6268005371094,348.8946838378906,348.8946838378906,260,3.2489425186473584,1.0,0.05266287991633782,0.0,0.0,0.0,-0.752665102481842,CityLearnV3MADRLRewardFunction,maac_unified_comparable_v4,E1,-0.0,1907,14.06657045465649,1.0,0.13127613573969504,0.0,8759
44,1.0,1.0,0.022727272727272728,0.0,Building_7,6,MAAC,0.7900000214576721,True,0.0,0.0,0.0,0.32958081364631653,29,8755,0.0,0.0,-0.0,262795,0.0,2.9800853729248047,-0.7061188817024231,1.3634693622589111,2.3542675971984863,2.9800853729248047,2.9800853729248047,330,3.4945416052440885,1.0,0.04535496882868536,0.0,0.0,0.0,-0.752665102481842,CityLearnV3MADRLRewardFunction,maac_unified_comparable_v4,E1,-0.0,1907,14.06657045465649,1.0,0.13127613573969504,0.0,8759
19,0.0,0.0,0.0,0.0,Building_8,7,MAAC,0.7900000214576721,True,0.0,0.0,0.0,0.32958081364631653,29,8755,0.0,0.0,-0.0,262795,0.0,6.19936990737915,-0.718979001045227,2.836378812789917,4.897502422332764,6.19936990737915,6.19936990737915,155,3.4039867181518537,1.0,0.09499164396716703,0.0,0.0,0.0,-0.752665102481842,CityLearnV3MADRLRewardFunction,maac_unified_comparable_v4,E1,-0.0,1907,14.06657045465649,1.0,0.13127613573969504,0.0,8759
12,0.0,0.0,0.0,0.0,Building_9,8,MAAC,0.7900000214576721,True,0.0,0.0,0.0,0.32958081364631653,29,8755,0.0,0.0,-0.0,262795,0.0,2.1350696086883545,-0.6847410798072815,0.9768518805503845,1.6867049932479858,2.1350696086883545,2.1350696086883545,106,3.616522004245792,1.0,0.15680687410651512,0.0,0.0,0.0,-0.752665102481842,CityLearnV3MADRLRewardFunction,maac_unified_comparable_v4,E1,-0.0,1907,14.06657045465649,1.0,0.13127613573969504,0.0,8759
8,0.0,0.0,0.0,0.0,Building_10,9,MAAC,0.7900000214576721,True,0.0,0.0,0.0,0.32958081364631653,29,8755,0.0,0.0,-0.0,262795,0.0,16.451881408691406,-0.755598247051239,7.52717924118042,12.996986389160156,16.451881408691406,16.451881408691406,78,3.4674088532781364,1.0,0.19071840160550216,0.0,0.0,0.0,-0.752665102481842,CityLearnV3MADRLRewardFunction,maac_unified_comparable_v4,E1,-0.0,1907,14.06657045465649,1.0,0.13127613573969504,0.0,8759
5,1.0,0.0,-0.2,-1.0,Building_11,10,MAAC,0.7900000214576721,True,0.0,0.0,0.0,0.32958081364631653,29,8755,0.0,0.0,-0.0,262795,0.0,66.45198059082031,-0.7858776450157166,30.40357208251953,52.497066497802734,66.45198059082031,66.45198059082031,57,3.3304674548362376,1.0,0.24611202065359084,0.0,0.0,0.0,-0.752665102481842,CityLearnV3MADRLRewardFunction,maac_unified_comparable_v4,E1,-0.0,1907,14.06657045465649,1.0,0.13127613573969504,0.0,8759
5,0.0,0.0,0.0,0.0,Building_12,11,MAAC,0.7900000214576721,True,0.0,0.0,0.0,0.32958081364631653,29,8755,0.0,0.0,-0.0,262795,0.0,155.388671875,-0.8028964996337891,71.0945053100586,122.7570571899414,155.388671875,155.388671875,57,3.4337653845691793,1.0,0.2606386429907983,0.0,0.0,0.0,-0.752665102481842,CityLearnV3MADRLRewardFunction,maac_unified_comparable_v4,E1,-0.0,1907,14.06657045465649,1.0,0.13127613573969504,0.0,8759
13,1.0,1.0,0.07692307692307693,0.0,Building_13,12,MAAC,0.7900000214576721,True,1.3214085102081299,0.0,0.0,0.32958081364631653,29,8755,0.0,0.0,-0.0,262795,0.0,1.4261821508407593,-0.7018532156944275,0.652516782283783,1.1266839504241943,1.4261821508407593,0.1047736406326294,113,3.495801535984428,1.0,0.1320863687886601,0.0,0.0,0.0,-0.752665102481842,CityLearnV3MADRLRewardFunction,maac_unified_comparable_v4,E1,-0.0,1907,14.06657045465649,1.0,0.13127613573969504,0.0,8759
6,0.0,0.0,0.0,0.0,Building_14,13,MAAC,0.7900000214576721,True,0.0,0.0,0.0,0.32958081364631653,29,8755,0.0,0.0,-0.0,262795,0.0,1.3521205186843872,-0.6988291144371033,0.6186316013336182,1.068175196647644,1.3521205186843872,1.3521205186843872,64,3.4783735598522467,1.0,0.23226475343108177,0.0,0.0,0.0,-0.752665102481842,CityLearnV3MADRLRewardFunction,maac_unified_comparable_v4,E1,-0.0,1907,14.06657045465649,1.0,0.13127613573969504,0.0,8759
10,0.0,0.0,0.0,0.0,Building_15,14,MAAC,0.7900000214576721,True,0.0,0.0,0.0,0.32958081364631653,29,8755,0.0,0.0,-0.0,262795,0.0,15.147623062133789,-0.7488113641738892,6.930445671081543,11.966622352600098,15.147623062133789,15.147623062133789,92,3.3997562260022773,1.0,0.15896888563166495,0.0,0.0,0.0,-0.752665102481842,CityLearnV3MADRLRewardFunction,maac_unified_comparable_v4,E1,-0.0,1907,14.06657045465649,1.0,0.13127613573969504,0.0,8759
13,0.0,0.0,0.0,0.0,Building_16,15,MAAC,0.7900000214576721,True,0.0,0.0,0.0,0.32958081364631653,29,8755,0.0,0.0,-0.0,262795,0.0,11.957420349121094,-0.7400211691856384,5.470841884613037,9.446362495422363,11.957420349121094,11.957420349121094,113,3.3401722361379567,1.0,0.1255837365061836,0.0,0.0,0.0,-0.752665102481842,CityLearnV3MADRLRewardFunction,maac_unified_comparable_v4,E1,-0.0,1907,14.06657045465649,1.0,0.13127613573969504,0.0,8759
13,1.0,1.0,0.07692307692307693,0.0,Building_17,16,MAAC,0.7900000214576721,True,0.0,0.0,0.0,0.32958081364631653,29,8755,0.0,0.0,-0.0,262795,0.0,23.087642669677734,-0.7691558599472046,10.56321907043457,18.239238739013672,23.087642669677734,23.087642669677734,113,3.42709618849722,1.0,0.13315204076007403,0.0,0.0,0.0,-0.752665102481842,CityLearnV3MADRLRewardFunction,maac_unified_comparable_v4,E1,-0.0,1907,14.06657045465649,1.0,0.13127613573969504,0.0,8759
6,0.0,0.0,0.0,0.0,Building_1,0,MAAC,0.7900000214576721,False,0.0,0.0,0.0,0.5655900835990906,30,0,0.0,0.0,-0.0,262800,-0.0,0.0,-0.5702118873596191,0.0,0.0,0.0,0.0,64,3.3934178484852557,1.0,0.25613406812772155,0.0,0.0,0.0,-0.5153369307518005,CityLearnV3MADRLRewardFunction,maac_unified_comparable_v4,E1,-0.0,1907,14.688239299728657,1.0,0.1540923968902982,0.0,5
8,0.0,0.0,0.0,0.0,Building_2,1,MAAC,0.7900000214576721,False,0.0,0.0,0.0,0.5655900835990906,30,0,0.0,0.0,-0.0,262800,-0.0,0.0,-0.46159058809280396,0.0,0.0,0.0,0.0,78,3.5287329314703966,1.0,0.21414843545510218,0.0,0.0,0.0,-0.5153369307518005,CityLearnV3MADRLRewardFunction,maac_unified_comparable_v4,E1,-0.0,1907,14.688239299728657,1.0,0.1540923968902982,0.0,5
10,0.0,0.0,0.0,0.0,Building_3,2,MAAC,0.7900000214576721,False,0.0,0.0,0.0,0.5655900835990906,30,0,0.0,0.0,-0.0,262800,-0.0,0.0,-0.5327421426773071,0.0,0.0,0.0,0.0,92,3.8677461883892854,1.0,0.2216055504977703,0.0,0.0,0.0,-0.5153369307518005,CityLearnV3MADRLRewardFunction,maac_unified_comparable_v4,E1,-0.0,1907,14.688239299728657,1.0,0.1540923968902982,0.0,5
8,0.0,0.0,0.0,0.0,Building_4,3,MAAC,0.7900000214576721,False,0.0,0.0,0.0,0.5655900835990906,30,0,0.0,0.0,-0.0,262800,-0.0,0.0,-0.5144564509391785,0.0,0.0,0.0,0.0,78,3.4584319215276187,1.0,0.21040555911186415,0.0,0.0,0.0,-0.5153369307518005,CityLearnV3MADRLRewardFunction,maac_unified_comparable_v4,E1,-0.0,1907,14.688239299728657,1.0,0.1540923968902982,0.0,5
5,1.0,1.0,0.2,0.0,Building_5,4,MAAC,0.7900000214576721,False,0.0,0.0,0.0,0.5655900835990906,30,0,0.0,0.0,-0.0,262800,-0.0,0.0,-0.5509085655212402,0.0,0.0,0.0,0.0,57,3.5303109770204513,1.0,0.3008053518439594,0.0,0.0,0.0,-0.5153369307518005,CityLearnV3MADRLRewardFunction,maac_unified_comparable_v4,E1,-0.0,1907,14.688239299728657,1.0,0.1540923968902982,0.0,5
34,1.0,0.0,-0.029411764705882353,-1.0,Building_6,5,MAAC,0.7900000214576721,False,0.0,0.0,0.0,0.5655900835990906,30,0,0.0,0.0,-0.0,262800,-0.0,0.0,-0.5656231045722961,0.0,0.0,0.0,0.0,260,3.446053137954376,1.0,0.06326405248389794,0.0,0.0,0.0,-0.5153369307518005,CityLearnV3MADRLRewardFunction,maac_unified_comparable_v4,E1,-0.0,1907,14.688239299728657,1.0,0.1540923968902982,0.0,5
44,0.0,0.0,0.0,0.0,Building_7,6,MAAC,0.7900000214576721,False,0.0,0.0,0.0,0.5655900835990906,30,0,0.0,0.0,-0.0,262800,-0.0,0.0,-0.46735110878944397,0.0,0.0,0.0,0.0,330,3.5110764217351096,1.0,0.05047322827758211,0.0,0.0,0.0,-0.5153369307518005,CityLearnV3MADRLRewardFunction,maac_unified_comparable_v4,E1,-0.0,1907,14.688239299728657,1.0,0.1540923968902982,0.0,5
19,0.0,0.0,0.0,0.0,Building_8,7,MAAC,0.7900000214576721,False,0.0,0.0,0.0,0.5655900835990906,30,0,0.0,0.0,-0.0,262800,-0.0,0.0,-0.4639022946357727,0.0,0.0,0.0,0.0,155,3.5261443891086635,1.0,0.10777440263379005,0.0,0.0,0.0,-0.5153369307518005,CityLearnV3MADRLRewardFunction,maac_unified_comparable_v4,E1,-0.0,1907,14.688239299728657,1.0,0.1540923968902982,0.0,5
12,1.0,1.0,0.08333333333333333,0.0,Building_9,8,MAAC,0.7900000214576721,False,0.0,0.0,0.0,0.5655900835990906,30,0,0.0,0.0,-0.0,262800,-0.0,0.0,-0.47058358788490295,0.0,0.0,0.0,0.0,106,3.6062075467921155,1.0,0.16527585804743586,0.0,0.0,0.0,-0.5153369307518005,CityLearnV3MADRLRewardFunction,maac_unified_comparable_v4,E1,-0.0,1907,14.688239299728657,1.0,0.1540923968902982,0.0,5
8,0.0,0.0,0.0,0.0,Building_10,9,MAAC,0.7900000214576721,False,0.0,0.0,0.0,0.5655900835990906,30,0,0.0,0.0,-0.0,262800,-0.0,0.0,-0.5376511812210083,0.0,0.0,0.0,0.0,78,3.48274176130972,1.0,0.21229100733613357,0.0,0.0,0.0,-0.5153369307518005,CityLearnV3MADRLRewardFunction,maac_unified_comparable_v4,E1,-0.0,1907,14.688239299728657,1.0,0.1540923968902982,0.0,5
5,0.0,0.0,0.0,0.0,Building_11,10,MAAC,0.7900000214576721,False,0.0,0.0,0.0,0.5655900835990906,30,0,0.0,0.0,-0.0,262800,-0.0,0.0,-0.5564237833023071,0.0,0.0,0.0,0.0,57,3.763336717287316,1.0,0.330552190672933,0.0,0.0,0.0,-0.5153369307518005,CityLearnV3MADRLRewardFunction,maac_unified_comparable_v4,E1,-0.0,1907,14.688239299728657,1.0,0.1540923968902982,0.0,5
5,0.0,0.0,0.0,0.0,Building_12,11,MAAC,0.7900000214576721,False,0.0,0.0,0.0,0.5655900835990906,30,0,0.0,0.0,-0.0,262800,-0.0,0.0,-0.565436065196991,0.0,0.0,0.0,0.0,57,3.7310287606849903,1.0,0.33147364345036057,0.0,0.0,0.0,-0.5153369307518005,CityLearnV3MADRLRewardFunction,maac_unified_comparable_v4,E1,-0.0,1907,14.688239299728657,1.0,0.1540923968902982,0.0,5
13,0.0,0.0,0.0,0.0,Building_13,12,MAAC,0.7900000214576721,False,0.0,0.0,0.0,0.5655900835990906,30,0,0.0,0.0,-0.0,262800,-0.0,0.0,-0.4634028971195221,0.0,0.0,0.0,0.0,113,3.5165399094875562,1.0,0.147585317096879,0.0,0.0,0.0,-0.5153369307518005,CityLearnV3MADRLRewardFunction,maac_unified_comparable_v4,E1,-0.0,1907,14.688239299728657,1.0,0.1540923968902982,0.0,5
6,0.0,0.0,0.0,0.0,Building_14,13,MAAC,0.7900000214576721,False,0.0,0.0,0.0,0.5655900835990906,30,0,0.0,0.0,-0.0,262800,-0.0,0.0,-0.4671967029571533,0.0,0.0,0.0,0.0,64,3.612207238544067,1.0,0.2765714507550001,0.0,0.0,0.0,-0.5153369307518005,CityLearnV3MADRLRewardFunction,maac_unified_comparable_v4,E1,-0.0,1907,14.688239299728657,1.0,0.1540923968902982,0.0,5
10,0.0,0.0,0.0,0.0,Building_15,14,MAAC,0.7900000214576721,False,0.0,0.0,0.0,0.5655900835990906,30,0,0.0,0.0,-0.0,262800,-0.0,0.0,-0.4720264673233032,0.0,0.0,0.0,0.0,92,3.531279421937714,1.0,0.1824936253707046,0.0,0.0,0.0,-0.5153369307518005,CityLearnV3MADRLRewardFunction,maac_unified_comparable_v4,E1,-0.0,1907,14.688239299728657,1.0,0.1540923968902982,0.0,5
13,0.0,0.0,0.0,0.0,Building_16,15,MAAC,0.7900000214576721,False,0.0,0.0,0.0,0.5655900835990906,30,0,0.0,0.0,-0.0,262800,-0.0,0.0,-0.5533646941184998,0.0,0.0,0.0,0.0,113,3.417475790192459,1.0,0.14378368907270178,0.0,0.0,0.0,-0.5153369307518005,CityLearnV3MADRLRewardFunction,maac_unified_comparable_v4,E1,-0.0,1907,14.688239299728657,1.0,0.1540923968902982,0.0,5
13,1.0,1.0,0.07692307692307693,0.0,Building_17,16,MAAC,0.7900000214576721,False,0.0,0.0,0.0,0.5655900835990906,30,0,0.0,0.0,-0.0,262800,-0.0,0.0,-0.5478559136390686,0.0,0.0,0.0,0.0,113,3.6022937375224573,1.0,0.15729951944235152,0.0,0.0,0.0,-0.5153369307518005,CityLearnV3MADRLRewardFunction,maac_unified_comparable_v4,E1,-0.0,1907,14.688239299728657,1.0,0.1540923968902982,0.0,5
6,0.0,0.0,0.0,0.0,Building_1,0,MAAC,0.7900000214576721,True,0.0,0.0,0.0,0.28695225715637207,30,8754,0.0,0.0,-0.0,271554,0.0,433.45458984375,-0.8332065343856812,172.33221435546875,342.42913818359375,433.45458984375,433.45458984375,64,3.179110810052742,1.0,0.20836698997300118,0.0,0.0,0.0,-0.798218846321106,CityLearnV3MADRLRewardFunction,maac_unified_comparable_v4,E1,-0.0,1907,13.746276476232534,1.0,0.12630671571195906,0.0,8759
8,0.0,0.0,0.0,0.0,Building_2,1,MAAC,0.7900000214576721,True,0.0,0.0,0.0,0.28695225715637207,30,8754,0.0,0.0,-0.0,271554,0.0,15.16435432434082,-0.7846496105194092,5.706462383270264,11.979840278625488,15.16435432434082,15.16435432434082,78,3.4404418288685474,1.0,0.18829075180185148,0.0,0.0,0.0,-0.798218846321106,CityLearnV3MADRLRewardFunction,maac_unified_comparable_v4,E1,-0.0,1907,13.746276476232534,1.0,0.12630671571195906,0.0,8759
10,0.0,0.0,0.0,0.0,Building_3,2,MAAC,0.7900000214576721,True,0.0,0.0,0.0,0.28695225715637207,30,8754,0.0,0.0,-0.0,271554,0.0,94.53981018066406,-0.8251650929450989,37.325645446777344,74.68645477294922,94.53981018066406,94.53981018066406,92,3.21380413441342,1.0,0.14578508253654707,0.0,0.0,0.0,-0.798218846321106,CityLearnV3MADRLRewardFunction,maac_unified_comparable_v4,E1,-0.0,1907,13.746276476232534,1.0,0.12630671571195906,0.0,8759
8,0.0,0.0,0.0,0.0,Building_4,3,MAAC,0.7900000214576721,True,0.0,0.0,0.0,0.28695225715637207,30,8754,0.0,0.0,-0.0,271554,0.0,31.04317283630371,-0.8141224384307861,12.031784057617188,24.524106979370117,31.04317283630371,31.04317283630371,78,3.3221894179500566,1.0,0.17867251877219248,0.0,0.0,0.0,-0.798218846321106,CityLearnV3MADRLRewardFunction,maac_unified_comparable_v4,E1,-0.0,1907,13.746276476232534,1.0,0.12630671571195906,0.0,8759
5,0.0,0.0,0.0,0.0,Building_5,4,MAAC,0.7900000214576721,True,0.0,0.0,0.0,0.28695225715637207,30,8754,0.0,0.0,-0.0,271554,0.0,38.538970947265625,-0.8513584136962891,15.017731666564941,30.44578742980957,38.538970947265625,38.538970947265625,57,3.4469797081774582,1.0,0.27683271297760176,0.0,0.0,0.0,-0.798218846321106,CityLearnV3MADRLRewardFunction,maac_unified_comparable_v4,E1,-0.0,1907,13.746276476232534,1.0,0.12630671571195906,0.0,8759
34,0.0,0.0,0.0,0.0,Building_6,5,MAAC,0.7900000214576721,True,0.0,0.0,0.0,0.28695225715637207,30,8754,0.0,0.0,-0.0,271554,0.0,362.8901062011719,-0.8366311192512512,144.22288513183594,286.6831970214844,362.8901062011719,362.8901062011719,260,3.2084134709640657,1.0,0.05163828074358977,0.0,0.0,0.0,-0.798218846321106,CityLearnV3MADRLRewardFunction,maac_unified_comparable_v4,E1,-0.0,1907,13.746276476232534,1.0,0.12630671571195906,0.0,8759
44,0.0,0.0,0.0,0.0,Building_7,6,MAAC,0.7900000214576721,True,0.0,0.0,0.0,0.28695225715637207,30,8754,0.0,0.0,-0.0,271554,0.0,12.664111137390137,-0.7769668698310852,4.71049165725708,10.004648208618164,12.664111137390137,12.664111137390137,330,3.4036737918358457,1.0,0.04357474572730787,0.0,0.0,0.0,-0.798218846321106,CityLearnV3MADRLRewardFunction,maac_unified_comparable_v4,E1,-0.0,1907,13.746276476232534,1.0,0.12630671571195906,0.0,8759
19,1.0,1.0,0.05263157894736842,0.0,Building_8,7,MAAC,0.7900000214576721,True,0.0,0.0,0.0,0.28695225715637207,30,8754,0.0,0.0,-0.0,271554,0.0,12.065996170043945,-0.7724752426147461,4.472232818603516,9.532136917114258,12.065996170043945,12.065996170043945,155,3.318361358063314,1.0,0.09061731229866704,0.0,0.0,0.0,-0.798218846321106,CityLearnV3MADRLRewardFunction,maac_unified_comparable_v4,E1,-0.0,1907,13.746276476232534,1.0,0.12630671571195906,0.0,8759
12,0.0,0.0,0.0,0.0,Building_9,8,MAAC,0.7900000214576721,True,0.0,0.0,0.0,0.28695225715637207,30,8754,0.0,0.0,-0.0,271554,0.0,2.290161371231079,-0.7187979817390442,0.7298279404640198,1.8092275857925415,2.290161371231079,2.290161371231079,106,3.63287720269078,1.0,0.15511534370060237,0.0,0.0,0.0,-0.798218846321106,CityLearnV3MADRLRewardFunction,maac_unified_comparable_v4,E1,-0.0,1907,13.746276476232534,1.0,0.12630671571195906,0.0,8759
8,0.0,0.0,0.0,0.0,Building_10,9,MAAC,0.7900000214576721,True,0.0,0.0,0.0,0.28695225715637207,30,8754,0.0,0.0,-0.0,271554,0.0,51.649574279785156,-0.8265408277511597,20.24033546447754,40.803165435791016,51.649574279785156,51.649574279785156,78,3.381179542825538,1.0,0.18368514292897323,0.0,0.0,0.0,-0.798218846321106,CityLearnV3MADRLRewardFunction,maac_unified_comparable_v4,E1,-0.0,1907,13.746276476232534,1.0,0.12630671571195906,0.0,8759
5,0.0,0.0,0.0,0.0,Building_11,10,MAAC,0.7900000214576721,True,0.0,0.0,0.0,0.28695225715637207,30,8754,0.0,0.0,-0.0,271554,0.0,71.54803466796875,-0.8195634484291077,28.166879653930664,56.52294921875,71.54803466796875,71.54803466796875,57,3.2440832583141903,1.0,0.2358612041070796,0.0,0.0,0.0,-0.798218846321106,CityLearnV3MADRLRewardFunction,maac_unified_comparable_v4,E1,-0.0,1907,13.746276476232534,1.0,0.12630671571195906,0.0,8759
5,0.0,0.0,0.0,0.0,Building_12,11,MAAC,0.7900000214576721,True,0.0,0.0,0.0,0.28695225715637207,30,8754,0.0,0.0,-0.0,271554,0.0,215.11593627929688,-0.836689293384552,85.35710144042969,169.94158935546875,215.11593627929688,215.11593627929688,57,3.3201297700085313,1.0,0.24865215899128662,0.0,0.0,0.0,-0.798218846321106,CityLearnV3MADRLRewardFunction,maac_unified_comparable_v4,E1,-0.0,1907,13.746276476232534,1.0,0.12630671571195906,0.0,8759
13,0.0,0.0,0.0,0.0,Building_13,12,MAAC,0.7900000214576721,True,0.0,0.0,0.0,0.28695225715637207,30,8754,0.0,0.0,-0.0,271554,0.0,2.033022403717041,-0.7350884675979614,0.6478829383850098,1.6060876846313477,2.033022403717041,2.033022403717041,113,3.402254779599153,1.0,0.1261863734210487,0.0,0.0,0.0,-0.798218846321106,CityLearnV3MADRLRewardFunction,maac_unified_comparable_v4,E1,-0.0,1907,13.746276476232534,1.0,0.12630671571195906,0.0,8759
6,0.0,0.0,0.0,0.0,Building_14,13,MAAC,0.7900000214576721,True,0.0,0.0,0.0,0.28695225715637207,30,8754,0.0,0.0,-0.0,271554,0.0,2.6149511337280273,-0.7375307083129883,0.833331823348999,2.0658113956451416,2.6149511337280273,2.6149511337280273,64,3.335072920395239,1.0,0.21859574632253498,0.0,0.0,0.0,-0.798218846321106,CityLearnV3MADRLRewardFunction,maac_unified_comparable_v4,E1,-0.0,1907,13.746276476232534,1.0,0.12630671571195906,0.0,8759
10,1.0,0.0,-0.1,-1.0,Building_15,14,MAAC,0.7900000214576721,True,-81.00064849853516,0.0,0.0,0.28695225715637207,30,8754,0.0,0.0,-0.0,271554,61.47916793823242,0.0,-0.7818526029586792,-19.5921630859375,0.0,-61.47916793823242,19.521480560302734,92,3.342685873410736,1.0,0.15512888578940992,0.0,0.0,0.0,-0.798218846321106,CityLearnV3MADRLRewardFunction,maac_unified_comparable_v4,E1,-0.0,1907,13.746276476232534,1.0,0.12630671571195906,0.0,8759
13,1.0,1.0,0.07692307692307693,0.0,Building_16,15,MAAC,0.7900000214576721,True,0.0,0.0,0.0,0.28695225715637207,30,8754,0.0,0.0,-0.0,271554,0.0,54.89390563964844,-0.8205257058143616,21.532712936401367,43.366188049316406,54.89390563964844,54.89390563964844,113,3.232218070712009,1.0,0.11950520300759679,0.0,0.0,0.0,-0.798218846321106,CityLearnV3MADRLRewardFunction,maac_unified_comparable_v4,E1,-0.0,1907,13.746276476232534,1.0,0.12630671571195906,0.0,8759
13,0.0,0.0,0.0,0.0,Building_17,16,MAAC,0.7900000214576721,True,0.0,0.0,0.0,0.28695225715637207,30,8754,0.0,0.0,-0.0,271554,0.0,22.46647071838379,-0.7985550761222839,8.615257263183594,17.748512268066406,22.46647071838379,22.46647071838379,113,3.222236363537114,1.0,0.11905510624689339,0.0,0.0,0.0,-0.798218846321106,CityLearnV3MADRLRewardFunction,maac_unified_comparable_v4,E1,-0.0,1907,13.746276476232534,1.0,0.12630671571195906,0.0,8759
6,0.0,0.0,0.0,0.0,Building_1,0,MAAC,0.7849760055541992,False,0.0,0.0,0.0,0.5136660933494568,31,0,0.0,0.0,-0.0,271560,-0.0,0.0,-0.6557888984680176,0.0,0.0,0.0,0.0,64,3.160749928380102,1.0,0.22828057667356916,0.0,0.0,0.0,-0.6070657968521118,CityLearnV3MADRLRewardFunction,maac_unified_comparable_v4,E1,-0.0,1907,14.096998910958755,1.0,0.1448329137379375,0.0,6
8,0.0,0.0,0.0,0.0,Building_2,1,MAAC,0.7849760055541992,False,0.0,0.0,0.0,0.5136660933494568,31,0,0.0,0.0,-0.0,271560,-0.0,0.0,-0.5520796179771423,0.0,0.0,0.0,0.0,78,3.3039446335262985,1.0,0.19169261385328495,0.0,0.0,0.0,-0.6070657968521118,CityLearnV3MADRLRewardFunction,maac_unified_comparable_v4,E1,-0.0,1907,14.096998910958755,1.0,0.1448329137379375,0.0,6
10,0.0,0.0,0.0,0.0,Building_3,2,MAAC,0.7849760055541992,False,0.0,0.0,0.0,0.5136660933494568,31,0,0.0,0.0,-0.0,271560,-0.0,0.0,-0.6463649272918701,0.0,0.0,0.0,0.0,92,3.6148093675930775,1.0,0.1974377016050984,0.0,0.0,0.0,-0.6070657968521118,CityLearnV3MADRLRewardFunction,maac_unified_comparable_v4,E1,-0.0,1907,14.096998910958755,1.0,0.1448329137379375,0.0,6
8,0.0,0.0,0.0,0.0,Building_4,3,MAAC,0.7849760055541992,False,0.0,0.0,0.0,0.5136660933494568,31,0,0.0,0.0,-0.0,271560,-0.0,0.0,-0.6074745655059814,0.0,0.0,0.0,0.0,78,3.237223713020559,1.0,0.18825082120318443,0.0,0.0,0.0,-0.6070657968521118,CityLearnV3MADRLRewardFunction,maac_unified_comparable_v4,E1,-0.0,1907,14.096998910958755,1.0,0.1448329137379375,0.0,6
5,0.0,0.0,0.0,0.0,Building_5,4,MAAC,0.7849760055541992,False,0.0,0.0,0.0,0.5136660933494568,31,0,0.0,0.0,-0.0,271560,-0.0,0.0,-0.6378307342529297,0.0,0.0,0.0,0.0,57,3.4561701956154995,1.0,0.29206725892921287,0.0,0.0,0.0,-0.6070657968521118,CityLearnV3MADRLRewardFunction,maac_unified_comparable_v4,E1,-0.0,1907,14.096998910958755,1.0,0.1448329137379375,0.0,6
34,0.0,0.0,0.0,0.0,Building_6,5,MAAC,0.7849760055541992,False,0.0,0.0,0.0,0.5136660933494568,31,0,0.0,0.0,-0.0,271560,-0.0,0.0,-0.6522716283798218,0.0,0.0,0.0,0.0,260,3.222576085366183,1.0,0.056559169184989655,0.0,0.0,0.0,-0.6070657968521118,CityLearnV3MADRLRewardFunction,maac_unified_comparable_v4,E1,-0.0,1907,14.096998910958755,1.0,0.1448329137379375,0.0,6
44,0.0,0.0,0.0,0.0,Building_7,6,MAAC,0.7849760055541992,False,0.0,0.0,0.0,0.5136660933494568,31,0,0.0,0.0,-0.0,271560,-0.0,0.0,-0.5751721858978271,0.0,0.0,0.0,0.0,330,3.275123095993102,1.0,0.045177463831549344,0.0,0.0,0.0,-0.6070657968521118,CityLearnV3MADRLRewardFunction,maac_unified_comparable_v4,E1,-0.0,1907,14.096998910958755,1.0,0.1448329137379375,0.0,6
19,1.0,1.0,0.05263157894736842,0.0,Building_8,7,MAAC,0.7849760055541992,False,0.0,0.0,0.0,0.5136660933494568,31,0,0.0,0.0,-0.0,271560,-0.0,0.0,-0.5542466044425964,0.0,0.0,0.0,0.0,155,3.2949529614039945,1.0,0.09630676441855969,0.0,0.0,0.0,-0.6070657968521118,CityLearnV3MADRLRewardFunction,maac_unified_comparable_v4,E1,-0.0,1907,14.096998910958755,1.0,0.1448329137379375,0.0,6
12,0.0,0.0,0.0,0.0,Building_9,8,MAAC,0.7849760055541992,False,0.0,0.0,0.0,0.5136660933494568,31,0,0.0,0.0,-0.0,271560,-0.0,0.0,-0.5612406730651855,0.0,0.0,0.0,0.0,106,3.3571642252425447,1.0,0.14717912162601385,0.0,0.0,0.0,-0.6070657968521118,CityLearnV3MADRLRewardFunction,maac_unified_comparable_v4,E1,-0.0,1907,14.096998910958755,1.0,0.1448329137379375,0.0,6
8,0.0,0.0,0.0,0.0,Building_10,9,MAAC,0.7849760055541992,False,0.0,0.0,0.0,0.5136660933494568,31,0,0.0,0.0,-0.0,271560,-0.0,0.0,-0.6375322937965393,0.0,0.0,0.0,0.0,78,3.2586160739769654,1.0,0.1910374128522399,0.0,0.0,0.0,-0.6070657968521118,CityLearnV3MADRLRewardFunction,maac_unified_comparable_v4,E1,-0.0,1907,14.096998910958755,1.0,0.1448329137379375,0.0,6
5,0.0,0.0,0.0,0.0,Building_11,10,MAAC,0.7849760055541992,False,0.0,0.0,0.0,0.5136660933494568,31,0,0.0,0.0,-0.0,271560,-0.0,0.0,-0.6432814598083496,0.0,0.0,0.0,0.0,57,3.831710958810723,1.0,0.3511324780094519,0.0,0.0,0.0,-0.6070657968521118,CityLearnV3MADRLRewardFunction,maac_unified_comparable_v4,E1,-0.0,1907,14.096998910958755,1.0,0.1448329137379375,0.0,6
5,0.0,0.0,0.0,0.0,Building_12,11,MAAC,0.7849760055541992,False,0.0,0.0,0.0,0.5136660933494568,31,0,0.0,0.0,-0.0,271560,-0.0,0.0,-0.6512960195541382,0.0,0.0,0.0,0.0,57,3.919942776249382,1.0,0.3653617999598123,0.0,0.0,0.0,-0.6070657968521118,CityLearnV3MADRLRewardFunction,maac_unified_comparable_v4,E1,-0.0,1907,14.096998910958755,1.0,0.1448329137379375,0.0,6
13,0.0,0.0,0.0,0.0,Building_13,12,MAAC,0.7849760055541992,False,0.0,0.0,0.0,0.5136660933494568,31,0,0.0,0.0,-0.0,271560,-0.0,0.0,-0.5514602065086365,0.0,0.0,0.0,0.0,113,3.2778110693161886,1.0,0.13152208965502482,0.0,0.0,0.0,-0.6070657968521118,CityLearnV3MADRLRewardFunction,maac_unified_comparable_v4,E1,-0.0,1907,14.096998910958755,1.0,0.1448329137379375,0.0,6
6,0.0,0.0,0.0,0.0,Building_14,13,MAAC,0.7849760055541992,False,0.0,0.0,0.0,0.5136660933494568,31,0,0.0,0.0,-0.0,271560,-0.0,0.0,-0.558487057685852,0.0,0.0,0.0,0.0,64,3.922216361374799,1.0,0.3307000615459401,0.0,0.0,0.0,-0.6070657968521118,CityLearnV3MADRLRewardFunction,maac_unified_comparable_v4,E1,-0.0,1907,14.096998910958755,1.0,0.1448329137379375,0.0,6
10,1.0,1.0,0.1,0.0,Building_15,14,MAAC,0.7849760055541992,False,0.0,0.0,0.0,0.5136660933494568,31,0,0.0,0.0,-0.0,271560,-0.0,0.0,-0.5764105319976807,0.0,0.0,0.0,0.0,92,3.3026481593387302,1.0,0.16429735446834695,0.0,0.0,0.0,-0.6070657968521118,CityLearnV3MADRLRewardFunction,maac_unified_comparable_v4,E1,-0.0,1907,14.096998910958755,1.0,0.1448329137379375,0.0,6
13,0.0,0.0,0.0,0.0,Building_16,15,MAAC,0.7849760055541992,False,0.0,0.0,0.0,0.5136660933494568,31,0,0.0,0.0,-0.0,271560,-0.0,0.0,-0.6378871202468872,0.0,0.0,0.0,0.0,113,3.18144206081374,1.0,0.1278716679992138,0.0,0.0,0.0,-0.6070657968521118,CityLearnV3MADRLRewardFunction,maac_unified_comparable_v4,E1,-0.0,1907,14.096998910958755,1.0,0.1448329137379375,0.0,6
13,0.0,0.0,0.0,0.0,Building_17,16,MAAC,0.7849760055541992,False,0.0,0.0,0.0,0.5136660933494568,31,0,0.0,0.0,-0.0,271560,-0.0,0.0,-0.6212949156761169,0.0,0.0,0.0,0.0,113,3.3563809255485495,1.0,0.13861495317413217,0.0,0.0,0.0,-0.6070657968521118,CityLearnV3MADRLRewardFunction,maac_unified_comparable_v4,E1,-0.0,1907,14.096998910958755,1.0,0.1448329137379375,0.0,6
6,0.0,0.0,0.0,0.0,Building_1,0,MAAC,0.7900000214576721,True,0.0,0.0,0.0,0.5087285041809082,31,8753,0.0,0.0,-0.0,280313,0.0,446.8856201171875,-0.8317092061042786,295.8052062988281,353.0396423339844,446.8856201171875,446.8856201171875,64,3.3849979129355754,1.0,0.23786036018282175,0.0,0.0,0.0,-0.7971756458282471,CityLearnV3MADRLRewardFunction,maac_unified_comparable_v4,E1,-0.0,1907,14.563004715196305,1.0,0.14300211104864716,0.0,8759
8,0.0,0.0,0.0,0.0,Building_2,1,MAAC,0.7900000214576721,True,0.0,0.0,0.0,0.5087285041809082,31,8753,0.0,0.0,-0.0,280313,0.0,5.618855953216553,-0.750414252281189,3.719266653060913,4.438896179199219,5.618855953216553,5.618855953216553,78,3.6155676070004317,1.0,0.2078588291620597,0.0,0.0,0.0,-0.7971756458282471,CityLearnV3MADRLRewardFunction,maac_unified_comparable_v4,E1,-0.0,1907,14.563004715196305,1.0,0.14300211104864716,0.0,8759
10,0.0,0.0,0.0,0.0,Building_3,2,MAAC,0.7900000214576721,True,0.0,0.0,0.0,0.5087285041809082,31,8753,0.0,0.0,-0.0,280313,0.0,98.17061614990234,-0.8198093771934509,64.98168182373047,77.5547866821289,98.17061614990234,98.17061614990234,92,3.403418129659496,1.0,0.16433913892377977,0.0,0.0,0.0,-0.7971756458282471,CityLearnV3MADRLRewardFunction,maac_unified_comparable_v4,E1,-0.0,1907,14.563004715196305,1.0,0.14300211104864716,0.0,8759
8,0.0,0.0,0.0,0.0,Building_4,3,MAAC,0.7900000214576721,True,0.0,0.0,0.0,0.5087285041809082,31,8753,0.0,0.0,-0.0,280313,0.0,28.84416961669922,-0.8115741014480591,19.09270477294922,22.786893844604492,28.84416961669922,28.84416961669922,78,3.5117269748634414,1.0,0.20238740895038995,0.0,0.0,0.0,-0.7971756458282471,CityLearnV3MADRLRewardFunction,maac_unified_comparable_v4,E1,-0.0,1907,14.563004715196305,1.0,0.14300211104864716,0.0,8759
5,0.0,0.0,0.0,0.0,Building_5,4,MAAC,0.7900000214576721,True,0.0,0.0,0.0,0.5087285041809082,31,8753,0.0,0.0,-0.0,280313,0.0,37.89287567138672,-0.8563805818557739,25.082279205322266,29.935373306274414,37.89287567138672,37.89287567138672,57,3.7575015769070013,1.0,0.32151959418204795,0.0,0.0,0.0,-0.7971756458282471,CityLearnV3MADRLRewardFunction,maac_unified_comparable_v4,E1,-0.0,1907,14.563004715196305,1.0,0.14300211104864716,0.0,8759
34,1.0,1.0,0.029411764705882353,0.0,Building_6,5,MAAC,0.7900000214576721,True,0.0,0.0,0.0,0.5087285041809082,31,8753,0.0,0.0,-0.0,280313,0.0,350.8894348144531,-0.8296087980270386,232.26283264160156,277.2026672363281,350.8894348144531,350.8894348144531,260,3.3827596401909497,1.0,0.05775675704846015,0.0,0.0,0.0,-0.7971756458282471,CityLearnV3MADRLRewardFunction,maac_unified_comparable_v4,E1,-0.0,1907,14.563004715196305,1.0,0.14300211104864716,0.0,8759
44,0.0,0.0,0.0,0.0,Building_7,6,MAAC,0.7900000214576721,True,0.0,0.0,0.0,0.5087285041809082,31,8753,0.0,0.0,-0.0,280313,0.0,18.66022491455078,-0.7936078906059265,12.35168743133545,14.741578102111816,18.66022491455078,18.66022491455078,330,3.5489781466304025,1.0,0.0488903618220127,0.0,0.0,0.0,-0.7971756458282471,CityLearnV3MADRLRewardFunction,maac_unified_comparable_v4,E1,-0.0,1907,14.563004715196305,1.0,0.14300211104864716,0.0,8759
19,0.0,0.0,0.0,0.0,Building_8,7,MAAC,0.7900000214576721,True,0.0,0.0,0.0,0.5087285041809082,31,8753,0.0,0.0,-0.0,280313,0.0,19.251495361328125,-0.7920653820037842,12.743064880371094,15.2086820602417,19.251495361328125,19.251495361328125,155,3.608780620812156,1.0,0.10567378065278453,0.0,0.0,0.0,-0.7971756458282471,CityLearnV3MADRLRewardFunction,maac_unified_comparable_v4,E1,-0.0,1907,14.563004715196305,1.0,0.14300211104864716,0.0,8759
12,0.0,0.0,0.0,0.0,Building_9,8,MAAC,0.7900000214576721,True,0.0,0.0,0.0,0.5087285041809082,31,8753,0.0,0.0,-0.0,280313,0.0,2.4506425857543945,-0.7184062004089355,1.6221439838409424,1.9360077381134033,2.4506425857543945,2.4506425857543945,106,3.7307840162023593,1.0,0.17028655139905102,0.0,0.0,0.0,-0.7971756458282471,CityLearnV3MADRLRewardFunction,maac_unified_comparable_v4,E1,-0.0,1907,14.563004715196305,1.0,0.14300211104864716,0.0,8759
8,0.0,0.0,0.0,0.0,Building_10,9,MAAC,0.7900000214576721,True,0.0,0.0,0.0,0.5087285041809082,31,8753,0.0,0.0,-0.0,280313,0.0,34.33414077758789,-0.8160971403121948,22.726659774780273,27.123971939086914,34.33414077758789,34.33414077758789,78,3.5356231889978282,1.0,0.20474015529721212,0.0,0.0,0.0,-0.7971756458282471,CityLearnV3MADRLRewardFunction,maac_unified_comparable_v4,E1,-0.0,1907,14.563004715196305,1.0,0.14300211104864716,0.0,8759
5,0.0,0.0,0.0,0.0,Building_11,10,MAAC,0.7900000214576721,True,0.0,0.0,0.0,0.5087285041809082,31,8753,0.0,0.0,-0.0,280313,0.0,57.917564392089844,-0.8199872970581055,38.33713912963867,45.754878997802734,57.917564392089844,57.917564392089844,57,3.4648863205594345,1.0,0.27177328498739944,0.0,0.0,0.0,-0.7971756458282471,CityLearnV3MADRLRewardFunction,maac_unified_comparable_v4,E1,-0.0,1907,14.563004715196305,1.0,0.14300211104864716,0.0,8759
5,0.0,0.0,0.0,0.0,Building_12,11,MAAC,0.7900000214576721,True,0.0,0.0,0.0,0.5087285041809082,31,8753,0.0,0.0,-0.0,280313,0.0,182.6020965576172,-0.8237614035606384,120.86907196044922,144.2556610107422,182.6020965576172,182.6020965576172,57,3.4037028641804437,1.0,0.26520357790746185,0.0,0.0,0.0,-0.7971756458282471,CityLearnV3MADRLRewardFunction,maac_unified_comparable_v4,E1,-0.0,1907,14.563004715196305,1.0,0.14300211104864716,0.0,8759
13,0.0,0.0,0.0,0.0,Building_13,12,MAAC,0.7900000214576721,True,0.0,0.0,0.0,0.5087285041809082,31,8753,0.0,0.0,-0.0,280313,0.0,2.789367437362671,-0.7376576662063599,1.8463547229766846,2.2036004066467285,2.789367437362671,2.789367437362671,113,3.573895977661447,1.0,0.14214266216860408,0.0,0.0,0.0,-0.7971756458282471,CityLearnV3MADRLRewardFunction,maac_unified_comparable_v4,E1,-0.0,1907,14.563004715196305,1.0,0.14300211104864716,0.0,8759
6,0.0,0.0,0.0,0.0,Building_14,13,MAAC,0.7900000214576721,True,0.0,0.0,0.0,0.5087285041809082,31,8753,0.0,0.0,-0.0,280313,0.0,2.485826015472412,-0.736334502696991,1.6454328298568726,1.9638025760650635,2.485826015472412,2.485826015472412,64,3.5768029683954814,1.0,0.25087698036804795,0.0,0.0,0.0,-0.7971756458282471,CityLearnV3MADRLRewardFunction,maac_unified_comparable_v4,E1,-0.0,1907,14.563004715196305,1.0,0.14300211104864716,0.0,8759
10,0.0,0.0,0.0,0.0,Building_15,14,MAAC,0.7900000214576721,True,0.0,0.0,0.0,0.5087285041809082,31,8753,0.0,0.0,-0.0,280313,0.0,20.5941162109375,-0.7947105169296265,13.631780624389648,16.269351959228516,20.5941162109375,20.5941162109375,92,3.531665351092377,1.0,0.1739960612486238,0.0,0.0,0.0,-0.7971756458282471,CityLearnV3MADRLRewardFunction,maac_unified_comparable_v4,E1,-0.0,1907,14.563004715196305,1.0,0.14300211104864716,0.0,8759
13,0.0,0.0,0.0,0.0,Building_16,15,MAAC,0.7900000214576721,True,0.0,0.0,0.0,0.5087285041809082,31,8753,0.0,0.0,-0.0,280313,0.0,103.13050842285156,-0.8200597763061523,68.26476287841797,81.47310638427734,103.13050842285156,103.13050842285156,113,3.439120390176846,1.0,0.13754174139647357,0.0,0.0,0.0,-0.7971756458282471,CityLearnV3MADRLRewardFunction,maac_unified_comparable_v4,E1,-0.0,1907,14.563004715196305,1.0,0.14300211104864716,0.0,8759
13,0.0,0.0,0.0,0.0,Building_17,16,MAAC,0.7900000214576721,True,0.0,0.0,0.0,0.5087285041809082,31,8753,0.0,0.0,-0.0,280313,0.0,21.1981143951416,-0.7998015284538269,14.031582832336426,16.746511459350586,21.1981143951416,21.1981143951416,113,3.5465741833134117,1.0,0.1434605002930734,0.0,0.0,0.0,-0.7971756458282471,CityLearnV3MADRLRewardFunction,maac_unified_comparable_v4,E1,-0.0,1907,14.563004715196305,1.0,0.14300211104864716,0.0,8759
6,0.0,0.0,0.0,0.0,Building_1,0,MAAC,0.777534008026123,False,0.0,0.0,0.0,0.6865697503089905,32,0,0.0,0.0,-0.0,280320,-0.0,0.0,-0.6302980780601501,0.0,0.0,0.0,0.0,64,3.1571245174188842,1.0,0.24123849569878075,0.0,0.0,0.0,-0.571966826915741,CityLearnV3MADRLRewardFunction,maac_unified_comparable_v4,E1,-0.0,1907,14.177331393941062,1.0,0.15487113732924684,0.0,7
8,0.0,0.0,0.0,0.0,Building_2,1,MAAC,0.777534008026123,False,0.0,0.0,0.0,0.6865697503089905,32,0,0.0,0.0,-0.0,280320,-0.0,0.0,-0.5194965600967407,0.0,0.0,0.0,0.0,78,3.256850621098553,1.0,0.19783490238329157,0.0,0.0,0.0,-0.571966826915741,CityLearnV3MADRLRewardFunction,maac_unified_comparable_v4,E1,-0.0,1907,14.177331393941062,1.0,0.15487113732924684,0.0,7
10,0.0,0.0,0.0,0.0,Building_3,2,MAAC,0.777534008026123,False,0.0,0.0,0.0,0.6865697503089905,32,0,0.0,0.0,-0.0,280320,-0.0,0.0,-0.6249997019767761,0.0,0.0,0.0,0.0,92,3.870141695720532,1.0,0.23218447999502329,0.0,0.0,0.0,-0.571966826915741,CityLearnV3MADRLRewardFunction,maac_unified_comparable_v4,E1,-0.0,1907,14.177331393941062,1.0,0.15487113732924684,0.0,7
8,0.0,0.0,0.0,0.0,Building_4,3,MAAC,0.777534008026123,False,0.0,0.0,0.0,0.6865697503089905,32,0,0.0,0.0,-0.0,280320,-0.0,0.0,-0.5956857800483704,0.0,0.0,0.0,0.0,78,3.1574868435943984,1.0,0.19307532821758053,0.0,0.0,0.0,-0.571966826915741,CityLearnV3MADRLRewardFunction,maac_unified_comparable_v4,E1,-0.0,1907,14.177331393941062,1.0,0.15487113732924684,0.0,7
5,1.0,1.0,0.2,0.0,Building_5,4,MAAC,0.777534008026123,False,0.0,0.0,0.0,0.6865697503089905,32,0,0.0,0.0,-0.0,280320,-0.0,0.0,-0.6170209646224976,0.0,0.0,0.0,0.0,57,3.4945816434627015,1.0,0.3194445201865675,0.0,0.0,0.0,-0.571966826915741,CityLearnV3MADRLRewardFunction,maac_unified_comparable_v4,E1,-0.0,1907,14.177331393941062,1.0,0.15487113732924684,0.0,7
34,0.0,0.0,0.0,0.0,Building_6,5,MAAC,0.777534008026123,False,0.0,0.0,0.0,0.6865697503089905,32,0,0.0,0.0,-0.0,280320,-0.0,0.0,-0.6283026933670044,0.0,0.0,0.0,0.0,260,3.2006664651261367,1.0,0.058714180930445975,0.0,0.0,0.0,-0.571966826915741,CityLearnV3MADRLRewardFunction,maac_unified_comparable_v4,E1,-0.0,1907,14.177331393941062,1.0,0.15487113732924684,0.0,7
44,0.0,0.0,0.0,0.0,Building_7,6,MAAC,0.777534008026123,False,0.0,0.0,0.0,0.6865697503089905,32,0,0.0,0.0,-0.0,280320,-0.0,0.0,-0.5201073884963989,0.0,0.0,0.0,0.0,330,3.2356365162861622,1.0,0.04655267585238272,0.0,0.0,0.0,-0.571966826915741,CityLearnV3MADRLRewardFunction,maac_unified_comparable_v4,E1,-0.0,1907,14.177331393941062,1.0,0.15487113732924684,0.0,7
19,0.0,0.0,0.0,0.0,Building_8,7,MAAC,0.777534008026123,False,0.0,0.0,0.0,0.6865697503089905,32,0,0.0,0.0,-0.0,280320,-0.0,0.0,-0.5197381377220154,0.0,0.0,0.0,0.0,155,3.252203358543432,1.0,0.09947899806523515,0.0,0.0,0.0,-0.571966826915741,CityLearnV3MADRLRewardFunction,maac_unified_comparable_v4,E1,-0.0,1907,14.177331393941062,1.0,0.15487113732924684,0.0,7
12,0.0,0.0,0.0,0.0,Building_9,8,MAAC,0.777534008026123,False,0.0,0.0,0.0,0.6865697503089905,32,0,0.0,0.0,-0.0,280320,-0.0,0.0,-0.5352137684822083,0.0,0.0,0.0,0.0,106,3.2557599340213033,1.0,0.14857677835092511,0.0,0.0,0.0,-0.571966826915741,CityLearnV3MADRLRewardFunction,maac_unified_comparable_v4,E1,-0.0,1907,14.177331393941062,1.0,0.15487113732924684,0.0,7
8,0.0,0.0,0.0,0.0,Building_10,9,MAAC,0.777534008026123,False,0.0,0.0,0.0,0.6865697503089905,32,0,0.0,0.0,-0.0,280320,-0.0,0.0,-0.5465413928031921,0.0,0.0,0.0,0.0,78,3.206999011718306,1.0,0.19554273058206606,0.0,0.0,0.0,-0.571966826915741,CityLearnV3MADRLRewardFunction,maac_unified_comparable_v4,E1,-0.0,1907,14.177331393941062,1.0,0.15487113732924684,0.0,7
5,0.0,0.0,0.0,0.0,Building_11,10,MAAC,0.777534008026123,False,0.0,0.0,0.0,0.6865697503089905,32,0,0.0,0.0,-0.0,280320,-0.0,0.0,-0.6093782186508179,0.0,0.0,0.0,0.0,57,3.8491545618516017,1.0,0.3763767265338908,0.0,0.0,0.0,-0.571966826915741,CityLearnV3MADRLRewardFunction,maac_unified_comparable_v4,E1,-0.0,1907,14.177331393941062,1.0,0.15487113732924684,0.0,7
5,0.0,0.0,0.0,0.0,Building_12,11,MAAC,0.777534008026123,False,0.0,0.0,0.0,0.6865697503089905,32,0,0.0,0.0,-0.0,280320,-0.0,0.0,-0.6176670789718628,0.0,0.0,0.0,0.0,57,4.1149630709295755,1.0,0.4268973784913358,0.0,0.0,0.0,-0.571966826915741,CityLearnV3MADRLRewardFunction,maac_unified_comparable_v4,E1,-0.0,1907,14.177331393941062,1.0,0.15487113732924684,0.0,7
13,1.0,1.0,0.07692307692307693,0.0,Building_13,12,MAAC,0.777534008026123,False,0.0,0.0,0.0,0.6865697503089905,32,0,0.0,0.0,-0.0,280320,-0.0,0.0,-0.5198299884796143,0.0,0.0,0.0,0.0,113,3.240193652815055,1.0,0.1360536604806517,0.0,0.0,0.0,-0.571966826915741,CityLearnV3MADRLRewardFunction,maac_unified_comparable_v4,E1,-0.0,1907,14.177331393941062,1.0,0.15487113732924684,0.0,7
6,0.0,0.0,0.0,0.0,Building_14,13,MAAC,0.777534008026123,False,0.0,0.0,0.0,0.6865697503089905,32,0,0.0,0.0,-0.0,280320,-0.0,0.0,-0.5237417221069336,0.0,0.0,0.0,0.0,64,4.168493672942692,1.0,0.39064302180486266,0.0,0.0,0.0,-0.571966826915741,CityLearnV3MADRLRewardFunction,maac_unified_comparable_v4,E1,-0.0,1907,14.177331393941062,1.0,0.15487113732924684,0.0,7
10,1.0,1.0,0.1,0.0,Building_15,14,MAAC,0.777534008026123,False,0.0,0.0,0.0,0.6865697503089905,32,0,0.0,0.0,-0.0,280320,-0.0,0.0,-0.5248503088951111,0.0,0.0,0.0,0.0,92,3.2550253491598293,1.0,0.16819223859752325,0.0,0.0,0.0,-0.571966826915741,CityLearnV3MADRLRewardFunction,maac_unified_comparable_v4,E1,-0.0,1907,14.177331393941062,1.0,0.15487113732924684,0.0,7
13,0.0,0.0,0.0,0.0,Building_16,15,MAAC,0.777534008026123,False,0.0,0.0,0.0,0.6865697503089905,32,0,0.0,0.0,-0.0,280320,-0.0,0.0,-0.5952281355857849,0.0,0.0,0.0,0.0,113,3.179612367084101,1.0,0.13414219490755186,0.0,0.0,0.0,-0.571966826915741,CityLearnV3MADRLRewardFunction,maac_unified_comparable_v4,E1,-0.0,1907,14.177331393941062,1.0,0.15487113732924684,0.0,7
13,0.0,0.0,0.0,0.0,Building_17,16,MAAC,0.777534008026123,False,0.0,0.0,0.0,0.6865697503089905,32,0,0.0,0.0,-0.0,280320,-0.0,0.0,-0.5953365564346313,0.0,0.0,0.0,0.0,113,3.279925419416836,1.0,0.14156908061421286,0.0,0.0,0.0,-0.571966826915741,CityLearnV3MADRLRewardFunction,maac_unified_comparable_v4,E1,-0.0,1907,14.177331393941062,1.0,0.15487113732924684,0.0,7
6,0.0,0.0,0.0,0.0,Building_1,0,MAAC,0.7900000214576721,True,0.0,0.0,0.0,0.32958081364631653,32,8752,0.0,0.0,-0.0,289072,0.0,391.586669921875,-0.7945535778999329,179.1614532470703,309.3534851074219,391.586669921875,391.586669921875,64,3.288008229375483,1.0,0.21892234915867448,0.0,0.0,0.0,-0.7465235590934753,CityLearnV3MADRLRewardFunction,maac_unified_comparable_v4,E1,-0.0,1907,13.96084415380106,1.0,0.13012698827204933,0.0,8759
8,0.0,0.0,0.0,0.0,Building_2,1,MAAC,0.7900000214576721,True,0.0,0.0,0.0,0.32958081364631653,32,8752,0.0,0.0,-0.0,289072,0.0,0.1848604530096054,-0.6890639662742615,0.08457864075899124,0.14603976905345917,0.1848604530096054,0.1848604530096054,78,3.4410725998102003,1.0,0.18851247888344985,0.0,0.0,0.0,-0.7465235590934753,CityLearnV3MADRLRewardFunction,maac_unified_comparable_v4,E1,-0.0,1907,13.96084415380106,1.0,0.13012698827204933,0.0,8759
10,0.0,0.0,0.0,0.0,Building_3,2,MAAC,0.7900000214576721,True,0.0,0.0,0.0,0.32958081364631653,32,8752,0.0,0.0,-0.0,289072,0.0,39.0087890625,-0.775874674320221,17.847572326660156,30.816944122314453,39.0087890625,39.0087890625,92,3.25758581424625,1.0,0.14939380291363466,0.0,0.0,0.0,-0.7465235590934753,CityLearnV3MADRLRewardFunction,maac_unified_comparable_v4,E1,-0.0,1907,13.96084415380106,1.0,0.13012698827204933,0.0,8759
8,0.0,0.0,0.0,0.0,Building_4,3,MAAC,0.7900000214576721,True,0.0,0.0,0.0,0.32958081364631653,32,8752,0.0,0.0,-0.0,289072,0.0,36.67196273803711,-0.7813803553581238,16.778411865234375,28.97085189819336,36.67196273803711,36.67196273803711,78,3.388202646507649,1.0,0.1857893657989991,0.0,0.0,0.0,-0.7465235590934753,CityLearnV3MADRLRewardFunction,maac_unified_comparable_v4,E1,-0.0,1907,13.96084415380106,1.0,0.13012698827204933,0.0,8759
5,0.0,0.0,0.0,0.0,Building_5,4,MAAC,0.7900000214576721,True,0.0,0.0,0.0,0.32958081364631653,32,8752,0.0,0.0,-0.0,289072,0.0,54.225337982177734,-0.8205842971801758,24.809553146362305,42.838016510009766,54.225337982177734,54.225337982177734,57,3.509204145840512,1.0,0.2873623771102805,0.0,0.0,0.0,-0.7465235590934753,CityLearnV3MADRLRewardFunction,maac_unified_comparable_v4,E1,-0.0,1907,13.96084415380106,1.0,0.13012698827204933,0.0,8759
34,0.0,0.0,0.0,0.0,Building_6,5,MAAC,0.7900000214576721,True,0.0,0.0,0.0,0.32958081364631653,32,8752,0.0,0.0,-0.0,289072,0.0,348.8946838378906,-0.7929970622062683,159.62872314453125,275.6268005371094,348.8946838378906,348.8946838378906,260,3.2489122759117,1.0,0.05266099268427262,0.0,0.0,0.0,-0.7465235590934753,CityLearnV3MADRLRewardFunction,maac_unified_comparable_v4,E1,-0.0,1907,13.96084415380106,1.0,0.13012698827204933,0.0,8759
44,1.0,1.0,0.022727272727272728,0.0,Building_7,6,MAAC,0.7900000214576721,True,0.0,0.0,0.0,0.32958081364631653,32,8752,0.0,0.0,-0.0,289072,0.0,2.9800853729248047,-0.7015501260757446,1.3634693622589111,2.3542675971984863,2.9800853729248047,2.9800853729248047,330,3.4753391124167172,1.0,0.045143836533481425,0.0,0.0,0.0,-0.7465235590934753,CityLearnV3MADRLRewardFunction,maac_unified_comparable_v4,E1,-0.0,1907,13.96084415380106,1.0,0.13012698827204933,0.0,8759
19,0.0,0.0,0.0,0.0,Building_8,7,MAAC,0.7900000214576721,True,0.0,0.0,0.0,0.32958081364631653,32,8752,0.0,0.0,-0.0,289072,0.0,6.19936990737915,-0.7142049074172974,2.836378812789917,4.897502422332764,6.19936990737915,6.19936990737915,155,3.3903502132375736,1.0,0.09396096775608678,0.0,0.0,0.0,-0.7465235590934753,CityLearnV3MADRLRewardFunction,maac_unified_comparable_v4,E1,-0.0,1907,13.96084415380106,1.0,0.13012698827204933,0.0,8759
12,0.0,0.0,0.0,0.0,Building_9,8,MAAC,0.7900000214576721,True,0.0,0.0,0.0,0.32958081364631653,32,8752,0.0,0.0,-0.0,289072,0.0,2.1350696086883545,-0.6803635954856873,0.9768518805503845,1.6867049932479858,2.1350696086883545,2.1350696086883545,106,3.663592115184246,1.0,0.1591103642054324,0.0,0.0,0.0,-0.7465235590934753,CityLearnV3MADRLRewardFunction,maac_unified_comparable_v4,E1,-0.0,1907,13.96084415380106,1.0,0.13012698827204933,0.0,8759
8,1.0,1.0,0.125,0.0,Building_10,9,MAAC,0.7900000214576721,True,0.0,0.0,0.0,0.32958081364631653,32,8752,0.0,0.0,-0.0,289072,0.0,16.451881408691406,-0.7486121654510498,7.52717924118042,12.996986389160156,16.451881408691406,16.451881408691406,78,3.345905339626055,1.0,0.18321567152937254,0.0,0.0,0.0,-0.7465235590934753,CityLearnV3MADRLRewardFunction,maac_unified_comparable_v4,E1,-0.0,1907,13.96084415380106,1.0,0.13012698827204933,0.0,8759
5,0.0,0.0,0.0,0.0,Building_11,10,MAAC,0.7900000214576721,True,0.0,0.0,0.0,0.32958081364631653,32,8752,0.0,0.0,-0.0,289072,0.0,66.45198059082031,-0.7813633680343628,30.40357208251953,52.497066497802734,66.45198059082031,66.45198059082031,57,3.3304674548362376,1.0,0.24611202065359084,0.0,0.0,0.0,-0.7465235590934753,CityLearnV3MADRLRewardFunction,maac_unified_comparable_v4,E1,-0.0,1907,13.96084415380106,1.0,0.13012698827204933,0.0,8759
5,0.0,0.0,0.0,0.0,Building_12,11,MAAC,0.7900000214576721,True,0.0,0.0,0.0,0.32958081364631653,32,8752,0.0,0.0,-0.0,289072,0.0,155.388671875,-0.7863931059837341,71.0945053100586,122.7570571899414,155.388671875,155.388671875,57,3.2926405425110272,1.0,0.24683861826595507,0.0,0.0,0.0,-0.7465235590934753,CityLearnV3MADRLRewardFunction,maac_unified_comparable_v4,E1,-0.0,1907,13.96084415380106,1.0,0.13012698827204933,0.0,8759
13,0.0,0.0,0.0,0.0,Building_13,12,MAAC,0.7900000214576721,True,0.0,0.0,0.0,0.32958081364631653,32,8752,0.0,0.0,-0.0,289072,0.0,0.1047736182808876,-0.688707172870636,0.04793675243854523,0.08277115970849991,0.1047736182808876,0.1047736182808876,113,3.411010300467286,1.0,0.12890917221001819,0.0,0.0,0.0,-0.7465235590934753,CityLearnV3MADRLRewardFunction,maac_unified_comparable_v4,E1,-0.0,1907,13.96084415380106,1.0,0.13012698827204933,0.0,8759
6,0.0,0.0,0.0,0.0,Building_14,13,MAAC,0.7900000214576721,True,0.0,0.0,0.0,0.32958081364631653,32,8752,0.0,0.0,-0.0,289072,0.0,1.3521205186843872,-0.6942203640937805,0.6186316013336182,1.068175196647644,1.3521205186843872,1.3521205186843872,64,3.4164447065323627,1.0,0.22810623049736023,0.0,0.0,0.0,-0.7465235590934753,CityLearnV3MADRLRewardFunction,maac_unified_comparable_v4,E1,-0.0,1907,13.96084415380106,1.0,0.13012698827204933,0.0,8759
10,0.0,0.0,0.0,0.0,Building_15,14,MAAC,0.7900000214576721,True,0.0,0.0,0.0,0.32958081364631653,32,8752,0.0,0.0,-0.0,289072,0.0,15.147623062133789,-0.744931697845459,6.930445671081543,11.966622352600098,15.147623062133789,15.147623062133789,92,3.4129177387325957,1.0,0.1607088287887366,0.0,0.0,0.0,-0.7465235590934753,CityLearnV3MADRLRewardFunction,maac_unified_comparable_v4,E1,-0.0,1907,13.96084415380106,1.0,0.13012698827204933,0.0,8759
13,0.0,0.0,0.0,0.0,Building_16,15,MAAC,0.7900000214576721,True,0.0,0.0,0.0,0.32958081364631653,32,8752,0.0,0.0,-0.0,289072,0.0,11.957420349121094,-0.7349007725715637,5.470841884613037,9.446362495422363,11.957420349121094,11.957420349121094,113,3.32289854995486,1.0,0.12387158939268737,0.0,0.0,0.0,-0.7465235590934753,CityLearnV3MADRLRewardFunction,maac_unified_comparable_v4,E1,-0.0,1907,13.96084415380106,1.0,0.13012698827204933,0.0,8759
13,0.0,0.0,0.0,0.0,Building_17,16,MAAC,0.7900000214576721,True,0.0,0.0,0.0,0.32958081364631653,32,8752,0.0,0.0,-0.0,289072,0.0,23.087642669677734,-0.7612003087997437,10.56321907043457,18.239238739013672,23.087642669677734,23.087642669677734,113,3.3424203937064614,1.0,0.1280131718489976,0.0,0.0,0.0,-0.7465235590934753,CityLearnV3MADRLRewardFunction,maac_unified_comparable_v4,E1,-0.0,1907,13.96084415380106,1.0,0.13012698827204933,0.0,8759
6,0.0,0.0,0.0,0.0,Building_1,0,MAAC,0.7393829822540283,False,0.0,0.0,0.0,0.6440863609313965,33,0,0.0,0.0,-0.0,289080,-0.0,0.0,-0.717345654964447,0.0,0.0,0.0,0.0,64,3.3277154156456077,0.9330127239227295,0.2694150237366557,0.0,0.0,0.0,-0.6795522570610046,CityLearnV3MADRLRewardFunction,maac_unified_comparable_v4,E1,-0.0,1907,14.866881416642293,1.0,0.17297783745799505,0.0,8
8,0.0,0.0,0.0,0.0,Building_2,1,MAAC,0.7393829822540283,False,0.0,0.0,0.0,0.6440863609313965,33,0,0.0,0.0,-0.0,289080,-0.0,0.0,-0.6246876120567322,0.0,0.0,0.0,0.0,78,3.3538505823881795,0.9676530361175537,0.21710276360122058,0.0,0.0,0.0,-0.6795522570610046,CityLearnV3MADRLRewardFunction,maac_unified_comparable_v4,E1,-0.0,1907,14.866881416642293,1.0,0.17297783745799505,0.0,8
10,0.0,0.0,0.0,0.0,Building_3,2,MAAC,0.7393829822540283,False,0.0,0.0,0.0,0.6440863609313965,33,0,0.0,0.0,-0.0,289080,-0.0,0.0,-0.7319535613059998,0.0,0.0,0.0,0.0,92,4.375210935014023,1.0,0.2977493534107571,0.0,0.0,0.0,-0.6795522570610046,CityLearnV3MADRLRewardFunction,maac_unified_comparable_v4,E1,-0.0,1907,14.866881416642293,1.0,0.17297783745799505,0.0,8
8,0.0,0.0,0.0,0.0,Building_4,3,MAAC,0.7393829822540283,False,0.0,0.0,0.0,0.6440863609313965,33,0,0.0,0.0,-0.0,289080,-0.0,0.0,-0.70076584815979,0.0,0.0,0.0,0.0,78,3.444197007072216,0.9677168726921082,0.22385134968238,0.0,0.0,0.0,-0.6795522570610046,CityLearnV3MADRLRewardFunction,maac_unified_comparable_v4,E1,-0.0,1907,14.866881416642293,1.0,0.17297783745799505,0.0,8
5,0.0,0.0,0.0,0.0,Building_5,4,MAAC,0.7393829822540283,False,0.0,0.0,0.0,0.6440863609313965,33,0,0.0,0.0,-0.0,289080,-0.0,0.0,-0.7012476325035095,0.0,0.0,0.0,0.0,57,3.6876360533675383,1.0,0.35533325936187776,0.0,0.0,0.0,-0.6795522570610046,CityLearnV3MADRLRewardFunction,maac_unified_comparable_v4,E1,-0.0,1907,14.866881416642293,1.0,0.17297783745799505,0.0,8
34,1.0,1.0,0.029411764705882353,0.0,Building_6,5,MAAC,0.7393829822540283,False,0.0,0.0,0.0,0.6440863609313965,33,0,0.0,0.0,-0.0,289080,-0.0,0.0,-0.7170552015304565,0.0,0.0,0.0,0.0,260,3.336042601581235,0.9330127239227295,0.0659295251736274,0.0,0.0,0.0,-0.6795522570610046,CityLearnV3MADRLRewardFunction,maac_unified_comparable_v4,E1,-0.0,1907,14.866881416642293,1.0,0.17297783745799505,0.0,8
44,1.0,1.0,0.022727272727272728,0.0,Building_7,6,MAAC,0.7393829822540283,False,0.0,0.0,0.0,0.6440863609313965,33,0,0.0,0.0,-0.0,289080,-0.0,0.0,-0.6614055633544922,0.0,0.0,0.0,0.0,330,3.3327790675911837,0.9330127239227295,0.05098530293414087,0.0,0.0,0.0,-0.6795522570610046,CityLearnV3MADRLRewardFunction,maac_unified_comparable_v4,E1,-0.0,1907,14.866881416642293,1.0,0.17297783745799505,0.0,8
19,0.0,0.0,0.0,0.0,Building_8,7,MAAC,0.7393829822540283,False,0.0,0.0,0.0,0.6440863609313965,33,0,0.0,0.0,-0.0,289080,-0.0,0.0,-0.6602145433425903,0.0,0.0,0.0,0.0,155,3.3471167499969767,0.9497137069702148,0.10886759748381954,0.0,0.0,0.0,-0.6795522570610046,CityLearnV3MADRLRewardFunction,maac_unified_comparable_v4,E1,-0.0,1907,14.866881416642293,1.0,0.17297783745799505,0.0,8
12,0.0,0.0,0.0,0.0,Building_9,8,MAAC,0.7393829822540283,False,0.0,0.0,0.0,0.6440863609313965,33,0,0.0,0.0,-0.0,289080,-0.0,0.0,-0.6297109723091125,0.0,0.0,0.0,0.0,106,3.4832720905884624,0.978480339050293,0.1700635607934223,0.0,0.0,0.0,-0.6795522570610046,CityLearnV3MADRLRewardFunction,maac_unified_comparable_v4,E1,-0.0,1907,14.866881416642293,1.0,0.17297783745799505,0.0,8
8,1.0,1.0,0.125,0.0,Building_10,9,MAAC,0.7393829822540283,False,0.0,0.0,0.0,0.6440863609313965,33,0,0.0,0.0,-0.0,289080,-0.0,0.0,-0.7087549567222595,0.0,0.0,0.0,0.0,78,3.3273198214131563,0.9330127239227295,0.22052722500684935,0.0,0.0,0.0,-0.6795522570610046,CityLearnV3MADRLRewardFunction,maac_unified_comparable_v4,E1,-0.0,1907,14.866881416642293,1.0,0.17297783745799505,0.0,8
5,0.0,0.0,0.0,0.0,Building_11,10,MAAC,0.7393829822540283,False,0.0,0.0,0.0,0.6440863609313965,33,0,0.0,0.0,-0.0,289080,-0.0,0.0,-0.694602906703949,0.0,0.0,0.0,0.0,57,3.9943573101326373,1.0,0.4107652905217388,0.0,0.0,0.0,-0.6795522570610046,CityLearnV3MADRLRewardFunction,maac_unified_comparable_v4,E1,-0.0,1907,14.866881416642293,1.0,0.17297783745799505,0.0,8
5,0.0,0.0,0.0,0.0,Building_12,11,MAAC,0.7393829822540283,False,0.0,0.0,0.0,0.6440863609313965,33,0,0.0,0.0,-0.0,289080,-0.0,0.0,-0.6936324834823608,0.0,0.0,0.0,0.0,57,4.244135037456986,1.0,0.4577028699088515,0.0,0.0,0.0,-0.6795522570610046,CityLearnV3MADRLRewardFunction,maac_unified_comparable_v4,E1,-0.0,1907,14.866881416642293,1.0,0.17297783745799505,0.0,8
13,0.0,0.0,0.0,0.0,Building_13,12,MAAC,0.7393829822540283,False,0.0,0.0,0.0,0.6440863609313965,33,0,0.0,0.0,-0.0,289080,-0.0,0.0,-0.6393923759460449,0.0,0.0,0.0,0.0,113,3.362546286163483,0.9330127239227295,0.15256345759978338,0.0,0.0,0.0,-0.6795522570610046,CityLearnV3MADRLRewardFunction,maac_unified_comparable_v4,E1,-0.0,1907,14.866881416642293,1.0,0.17297783745799505,0.0,8
6,0.0,0.0,0.0,0.0,Building_14,13,MAAC,0.7393829822540283,False,0.0,0.0,0.0,0.6440863609313965,33,0,0.0,0.0,-0.0,289080,-0.0,0.0,-0.6044842004776001,0.0,0.0,0.0,0.0,64,4.257371332313117,1.0,0.40937517350539565,0.0,0.0,0.0,-0.6795522570610046,CityLearnV3MADRLRewardFunction,maac_unified_comparable_v4,E1,-0.0,1907,14.866881416642293,1.0,0.17297783745799505,0.0,8
10,0.0,0.0,0.0,0.0,Building_15,14,MAAC,0.7393829822540283,False,0.0,0.0,0.0,0.6440863609313965,33,0,0.0,0.0,-0.0,289080,-0.0,0.0,-0.672144889831543,0.0,0.0,0.0,0.0,92,3.3553412955753386,0.9581499099731445,0.18563175428172815,0.0,0.0,0.0,-0.6795522570610046,CityLearnV3MADRLRewardFunction,maac_unified_comparable_v4,E1,-0.0,1907,14.866881416642293,1.0,0.17297783745799505,0.0,8
13,0.0,0.0,0.0,0.0,Building_16,15,MAAC,0.7393829822540283,False,0.0,0.0,0.0,0.6440863609313965,33,0,0.0,0.0,-0.0,289080,-0.0,0.0,-0.7017019391059875,0.0,0.0,0.0,0.0,113,3.298551236262947,0.9330127239227295,0.14716298390278773,0.0,0.0,0.0,-0.6795522570610046,CityLearnV3MADRLRewardFunction,maac_unified_comparable_v4,E1,-0.0,1907,14.866881416642293,1.0,0.17297783745799505,0.0,8
13,0.0,0.0,0.0,0.0,Building_17,16,MAAC,0.7393829822540283,False,0.0,0.0,0.0,0.6440863609313965,33,0,0.0,0.0,-0.0,289080,-0.0,0.0,-0.6932879090309143,0.0,0.0,0.0,0.0,113,3.451992336810206,0.9330127239227295,0.15810395335465405,0.0,0.0,0.0,-0.6795522570610046,CityLearnV3MADRLRewardFunction,maac_unified_comparable_v4,E1,-0.0,1907,14.866881416642293,1.0,0.17297783745799505,0.0,8
6,0.0,0.0,0.0,0.0,Building_1,0,MAAC,0.7900000214576721,True,0.0,0.0,0.0,0.28695225715637207,33,8751,0.0,0.0,-0.0,297831,0.0,433.45458984375,-0.8312343955039978,172.66647338867188,342.42913818359375,433.45458984375,433.45458984375,64,3.1783989589966137,1.0,0.20819494465831667,0.0,0.0,0.0,-0.7961049675941467,CityLearnV3MADRLRewardFunction,maac_unified_comparable_v4,E1,-0.0,1907,13.649015500435642,1.0,0.1249108484447565,0.0,8759
8,0.0,0.0,0.0,0.0,Building_2,1,MAAC,0.7900000214576721,True,0.0,0.0,0.0,0.28695225715637207,33,8751,0.0,0.0,-0.0,297831,0.0,15.16435432434082,-0.7799997329711914,6.040714740753174,11.979840278625488,15.16435432434082,15.16435432434082,78,3.299515806154586,1.0,0.17809994623829156,0.0,0.0,0.0,-0.7961049675941467,CityLearnV3MADRLRewardFunction,maac_unified_comparable_v4,E1,-0.0,1907,13.649015500435642,1.0,0.1249108484447565,0.0,8759
10,1.0,0.0,-0.1,-1.0,Building_3,2,MAAC,0.7900000214576721,True,0.0,0.0,0.0,0.28695225715637207,33,8751,0.0,0.0,-0.0,297831,0.0,94.53981018066406,-0.8193948864936829,37.65989685058594,74.68645477294922,94.53981018066406,94.53981018066406,92,3.195920885640346,1.0,0.14368496114469093,0.0,0.0,0.0,-0.7961049675941467,CityLearnV3MADRLRewardFunction,maac_unified_comparable_v4,E1,-0.0,1907,13.649015500435642,1.0,0.1249108484447565,0.0,8759
8,0.0,0.0,0.0,0.0,Building_4,3,MAAC,0.7900000214576721,True,0.0,0.0,0.0,0.28695225715637207,33,8751,0.0,0.0,-0.0,297831,0.0,31.04317283630371,-0.806938886642456,12.366035461425781,24.524106979370117,31.04317283630371,31.04317283630371,78,3.1853457724069263,1.0,0.16922841861079901,0.0,0.0,0.0,-0.7961049675941467,CityLearnV3MADRLRewardFunction,maac_unified_comparable_v4,E1,-0.0,1907,13.649015500435642,1.0,0.1249108484447565,0.0,8759
5,0.0,0.0,0.0,0.0,Building_5,4,MAAC,0.7900000214576721,True,0.0,0.0,0.0,0.28695225715637207,33,8751,0.0,0.0,-0.0,297831,0.0,38.538970947265625,-0.8553207516670227,15.351984024047852,30.44578742980957,38.538970947265625,38.538970947265625,57,3.5582756924777406,1.0,0.28737461527711466,0.0,0.0,0.0,-0.7961049675941467,CityLearnV3MADRLRewardFunction,maac_unified_comparable_v4,E1,-0.0,1907,13.649015500435642,1.0,0.1249108484447565,0.0,8759
34,0.0,0.0,0.0,0.0,Building_6,5,MAAC,0.7900000214576721,True,0.0,0.0,0.0,0.28695225715637207,33,8751,0.0,0.0,-0.0,297831,0.0,362.8901062011719,-0.8296647071838379,144.55712890625,286.6831970214844,362.8901062011719,362.8901062011719,260,3.175683794115888,1.0,0.050488479464099956,0.0,0.0,0.0,-0.7961049675941467,CityLearnV3MADRLRewardFunction,maac_unified_comparable_v4,E1,-0.0,1907,13.649015500435642,1.0,0.1249108484447565,0.0,8759
44,0.0,0.0,0.0,0.0,Building_7,6,MAAC,0.7900000214576721,True,0.0,0.0,0.0,0.28695225715637207,33,8751,0.0,0.0,-0.0,297831,0.0,12.664111137390137,-0.7746509313583374,5.044743537902832,10.004648208618164,12.664111137390137,12.664111137390137,330,3.340919585411967,1.0,0.04284575726046707,0.0,0.0,0.0,-0.7961049675941467,CityLearnV3MADRLRewardFunction,maac_unified_comparable_v4,E1,-0.0,1907,13.649015500435642,1.0,0.1249108484447565,0.0,8759
19,0.0,0.0,0.0,0.0,Building_8,7,MAAC,0.7900000214576721,True,0.0,0.0,0.0,0.28695225715637207,33,8751,0.0,0.0,-0.0,297831,0.0,12.065996170043945,-0.7709717154502869,4.806484699249268,9.532136917114258,12.065996170043945,12.065996170043945,155,3.3189075341961476,1.0,0.09067451689512498,0.0,0.0,0.0,-0.7961049675941467,CityLearnV3MADRLRewardFunction,maac_unified_comparable_v4,E1,-0.0,1907,13.649015500435642,1.0,0.1249108484447565,0.0,8759
12,0.0,0.0,0.0,0.0,Building_9,8,MAAC,0.7900000214576721,True,0.0,0.0,0.0,0.28695225715637207,33,8751,0.0,0.0,-0.0,297831,0.0,2.290161371231079,-0.7169492244720459,0.9122849106788635,1.8092275857925415,2.290161371231079,2.290161371231079,106,3.5342253421827206,1.0,0.1501358741156335,0.0,0.0,0.0,-0.7961049675941467,CityLearnV3MADRLRewardFunction,maac_unified_comparable_v4,E1,-0.0,1907,13.649015500435642,1.0,0.1249108484447565,0.0,8759
8,0.0,0.0,0.0,0.0,Building_10,9,MAAC,0.7900000214576721,True,0.0,0.0,0.0,0.28695225715637207,33,8751,0.0,0.0,-0.0,297831,0.0,51.649574279785156,-0.8228816986083984,20.574588775634766,40.803165435791016,51.649574279785156,51.649574279785156,78,3.324025298386019,1.0,0.18092929925291967,0.0,0.0,0.0,-0.7961049675941467,CityLearnV3MADRLRewardFunction,maac_unified_comparable_v4,E1,-0.0,1907,13.649015500435642,1.0,0.1249108484447565,0.0,8759
5,0.0,0.0,0.0,0.0,Building_11,10,MAAC,0.7900000214576721,True,0.0,0.0,0.0,0.28695225715637207,33,8751,0.0,0.0,-0.0,297831,0.0,71.54803466796875,-0.818044900894165,28.501131057739258,56.52294921875,71.54803466796875,71.54803466796875,57,3.2441276338644798,1.0,0.23587380944375405,0.0,0.0,0.0,-0.7961049675941467,CityLearnV3MADRLRewardFunction,maac_unified_comparable_v4,E1,-0.0,1907,13.649015500435642,1.0,0.1249108484447565,0.0,8759
5,1.0,1.0,0.2,0.0,Building_12,11,MAAC,0.7900000214576721,True,0.0,0.0,0.0,0.28695225715637207,33,8751,0.0,0.0,-0.0,297831,0.0,215.11593627929688,-0.8353550434112549,85.69135284423828,169.94158935546875,215.11593627929688,215.11593627929688,57,3.3568822181902767,1.0,0.25095822191552114,0.0,0.0,0.0,-0.7961049675941467,CityLearnV3MADRLRewardFunction,maac_unified_comparable_v4,E1,-0.0,1907,13.649015500435642,1.0,0.1249108484447565,0.0,8759
13,0.0,0.0,0.0,0.0,Building_13,12,MAAC,0.7900000214576721,True,0.0,0.0,0.0,0.28695225715637207,33,8751,0.0,0.0,-0.0,297831,0.0,2.033022403717041,-0.7335594296455383,0.8098536729812622,1.6060876846313477,2.033022403717041,2.033022403717041,113,3.403687954439428,1.0,0.12622965799759975,0.0,0.0,0.0,-0.7961049675941467,CityLearnV3MADRLRewardFunction,maac_unified_comparable_v4,E1,-0.0,1907,13.649015500435642,1.0,0.1249108484447565,0.0,8759
6,0.0,0.0,0.0,0.0,Building_14,13,MAAC,0.7900000214576721,True,0.0,0.0,0.0,0.28695225715637207,33,8751,0.0,0.0,-0.0,297831,0.0,2.6149511337280273,-0.7361169457435608,1.041664719581604,2.0658113956451416,2.6149511337280273,2.6149511337280273,64,3.3817747998813763,1.0,0.22128004801925272,0.0,0.0,0.0,-0.7961049675941467,CityLearnV3MADRLRewardFunction,maac_unified_comparable_v4,E1,-0.0,1907,13.649015500435642,1.0,0.1249108484447565,0.0,8759
10,0.0,0.0,0.0,0.0,Building_15,14,MAAC,0.7900000214576721,True,0.0,0.0,0.0,0.28695225715637207,33,8751,0.0,0.0,-0.0,297831,0.0,19.521480560302734,-0.7903451323509216,7.776374340057373,15.42197036743164,19.521480560302734,19.521480560302734,92,3.3265632700973287,1.0,0.15312790004131588,0.0,0.0,0.0,-0.7961049675941467,CityLearnV3MADRLRewardFunction,maac_unified_comparable_v4,E1,-0.0,1907,13.649015500435642,1.0,0.1249108484447565,0.0,8759
13,0.0,0.0,0.0,0.0,Building_16,15,MAAC,0.7900000214576721,True,0.0,0.0,0.0,0.28695225715637207,33,8751,0.0,0.0,-0.0,297831,0.0,54.89390563964844,-0.8164834976196289,21.866966247558594,43.366188049316406,54.89390563964844,54.89390563964844,113,3.2151327964223086,1.0,0.11789410159123682,0.0,0.0,0.0,-0.7961049675941467,CityLearnV3MADRLRewardFunction,maac_unified_comparable_v4,E1,-0.0,1907,13.649015500435642,1.0,0.1249108484447565,0.0,8759
13,0.0,0.0,0.0,0.0,Building_17,16,MAAC,0.7900000214576721,True,0.0,0.0,0.0,0.28695225715637207,33,8751,0.0,0.0,-0.0,297831,0.0,22.46647071838379,-0.7958739399909973,8.949509620666504,17.748512268066406,22.46647071838379,22.46647071838379,113,3.2039924178580073,1.0,0.11731757876356091,0.0,0.0,0.0,-0.7961049675941467,CityLearnV3MADRLRewardFunction,maac_unified_comparable_v4,E1,-0.0,1907,13.649015500435642,1.0,0.1249108484447565,0.0,8759
6,1.0,1.0,0.16666666666666666,0.0,Building_1,0,MAAC,0.7400429844856262,False,0.0,0.0,0.0,0.5558767318725586,34,0,0.0,0.0,-0.0,297840,-0.0,0.0,-0.8628963232040405,0.0,0.0,0.0,0.0,64,3.2037951561871743,1.0,0.24625821865629405,0.0,0.0,0.0,-0.8347038626670837,CityLearnV3MADRLRewardFunction,maac_unified_comparable_v4,E1,-0.0,1907,14.522447510208341,1.0,0.16232266003196627,0.0,9
8,0.0,0.0,0.0,0.0,Building_2,1,MAAC,0.7400429844856262,False,0.0,0.0,0.0,0.5558767318725586,34,0,0.0,0.0,-0.0,297840,-0.0,0.0,-0.8238717913627625,0.0,0.0,0.0,0.0,78,3.174636435066318,1.0,0.1922311102732634,0.0,0.0,0.0,-0.8347038626670837,CityLearnV3MADRLRewardFunction,maac_unified_comparable_v4,E1,-0.0,1907,14.522447510208341,1.0,0.16232266003196627,0.0,9
10,0.0,0.0,0.0,0.0,Building_3,2,MAAC,0.7400429844856262,False,0.0,0.0,0.0,0.5558767318725586,34,0,0.0,0.0,-0.0,297840,-0.0,0.0,-0.8415226936340332,0.0,0.0,0.0,0.0,92,4.4901501586007,1.0,0.3054922585092161,0.0,0.0,0.0,-0.8347038626670837,CityLearnV3MADRLRewardFunction,maac_unified_comparable_v4,E1,-0.0,1907,14.522447510208341,1.0,0.16232266003196627,0.0,9
8,0.0,0.0,0.0,0.0,Building_4,3,MAAC,0.7400429844856262,False,0.0,0.0,0.0,0.5558767318725586,34,0,0.0,0.0,-0.0,297840,-0.0,0.0,-0.8496513962745667,0.0,0.0,0.0,0.0,78,3.2411617755335396,1.0,0.2058493602925386,0.0,0.0,0.0,-0.8347038626670837,CityLearnV3MADRLRewardFunction,maac_unified_comparable_v4,E1,-0.0,1907,14.522447510208341,1.0,0.16232266003196627,0.0,9
5,0.0,0.0,0.0,0.0,Building_5,4,MAAC,0.7400429844856262,False,0.0,0.0,0.0,0.5558767318725586,34,0,0.0,0.0,-0.0,297840,-0.0,0.0,-0.8498550653457642,0.0,0.0,0.0,0.0,57,3.5127059919657557,1.0,0.3194946803544697,0.0,0.0,0.0,-0.8347038626670837,CityLearnV3MADRLRewardFunction,maac_unified_comparable_v4,E1,-0.0,1907,14.522447510208341,1.0,0.16232266003196627,0.0,9
34,0.0,0.0,0.0,0.0,Building_6,5,MAAC,0.7400429844856262,False,0.0,0.0,0.0,0.5558767318725586,34,0,0.0,0.0,-0.0,297840,-0.0,0.0,-0.8628765344619751,0.0,0.0,0.0,0.0,260,4.055655573226974,1.0,0.0900703504968148,0.0,0.0,0.0,-0.8347038626670837,CityLearnV3MADRLRewardFunction,maac_unified_comparable_v4,E1,-0.0,1907,14.522447510208341,1.0,0.16232266003196627,0.0,9
44,1.0,1.0,0.022727272727272728,0.0,Building_7,6,MAAC,0.7400429844856262,False,0.0,0.0,0.0,0.5558767318725586,34,0,0.0,0.0,-0.0,297840,-0.0,0.0,-0.8500049114227295,0.0,0.0,0.0,0.0,330,3.214145134566278,1.0,0.046987306913643175,0.0,0.0,0.0,-0.8347038626670837,CityLearnV3MADRLRewardFunction,maac_unified_comparable_v4,E1,-0.0,1907,14.522447510208341,1.0,0.16232266003196627,0.0,9
19,1.0,0.0,-0.05263157894736842,-1.0,Building_8,7,MAAC,0.7400429844856262,False,0.0,0.0,0.0,0.5558767318725586,34,0,0.0,0.0,-0.0,297840,-0.0,0.0,-0.8352675437927246,0.0,0.0,0.0,0.0,155,3.1696586945037146,1.0,0.09607723946532895,0.0,0.0,0.0,-0.8347038626670837,CityLearnV3MADRLRewardFunction,maac_unified_comparable_v4,E1,-0.0,1907,14.522447510208341,1.0,0.16232266003196627,0.0,9
12,0.0,0.0,0.0,0.0,Building_9,8,MAAC,0.7400429844856262,False,0.0,0.0,0.0,0.5558767318725586,34,0,0.0,0.0,-0.0,297840,-0.0,0.0,-0.779263973236084,0.0,0.0,0.0,0.0,106,3.307240786877945,1.0,0.15062906958584515,0.0,0.0,0.0,-0.8347038626670837,CityLearnV3MADRLRewardFunction,maac_unified_comparable_v4,E1,-0.0,1907,14.522447510208341,1.0,0.16232266003196627,0.0,9
8,0.0,0.0,0.0,0.0,Building_10,9,MAAC,0.7400429844856262,False,0.0,0.0,0.0,0.5558767318725586,34,0,0.0,0.0,-0.0,297840,-0.0,0.0,-0.8580257892608643,0.0,0.0,0.0,0.0,78,3.189132894563541,1.0,0.19747583845104927,0.0,0.0,0.0,-0.8347038626670837,CityLearnV3MADRLRewardFunction,maac_unified_comparable_v4,E1,-0.0,1907,14.522447510208341,1.0,0.16232266003196627,0.0,9
5,0.0,0.0,0.0,0.0,Building_11,10,MAAC,0.7400429844856262,False,0.0,0.0,0.0,0.5558767318725586,34,0,0.0,0.0,-0.0,297840,-0.0,0.0,-0.8443117141723633,0.0,0.0,0.0,0.0,57,3.819669653085276,1.0,0.371461986057591,0.0,0.0,0.0,-0.8347038626670837,CityLearnV3MADRLRewardFunction,maac_unified_comparable_v4,E1,-0.0,1907,14.522447510208341,1.0,0.16232266003196627,0.0,9
5,0.0,0.0,0.0,0.0,Building_12,11,MAAC,0.7400429844856262,False,0.0,0.0,0.0,0.5558767318725586,34,0,0.0,0.0,-0.0,297840,-0.0,0.0,-0.8400449752807617,0.0,0.0,0.0,0.0,57,4.079270914273039,1.0,0.41911228641606213,0.0,0.0,0.0,-0.8347038626670837,CityLearnV3MADRLRewardFunction,maac_unified_comparable_v4,E1,-0.0,1907,14.522447510208341,1.0,0.16232266003196627,0.0,9
13,0.0,0.0,0.0,0.0,Building_13,12,MAAC,0.7400429844856262,False,0.0,0.0,0.0,0.5558767318725586,34,0,0.0,0.0,-0.0,297840,-0.0,0.0,-0.8125266432762146,0.0,0.0,0.0,0.0,113,3.1619320150084844,1.0,0.13160592456043294,0.0,0.0,0.0,-0.8347038626670837,CityLearnV3MADRLRewardFunction,maac_unified_comparable_v4,E1,-0.0,1907,14.522447510208341,1.0,0.16232266003196627,0.0,9
6,0.0,0.0,0.0,0.0,Building_14,13,MAAC,0.7400429844856262,False,0.0,0.0,0.0,0.5558767318725586,34,0,0.0,0.0,-0.0,297840,-0.0,0.0,-0.743950605392456,0.0,0.0,0.0,0.0,64,4.1349238604642675,1.0,0.3805885915644467,0.0,0.0,0.0,-0.8347038626670837,CityLearnV3MADRLRewardFunction,maac_unified_comparable_v4,E1,-0.0,1907,14.522447510208341,1.0,0.16232266003196627,0.0,9
10,0.0,0.0,0.0,0.0,Building_15,14,MAAC,0.7400429844856262,False,0.0,0.0,0.0,0.5558767318725586,34,0,0.0,0.0,-0.0,297840,-0.0,0.0,-0.8430304527282715,0.0,0.0,0.0,0.0,92,3.2505495952478505,1.0,0.17260558733149714,0.0,0.0,0.0,-0.8347038626670837,CityLearnV3MADRLRewardFunction,maac_unified_comparable_v4,E1,-0.0,1907,14.522447510208341,1.0,0.16232266003196627,0.0,9
13,0.0,0.0,0.0,0.0,Building_16,15,MAAC,0.7400429844856262,False,0.0,0.0,0.0,0.5558767318725586,34,0,0.0,0.0,-0.0,297840,-0.0,0.0,-0.850290060043335,0.0,0.0,0.0,0.0,113,3.176933758725598,1.0,0.13506808290175631,0.0,0.0,0.0,-0.8347038626670837,CityLearnV3MADRLRewardFunction,maac_unified_comparable_v4,E1,-0.0,1907,14.522447510208341,1.0,0.16232266003196627,0.0,9
13,0.0,0.0,0.0,0.0,Building_17,16,MAAC,0.7400429844856262,False,0.0,0.0,0.0,0.5558767318725586,34,0,0.0,0.0,-0.0,297840,-0.0,0.0,-0.842573881149292,0.0,0.0,0.0,0.0,113,3.261019030398025,1.0,0.13983959157382492,0.0,0.0,0.0,-0.8347038626670837,CityLearnV3MADRLRewardFunction,maac_unified_comparable_v4,E1,-0.0,1907,14.522447510208341,1.0,0.16232266003196627,0.0,9
6,0.0,0.0,0.0,0.0,Building_1,0,MAAC,0.7900000214576721,True,0.0,0.0,0.0,0.5087285041809082,34,8750,0.0,0.0,-0.0,306590,0.0,446.8856201171875,-0.8320448994636536,295.8052062988281,353.0396423339844,446.8856201171875,446.8856201171875,64,3.3850338475344675,1.0,0.23786984710022807,0.0,0.0,0.0,-0.7976199984550476,CityLearnV3MADRLRewardFunction,maac_unified_comparable_v4,E1,-0.0,1907,14.528282420303698,1.0,0.1425569060238544,0.0,8759
8,0.0,0.0,0.0,0.0,Building_2,1,MAAC,0.7900000214576721,True,0.0,0.0,0.0,0.5087285041809082,34,8750,0.0,0.0,-0.0,306590,0.0,5.618855953216553,-0.7504962086677551,3.719266653060913,4.438896179199219,5.618855953216553,5.618855953216553,78,3.5758166558052773,1.0,0.20586043137770432,0.0,0.0,0.0,-0.7976199984550476,CityLearnV3MADRLRewardFunction,maac_unified_comparable_v4,E1,-0.0,1907,14.528282420303698,1.0,0.1425569060238544,0.0,8759
10,0.0,0.0,0.0,0.0,Building_3,2,MAAC,0.7900000214576721,True,0.0,0.0,0.0,0.5087285041809082,34,8750,0.0,0.0,-0.0,306590,0.0,98.17061614990234,-0.8201339840888977,64.98168182373047,77.5547866821289,98.17061614990234,98.17061614990234,92,3.4034513822548433,1.0,0.16434528095566708,0.0,0.0,0.0,-0.7976199984550476,CityLearnV3MADRLRewardFunction,maac_unified_comparable_v4,E1,-0.0,1907,14.528282420303698,1.0,0.1425569060238544,0.0,8759
8,0.0,0.0,0.0,0.0,Building_4,3,MAAC,0.7900000214576721,True,0.0,0.0,0.0,0.5087285041809082,34,8750,0.0,0.0,-0.0,306590,0.0,28.84416961669922,-0.8122397065162659,19.09270477294922,22.786893844604492,28.84416961669922,28.84416961669922,78,3.5263435034593686,1.0,0.20306498385392702,0.0,0.0,0.0,-0.7976199984550476,CityLearnV3MADRLRewardFunction,maac_unified_comparable_v4,E1,-0.0,1907,14.528282420303698,1.0,0.1425569060238544,0.0,8759
5,0.0,0.0,0.0,0.0,Building_5,4,MAAC,0.7900000214576721,True,0.0,0.0,0.0,0.5087285041809082,34,8750,0.0,0.0,-0.0,306590,0.0,37.89287567138672,-0.855465292930603,25.082279205322266,29.935373306274414,37.89287567138672,37.89287567138672,57,3.7207229820105994,1.0,0.318912984770641,0.0,0.0,0.0,-0.7976199984550476,CityLearnV3MADRLRewardFunction,maac_unified_comparable_v4,E1,-0.0,1907,14.528282420303698,1.0,0.1425569060238544,0.0,8759
34,0.0,0.0,0.0,0.0,Building_6,5,MAAC,0.7900000214576721,True,0.0,0.0,0.0,0.5087285041809082,34,8750,0.0,0.0,-0.0,306590,0.0,350.8894348144531,-0.8298856019973755,232.26283264160156,277.2026672363281,350.8894348144531,350.8894348144531,260,3.382715909891549,1.0,0.05775391751757035,0.0,0.0,0.0,-0.7976199984550476,CityLearnV3MADRLRewardFunction,maac_unified_comparable_v4,E1,-0.0,1907,14.528282420303698,1.0,0.1425569060238544,0.0,8759
44,1.0,1.0,0.022727272727272728,0.0,Building_7,6,MAAC,0.7900000214576721,True,0.0,0.0,0.0,0.5087285041809082,34,8750,0.0,0.0,-0.0,306590,0.0,18.66022491455078,-0.7949613928794861,12.35168743133545,14.741578102111816,18.66022491455078,18.66022491455078,330,3.6041906113615876,1.0,0.04956358129327947,0.0,0.0,0.0,-0.7976199984550476,CityLearnV3MADRLRewardFunction,maac_unified_comparable_v4,E1,-0.0,1907,14.528282420303698,1.0,0.1425569060238544,0.0,8759
19,0.0,0.0,0.0,0.0,Building_8,7,MAAC,0.7900000214576721,True,0.0,0.0,0.0,0.5087285041809082,34,8750,0.0,0.0,-0.0,306590,0.0,19.251495361328125,-0.7923764586448669,12.743064880371094,15.2086820602417,19.251495361328125,19.251495361328125,155,3.6087821693480455,1.0,0.10567396090876671,0.0,0.0,0.0,-0.7976199984550476,CityLearnV3MADRLRewardFunction,maac_unified_comparable_v4,E1,-0.0,1907,14.528282420303698,1.0,0.1425569060238544,0.0,8759
12,0.0,0.0,0.0,0.0,Building_9,8,MAAC,0.7900000214576721,True,0.0,0.0,0.0,0.5087285041809082,34,8750,0.0,0.0,-0.0,306590,0.0,2.4506425857543945,-0.7190459370613098,1.6221439838409424,1.9360077381134033,2.4506425857543945,2.4506425857543945,106,3.820589297228246,1.0,0.17511177878334838,0.0,0.0,0.0,-0.7976199984550476,CityLearnV3MADRLRewardFunction,maac_unified_comparable_v4,E1,-0.0,1907,14.528282420303698,1.0,0.1425569060238544,0.0,8759
8,0.0,0.0,0.0,0.0,Building_10,9,MAAC,0.7900000214576721,True,0.0,0.0,0.0,0.5087285041809082,34,8750,0.0,0.0,-0.0,306590,0.0,34.33414077758789,-0.8147776126861572,22.726659774780273,27.123971939086914,34.33414077758789,34.33414077758789,78,3.492528079319126,1.0,0.20216777166112876,0.0,0.0,0.0,-0.7976199984550476,CityLearnV3MADRLRewardFunction,maac_unified_comparable_v4,E1,-0.0,1907,14.528282420303698,1.0,0.1425569060238544,0.0,8759
5,0.0,0.0,0.0,0.0,Building_11,10,MAAC,0.7900000214576721,True,0.0,0.0,0.0,0.5087285041809082,34,8750,0.0,0.0,-0.0,306590,0.0,57.917564392089844,-0.8174719214439392,38.33713912963867,45.754878997802734,57.917564392089844,57.917564392089844,57,3.4481110850959285,1.0,0.2683533866677368,0.0,0.0,0.0,-0.7976199984550476,CityLearnV3MADRLRewardFunction,maac_unified_comparable_v4,E1,-0.0,1907,14.528282420303698,1.0,0.1425569060238544,0.0,8759
5,0.0,0.0,0.0,0.0,Building_12,11,MAAC,0.7900000214576721,True,0.0,0.0,0.0,0.5087285041809082,34,8750,0.0,0.0,-0.0,306590,0.0,182.6020965576172,-0.8349760174751282,120.86907196044922,144.2556610107422,182.6020965576172,182.6020965576172,57,3.488704199558311,1.0,0.27556721108001575,0.0,0.0,0.0,-0.7976199984550476,CityLearnV3MADRLRewardFunction,maac_unified_comparable_v4,E1,-0.0,1907,14.528282420303698,1.0,0.1425569060238544,0.0,8759
13,0.0,0.0,0.0,0.0,Building_13,12,MAAC,0.7900000214576721,True,0.0,0.0,0.0,0.5087285041809082,34,8750,0.0,0.0,-0.0,306590,0.0,2.789367437362671,-0.7379663586616516,1.8463547229766846,2.2036004066467285,2.789367437362671,2.789367437362671,113,3.5731498649283213,1.0,0.14211636860813714,0.0,0.0,0.0,-0.7976199984550476,CityLearnV3MADRLRewardFunction,maac_unified_comparable_v4,E1,-0.0,1907,14.528282420303698,1.0,0.1425569060238544,0.0,8759
6,1.0,0.0,-0.16666666666666666,-1.0,Building_14,13,MAAC,0.7900000214576721,True,-0.00013327988563105464,0.0,0.0,0.5087285041809082,34,8750,0.0,0.0,-0.0,306590,0.0,2.4856927394866943,-0.7361239194869995,1.645344614982605,1.9636973142623901,2.4856927394866943,2.485826015472412,64,3.440217420147858,1.0,0.23838930926285684,0.0,0.0,0.0,-0.7976199984550476,CityLearnV3MADRLRewardFunction,maac_unified_comparable_v4,E1,-0.0,1907,14.528282420303698,1.0,0.1425569060238544,0.0,8759
10,0.0,0.0,0.0,0.0,Building_15,14,MAAC,0.7900000214576721,True,0.0,0.0,0.0,0.5087285041809082,34,8750,0.0,0.0,-0.0,306590,0.0,20.5941162109375,-0.7950215935707092,13.631780624389648,16.269351959228516,20.5941162109375,20.5941162109375,92,3.53166734193327,1.0,0.1739964433338331,0.0,0.0,0.0,-0.7976199984550476,CityLearnV3MADRLRewardFunction,maac_unified_comparable_v4,E1,-0.0,1907,14.528282420303698,1.0,0.1425569060238544,0.0,8759
13,0.0,0.0,0.0,0.0,Building_16,15,MAAC,0.7900000214576721,True,0.0,0.0,0.0,0.5087285041809082,34,8750,0.0,0.0,-0.0,306590,0.0,103.13050842285156,-0.8203696608543396,68.26476287841797,81.47310638427734,103.13050842285156,103.13050842285156,113,3.43911811867914,1.0,0.1375413957686551,0.0,0.0,0.0,-0.7976199984550476,CityLearnV3MADRLRewardFunction,maac_unified_comparable_v4,E1,-0.0,1907,14.528282420303698,1.0,0.1425569060238544,0.0,8759
13,0.0,0.0,0.0,0.0,Building_17,16,MAAC,0.7900000214576721,True,0.0,0.0,0.0,0.5087285041809082,34,8750,0.0,0.0,-0.0,306590,0.0,21.1981143951416,-0.7961835861206055,14.031582832336426,16.746511459350586,21.1981143951416,21.1981143951416,113,3.427763221868148,1.0,0.13704931076649016,0.0,0.0,0.0,-0.7976199984550476,CityLearnV3MADRLRewardFunction,maac_unified_comparable_v4,E1,-0.0,1907,14.528282420303698,1.0,0.1425569060238544,0.0,8759
6,0.0,0.0,0.0,0.0,Building_1,0,MAAC,0.7463780045509338,False,0.0,0.0,0.0,0.70499187707901,35,0,0.0,0.0,-0.0,306600,-0.0,0.0,-0.8025298714637756,0.0,0.0,0.0,0.0,64,2.953634180157115,1.0,0.2353188711567782,0.0,0.0,0.0,-0.7536130547523499,CityLearnV3MADRLRewardFunction,maac_unified_comparable_v4,E1,-0.0,1907,14.103043526683228,1.0,0.16579302691614747,0.0,10
8,0.0,0.0,0.0,0.0,Building_2,1,MAAC,0.7463780045509338,False,0.0,0.0,0.0,0.70499187707901,35,0,0.0,0.0,-0.0,306600,-0.0,0.0,-0.6923916339874268,0.0,0.0,0.0,0.0,78,3.0432360012208,1.0,0.19433916434168053,0.0,0.0,0.0,-0.7536130547523499,CityLearnV3MADRLRewardFunction,maac_unified_comparable_v4,E1,-0.0,1907,14.103043526683228,1.0,0.16579302691614747,0.0,10
10,0.0,0.0,0.0,0.0,Building_3,2,MAAC,0.7463780045509338,False,0.0,0.0,0.0,0.70499187707901,35,0,0.0,0.0,-0.0,306600,-0.0,0.0,-0.8692986369132996,0.0,0.0,0.0,0.0,92,4.269571413132663,1.0,0.29426765986515774,0.0,0.0,0.0,-0.7536130547523499,CityLearnV3MADRLRewardFunction,maac_unified_comparable_v4,E1,-0.0,1907,14.103043526683228,1.0,0.16579302691614747,0.0,10
8,0.0,0.0,0.0,0.0,Building_4,3,MAAC,0.7463780045509338,False,0.0,0.0,0.0,0.70499187707901,35,0,0.0,0.0,-0.0,306600,-0.0,0.0,-0.7945653200149536,0.0,0.0,0.0,0.0,78,3.413191419170138,1.0,0.23979335829902154,0.0,0.0,0.0,-0.7536130547523499,CityLearnV3MADRLRewardFunction,maac_unified_comparable_v4,E1,-0.0,1907,14.103043526683228,1.0,0.16579302691614747,0.0,10
5,0.0,0.0,0.0,0.0,Building_5,4,MAAC,0.7463780045509338,False,0.0,0.0,0.0,0.70499187707901,35,0,0.0,0.0,-0.0,306600,-0.0,0.0,-0.7916678190231323,0.0,0.0,0.0,0.0,57,3.32258820044864,1.0,0.31411029355959935,0.0,0.0,0.0,-0.7536130547523499,CityLearnV3MADRLRewardFunction,maac_unified_comparable_v4,E1,-0.0,1907,14.103043526683228,1.0,0.16579302691614747,0.0,10
34,0.0,0.0,0.0,0.0,Building_6,5,MAAC,0.7463780045509338,False,0.0,0.0,0.0,0.70499187707901,35,0,0.0,0.0,-0.0,306600,-0.0,0.0,-0.8025786280632019,0.0,0.0,0.0,0.0,260,4.668509849814954,1.0,0.12256158449185582,0.0,0.0,0.0,-0.7536130547523499,CityLearnV3MADRLRewardFunction,maac_unified_comparable_v4,E1,-0.0,1907,14.103043526683228,1.0,0.16579302691614747,0.0,10
44,1.0,1.0,0.022727272727272728,0.0,Building_7,6,MAAC,0.7463780045509338,False,0.0,0.0,0.0,0.70499187707901,35,0,0.0,0.0,-0.0,306600,-0.0,0.0,-0.6950021386146545,0.0,0.0,0.0,0.0,330,3.020741832013206,1.0,0.045716162110594184,0.0,0.0,0.0,-0.7536130547523499,CityLearnV3MADRLRewardFunction,maac_unified_comparable_v4,E1,-0.0,1907,14.103043526683228,1.0,0.16579302691614747,0.0,10
19,1.0,1.0,0.05263157894736842,0.0,Building_8,7,MAAC,0.7463780045509338,False,0.0,0.0,0.0,0.70499187707901,35,0,0.0,0.0,-0.0,306600,-0.0,0.0,-0.6936649680137634,0.0,0.0,0.0,0.0,155,3.0401121233261557,1.0,0.09777794488735737,0.0,0.0,0.0,-0.7536130547523499,CityLearnV3MADRLRewardFunction,maac_unified_comparable_v4,E1,-0.0,1907,14.103043526683228,1.0,0.16579302691614747,0.0,10
12,0.0,0.0,0.0,0.0,Building_9,8,MAAC,0.7463780045509338,False,0.0,0.0,0.0,0.70499187707901,35,0,0.0,0.0,-0.0,306600,-0.0,0.0,-0.710382342338562,0.0,0.0,0.0,0.0,106,3.109281712715386,1.0,0.14776784425847372,0.0,0.0,0.0,-0.7536130547523499,CityLearnV3MADRLRewardFunction,maac_unified_comparable_v4,E1,-0.0,1907,14.103043526683228,1.0,0.16579302691614747,0.0,10
8,0.0,0.0,0.0,0.0,Building_10,9,MAAC,0.7463780045509338,False,0.0,0.0,0.0,0.70499187707901,35,0,0.0,0.0,-0.0,306600,-0.0,0.0,-0.752583384513855,0.0,0.0,0.0,0.0,78,2.956870809277948,1.0,0.18904193746260342,0.0,0.0,0.0,-0.7536130547523499,CityLearnV3MADRLRewardFunction,maac_unified_comparable_v4,E1,-0.0,1907,14.103043526683228,1.0,0.16579302691614747,0.0,10
5,0.0,0.0,0.0,0.0,Building_11,10,MAAC,0.7463780045509338,False,0.0,0.0,0.0,0.70499187707901,35,0,0.0,0.0,-0.0,306600,-0.0,0.0,-0.7795805335044861,0.0,0.0,0.0,0.0,57,3.6649737853363535,1.0,0.37020256876814783,0.0,0.0,0.0,-0.7536130547523499,CityLearnV3MADRLRewardFunction,maac_unified_comparable_v4,E1,-0.0,1907,14.103043526683228,1.0,0.16579302691614747,0.0,10
5,0.0,0.0,0.0,0.0,Building_12,11,MAAC,0.7463780045509338,False,0.0,0.0,0.0,0.70499187707901,35,0,0.0,0.0,-0.0,306600,-0.0,0.0,-0.775270402431488,0.0,0.0,0.0,0.0,57,3.895918195304221,1.0,0.40909492077403947,0.0,0.0,0.0,-0.7536130547523499,CityLearnV3MADRLRewardFunction,maac_unified_comparable_v4,E1,-0.0,1907,14.103043526683228,1.0,0.16579302691614747,0.0,10
13,0.0,0.0,0.0,0.0,Building_13,12,MAAC,0.7463780045509338,False,0.0,0.0,0.0,0.70499187707901,35,0,0.0,0.0,-0.0,306600,-0.0,0.0,-0.6937257647514343,0.0,0.0,0.0,0.0,113,3.0267588350849386,1.0,0.13367558011900535,0.0,0.0,0.0,-0.7536130547523499,CityLearnV3MADRLRewardFunction,maac_unified_comparable_v4,E1,-0.0,1907,14.103043526683228,1.0,0.16579302691614747,0.0,10
6,0.0,0.0,0.0,0.0,Building_14,13,MAAC,0.7463780045509338,False,0.0,0.0,0.0,0.70499187707901,35,0,0.0,0.0,-0.0,306600,-0.0,0.0,-0.659321129322052,0.0,0.0,0.0,0.0,64,4.06315017960398,1.0,0.39032375111128204,0.0,0.0,0.0,-0.7536130547523499,CityLearnV3MADRLRewardFunction,maac_unified_comparable_v4,E1,-0.0,1907,14.103043526683228,1.0,0.16579302691614747,0.0,10
10,1.0,0.0,-0.1,-1.0,Building_15,14,MAAC,0.7463780045509338,False,0.0,0.0,0.0,0.70499187707901,35,0,0.0,0.0,-0.0,306600,-0.0,0.0,-0.7472274303436279,0.0,0.0,0.0,0.0,92,3.007322165200052,1.0,0.162774337273415,0.0,0.0,0.0,-0.7536130547523499,CityLearnV3MADRLRewardFunction,maac_unified_comparable_v4,E1,-0.0,1907,14.103043526683228,1.0,0.16579302691614747,0.0,10
13,1.0,1.0,0.07692307692307693,0.0,Building_16,15,MAAC,0.7463780045509338,False,0.0,0.0,0.0,0.70499187707901,35,0,0.0,0.0,-0.0,306600,-0.0,0.0,-0.7755173444747925,0.0,0.0,0.0,0.0,113,2.9788903513132707,1.0,0.13212884298270255,0.0,0.0,0.0,-0.7536130547523499,CityLearnV3MADRLRewardFunction,maac_unified_comparable_v4,E1,-0.0,1907,14.103043526683228,1.0,0.16579302691614747,0.0,10
13,0.0,0.0,0.0,0.0,Building_17,16,MAAC,0.7463780045509338,False,0.0,0.0,0.0,0.70499187707901,35,0,0.0,0.0,-0.0,306600,-0.0,0.0,-0.7761155366897583,0.0,0.0,0.0,0.0,113,3.036540683589593,1.0,0.13574549573910447,0.0,0.0,0.0,-0.7536130547523499,CityLearnV3MADRLRewardFunction,maac_unified_comparable_v4,E1,-0.0,1907,14.103043526683228,1.0,0.16579302691614747,0.0,10
6,0.0,0.0,0.0,0.0,Building_1,0,MAAC,0.7900000214576721,True,0.0,0.0,0.0,0.32958081364631653,35,8749,0.0,0.0,-0.0,315349,0.0,391.586669921875,-0.7974931001663208,179.1614532470703,309.3534851074219,391.586669921875,391.586669921875,64,3.2872681050899644,1.0,0.218737707240507,0.0,0.0,0.0,-0.751443088054657,CityLearnV3MADRLRewardFunction,maac_unified_comparable_v4,E1,-0.0,1907,14.062300637532868,1.0,0.13138900719891686,0.0,8759
8,1.0,1.0,0.125,0.0,Building_2,1,MAAC,0.7900000214576721,True,0.0,0.0,0.0,0.32958081364631653,35,8749,0.0,0.0,-0.0,315349,0.0,0.1848604530096054,-0.6925092935562134,0.08457864075899124,0.14603976905345917,0.1848604530096054,0.1848604530096054,78,3.4480724819155495,1.0,0.1889435412027897,0.0,0.0,0.0,-0.751443088054657,CityLearnV3MADRLRewardFunction,maac_unified_comparable_v4,E1,-0.0,1907,14.062300637532868,1.0,0.13138900719891686,0.0,8759
10,0.0,0.0,0.0,0.0,Building_3,2,MAAC,0.7900000214576721,True,0.0,0.0,0.0,0.32958081364631653,35,8749,0.0,0.0,-0.0,315349,0.0,39.0087890625,-0.7831070423126221,17.847572326660156,30.816944122314453,39.0087890625,39.0087890625,92,3.3035969004491625,1.0,0.15357544532288675,0.0,0.0,0.0,-0.751443088054657,CityLearnV3MADRLRewardFunction,maac_unified_comparable_v4,E1,-0.0,1907,14.062300637532868,1.0,0.13138900719891686,0.0,8759
8,0.0,0.0,0.0,0.0,Building_4,3,MAAC,0.7900000214576721,True,0.0,0.0,0.0,0.32958081364631653,35,8749,0.0,0.0,-0.0,315349,0.0,36.67196273803711,-0.7852228283882141,16.778411865234375,28.97085189819336,36.67196273803711,36.67196273803711,78,3.402630740063456,1.0,0.18643381198247275,0.0,0.0,0.0,-0.751443088054657,CityLearnV3MADRLRewardFunction,maac_unified_comparable_v4,E1,-0.0,1907,14.062300637532868,1.0,0.13138900719891686,0.0,8759
5,0.0,0.0,0.0,0.0,Building_5,4,MAAC,0.7900000214576721,True,0.0,0.0,0.0,0.32958081364631653,35,8749,0.0,0.0,-0.0,315349,0.0,54.225337982177734,-0.8247556090354919,24.809553146362305,42.838016510009766,54.225337982177734,54.225337982177734,57,3.5177466876587347,1.0,0.28837532040319946,0.0,0.0,0.0,-0.751443088054657,CityLearnV3MADRLRewardFunction,maac_unified_comparable_v4,E1,-0.0,1907,14.062300637532868,1.0,0.13138900719891686,0.0,8759
34,1.0,1.0,0.029411764705882353,0.0,Building_6,5,MAAC,0.7900000214576721,True,0.0,0.0,0.0,0.32958081364631653,35,8749,0.0,0.0,-0.0,315349,0.0,348.8946838378906,-0.8020522594451904,159.62872314453125,275.6268005371094,348.8946838378906,348.8946838378906,260,3.277892432513427,1.0,0.05373289218315711,0.0,0.0,0.0,-0.751443088054657,CityLearnV3MADRLRewardFunction,maac_unified_comparable_v4,E1,-0.0,1907,14.062300637532868,1.0,0.13138900719891686,0.0,8759
44,0.0,0.0,0.0,0.0,Building_7,6,MAAC,0.7900000214576721,True,0.0,0.0,0.0,0.32958081364631653,35,8749,0.0,0.0,-0.0,315349,0.0,2.9800853729248047,-0.7049864530563354,1.3634693622589111,2.3542675971984863,2.9800853729248047,2.9800853729248047,330,3.47285236250121,1.0,0.04511540981404709,0.0,0.0,0.0,-0.751443088054657,CityLearnV3MADRLRewardFunction,maac_unified_comparable_v4,E1,-0.0,1907,14.062300637532868,1.0,0.13138900719891686,0.0,8759
19,0.0,0.0,0.0,0.0,Building_8,7,MAAC,0.7900000214576721,True,0.0,0.0,0.0,0.32958081364631653,35,8749,0.0,0.0,-0.0,315349,0.0,6.19936990737915,-0.7176321148872375,2.836378812789917,4.897502422332764,6.19936990737915,6.19936990737915,155,3.3897392208810078,1.0,0.09389579767181028,0.0,0.0,0.0,-0.751443088054657,CityLearnV3MADRLRewardFunction,maac_unified_comparable_v4,E1,-0.0,1907,14.062300637532868,1.0,0.13138900719891686,0.0,8759
12,0.0,0.0,0.0,0.0,Building_9,8,MAAC,0.7900000214576721,True,0.0,0.0,0.0,0.32958081364631653,35,8749,0.0,0.0,-0.0,315349,0.0,2.1350696086883545,-0.6839058995246887,0.9768518805503845,1.6867049932479858,2.1350696086883545,2.1350696086883545,106,3.7071806772288323,1.0,0.16077228677722644,0.0,0.0,0.0,-0.751443088054657,CityLearnV3MADRLRewardFunction,maac_unified_comparable_v4,E1,-0.0,1907,14.062300637532868,1.0,0.13138900719891686,0.0,8759
8,0.0,0.0,0.0,0.0,Building_10,9,MAAC,0.7900000214576721,True,0.0,0.0,0.0,0.32958081364631653,35,8749,0.0,0.0,-0.0,315349,0.0,16.451881408691406,-0.7511826753616333,7.52717924118042,12.996986389160156,16.451881408691406,16.451881408691406,78,3.3268465483186223,1.0,0.18061255539457002,0.0,0.0,0.0,-0.751443088054657,CityLearnV3MADRLRewardFunction,maac_unified_comparable_v4,E1,-0.0,1907,14.062300637532868,1.0,0.13138900719891686,0.0,8759
5,0.0,0.0,0.0,0.0,Building_11,10,MAAC,0.7900000214576721,True,0.0,0.0,0.0,0.32958081364631653,35,8749,0.0,0.0,-0.0,315349,0.0,66.45198059082031,-0.7910147905349731,30.40357208251953,52.497066497802734,66.45198059082031,66.45198059082031,57,3.3779981702017525,1.0,0.25311285780187237,0.0,0.0,0.0,-0.751443088054657,CityLearnV3MADRLRewardFunction,maac_unified_comparable_v4,E1,-0.0,1907,14.062300637532868,1.0,0.13138900719891686,0.0,8759
5,0.0,0.0,0.0,0.0,Building_12,11,MAAC,0.7900000214576721,True,0.0,0.0,0.0,0.32958081364631653,35,8749,0.0,0.0,-0.0,315349,0.0,155.388671875,-0.7955615520477295,71.0945053100586,122.7570571899414,155.388671875,155.388671875,57,3.311211612904119,1.0,0.2503112651277007,0.0,0.0,0.0,-0.751443088054657,CityLearnV3MADRLRewardFunction,maac_unified_comparable_v4,E1,-0.0,1907,14.062300637532868,1.0,0.13138900719891686,0.0,8759
13,0.0,0.0,0.0,0.0,Building_13,12,MAAC,0.7900000214576721,True,0.0,0.0,0.0,0.32958081364631653,35,8749,0.0,0.0,-0.0,315349,0.0,0.1047736182808876,-0.6921606659889221,0.04793675243854523,0.08277115970849991,0.1047736182808876,0.1047736182808876,113,3.4956673395447244,1.0,0.13208219593605108,0.0,0.0,0.0,-0.751443088054657,CityLearnV3MADRLRewardFunction,maac_unified_comparable_v4,E1,-0.0,1907,14.062300637532868,1.0,0.13138900719891686,0.0,8759
6,0.0,0.0,0.0,0.0,Building_14,13,MAAC,0.7900000214576721,True,0.0,0.0,0.0,0.32958081364631653,35,8749,0.0,0.0,-0.0,315349,0.0,1.3521205186843872,-0.6976972222328186,0.6186316013336182,1.068175196647644,1.3521205186843872,1.3521205186843872,64,3.4360110530873063,1.0,0.22956935968250036,0.0,0.0,0.0,-0.751443088054657,CityLearnV3MADRLRewardFunction,maac_unified_comparable_v4,E1,-0.0,1907,14.062300637532868,1.0,0.13138900719891686,0.0,8759
10,1.0,1.0,0.1,0.0,Building_15,14,MAAC,0.7900000214576721,True,0.0,0.0,0.0,0.32958081364631653,35,8749,0.0,0.0,-0.0,315349,0.0,15.147623062133789,-0.7477430105209351,6.930445671081543,11.966622352600098,15.147623062133789,15.147623062133789,92,3.399790330928473,1.0,0.15897517699910246,0.0,0.0,0.0,-0.751443088054657,CityLearnV3MADRLRewardFunction,maac_unified_comparable_v4,E1,-0.0,1907,14.062300637532868,1.0,0.13138900719891686,0.0,8759
13,0.0,0.0,0.0,0.0,Building_16,15,MAAC,0.7900000214576721,True,0.0,0.0,0.0,0.32958081364631653,35,8749,0.0,0.0,-0.0,315349,0.0,11.957420349121094,-0.7383422255516052,5.470841884613037,9.446362495422363,11.957420349121094,11.957420349121094,113,3.322855820838052,1.0,0.12386531811372369,0.0,0.0,0.0,-0.751443088054657,CityLearnV3MADRLRewardFunction,maac_unified_comparable_v4,E1,-0.0,1907,14.062300637532868,1.0,0.13138900719891686,0.0,8759
13,0.0,0.0,0.0,0.0,Building_17,16,MAAC,0.7900000214576721,True,0.0,0.0,0.0,0.32958081364631653,35,8749,0.0,0.0,-0.0,315349,0.0,23.087642669677734,-0.7691662907600403,10.56321907043457,18.239238739013672,23.087642669677734,23.087642669677734,113,3.475523206248583,1.0,0.13483476744288891,0.0,0.0,0.0,-0.751443088054657,CityLearnV3MADRLRewardFunction,maac_unified_comparable_v4,E1,-0.0,1907,14.062300637532868,1.0,0.13138900719891686,0.0,8759
6,0.0,0.0,0.0,0.0,Building_1,0,MAAC,0.7080339789390564,False,0.0,0.0,0.0,0.6272557377815247,36,0,0.0,0.0,-0.0,315360,-0.0,0.0,-0.8706932663917542,0.0,0.0,0.0,0.0,64,3.1367492886984185,0.9330127239227295,0.2452474609017372,0.0,-0.0,84.35050670967101,-0.8457818627357483,CityLearnV3MADRLRewardFunction,maac_unified_comparable_v4,E1,-84.35050670967101,1907,14.482967599767875,1.0,0.16760032431808056,0.0,11
8,0.0,0.0,0.0,0.0,Building_2,1,MAAC,0.7080339789390564,False,0.0,0.0,0.0,0.6272557377815247,36,0,0.0,0.0,-0.0,315360,-0.0,0.0,-0.7997516989707947,0.0,0.0,0.0,0.0,78,3.0085068855848918,0.9695616960525513,0.18480965963158852,0.0,-0.0,48.339140625,-0.8457818627357483,CityLearnV3MADRLRewardFunction,maac_unified_comparable_v4,E1,-48.339140625,1907,14.482967599767875,1.0,0.16760032431808056,0.0,11
10,0.0,0.0,0.0,0.0,Building_3,2,MAAC,0.7080339789390564,False,0.0,0.0,0.0,0.6272557377815247,36,0,0.0,0.0,-0.0,315360,-0.0,0.0,-0.9276435375213623,0.0,0.0,0.0,0.0,92,4.171483716436024,1.0,0.2755054015585262,0.0,-0.0,32.50221773262024,-0.8457818627357483,CityLearnV3MADRLRewardFunction,maac_unified_comparable_v4,E1,-32.50221773262024,1907,14.482967599767875,1.0,0.16760032431808056,0.0,11
8,1.0,1.0,0.125,0.0,Building_4,3,MAAC,0.7080339789390564,False,0.0,0.0,0.0,0.6272557377815247,36,0,0.0,0.0,-0.0,315360,-0.0,0.0,-0.8674605488777161,0.0,0.0,0.0,0.0,78,3.8375551183532317,1.0,0.283807771686369,0.0,-0.0,14.66307163925171,-0.8457818627357483,CityLearnV3MADRLRewardFunction,maac_unified_comparable_v4,E1,-14.66307163925171,1907,14.482967599767875,1.0,0.16760032431808056,0.0,11
5,0.0,0.0,0.0,0.0,Building_5,4,MAAC,0.7080339789390564,False,0.0,0.0,0.0,0.6272557377815247,36,0,0.0,0.0,-0.0,315360,-0.0,0.0,-0.8575639128684998,0.0,0.0,0.0,0.0,57,3.357681502086409,1.0,0.30665524527757315,0.0,-0.0,4.613323602485657,-0.8457818627357483,CityLearnV3MADRLRewardFunction,maac_unified_comparable_v4,E1,-4.613323602485657,1907,14.482967599767875,1.0,0.16760032431808056,0.0,11
34,1.0,1.0,0.029411764705882353,0.0,Building_6,5,MAAC,0.7080339789390564,False,0.0,0.0,0.0,0.6272557377815247,36,0,0.0,0.0,-0.0,315360,-0.0,0.0,-0.8224661946296692,0.0,0.0,0.0,0.0,260,5.40193675380454,1.0,0.15595039535457125,0.0,-0.0,128.44831029052733,-0.8457818627357483,CityLearnV3MADRLRewardFunction,maac_unified_comparable_v4,E1,-128.44831029052733,1907,14.482967599767875,1.0,0.16760032431808056,0.0,11
44,1.0,1.0,0.022727272727272728,0.0,Building_7,6,MAAC,0.7080339789390564,False,0.0,0.0,0.0,0.6272557377815247,36,0,0.0,0.0,-0.0,315360,-0.0,0.0,-0.8372853398323059,0.0,0.0,0.0,0.0,330,3.0141602258908713,0.9330127239227295,0.04376558531357935,0.0,-0.0,43.44595394039154,-0.8457818627357483,CityLearnV3MADRLRewardFunction,maac_unified_comparable_v4,E1,-43.44595394039154,1907,14.482967599767875,1.0,0.16760032431808056,0.0,11
19,0.0,0.0,0.0,0.0,Building_8,7,MAAC,0.7080339789390564,False,0.0,0.0,0.0,0.6272557377815247,36,0,0.0,0.0,-0.0,315360,-0.0,0.0,-0.833662748336792,0.0,0.0,0.0,0.0,155,3.029296895067365,0.9521550536155701,0.09361967164422236,0.0,-0.0,130.93505906333922,-0.8457818627357483,CityLearnV3MADRLRewardFunction,maac_unified_comparable_v4,E1,-130.93505906333922,1907,14.482967599767875,1.0,0.16760032431808056,0.0,11
12,0.0,0.0,0.0,0.0,Building_9,8,MAAC,0.7080339789390564,False,0.0,0.0,0.0,0.6272557377815247,36,0,0.0,0.0,-0.0,315360,-0.0,0.0,-0.7829138040542603,0.0,0.0,0.0,0.0,106,3.183226661324848,0.9784790277481079,0.1485778692020279,0.0,-0.0,23.13917668571472,-0.8457818627357483,CityLearnV3MADRLRewardFunction,maac_unified_comparable_v4,E1,-23.13917668571472,1907,14.482967599767875,1.0,0.16760032431808056,0.0,11
8,0.0,0.0,0.0,0.0,Building_10,9,MAAC,0.7080339789390564,False,0.0,0.0,0.0,0.6272557377815247,36,0,0.0,0.0,-0.0,315360,-0.0,0.0,-0.8695914149284363,0.0,0.0,0.0,0.0,78,3.008795671543965,0.9330127239227295,0.18821307742753282,0.0,-0.0,86.31360283069611,-0.8457818627357483,CityLearnV3MADRLRewardFunction,maac_unified_comparable_v4,E1,-86.31360283069611,1907,14.482967599767875,1.0,0.16760032431808056,0.0,11
5,0.0,0.0,0.0,0.0,Building_11,10,MAAC,0.7080339789390564,False,0.0,0.0,0.0,0.6272557377815247,36,0,0.0,0.0,-0.0,315360,-0.0,0.0,-0.8507913947105408,0.0,0.0,0.0,0.0,57,3.6956303648403175,1.0,0.3614012777086413,0.0,-0.0,248.94499459075928,-0.8457818627357483,CityLearnV3MADRLRewardFunction,maac_unified_comparable_v4,E1,-248.94499459075928,1907,14.482967599767875,1.0,0.16760032431808056,0.0,11
5,0.0,0.0,0.0,0.0,Building_12,11,MAAC,0.7080339789390564,False,0.0,0.0,0.0,0.6272557377815247,36,0,0.0,0.0,-0.0,315360,-0.0,0.0,-0.8482078909873962,0.0,0.0,0.0,0.0,57,3.9561791111839844,1.0,0.4077803279158839,0.0,-0.0,112.35388085365295,-0.8457818627357483,CityLearnV3MADRLRewardFunction,maac_unified_comparable_v4,E1,-112.35388085365295,1907,14.482967599767875,1.0,0.16760032431808056,0.0,11
13,0.0,0.0,0.0,0.0,Building_13,12,MAAC,0.7080339789390564,False,0.0,0.0,0.0,0.6272557377815247,36,0,0.0,0.0,-0.0,315360,-0.0,0.0,-0.8104342222213745,0.0,0.0,0.0,0.0,113,3.0223432561346186,0.9330127239227295,0.12806587859131066,0.0,-0.0,14.889497901916503,-0.8457818627357483,CityLearnV3MADRLRewardFunction,maac_unified_comparable_v4,E1,-14.889497901916503,1907,14.482967599767875,1.0,0.16760032431808056,0.0,11
6,0.0,0.0,0.0,0.0,Building_14,13,MAAC,0.7080339789390564,False,0.0,0.0,0.0,0.6272557377815247,36,0,0.0,0.0,-0.0,315360,-0.0,0.0,-0.8521283864974976,0.0,0.0,0.0,0.0,64,3.789799322894242,1.0,0.33776388978003524,0.0,-0.0,109.34438346672057,-0.8457818627357483,CityLearnV3MADRLRewardFunction,maac_unified_comparable_v4,E1,-109.34438346672057,1907,14.482967599767875,1.0,0.16760032431808056,0.0,11
10,0.0,0.0,0.0,0.0,Building_15,14,MAAC,0.7080339789390564,False,0.0,0.0,0.0,0.6272557377815247,36,0,0.0,0.0,-0.0,315360,-0.0,0.0,-0.8401331305503845,0.0,0.0,0.0,0.0,92,3.039647852600348,0.9605821371078491,0.15979206290743922,0.0,-0.0,57.13341715240479,-0.8457818627357483,CityLearnV3MADRLRewardFunction,maac_unified_comparable_v4,E1,-57.13341715240479,1907,14.482967599767875,1.0,0.16760032431808056,0.0,11
13,0.0,0.0,0.0,0.0,Building_16,15,MAAC,0.7080339789390564,False,0.0,0.0,0.0,0.6272557377815247,36,0,0.0,0.0,-0.0,315360,-0.0,0.0,-0.8556592464447021,0.0,0.0,0.0,0.0,113,2.9777567968865557,0.9330127239227295,0.12573770099047538,0.0,-0.0,59.749703645324715,-0.8457818627357483,CityLearnV3MADRLRewardFunction,maac_unified_comparable_v4,E1,-59.749703645324715,1907,14.482967599767875,1.0,0.16760032431808056,0.0,11
13,1.0,1.0,0.07692307692307693,0.0,Building_17,16,MAAC,0.7080339789390564,False,0.0,0.0,0.0,0.6272557377815247,36,0,0.0,0.0,-0.0,315360,-0.0,0.0,-0.8519050478935242,0.0,0.0,0.0,0.0,113,3.1500373213989197,0.9330127239227295,0.13954328706042957,0.0,-0.0,9.348458114433289,-0.8457818627357483,CityLearnV3MADRLRewardFunction,maac_unified_comparable_v4,E1,-9.348458114433289,1907,14.482967599767875,1.0,0.16760032431808056,0.0,11
6,0.0,0.0,0.0,0.0,Building_1,0,MAAC,0.7900000214576721,True,0.0,0.0,0.0,0.28695225715637207,36,8748,0.0,0.0,-0.0,324108,0.0,433.45458984375,-0.8346439003944397,172.66647338867188,342.42913818359375,433.45458984375,433.45458984375,64,3.1784344829848403,1.0,0.20820375334005803,0.0,0.0,0.0,-0.800504207611084,CityLearnV3MADRLRewardFunction,maac_unified_comparable_v4,E1,-0.0,1907,13.728526479365582,1.0,0.12601797652099228,0.0,8759
8,0.0,0.0,0.0,0.0,Building_2,1,MAAC,0.7900000214576721,True,0.0,0.0,0.0,0.28695225715637207,36,8748,0.0,0.0,-0.0,324108,0.0,15.16435432434082,-0.7853407263755798,6.040714740753174,11.979840278625488,15.16435432434082,15.16435432434082,78,3.365993974879021,1.0,0.18444664193651614,0.0,0.0,0.0,-0.800504207611084,CityLearnV3MADRLRewardFunction,maac_unified_comparable_v4,E1,-0.0,1907,13.728526479365582,1.0,0.12601797652099228,0.0,8759
10,0.0,0.0,0.0,0.0,Building_3,2,MAAC,0.7900000214576721,True,0.0,0.0,0.0,0.28695225715637207,36,8748,0.0,0.0,-0.0,324108,0.0,94.53981018066406,-0.8227933645248413,37.65989685058594,74.68645477294922,94.53981018066406,94.53981018066406,92,3.1959544049709008,1.0,0.14369077454118626,0.0,0.0,0.0,-0.800504207611084,CityLearnV3MADRLRewardFunction,maac_unified_comparable_v4,E1,-0.0,1907,13.728526479365582,1.0,0.12601797652099228,0.0,8759
8,0.0,0.0,0.0,0.0,Building_4,3,MAAC,0.7900000214576721,True,0.0,0.0,0.0,0.28695225715637207,36,8748,0.0,0.0,-0.0,324108,0.0,31.04317283630371,-0.8161685466766357,12.366035461425781,24.524106979370117,31.04317283630371,31.04317283630371,78,3.330243321629186,1.0,0.17902072299367341,0.0,0.0,0.0,-0.800504207611084,CityLearnV3MADRLRewardFunction,maac_unified_comparable_v4,E1,-0.0,1907,13.728526479365582,1.0,0.12601797652099228,0.0,8759
5,0.0,0.0,0.0,0.0,Building_5,4,MAAC,0.7900000214576721,True,0.0,0.0,0.0,0.28695225715637207,36,8748,0.0,0.0,-0.0,324108,0.0,38.538970947265625,-0.8564242124557495,15.351984024047852,30.44578742980957,38.538970947265625,38.538970947265625,57,3.5165054368926114,1.0,0.2847655066534093,0.0,0.0,0.0,-0.800504207611084,CityLearnV3MADRLRewardFunction,maac_unified_comparable_v4,E1,-0.0,1907,13.728526479365582,1.0,0.12601797652099228,0.0,8759
34,0.0,0.0,0.0,0.0,Building_6,5,MAAC,0.7900000214576721,True,0.0,0.0,0.0,0.28695225715637207,36,8748,0.0,0.0,-0.0,324108,0.0,362.8901062011719,-0.8378992080688477,144.55712890625,286.6831970214844,362.8901062011719,362.8901062011719,260,3.1951984701011393,1.0,0.05127836818305346,0.0,0.0,0.0,-0.800504207611084,CityLearnV3MADRLRewardFunction,maac_unified_comparable_v4,E1,-0.0,1907,13.728526479365582,1.0,0.12601797652099228,0.0,8759
44,0.0,0.0,0.0,0.0,Building_7,6,MAAC,0.7900000214576721,True,0.0,0.0,0.0,0.28695225715637207,36,8748,0.0,0.0,-0.0,324108,0.0,12.664111137390137,-0.7785797119140625,5.044743537902832,10.004648208618164,12.664111137390137,12.664111137390137,330,3.38257826383661,1.0,0.043349458773930864,0.0,0.0,0.0,-0.800504207611084,CityLearnV3MADRLRewardFunction,maac_unified_comparable_v4,E1,-0.0,1907,13.728526479365582,1.0,0.12601797652099228,0.0,8759
19,1.0,1.0,0.05263157894736842,0.0,Building_8,7,MAAC,0.7900000214576721,True,0.0,0.0,0.0,0.28695225715637207,36,8748,0.0,0.0,-0.0,324108,0.0,12.065996170043945,-0.7743616700172424,4.806484699249268,9.532136917114258,12.065996170043945,12.065996170043945,155,3.318987853621055,1.0,0.09068272647357756,0.0,0.0,0.0,-0.800504207611084,CityLearnV3MADRLRewardFunction,maac_unified_comparable_v4,E1,-0.0,1907,13.728526479365582,1.0,0.12601797652099228,0.0,8759
12,0.0,0.0,0.0,0.0,Building_9,8,MAAC,0.7900000214576721,True,0.0,0.0,0.0,0.28695225715637207,36,8748,0.0,0.0,-0.0,324108,0.0,2.290161371231079,-0.7205666899681091,0.9122849106788635,1.8092275857925415,2.290161371231079,2.290161371231079,106,3.5988796427106355,1.0,0.15377060387213276,0.0,0.0,0.0,-0.800504207611084,CityLearnV3MADRLRewardFunction,maac_unified_comparable_v4,E1,-0.0,1907,13.728526479365582,1.0,0.12601797652099228,0.0,8759
8,1.0,1.0,0.125,0.0,Building_10,9,MAAC,0.7900000214576721,True,0.0,0.0,0.0,0.28695225715637207,36,8748,0.0,0.0,-0.0,324108,0.0,51.649574279785156,-0.8277192115783691,20.574588775634766,40.803165435791016,51.649574279785156,51.649574279785156,78,3.3606851921595133,1.0,0.18276543256181937,0.0,0.0,0.0,-0.800504207611084,CityLearnV3MADRLRewardFunction,maac_unified_comparable_v4,E1,-0.0,1907,13.728526479365582,1.0,0.12601797652099228,0.0,8759
5,0.0,0.0,0.0,0.0,Building_11,10,MAAC,0.7900000214576721,True,0.0,0.0,0.0,0.28695225715637207,36,8748,0.0,0.0,-0.0,324108,0.0,71.54803466796875,-0.8214177489280701,28.501131057739258,56.52294921875,71.54803466796875,71.54803466796875,57,3.2440832583141903,1.0,0.2358612041070796,0.0,0.0,0.0,-0.800504207611084,CityLearnV3MADRLRewardFunction,maac_unified_comparable_v4,E1,-0.0,1907,13.728526479365582,1.0,0.12601797652099228,0.0,8759
5,0.0,0.0,0.0,0.0,Building_12,11,MAAC,0.7900000214576721,True,0.0,0.0,0.0,0.28695225715637207,36,8748,0.0,0.0,-0.0,324108,0.0,215.11593627929688,-0.838665783405304,85.69135284423828,169.94158935546875,215.11593627929688,215.11593627929688,57,3.3391569965117176,1.0,0.2498832741066029,0.0,0.0,0.0,-0.800504207611084,CityLearnV3MADRLRewardFunction,maac_unified_comparable_v4,E1,-0.0,1907,13.728526479365582,1.0,0.12601797652099228,0.0,8759
13,0.0,0.0,0.0,0.0,Building_13,12,MAAC,0.7900000214576721,True,0.0,0.0,0.0,0.28695225715637207,36,8748,0.0,0.0,-0.0,324108,0.0,2.033022403717041,-0.7369455695152283,0.8098536729812622,1.6060876846313477,2.033022403717041,2.033022403717041,113,3.403807370764807,1.0,0.12623325643022504,0.0,0.0,0.0,-0.800504207611084,CityLearnV3MADRLRewardFunction,maac_unified_comparable_v4,E1,-0.0,1907,13.728526479365582,1.0,0.12601797652099228,0.0,8759
6,0.0,0.0,0.0,0.0,Building_14,13,MAAC,0.7900000214576721,True,0.0,0.0,0.0,0.28695225715637207,36,8748,0.0,0.0,-0.0,324108,0.0,2.6149511337280273,-0.7389618158340454,1.041664719581604,2.0658113956451416,2.6149511337280273,2.6149511337280273,64,3.237733516200205,1.0,0.2089599728351459,0.0,0.0,0.0,-0.800504207611084,CityLearnV3MADRLRewardFunction,maac_unified_comparable_v4,E1,-0.0,1907,13.728526479365582,1.0,0.12601797652099228,0.0,8759
10,0.0,0.0,0.0,0.0,Building_15,14,MAAC,0.7900000214576721,True,0.0,0.0,0.0,0.28695225715637207,36,8748,0.0,0.0,-0.0,324108,0.0,19.521480560302734,-0.7945506572723389,7.776374340057373,15.42197036743164,19.521480560302734,19.521480560302734,92,3.340080973472231,1.0,0.15487483848372233,0.0,0.0,0.0,-0.800504207611084,CityLearnV3MADRLRewardFunction,maac_unified_comparable_v4,E1,-0.0,1907,13.728526479365582,1.0,0.12601797652099228,0.0,8759
13,0.0,0.0,0.0,0.0,Building_16,15,MAAC,0.7900000214576721,True,0.0,0.0,0.0,0.28695225715637207,36,8748,0.0,0.0,-0.0,324108,0.0,54.89390563964844,-0.8197068572044373,21.866966247558594,43.366188049316406,54.89390563964844,54.89390563964844,113,3.2143964360852526,1.0,0.11779228564912239,0.0,0.0,0.0,-0.800504207611084,CityLearnV3MADRLRewardFunction,maac_unified_comparable_v4,E1,-0.0,1907,13.728526479365582,1.0,0.12601797652099228,0.0,8759
13,0.0,0.0,0.0,0.0,Building_17,16,MAAC,0.7900000214576721,True,0.0,0.0,0.0,0.28695225715637207,36,8748,0.0,0.0,-0.0,324108,0.0,22.46647071838379,-0.8038261532783508,8.949509620666504,17.748512268066406,22.46647071838379,22.46647071838379,113,3.350420801045106,1.0,0.12439335414529902,0.0,0.0,0.0,-0.800504207611084,CityLearnV3MADRLRewardFunction,maac_unified_comparable_v4,E1,-0.0,1907,13.728526479365582,1.0,0.12601797652099228,0.0,8759
6,0.0,0.0,0.0,0.0,Building_1,0,MAAC,0.6990569829940796,False,0.0,0.0,0.0,0.5136660933494568,37,0,0.0,0.0,-0.0,324120,-0.0,0.0,-0.7496877908706665,0.0,0.0,0.0,0.0,64,2.9618343524213757,1.0,0.22615969902835786,0.0,-0.0,323.0112740570068,-0.672681987285614,CityLearnV3MADRLRewardFunction,maac_unified_comparable_v4,E1,-323.0112740570068,1907,14.67718479648853,1.0,0.1707643892422639,0.0,12
8,0.0,0.0,0.0,0.0,Building_2,1,MAAC,0.6990569829940796,False,0.0,0.0,0.0,0.5136660933494568,37,0,0.0,0.0,-0.0,324120,-0.0,0.0,-0.6645234823226929,0.0,0.0,0.0,0.0,78,2.950000455052437,1.0,0.177865563867948,0.0,-0.0,185.067685546875,-0.672681987285614,CityLearnV3MADRLRewardFunction,maac_unified_comparable_v4,E1,-185.067685546875,1907,14.67718479648853,1.0,0.1707643892422639,0.0,12
10,0.0,0.0,0.0,0.0,Building_3,2,MAAC,0.6990569829940796,False,0.0,0.0,0.0,0.5136660933494568,37,0,0.0,0.0,-0.0,324120,-0.0,0.0,-0.6129366755485535,0.0,0.0,0.0,0.0,92,4.210690661438774,1.0,0.2756447373362987,0.0,-0.0,134.93618726501467,-0.672681987285614,CityLearnV3MADRLRewardFunction,maac_unified_comparable_v4,E1,-134.93618726501467,1907,14.67718479648853,1.0,0.1707643892422639,0.0,12
8,0.0,0.0,0.0,0.0,Building_4,3,MAAC,0.6990569829940796,False,0.0,0.0,0.0,0.5136660933494568,37,0,0.0,0.0,-0.0,324120,-0.0,0.0,-0.7149270176887512,0.0,0.0,0.0,0.0,78,3.859729311477998,1.0,0.2838823347328565,0.0,-0.0,57.42619287567139,-0.672681987285614,CityLearnV3MADRLRewardFunction,maac_unified_comparable_v4,E1,-57.42619287567139,1907,14.67718479648853,1.0,0.1707643892422639,0.0,12
5,0.0,0.0,0.0,0.0,Building_5,4,MAAC,0.6990569829940796,False,0.0,0.0,0.0,0.5136660933494568,37,0,0.0,0.0,-0.0,324120,-0.0,0.0,-0.7337267994880676,0.0,0.0,0.0,0.0,57,3.2866560715489017,1.0,0.2961364975362493,0.0,-0.0,23.488924132537843,-0.672681987285614,CityLearnV3MADRLRewardFunction,maac_unified_comparable_v4,E1,-23.488924132537843,1907,14.67718479648853,1.0,0.1707643892422639,0.0,12
34,1.0,1.0,0.029411764705882353,0.0,Building_6,5,MAAC,0.6990569829940796,False,0.0,0.0,0.0,0.5136660933494568,37,0,0.0,0.0,-0.0,324120,-0.0,0.0,-0.7019055485725403,0.0,0.0,0.0,0.0,260,6.081697296574895,1.0,0.1935258925247651,0.0,-0.0,480.3083390579223,-0.672681987285614,CityLearnV3MADRLRewardFunction,maac_unified_comparable_v4,E1,-480.3083390579223,1907,14.67718479648853,1.0,0.1707643892422639,0.0,12
44,1.0,0.0,-0.022727272727272728,-1.0,Building_7,6,MAAC,0.6990569829940796,False,0.0,0.0,0.0,0.5136660933494568,37,0,0.0,0.0,-0.0,324120,-0.0,0.0,-0.6645236015319824,0.0,0.0,0.0,0.0,330,2.948601496217984,1.0,0.04277722485589259,0.0,-0.0,182.6462932044983,-0.672681987285614,CityLearnV3MADRLRewardFunction,maac_unified_comparable_v4,E1,-182.6462932044983,1907,14.67718479648853,1.0,0.1707643892422639,0.0,12
19,1.0,1.0,0.05263157894736842,0.0,Building_8,7,MAAC,0.6990569829940796,False,0.0,0.0,0.0,0.5136660933494568,37,0,0.0,0.0,-0.0,324120,-0.0,0.0,-0.6645234823226929,0.0,0.0,0.0,0.0,155,2.9314348587071035,1.0,0.09055151103004333,0.0,-0.0,489.17726625061033,-0.672681987285614,CityLearnV3MADRLRewardFunction,maac_unified_comparable_v4,E1,-489.17726625061033,1907,14.67718479648853,1.0,0.1707643892422639,0.0,12
12,0.0,0.0,0.0,0.0,Building_9,8,MAAC,0.6990569829940796,False,0.0,0.0,0.0,0.5136660933494568,37,0,0.0,0.0,-0.0,324120,-0.0,0.0,-0.6645273566246033,0.0,0.0,0.0,0.0,106,3.6871158094872967,1.0,0.18777087126981537,0.0,-0.0,100.22159924468993,-0.672681987285614,CityLearnV3MADRLRewardFunction,maac_unified_comparable_v4,E1,-100.22159924468993,1907,14.67718479648853,1.0,0.1707643892422639,0.0,12
8,0.0,0.0,0.0,0.0,Building_10,9,MAAC,0.6990569829940796,False,0.0,0.0,0.0,0.5136660933494568,37,0,0.0,0.0,-0.0,324120,-0.0,0.0,-0.6650410890579224,0.0,0.0,0.0,0.0,78,2.9980161937759577,1.0,0.18567580882555398,0.0,-0.0,330.0147431991577,-0.672681987285614,CityLearnV3MADRLRewardFunction,maac_unified_comparable_v4,E1,-330.0147431991577,1907,14.67718479648853,1.0,0.1707643892422639,0.0,12
5,0.0,0.0,0.0,0.0,Building_11,10,MAAC,0.6990569829940796,False,0.0,0.0,0.0,0.5136660933494568,37,0,0.0,0.0,-0.0,324120,-0.0,0.0,-0.6493932008743286,0.0,0.0,0.0,0.0,57,3.6137905262929917,1.0,0.34560702571220564,0.0,-0.0,976.4471098976135,-0.672681987285614,CityLearnV3MADRLRewardFunction,maac_unified_comparable_v4,E1,-976.4471098976135,1907,14.67718479648853,1.0,0.1707643892422639,0.0,12
5,0.0,0.0,0.0,0.0,Building_12,11,MAAC,0.6990569829940796,False,0.0,0.0,0.0,0.5136660933494568,37,0,0.0,0.0,-0.0,324120,-0.0,0.0,-0.6413595080375671,0.0,0.0,0.0,0.0,57,3.8853919049950005,1.0,0.39552389830350876,0.0,-0.0,422.9051329612732,-0.672681987285614,CityLearnV3MADRLRewardFunction,maac_unified_comparable_v4,E1,-422.9051329612732,1907,14.67718479648853,1.0,0.1707643892422639,0.0,12
13,0.0,0.0,0.0,0.0,Building_13,12,MAAC,0.6990569829940796,False,0.0,0.0,0.0,0.5136660933494568,37,0,0.0,0.0,-0.0,324120,-0.0,0.0,-0.6647464632987976,0.0,0.0,0.0,0.0,113,2.990985120134337,1.0,0.12470584118788221,0.0,-0.0,61.57947823791503,-0.672681987285614,CityLearnV3MADRLRewardFunction,maac_unified_comparable_v4,E1,-61.57947823791503,1907,14.67718479648853,1.0,0.1707643892422639,0.0,12
6,0.0,0.0,0.0,0.0,Building_14,13,MAAC,0.6990569829940796,False,0.0,0.0,0.0,0.5136660933494568,37,0,0.0,0.0,-0.0,324120,-0.0,0.0,-0.6729198694229126,0.0,0.0,0.0,0.0,64,3.6937691755574225,1.0,0.32330092031043023,0.0,-0.0,412.1706073005676,-0.672681987285614,CityLearnV3MADRLRewardFunction,maac_unified_comparable_v4,E1,-412.1706073005676,1907,14.67718479648853,1.0,0.1707643892422639,0.0,12
10,1.0,1.0,0.1,0.0,Building_15,14,MAAC,0.6990569829940796,False,0.0,0.0,0.0,0.5136660933494568,37,0,0.0,0.0,-0.0,324120,-0.0,0.0,-0.6645234823226929,0.0,0.0,0.0,0.0,92,3.010591631312417,1.0,0.15803478216833394,0.0,-0.0,225.9043634643555,-0.672681987285614,CityLearnV3MADRLRewardFunction,maac_unified_comparable_v4,E1,-225.9043634643555,1907,14.67718479648853,1.0,0.1707643892422639,0.0,12
13,0.0,0.0,0.0,0.0,Building_16,15,MAAC,0.6990569829940796,False,0.0,0.0,0.0,0.5136660933494568,37,0,0.0,0.0,-0.0,324120,-0.0,0.0,-0.6645234823226929,0.0,0.0,0.0,0.0,113,2.9254823895865645,1.0,0.1220536822106986,0.0,-0.0,235.2394178833008,-0.672681987285614,CityLearnV3MADRLRewardFunction,maac_unified_comparable_v4,E1,-235.2394178833008,1907,14.67718479648853,1.0,0.1707643892422639,0.0,12
13,0.0,0.0,0.0,0.0,Building_17,16,MAAC,0.6990569829940796,False,0.0,0.0,0.0,0.5136660933494568,37,0,0.0,0.0,-0.0,324120,-0.0,0.0,-0.6418048143386841,0.0,0.0,0.0,0.0,113,3.047940693058338,1.0,0.13012534228310121,0.0,-0.0,36.82299024658203,-0.672681987285614,CityLearnV3MADRLRewardFunction,maac_unified_comparable_v4,E1,-36.82299024658203,1907,14.67718479648853,1.0,0.1707643892422639,0.0,12
6,1.0,1.0,0.16666666666666666,0.0,Building_1,0,MAAC,0.7900000214576721,True,0.0,0.0,0.0,0.5087285041809082,37,8747,0.0,0.0,-0.0,332867,0.0,446.8856201171875,-0.8271782398223877,278.9916076660156,353.0396423339844,446.8856201171875,446.8856201171875,64,3.3849978107880974,1.0,0.2378603331744671,0.0,0.0,0.0,-0.7900125980377197,CityLearnV3MADRLRewardFunction,maac_unified_comparable_v4,E1,-0.0,1907,14.606418661535894,1.0,0.1435151085195019,0.0,8759
8,0.0,0.0,0.0,0.0,Building_2,1,MAAC,0.7900000214576721,True,0.0,0.0,0.0,0.5087285041809082,37,8747,0.0,0.0,-0.0,332867,0.0,5.618855953216553,-0.7455305457115173,2.9754133224487305,4.438896179199219,5.618855953216553,5.618855953216553,78,3.557003150267347,1.0,0.20478102488395494,0.0,0.0,0.0,-0.7900125980377197,CityLearnV3MADRLRewardFunction,maac_unified_comparable_v4,E1,-0.0,1907,14.606418661535894,1.0,0.1435151085195019,0.0,8759
10,0.0,0.0,0.0,0.0,Building_3,2,MAAC,0.7900000214576721,True,0.0,0.0,0.0,0.5087285041809082,37,8747,0.0,0.0,-0.0,332867,0.0,98.17061614990234,-0.8152921795845032,51.98534393310547,77.5547866821289,98.17061614990234,98.17061614990234,92,3.403451386645464,1.0,0.1643452817655128,0.0,0.0,0.0,-0.7900125980377197,CityLearnV3MADRLRewardFunction,maac_unified_comparable_v4,E1,-0.0,1907,14.606418661535894,1.0,0.1435151085195019,0.0,8759
8,0.0,0.0,0.0,0.0,Building_4,3,MAAC,0.7900000214576721,True,0.0,0.0,0.0,0.5087285041809082,37,8747,0.0,0.0,-0.0,332867,0.0,28.84416961669922,-0.8073127865791321,15.274164199829102,22.786893844604492,28.84416961669922,28.84416961669922,78,3.522753502634361,1.0,0.20290166789140457,0.0,0.0,0.0,-0.7900125980377197,CityLearnV3MADRLRewardFunction,maac_unified_comparable_v4,E1,-0.0,1907,14.606418661535894,1.0,0.1435151085195019,0.0,8759
5,0.0,0.0,0.0,0.0,Building_5,4,MAAC,0.7900000214576721,True,0.0,0.0,0.0,0.5087285041809082,37,8747,0.0,0.0,-0.0,332867,0.0,37.89287567138672,-0.8508243560791016,20.06582260131836,29.935373306274414,37.89287567138672,37.89287567138672,57,3.726232510535154,1.0,0.3193299108952807,0.0,0.0,0.0,-0.7900125980377197,CityLearnV3MADRLRewardFunction,maac_unified_comparable_v4,E1,-0.0,1907,14.606418661535894,1.0,0.1435151085195019,0.0,8759
34,1.0,0.0,-0.029411764705882353,-1.0,Building_6,5,MAAC,0.7900000214576721,True,0.0,0.0,0.0,0.5087285041809082,37,8747,0.0,0.0,-0.0,332867,0.0,350.8894348144531,-0.8257091641426086,215.44923400878906,277.2026672363281,350.8894348144531,350.8894348144531,260,3.3836392632758923,1.0,0.05781181317109328,0.0,0.0,0.0,-0.7900125980377197,CityLearnV3MADRLRewardFunction,maac_unified_comparable_v4,E1,-0.0,1907,14.606418661535894,1.0,0.1435151085195019,0.0,8759
44,0.0,0.0,0.0,0.0,Building_7,6,MAAC,0.7900000214576721,True,0.0,0.0,0.0,0.5087285041809082,37,8747,0.0,0.0,-0.0,332867,0.0,18.66022491455078,-0.7896760106086731,9.881349563598633,14.741578102111816,18.66022491455078,18.66022491455078,330,3.578973985600517,1.0,0.04927541667764837,0.0,0.0,0.0,-0.7900125980377197,CityLearnV3MADRLRewardFunction,maac_unified_comparable_v4,E1,-0.0,1907,14.606418661535894,1.0,0.1435151085195019,0.0,8759
19,0.0,0.0,0.0,0.0,Building_8,7,MAAC,0.7900000214576721,True,0.0,0.0,0.0,0.5087285041809082,37,8747,0.0,0.0,-0.0,332867,0.0,19.251495361328125,-0.7875344753265381,10.194452285766602,15.2086820602417,19.251495361328125,19.251495361328125,155,3.608780617508843,1.0,0.10567378026823844,0.0,0.0,0.0,-0.7900125980377197,CityLearnV3MADRLRewardFunction,maac_unified_comparable_v4,E1,-0.0,1907,14.606418661535894,1.0,0.1435151085195019,0.0,8759
12,0.0,0.0,0.0,0.0,Building_9,8,MAAC,0.7900000214576721,True,0.0,0.0,0.0,0.5087285041809082,37,8747,0.0,0.0,-0.0,332867,0.0,2.4506425857543945,-0.7142161130905151,1.297715187072754,1.9360077381134033,2.4506425857543945,2.4506425857543945,106,3.8251158602416133,1.0,0.1752876934577834,0.0,0.0,0.0,-0.7900125980377197,CityLearnV3MADRLRewardFunction,maac_unified_comparable_v4,E1,-0.0,1907,14.606418661535894,1.0,0.1435151085195019,0.0,8759
8,0.0,0.0,0.0,0.0,Building_10,9,MAAC,0.7900000214576721,True,0.0,0.0,0.0,0.5087285041809082,37,8747,0.0,0.0,-0.0,332867,0.0,34.33414077758789,-0.8121275901794434,18.18132781982422,27.123971939086914,34.33414077758789,34.33414077758789,78,3.553682656380697,1.0,0.2056612487977896,0.0,0.0,0.0,-0.7900125980377197,CityLearnV3MADRLRewardFunction,maac_unified_comparable_v4,E1,-0.0,1907,14.606418661535894,1.0,0.1435151085195019,0.0,8759
5,0.0,0.0,0.0,0.0,Building_11,10,MAAC,0.7900000214576721,True,0.0,0.0,0.0,0.5087285041809082,37,8747,0.0,0.0,-0.0,332867,0.0,57.917564392089844,-0.812630295753479,30.66971206665039,45.754878997802734,57.917564392089844,57.917564392089844,57,3.448111958014723,1.0,0.2683536507058562,0.0,0.0,0.0,-0.7900125980377197,CityLearnV3MADRLRewardFunction,maac_unified_comparable_v4,E1,-0.0,1907,14.606418661535894,1.0,0.1435151085195019,0.0,8759
5,1.0,0.0,-0.2,-1.0,Building_12,11,MAAC,0.7900000214576721,True,-889.9508666992188,0.0,0.0,0.5087285041809082,37,8747,0.0,0.0,-0.0,332867,707.3487548828125,0.0,-0.775878369808197,-374.57000732421875,0.0,-707.3487548828125,182.60211181640625,57,3.4887037804856313,1.0,0.27556717866345454,0.0,0.0,0.0,-0.7900125980377197,CityLearnV3MADRLRewardFunction,maac_unified_comparable_v4,E1,-0.0,1907,14.606418661535894,1.0,0.1435151085195019,0.0,8759
13,0.0,0.0,0.0,0.0,Building_13,12,MAAC,0.7900000214576721,True,0.0,0.0,0.0,0.5087285041809082,37,8747,0.0,0.0,-0.0,332867,0.0,2.789367437362671,-0.7332006692886353,1.4770838022232056,2.2036004066467285,2.789367437362671,2.789367437362671,113,3.6006515967108834,1.0,0.143037303622845,0.0,0.0,0.0,-0.7900125980377197,CityLearnV3MADRLRewardFunction,maac_unified_comparable_v4,E1,-0.0,1907,14.606418661535894,1.0,0.1435151085195019,0.0,8759
6,0.0,0.0,0.0,0.0,Building_14,13,MAAC,0.7900000214576721,True,0.0,0.0,0.0,0.5087285041809082,37,8747,0.0,0.0,-0.0,332867,0.0,2.485826015472412,-0.7318040728569031,1.316346287727356,1.9638025760650635,2.485826015472412,2.485826015472412,64,3.577011894996147,1.0,0.25088866194710135,0.0,0.0,0.0,-0.7900125980377197,CityLearnV3MADRLRewardFunction,maac_unified_comparable_v4,E1,-0.0,1907,14.606418661535894,1.0,0.1435151085195019,0.0,8759
10,0.0,0.0,0.0,0.0,Building_15,14,MAAC,0.7900000214576721,True,0.0,0.0,0.0,0.5087285041809082,37,8747,0.0,0.0,-0.0,332867,0.0,20.5941162109375,-0.7901795506477356,10.905424118041992,16.269351959228516,20.5941162109375,20.5941162109375,92,3.5316653494046566,1.0,0.17399606092468553,0.0,0.0,0.0,-0.7900125980377197,CityLearnV3MADRLRewardFunction,maac_unified_comparable_v4,E1,-0.0,1907,14.606418661535894,1.0,0.1435151085195019,0.0,8759
13,0.0,0.0,0.0,0.0,Building_16,15,MAAC,0.7900000214576721,True,0.0,0.0,0.0,0.5087285041809082,37,8747,0.0,0.0,-0.0,332867,0.0,103.13050842285156,-0.8155278563499451,54.61180877685547,81.47310638427734,103.13050842285156,103.13050842285156,113,3.43911811867914,1.0,0.1375413957686551,0.0,0.0,0.0,-0.7900125980377197,CityLearnV3MADRLRewardFunction,maac_unified_comparable_v4,E1,-0.0,1907,14.606418661535894,1.0,0.1435151085195019,0.0,8759
13,0.0,0.0,0.0,0.0,Building_17,16,MAAC,0.7900000214576721,True,0.0,0.0,0.0,0.5087285041809082,37,8747,0.0,0.0,-0.0,332867,0.0,21.1981143951416,-0.7955915927886963,11.225265502929688,16.746511459350586,21.1981143951416,21.1981143951416,113,3.5632757009809515,1.0,0.14400504147056983,0.0,0.0,0.0,-0.7900125980377197,CityLearnV3MADRLRewardFunction,maac_unified_comparable_v4,E1,-0.0,1907,14.606418661535894,1.0,0.1435151085195019,0.0,8759
6,0.0,0.0,0.0,0.0,Building_1,0,MAAC,0.7292720079421997,False,0.0,0.0,0.0,0.6190729737281799,38,0,0.0,0.0,-0.0,332880,-0.0,0.0,-0.7957033514976501,0.0,0.0,0.0,0.0,64,2.958637656445542,1.0,0.24364912195596844,0.0,-0.0,901.7688590698242,-0.741540253162384,CityLearnV3MADRLRewardFunction,maac_unified_comparable_v4,E1,-901.7688590698242,1907,14.893245101074555,1.0,0.18479457435085314,0.0,13
8,0.0,0.0,0.0,0.0,Building_2,1,MAAC,0.7292720079421997,False,0.0,0.0,0.0,0.6190729737281799,38,0,0.0,0.0,-0.0,332880,-0.0,0.0,-0.712033212184906,0.0,0.0,0.0,0.0,78,3.0304907372761627,1.0,0.19985243095419344,0.0,-0.0,516.11560546875,-0.741540253162384,CityLearnV3MADRLRewardFunction,maac_unified_comparable_v4,E1,-516.11560546875,1907,14.893245101074555,1.0,0.18479457435085314,0.0,13
10,0.0,0.0,0.0,0.0,Building_3,2,MAAC,0.7292720079421997,False,0.0,0.0,0.0,0.6190729737281799,38,0,0.0,0.0,-0.0,332880,-0.0,0.0,-0.767399251461029,0.0,0.0,0.0,0.0,92,3.6412257330393354,1.0,0.22870634439522805,0.0,-0.0,383.1377667358398,-0.741540253162384,CityLearnV3MADRLRewardFunction,maac_unified_comparable_v4,E1,-383.1377667358398,1907,14.893245101074555,1.0,0.18479457435085314,0.0,13
8,0.0,0.0,0.0,0.0,Building_4,3,MAAC,0.7292720079421997,False,0.0,0.0,0.0,0.6190729737281799,38,0,0.0,0.0,-0.0,332880,-0.0,0.0,-0.8696553707122803,0.0,0.0,0.0,0.0,78,3.8048160986788875,1.0,0.29136161133646965,0.0,-0.0,161.12602354125977,-0.741540253162384,CityLearnV3MADRLRewardFunction,maac_unified_comparable_v4,E1,-161.12602354125977,1907,14.893245101074555,1.0,0.18479457435085314,0.0,13
5,0.0,0.0,0.0,0.0,Building_5,4,MAAC,0.7292720079421997,False,0.0,0.0,0.0,0.6190729737281799,38,0,0.0,0.0,-0.0,332880,-0.0,0.0,-0.7863566875457764,0.0,0.0,0.0,0.0,57,3.3433256103966715,1.0,0.32579451786321506,0.0,-0.0,69.24357563476563,-0.741540253162384,CityLearnV3MADRLRewardFunction,maac_unified_comparable_v4,E1,-69.24357563476563,1907,14.893245101074555,1.0,0.18479457435085314,0.0,13
34,0.0,0.0,0.0,0.0,Building_6,5,MAAC,0.7292720079421997,False,0.0,0.0,0.0,0.6190729737281799,38,0,0.0,0.0,-0.0,332880,-0.0,0.0,-0.8723830580711365,0.0,0.0,0.0,0.0,260,6.3960347643843045,1.0,0.21391805579456,0.0,-0.0,1332.762088165283,-0.741540253162384,CityLearnV3MADRLRewardFunction,maac_unified_comparable_v4,E1,-1332.762088165283,1907,14.893245101074555,1.0,0.18479457435085314,0.0,13
44,1.0,1.0,0.022727272727272728,0.0,Building_7,6,MAAC,0.7292720079421997,False,0.0,0.0,0.0,0.6190729737281799,38,0,0.0,0.0,-0.0,332880,-0.0,0.0,-0.712033212184906,0.0,0.0,0.0,0.0,330,3.114780729062433,1.0,0.04837348937536731,0.0,-0.0,519.4921203918457,-0.741540253162384,CityLearnV3MADRLRewardFunction,maac_unified_comparable_v4,E1,-519.4921203918457,1907,14.893245101074555,1.0,0.18479457435085314,0.0,13
19,0.0,0.0,0.0,0.0,Building_8,7,MAAC,0.7292720079421997,False,0.0,0.0,0.0,0.6190729737281799,38,0,0.0,0.0,-0.0,332880,-0.0,0.0,-0.7120330929756165,0.0,0.0,0.0,0.0,155,3.0356411446742118,1.0,0.1017627282008048,0.0,-0.0,1357.0532388305664,-0.741540253162384,CityLearnV3MADRLRewardFunction,maac_unified_comparable_v4,E1,-1357.0532388305664,1907,14.893245101074555,1.0,0.18479457435085314,0.0,13
12,0.0,0.0,0.0,0.0,Building_9,8,MAAC,0.7292720079421997,False,0.0,0.0,0.0,0.6190729737281799,38,0,0.0,0.0,-0.0,332880,-0.0,0.0,-0.7120632529258728,0.0,0.0,0.0,0.0,106,4.0403148363453765,1.0,0.23426927450411725,0.0,-0.0,285.80534162597655,-0.741540253162384,CityLearnV3MADRLRewardFunction,maac_unified_comparable_v4,E1,-285.80534162597655,1907,14.893245101074555,1.0,0.18479457435085314,0.0,13
8,0.0,0.0,0.0,0.0,Building_10,9,MAAC,0.7292720079421997,False,0.0,0.0,0.0,0.6190729737281799,38,0,0.0,0.0,-0.0,332880,-0.0,0.0,-0.7120330929756165,0.0,0.0,0.0,0.0,78,2.9885887863469636,1.0,0.1992535466949145,0.0,-0.0,920.9653324768066,-0.741540253162384,CityLearnV3MADRLRewardFunction,maac_unified_comparable_v4,E1,-920.9653324768066,1907,14.893245101074555,1.0,0.18479457435085314,0.0,13
5,0.0,0.0,0.0,0.0,Building_11,10,MAAC,0.7292720079421997,False,0.0,0.0,0.0,0.6190729737281799,38,0,0.0,0.0,-0.0,332880,-0.0,0.0,-0.7108773589134216,0.0,0.0,0.0,0.0,57,3.6323986238451447,1.0,0.3679701376118158,0.0,-0.0,2741.846281771851,-0.741540253162384,CityLearnV3MADRLRewardFunction,maac_unified_comparable_v4,E1,-2741.846281771851,1907,14.893245101074555,1.0,0.18479457435085314,0.0,13
5,0.0,0.0,0.0,0.0,Building_12,11,MAAC,0.7292720079421997,False,0.0,0.0,0.0,0.6190729737281799,38,0,0.0,0.0,-0.0,332880,-0.0,0.0,-0.6846897602081299,0.0,0.0,0.0,0.0,57,3.906252696093932,1.0,0.41771440221029416,0.0,-0.0,1175.515663909912,-0.741540253162384,CityLearnV3MADRLRewardFunction,maac_unified_comparable_v4,E1,-1175.515663909912,1907,14.893245101074555,1.0,0.18479457435085314,0.0,13
13,0.0,0.0,0.0,0.0,Building_13,12,MAAC,0.7292720079421997,False,0.0,0.0,0.0,0.6190729737281799,38,0,0.0,0.0,-0.0,332880,-0.0,0.0,-0.712276041507721,0.0,0.0,0.0,0.0,113,3.0189701678659593,1.0,0.13765336302793132,0.0,-0.0,174.61268526611326,-0.741540253162384,CityLearnV3MADRLRewardFunction,maac_unified_comparable_v4,E1,-174.61268526611326,1907,14.893245101074555,1.0,0.18479457435085314,0.0,13
6,0.0,0.0,0.0,0.0,Building_14,13,MAAC,0.7292720079421997,False,0.0,0.0,0.0,0.6190729737281799,38,0,0.0,0.0,-0.0,332880,-0.0,0.0,-0.7215946912765503,0.0,0.0,0.0,0.0,64,3.812987946335094,1.0,0.3591057051671669,0.0,-0.0,1146.1052786682128,-0.741540253162384,CityLearnV3MADRLRewardFunction,maac_unified_comparable_v4,E1,-1146.1052786682128,1907,14.893245101074555,1.0,0.18479457435085314,0.0,13
10,0.0,0.0,0.0,0.0,Building_15,14,MAAC,0.7292720079421997,False,0.0,0.0,0.0,0.6190729737281799,38,0,0.0,0.0,-0.0,332880,-0.0,0.0,-0.7120330929756165,0.0,0.0,0.0,0.0,92,3.032136744989656,1.0,0.17019361613885217,0.0,-0.0,635.5335157348634,-0.741540253162384,CityLearnV3MADRLRewardFunction,maac_unified_comparable_v4,E1,-635.5335157348634,1907,14.893245101074555,1.0,0.18479457435085314,0.0,13
13,0.0,0.0,0.0,0.0,Building_16,15,MAAC,0.7292720079421997,False,0.0,0.0,0.0,0.6190729737281799,38,0,0.0,0.0,-0.0,332880,-0.0,0.0,-0.7120331525802612,0.0,0.0,0.0,0.0,113,2.990636153821012,1.0,0.1386763539857569,0.0,-0.0,661.1323328613281,-0.741540253162384,CityLearnV3MADRLRewardFunction,maac_unified_comparable_v4,E1,-661.1323328613281,1907,14.893245101074555,1.0,0.18479457435085314,0.0,13
13,0.0,0.0,0.0,0.0,Building_17,16,MAAC,0.7292720079421997,False,0.0,0.0,0.0,0.6190729737281799,38,0,0.0,0.0,-0.0,332880,-0.0,0.0,-0.7009872794151306,0.0,0.0,0.0,0.0,113,3.1036064143581266,1.0,0.14605663505803168,0.0,-0.0,103.4582147491455,-0.741540253162384,CityLearnV3MADRLRewardFunction,maac_unified_comparable_v4,E1,-103.4582147491455,1907,14.893245101074555,1.0,0.18479457435085314,0.0,13
6,1.0,1.0,0.16666666666666666,0.0,Building_1,0,MAAC,0.7900000214576721,True,0.0,0.0,0.0,0.32958081364631653,38,8746,0.0,0.0,-0.0,341626,0.0,391.586669921875,-0.7950741648674011,179.1614532470703,309.3534851074219,391.586669921875,391.586669921875,64,3.2879562697581766,1.0,0.21890972275286913,0.0,0.0,0.0,-0.7473145127296448,CityLearnV3MADRLRewardFunction,maac_unified_comparable_v4,E1,-0.0,1907,13.998281998724327,1.0,0.13041605461656453,0.0,8759
8,0.0,0.0,0.0,0.0,Building_2,1,MAAC,0.7900000214576721,True,0.0,0.0,0.0,0.32958081364631653,38,8746,0.0,0.0,-0.0,341626,0.0,0.1848604530096054,-0.6896249651908875,0.08457864075899124,0.14603976905345917,0.1848604530096054,0.1848604530096054,78,3.4752741407666212,1.0,0.19046534865330428,0.0,0.0,0.0,-0.7473145127296448,CityLearnV3MADRLRewardFunction,maac_unified_comparable_v4,E1,-0.0,1907,13.998281998724327,1.0,0.13041605461656453,0.0,8759
10,0.0,0.0,0.0,0.0,Building_3,2,MAAC,0.7900000214576721,True,0.0,0.0,0.0,0.32958081364631653,38,8746,0.0,0.0,-0.0,341626,0.0,39.0087890625,-0.7764282822608948,17.847572326660156,30.816944122314453,39.0087890625,39.0087890625,92,3.257585808757094,1.0,0.1493938019418198,0.0,0.0,0.0,-0.7473145127296448,CityLearnV3MADRLRewardFunction,maac_unified_comparable_v4,E1,-0.0,1907,13.998281998724327,1.0,0.13041605461656453,0.0,8759
8,0.0,0.0,0.0,0.0,Building_4,3,MAAC,0.7900000214576721,True,0.0,0.0,0.0,0.32958081364631653,38,8746,0.0,0.0,-0.0,341626,0.0,36.67196273803711,-0.7788307070732117,16.778411865234375,28.97085189819336,36.67196273803711,36.67196273803711,78,3.3046428690177314,1.0,0.18111671621982867,0.0,0.0,0.0,-0.7473145127296448,CityLearnV3MADRLRewardFunction,maac_unified_comparable_v4,E1,-0.0,1907,13.998281998724327,1.0,0.13041605461656453,0.0,8759
5,0.0,0.0,0.0,0.0,Building_5,4,MAAC,0.7900000214576721,True,0.0,0.0,0.0,0.32958081364631653,38,8746,0.0,0.0,-0.0,341626,0.0,54.225337982177734,-0.8267629742622375,24.809553146362305,42.838016510009766,54.225337982177734,54.225337982177734,57,3.6149641210285,1.0,0.2962444960548167,0.0,0.0,0.0,-0.7473145127296448,CityLearnV3MADRLRewardFunction,maac_unified_comparable_v4,E1,-0.0,1907,13.998281998724327,1.0,0.13041605461656453,0.0,8759
34,0.0,0.0,0.0,0.0,Building_6,5,MAAC,0.7900000214576721,True,0.0,0.0,0.0,0.32958081364631653,38,8746,0.0,0.0,-0.0,341626,0.0,348.8946838378906,-0.7935521602630615,159.62872314453125,275.6268005371094,348.8946838378906,348.8946838378906,260,3.2489142519371974,1.0,0.052661116134661894,0.0,0.0,0.0,-0.7473145127296448,CityLearnV3MADRLRewardFunction,maac_unified_comparable_v4,E1,-0.0,1907,13.998281998724327,1.0,0.13041605461656453,0.0,8759
44,0.0,0.0,0.0,0.0,Building_7,6,MAAC,0.7900000214576721,True,0.0,0.0,0.0,0.32958081364631653,38,8746,0.0,0.0,-0.0,341626,0.0,2.9800853729248047,-0.7021614909172058,1.3634693622589111,2.3542675971984863,2.9800853729248047,2.9800853729248047,330,3.4957650874623254,1.0,0.04536796029318463,0.0,0.0,0.0,-0.7473145127296448,CityLearnV3MADRLRewardFunction,maac_unified_comparable_v4,E1,-0.0,1907,13.998281998724327,1.0,0.13041605461656453,0.0,8759
19,0.0,0.0,0.0,0.0,Building_8,7,MAAC,0.7900000214576721,True,0.0,0.0,0.0,0.32958081364631653,38,8746,0.0,0.0,-0.0,341626,0.0,6.19936990737915,-0.7147420644760132,2.836378812789917,4.897502422332764,6.19936990737915,6.19936990737915,155,3.389739289458198,1.0,0.09389580517045913,0.0,0.0,0.0,-0.7473145127296448,CityLearnV3MADRLRewardFunction,maac_unified_comparable_v4,E1,-0.0,1907,13.998281998724327,1.0,0.13041605461656453,0.0,8759
12,0.0,0.0,0.0,0.0,Building_9,8,MAAC,0.7900000214576721,True,0.0,0.0,0.0,0.32958081364631653,38,8746,0.0,0.0,-0.0,341626,0.0,2.1350696086883545,-0.6809170842170715,0.9768518805503845,1.6867049932479858,2.1350696086883545,2.1350696086883545,106,3.6635554620036483,1.0,0.15910882629313558,0.0,0.0,0.0,-0.7473145127296448,CityLearnV3MADRLRewardFunction,maac_unified_comparable_v4,E1,-0.0,1907,13.998281998724327,1.0,0.13041605461656453,0.0,8759
8,0.0,0.0,0.0,0.0,Building_10,9,MAAC,0.7900000214576721,True,0.0,0.0,0.0,0.32958081364631653,38,8746,0.0,0.0,-0.0,341626,0.0,16.451881408691406,-0.7506576180458069,7.52717924118042,12.996986389160156,16.451881408691406,16.451881408691406,78,3.40719089172328,1.0,0.18771191810568175,0.0,0.0,0.0,-0.7473145127296448,CityLearnV3MADRLRewardFunction,maac_unified_comparable_v4,E1,-0.0,1907,13.998281998724327,1.0,0.13041605461656453,0.0,8759
5,0.0,0.0,0.0,0.0,Building_11,10,MAAC,0.7900000214576721,True,0.0,0.0,0.0,0.32958081364631653,38,8746,0.0,0.0,-0.0,341626,0.0,66.45198059082031,-0.7819176912307739,30.40357208251953,52.497066497802734,66.45198059082031,66.45198059082031,57,3.3304700555189695,1.0,0.24611278035138784,0.0,0.0,0.0,-0.7473145127296448,CityLearnV3MADRLRewardFunction,maac_unified_comparable_v4,E1,-0.0,1907,13.998281998724327,1.0,0.13041605461656453,0.0,8759
5,0.0,0.0,0.0,0.0,Building_12,11,MAAC,0.7900000214576721,True,0.0,0.0,0.0,0.32958081364631653,38,8746,0.0,0.0,-0.0,341626,0.0,155.388671875,-0.7865612506866455,71.0945053100586,122.7570571899414,155.388671875,155.388671875,57,3.2919523900835106,1.0,0.24664501453700818,0.0,0.0,0.0,-0.7473145127296448,CityLearnV3MADRLRewardFunction,maac_unified_comparable_v4,E1,-0.0,1907,13.998281998724327,1.0,0.13041605461656453,0.0,8759
13,0.0,0.0,0.0,0.0,Building_13,12,MAAC,0.7900000214576721,True,0.0,0.0,0.0,0.32958081364631653,38,8746,0.0,0.0,-0.0,341626,0.0,0.1047736182808876,-0.6892686486244202,0.04793675243854523,0.08277115970849991,0.1047736182808876,0.1047736182808876,113,3.476028842284031,1.0,0.13145044630607672,0.0,0.0,0.0,-0.7473145127296448,CityLearnV3MADRLRewardFunction,maac_unified_comparable_v4,E1,-0.0,1907,13.998281998724327,1.0,0.13041605461656453,0.0,8759
6,1.0,1.0,0.16666666666666666,0.0,Building_14,13,MAAC,0.7900000214576721,True,0.0,0.0,0.0,0.32958081364631653,38,8746,0.0,0.0,-0.0,341626,0.0,1.3521205186843872,-0.694607675075531,0.6186316013336182,1.068175196647644,1.3521205186843872,1.3521205186843872,64,3.356277801861376,1.0,0.22078431257978082,0.0,0.0,0.0,-0.7473145127296448,CityLearnV3MADRLRewardFunction,maac_unified_comparable_v4,E1,-0.0,1907,13.998281998724327,1.0,0.13041605461656453,0.0,8759
10,0.0,0.0,0.0,0.0,Building_15,14,MAAC,0.7900000214576721,True,0.0,0.0,0.0,0.32958081364631653,38,8746,0.0,0.0,-0.0,341626,0.0,15.147623062133789,-0.7448505163192749,6.930445671081543,11.966622352600098,15.147623062133789,15.147623062133789,92,3.3997541579163757,1.0,0.15896850354645564,0.0,0.0,0.0,-0.7473145127296448,CityLearnV3MADRLRewardFunction,maac_unified_comparable_v4,E1,-0.0,1907,13.998281998724327,1.0,0.13041605461656453,0.0,8759
13,0.0,0.0,0.0,0.0,Building_16,15,MAAC,0.7900000214576721,True,0.0,0.0,0.0,0.32958081364631653,38,8746,0.0,0.0,-0.0,341626,0.0,11.957420349121094,-0.7354522943496704,5.470841884613037,9.446362495422363,11.957420349121094,11.957420349121094,113,3.3228580354846,1.0,0.12386564369750235,0.0,0.0,0.0,-0.7473145127296448,CityLearnV3MADRLRewardFunction,maac_unified_comparable_v4,E1,-0.0,1907,13.998281998724327,1.0,0.13041605461656453,0.0,8759
13,0.0,0.0,0.0,0.0,Building_17,16,MAAC,0.7900000214576721,True,0.0,0.0,0.0,0.32958081364631653,38,8746,0.0,0.0,-0.0,341626,0.0,23.087642669677734,-0.7629367113113403,10.56321907043457,18.239238739013672,23.087642669677734,23.087642669677734,113,3.360119960406741,1.0,0.12975383965315018,0.0,0.0,0.0,-0.7473145127296448,CityLearnV3MADRLRewardFunction,maac_unified_comparable_v4,E1,-0.0,1907,13.998281998724327,1.0,0.13041605461656453,0.0,8759
6,0.0,0.0,0.0,0.0,Building_1,0,MAAC,0.7900000214576721,False,0.0,0.0,0.0,0.43466824293136597,39,0,0.0,0.0,-0.0,341640,-0.0,0.0,-0.5404364466667175,0.0,0.0,0.0,0.0,64,3.3512938559391947,1.0,0.22822004300542176,0.0,0.0,0.0,-0.4808776378631592,CityLearnV3MADRLRewardFunction,maac_unified_comparable_v4,E1,-0.0,1907,14.133936100907311,1.0,0.13253982093157837,0.0,1
8,0.0,0.0,0.0,0.0,Building_2,1,MAAC,0.7900000214576721,False,0.0,0.0,0.0,0.43466824293136597,39,0,0.0,0.0,-0.0,341640,-0.0,0.0,-0.42957639694213867,0.0,0.0,0.0,0.0,78,3.4313283575988627,1.0,0.18794509099844176,0.0,0.0,0.0,-0.4808776378631592,CityLearnV3MADRLRewardFunction,maac_unified_comparable_v4,E1,-0.0,1907,14.133936100907311,1.0,0.13253982093157837,0.0,1
10,0.0,0.0,0.0,0.0,Building_3,2,MAAC,0.7900000214576721,False,0.0,0.0,0.0,0.43466824293136597,39,0,0.0,0.0,-0.0,341640,-0.0,0.0,-0.5275378823280334,0.0,0.0,0.0,0.0,92,3.48253435869289,1.0,0.16693019502512788,0.0,0.0,0.0,-0.4808776378631592,CityLearnV3MADRLRewardFunction,maac_unified_comparable_v4,E1,-0.0,1907,14.133936100907311,1.0,0.13253982093157837,0.0,1
8,0.0,0.0,0.0,0.0,Building_4,3,MAAC,0.7900000214576721,False,0.0,0.0,0.0,0.43466824293136597,39,0,0.0,0.0,-0.0,341640,-0.0,0.0,-0.4954773783683777,0.0,0.0,0.0,0.0,78,3.3526943269816174,1.0,0.18393695717438674,0.0,0.0,0.0,-0.4808776378631592,CityLearnV3MADRLRewardFunction,maac_unified_comparable_v4,E1,-0.0,1907,14.133936100907311,1.0,0.13253982093157837,0.0,1
5,0.0,0.0,0.0,0.0,Building_5,4,MAAC,0.7900000214576721,False,0.0,0.0,0.0,0.43466824293136597,39,0,0.0,0.0,-0.0,341640,-0.0,0.0,-0.5226952433586121,0.0,0.0,0.0,0.0,57,3.402492142442395,1.0,0.26281924611120894,0.0,0.0,0.0,-0.4808776378631592,CityLearnV3MADRLRewardFunction,maac_unified_comparable_v4,E1,-0.0,1907,14.133936100907311,1.0,0.13253982093157837,0.0,1
34,0.0,0.0,0.0,0.0,Building_6,5,MAAC,0.7900000214576721,False,0.0,0.0,0.0,0.43466824293136597,39,0,0.0,0.0,-0.0,341640,-0.0,0.0,-0.5332043170928955,0.0,0.0,0.0,0.0,260,3.337631548597973,1.0,0.05485789380394496,0.0,0.0,0.0,-0.4808776378631592,CityLearnV3MADRLRewardFunction,maac_unified_comparable_v4,E1,-0.0,1907,14.133936100907311,1.0,0.13253982093157837,0.0,1
44,0.0,0.0,0.0,0.0,Building_7,6,MAAC,0.7900000214576721,False,0.0,0.0,0.0,0.43466824293136597,39,0,0.0,0.0,-0.0,341640,-0.0,0.0,-0.42984431982040405,0.0,0.0,0.0,0.0,330,3.4149667010378306,1.0,0.0442771235650236,0.0,0.0,0.0,-0.4808776378631592,CityLearnV3MADRLRewardFunction,maac_unified_comparable_v4,E1,-0.0,1907,14.133936100907311,1.0,0.13253982093157837,0.0,1
19,0.0,0.0,0.0,0.0,Building_8,7,MAAC,0.7900000214576721,False,0.0,0.0,0.0,0.43466824293136597,39,0,0.0,0.0,-0.0,341640,-0.0,0.0,-0.4296156167984009,0.0,0.0,0.0,0.0,155,3.4274495038608204,1.0,0.09453268541443732,0.0,0.0,0.0,-0.4808776378631592,CityLearnV3MADRLRewardFunction,maac_unified_comparable_v4,E1,-0.0,1907,14.133936100907311,1.0,0.13253982093157837,0.0,1
12,0.0,0.0,0.0,0.0,Building_9,8,MAAC,0.7900000214576721,False,0.0,0.0,0.0,0.43466824293136597,39,0,0.0,0.0,-0.0,341640,-0.0,0.0,-0.440209299325943,0.0,0.0,0.0,0.0,106,3.529678408946232,1.0,0.14727685909788563,0.0,0.0,0.0,-0.4808776378631592,CityLearnV3MADRLRewardFunction,maac_unified_comparable_v4,E1,-0.0,1907,14.133936100907311,1.0,0.13253982093157837,0.0,1
8,0.0,0.0,0.0,0.0,Building_10,9,MAAC,0.7900000214576721,False,0.0,0.0,0.0,0.43466824293136597,39,0,0.0,0.0,-0.0,341640,-0.0,0.0,-0.45351532101631165,0.0,0.0,0.0,0.0,78,3.3837904344710794,1.0,0.18562943305676946,0.0,0.0,0.0,-0.4808776378631592,CityLearnV3MADRLRewardFunction,maac_unified_comparable_v4,E1,-0.0,1907,14.133936100907311,1.0,0.13253982093157837,0.0,1
5,0.0,0.0,0.0,0.0,Building_11,10,MAAC,0.7900000214576721,False,0.0,0.0,0.0,0.43466824293136597,39,0,0.0,0.0,-0.0,341640,-0.0,0.0,-0.5222524404525757,0.0,0.0,0.0,0.0,57,3.5403805670328476,1.0,0.27776590970001724,0.0,0.0,0.0,-0.4808776378631592,CityLearnV3MADRLRewardFunction,maac_unified_comparable_v4,E1,-0.0,1907,14.133936100907311,1.0,0.13253982093157837,0.0,1
5,0.0,0.0,0.0,0.0,Building_12,11,MAAC,0.7900000214576721,False,0.0,0.0,0.0,0.43466824293136597,39,0,0.0,0.0,-0.0,341640,-0.0,0.0,-0.5358073115348816,0.0,0.0,0.0,0.0,57,3.4962380139454767,1.0,0.2744191836631089,0.0,0.0,0.0,-0.4808776378631592,CityLearnV3MADRLRewardFunction,maac_unified_comparable_v4,E1,-0.0,1907,14.133936100907311,1.0,0.13253982093157837,0.0,1
13,0.0,0.0,0.0,0.0,Building_13,12,MAAC,0.7900000214576721,False,0.0,0.0,0.0,0.43466824293136597,39,0,0.0,0.0,-0.0,341640,-0.0,0.0,-0.4297164976596832,0.0,0.0,0.0,0.0,113,3.4175228854689714,1.0,0.1292976727791592,0.0,0.0,0.0,-0.4808776378631592,CityLearnV3MADRLRewardFunction,maac_unified_comparable_v4,E1,-0.0,1907,14.133936100907311,1.0,0.13253982093157837,0.0,1
6,0.0,0.0,0.0,0.0,Building_14,13,MAAC,0.7900000214576721,False,0.0,0.0,0.0,0.43466824293136597,39,0,0.0,0.0,-0.0,341640,-0.0,0.0,-0.43422025442123413,0.0,0.0,0.0,0.0,64,3.4308843135518807,1.0,0.22929084510542452,0.0,0.0,0.0,-0.4808776378631592,CityLearnV3MADRLRewardFunction,maac_unified_comparable_v4,E1,-0.0,1907,14.133936100907311,1.0,0.13253982093157837,0.0,1
10,1.0,0.0,-0.1,-1.0,Building_15,14,MAAC,0.7900000214576721,False,0.0,0.0,0.0,0.43466824293136597,39,0,0.0,0.0,-0.0,341640,-0.0,0.0,-0.455189049243927,0.0,0.0,0.0,0.0,92,3.3986295796773476,1.0,0.15721253054621426,0.0,0.0,0.0,-0.4808776378631592,CityLearnV3MADRLRewardFunction,maac_unified_comparable_v4,E1,-0.0,1907,14.133936100907311,1.0,0.13253982093157837,0.0,1
13,0.0,0.0,0.0,0.0,Building_16,15,MAAC,0.7900000214576721,False,0.0,0.0,0.0,0.43466824293136597,39,0,0.0,0.0,-0.0,341640,-0.0,0.0,-0.4951109290122986,0.0,0.0,0.0,0.0,113,3.376408750082525,1.0,0.12812193028167285,0.0,0.0,0.0,-0.4808776378631592,CityLearnV3MADRLRewardFunction,maac_unified_comparable_v4,E1,-0.0,1907,14.133936100907311,1.0,0.13253982093157837,0.0,1
13,0.0,0.0,0.0,0.0,Building_17,16,MAAC,0.7900000214576721,False,0.0,0.0,0.0,0.43466824293136597,39,0,0.0,0.0,-0.0,341640,-0.0,0.0,-0.5005115866661072,0.0,0.0,0.0,0.0,113,3.4928962461426605,1.0,0.13702333118535776,0.0,0.0,0.0,-0.4808776378631592,CityLearnV3MADRLRewardFunction,maac_unified_comparable_v4,E1,-0.0,1907,14.133936100907311,1.0,0.13253982093157837,0.0,1
6,0.0,0.0,0.0,0.0,Building_1,0,MAAC,0.7900000214576721,True,0.0,0.0,0.0,0.32958081364631653,39,8758,0.0,0.0,-0.0,350398,0.0,391.586669921875,-0.7973842620849609,179.1614532470703,309.3534851074219,391.586669921875,391.586669921875,64,3.287270127897953,1.0,0.218738226685673,0.0,0.0,0.0,-0.7512854933738708,CityLearnV3MADRLRewardFunction,maac_unified_comparable_v4,E1,-0.0,1907,14.078801289799333,1.0,0.13137496905484372,0.0,8759
8,0.0,0.0,0.0,0.0,Building_2,1,MAAC,0.7900000214576721,True,0.0,0.0,0.0,0.32958081364631653,39,8758,0.0,0.0,-0.0,350398,0.0,0.1848604530096054,-0.692378044128418,0.08457864075899124,0.14603976905345917,0.1848604530096054,0.1848604530096054,78,3.3826675186215023,1.0,0.1834205014583392,0.0,0.0,0.0,-0.7512854933738708,CityLearnV3MADRLRewardFunction,maac_unified_comparable_v4,E1,-0.0,1907,14.078801289799333,1.0,0.13137496905484372,0.0,8759
10,0.0,0.0,0.0,0.0,Building_3,2,MAAC,0.7900000214576721,True,0.0,0.0,0.0,0.32958081364631653,39,8758,0.0,0.0,-0.0,350398,0.0,39.0087890625,-0.7811498641967773,17.847572326660156,30.816944122314453,39.0087890625,39.0087890625,92,3.27519790507844,1.0,0.15150001418331396,0.0,0.0,0.0,-0.7512854933738708,CityLearnV3MADRLRewardFunction,maac_unified_comparable_v4,E1,-0.0,1907,14.078801289799333,1.0,0.13137496905484372,0.0,8759
8,0.0,0.0,0.0,0.0,Building_4,3,MAAC,0.7900000214576721,True,0.0,0.0,0.0,0.32958081364631653,39,8758,0.0,0.0,-0.0,350398,0.0,36.67196273803711,-0.783273458480835,16.778411865234375,28.97085189819336,36.67196273803711,36.67196273803711,78,3.3435530240332003,1.0,0.1835549886410053,0.0,0.0,0.0,-0.7512854933738708,CityLearnV3MADRLRewardFunction,maac_unified_comparable_v4,E1,-0.0,1907,14.078801289799333,1.0,0.13137496905484372,0.0,8759
5,0.0,0.0,0.0,0.0,Building_5,4,MAAC,0.7900000214576721,True,0.0,0.0,0.0,0.32958081364631653,39,8758,0.0,0.0,-0.0,350398,0.0,54.225337982177734,-0.8283516764640808,24.809553146362305,42.838016510009766,54.225337982177734,54.225337982177734,57,3.583193303198145,1.0,0.2941016641102339,0.0,0.0,0.0,-0.7512854933738708,CityLearnV3MADRLRewardFunction,maac_unified_comparable_v4,E1,-0.0,1907,14.078801289799333,1.0,0.13137496905484372,0.0,8759
34,0.0,0.0,0.0,0.0,Building_6,5,MAAC,0.7900000214576721,True,0.0,0.0,0.0,0.32958081364631653,39,8758,0.0,0.0,-0.0,350398,0.0,348.8946838378906,-0.8020743727684021,159.62872314453125,275.6268005371094,348.8946838378906,348.8946838378906,260,3.2819652341646908,1.0,0.053837265074253085,0.0,0.0,0.0,-0.7512854933738708,CityLearnV3MADRLRewardFunction,maac_unified_comparable_v4,E1,-0.0,1907,14.078801289799333,1.0,0.13137496905484372,0.0,8759
44,1.0,1.0,0.022727272727272728,0.0,Building_7,6,MAAC,0.7900000214576721,True,-1.3582531209976878e-05,0.0,0.0,0.32958081364631653,39,8758,0.0,0.0,-0.0,350398,0.0,2.980071783065796,-0.70494145154953,1.3634631633758545,2.3542568683624268,2.980071783065796,2.9800853729248047,330,3.495873964145416,1.0,0.04536911391399123,0.0,0.0,0.0,-0.7512854933738708,CityLearnV3MADRLRewardFunction,maac_unified_comparable_v4,E1,-0.0,1907,14.078801289799333,1.0,0.13137496905484372,0.0,8759
19,0.0,0.0,0.0,0.0,Building_8,7,MAAC,0.7900000214576721,True,0.0,0.0,0.0,0.32958081364631653,39,8758,0.0,0.0,-0.0,350398,0.0,6.19936990737915,-0.7175226211547852,2.836378812789917,4.897502422332764,6.19936990737915,6.19936990737915,155,3.389769819274251,1.0,0.0938991391851056,0.0,0.0,0.0,-0.7512854933738708,CityLearnV3MADRLRewardFunction,maac_unified_comparable_v4,E1,-0.0,1907,14.078801289799333,1.0,0.13137496905484372,0.0,8759
12,0.0,0.0,0.0,0.0,Building_9,8,MAAC,0.7900000214576721,True,0.0,0.0,0.0,0.32958081364631653,39,8758,0.0,0.0,-0.0,350398,0.0,2.1350696086883545,-0.6837955713272095,0.9768518805503845,1.6867049932479858,2.1350696086883545,2.1350696086883545,106,3.7071797768852406,1.0,0.16077225528798014,0.0,0.0,0.0,-0.7512854933738708,CityLearnV3MADRLRewardFunction,maac_unified_comparable_v4,E1,-0.0,1907,14.078801289799333,1.0,0.13137496905484372,0.0,8759
8,0.0,0.0,0.0,0.0,Building_10,9,MAAC,0.7900000214576721,True,0.0,0.0,0.0,0.32958081364631653,39,8758,0.0,0.0,-0.0,350398,0.0,16.451881408691406,-0.7544158697128296,7.52717924118042,12.996986389160156,16.451881408691406,16.451881408691406,78,3.4673104653667974,1.0,0.19071402677740806,0.0,0.0,0.0,-0.7512854933738708,CityLearnV3MADRLRewardFunction,maac_unified_comparable_v4,E1,-0.0,1907,14.078801289799333,1.0,0.13137496905484372,0.0,8759
5,0.0,0.0,0.0,0.0,Building_11,10,MAAC,0.7900000214576721,True,0.0,0.0,0.0,0.32958081364631653,39,8758,0.0,0.0,-0.0,350398,0.0,66.45198059082031,-0.7846966981887817,30.40357208251953,52.497066497802734,66.45198059082031,66.45198059082031,57,3.3304674548362376,1.0,0.24611202065359084,0.0,0.0,0.0,-0.7512854933738708,CityLearnV3MADRLRewardFunction,maac_unified_comparable_v4,E1,-0.0,1907,14.078801289799333,1.0,0.13137496905484372,0.0,8759
5,0.0,0.0,0.0,0.0,Building_12,11,MAAC,0.7900000214576721,True,0.0,0.0,0.0,0.32958081364631653,39,8758,0.0,0.0,-0.0,350398,0.0,155.388671875,-0.8017317056655884,71.0945053100586,122.7570571899414,155.388671875,155.388671875,57,3.4346752727966767,1.0,0.26068350123731715,0.0,0.0,0.0,-0.7512854933738708,CityLearnV3MADRLRewardFunction,maac_unified_comparable_v4,E1,-0.0,1907,14.078801289799333,1.0,0.13137496905484372,0.0,8759
13,1.0,1.0,0.07692307692307693,0.0,Building_13,12,MAAC,0.7900000214576721,True,0.0,0.0,0.0,0.32958081364631653,39,8758,0.0,0.0,-0.0,350398,0.0,0.1047736182808876,-0.6920483708381653,0.04793675243854523,0.08277115970849991,0.1047736182808876,0.1047736182808876,113,3.4760625967406757,1.0,0.13145157088220646,0.0,0.0,0.0,-0.7512854933738708,CityLearnV3MADRLRewardFunction,maac_unified_comparable_v4,E1,-0.0,1907,14.078801289799333,1.0,0.13137496905484372,0.0,8759
6,0.0,0.0,0.0,0.0,Building_14,13,MAAC,0.7900000214576721,True,0.0,0.0,0.0,0.32958081364631653,39,8758,0.0,0.0,-0.0,350398,0.0,1.3521205186843872,-0.6976709365844727,0.6186316013336182,1.068175196647644,1.3521205186843872,1.3521205186843872,64,3.496215545290835,1.0,0.2332697045058012,0.0,0.0,0.0,-0.7512854933738708,CityLearnV3MADRLRewardFunction,maac_unified_comparable_v4,E1,-0.0,1907,14.078801289799333,1.0,0.13137496905484372,0.0,8759
10,0.0,0.0,0.0,0.0,Building_15,14,MAAC,0.7900000214576721,True,0.0,0.0,0.0,0.32958081364631653,39,8758,0.0,0.0,-0.0,350398,0.0,15.147623062133789,-0.7476727962493896,6.930445671081543,11.966622352600098,15.147623062133789,15.147623062133789,92,3.400401109354104,1.0,0.15908493376944377,0.0,0.0,0.0,-0.7512854933738708,CityLearnV3MADRLRewardFunction,maac_unified_comparable_v4,E1,-0.0,1907,14.078801289799333,1.0,0.13137496905484372,0.0,8759
13,0.0,0.0,0.0,0.0,Building_16,15,MAAC,0.7900000214576721,True,0.0,0.0,0.0,0.32958081364631653,39,8758,0.0,0.0,-0.0,350398,0.0,11.957420349121094,-0.738231897354126,5.470841884613037,9.446362495422363,11.957420349121094,11.957420349121094,113,3.3228556845101744,1.0,0.12386529806968385,0.0,0.0,0.0,-0.7512854933738708,CityLearnV3MADRLRewardFunction,maac_unified_comparable_v4,E1,-0.0,1907,14.078801289799333,1.0,0.13137496905484372,0.0,8759
13,0.0,0.0,0.0,0.0,Building_17,16,MAAC,0.7900000214576721,True,0.0,0.0,0.0,0.32958081364631653,39,8758,0.0,0.0,-0.0,350398,0.0,23.087642669677734,-0.7645143270492554,10.56321907043457,18.239238739013672,23.087642669677734,23.087642669677734,113,3.342227633532763,1.0,0.12798489313737482,0.0,0.0,0.0,-0.7512854933738708,CityLearnV3MADRLRewardFunction,maac_unified_comparable_v4,E1,-0.0,1907,14.078801289799333,1.0,0.13137496905484372,0.0,8759
6,0.0,0.0,0.0,0.0,Building_1,0,MAAC,0.7900000214576721,False,0.0,0.0,0.0,0.43774908781051636,40,0,0.0,0.0,-0.0,350400,-0.0,0.0,-0.6146625280380249,0.0,0.0,0.0,0.0,64,3.411525864499873,1.0,0.23431225784588605,0.0,0.0,0.0,-0.5590137243270874,CityLearnV3MADRLRewardFunction,maac_unified_comparable_v4,E1,-0.0,1907,14.564101789909802,1.0,0.1375542874572536,0.0,2
8,0.0,0.0,0.0,0.0,Building_2,1,MAAC,0.7900000214576721,False,0.0,0.0,0.0,0.43774908781051636,40,0,0.0,0.0,-0.0,350400,-0.0,0.0,-0.5060569047927856,0.0,0.0,0.0,0.0,78,3.536407057061777,1.0,0.195424760476901,0.0,0.0,0.0,-0.5590137243270874,CityLearnV3MADRLRewardFunction,maac_unified_comparable_v4,E1,-0.0,1907,14.564101789909802,1.0,0.1375542874572536,0.0,2
10,0.0,0.0,0.0,0.0,Building_3,2,MAAC,0.7900000214576721,False,0.0,0.0,0.0,0.43774908781051636,40,0,0.0,0.0,-0.0,350400,-0.0,0.0,-0.5752574801445007,0.0,0.0,0.0,0.0,92,3.60555005569515,1.0,0.1740509603658448,0.0,0.0,0.0,-0.5590137243270874,CityLearnV3MADRLRewardFunction,maac_unified_comparable_v4,E1,-0.0,1907,14.564101789909802,1.0,0.1375542874572536,0.0,2
8,0.0,0.0,0.0,0.0,Building_4,3,MAAC,0.7900000214576721,False,0.0,0.0,0.0,0.43774908781051636,40,0,0.0,0.0,-0.0,350400,-0.0,0.0,-0.5591148138046265,0.0,0.0,0.0,0.0,78,3.464355359802187,1.0,0.19151021702549395,0.0,0.0,0.0,-0.5590137243270874,CityLearnV3MADRLRewardFunction,maac_unified_comparable_v4,E1,-0.0,1907,14.564101789909802,1.0,0.1375542874572536,0.0,2
5,0.0,0.0,0.0,0.0,Building_5,4,MAAC,0.7900000214576721,False,0.0,0.0,0.0,0.43774908781051636,40,0,0.0,0.0,-0.0,350400,-0.0,0.0,-0.5955145955085754,0.0,0.0,0.0,0.0,57,3.5496438730528648,1.0,0.2758568998491555,0.0,0.0,0.0,-0.5590137243270874,CityLearnV3MADRLRewardFunction,maac_unified_comparable_v4,E1,-0.0,1907,14.564101789909802,1.0,0.1375542874572536,0.0,2
34,1.0,0.0,-0.029411764705882353,-1.0,Building_6,5,MAAC,0.7900000214576721,False,0.0,0.0,0.0,0.43774908781051636,40,0,0.0,0.0,-0.0,350400,-0.0,0.0,-0.6102343797683716,0.0,0.0,0.0,0.0,260,3.452531263128258,1.0,0.05761011775869589,0.0,0.0,0.0,-0.5590137243270874,CityLearnV3MADRLRewardFunction,maac_unified_comparable_v4,E1,-0.0,1907,14.564101789909802,1.0,0.1375542874572536,0.0,2
44,0.0,0.0,0.0,0.0,Building_7,6,MAAC,0.7900000214576721,False,0.0,0.0,0.0,0.43774908781051636,40,0,0.0,0.0,-0.0,350400,-0.0,0.0,-0.5116909742355347,0.0,0.0,0.0,0.0,330,3.5196323656745663,1.0,0.04606499367139556,0.0,0.0,0.0,-0.5590137243270874,CityLearnV3MADRLRewardFunction,maac_unified_comparable_v4,E1,-0.0,1907,14.564101789909802,1.0,0.1375542874572536,0.0,2
19,0.0,0.0,0.0,0.0,Building_8,7,MAAC,0.7900000214576721,False,0.0,0.0,0.0,0.43774908781051636,40,0,0.0,0.0,-0.0,350400,-0.0,0.0,-0.5083274245262146,0.0,0.0,0.0,0.0,155,3.5353589126896305,1.0,0.09840945779315886,0.0,0.0,0.0,-0.5590137243270874,CityLearnV3MADRLRewardFunction,maac_unified_comparable_v4,E1,-0.0,1907,14.564101789909802,1.0,0.1375542874572536,0.0,2
12,0.0,0.0,0.0,0.0,Building_9,8,MAAC,0.7900000214576721,False,0.0,0.0,0.0,0.43774908781051636,40,0,0.0,0.0,-0.0,350400,-0.0,0.0,-0.5148105025291443,0.0,0.0,0.0,0.0,106,3.650516143787624,1.0,0.1527974137438918,0.0,0.0,0.0,-0.5590137243270874,CityLearnV3MADRLRewardFunction,maac_unified_comparable_v4,E1,-0.0,1907,14.564101789909802,1.0,0.1375542874572536,0.0,2
8,1.0,1.0,0.125,0.0,Building_10,9,MAAC,0.7900000214576721,False,0.0,0.0,0.0,0.43774908781051636,40,0,0.0,0.0,-0.0,350400,-0.0,0.0,-0.5810869336128235,0.0,0.0,0.0,0.0,78,3.492491613218173,1.0,0.19376026724393552,0.0,0.0,0.0,-0.5590137243270874,CityLearnV3MADRLRewardFunction,maac_unified_comparable_v4,E1,-0.0,1907,14.564101789909802,1.0,0.1375542874572536,0.0,2
5,0.0,0.0,0.0,0.0,Building_11,10,MAAC,0.7900000214576721,False,0.0,0.0,0.0,0.43774908781051636,40,0,0.0,0.0,-0.0,350400,-0.0,0.0,-0.6010268330574036,0.0,0.0,0.0,0.0,57,3.6306434062596864,1.0,0.2827958995312975,0.0,0.0,0.0,-0.5590137243270874,CityLearnV3MADRLRewardFunction,maac_unified_comparable_v4,E1,-0.0,1907,14.564101789909802,1.0,0.1375542874572536,0.0,2
5,0.0,0.0,0.0,0.0,Building_12,11,MAAC,0.7900000214576721,False,0.0,0.0,0.0,0.43774908781051636,40,0,0.0,0.0,-0.0,350400,-0.0,0.0,-0.6103187203407288,0.0,0.0,0.0,0.0,57,3.5907660295555397,1.0,0.2799655484002933,0.0,0.0,0.0,-0.5590137243270874,CityLearnV3MADRLRewardFunction,maac_unified_comparable_v4,E1,-0.0,1907,14.564101789909802,1.0,0.1375542874572536,0.0,2
13,0.0,0.0,0.0,0.0,Building_13,12,MAAC,0.7900000214576721,False,0.0,0.0,0.0,0.43774908781051636,40,0,0.0,0.0,-0.0,350400,-0.0,0.0,-0.5080215930938721,0.0,0.0,0.0,0.0,113,3.5227462782343553,1.0,0.13456583741755612,0.0,0.0,0.0,-0.5590137243270874,CityLearnV3MADRLRewardFunction,maac_unified_comparable_v4,E1,-0.0,1907,14.564101789909802,1.0,0.1375542874572536,0.0,2
6,0.0,0.0,0.0,0.0,Building_14,13,MAAC,0.7900000214576721,False,0.0,0.0,0.0,0.43774908781051636,40,0,0.0,0.0,-0.0,350400,-0.0,0.0,-0.5114824771881104,0.0,0.0,0.0,0.0,64,3.5064414738050185,1.0,0.2365992950508371,0.0,0.0,0.0,-0.5590137243270874,CityLearnV3MADRLRewardFunction,maac_unified_comparable_v4,E1,-0.0,1907,14.564101789909802,1.0,0.1375542874572536,0.0,2
10,0.0,0.0,0.0,0.0,Building_15,14,MAAC,0.7900000214576721,False,0.0,0.0,0.0,0.43774908781051636,40,0,0.0,0.0,-0.0,350400,-0.0,0.0,-0.516234278678894,0.0,0.0,0.0,0.0,92,3.538171539981524,1.0,0.16653400400410528,0.0,0.0,0.0,-0.5590137243270874,CityLearnV3MADRLRewardFunction,maac_unified_comparable_v4,E1,-0.0,1907,14.564101789909802,1.0,0.1375542874572536,0.0,2
13,0.0,0.0,0.0,0.0,Building_16,15,MAAC,0.7900000214576721,False,0.0,0.0,0.0,0.43774908781051636,40,0,0.0,0.0,-0.0,350400,-0.0,0.0,-0.5981907844543457,0.0,0.0,0.0,0.0,113,3.4326414527602274,1.0,0.13125098470301755,0.0,0.0,0.0,-0.5590137243270874,CityLearnV3MADRLRewardFunction,maac_unified_comparable_v4,E1,-0.0,1907,14.564101789909802,1.0,0.1375542874572536,0.0,2
13,1.0,1.0,0.07692307692307693,0.0,Building_17,16,MAAC,0.7900000214576721,False,0.0,0.0,0.0,0.43774908781051636,40,0,0.0,0.0,-0.0,350400,-0.0,0.0,-0.5812015533447266,0.0,0.0,0.0,0.0,113,3.5992517778668245,1.0,0.14230994616462067,0.0,0.0,0.0,-0.5590137243270874,CityLearnV3MADRLRewardFunction,maac_unified_comparable_v4,E1,-0.0,1907,14.564101789909802,1.0,0.1375542874572536,0.0,2
6,0.0,0.0,0.0,0.0,Building_1,0,MAAC,0.7900000214576721,True,0.0,0.0,0.0,0.28695225715637207,40,8757,0.0,0.0,-0.0,359157,0.0,433.45458984375,-0.8339864611625671,172.66647338867188,342.42913818359375,433.45458984375,433.45458984375,64,3.1792082374153674,1.0,0.20838984625879675,0.0,0.0,0.0,-0.7993282079696655,CityLearnV3MADRLRewardFunction,maac_unified_comparable_v4,E1,-0.0,1907,13.767830399276932,1.0,0.1262393862489605,0.0,8759
8,0.0,0.0,0.0,0.0,Building_2,1,MAAC,0.7900000214576721,True,0.0,0.0,0.0,0.28695225715637207,40,8757,0.0,0.0,-0.0,359157,0.0,15.16435432434082,-0.782322883605957,6.040714740753174,11.979840278625488,15.16435432434082,15.16435432434082,78,3.300580168780109,1.0,0.1783159733391725,0.0,0.0,0.0,-0.7993282079696655,CityLearnV3MADRLRewardFunction,maac_unified_comparable_v4,E1,-0.0,1907,13.767830399276932,1.0,0.1262393862489605,0.0,8759
10,0.0,0.0,0.0,0.0,Building_3,2,MAAC,0.7900000214576721,True,0.0,0.0,0.0,0.28695225715637207,40,8757,0.0,0.0,-0.0,359157,0.0,94.53981018066406,-0.8238649964332581,37.65989685058594,74.68645477294922,94.53981018066406,94.53981018066406,92,3.203475602357522,1.0,0.14474170063824757,0.0,0.0,0.0,-0.7993282079696655,CityLearnV3MADRLRewardFunction,maac_unified_comparable_v4,E1,-0.0,1907,13.767830399276932,1.0,0.1262393862489605,0.0,8759
8,0.0,0.0,0.0,0.0,Building_4,3,MAAC,0.7900000214576721,True,0.0,0.0,0.0,0.28695225715637207,40,8757,0.0,0.0,-0.0,359157,0.0,31.04317283630371,-0.8134084939956665,12.366035461425781,24.524106979370117,31.04317283630371,31.04317283630371,78,3.2697728716647703,1.0,0.17613804903932107,0.0,0.0,0.0,-0.7993282079696655,CityLearnV3MADRLRewardFunction,maac_unified_comparable_v4,E1,-0.0,1907,13.767830399276932,1.0,0.1262393862489605,0.0,8759
5,0.0,0.0,0.0,0.0,Building_5,4,MAAC,0.7900000214576721,True,0.0,0.0,0.0,0.28695225715637207,40,8757,0.0,0.0,-0.0,359157,0.0,38.538970947265625,-0.8579243421554565,15.351984024047852,30.44578742980957,38.538970947265625,38.538970947265625,57,3.5698223294927884,1.0,0.2881186150929384,0.0,0.0,0.0,-0.7993282079696655,CityLearnV3MADRLRewardFunction,maac_unified_comparable_v4,E1,-0.0,1907,13.767830399276932,1.0,0.1262393862489605,0.0,8759
34,1.0,1.0,0.029411764705882353,0.0,Building_6,5,MAAC,0.7900000214576721,True,0.0,0.0,0.0,0.28695225715637207,40,8757,0.0,0.0,-0.0,359157,0.0,362.8901062011719,-0.8377997279167175,144.55712890625,286.6831970214844,362.8901062011719,362.8901062011719,260,3.3196636754731537,1.0,0.05351740955733336,0.0,0.0,0.0,-0.7993282079696655,CityLearnV3MADRLRewardFunction,maac_unified_comparable_v4,E1,-0.0,1907,13.767830399276932,1.0,0.1262393862489605,0.0,8759
44,1.0,1.0,0.022727272727272728,0.0,Building_7,6,MAAC,0.7900000214576721,True,0.0,0.0,0.0,0.28695225715637207,40,8757,0.0,0.0,-0.0,359157,0.0,12.664111137390137,-0.7776761651039124,5.044743537902832,10.004648208618164,12.664111137390137,12.664111137390137,330,3.4022922763774934,1.0,0.0435604655381405,0.0,0.0,0.0,-0.7993282079696655,CityLearnV3MADRLRewardFunction,maac_unified_comparable_v4,E1,-0.0,1907,13.767830399276932,1.0,0.1262393862489605,0.0,8759
19,1.0,1.0,0.05263157894736842,0.0,Building_8,7,MAAC,0.7900000214576721,True,0.0,0.0,0.0,0.28695225715637207,40,8757,0.0,0.0,-0.0,359157,0.0,12.065996170043945,-0.7731998562812805,4.806484699249268,9.532136917114258,12.065996170043945,12.065996170043945,155,3.3183619894135505,1.0,0.0906173798826433,0.0,0.0,0.0,-0.7993282079696655,CityLearnV3MADRLRewardFunction,maac_unified_comparable_v4,E1,-0.0,1907,13.767830399276932,1.0,0.1262393862489605,0.0,8759
12,0.0,0.0,0.0,0.0,Building_9,8,MAAC,0.7900000214576721,True,0.0,0.0,0.0,0.28695225715637207,40,8757,0.0,0.0,-0.0,359157,0.0,2.290161371231079,-0.719562292098999,0.9122849106788635,1.8092275857925415,2.290161371231079,2.290161371231079,106,3.650430813750834,1.0,0.15573914342050282,0.0,0.0,0.0,-0.7993282079696655,CityLearnV3MADRLRewardFunction,maac_unified_comparable_v4,E1,-0.0,1907,13.767830399276932,1.0,0.1262393862489605,0.0,8759
8,0.0,0.0,0.0,0.0,Building_10,9,MAAC,0.7900000214576721,True,-4.239213376422413e-05,0.0,0.0,0.28695225715637207,40,8757,0.0,0.0,-0.0,359157,0.0,51.649532318115234,-0.8272749781608582,20.57457160949707,40.803131103515625,51.649532318115234,51.649574279785156,78,3.381489960388589,1.0,0.18369860746539557,0.0,0.0,0.0,-0.7993282079696655,CityLearnV3MADRLRewardFunction,maac_unified_comparable_v4,E1,-0.0,1907,13.767830399276932,1.0,0.1262393862489605,0.0,8759
5,1.0,0.0,-0.2,-1.0,Building_11,10,MAAC,0.7900000214576721,True,0.0,0.0,0.0,0.28695225715637207,40,8757,0.0,0.0,-0.0,359157,0.0,71.54803466796875,-0.8202880024909973,28.501131057739258,56.52294921875,71.54803466796875,71.54803466796875,57,3.2440832583141903,1.0,0.2358612041070796,0.0,0.0,0.0,-0.7993282079696655,CityLearnV3MADRLRewardFunction,maac_unified_comparable_v4,E1,-0.0,1907,13.767830399276932,1.0,0.1262393862489605,0.0,8759
5,0.0,0.0,0.0,0.0,Building_12,11,MAAC,0.7900000214576721,True,0.0,0.0,0.0,0.28695225715637207,40,8757,0.0,0.0,-0.0,359157,0.0,215.11593627929688,-0.8376120328903198,85.69135284423828,169.94158935546875,215.11593627929688,215.11593627929688,57,3.3571102027403295,1.0,0.25097165492020157,0.0,0.0,0.0,-0.7993282079696655,CityLearnV3MADRLRewardFunction,maac_unified_comparable_v4,E1,-0.0,1907,13.767830399276932,1.0,0.1262393862489605,0.0,8759
13,1.0,1.0,0.07692307692307693,0.0,Building_13,12,MAAC,0.7900000214576721,True,0.0,0.0,0.0,0.28695225715637207,40,8757,0.0,0.0,-0.0,359157,0.0,2.033022403717041,-0.7358158230781555,0.8098536729812622,1.6060876846313477,2.033022403717041,2.033022403717041,113,3.403806198966266,1.0,0.12623322056194322,0.0,0.0,0.0,-0.7993282079696655,CityLearnV3MADRLRewardFunction,maac_unified_comparable_v4,E1,-0.0,1907,13.767830399276932,1.0,0.1262393862489605,0.0,8759
6,0.0,0.0,0.0,0.0,Building_14,13,MAAC,0.7900000214576721,True,-5.975767635391094e-06,0.0,0.0,0.28695225715637207,40,8757,0.0,0.0,-0.0,359157,0.0,2.61494517326355,-0.7383738160133362,1.0416624546051025,2.0658066272735596,2.61494517326355,2.6149511337280273,64,3.3820966629513367,1.0,0.22129706607665867,0.0,0.0,0.0,-0.7993282079696655,CityLearnV3MADRLRewardFunction,maac_unified_comparable_v4,E1,-0.0,1907,13.767830399276932,1.0,0.1262393862489605,0.0,8759
10,0.0,0.0,0.0,0.0,Building_15,14,MAAC,0.7900000214576721,True,0.0,0.0,0.0,0.28695225715637207,40,8757,0.0,0.0,-0.0,359157,0.0,19.521480560302734,-0.7926013469696045,7.776374340057373,15.42197036743164,19.521480560302734,19.521480560302734,92,3.326563391042984,1.0,0.15312792190715022,0.0,0.0,0.0,-0.7993282079696655,CityLearnV3MADRLRewardFunction,maac_unified_comparable_v4,E1,-0.0,1907,13.767830399276932,1.0,0.1262393862489605,0.0,8759
13,0.0,0.0,0.0,0.0,Building_16,15,MAAC,0.7900000214576721,True,0.0,0.0,0.0,0.28695225715637207,40,8757,0.0,0.0,-0.0,359157,0.0,54.89390563964844,-0.818739652633667,21.866966247558594,43.366188049316406,54.89390563964844,54.89390563964844,113,3.215132642521991,1.0,0.11789408088785357,0.0,0.0,0.0,-0.7993282079696655,CityLearnV3MADRLRewardFunction,maac_unified_comparable_v4,E1,-0.0,1907,13.767830399276932,1.0,0.1262393862489605,0.0,8759
13,0.0,0.0,0.0,0.0,Building_17,16,MAAC,0.7900000214576721,True,0.0,0.0,0.0,0.28695225715637207,40,8757,0.0,0.0,-0.0,359157,0.0,22.46647071838379,-0.7981277704238892,8.949509620666504,17.748512268066406,22.46647071838379,22.46647071838379,113,3.2039679305335547,1.0,0.11731411061719456,0.0,0.0,0.0,-0.7993282079696655,CityLearnV3MADRLRewardFunction,maac_unified_comparable_v4,E1,-0.0,1907,13.767830399276932,1.0,0.1262393862489605,0.0,8759
6,0.0,0.0,0.0,0.0,Building_1,0,MAAC,0.7900000214576721,False,0.0,0.0,0.0,0.411760538816452,41,0,0.0,0.0,-0.0,359160,-0.0,0.0,-0.8024434447288513,0.0,0.0,0.0,0.0,64,3.309968496996886,1.0,0.22015545249450952,0.0,0.0,0.0,-0.7508657574653625,CityLearnV3MADRLRewardFunction,maac_unified_comparable_v4,E1,-0.0,1907,14.160223913670066,1.0,0.12974903544613248,0.0,3
8,0.0,0.0,0.0,0.0,Building_2,1,MAAC,0.7900000214576721,False,0.0,0.0,0.0,0.411760538816452,41,0,0.0,0.0,-0.0,359160,-0.0,0.0,-0.6970505714416504,0.0,0.0,0.0,0.0,78,3.4338103153800614,1.0,0.18323007770455801,0.0,0.0,0.0,-0.7508657574653625,CityLearnV3MADRLRewardFunction,maac_unified_comparable_v4,E1,-0.0,1907,14.160223913670066,1.0,0.12974903544613248,0.0,3
10,0.0,0.0,0.0,0.0,Building_3,2,MAAC,0.7900000214576721,False,0.0,0.0,0.0,0.411760538816452,41,0,0.0,0.0,-0.0,359160,-0.0,0.0,-0.7895456552505493,0.0,0.0,0.0,0.0,92,3.51520725089103,1.0,0.1660603108289449,0.0,0.0,0.0,-0.7508657574653625,CityLearnV3MADRLRewardFunction,maac_unified_comparable_v4,E1,-0.0,1907,14.160223913670066,1.0,0.12974903544613248,0.0,3
8,0.0,0.0,0.0,0.0,Building_4,3,MAAC,0.7900000214576721,False,0.0,0.0,0.0,0.411760538816452,41,0,0.0,0.0,-0.0,359160,-0.0,0.0,-0.7426562905311584,0.0,0.0,0.0,0.0,78,3.361007492799701,1.0,0.17944473763689017,0.0,0.0,0.0,-0.7508657574653625,CityLearnV3MADRLRewardFunction,maac_unified_comparable_v4,E1,-0.0,1907,14.160223913670066,1.0,0.12974903544613248,0.0,3
5,0.0,0.0,0.0,0.0,Building_5,4,MAAC,0.7900000214576721,False,0.0,0.0,0.0,0.411760538816452,41,0,0.0,0.0,-0.0,359160,-0.0,0.0,-0.7795905470848083,0.0,0.0,0.0,0.0,57,3.4546047285600414,1.0,0.2595720738172531,0.0,0.0,0.0,-0.7508657574653625,CityLearnV3MADRLRewardFunction,maac_unified_comparable_v4,E1,-0.0,1907,14.160223913670066,1.0,0.12974903544613248,0.0,3
34,1.0,1.0,0.029411764705882353,0.0,Building_6,5,MAAC,0.7900000214576721,False,0.0,0.0,0.0,0.411760538816452,41,0,0.0,0.0,-0.0,359160,-0.0,0.0,-0.7976445555686951,0.0,0.0,0.0,0.0,260,3.3466916701984117,1.0,0.05391121010940809,0.0,0.0,0.0,-0.7508657574653625,CityLearnV3MADRLRewardFunction,maac_unified_comparable_v4,E1,-0.0,1907,14.160223913670066,1.0,0.12974903544613248,0.0,3
44,1.0,1.0,0.022727272727272728,0.0,Building_7,6,MAAC,0.7900000214576721,False,0.0,0.0,0.0,0.411760538816452,41,0,0.0,0.0,-0.0,359160,-0.0,0.0,-0.7191556096076965,0.0,0.0,0.0,0.0,330,3.414602110432259,1.0,0.043283060667189684,0.0,0.0,0.0,-0.7508657574653625,CityLearnV3MADRLRewardFunction,maac_unified_comparable_v4,E1,-0.0,1907,14.160223913670066,1.0,0.12974903544613248,0.0,3
19,0.0,0.0,0.0,0.0,Building_8,7,MAAC,0.7900000214576721,False,0.0,0.0,0.0,0.411760538816452,41,0,0.0,0.0,-0.0,359160,-0.0,0.0,-0.6974589228630066,0.0,0.0,0.0,0.0,155,3.430556748098043,1.0,0.09217450758141855,0.0,0.0,0.0,-0.7508657574653625,CityLearnV3MADRLRewardFunction,maac_unified_comparable_v4,E1,-0.0,1907,14.160223913670066,1.0,0.12974903544613248,0.0,3
12,0.0,0.0,0.0,0.0,Building_9,8,MAAC,0.7900000214576721,False,0.0,0.0,0.0,0.411760538816452,41,0,0.0,0.0,-0.0,359160,-0.0,0.0,-0.7040786743164062,0.0,0.0,0.0,0.0,106,3.5581471634996307,1.0,0.145665575873177,0.0,0.0,0.0,-0.7508657574653625,CityLearnV3MADRLRewardFunction,maac_unified_comparable_v4,E1,-0.0,1907,14.160223913670066,1.0,0.12974903544613248,0.0,3
8,1.0,1.0,0.125,0.0,Building_10,9,MAAC,0.7900000214576721,False,0.0,0.0,0.0,0.411760538816452,41,0,0.0,0.0,-0.0,359160,-0.0,0.0,-0.7841249108314514,0.0,0.0,0.0,0.0,78,3.4309838008481965,1.0,0.18550158626376054,0.0,0.0,0.0,-0.7508657574653625,CityLearnV3MADRLRewardFunction,maac_unified_comparable_v4,E1,-0.0,1907,14.160223913670066,1.0,0.12974903544613248,0.0,3
5,0.0,0.0,0.0,0.0,Building_11,10,MAAC,0.7900000214576721,False,0.0,0.0,0.0,0.411760538816452,41,0,0.0,0.0,-0.0,359160,-0.0,0.0,-0.7899472713470459,0.0,0.0,0.0,0.0,57,3.5358746028374908,1.0,0.2687770988334689,0.0,0.0,0.0,-0.7508657574653625,CityLearnV3MADRLRewardFunction,maac_unified_comparable_v4,E1,-0.0,1907,14.160223913670066,1.0,0.12974903544613248,0.0,3
5,0.0,0.0,0.0,0.0,Building_12,11,MAAC,0.7900000214576721,False,0.0,0.0,0.0,0.411760538816452,41,0,0.0,0.0,-0.0,359160,-0.0,0.0,-0.7976954579353333,0.0,0.0,0.0,0.0,57,3.4917612623884047,1.0,0.2653993931517266,0.0,0.0,0.0,-0.7508657574653625,CityLearnV3MADRLRewardFunction,maac_unified_comparable_v4,E1,-0.0,1907,14.160223913670066,1.0,0.12974903544613248,0.0,3
13,0.0,0.0,0.0,0.0,Building_13,12,MAAC,0.7900000214576721,False,0.0,0.0,0.0,0.411760538816452,41,0,0.0,0.0,-0.0,359160,-0.0,0.0,-0.6967514753341675,0.0,0.0,0.0,0.0,113,3.4179954461508535,1.0,0.12603977091808236,0.0,0.0,0.0,-0.7508657574653625,CityLearnV3MADRLRewardFunction,maac_unified_comparable_v4,E1,-0.0,1907,14.160223913670066,1.0,0.12974903544613248,0.0,3
6,0.0,0.0,0.0,0.0,Building_14,13,MAAC,0.7900000214576721,False,0.0,0.0,0.0,0.411760538816452,41,0,0.0,0.0,-0.0,359160,-0.0,0.0,-0.6999916434288025,0.0,0.0,0.0,0.0,64,3.404012028260555,1.0,0.22185180766973644,0.0,0.0,0.0,-0.7508657574653625,CityLearnV3MADRLRewardFunction,maac_unified_comparable_v4,E1,-0.0,1907,14.160223913670066,1.0,0.12974903544613248,0.0,3
10,0.0,0.0,0.0,0.0,Building_15,14,MAAC,0.7900000214576721,False,0.0,0.0,0.0,0.411760538816452,41,0,0.0,0.0,-0.0,359160,-0.0,0.0,-0.720312774181366,0.0,0.0,0.0,0.0,92,3.4393079346893347,1.0,0.1574395160474207,0.0,0.0,0.0,-0.7508657574653625,CityLearnV3MADRLRewardFunction,maac_unified_comparable_v4,E1,-0.0,1907,14.160223913670066,1.0,0.12974903544613248,0.0,3
13,0.0,0.0,0.0,0.0,Building_16,15,MAAC,0.7900000214576721,False,0.0,0.0,0.0,0.411760538816452,41,0,0.0,0.0,-0.0,359160,-0.0,0.0,-0.7805672883987427,0.0,0.0,0.0,0.0,113,3.3247564429683245,1.0,0.12272911690241467,0.0,0.0,0.0,-0.7508657574653625,CityLearnV3MADRLRewardFunction,maac_unified_comparable_v4,E1,-0.0,1907,14.160223913670066,1.0,0.12974903544613248,0.0,3
13,0.0,0.0,0.0,0.0,Building_17,16,MAAC,0.7900000214576721,False,0.0,0.0,0.0,0.411760538816452,41,0,0.0,0.0,-0.0,359160,-0.0,0.0,-0.7657033205032349,0.0,0.0,0.0,0.0,113,3.502766734438189,1.0,0.1348736779352205,0.0,0.0,0.0,-0.7508657574653625,CityLearnV3MADRLRewardFunction,maac_unified_comparable_v4,E1,-0.0,1907,14.160223913670066,1.0,0.12974903544613248,0.0,3
6,0.0,0.0,0.0,0.0,Building_1,0,MAAC,0.7900000214576721,True,0.0,0.0,0.0,0.5087285041809082,41,8756,0.0,0.0,-0.0,367916,0.0,446.8856201171875,-0.8385621905326843,295.8052062988281,353.0396423339844,446.8856201171875,446.8856201171875,64,3.4041554502646174,1.0,0.24117861920967698,0.0,0.0,0.0,-0.8017586469650269,CityLearnV3MADRLRewardFunction,maac_unified_comparable_v4,E1,-0.0,1907,14.584071512951438,1.0,0.14324979717327027,0.0,8759
8,0.0,0.0,0.0,0.0,Building_2,1,MAAC,0.7900000214576721,True,0.0,0.0,0.0,0.5087285041809082,41,8756,0.0,0.0,-0.0,367916,0.0,5.618855953216553,-0.7524520754814148,3.719266653060913,4.438896179199219,5.618855953216553,5.618855953216553,78,3.4817373638181244,1.0,0.19766775174782827,0.0,0.0,0.0,-0.8017586469650269,CityLearnV3MADRLRewardFunction,maac_unified_comparable_v4,E1,-0.0,1907,14.584071512951438,1.0,0.14324979717327027,0.0,8759
10,0.0,0.0,0.0,0.0,Building_3,2,MAAC,0.7900000214576721,True,0.0,0.0,0.0,0.5087285041809082,41,8756,0.0,0.0,-0.0,367916,0.0,98.17061614990234,-0.8310217261314392,64.98168182373047,77.5547866821289,98.17061614990234,98.17061614990234,92,3.44892808875709,1.0,0.16861271987790646,0.0,0.0,0.0,-0.8017586469650269,CityLearnV3MADRLRewardFunction,maac_unified_comparable_v4,E1,-0.0,1907,14.584071512951438,1.0,0.14324979717327027,0.0,8759
8,0.0,0.0,0.0,0.0,Building_4,3,MAAC,0.7900000214576721,True,0.0,0.0,0.0,0.5087285041809082,41,8756,0.0,0.0,-0.0,367916,0.0,28.84416961669922,-0.815047562122345,19.09270477294922,22.786893844604492,28.84416961669922,28.84416961669922,78,3.522581506775854,1.0,0.20289379472915942,0.0,0.0,0.0,-0.8017586469650269,CityLearnV3MADRLRewardFunction,maac_unified_comparable_v4,E1,-0.0,1907,14.584071512951438,1.0,0.14324979717327027,0.0,8759
5,0.0,0.0,0.0,0.0,Building_5,4,MAAC,0.7900000214576721,True,0.0,0.0,0.0,0.5087285041809082,41,8756,0.0,0.0,-0.0,367916,0.0,37.89287567138672,-0.8595659136772156,25.082279205322266,29.935373306274414,37.89287567138672,37.89287567138672,57,3.756748605509188,1.0,0.32146972182549927,0.0,0.0,0.0,-0.8017586469650269,CityLearnV3MADRLRewardFunction,maac_unified_comparable_v4,E1,-0.0,1907,14.584071512951438,1.0,0.14324979717327027,0.0,8759
34,1.0,1.0,0.029411764705882353,0.0,Building_6,5,MAAC,0.7900000214576721,True,0.0,0.0,0.0,0.5087285041809082,41,8756,0.0,0.0,-0.0,367916,0.0,350.8894348144531,-0.8384531736373901,232.26283264160156,277.2026672363281,350.8894348144531,350.8894348144531,260,3.4133720659129825,1.0,0.05890137587602322,0.0,0.0,0.0,-0.8017586469650269,CityLearnV3MADRLRewardFunction,maac_unified_comparable_v4,E1,-0.0,1907,14.584071512951438,1.0,0.14324979717327027,0.0,8759
44,1.0,1.0,0.022727272727272728,0.0,Building_7,6,MAAC,0.7900000214576721,True,0.0,0.0,0.0,0.5087285041809082,41,8756,0.0,0.0,-0.0,367916,0.0,18.66022491455078,-0.7978566288948059,12.35168743133545,14.741578102111816,18.66022491455078,18.66022491455078,330,3.6040860185402486,1.0,0.04956243869030114,0.0,0.0,0.0,-0.8017586469650269,CityLearnV3MADRLRewardFunction,maac_unified_comparable_v4,E1,-0.0,1907,14.584071512951438,1.0,0.14324979717327027,0.0,8759
19,1.0,1.0,0.05263157894736842,0.0,Building_8,7,MAAC,0.7900000214576721,True,0.0,0.0,0.0,0.5087285041809082,41,8756,0.0,0.0,-0.0,367916,0.0,19.251495361328125,-0.7952733039855957,12.743064880371094,15.2086820602417,19.251495361328125,19.251495361328125,155,3.608780617508843,1.0,0.10567378026823844,0.0,0.0,0.0,-0.8017586469650269,CityLearnV3MADRLRewardFunction,maac_unified_comparable_v4,E1,-0.0,1907,14.584071512951438,1.0,0.14324979717327027,0.0,8759
12,0.0,0.0,0.0,0.0,Building_9,8,MAAC,0.7900000214576721,True,0.0,0.0,0.0,0.5087285041809082,41,8756,0.0,0.0,-0.0,367916,0.0,2.4506425857543945,-0.7216078639030457,1.6221439838409424,1.9360077381134033,2.4506425857543945,2.4506425857543945,106,3.729736796939168,1.0,0.17019495705388626,0.0,0.0,0.0,-0.8017586469650269,CityLearnV3MADRLRewardFunction,maac_unified_comparable_v4,E1,-0.0,1907,14.584071512951438,1.0,0.14324979717327027,0.0,8759
8,0.0,0.0,0.0,0.0,Building_10,9,MAAC,0.7900000214576721,True,0.0,0.0,0.0,0.5087285041809082,41,8756,0.0,0.0,-0.0,367916,0.0,34.33414077758789,-0.8204208016395569,22.726659774780273,27.123971939086914,34.33414077758789,34.33414077758789,78,3.5733166063121606,1.0,0.20659246973884413,0.0,0.0,0.0,-0.8017586469650269,CityLearnV3MADRLRewardFunction,maac_unified_comparable_v4,E1,-0.0,1907,14.584071512951438,1.0,0.14324979717327027,0.0,8759
5,0.0,0.0,0.0,0.0,Building_11,10,MAAC,0.7900000214576721,True,0.0,0.0,0.0,0.5087285041809082,41,8756,0.0,0.0,-0.0,367916,0.0,57.917564392089844,-0.8203691840171814,38.33713912963867,45.754878997802734,57.917564392089844,57.917564392089844,57,3.448111958014723,1.0,0.2683536507058562,0.0,0.0,0.0,-0.8017586469650269,CityLearnV3MADRLRewardFunction,maac_unified_comparable_v4,E1,-0.0,1907,14.584071512951438,1.0,0.14324979717327027,0.0,8759
5,0.0,0.0,0.0,0.0,Building_12,11,MAAC,0.7900000214576721,True,0.0,0.0,0.0,0.5087285041809082,41,8756,0.0,0.0,-0.0,367916,0.0,182.6020965576172,-0.8385260105133057,120.86907196044922,144.2556610107422,182.6020965576172,182.6020965576172,57,3.5392994041023673,1.0,0.2790678786604028,0.0,0.0,0.0,-0.8017586469650269,CityLearnV3MADRLRewardFunction,maac_unified_comparable_v4,E1,-0.0,1907,14.584071512951438,1.0,0.14324979717327027,0.0,8759
13,0.0,0.0,0.0,0.0,Building_13,12,MAAC,0.7900000214576721,True,0.0,0.0,0.0,0.5087285041809082,41,8756,0.0,0.0,-0.0,367916,0.0,2.789367437362671,-0.7409392595291138,1.8463547229766846,2.2036004066467285,2.789367437362671,2.789367437362671,113,3.6005414064946426,1.0,0.14303379169607586,0.0,0.0,0.0,-0.8017586469650269,CityLearnV3MADRLRewardFunction,maac_unified_comparable_v4,E1,-0.0,1907,14.584071512951438,1.0,0.14324979717327027,0.0,8759
6,0.0,0.0,0.0,0.0,Building_14,13,MAAC,0.7900000214576721,True,0.0,0.0,0.0,0.5087285041809082,41,8756,0.0,0.0,-0.0,367916,0.0,2.485826015472412,-0.7395429015159607,1.6454328298568726,1.9638025760650635,2.485826015472412,2.485826015472412,64,3.5770043469454214,1.0,0.25088824005797505,0.0,0.0,0.0,-0.8017586469650269,CityLearnV3MADRLRewardFunction,maac_unified_comparable_v4,E1,-0.0,1907,14.584071512951438,1.0,0.14324979717327027,0.0,8759
10,0.0,0.0,0.0,0.0,Building_15,14,MAAC,0.7900000214576721,True,0.0,0.0,0.0,0.5087285041809082,41,8756,0.0,0.0,-0.0,367916,0.0,20.5941162109375,-0.797918438911438,13.631780624389648,16.269351959228516,20.5941162109375,20.5941162109375,92,3.531665351092377,1.0,0.1739960612486238,0.0,0.0,0.0,-0.8017586469650269,CityLearnV3MADRLRewardFunction,maac_unified_comparable_v4,E1,-0.0,1907,14.584071512951438,1.0,0.14324979717327027,0.0,8759
13,0.0,0.0,0.0,0.0,Building_16,15,MAAC,0.7900000214576721,True,0.0,0.0,0.0,0.5087285041809082,41,8756,0.0,0.0,-0.0,367916,0.0,103.13050842285156,-0.8232666850090027,68.26476287841797,81.47310638427734,103.13050842285156,103.13050842285156,113,3.43911811867914,1.0,0.1375413957686551,0.0,0.0,0.0,-0.8017586469650269,CityLearnV3MADRLRewardFunction,maac_unified_comparable_v4,E1,-0.0,1907,14.584071512951438,1.0,0.14324979717327027,0.0,8759
13,0.0,0.0,0.0,0.0,Building_17,16,MAAC,0.7900000214576721,True,0.0,0.0,0.0,0.5087285041809082,41,8756,0.0,0.0,-0.0,367916,0.0,21.1981143951416,-0.7990729808807373,14.031582832336426,16.746511459350586,21.1981143951416,21.1981143951416,113,3.4276796739429938,1.0,0.1370371831993086,0.0,0.0,0.0,-0.8017586469650269,CityLearnV3MADRLRewardFunction,maac_unified_comparable_v4,E1,-0.0,1907,14.584071512951438,1.0,0.14324979717327027,0.0,8759
6,1.0,1.0,0.16666666666666666,0.0,Building_1,0,MAAC,0.7900000214576721,False,0.0,0.0,0.0,0.5745980739593506,42,0,0.0,0.0,-0.0,367920,-0.0,0.0,-0.5334404706954956,0.0,0.0,0.0,0.0,64,3.259469466685134,1.0,0.23021915275603533,0.0,0.0,0.0,-0.47093504667282104,CityLearnV3MADRLRewardFunction,maac_unified_comparable_v4,E1,-0.0,1907,13.81964249034496,1.0,0.1346232439276548,0.0,4
8,1.0,1.0,0.125,0.0,Building_2,1,MAAC,0.7900000214576721,False,0.0,0.0,0.0,0.5745980739593506,42,0,0.0,0.0,-0.0,367920,-0.0,0.0,-0.42257440090179443,0.0,0.0,0.0,0.0,78,3.346674887055329,1.0,0.18985902422513717,0.0,0.0,0.0,-0.47093504667282104,CityLearnV3MADRLRewardFunction,maac_unified_comparable_v4,E1,-0.0,1907,13.81964249034496,1.0,0.1346232439276548,0.0,4
10,0.0,0.0,0.0,0.0,Building_3,2,MAAC,0.7900000214576721,False,0.0,0.0,0.0,0.5745980739593506,42,0,0.0,0.0,-0.0,367920,-0.0,0.0,-0.5187538862228394,0.0,0.0,0.0,0.0,92,3.5467973318569235,1.0,0.18188087569306727,0.0,0.0,0.0,-0.47093504667282104,CityLearnV3MADRLRewardFunction,maac_unified_comparable_v4,E1,-0.0,1907,13.81964249034496,1.0,0.1346232439276548,0.0,4
8,0.0,0.0,0.0,0.0,Building_4,3,MAAC,0.7900000214576721,False,0.0,0.0,0.0,0.5745980739593506,42,0,0.0,0.0,-0.0,367920,-0.0,0.0,-0.47696438431739807,0.0,0.0,0.0,0.0,78,3.258368923345297,1.0,0.18541248333759797,0.0,0.0,0.0,-0.47093504667282104,CityLearnV3MADRLRewardFunction,maac_unified_comparable_v4,E1,-0.0,1907,13.81964249034496,1.0,0.1346232439276548,0.0,4
5,0.0,0.0,0.0,0.0,Building_5,4,MAAC,0.7900000214576721,False,0.0,0.0,0.0,0.5745980739593506,42,0,0.0,0.0,-0.0,367920,-0.0,0.0,-0.5123697519302368,0.0,0.0,0.0,0.0,57,3.3331869782140404,1.0,0.27065924450493695,0.0,0.0,0.0,-0.47093504667282104,CityLearnV3MADRLRewardFunction,maac_unified_comparable_v4,E1,-0.0,1907,13.81964249034496,1.0,0.1346232439276548,0.0,4
34,1.0,1.0,0.029411764705882353,0.0,Building_6,5,MAAC,0.7900000214576721,False,0.0,0.0,0.0,0.5745980739593506,42,0,0.0,0.0,-0.0,367920,-0.0,0.0,-0.5233508348464966,0.0,0.0,0.0,0.0,260,3.243377046757894,1.0,0.05531280120977988,0.0,0.0,0.0,-0.47093504667282104,CityLearnV3MADRLRewardFunction,maac_unified_comparable_v4,E1,-0.0,1907,13.81964249034496,1.0,0.1346232439276548,0.0,4
44,0.0,0.0,0.0,0.0,Building_7,6,MAAC,0.7900000214576721,False,0.0,0.0,0.0,0.5745980739593506,42,0,0.0,0.0,-0.0,367920,-0.0,0.0,-0.4227931797504425,0.0,0.0,0.0,0.0,330,3.325625409347802,1.0,0.04464136605912989,0.0,0.0,0.0,-0.47093504667282104,CityLearnV3MADRLRewardFunction,maac_unified_comparable_v4,E1,-0.0,1907,13.81964249034496,1.0,0.1346232439276548,0.0,4
19,1.0,1.0,0.05263157894736842,0.0,Building_8,7,MAAC,0.7900000214576721,False,0.0,0.0,0.0,0.5745980739593506,42,0,0.0,0.0,-0.0,367920,-0.0,0.0,-0.42262595891952515,0.0,0.0,0.0,0.0,155,3.3387174835931144,1.0,0.09530599521052453,0.0,0.0,0.0,-0.47093504667282104,CityLearnV3MADRLRewardFunction,maac_unified_comparable_v4,E1,-0.0,1907,13.81964249034496,1.0,0.1346232439276548,0.0,4
12,0.0,0.0,0.0,0.0,Building_9,8,MAAC,0.7900000214576721,False,0.0,0.0,0.0,0.5745980739593506,42,0,0.0,0.0,-0.0,367920,-0.0,0.0,-0.43169915676116943,0.0,0.0,0.0,0.0,106,3.4535943819710755,1.0,0.15062285854287868,0.0,0.0,0.0,-0.47093504667282104,CityLearnV3MADRLRewardFunction,maac_unified_comparable_v4,E1,-0.0,1907,13.81964249034496,1.0,0.1346232439276548,0.0,4
8,1.0,0.0,-0.125,-1.0,Building_10,9,MAAC,0.7900000214576721,False,0.0,0.0,0.0,0.5745980739593506,42,0,0.0,0.0,-0.0,367920,-0.0,0.0,-0.44692426919937134,0.0,0.0,0.0,0.0,78,3.296362121049297,1.0,0.18740017720474264,0.0,0.0,0.0,-0.47093504667282104,CityLearnV3MADRLRewardFunction,maac_unified_comparable_v4,E1,-0.0,1907,13.81964249034496,1.0,0.1346232439276548,0.0,4
5,0.0,0.0,0.0,0.0,Building_11,10,MAAC,0.7900000214576721,False,0.0,0.0,0.0,0.5745980739593506,42,0,0.0,0.0,-0.0,367920,-0.0,0.0,-0.5150004625320435,0.0,0.0,0.0,0.0,57,3.438845588633541,1.0,0.27481933029597266,0.0,0.0,0.0,-0.47093504667282104,CityLearnV3MADRLRewardFunction,maac_unified_comparable_v4,E1,-0.0,1907,13.81964249034496,1.0,0.1346232439276548,0.0,4
5,0.0,0.0,0.0,0.0,Building_12,11,MAAC,0.7900000214576721,False,0.0,0.0,0.0,0.5745980739593506,42,0,0.0,0.0,-0.0,367920,-0.0,0.0,-0.5279479622840881,0.0,0.0,0.0,0.0,57,3.421040667072722,1.0,0.2791523411870003,0.0,0.0,0.0,-0.47093504667282104,CityLearnV3MADRLRewardFunction,maac_unified_comparable_v4,E1,-0.0,1907,13.81964249034496,1.0,0.1346232439276548,0.0,4
13,0.0,0.0,0.0,0.0,Building_13,12,MAAC,0.7900000214576721,False,0.0,0.0,0.0,0.5745980739593506,42,0,0.0,0.0,-0.0,367920,-0.0,0.0,-0.42268630862236023,0.0,0.0,0.0,0.0,113,3.332619640372886,1.0,0.13063423823466344,0.0,0.0,0.0,-0.47093504667282104,CityLearnV3MADRLRewardFunction,maac_unified_comparable_v4,E1,-0.0,1907,13.81964249034496,1.0,0.1346232439276548,0.0,4
6,0.0,0.0,0.0,0.0,Building_14,13,MAAC,0.7900000214576721,False,0.0,0.0,0.0,0.5745980739593506,42,0,0.0,0.0,-0.0,367920,-0.0,0.0,-0.42652618885040283,0.0,0.0,0.0,0.0,64,3.340735758554016,1.0,0.23131622187793255,0.0,0.0,0.0,-0.47093504667282104,CityLearnV3MADRLRewardFunction,maac_unified_comparable_v4,E1,-0.0,1907,13.81964249034496,1.0,0.1346232439276548,0.0,4
10,0.0,0.0,0.0,0.0,Building_15,14,MAAC,0.7900000214576721,False,0.0,0.0,0.0,0.5745980739593506,42,0,0.0,0.0,-0.0,367920,-0.0,0.0,-0.4276987910270691,0.0,0.0,0.0,0.0,92,3.3435395065674665,1.0,0.16121346948911314,0.0,0.0,0.0,-0.47093504667282104,CityLearnV3MADRLRewardFunction,maac_unified_comparable_v4,E1,-0.0,1907,13.81964249034496,1.0,0.1346232439276548,0.0,4
13,1.0,0.0,-0.07692307692307693,-1.0,Building_16,15,MAAC,0.7900000214576721,False,0.0,0.0,0.0,0.5745980739593506,42,0,0.0,0.0,-0.0,367920,-0.0,0.0,-0.4832337498664856,0.0,0.0,0.0,0.0,113,3.2864186731388263,1.0,0.12932152901075583,0.0,0.0,0.0,-0.47093504667282104,CityLearnV3MADRLRewardFunction,maac_unified_comparable_v4,E1,-0.0,1907,13.81964249034496,1.0,0.1346232439276548,0.0,4
13,0.0,0.0,0.0,0.0,Building_17,16,MAAC,0.7900000214576721,False,0.0,0.0,0.0,0.5745980739593506,42,0,0.0,0.0,-0.0,367920,-0.0,0.0,-0.4913049340248108,0.0,0.0,0.0,0.0,113,3.399380456189453,1.0,0.13721058174835898,0.0,0.0,0.0,-0.47093504667282104,CityLearnV3MADRLRewardFunction,maac_unified_comparable_v4,E1,-0.0,1907,13.81964249034496,1.0,0.1346232439276548,0.0,4
6,0.0,0.0,0.0,0.0,Building_1,0,MAAC,0.7900000214576721,True,0.0,0.0,0.0,0.32958081364631653,42,8755,0.0,0.0,-0.0,376675,0.0,391.586669921875,-0.8047157526016235,179.1614532470703,309.3534851074219,391.586669921875,391.586669921875,64,3.3564501908197166,1.0,0.22665709955617785,0.0,0.0,0.0,-0.7544165253639221,CityLearnV3MADRLRewardFunction,maac_unified_comparable_v4,E1,-0.0,1907,14.10572122088626,1.0,0.13173606923005315,0.0,8759
8,0.0,0.0,0.0,0.0,Building_2,1,MAAC,0.7900000214576721,True,0.0,0.0,0.0,0.32958081364631653,42,8755,0.0,0.0,-0.0,376675,0.0,0.1848604530096054,-0.6945525407791138,0.08457864075899124,0.14603976905345917,0.1848604530096054,0.1848604530096054,78,3.3750196592549386,1.0,0.18210493830534127,0.0,0.0,0.0,-0.7544165253639221,CityLearnV3MADRLRewardFunction,maac_unified_comparable_v4,E1,-0.0,1907,14.10572122088626,1.0,0.13173606923005315,0.0,8759
10,0.0,0.0,0.0,0.0,Building_3,2,MAAC,0.7900000214576721,True,0.0,0.0,0.0,0.32958081364631653,42,8755,0.0,0.0,-0.0,376675,0.0,39.0087890625,-0.7814944386482239,17.847572326660156,30.816944122314453,39.0087890625,39.0087890625,92,3.258250504450337,1.0,0.14950846929265105,0.0,0.0,0.0,-0.7544165253639221,CityLearnV3MADRLRewardFunction,maac_unified_comparable_v4,E1,-0.0,1907,14.10572122088626,1.0,0.13173606923005315,0.0,8759
8,0.0,0.0,0.0,0.0,Building_4,3,MAAC,0.7900000214576721,True,0.0,0.0,0.0,0.32958081364631653,42,8755,0.0,0.0,-0.0,376675,0.0,36.67196273803711,-0.787293553352356,16.778411865234375,28.97085189819336,36.67196273803711,36.67196273803711,78,3.4026903479730763,1.0,0.1864364238885733,0.0,0.0,0.0,-0.7544165253639221,CityLearnV3MADRLRewardFunction,maac_unified_comparable_v4,E1,-0.0,1907,14.10572122088626,1.0,0.13173606923005315,0.0,8759
5,0.0,0.0,0.0,0.0,Building_5,4,MAAC,0.7900000214576721,True,0.0,0.0,0.0,0.32958081364631653,42,8755,0.0,0.0,-0.0,376675,0.0,54.225337982177734,-0.8314723968505859,24.809553146362305,42.838016510009766,54.225337982177734,54.225337982177734,57,3.6077220613813776,1.0,0.29577817963926417,0.0,0.0,0.0,-0.7544165253639221,CityLearnV3MADRLRewardFunction,maac_unified_comparable_v4,E1,-0.0,1907,14.10572122088626,1.0,0.13173606923005315,0.0,8759
34,1.0,1.0,0.029411764705882353,0.0,Building_6,5,MAAC,0.7900000214576721,True,0.0,0.0,0.0,0.32958081364631653,42,8755,0.0,0.0,-0.0,376675,0.0,348.8946838378906,-0.801212728023529,159.62872314453125,275.6268005371094,348.8946838378906,348.8946838378906,260,3.254249950802018,1.0,0.0529430485688723,0.0,0.0,0.0,-0.7544165253639221,CityLearnV3MADRLRewardFunction,maac_unified_comparable_v4,E1,-0.0,1907,14.10572122088626,1.0,0.13173606923005315,0.0,8759
44,1.0,1.0,0.022727272727272728,0.0,Building_7,6,MAAC,0.7900000214576721,True,0.0,0.0,0.0,0.32958081364631653,42,8755,0.0,0.0,-0.0,376675,0.0,2.9800853729248047,-0.7071210145950317,1.3634693622589111,2.3542675971984863,2.9800853729248047,2.9800853729248047,330,3.49587911316343,1.0,0.04536916846127221,0.0,0.0,0.0,-0.7544165253639221,CityLearnV3MADRLRewardFunction,maac_unified_comparable_v4,E1,-0.0,1907,14.10572122088626,1.0,0.13173606923005315,0.0,8759
19,0.0,0.0,0.0,0.0,Building_8,7,MAAC,0.7900000214576721,True,0.0,0.0,0.0,0.32958081364631653,42,8755,0.0,0.0,-0.0,376675,0.0,6.19936990737915,-0.7197176814079285,2.836378812789917,4.897502422332764,6.19936990737915,6.19936990737915,155,3.3903502132375736,1.0,0.09396096775608678,0.0,0.0,0.0,-0.7544165253639221,CityLearnV3MADRLRewardFunction,maac_unified_comparable_v4,E1,-0.0,1907,14.10572122088626,1.0,0.13173606923005315,0.0,8759
12,0.0,0.0,0.0,0.0,Building_9,8,MAAC,0.7900000214576721,True,0.0,0.0,0.0,0.32958081364631653,42,8755,0.0,0.0,-0.0,376675,0.0,2.1350696086883545,-0.6857395768165588,0.9768518805503845,1.6867049932479858,2.1350696086883545,2.1350696086883545,106,3.6165220137988063,1.0,0.1568068746688231,0.0,0.0,0.0,-0.7544165253639221,CityLearnV3MADRLRewardFunction,maac_unified_comparable_v4,E1,-0.0,1907,14.10572122088626,1.0,0.13173606923005315,0.0,8759
8,0.0,0.0,0.0,0.0,Building_10,9,MAAC,0.7900000214576721,True,0.0,0.0,0.0,0.32958081364631653,42,8755,0.0,0.0,-0.0,376675,0.0,16.451881408691406,-0.7565969824790955,7.52717924118042,12.996986389160156,16.451881408691406,16.451881408691406,78,3.4674294284066334,1.0,0.19071931630755082,0.0,0.0,0.0,-0.7544165253639221,CityLearnV3MADRLRewardFunction,maac_unified_comparable_v4,E1,-0.0,1907,14.10572122088626,1.0,0.13173606923005315,0.0,8759
5,1.0,0.0,-0.2,-1.0,Building_11,10,MAAC,0.7900000214576721,True,0.0,0.0,0.0,0.32958081364631653,42,8755,0.0,0.0,-0.0,376675,0.0,66.45198059082031,-0.7868761420249939,30.40357208251953,52.497066497802734,66.45198059082031,66.45198059082031,57,3.3304674548362376,1.0,0.24611202065359084,0.0,0.0,0.0,-0.7544165253639221,CityLearnV3MADRLRewardFunction,maac_unified_comparable_v4,E1,-0.0,1907,14.10572122088626,1.0,0.13173606923005315,0.0,8759
5,0.0,0.0,0.0,0.0,Building_12,11,MAAC,0.7900000214576721,True,0.0,0.0,0.0,0.32958081364631653,42,8755,0.0,0.0,-0.0,376675,0.0,155.388671875,-0.8039098978042603,71.0945053100586,122.7570571899414,155.388671875,155.388671875,57,3.434561211824075,1.0,0.260676626834953,0.0,0.0,0.0,-0.7544165253639221,CityLearnV3MADRLRewardFunction,maac_unified_comparable_v4,E1,-0.0,1907,14.10572122088626,1.0,0.13173606923005315,0.0,8759
13,1.0,1.0,0.07692307692307693,0.0,Building_13,12,MAAC,0.7900000214576721,True,1.4263904094696045,0.0,0.0,0.32958081364631653,42,8755,0.0,0.0,-0.0,376675,0.0,1.5311640501022339,-0.7035342454910278,0.7005488276481628,1.2096196413040161,1.5311640501022339,0.1047736406326294,113,3.4956913382811243,1.0,0.1320829423127976,0.0,0.0,0.0,-0.7544165253639221,CityLearnV3MADRLRewardFunction,maac_unified_comparable_v4,E1,-0.0,1907,14.10572122088626,1.0,0.13173606923005315,0.0,8759
6,0.0,0.0,0.0,0.0,Building_14,13,MAAC,0.7900000214576721,True,0.0,0.0,0.0,0.32958081364631653,42,8755,0.0,0.0,-0.0,376675,0.0,1.3521205186843872,-0.6998316049575806,0.6186316013336182,1.068175196647644,1.3521205186843872,1.3521205186843872,64,3.4814244298831,1.0,0.23244106210768223,0.0,0.0,0.0,-0.7544165253639221,CityLearnV3MADRLRewardFunction,maac_unified_comparable_v4,E1,-0.0,1907,14.10572122088626,1.0,0.13173606923005315,0.0,8759
10,0.0,0.0,0.0,0.0,Building_15,14,MAAC,0.7900000214576721,True,0.0,0.0,0.0,0.32958081364631653,42,8755,0.0,0.0,-0.0,376675,0.0,15.147623062133789,-0.7498096823692322,6.930445671081543,11.966622352600098,15.147623062133789,15.147623062133789,92,3.3997541579163757,1.0,0.15896850354645564,0.0,0.0,0.0,-0.7544165253639221,CityLearnV3MADRLRewardFunction,maac_unified_comparable_v4,E1,-0.0,1907,14.10572122088626,1.0,0.13173606923005315,0.0,8759
13,0.0,0.0,0.0,0.0,Building_16,15,MAAC,0.7900000214576721,True,0.0,0.0,0.0,0.32958081364631653,42,8755,0.0,0.0,-0.0,376675,0.0,11.957420349121094,-0.7410176396369934,5.470841884613037,9.446362495422363,11.957420349121094,11.957420349121094,113,3.3400983970748173,1.0,0.12557819512038104,0.0,0.0,0.0,-0.7544165253639221,CityLearnV3MADRLRewardFunction,maac_unified_comparable_v4,E1,-0.0,1907,14.10572122088626,1.0,0.13173606923005315,0.0,8759
13,1.0,1.0,0.07692307692307693,0.0,Building_17,16,MAAC,0.7900000214576721,True,0.0,0.0,0.0,0.32958081364631653,42,8755,0.0,0.0,-0.0,376675,0.0,23.087642669677734,-0.7701859474182129,10.56321907043457,18.239238739013672,23.087642669677734,23.087642669677734,113,3.428356593791135,1.0,0.1332006428094037,0.0,0.0,0.0,-0.7544165253639221,CityLearnV3MADRLRewardFunction,maac_unified_comparable_v4,E1,-0.0,1907,14.10572122088626,1.0,0.13173606923005315,0.0,8759
6,0.0,0.0,0.0,0.0,Building_1,0,MAAC,0.7900000214576721,False,0.0,0.0,0.0,0.5655900835990906,43,0,0.0,0.0,-0.0,376680,-0.0,0.0,-0.5584951043128967,0.0,0.0,0.0,0.0,64,3.3934178484852557,1.0,0.25613406812772155,0.0,0.0,0.0,-0.5029850602149963,CityLearnV3MADRLRewardFunction,maac_unified_comparable_v4,E1,-0.0,1907,14.687619876102998,1.0,0.15408642495497396,0.0,5
8,0.0,0.0,0.0,0.0,Building_2,1,MAAC,0.7900000214576721,False,0.0,0.0,0.0,0.5655900835990906,43,0,0.0,0.0,-0.0,376680,-0.0,0.0,-0.44987380504608154,0.0,0.0,0.0,0.0,78,3.5287329314703966,1.0,0.21414843545510218,0.0,0.0,0.0,-0.5029850602149963,CityLearnV3MADRLRewardFunction,maac_unified_comparable_v4,E1,-0.0,1907,14.687619876102998,1.0,0.15408642495497396,0.0,5
10,0.0,0.0,0.0,0.0,Building_3,2,MAAC,0.7900000214576721,False,0.0,0.0,0.0,0.5655900835990906,43,0,0.0,0.0,-0.0,376680,-0.0,0.0,-0.5210253596305847,0.0,0.0,0.0,0.0,92,3.8677461883892854,1.0,0.2216055504977703,0.0,0.0,0.0,-0.5029850602149963,CityLearnV3MADRLRewardFunction,maac_unified_comparable_v4,E1,-0.0,1907,14.687619876102998,1.0,0.15408642495497396,0.0,5
8,0.0,0.0,0.0,0.0,Building_4,3,MAAC,0.7900000214576721,False,0.0,0.0,0.0,0.5655900835990906,43,0,0.0,0.0,-0.0,376680,-0.0,0.0,-0.502739667892456,0.0,0.0,0.0,0.0,78,3.4584319215276187,1.0,0.21040555911186415,0.0,0.0,0.0,-0.5029850602149963,CityLearnV3MADRLRewardFunction,maac_unified_comparable_v4,E1,-0.0,1907,14.687619876102998,1.0,0.15408642495497396,0.0,5
5,1.0,1.0,0.2,0.0,Building_5,4,MAAC,0.7900000214576721,False,0.0,0.0,0.0,0.5655900835990906,43,0,0.0,0.0,-0.0,376680,-0.0,0.0,-0.5391917824745178,0.0,0.0,0.0,0.0,57,3.5303109770204513,1.0,0.3008053518439594,0.0,0.0,0.0,-0.5029850602149963,CityLearnV3MADRLRewardFunction,maac_unified_comparable_v4,E1,-0.0,1907,14.687619876102998,1.0,0.15408642495497396,0.0,5
34,1.0,0.0,-0.029411764705882353,-1.0,Building_6,5,MAAC,0.7900000214576721,False,0.0,0.0,0.0,0.5655900835990906,43,0,0.0,0.0,-0.0,376680,-0.0,0.0,-0.5539063215255737,0.0,0.0,0.0,0.0,260,3.446053137954376,1.0,0.06326405248389794,0.0,0.0,0.0,-0.5029850602149963,CityLearnV3MADRLRewardFunction,maac_unified_comparable_v4,E1,-0.0,1907,14.687619876102998,1.0,0.15408642495497396,0.0,5
44,0.0,0.0,0.0,0.0,Building_7,6,MAAC,0.7900000214576721,False,0.0,0.0,0.0,0.5655900835990906,43,0,0.0,0.0,-0.0,376680,-0.0,0.0,-0.45563432574272156,0.0,0.0,0.0,0.0,330,3.5110764217351096,1.0,0.05047322827758211,0.0,0.0,0.0,-0.5029850602149963,CityLearnV3MADRLRewardFunction,maac_unified_comparable_v4,E1,-0.0,1907,14.687619876102998,1.0,0.15408642495497396,0.0,5
19,0.0,0.0,0.0,0.0,Building_8,7,MAAC,0.7900000214576721,False,0.0,0.0,0.0,0.5655900835990906,43,0,0.0,0.0,-0.0,376680,-0.0,0.0,-0.4521855115890503,0.0,0.0,0.0,0.0,155,3.5261443891086635,1.0,0.10777440263379005,0.0,0.0,0.0,-0.5029850602149963,CityLearnV3MADRLRewardFunction,maac_unified_comparable_v4,E1,-0.0,1907,14.687619876102998,1.0,0.15408642495497396,0.0,5
12,1.0,1.0,0.08333333333333333,0.0,Building_9,8,MAAC,0.7900000214576721,False,0.0,0.0,0.0,0.5655900835990906,43,0,0.0,0.0,-0.0,376680,-0.0,0.0,-0.45886680483818054,0.0,0.0,0.0,0.0,106,3.6062075467921155,1.0,0.16527585804743586,0.0,0.0,0.0,-0.5029850602149963,CityLearnV3MADRLRewardFunction,maac_unified_comparable_v4,E1,-0.0,1907,14.687619876102998,1.0,0.15408642495497396,0.0,5
8,0.0,0.0,0.0,0.0,Building_10,9,MAAC,0.7900000214576721,False,0.0,0.0,0.0,0.5655900835990906,43,0,0.0,0.0,-0.0,376680,-0.0,0.0,-0.5259343981742859,0.0,0.0,0.0,0.0,78,3.48274176130972,1.0,0.21229100733613357,0.0,0.0,0.0,-0.5029850602149963,CityLearnV3MADRLRewardFunction,maac_unified_comparable_v4,E1,-0.0,1907,14.687619876102998,1.0,0.15408642495497396,0.0,5
5,0.0,0.0,0.0,0.0,Building_11,10,MAAC,0.7900000214576721,False,0.0,0.0,0.0,0.5655900835990906,43,0,0.0,0.0,-0.0,376680,-0.0,0.0,-0.5447070002555847,0.0,0.0,0.0,0.0,57,3.763336717287316,1.0,0.330552190672933,0.0,0.0,0.0,-0.5029850602149963,CityLearnV3MADRLRewardFunction,maac_unified_comparable_v4,E1,-0.0,1907,14.687619876102998,1.0,0.15408642495497396,0.0,5
5,0.0,0.0,0.0,0.0,Building_12,11,MAAC,0.7900000214576721,False,0.0,0.0,0.0,0.5655900835990906,43,0,0.0,0.0,-0.0,376680,-0.0,0.0,-0.5537192821502686,0.0,0.0,0.0,0.0,57,3.7310287606849903,1.0,0.33147364345036057,0.0,0.0,0.0,-0.5029850602149963,CityLearnV3MADRLRewardFunction,maac_unified_comparable_v4,E1,-0.0,1907,14.687619876102998,1.0,0.15408642495497396,0.0,5
13,0.0,0.0,0.0,0.0,Building_13,12,MAAC,0.7900000214576721,False,0.0,0.0,0.0,0.5655900835990906,43,0,0.0,0.0,-0.0,376680,-0.0,0.0,-0.4516861140727997,0.0,0.0,0.0,0.0,113,3.5165399094875562,1.0,0.147585317096879,0.0,0.0,0.0,-0.5029850602149963,CityLearnV3MADRLRewardFunction,maac_unified_comparable_v4,E1,-0.0,1907,14.687619876102998,1.0,0.15408642495497396,0.0,5
6,0.0,0.0,0.0,0.0,Building_14,13,MAAC,0.7900000214576721,False,0.0,0.0,0.0,0.5655900835990906,43,0,0.0,0.0,-0.0,376680,-0.0,0.0,-0.4554799199104309,0.0,0.0,0.0,0.0,64,3.612207238544067,1.0,0.2765714507550001,0.0,0.0,0.0,-0.5029850602149963,CityLearnV3MADRLRewardFunction,maac_unified_comparable_v4,E1,-0.0,1907,14.687619876102998,1.0,0.15408642495497396,0.0,5
10,0.0,0.0,0.0,0.0,Building_15,14,MAAC,0.7900000214576721,False,0.0,0.0,0.0,0.5655900835990906,43,0,0.0,0.0,-0.0,376680,-0.0,0.0,-0.4603096842765808,0.0,0.0,0.0,0.0,92,3.531279421937714,1.0,0.1824936253707046,0.0,0.0,0.0,-0.5029850602149963,CityLearnV3MADRLRewardFunction,maac_unified_comparable_v4,E1,-0.0,1907,14.687619876102998,1.0,0.15408642495497396,0.0,5
13,0.0,0.0,0.0,0.0,Building_16,15,MAAC,0.7900000214576721,False,0.0,0.0,0.0,0.5655900835990906,43,0,0.0,0.0,-0.0,376680,-0.0,0.0,-0.5416479110717773,0.0,0.0,0.0,0.0,113,3.417475790192459,1.0,0.14378368907270178,0.0,0.0,0.0,-0.5029850602149963,CityLearnV3MADRLRewardFunction,maac_unified_comparable_v4,E1,-0.0,1907,14.687619876102998,1.0,0.15408642495497396,0.0,5
13,0.0,0.0,0.0,0.0,Building_17,16,MAAC,0.7900000214576721,False,0.0,0.0,0.0,0.5655900835990906,43,0,0.0,0.0,-0.0,376680,-0.0,0.0,-0.5253432989120483,0.0,0.0,0.0,0.0,113,3.599767224446041,1.0,0.15719873642763205,0.0,0.0,0.0,-0.5029850602149963,CityLearnV3MADRLRewardFunction,maac_unified_comparable_v4,E1,-0.0,1907,14.687619876102998,1.0,0.15408642495497396,0.0,5
6,0.0,0.0,0.0,0.0,Building_1,0,MAAC,0.7900000214576721,True,0.0,0.0,0.0,0.28695225715637207,43,8754,0.0,0.0,-0.0,385434,0.0,433.45458984375,-0.8340734839439392,172.3075408935547,342.42913818359375,433.45458984375,433.45458984375,64,3.179113289825871,1.0,0.20836757367942482,0.0,0.0,0.0,-0.7994552850723267,CityLearnV3MADRLRewardFunction,maac_unified_comparable_v4,E1,-0.0,1907,13.761523588547663,1.0,0.12642560224720303,0.0,8759
8,0.0,0.0,0.0,0.0,Building_2,1,MAAC,0.7900000214576721,True,0.0,0.0,0.0,0.28695225715637207,43,8754,0.0,0.0,-0.0,385434,0.0,15.16435432434082,-0.7831254601478577,5.681788921356201,11.979840278625488,15.16435432434082,15.16435432434082,78,3.315713834839924,1.0,0.18045370309398726,0.0,0.0,0.0,-0.7994552850723267,CityLearnV3MADRLRewardFunction,maac_unified_comparable_v4,E1,-0.0,1907,13.761523588547663,1.0,0.12642560224720303,0.0,8759
10,0.0,0.0,0.0,0.0,Building_3,2,MAAC,0.7900000214576721,True,0.0,0.0,0.0,0.28695225715637207,43,8754,0.0,0.0,-0.0,385434,0.0,94.53981018066406,-0.8294809460639954,37.30097198486328,74.68645477294922,94.53981018066406,94.53981018066406,92,3.242711303555948,1.0,0.14786061474486537,0.0,0.0,0.0,-0.7994552850723267,CityLearnV3MADRLRewardFunction,maac_unified_comparable_v4,E1,-0.0,1907,13.761523588547663,1.0,0.12642560224720303,0.0,8759
8,0.0,0.0,0.0,0.0,Building_4,3,MAAC,0.7900000214576721,True,0.0,0.0,0.0,0.28695225715637207,43,8754,0.0,0.0,-0.0,385434,0.0,31.04317283630371,-0.8150755167007446,12.007109642028809,24.524106979370117,31.04317283630371,31.04317283630371,78,3.325831282063975,1.0,0.17883105642902544,0.0,0.0,0.0,-0.7994552850723267,CityLearnV3MADRLRewardFunction,maac_unified_comparable_v4,E1,-0.0,1907,13.761523588547663,1.0,0.12642560224720303,0.0,8759
5,0.0,0.0,0.0,0.0,Building_5,4,MAAC,0.7900000214576721,True,0.0,0.0,0.0,0.28695225715637207,43,8754,0.0,0.0,-0.0,385434,0.0,38.538970947265625,-0.8580637574195862,14.993058204650879,30.44578742980957,38.538970947265625,38.538970947265625,57,3.5697696012214,1.0,0.28811528455269964,0.0,0.0,0.0,-0.7994552850723267,CityLearnV3MADRLRewardFunction,maac_unified_comparable_v4,E1,-0.0,1907,13.761523588547663,1.0,0.12642560224720303,0.0,8759
34,1.0,1.0,0.029411764705882353,0.0,Building_6,5,MAAC,0.7900000214576721,True,0.0,0.0,0.0,0.28695225715637207,43,8754,0.0,0.0,-0.0,385434,0.0,362.8901062011719,-0.8374940752983093,144.19821166992188,286.6831970214844,362.8901062011719,362.8901062011719,260,3.2083132870446884,1.0,0.05163580141961575,0.0,0.0,0.0,-0.7994552850723267,CityLearnV3MADRLRewardFunction,maac_unified_comparable_v4,E1,-0.0,1907,13.761523588547663,1.0,0.12642560224720303,0.0,8759
44,0.0,0.0,0.0,0.0,Building_7,6,MAAC,0.7900000214576721,True,0.0,0.0,0.0,0.28695225715637207,43,8754,0.0,0.0,-0.0,385434,0.0,12.664111137390137,-0.7778325080871582,4.685817718505859,10.004648208618164,12.664111137390137,12.664111137390137,330,3.4036772766511043,1.0,0.04357478167071487,0.0,0.0,0.0,-0.7994552850723267,CityLearnV3MADRLRewardFunction,maac_unified_comparable_v4,E1,-0.0,1907,13.761523588547663,1.0,0.12642560224720303,0.0,8759
19,1.0,1.0,0.05263157894736842,0.0,Building_8,7,MAAC,0.7900000214576721,True,0.0,0.0,0.0,0.28695225715637207,43,8754,0.0,0.0,-0.0,385434,0.0,12.065996170043945,-0.7733408808708191,4.447558879852295,9.532136917114258,12.065996170043945,12.065996170043945,155,3.3183619894135505,1.0,0.0906173798826433,0.0,0.0,0.0,-0.7994552850723267,CityLearnV3MADRLRewardFunction,maac_unified_comparable_v4,E1,-0.0,1907,13.761523588547663,1.0,0.12642560224720303,0.0,8759
12,0.0,0.0,0.0,0.0,Building_9,8,MAAC,0.7900000214576721,True,0.0,0.0,0.0,0.28695225715637207,43,8754,0.0,0.0,-0.0,385434,0.0,2.290161371231079,-0.719659149646759,0.7298279404640198,1.8092275857925415,2.290161371231079,2.290161371231079,106,3.63100258082485,1.0,0.1550462799111627,0.0,0.0,0.0,-0.7994552850723267,CityLearnV3MADRLRewardFunction,maac_unified_comparable_v4,E1,-0.0,1907,13.761523588547663,1.0,0.12642560224720303,0.0,8759
8,0.0,0.0,0.0,0.0,Building_10,9,MAAC,0.7900000214576721,True,-5.6084034440573305e-05,0.0,0.0,0.28695225715637207,43,8754,0.0,0.0,-0.0,385434,0.0,51.64951705932617,-0.8274163603782654,20.215639114379883,40.80311965942383,51.64951705932617,51.649574279785156,78,3.38150210478499,1.0,0.18369913397309107,0.0,0.0,0.0,-0.7994552850723267,CityLearnV3MADRLRewardFunction,maac_unified_comparable_v4,E1,-0.0,1907,13.761523588547663,1.0,0.12642560224720303,0.0,8759
5,0.0,0.0,0.0,0.0,Building_11,10,MAAC,0.7900000214576721,True,0.0,0.0,0.0,0.28695225715637207,43,8754,0.0,0.0,-0.0,385434,0.0,71.54803466796875,-0.8206460475921631,28.1422061920166,56.52294921875,71.54803466796875,71.54803466796875,57,3.2448420590144855,1.0,0.23607089455451882,0.0,0.0,0.0,-0.7994552850723267,CityLearnV3MADRLRewardFunction,maac_unified_comparable_v4,E1,-0.0,1907,13.761523588547663,1.0,0.12642560224720303,0.0,8759
5,0.0,0.0,0.0,0.0,Building_12,11,MAAC,0.7900000214576721,True,-6.569262041011825e-05,0.0,0.0,0.28695225715637207,43,8754,0.0,0.0,-0.0,385434,0.0,215.11587524414062,-0.8377530574798584,85.3323974609375,169.94154357910156,215.11587524414062,215.11593627929688,57,3.3571165053672463,1.0,0.250972026142112,0.0,0.0,0.0,-0.7994552850723267,CityLearnV3MADRLRewardFunction,maac_unified_comparable_v4,E1,-0.0,1907,13.761523588547663,1.0,0.12642560224720303,0.0,8759
13,0.0,0.0,0.0,0.0,Building_13,12,MAAC,0.7900000214576721,True,0.0,0.0,0.0,0.28695225715637207,43,8754,0.0,0.0,-0.0,385434,0.0,2.033022403717041,-0.735956609249115,0.6478829383850098,1.6060876846313477,2.033022403717041,2.033022403717041,113,3.403687866918879,1.0,0.1262296553602261,0.0,0.0,0.0,-0.7994552850723267,CityLearnV3MADRLRewardFunction,maac_unified_comparable_v4,E1,-0.0,1907,13.761523588547663,1.0,0.12642560224720303,0.0,8759
6,0.0,0.0,0.0,0.0,Building_14,13,MAAC,0.7900000214576721,True,0.0,0.0,0.0,0.28695225715637207,43,8754,0.0,0.0,-0.0,385434,0.0,2.6149511337280273,-0.7384153008460999,0.833331823348999,2.0658113956451416,2.6149511337280273,2.6149511337280273,64,3.3420456890703703,1.0,0.21902829071041197,0.0,0.0,0.0,-0.7994552850723267,CityLearnV3MADRLRewardFunction,maac_unified_comparable_v4,E1,-0.0,1907,13.761523588547663,1.0,0.12642560224720303,0.0,8759
10,1.0,0.0,-0.1,-1.0,Building_15,14,MAAC,0.7900000214576721,True,-85.0267333984375,0.0,0.0,0.28695225715637207,43,8754,0.0,0.0,-0.0,385434,65.5052490234375,0.0,-0.7826928496360779,-20.875192642211914,0.0,-65.5052490234375,19.521484375,92,3.3437496202583783,1.0,0.15522834358979826,0.0,0.0,0.0,-0.7994552850723267,CityLearnV3MADRLRewardFunction,maac_unified_comparable_v4,E1,-0.0,1907,13.761523588547663,1.0,0.12642560224720303,0.0,8759
13,1.0,1.0,0.07692307692307693,0.0,Building_16,15,MAAC,0.7900000214576721,True,0.0,0.0,0.0,0.28695225715637207,43,8754,0.0,0.0,-0.0,385434,0.0,54.89390563964844,-0.821391224861145,21.508039474487305,43.366188049316406,54.89390563964844,54.89390563964844,113,3.2322178058121587,1.0,0.11950518375476904,0.0,0.0,0.0,-0.7994552850723267,CityLearnV3MADRLRewardFunction,maac_unified_comparable_v4,E1,-0.0,1907,13.761523588547663,1.0,0.12642560224720303,0.0,8759
13,0.0,0.0,0.0,0.0,Building_17,16,MAAC,0.7900000214576721,True,0.0,0.0,0.0,0.28695225715637207,43,8754,0.0,0.0,-0.0,385434,0.0,22.46647071838379,-0.7983230352401733,8.590583801269531,17.748512268066406,22.46647071838379,22.46647071838379,113,3.204557032332632,1.0,0.11739575144200198,0.0,0.0,0.0,-0.7994552850723267,CityLearnV3MADRLRewardFunction,maac_unified_comparable_v4,E1,-0.0,1907,13.761523588547663,1.0,0.12642560224720303,0.0,8759
6,0.0,0.0,0.0,0.0,Building_1,0,MAAC,0.7849760055541992,False,0.0,0.0,0.0,0.5136660933494568,44,0,0.0,0.0,-0.0,385440,-0.0,0.0,-0.6557888984680176,0.0,0.0,0.0,0.0,64,3.160749928380102,1.0,0.22828057667356916,0.0,0.0,0.0,-0.6070657968521118,CityLearnV3MADRLRewardFunction,maac_unified_comparable_v4,E1,-0.0,1907,14.096998910958755,1.0,0.1448329137379375,0.0,6
8,0.0,0.0,0.0,0.0,Building_2,1,MAAC,0.7849760055541992,False,0.0,0.0,0.0,0.5136660933494568,44,0,0.0,0.0,-0.0,385440,-0.0,0.0,-0.5520796179771423,0.0,0.0,0.0,0.0,78,3.3039446335262985,1.0,0.19169261385328495,0.0,0.0,0.0,-0.6070657968521118,CityLearnV3MADRLRewardFunction,maac_unified_comparable_v4,E1,-0.0,1907,14.096998910958755,1.0,0.1448329137379375,0.0,6
10,0.0,0.0,0.0,0.0,Building_3,2,MAAC,0.7849760055541992,False,0.0,0.0,0.0,0.5136660933494568,44,0,0.0,0.0,-0.0,385440,-0.0,0.0,-0.6463649272918701,0.0,0.0,0.0,0.0,92,3.6148093675930775,1.0,0.1974377016050984,0.0,0.0,0.0,-0.6070657968521118,CityLearnV3MADRLRewardFunction,maac_unified_comparable_v4,E1,-0.0,1907,14.096998910958755,1.0,0.1448329137379375,0.0,6
8,0.0,0.0,0.0,0.0,Building_4,3,MAAC,0.7849760055541992,False,0.0,0.0,0.0,0.5136660933494568,44,0,0.0,0.0,-0.0,385440,-0.0,0.0,-0.6074745655059814,0.0,0.0,0.0,0.0,78,3.237223713020559,1.0,0.18825082120318443,0.0,0.0,0.0,-0.6070657968521118,CityLearnV3MADRLRewardFunction,maac_unified_comparable_v4,E1,-0.0,1907,14.096998910958755,1.0,0.1448329137379375,0.0,6
5,0.0,0.0,0.0,0.0,Building_5,4,MAAC,0.7849760055541992,False,0.0,0.0,0.0,0.5136660933494568,44,0,0.0,0.0,-0.0,385440,-0.0,0.0,-0.6378307342529297,0.0,0.0,0.0,0.0,57,3.4561701956154995,1.0,0.29206725892921287,0.0,0.0,0.0,-0.6070657968521118,CityLearnV3MADRLRewardFunction,maac_unified_comparable_v4,E1,-0.0,1907,14.096998910958755,1.0,0.1448329137379375,0.0,6
34,0.0,0.0,0.0,0.0,Building_6,5,MAAC,0.7849760055541992,False,0.0,0.0,0.0,0.5136660933494568,44,0,0.0,0.0,-0.0,385440,-0.0,0.0,-0.6522716283798218,0.0,0.0,0.0,0.0,260,3.222576085366183,1.0,0.056559169184989655,0.0,0.0,0.0,-0.6070657968521118,CityLearnV3MADRLRewardFunction,maac_unified_comparable_v4,E1,-0.0,1907,14.096998910958755,1.0,0.1448329137379375,0.0,6
44,0.0,0.0,0.0,0.0,Building_7,6,MAAC,0.7849760055541992,False,0.0,0.0,0.0,0.5136660933494568,44,0,0.0,0.0,-0.0,385440,-0.0,0.0,-0.5751721858978271,0.0,0.0,0.0,0.0,330,3.275123095993102,1.0,0.045177463831549344,0.0,0.0,0.0,-0.6070657968521118,CityLearnV3MADRLRewardFunction,maac_unified_comparable_v4,E1,-0.0,1907,14.096998910958755,1.0,0.1448329137379375,0.0,6
19,1.0,1.0,0.05263157894736842,0.0,Building_8,7,MAAC,0.7849760055541992,False,0.0,0.0,0.0,0.5136660933494568,44,0,0.0,0.0,-0.0,385440,-0.0,0.0,-0.5542466044425964,0.0,0.0,0.0,0.0,155,3.2949529614039945,1.0,0.09630676441855969,0.0,0.0,0.0,-0.6070657968521118,CityLearnV3MADRLRewardFunction,maac_unified_comparable_v4,E1,-0.0,1907,14.096998910958755,1.0,0.1448329137379375,0.0,6
12,0.0,0.0,0.0,0.0,Building_9,8,MAAC,0.7849760055541992,False,0.0,0.0,0.0,0.5136660933494568,44,0,0.0,0.0,-0.0,385440,-0.0,0.0,-0.5612406730651855,0.0,0.0,0.0,0.0,106,3.3571642252425447,1.0,0.14717912162601385,0.0,0.0,0.0,-0.6070657968521118,CityLearnV3MADRLRewardFunction,maac_unified_comparable_v4,E1,-0.0,1907,14.096998910958755,1.0,0.1448329137379375,0.0,6
8,0.0,0.0,0.0,0.0,Building_10,9,MAAC,0.7849760055541992,False,0.0,0.0,0.0,0.5136660933494568,44,0,0.0,0.0,-0.0,385440,-0.0,0.0,-0.6375322937965393,0.0,0.0,0.0,0.0,78,3.2586160739769654,1.0,0.1910374128522399,0.0,0.0,0.0,-0.6070657968521118,CityLearnV3MADRLRewardFunction,maac_unified_comparable_v4,E1,-0.0,1907,14.096998910958755,1.0,0.1448329137379375,0.0,6
5,0.0,0.0,0.0,0.0,Building_11,10,MAAC,0.7849760055541992,False,0.0,0.0,0.0,0.5136660933494568,44,0,0.0,0.0,-0.0,385440,-0.0,0.0,-0.6432814598083496,0.0,0.0,0.0,0.0,57,3.831710958810723,1.0,0.3511324780094519,0.0,0.0,0.0,-0.6070657968521118,CityLearnV3MADRLRewardFunction,maac_unified_comparable_v4,E1,-0.0,1907,14.096998910958755,1.0,0.1448329137379375,0.0,6
5,0.0,0.0,0.0,0.0,Building_12,11,MAAC,0.7849760055541992,False,0.0,0.0,0.0,0.5136660933494568,44,0,0.0,0.0,-0.0,385440,-0.0,0.0,-0.6512960195541382,0.0,0.0,0.0,0.0,57,3.919942776249382,1.0,0.3653617999598123,0.0,0.0,0.0,-0.6070657968521118,CityLearnV3MADRLRewardFunction,maac_unified_comparable_v4,E1,-0.0,1907,14.096998910958755,1.0,0.1448329137379375,0.0,6
13,0.0,0.0,0.0,0.0,Building_13,12,MAAC,0.7849760055541992,False,0.0,0.0,0.0,0.5136660933494568,44,0,0.0,0.0,-0.0,385440,-0.0,0.0,-0.5514602065086365,0.0,0.0,0.0,0.0,113,3.2778110693161886,1.0,0.13152208965502482,0.0,0.0,0.0,-0.6070657968521118,CityLearnV3MADRLRewardFunction,maac_unified_comparable_v4,E1,-0.0,1907,14.096998910958755,1.0,0.1448329137379375,0.0,6
6,0.0,0.0,0.0,0.0,Building_14,13,MAAC,0.7849760055541992,False,0.0,0.0,0.0,0.5136660933494568,44,0,0.0,0.0,-0.0,385440,-0.0,0.0,-0.558487057685852,0.0,0.0,0.0,0.0,64,3.922216361374799,1.0,0.3307000615459401,0.0,0.0,0.0,-0.6070657968521118,CityLearnV3MADRLRewardFunction,maac_unified_comparable_v4,E1,-0.0,1907,14.096998910958755,1.0,0.1448329137379375,0.0,6
10,1.0,1.0,0.1,0.0,Building_15,14,MAAC,0.7849760055541992,False,0.0,0.0,0.0,0.5136660933494568,44,0,0.0,0.0,-0.0,385440,-0.0,0.0,-0.5764105319976807,0.0,0.0,0.0,0.0,92,3.3026481593387302,1.0,0.16429735446834695,0.0,0.0,0.0,-0.6070657968521118,CityLearnV3MADRLRewardFunction,maac_unified_comparable_v4,E1,-0.0,1907,14.096998910958755,1.0,0.1448329137379375,0.0,6
13,0.0,0.0,0.0,0.0,Building_16,15,MAAC,0.7849760055541992,False,0.0,0.0,0.0,0.5136660933494568,44,0,0.0,0.0,-0.0,385440,-0.0,0.0,-0.6378871202468872,0.0,0.0,0.0,0.0,113,3.18144206081374,1.0,0.1278716679992138,0.0,0.0,0.0,-0.6070657968521118,CityLearnV3MADRLRewardFunction,maac_unified_comparable_v4,E1,-0.0,1907,14.096998910958755,1.0,0.1448329137379375,0.0,6
13,0.0,0.0,0.0,0.0,Building_17,16,MAAC,0.7849760055541992,False,0.0,0.0,0.0,0.5136660933494568,44,0,0.0,0.0,-0.0,385440,-0.0,0.0,-0.6212949156761169,0.0,0.0,0.0,0.0,113,3.3563809255485495,1.0,0.13861495317413217,0.0,0.0,0.0,-0.6070657968521118,CityLearnV3MADRLRewardFunction,maac_unified_comparable_v4,E1,-0.0,1907,14.096998910958755,1.0,0.1448329137379375,0.0,6
6,0.0,0.0,0.0,0.0,Building_1,0,MAAC,0.7900000214576721,True,0.0,0.0,0.0,0.5087285041809082,44,8753,0.0,0.0,-0.0,394193,0.0,446.8856201171875,-0.8339994549751282,295.8052062988281,353.0396423339844,446.8856201171875,446.8856201171875,64,3.3849979129355754,1.0,0.23786036018282175,0.0,0.0,0.0,-0.8004476428031921,CityLearnV3MADRLRewardFunction,maac_unified_comparable_v4,E1,-0.0,1907,14.57106319063372,1.0,0.1431774640769376,0.0,8759
8,0.0,0.0,0.0,0.0,Building_2,1,MAAC,0.7900000214576721,True,0.0,0.0,0.0,0.5087285041809082,44,8753,0.0,0.0,-0.0,394193,0.0,5.618855953216553,-0.7515859007835388,3.719266653060913,4.438896179199219,5.618855953216553,5.618855953216553,78,3.483916571113647,1.0,0.19811523113495264,0.0,0.0,0.0,-0.8004476428031921,CityLearnV3MADRLRewardFunction,maac_unified_comparable_v4,E1,-0.0,1907,14.57106319063372,1.0,0.1431774640769376,0.0,8759
10,0.0,0.0,0.0,0.0,Building_3,2,MAAC,0.7900000214576721,True,0.0,0.0,0.0,0.5087285041809082,44,8753,0.0,0.0,-0.0,394193,0.0,98.17061614990234,-0.8220996260643005,64.98168182373047,77.5547866821289,98.17061614990234,98.17061614990234,92,3.403418127908179,1.0,0.16433913859984148,0.0,0.0,0.0,-0.8004476428031921,CityLearnV3MADRLRewardFunction,maac_unified_comparable_v4,E1,-0.0,1907,14.57106319063372,1.0,0.1431774640769376,0.0,8759
8,0.0,0.0,0.0,0.0,Building_4,3,MAAC,0.7900000214576721,True,0.0,0.0,0.0,0.5087285041809082,44,8753,0.0,0.0,-0.0,394193,0.0,28.84416961669922,-0.8141909241676331,19.09270477294922,22.786893844604492,28.84416961669922,28.84416961669922,78,3.5251525744791756,1.0,0.20301101948970404,0.0,0.0,0.0,-0.8004476428031921,CityLearnV3MADRLRewardFunction,maac_unified_comparable_v4,E1,-0.0,1907,14.57106319063372,1.0,0.1431774640769376,0.0,8759
5,0.0,0.0,0.0,0.0,Building_5,4,MAAC,0.7900000214576721,True,0.0,0.0,0.0,0.5087285041809082,44,8753,0.0,0.0,-0.0,394193,0.0,37.89287567138672,-0.8586709499359131,25.082279205322266,29.935373306274414,37.89287567138672,37.89287567138672,57,3.757504256637103,1.0,0.321519620324436,0.0,0.0,0.0,-0.8004476428031921,CityLearnV3MADRLRewardFunction,maac_unified_comparable_v4,E1,-0.0,1907,14.57106319063372,1.0,0.1431774640769376,0.0,8759
34,1.0,1.0,0.029411764705882353,0.0,Building_6,5,MAAC,0.7900000214576721,True,0.0,0.0,0.0,0.5087285041809082,44,8753,0.0,0.0,-0.0,394193,0.0,350.8894348144531,-0.8325303792953491,232.26283264160156,277.2026672363281,350.8894348144531,350.8894348144531,260,3.383639343776935,1.0,0.05781181804262675,0.0,0.0,0.0,-0.8004476428031921,CityLearnV3MADRLRewardFunction,maac_unified_comparable_v4,E1,-0.0,1907,14.57106319063372,1.0,0.1431774640769376,0.0,8759
44,0.0,0.0,0.0,0.0,Building_7,6,MAAC,0.7900000214576721,True,0.0,0.0,0.0,0.5087285041809082,44,8753,0.0,0.0,-0.0,394193,0.0,18.66022491455078,-0.7958990335464478,12.35168743133545,14.741578102111816,18.66022491455078,18.66022491455078,330,3.549019834730005,1.0,0.048890938180865665,0.0,0.0,0.0,-0.8004476428031921,CityLearnV3MADRLRewardFunction,maac_unified_comparable_v4,E1,-0.0,1907,14.57106319063372,1.0,0.1431774640769376,0.0,8759
19,0.0,0.0,0.0,0.0,Building_8,7,MAAC,0.7900000214576721,True,0.0,0.0,0.0,0.5087285041809082,44,8753,0.0,0.0,-0.0,394193,0.0,19.251495361328125,-0.7943556308746338,12.743064880371094,15.2086820602417,19.251495361328125,19.251495361328125,155,3.608780620812156,1.0,0.10567378065278453,0.0,0.0,0.0,-0.8004476428031921,CityLearnV3MADRLRewardFunction,maac_unified_comparable_v4,E1,-0.0,1907,14.57106319063372,1.0,0.1431774640769376,0.0,8759
12,0.0,0.0,0.0,0.0,Building_9,8,MAAC,0.7900000214576721,True,0.0,0.0,0.0,0.5087285041809082,44,8753,0.0,0.0,-0.0,394193,0.0,2.4506425857543945,-0.7207468748092651,1.6221439838409424,1.9360077381134033,2.4506425857543945,2.4506425857543945,106,3.7401540563769893,1.0,0.17102624222917376,0.0,0.0,0.0,-0.8004476428031921,CityLearnV3MADRLRewardFunction,maac_unified_comparable_v4,E1,-0.0,1907,14.57106319063372,1.0,0.1431774640769376,0.0,8759
8,0.0,0.0,0.0,0.0,Building_10,9,MAAC,0.7900000214576721,True,0.0,0.0,0.0,0.5087285041809082,44,8753,0.0,0.0,-0.0,394193,0.0,34.33414077758789,-0.8195061683654785,22.726659774780273,27.123971939086914,34.33414077758789,34.33414077758789,78,3.5734315731139072,1.0,0.20659773787244773,0.0,0.0,0.0,-0.8004476428031921,CityLearnV3MADRLRewardFunction,maac_unified_comparable_v4,E1,-0.0,1907,14.57106319063372,1.0,0.1431774640769376,0.0,8759
5,0.0,0.0,0.0,0.0,Building_11,10,MAAC,0.7900000214576721,True,0.0,0.0,0.0,0.5087285041809082,44,8753,0.0,0.0,-0.0,394193,0.0,57.917564392089844,-0.8222780823707581,38.33713912963867,45.754878997802734,57.917564392089844,57.917564392089844,57,3.46489088608023,1.0,0.2717739876947905,0.0,0.0,0.0,-0.8004476428031921,CityLearnV3MADRLRewardFunction,maac_unified_comparable_v4,E1,-0.0,1907,14.57106319063372,1.0,0.1431774640769376,0.0,8759
5,0.0,0.0,0.0,0.0,Building_12,11,MAAC,0.7900000214576721,True,0.0,0.0,0.0,0.5087285041809082,44,8753,0.0,0.0,-0.0,394193,0.0,182.6020965576172,-0.837054431438446,120.86907196044922,144.2556610107422,182.6020965576172,182.6020965576172,57,3.493555799726269,1.0,0.27593781080162316,0.0,0.0,0.0,-0.8004476428031921,CityLearnV3MADRLRewardFunction,maac_unified_comparable_v4,E1,-0.0,1907,14.57106319063372,1.0,0.1431774640769376,0.0,8759
13,0.0,0.0,0.0,0.0,Building_13,12,MAAC,0.7900000214576721,True,0.0,0.0,0.0,0.5087285041809082,44,8753,0.0,0.0,-0.0,394193,0.0,2.789367437362671,-0.7399482131004333,1.8463547229766846,2.2036004066467285,2.789367437362671,2.789367437362671,113,3.5739940835136452,1.0,0.142146113435779,0.0,0.0,0.0,-0.8004476428031921,CityLearnV3MADRLRewardFunction,maac_unified_comparable_v4,E1,-0.0,1907,14.57106319063372,1.0,0.1431774640769376,0.0,8759
6,0.0,0.0,0.0,0.0,Building_14,13,MAAC,0.7900000214576721,True,0.0,0.0,0.0,0.5087285041809082,44,8753,0.0,0.0,-0.0,394193,0.0,2.485826015472412,-0.7386252284049988,1.6454328298568726,1.9638025760650635,2.485826015472412,2.485826015472412,64,3.576995366176202,1.0,0.25088773807510734,0.0,0.0,0.0,-0.8004476428031921,CityLearnV3MADRLRewardFunction,maac_unified_comparable_v4,E1,-0.0,1907,14.57106319063372,1.0,0.1431774640769376,0.0,8759
10,0.0,0.0,0.0,0.0,Building_15,14,MAAC,0.7900000214576721,True,0.0,0.0,0.0,0.5087285041809082,44,8753,0.0,0.0,-0.0,394193,0.0,20.5941162109375,-0.7970007658004761,13.631780624389648,16.269351959228516,20.5941162109375,20.5941162109375,92,3.531665351092377,1.0,0.1739960612486238,0.0,0.0,0.0,-0.8004476428031921,CityLearnV3MADRLRewardFunction,maac_unified_comparable_v4,E1,-0.0,1907,14.57106319063372,1.0,0.1431774640769376,0.0,8759
13,0.0,0.0,0.0,0.0,Building_16,15,MAAC,0.7900000214576721,True,0.0,0.0,0.0,0.5087285041809082,44,8753,0.0,0.0,-0.0,394193,0.0,103.13050842285156,-0.8270653486251831,68.26476287841797,81.47310638427734,103.13050842285156,103.13050842285156,113,3.456812611781832,1.0,0.1393335822936708,0.0,0.0,0.0,-0.8004476428031921,CityLearnV3MADRLRewardFunction,maac_unified_comparable_v4,E1,-0.0,1907,14.57106319063372,1.0,0.1431774640769376,0.0,8759
13,0.0,0.0,0.0,0.0,Building_17,16,MAAC,0.7900000214576721,True,0.0,0.0,0.0,0.5087285041809082,44,8753,0.0,0.0,-0.0,394193,0.0,21.1981143951416,-0.8020524978637695,14.031582832336426,16.746511459350586,21.1981143951416,21.1981143951416,113,3.544607007084612,1.0,0.14339415715859,0.0,0.0,0.0,-0.8004476428031921,CityLearnV3MADRLRewardFunction,maac_unified_comparable_v4,E1,-0.0,1907,14.57106319063372,1.0,0.1431774640769376,0.0,8759
6,0.0,0.0,0.0,0.0,Building_1,0,MAAC,0.777534008026123,False,0.0,0.0,0.0,0.6865697503089905,45,0,0.0,0.0,-0.0,394200,-0.0,0.0,-0.6302980780601501,0.0,0.0,0.0,0.0,64,3.1571245174188842,1.0,0.24123849569878075,0.0,0.0,0.0,-0.571966826915741,CityLearnV3MADRLRewardFunction,maac_unified_comparable_v4,E1,-0.0,1907,14.177331393941062,1.0,0.15487113732924684,0.0,7
8,0.0,0.0,0.0,0.0,Building_2,1,MAAC,0.777534008026123,False,0.0,0.0,0.0,0.6865697503089905,45,0,0.0,0.0,-0.0,394200,-0.0,0.0,-0.5194965600967407,0.0,0.0,0.0,0.0,78,3.256850621098553,1.0,0.19783490238329157,0.0,0.0,0.0,-0.571966826915741,CityLearnV3MADRLRewardFunction,maac_unified_comparable_v4,E1,-0.0,1907,14.177331393941062,1.0,0.15487113732924684,0.0,7
10,0.0,0.0,0.0,0.0,Building_3,2,MAAC,0.777534008026123,False,0.0,0.0,0.0,0.6865697503089905,45,0,0.0,0.0,-0.0,394200,-0.0,0.0,-0.6249997019767761,0.0,0.0,0.0,0.0,92,3.870141695720532,1.0,0.23218447999502329,0.0,0.0,0.0,-0.571966826915741,CityLearnV3MADRLRewardFunction,maac_unified_comparable_v4,E1,-0.0,1907,14.177331393941062,1.0,0.15487113732924684,0.0,7
8,0.0,0.0,0.0,0.0,Building_4,3,MAAC,0.777534008026123,False,0.0,0.0,0.0,0.6865697503089905,45,0,0.0,0.0,-0.0,394200,-0.0,0.0,-0.5956857800483704,0.0,0.0,0.0,0.0,78,3.1574868435943984,1.0,0.19307532821758053,0.0,0.0,0.0,-0.571966826915741,CityLearnV3MADRLRewardFunction,maac_unified_comparable_v4,E1,-0.0,1907,14.177331393941062,1.0,0.15487113732924684,0.0,7
5,1.0,1.0,0.2,0.0,Building_5,4,MAAC,0.777534008026123,False,0.0,0.0,0.0,0.6865697503089905,45,0,0.0,0.0,-0.0,394200,-0.0,0.0,-0.6170209646224976,0.0,0.0,0.0,0.0,57,3.4945816434627015,1.0,0.3194445201865675,0.0,0.0,0.0,-0.571966826915741,CityLearnV3MADRLRewardFunction,maac_unified_comparable_v4,E1,-0.0,1907,14.177331393941062,1.0,0.15487113732924684,0.0,7
34,0.0,0.0,0.0,0.0,Building_6,5,MAAC,0.777534008026123,False,0.0,0.0,0.0,0.6865697503089905,45,0,0.0,0.0,-0.0,394200,-0.0,0.0,-0.6283026933670044,0.0,0.0,0.0,0.0,260,3.2006664651261367,1.0,0.058714180930445975,0.0,0.0,0.0,-0.571966826915741,CityLearnV3MADRLRewardFunction,maac_unified_comparable_v4,E1,-0.0,1907,14.177331393941062,1.0,0.15487113732924684,0.0,7
44,0.0,0.0,0.0,0.0,Building_7,6,MAAC,0.777534008026123,False,0.0,0.0,0.0,0.6865697503089905,45,0,0.0,0.0,-0.0,394200,-0.0,0.0,-0.5201073884963989,0.0,0.0,0.0,0.0,330,3.2356365162861622,1.0,0.04655267585238272,0.0,0.0,0.0,-0.571966826915741,CityLearnV3MADRLRewardFunction,maac_unified_comparable_v4,E1,-0.0,1907,14.177331393941062,1.0,0.15487113732924684,0.0,7
19,0.0,0.0,0.0,0.0,Building_8,7,MAAC,0.777534008026123,False,0.0,0.0,0.0,0.6865697503089905,45,0,0.0,0.0,-0.0,394200,-0.0,0.0,-0.5197381377220154,0.0,0.0,0.0,0.0,155,3.252203358543432,1.0,0.09947899806523515,0.0,0.0,0.0,-0.571966826915741,CityLearnV3MADRLRewardFunction,maac_unified_comparable_v4,E1,-0.0,1907,14.177331393941062,1.0,0.15487113732924684,0.0,7
12,0.0,0.0,0.0,0.0,Building_9,8,MAAC,0.777534008026123,False,0.0,0.0,0.0,0.6865697503089905,45,0,0.0,0.0,-0.0,394200,-0.0,0.0,-0.5352137684822083,0.0,0.0,0.0,0.0,106,3.2557599340213033,1.0,0.14857677835092511,0.0,0.0,0.0,-0.571966826915741,CityLearnV3MADRLRewardFunction,maac_unified_comparable_v4,E1,-0.0,1907,14.177331393941062,1.0,0.15487113732924684,0.0,7
8,0.0,0.0,0.0,0.0,Building_10,9,MAAC,0.777534008026123,False,0.0,0.0,0.0,0.6865697503089905,45,0,0.0,0.0,-0.0,394200,-0.0,0.0,-0.5465413928031921,0.0,0.0,0.0,0.0,78,3.206999011718306,1.0,0.19554273058206606,0.0,0.0,0.0,-0.571966826915741,CityLearnV3MADRLRewardFunction,maac_unified_comparable_v4,E1,-0.0,1907,14.177331393941062,1.0,0.15487113732924684,0.0,7
5,0.0,0.0,0.0,0.0,Building_11,10,MAAC,0.777534008026123,False,0.0,0.0,0.0,0.6865697503089905,45,0,0.0,0.0,-0.0,394200,-0.0,0.0,-0.6093782186508179,0.0,0.0,0.0,0.0,57,3.8491545618516017,1.0,0.3763767265338908,0.0,0.0,0.0,-0.571966826915741,CityLearnV3MADRLRewardFunction,maac_unified_comparable_v4,E1,-0.0,1907,14.177331393941062,1.0,0.15487113732924684,0.0,7
5,0.0,0.0,0.0,0.0,Building_12,11,MAAC,0.777534008026123,False,0.0,0.0,0.0,0.6865697503089905,45,0,0.0,0.0,-0.0,394200,-0.0,0.0,-0.6176670789718628,0.0,0.0,0.0,0.0,57,4.1149630709295755,1.0,0.4268973784913358,0.0,0.0,0.0,-0.571966826915741,CityLearnV3MADRLRewardFunction,maac_unified_comparable_v4,E1,-0.0,1907,14.177331393941062,1.0,0.15487113732924684,0.0,7
13,1.0,1.0,0.07692307692307693,0.0,Building_13,12,MAAC,0.777534008026123,False,0.0,0.0,0.0,0.6865697503089905,45,0,0.0,0.0,-0.0,394200,-0.0,0.0,-0.5198299884796143,0.0,0.0,0.0,0.0,113,3.240193652815055,1.0,0.1360536604806517,0.0,0.0,0.0,-0.571966826915741,CityLearnV3MADRLRewardFunction,maac_unified_comparable_v4,E1,-0.0,1907,14.177331393941062,1.0,0.15487113732924684,0.0,7
6,0.0,0.0,0.0,0.0,Building_14,13,MAAC,0.777534008026123,False,0.0,0.0,0.0,0.6865697503089905,45,0,0.0,0.0,-0.0,394200,-0.0,0.0,-0.5237417221069336,0.0,0.0,0.0,0.0,64,4.168493672942692,1.0,0.39064302180486266,0.0,0.0,0.0,-0.571966826915741,CityLearnV3MADRLRewardFunction,maac_unified_comparable_v4,E1,-0.0,1907,14.177331393941062,1.0,0.15487113732924684,0.0,7
10,1.0,1.0,0.1,0.0,Building_15,14,MAAC,0.777534008026123,False,0.0,0.0,0.0,0.6865697503089905,45,0,0.0,0.0,-0.0,394200,-0.0,0.0,-0.5248503088951111,0.0,0.0,0.0,0.0,92,3.2550253491598293,1.0,0.16819223859752325,0.0,0.0,0.0,-0.571966826915741,CityLearnV3MADRLRewardFunction,maac_unified_comparable_v4,E1,-0.0,1907,14.177331393941062,1.0,0.15487113732924684,0.0,7
13,0.0,0.0,0.0,0.0,Building_16,15,MAAC,0.777534008026123,False,0.0,0.0,0.0,0.6865697503089905,45,0,0.0,0.0,-0.0,394200,-0.0,0.0,-0.5952281355857849,0.0,0.0,0.0,0.0,113,3.179612367084101,1.0,0.13414219490755186,0.0,0.0,0.0,-0.571966826915741,CityLearnV3MADRLRewardFunction,maac_unified_comparable_v4,E1,-0.0,1907,14.177331393941062,1.0,0.15487113732924684,0.0,7
13,0.0,0.0,0.0,0.0,Building_17,16,MAAC,0.777534008026123,False,0.0,0.0,0.0,0.6865697503089905,45,0,0.0,0.0,-0.0,394200,-0.0,0.0,-0.5953365564346313,0.0,0.0,0.0,0.0,113,3.279925419416836,1.0,0.14156908061421286,0.0,0.0,0.0,-0.571966826915741,CityLearnV3MADRLRewardFunction,maac_unified_comparable_v4,E1,-0.0,1907,14.177331393941062,1.0,0.15487113732924684,0.0,7
6,0.0,0.0,0.0,0.0,Building_1,0,MAAC,0.7900000214576721,True,0.0,0.0,0.0,0.32958081364631653,45,8752,0.0,0.0,-0.0,402952,0.0,391.586669921875,-0.8023188710212708,179.1614532470703,309.3534851074219,391.586669921875,391.586669921875,64,3.3270970429179503,1.0,0.22421982465311885,0.0,0.0,0.0,-0.7511875033378601,CityLearnV3MADRLRewardFunction,maac_unified_comparable_v4,E1,-0.0,1907,14.051730162810534,1.0,0.1310539613954047,0.0,8759
8,0.0,0.0,0.0,0.0,Building_2,1,MAAC,0.7900000214576721,True,0.0,0.0,0.0,0.32958081364631653,45,8752,0.0,0.0,-0.0,402952,0.0,0.1848604530096054,-0.6923221945762634,0.08457864075899124,0.14603976905345917,0.1848604530096054,0.1848604530096054,78,3.4162237912261686,1.0,0.18678695192703834,0.0,0.0,0.0,-0.7511875033378601,CityLearnV3MADRLRewardFunction,maac_unified_comparable_v4,E1,-0.0,1907,14.051730162810534,1.0,0.1310539613954047,0.0,8759
10,0.0,0.0,0.0,0.0,Building_3,2,MAAC,0.7900000214576721,True,0.0,0.0,0.0,0.32958081364631653,45,8752,0.0,0.0,-0.0,402952,0.0,39.0087890625,-0.7791393995285034,17.847572326660156,30.816944122314453,39.0087890625,39.0087890625,92,3.257585808757094,1.0,0.1493938019418198,0.0,0.0,0.0,-0.7511875033378601,CityLearnV3MADRLRewardFunction,maac_unified_comparable_v4,E1,-0.0,1907,14.051730162810534,1.0,0.1310539613954047,0.0,8759
8,0.0,0.0,0.0,0.0,Building_4,3,MAAC,0.7900000214576721,True,0.0,0.0,0.0,0.32958081364631653,45,8752,0.0,0.0,-0.0,402952,0.0,36.67196273803711,-0.7850354909896851,16.778411865234375,28.97085189819336,36.67196273803711,36.67196273803711,78,3.4023183144199396,1.0,0.18642017245292664,0.0,0.0,0.0,-0.7511875033378601,CityLearnV3MADRLRewardFunction,maac_unified_comparable_v4,E1,-0.0,1907,14.051730162810534,1.0,0.1310539613954047,0.0,8759
5,0.0,0.0,0.0,0.0,Building_5,4,MAAC,0.7900000214576721,True,0.0,0.0,0.0,0.32958081364631653,45,8752,0.0,0.0,-0.0,402952,0.0,54.225337982177734,-0.8294212222099304,24.809553146362305,42.838016510009766,54.225337982177734,54.225337982177734,57,3.613404788359639,1.0,0.29614506818746267,0.0,0.0,0.0,-0.7511875033378601,CityLearnV3MADRLRewardFunction,maac_unified_comparable_v4,E1,-0.0,1907,14.051730162810534,1.0,0.1310539613954047,0.0,8759
34,0.0,0.0,0.0,0.0,Building_6,5,MAAC,0.7900000214576721,True,0.0,0.0,0.0,0.32958081364631653,45,8752,0.0,0.0,-0.0,402952,0.0,348.8946838378906,-0.7962617874145508,159.62872314453125,275.6268005371094,348.8946838378906,348.8946838378906,260,3.2489122731597955,1.0,0.05266099251233614,0.0,0.0,0.0,-0.7511875033378601,CityLearnV3MADRLRewardFunction,maac_unified_comparable_v4,E1,-0.0,1907,14.051730162810534,1.0,0.1310539613954047,0.0,8759
44,1.0,1.0,0.022727272727272728,0.0,Building_7,6,MAAC,0.7900000214576721,True,0.0,0.0,0.0,0.32958081364631653,45,8752,0.0,0.0,-0.0,402952,0.0,2.9800853729248047,-0.7048729062080383,1.3634693622589111,2.3542675971984863,2.9800853729248047,2.9800853729248047,330,3.4958780390235082,1.0,0.04536915708220366,0.0,0.0,0.0,-0.7511875033378601,CityLearnV3MADRLRewardFunction,maac_unified_comparable_v4,E1,-0.0,1907,14.051730162810534,1.0,0.1310539613954047,0.0,8759
19,0.0,0.0,0.0,0.0,Building_8,7,MAAC,0.7900000214576721,True,0.0,0.0,0.0,0.32958081364631653,45,8752,0.0,0.0,-0.0,402952,0.0,6.19936990737915,-0.7174695730209351,2.836378812789917,4.897502422332764,6.19936990737915,6.19936990737915,155,3.3903502132375736,1.0,0.09396096775608678,0.0,0.0,0.0,-0.7511875033378601,CityLearnV3MADRLRewardFunction,maac_unified_comparable_v4,E1,-0.0,1907,14.051730162810534,1.0,0.1310539613954047,0.0,8759
12,0.0,0.0,0.0,0.0,Building_9,8,MAAC,0.7900000214576721,True,0.0,0.0,0.0,0.32958081364631653,45,8752,0.0,0.0,-0.0,402952,0.0,2.1350696086883545,-0.6835132837295532,0.9768518805503845,1.6867049932479858,2.1350696086883545,2.1350696086883545,106,3.6229549136583308,1.0,0.15717356862886897,0.0,0.0,0.0,-0.7511875033378601,CityLearnV3MADRLRewardFunction,maac_unified_comparable_v4,E1,-0.0,1907,14.051730162810534,1.0,0.1310539613954047,0.0,8759
8,1.0,1.0,0.125,0.0,Building_10,9,MAAC,0.7900000214576721,True,0.0,0.0,0.0,0.32958081364631653,45,8752,0.0,0.0,-0.0,402952,0.0,16.451881408691406,-0.7540468573570251,7.52717924118042,12.996986389160156,16.451881408691406,16.451881408691406,78,3.4471584116117095,1.0,0.18978688951868278,0.0,0.0,0.0,-0.7511875033378601,CityLearnV3MADRLRewardFunction,maac_unified_comparable_v4,E1,-0.0,1907,14.051730162810534,1.0,0.1310539613954047,0.0,8759
5,0.0,0.0,0.0,0.0,Building_11,10,MAAC,0.7900000214576721,True,0.0,0.0,0.0,0.32958081364631653,45,8752,0.0,0.0,-0.0,402952,0.0,66.45198059082031,-0.7846280932426453,30.40357208251953,52.497066497802734,66.45198059082031,66.45198059082031,57,3.3304674548362376,1.0,0.24611202065359084,0.0,0.0,0.0,-0.7511875033378601,CityLearnV3MADRLRewardFunction,maac_unified_comparable_v4,E1,-0.0,1907,14.051730162810534,1.0,0.1310539613954047,0.0,8759
5,0.0,0.0,0.0,0.0,Building_12,11,MAAC,0.7900000214576721,True,0.0,0.0,0.0,0.32958081364631653,45,8752,0.0,0.0,-0.0,402952,0.0,155.388671875,-0.8016105890274048,71.0945053100586,122.7570571899414,155.388671875,155.388671875,57,3.430099176854762,1.0,0.2604057362727952,0.0,0.0,0.0,-0.7511875033378601,CityLearnV3MADRLRewardFunction,maac_unified_comparable_v4,E1,-0.0,1907,14.051730162810534,1.0,0.1310539613954047,0.0,8759
13,0.0,0.0,0.0,0.0,Building_13,12,MAAC,0.7900000214576721,True,0.0,0.0,0.0,0.32958081364631653,45,8752,0.0,0.0,-0.0,402952,0.0,0.1047736182808876,-0.691981852054596,0.04793675243854523,0.08277115970849991,0.1047736182808876,0.1047736182808876,113,3.497074775996764,1.0,0.13212587031642947,0.0,0.0,0.0,-0.7511875033378601,CityLearnV3MADRLRewardFunction,maac_unified_comparable_v4,E1,-0.0,1907,14.051730162810534,1.0,0.1310539613954047,0.0,8759
6,0.0,0.0,0.0,0.0,Building_14,13,MAAC,0.7900000214576721,True,0.0,0.0,0.0,0.32958081364631653,45,8752,0.0,0.0,-0.0,402952,0.0,1.3521205186843872,-0.6973602175712585,0.6186316013336182,1.068175196647644,1.3521205186843872,1.3521205186843872,64,3.365278760717342,1.0,0.22260986734181643,0.0,0.0,0.0,-0.7511875033378601,CityLearnV3MADRLRewardFunction,maac_unified_comparable_v4,E1,-0.0,1907,14.051730162810534,1.0,0.1310539613954047,0.0,8759
10,0.0,0.0,0.0,0.0,Building_15,14,MAAC,0.7900000214576721,True,0.0,0.0,0.0,0.32958081364631653,45,8752,0.0,0.0,-0.0,402952,0.0,15.147623062133789,-0.7475616335868835,6.930445671081543,11.966622352600098,15.147623062133789,15.147623062133789,92,3.3997542762582778,1.0,0.15896852541228998,0.0,0.0,0.0,-0.7511875033378601,CityLearnV3MADRLRewardFunction,maac_unified_comparable_v4,E1,-0.0,1907,14.051730162810534,1.0,0.1310539613954047,0.0,8759
13,0.0,0.0,0.0,0.0,Building_16,15,MAAC,0.7900000214576721,True,0.0,0.0,0.0,0.32958081364631653,45,8752,0.0,0.0,-0.0,402952,0.0,11.957420349121094,-0.738196849822998,5.470841884613037,9.446362495422363,11.957420349121094,11.957420349121094,113,3.3235171505239465,1.0,0.1239600273887668,0.0,0.0,0.0,-0.7511875033378601,CityLearnV3MADRLRewardFunction,maac_unified_comparable_v4,E1,-0.0,1907,14.051730162810534,1.0,0.1310539613954047,0.0,8759
13,0.0,0.0,0.0,0.0,Building_17,16,MAAC,0.7900000214576721,True,0.0,0.0,0.0,0.32958081364631653,45,8752,0.0,0.0,-0.0,402952,0.0,23.087642669677734,-0.764446496963501,10.56321907043457,18.239238739013672,23.087642669677734,23.087642669677734,113,3.342235315975953,1.0,0.12798602879047394,0.0,0.0,0.0,-0.7511875033378601,CityLearnV3MADRLRewardFunction,maac_unified_comparable_v4,E1,-0.0,1907,14.051730162810534,1.0,0.1310539613954047,0.0,8759
6,0.0,0.0,0.0,0.0,Building_1,0,MAAC,0.7393829822540283,False,0.0,0.0,0.0,0.6440863609313965,46,0,0.0,0.0,-0.0,402960,-0.0,0.0,-0.717345654964447,0.0,0.0,0.0,0.0,64,3.3277154156456077,0.9330127239227295,0.2694150237366557,0.0,0.0,0.0,-0.6795522570610046,CityLearnV3MADRLRewardFunction,maac_unified_comparable_v4,E1,-0.0,1907,14.866881416642293,1.0,0.17297783745799505,0.0,8
8,0.0,0.0,0.0,0.0,Building_2,1,MAAC,0.7393829822540283,False,0.0,0.0,0.0,0.6440863609313965,46,0,0.0,0.0,-0.0,402960,-0.0,0.0,-0.6246876120567322,0.0,0.0,0.0,0.0,78,3.3538505823881795,0.9676530361175537,0.21710276360122058,0.0,0.0,0.0,-0.6795522570610046,CityLearnV3MADRLRewardFunction,maac_unified_comparable_v4,E1,-0.0,1907,14.866881416642293,1.0,0.17297783745799505,0.0,8
10,0.0,0.0,0.0,0.0,Building_3,2,MAAC,0.7393829822540283,False,0.0,0.0,0.0,0.6440863609313965,46,0,0.0,0.0,-0.0,402960,-0.0,0.0,-0.7319535613059998,0.0,0.0,0.0,0.0,92,4.375210935014023,1.0,0.2977493534107571,0.0,0.0,0.0,-0.6795522570610046,CityLearnV3MADRLRewardFunction,maac_unified_comparable_v4,E1,-0.0,1907,14.866881416642293,1.0,0.17297783745799505,0.0,8
8,0.0,0.0,0.0,0.0,Building_4,3,MAAC,0.7393829822540283,False,0.0,0.0,0.0,0.6440863609313965,46,0,0.0,0.0,-0.0,402960,-0.0,0.0,-0.70076584815979,0.0,0.0,0.0,0.0,78,3.444197007072216,0.9677168726921082,0.22385134968238,0.0,0.0,0.0,-0.6795522570610046,CityLearnV3MADRLRewardFunction,maac_unified_comparable_v4,E1,-0.0,1907,14.866881416642293,1.0,0.17297783745799505,0.0,8
5,0.0,0.0,0.0,0.0,Building_5,4,MAAC,0.7393829822540283,False,0.0,0.0,0.0,0.6440863609313965,46,0,0.0,0.0,-0.0,402960,-0.0,0.0,-0.7012476325035095,0.0,0.0,0.0,0.0,57,3.6876360533675383,1.0,0.35533325936187776,0.0,0.0,0.0,-0.6795522570610046,CityLearnV3MADRLRewardFunction,maac_unified_comparable_v4,E1,-0.0,1907,14.866881416642293,1.0,0.17297783745799505,0.0,8
34,0.0,0.0,0.0,0.0,Building_6,5,MAAC,0.7393829822540283,False,0.0,0.0,0.0,0.6440863609313965,46,0,0.0,0.0,-0.0,402960,-0.0,0.0,-0.7170552015304565,0.0,0.0,0.0,0.0,260,3.336042601581235,0.9330127239227295,0.0659295251736274,0.0,0.0,0.0,-0.6795522570610046,CityLearnV3MADRLRewardFunction,maac_unified_comparable_v4,E1,-0.0,1907,14.866881416642293,1.0,0.17297783745799505,0.0,8
44,1.0,1.0,0.022727272727272728,0.0,Building_7,6,MAAC,0.7393829822540283,False,0.0,0.0,0.0,0.6440863609313965,46,0,0.0,0.0,-0.0,402960,-0.0,0.0,-0.6614055633544922,0.0,0.0,0.0,0.0,330,3.3327790675911837,0.9330127239227295,0.05098530293414087,0.0,0.0,0.0,-0.6795522570610046,CityLearnV3MADRLRewardFunction,maac_unified_comparable_v4,E1,-0.0,1907,14.866881416642293,1.0,0.17297783745799505,0.0,8
19,0.0,0.0,0.0,0.0,Building_8,7,MAAC,0.7393829822540283,False,0.0,0.0,0.0,0.6440863609313965,46,0,0.0,0.0,-0.0,402960,-0.0,0.0,-0.6602145433425903,0.0,0.0,0.0,0.0,155,3.3471167499969767,0.9497137069702148,0.10886759748381954,0.0,0.0,0.0,-0.6795522570610046,CityLearnV3MADRLRewardFunction,maac_unified_comparable_v4,E1,-0.0,1907,14.866881416642293,1.0,0.17297783745799505,0.0,8
12,0.0,0.0,0.0,0.0,Building_9,8,MAAC,0.7393829822540283,False,0.0,0.0,0.0,0.6440863609313965,46,0,0.0,0.0,-0.0,402960,-0.0,0.0,-0.6297109723091125,0.0,0.0,0.0,0.0,106,3.4832720905884624,0.978480339050293,0.1700635607934223,0.0,0.0,0.0,-0.6795522570610046,CityLearnV3MADRLRewardFunction,maac_unified_comparable_v4,E1,-0.0,1907,14.866881416642293,1.0,0.17297783745799505,0.0,8
8,1.0,1.0,0.125,0.0,Building_10,9,MAAC,0.7393829822540283,False,0.0,0.0,0.0,0.6440863609313965,46,0,0.0,0.0,-0.0,402960,-0.0,0.0,-0.7087549567222595,0.0,0.0,0.0,0.0,78,3.3273198214131563,0.9330127239227295,0.22052722500684935,0.0,0.0,0.0,-0.6795522570610046,CityLearnV3MADRLRewardFunction,maac_unified_comparable_v4,E1,-0.0,1907,14.866881416642293,1.0,0.17297783745799505,0.0,8
5,0.0,0.0,0.0,0.0,Building_11,10,MAAC,0.7393829822540283,False,0.0,0.0,0.0,0.6440863609313965,46,0,0.0,0.0,-0.0,402960,-0.0,0.0,-0.694602906703949,0.0,0.0,0.0,0.0,57,3.9943573101326373,1.0,0.4107652905217388,0.0,0.0,0.0,-0.6795522570610046,CityLearnV3MADRLRewardFunction,maac_unified_comparable_v4,E1,-0.0,1907,14.866881416642293,1.0,0.17297783745799505,0.0,8
5,0.0,0.0,0.0,0.0,Building_12,11,MAAC,0.7393829822540283,False,0.0,0.0,0.0,0.6440863609313965,46,0,0.0,0.0,-0.0,402960,-0.0,0.0,-0.6936324834823608,0.0,0.0,0.0,0.0,57,4.244135037456986,1.0,0.4577028699088515,0.0,0.0,0.0,-0.6795522570610046,CityLearnV3MADRLRewardFunction,maac_unified_comparable_v4,E1,-0.0,1907,14.866881416642293,1.0,0.17297783745799505,0.0,8
13,0.0,0.0,0.0,0.0,Building_13,12,MAAC,0.7393829822540283,False,0.0,0.0,0.0,0.6440863609313965,46,0,0.0,0.0,-0.0,402960,-0.0,0.0,-0.6393923759460449,0.0,0.0,0.0,0.0,113,3.362546286163483,0.9330127239227295,0.15256345759978338,0.0,0.0,0.0,-0.6795522570610046,CityLearnV3MADRLRewardFunction,maac_unified_comparable_v4,E1,-0.0,1907,14.866881416642293,1.0,0.17297783745799505,0.0,8
6,0.0,0.0,0.0,0.0,Building_14,13,MAAC,0.7393829822540283,False,0.0,0.0,0.0,0.6440863609313965,46,0,0.0,0.0,-0.0,402960,-0.0,0.0,-0.6044842004776001,0.0,0.0,0.0,0.0,64,4.257371332313117,1.0,0.40937517350539565,0.0,0.0,0.0,-0.6795522570610046,CityLearnV3MADRLRewardFunction,maac_unified_comparable_v4,E1,-0.0,1907,14.866881416642293,1.0,0.17297783745799505,0.0,8
10,0.0,0.0,0.0,0.0,Building_15,14,MAAC,0.7393829822540283,False,0.0,0.0,0.0,0.6440863609313965,46,0,0.0,0.0,-0.0,402960,-0.0,0.0,-0.672144889831543,0.0,0.0,0.0,0.0,92,3.3553412955753386,0.9581499099731445,0.18563175428172815,0.0,0.0,0.0,-0.6795522570610046,CityLearnV3MADRLRewardFunction,maac_unified_comparable_v4,E1,-0.0,1907,14.866881416642293,1.0,0.17297783745799505,0.0,8
13,0.0,0.0,0.0,0.0,Building_16,15,MAAC,0.7393829822540283,False,0.0,0.0,0.0,0.6440863609313965,46,0,0.0,0.0,-0.0,402960,-0.0,0.0,-0.7017019391059875,0.0,0.0,0.0,0.0,113,3.298551236262947,0.9330127239227295,0.14716298390278773,0.0,0.0,0.0,-0.6795522570610046,CityLearnV3MADRLRewardFunction,maac_unified_comparable_v4,E1,-0.0,1907,14.866881416642293,1.0,0.17297783745799505,0.0,8
13,0.0,0.0,0.0,0.0,Building_17,16,MAAC,0.7393829822540283,False,0.0,0.0,0.0,0.6440863609313965,46,0,0.0,0.0,-0.0,402960,-0.0,0.0,-0.6932879090309143,0.0,0.0,0.0,0.0,113,3.451992336810206,0.9330127239227295,0.15810395335465405,0.0,0.0,0.0,-0.6795522570610046,CityLearnV3MADRLRewardFunction,maac_unified_comparable_v4,E1,-0.0,1907,14.866881416642293,1.0,0.17297783745799505,0.0,8
6,0.0,0.0,0.0,0.0,Building_1,0,MAAC,0.7900000214576721,True,0.0,0.0,0.0,0.28695225715637207,46,8751,0.0,0.0,-0.0,411711,0.0,433.45458984375,-0.8321264982223511,172.66647338867188,342.42913818359375,433.45458984375,433.45458984375,64,3.1783989589966137,1.0,0.20819494465831667,0.0,0.0,0.0,-0.7973794341087341,CityLearnV3MADRLRewardFunction,maac_unified_comparable_v4,E1,-0.0,1907,13.721103160030516,1.0,0.125681082442145,0.0,8759
8,0.0,0.0,0.0,0.0,Building_2,1,MAAC,0.7900000214576721,True,0.0,0.0,0.0,0.28695225715637207,46,8751,0.0,0.0,-0.0,411711,0.0,15.16435432434082,-0.7808917164802551,6.040714740753174,11.979840278625488,15.16435432434082,15.16435432434082,78,3.299514144994483,1.0,0.17809959491476035,0.0,0.0,0.0,-0.7973794341087341,CityLearnV3MADRLRewardFunction,maac_unified_comparable_v4,E1,-0.0,1907,13.721103160030516,1.0,0.125681082442145,0.0,8759
10,1.0,0.0,-0.1,-1.0,Building_3,2,MAAC,0.7900000214576721,True,0.0,0.0,0.0,0.28695225715637207,46,8751,0.0,0.0,-0.0,411711,0.0,94.53981018066406,-0.8202869892120361,37.65989685058594,74.68645477294922,94.53981018066406,94.53981018066406,92,3.195920885640346,1.0,0.14368496114469093,0.0,0.0,0.0,-0.7973794341087341,CityLearnV3MADRLRewardFunction,maac_unified_comparable_v4,E1,-0.0,1907,13.721103160030516,1.0,0.125681082442145,0.0,8759
8,0.0,0.0,0.0,0.0,Building_4,3,MAAC,0.7900000214576721,True,0.0,0.0,0.0,0.28695225715637207,46,8751,0.0,0.0,-0.0,411711,0.0,31.04317283630371,-0.8116980195045471,12.366035461425781,24.524106979370117,31.04317283630371,31.04317283630371,78,3.2591241855373907,1.0,0.17554537483896965,0.0,0.0,0.0,-0.7973794341087341,CityLearnV3MADRLRewardFunction,maac_unified_comparable_v4,E1,-0.0,1907,13.721103160030516,1.0,0.125681082442145,0.0,8759
5,0.0,0.0,0.0,0.0,Building_5,4,MAAC,0.7900000214576721,True,0.0,0.0,0.0,0.28695225715637207,46,8751,0.0,0.0,-0.0,411711,0.0,38.538970947265625,-0.8562167882919312,15.351984024047852,30.44578742980957,38.538970947265625,38.538970947265625,57,3.558402460842129,1.0,0.2873829505161235,0.0,0.0,0.0,-0.7973794341087341,CityLearnV3MADRLRewardFunction,maac_unified_comparable_v4,E1,-0.0,1907,13.721103160030516,1.0,0.125681082442145,0.0,8759
34,0.0,0.0,0.0,0.0,Building_6,5,MAAC,0.7900000214576721,True,0.0,0.0,0.0,0.28695225715637207,46,8751,0.0,0.0,-0.0,411711,0.0,362.8901062011719,-0.8305568695068359,144.55712890625,286.6831970214844,362.8901062011719,362.8901062011719,260,3.1756838297771797,1.0,0.05048848164196198,0.0,0.0,0.0,-0.7973794341087341,CityLearnV3MADRLRewardFunction,maac_unified_comparable_v4,E1,-0.0,1907,13.721103160030516,1.0,0.125681082442145,0.0,8759
44,0.0,0.0,0.0,0.0,Building_7,6,MAAC,0.7900000214576721,True,0.0,0.0,0.0,0.28695225715637207,46,8751,0.0,0.0,-0.0,411711,0.0,12.664111137390137,-0.7763273119926453,5.044743537902832,10.004648208618164,12.664111137390137,12.664111137390137,330,3.4036668748521137,1.0,0.043574674382354274,0.0,0.0,0.0,-0.7973794341087341,CityLearnV3MADRLRewardFunction,maac_unified_comparable_v4,E1,-0.0,1907,13.721103160030516,1.0,0.125681082442145,0.0,8759
19,0.0,0.0,0.0,0.0,Building_8,7,MAAC,0.7900000214576721,True,0.0,0.0,0.0,0.28695225715637207,46,8751,0.0,0.0,-0.0,411711,0.0,12.065996170043945,-0.7718374133110046,4.806484699249268,9.532136917114258,12.065996170043945,12.065996170043945,155,3.318393245965322,1.0,0.09062072139593863,0.0,0.0,0.0,-0.7973794341087341,CityLearnV3MADRLRewardFunction,maac_unified_comparable_v4,E1,-0.0,1907,13.721103160030516,1.0,0.125681082442145,0.0,8759
12,0.0,0.0,0.0,0.0,Building_9,8,MAAC,0.7900000214576721,True,0.0,0.0,0.0,0.28695225715637207,46,8751,0.0,0.0,-0.0,411711,0.0,2.290161371231079,-0.7181951403617859,0.9122849106788635,1.8092275857925415,2.290161371231079,2.290161371231079,106,3.6490253497269576,1.0,0.15569061736734408,0.0,0.0,0.0,-0.7973794341087341,CityLearnV3MADRLRewardFunction,maac_unified_comparable_v4,E1,-0.0,1907,13.721103160030516,1.0,0.125681082442145,0.0,8759
8,0.0,0.0,0.0,0.0,Building_10,9,MAAC,0.7900000214576721,True,0.0,0.0,0.0,0.28695225715637207,46,8751,0.0,0.0,-0.0,411711,0.0,51.649574279785156,-0.825226366519928,20.574588775634766,40.803165435791016,51.649574279785156,51.649574279785156,78,3.360712490466483,1.0,0.18276670107092613,0.0,0.0,0.0,-0.7973794341087341,CityLearnV3MADRLRewardFunction,maac_unified_comparable_v4,E1,-0.0,1907,13.721103160030516,1.0,0.125681082442145,0.0,8759
5,0.0,0.0,0.0,0.0,Building_11,10,MAAC,0.7900000214576721,True,0.0,0.0,0.0,0.28695225715637207,46,8751,0.0,0.0,-0.0,411711,0.0,71.54803466796875,-0.8189370036125183,28.501131057739258,56.52294921875,71.54803466796875,71.54803466796875,57,3.2441276338644798,1.0,0.23587380944375405,0.0,0.0,0.0,-0.7973794341087341,CityLearnV3MADRLRewardFunction,maac_unified_comparable_v4,E1,-0.0,1907,13.721103160030516,1.0,0.125681082442145,0.0,8759
5,0.0,0.0,0.0,0.0,Building_12,11,MAAC,0.7900000214576721,True,0.0,0.0,0.0,0.28695225715637207,46,8751,0.0,0.0,-0.0,411711,0.0,215.11593627929688,-0.836247980594635,85.69135284423828,169.94158935546875,215.11593627929688,215.11593627929688,57,3.3571161147783837,1.0,0.2509720031368105,0.0,0.0,0.0,-0.7973794341087341,CityLearnV3MADRLRewardFunction,maac_unified_comparable_v4,E1,-0.0,1907,13.721103160030516,1.0,0.125681082442145,0.0,8759
13,0.0,0.0,0.0,0.0,Building_13,12,MAAC,0.7900000214576721,True,0.0,0.0,0.0,0.28695225715637207,46,8751,0.0,0.0,-0.0,411711,0.0,2.033022403717041,-0.7344515323638916,0.8098536729812622,1.6060876846313477,2.033022403717041,2.033022403717041,113,3.4036905450584807,1.0,0.12622973606386015,0.0,0.0,0.0,-0.7973794341087341,CityLearnV3MADRLRewardFunction,maac_unified_comparable_v4,E1,-0.0,1907,13.721103160030516,1.0,0.125681082442145,0.0,8759
6,0.0,0.0,0.0,0.0,Building_14,13,MAAC,0.7900000214576721,True,0.0,0.0,0.0,0.28695225715637207,46,8751,0.0,0.0,-0.0,411711,0.0,2.6149511337280273,-0.7370095252990723,1.041664719581604,2.0658113956451416,2.6149511337280273,2.6149511337280273,64,3.381979456675314,1.0,0.22129087091889232,0.0,0.0,0.0,-0.7973794341087341,CityLearnV3MADRLRewardFunction,maac_unified_comparable_v4,E1,-0.0,1907,13.721103160030516,1.0,0.125681082442145,0.0,8759
10,0.0,0.0,0.0,0.0,Building_15,14,MAAC,0.7900000214576721,True,0.0,0.0,0.0,0.28695225715637207,46,8751,0.0,0.0,-0.0,411711,0.0,19.521480560302734,-0.7912372350692749,7.776374340057373,15.42197036743164,19.521480560302734,19.521480560302734,92,3.3265632700973287,1.0,0.15312790004131588,0.0,0.0,0.0,-0.7973794341087341,CityLearnV3MADRLRewardFunction,maac_unified_comparable_v4,E1,-0.0,1907,13.721103160030516,1.0,0.125681082442145,0.0,8759
13,0.0,0.0,0.0,0.0,Building_16,15,MAAC,0.7900000214576721,True,0.0,0.0,0.0,0.28695225715637207,46,8751,0.0,0.0,-0.0,411711,0.0,54.89390563964844,-0.8173846006393433,21.866966247558594,43.366188049316406,54.89390563964844,54.89390563964844,113,3.2151749286777043,1.0,0.11789976086764209,0.0,0.0,0.0,-0.7973794341087341,CityLearnV3MADRLRewardFunction,maac_unified_comparable_v4,E1,-0.0,1907,13.721103160030516,1.0,0.125681082442145,0.0,8759
13,0.0,0.0,0.0,0.0,Building_17,16,MAAC,0.7900000214576721,True,0.0,0.0,0.0,0.28695225715637207,46,8751,0.0,0.0,-0.0,411711,0.0,22.46647071838379,-0.7968201637268066,8.949509620666504,17.748512268066406,22.46647071838379,22.46647071838379,113,3.2045819220993175,1.0,0.11739912200554282,0.0,0.0,0.0,-0.7973794341087341,CityLearnV3MADRLRewardFunction,maac_unified_comparable_v4,E1,-0.0,1907,13.721103160030516,1.0,0.125681082442145,0.0,8759
6,1.0,1.0,0.16666666666666666,0.0,Building_1,0,MAAC,0.7400429844856262,False,0.0,0.0,0.0,0.5558767318725586,47,0,0.0,0.0,-0.0,411720,-0.0,0.0,-0.8628963232040405,0.0,0.0,0.0,0.0,64,3.2037951561871743,1.0,0.24625821865629405,0.0,0.0,0.0,-0.8347038626670837,CityLearnV3MADRLRewardFunction,maac_unified_comparable_v4,E1,-0.0,1907,14.522447510208341,1.0,0.16232266003196627,0.0,9
8,0.0,0.0,0.0,0.0,Building_2,1,MAAC,0.7400429844856262,False,0.0,0.0,0.0,0.5558767318725586,47,0,0.0,0.0,-0.0,411720,-0.0,0.0,-0.8238717913627625,0.0,0.0,0.0,0.0,78,3.174636435066318,1.0,0.1922311102732634,0.0,0.0,0.0,-0.8347038626670837,CityLearnV3MADRLRewardFunction,maac_unified_comparable_v4,E1,-0.0,1907,14.522447510208341,1.0,0.16232266003196627,0.0,9
10,0.0,0.0,0.0,0.0,Building_3,2,MAAC,0.7400429844856262,False,0.0,0.0,0.0,0.5558767318725586,47,0,0.0,0.0,-0.0,411720,-0.0,0.0,-0.8415226936340332,0.0,0.0,0.0,0.0,92,4.4901501586007,1.0,0.3054922585092161,0.0,0.0,0.0,-0.8347038626670837,CityLearnV3MADRLRewardFunction,maac_unified_comparable_v4,E1,-0.0,1907,14.522447510208341,1.0,0.16232266003196627,0.0,9
8,0.0,0.0,0.0,0.0,Building_4,3,MAAC,0.7400429844856262,False,0.0,0.0,0.0,0.5558767318725586,47,0,0.0,0.0,-0.0,411720,-0.0,0.0,-0.8496513962745667,0.0,0.0,0.0,0.0,78,3.2411617755335396,1.0,0.2058493602925386,0.0,0.0,0.0,-0.8347038626670837,CityLearnV3MADRLRewardFunction,maac_unified_comparable_v4,E1,-0.0,1907,14.522447510208341,1.0,0.16232266003196627,0.0,9
5,0.0,0.0,0.0,0.0,Building_5,4,MAAC,0.7400429844856262,False,0.0,0.0,0.0,0.5558767318725586,47,0,0.0,0.0,-0.0,411720,-0.0,0.0,-0.8498550653457642,0.0,0.0,0.0,0.0,57,3.5127059919657557,1.0,0.3194946803544697,0.0,0.0,0.0,-0.8347038626670837,CityLearnV3MADRLRewardFunction,maac_unified_comparable_v4,E1,-0.0,1907,14.522447510208341,1.0,0.16232266003196627,0.0,9
34,1.0,1.0,0.029411764705882353,0.0,Building_6,5,MAAC,0.7400429844856262,False,0.0,0.0,0.0,0.5558767318725586,47,0,0.0,0.0,-0.0,411720,-0.0,0.0,-0.8628765344619751,0.0,0.0,0.0,0.0,260,4.055655573226974,1.0,0.0900703504968148,0.0,0.0,0.0,-0.8347038626670837,CityLearnV3MADRLRewardFunction,maac_unified_comparable_v4,E1,-0.0,1907,14.522447510208341,1.0,0.16232266003196627,0.0,9
44,1.0,1.0,0.022727272727272728,0.0,Building_7,6,MAAC,0.7400429844856262,False,0.0,0.0,0.0,0.5558767318725586,47,0,0.0,0.0,-0.0,411720,-0.0,0.0,-0.8500049114227295,0.0,0.0,0.0,0.0,330,3.214145134566278,1.0,0.046987306913643175,0.0,0.0,0.0,-0.8347038626670837,CityLearnV3MADRLRewardFunction,maac_unified_comparable_v4,E1,-0.0,1907,14.522447510208341,1.0,0.16232266003196627,0.0,9
19,1.0,0.0,-0.05263157894736842,-1.0,Building_8,7,MAAC,0.7400429844856262,False,0.0,0.0,0.0,0.5558767318725586,47,0,0.0,0.0,-0.0,411720,-0.0,0.0,-0.8352675437927246,0.0,0.0,0.0,0.0,155,3.1696586945037146,1.0,0.09607723946532895,0.0,0.0,0.0,-0.8347038626670837,CityLearnV3MADRLRewardFunction,maac_unified_comparable_v4,E1,-0.0,1907,14.522447510208341,1.0,0.16232266003196627,0.0,9
12,0.0,0.0,0.0,0.0,Building_9,8,MAAC,0.7400429844856262,False,0.0,0.0,0.0,0.5558767318725586,47,0,0.0,0.0,-0.0,411720,-0.0,0.0,-0.779263973236084,0.0,0.0,0.0,0.0,106,3.307240786877945,1.0,0.15062906958584515,0.0,0.0,0.0,-0.8347038626670837,CityLearnV3MADRLRewardFunction,maac_unified_comparable_v4,E1,-0.0,1907,14.522447510208341,1.0,0.16232266003196627,0.0,9
8,0.0,0.0,0.0,0.0,Building_10,9,MAAC,0.7400429844856262,False,0.0,0.0,0.0,0.5558767318725586,47,0,0.0,0.0,-0.0,411720,-0.0,0.0,-0.8580257892608643,0.0,0.0,0.0,0.0,78,3.189132894563541,1.0,0.19747583845104927,0.0,0.0,0.0,-0.8347038626670837,CityLearnV3MADRLRewardFunction,maac_unified_comparable_v4,E1,-0.0,1907,14.522447510208341,1.0,0.16232266003196627,0.0,9
5,0.0,0.0,0.0,0.0,Building_11,10,MAAC,0.7400429844856262,False,0.0,0.0,0.0,0.5558767318725586,47,0,0.0,0.0,-0.0,411720,-0.0,0.0,-0.8443117141723633,0.0,0.0,0.0,0.0,57,3.819669653085276,1.0,0.371461986057591,0.0,0.0,0.0,-0.8347038626670837,CityLearnV3MADRLRewardFunction,maac_unified_comparable_v4,E1,-0.0,1907,14.522447510208341,1.0,0.16232266003196627,0.0,9
5,0.0,0.0,0.0,0.0,Building_12,11,MAAC,0.7400429844856262,False,0.0,0.0,0.0,0.5558767318725586,47,0,0.0,0.0,-0.0,411720,-0.0,0.0,-0.8400449752807617,0.0,0.0,0.0,0.0,57,4.079270914273039,1.0,0.41911228641606213,0.0,0.0,0.0,-0.8347038626670837,CityLearnV3MADRLRewardFunction,maac_unified_comparable_v4,E1,-0.0,1907,14.522447510208341,1.0,0.16232266003196627,0.0,9
13,0.0,0.0,0.0,0.0,Building_13,12,MAAC,0.7400429844856262,False,0.0,0.0,0.0,0.5558767318725586,47,0,0.0,0.0,-0.0,411720,-0.0,0.0,-0.8125266432762146,0.0,0.0,0.0,0.0,113,3.1619320150084844,1.0,0.13160592456043294,0.0,0.0,0.0,-0.8347038626670837,CityLearnV3MADRLRewardFunction,maac_unified_comparable_v4,E1,-0.0,1907,14.522447510208341,1.0,0.16232266003196627,0.0,9
6,0.0,0.0,0.0,0.0,Building_14,13,MAAC,0.7400429844856262,False,0.0,0.0,0.0,0.5558767318725586,47,0,0.0,0.0,-0.0,411720,-0.0,0.0,-0.743950605392456,0.0,0.0,0.0,0.0,64,4.1349238604642675,1.0,0.3805885915644467,0.0,0.0,0.0,-0.8347038626670837,CityLearnV3MADRLRewardFunction,maac_unified_comparable_v4,E1,-0.0,1907,14.522447510208341,1.0,0.16232266003196627,0.0,9
10,0.0,0.0,0.0,0.0,Building_15,14,MAAC,0.7400429844856262,False,0.0,0.0,0.0,0.5558767318725586,47,0,0.0,0.0,-0.0,411720,-0.0,0.0,-0.8430304527282715,0.0,0.0,0.0,0.0,92,3.2505495952478505,1.0,0.17260558733149714,0.0,0.0,0.0,-0.8347038626670837,CityLearnV3MADRLRewardFunction,maac_unified_comparable_v4,E1,-0.0,1907,14.522447510208341,1.0,0.16232266003196627,0.0,9
13,0.0,0.0,0.0,0.0,Building_16,15,MAAC,0.7400429844856262,False,0.0,0.0,0.0,0.5558767318725586,47,0,0.0,0.0,-0.0,411720,-0.0,0.0,-0.850290060043335,0.0,0.0,0.0,0.0,113,3.176933758725598,1.0,0.13506808290175631,0.0,0.0,0.0,-0.8347038626670837,CityLearnV3MADRLRewardFunction,maac_unified_comparable_v4,E1,-0.0,1907,14.522447510208341,1.0,0.16232266003196627,0.0,9
13,0.0,0.0,0.0,0.0,Building_17,16,MAAC,0.7400429844856262,False,0.0,0.0,0.0,0.5558767318725586,47,0,0.0,0.0,-0.0,411720,-0.0,0.0,-0.842573881149292,0.0,0.0,0.0,0.0,113,3.261019030398025,1.0,0.13983959157382492,0.0,0.0,0.0,-0.8347038626670837,CityLearnV3MADRLRewardFunction,maac_unified_comparable_v4,E1,-0.0,1907,14.522447510208341,1.0,0.16232266003196627,0.0,9
6,0.0,0.0,0.0,0.0,Building_1,0,MAAC,0.7900000214576721,True,0.0,0.0,0.0,0.5087285041809082,47,8750,0.0,0.0,-0.0,420470,0.0,446.8856201171875,-0.8387117981910706,295.59112548828125,353.0396423339844,446.8856201171875,446.8856201171875,64,3.3849978107880974,1.0,0.2378603331744671,0.0,0.0,0.0,-0.8071551322937012,CityLearnV3MADRLRewardFunction,maac_unified_comparable_v4,E1,-0.0,1907,14.547215124328023,1.0,0.14264756119573185,0.0,8759
8,0.0,0.0,0.0,0.0,Building_2,1,MAAC,0.7900000214576721,True,0.0,0.0,0.0,0.5087285041809082,47,8750,0.0,0.0,-0.0,420470,0.0,5.618855953216553,-0.7562488317489624,3.5051815509796143,4.438896179199219,5.618855953216553,5.618855953216553,78,3.4818153893488923,1.0,0.197685107588768,0.0,0.0,0.0,-0.8071551322937012,CityLearnV3MADRLRewardFunction,maac_unified_comparable_v4,E1,-0.0,1907,14.547215124328023,1.0,0.14264756119573185,0.0,8759
10,0.0,0.0,0.0,0.0,Building_3,2,MAAC,0.7900000214576721,True,0.0,0.0,0.0,0.5087285041809082,47,8750,0.0,0.0,-0.0,420470,0.0,98.17061614990234,-0.8270673155784607,64.76759338378906,77.5547866821289,98.17061614990234,98.17061614990234,92,3.4040543503159686,1.0,0.16445380643658017,0.0,0.0,0.0,-0.8071551322937012,CityLearnV3MADRLRewardFunction,maac_unified_comparable_v4,E1,-0.0,1907,14.547215124328023,1.0,0.14264756119573185,0.0,8759
8,0.0,0.0,0.0,0.0,Building_4,3,MAAC,0.7900000214576721,True,0.0,0.0,0.0,0.5087285041809082,47,8750,0.0,0.0,-0.0,420470,0.0,28.84416961669922,-0.818931519985199,18.878620147705078,22.786893844604492,28.84416961669922,28.84416961669922,78,3.526348369796286,1.0,0.20306520393261543,0.0,0.0,0.0,-0.8071551322937012,CityLearnV3MADRLRewardFunction,maac_unified_comparable_v4,E1,-0.0,1907,14.547215124328023,1.0,0.14264756119573185,0.0,8759
5,0.0,0.0,0.0,0.0,Building_5,4,MAAC,0.7900000214576721,True,0.0,0.0,0.0,0.5087285041809082,47,8750,0.0,0.0,-0.0,420470,0.0,37.89287567138672,-0.8621559143066406,24.868192672729492,29.935373306274414,37.89287567138672,37.89287567138672,57,3.7206914797927015,1.0,0.3189105692139843,0.0,0.0,0.0,-0.8071551322937012,CityLearnV3MADRLRewardFunction,maac_unified_comparable_v4,E1,-0.0,1907,14.547215124328023,1.0,0.14264756119573185,0.0,8759
34,0.0,0.0,0.0,0.0,Building_6,5,MAAC,0.7900000214576721,True,0.0,0.0,0.0,0.5087285041809082,47,8750,0.0,0.0,-0.0,420470,0.0,350.8894348144531,-0.8365773558616638,232.0487518310547,277.2026672363281,350.8894348144531,350.8894348144531,260,3.382715909891549,1.0,0.05775391751757035,0.0,0.0,0.0,-0.8071551322937012,CityLearnV3MADRLRewardFunction,maac_unified_comparable_v4,E1,-0.0,1907,14.547215124328023,1.0,0.14264756119573185,0.0,8759
44,1.0,1.0,0.022727272727272728,0.0,Building_7,6,MAAC,0.7900000214576721,True,0.0,0.0,0.0,0.5087285041809082,47,8750,0.0,0.0,-0.0,420470,0.0,18.66022491455078,-0.8016531467437744,12.137602806091309,14.741578102111816,18.66022491455078,18.66022491455078,330,3.6041935549047426,1.0,0.049563613443663626,0.0,0.0,0.0,-0.8071551322937012,CityLearnV3MADRLRewardFunction,maac_unified_comparable_v4,E1,-0.0,1907,14.547215124328023,1.0,0.14264756119573185,0.0,8759
19,0.0,0.0,0.0,0.0,Building_8,7,MAAC,0.7900000214576721,True,0.0,0.0,0.0,0.5087285041809082,47,8750,0.0,0.0,-0.0,420470,0.0,19.251495361328125,-0.7990682125091553,12.528979301452637,15.2086820602417,19.251495361328125,19.251495361328125,155,3.608782087579958,1.0,0.10567395139125085,0.0,0.0,0.0,-0.8071551322937012,CityLearnV3MADRLRewardFunction,maac_unified_comparable_v4,E1,-0.0,1907,14.547215124328023,1.0,0.14264756119573185,0.0,8759
12,0.0,0.0,0.0,0.0,Building_9,8,MAAC,0.7900000214576721,True,0.0,0.0,0.0,0.5087285041809082,47,8750,0.0,0.0,-0.0,420470,0.0,2.4506425857543945,-0.7257897257804871,1.4080588817596436,1.9360077381134033,2.4506425857543945,2.4506425857543945,106,3.8408417719921086,1.0,0.17587487399578094,0.0,0.0,0.0,-0.8071551322937012,CityLearnV3MADRLRewardFunction,maac_unified_comparable_v4,E1,-0.0,1907,14.547215124328023,1.0,0.14264756119573185,0.0,8759
8,0.0,0.0,0.0,0.0,Building_10,9,MAAC,0.7900000214576721,True,0.0,0.0,0.0,0.5087285041809082,47,8750,0.0,0.0,-0.0,420470,0.0,34.33414077758789,-0.8242179751396179,22.512575149536133,27.123971939086914,34.33414077758789,34.33414077758789,78,3.5734077390222185,1.0,0.20659664588478896,0.0,0.0,0.0,-0.8071551322937012,CityLearnV3MADRLRewardFunction,maac_unified_comparable_v4,E1,-0.0,1907,14.547215124328023,1.0,0.14264756119573185,0.0,8759
5,0.0,0.0,0.0,0.0,Building_11,10,MAAC,0.7900000214576721,True,0.0,0.0,0.0,0.5087285041809082,47,8750,0.0,0.0,-0.0,420470,0.0,57.917564392089844,-0.8243415951728821,38.12305450439453,45.754878997802734,57.917564392089844,57.917564392089844,57,3.448825736416125,1.0,0.26856330324683275,0.0,0.0,0.0,-0.8071551322937012,CityLearnV3MADRLRewardFunction,maac_unified_comparable_v4,E1,-0.0,1907,14.547215124328023,1.0,0.14264756119573185,0.0,8759
5,0.0,0.0,0.0,0.0,Building_12,11,MAAC,0.7900000214576721,True,0.0,0.0,0.0,0.5087285041809082,47,8750,0.0,0.0,-0.0,420470,0.0,182.6020965576172,-0.8423387408256531,120.65498352050781,144.2556610107422,182.6020965576172,182.6020965576172,57,3.541839483148007,1.0,0.2792264008731173,0.0,0.0,0.0,-0.8071551322937012,CityLearnV3MADRLRewardFunction,maac_unified_comparable_v4,E1,-0.0,1907,14.547215124328023,1.0,0.14264756119573185,0.0,8759
13,0.0,0.0,0.0,0.0,Building_13,12,MAAC,0.7900000214576721,True,0.0,0.0,0.0,0.5087285041809082,47,8750,0.0,0.0,-0.0,420470,0.0,2.789367437362671,-0.7446704506874084,1.6322696208953857,2.2036004066467285,2.789367437362671,2.789367437362671,113,3.577406993504708,1.0,0.142265316395633,0.0,0.0,0.0,-0.8071551322937012,CityLearnV3MADRLRewardFunction,maac_unified_comparable_v4,E1,-0.0,1907,14.547215124328023,1.0,0.14264756119573185,0.0,8759
6,1.0,0.0,-0.16666666666666666,-1.0,Building_14,13,MAAC,0.7900000214576721,True,-28.360031127929688,0.0,0.0,0.5087285041809082,47,8750,0.0,0.0,-0.0,420470,25.874204635620117,0.0,-0.7882276773452759,-13.701446533203125,0.0,-25.874204635620117,2.4858264923095703,64,3.4512020761619944,1.0,0.24057909939438105,0.0,0.0,0.0,-0.8071551322937012,CityLearnV3MADRLRewardFunction,maac_unified_comparable_v4,E1,-0.0,1907,14.547215124328023,1.0,0.14264756119573185,0.0,8759
10,0.0,0.0,0.0,0.0,Building_15,14,MAAC,0.7900000214576721,True,0.0,0.0,0.0,0.5087285041809082,47,8750,0.0,0.0,-0.0,420470,0.0,20.5941162109375,-0.8017133474349976,13.417695045471191,16.269351959228516,20.5941162109375,20.5941162109375,92,3.53166734193327,1.0,0.1739964433338331,0.0,0.0,0.0,-0.8071551322937012,CityLearnV3MADRLRewardFunction,maac_unified_comparable_v4,E1,-0.0,1907,14.547215124328023,1.0,0.14264756119573185,0.0,8759
13,0.0,0.0,0.0,0.0,Building_16,15,MAAC,0.7900000214576721,True,0.0,0.0,0.0,0.5087285041809082,47,8750,0.0,0.0,-0.0,420470,0.0,103.13050842285156,-0.8270624279975891,68.05067443847656,81.47310638427734,103.13050842285156,103.13050842285156,113,3.439120390176846,1.0,0.13754174139647357,0.0,0.0,0.0,-0.8071551322937012,CityLearnV3MADRLRewardFunction,maac_unified_comparable_v4,E1,-0.0,1907,14.547215124328023,1.0,0.14264756119573185,0.0,8759
13,0.0,0.0,0.0,0.0,Building_17,16,MAAC,0.7900000214576721,True,0.0,0.0,0.0,0.5087285041809082,47,8750,0.0,0.0,-0.0,420470,0.0,21.1981143951416,-0.8028608560562134,13.817497253417969,16.746511459350586,21.1981143951416,21.1981143951416,113,3.4276048460908677,1.0,0.13702625352724462,0.0,0.0,0.0,-0.8071551322937012,CityLearnV3MADRLRewardFunction,maac_unified_comparable_v4,E1,-0.0,1907,14.547215124328023,1.0,0.14264756119573185,0.0,8759
6,0.0,0.0,0.0,0.0,Building_1,0,MAAC,0.7463780045509338,False,0.0,0.0,0.0,0.70499187707901,48,0,0.0,0.0,-0.0,420480,-0.0,0.0,-0.8022819757461548,0.0,0.0,0.0,0.0,64,2.953634180157115,1.0,0.2353188711567782,0.0,0.0,0.0,-0.7534292340278625,CityLearnV3MADRLRewardFunction,maac_unified_comparable_v4,E1,-0.0,1907,14.136634167861116,1.0,0.1662090352917599,0.0,10
8,0.0,0.0,0.0,0.0,Building_2,1,MAAC,0.7463780045509338,False,0.0,0.0,0.0,0.70499187707901,48,0,0.0,0.0,-0.0,420480,-0.0,0.0,-0.6921437382698059,0.0,0.0,0.0,0.0,78,3.0432360012208,1.0,0.19433916434168053,0.0,0.0,0.0,-0.7534292340278625,CityLearnV3MADRLRewardFunction,maac_unified_comparable_v4,E1,-0.0,1907,14.136634167861116,1.0,0.1662090352917599,0.0,10
10,0.0,0.0,0.0,0.0,Building_3,2,MAAC,0.7463780045509338,False,0.0,0.0,0.0,0.70499187707901,48,0,0.0,0.0,-0.0,420480,-0.0,0.0,-0.8690508008003235,0.0,0.0,0.0,0.0,92,4.357535730467891,1.0,0.30012489428095845,0.0,0.0,0.0,-0.7534292340278625,CityLearnV3MADRLRewardFunction,maac_unified_comparable_v4,E1,-0.0,1907,14.136634167861116,1.0,0.1662090352917599,0.0,10
8,0.0,0.0,0.0,0.0,Building_4,3,MAAC,0.7463780045509338,False,0.0,0.0,0.0,0.70499187707901,48,0,0.0,0.0,-0.0,420480,-0.0,0.0,-0.7943174242973328,0.0,0.0,0.0,0.0,78,3.413191419170138,1.0,0.23979335829902154,0.0,0.0,0.0,-0.7534292340278625,CityLearnV3MADRLRewardFunction,maac_unified_comparable_v4,E1,-0.0,1907,14.136634167861116,1.0,0.1662090352917599,0.0,10
5,0.0,0.0,0.0,0.0,Building_5,4,MAAC,0.7463780045509338,False,0.0,0.0,0.0,0.70499187707901,48,0,0.0,0.0,-0.0,420480,-0.0,0.0,-0.7914199233055115,0.0,0.0,0.0,0.0,57,3.32258820044864,1.0,0.31411029355959935,0.0,0.0,0.0,-0.7534292340278625,CityLearnV3MADRLRewardFunction,maac_unified_comparable_v4,E1,-0.0,1907,14.136634167861116,1.0,0.1662090352917599,0.0,10
34,0.0,0.0,0.0,0.0,Building_6,5,MAAC,0.7463780045509338,False,0.0,0.0,0.0,0.70499187707901,48,0,0.0,0.0,-0.0,420480,-0.0,0.0,-0.802330732345581,0.0,0.0,0.0,0.0,260,4.668509849814954,1.0,0.12256158449185582,0.0,0.0,0.0,-0.7534292340278625,CityLearnV3MADRLRewardFunction,maac_unified_comparable_v4,E1,-0.0,1907,14.136634167861116,1.0,0.1662090352917599,0.0,10
44,1.0,1.0,0.022727272727272728,0.0,Building_7,6,MAAC,0.7463780045509338,False,0.0,0.0,0.0,0.70499187707901,48,0,0.0,0.0,-0.0,420480,-0.0,0.0,-0.6947542428970337,0.0,0.0,0.0,0.0,330,3.020741832013206,1.0,0.045716162110594184,0.0,0.0,0.0,-0.7534292340278625,CityLearnV3MADRLRewardFunction,maac_unified_comparable_v4,E1,-0.0,1907,14.136634167861116,1.0,0.1662090352917599,0.0,10
19,1.0,1.0,0.05263157894736842,0.0,Building_8,7,MAAC,0.7463780045509338,False,0.0,0.0,0.0,0.70499187707901,48,0,0.0,0.0,-0.0,420480,-0.0,0.0,-0.6934170722961426,0.0,0.0,0.0,0.0,155,3.0401121233261557,1.0,0.09777794488735737,0.0,0.0,0.0,-0.7534292340278625,CityLearnV3MADRLRewardFunction,maac_unified_comparable_v4,E1,-0.0,1907,14.136634167861116,1.0,0.1662090352917599,0.0,10
12,0.0,0.0,0.0,0.0,Building_9,8,MAAC,0.7463780045509338,False,0.0,0.0,0.0,0.70499187707901,48,0,0.0,0.0,-0.0,420480,-0.0,0.0,-0.7101344466209412,0.0,0.0,0.0,0.0,106,3.109281712715386,1.0,0.14776784425847372,0.0,0.0,0.0,-0.7534292340278625,CityLearnV3MADRLRewardFunction,maac_unified_comparable_v4,E1,-0.0,1907,14.136634167861116,1.0,0.1662090352917599,0.0,10
8,0.0,0.0,0.0,0.0,Building_10,9,MAAC,0.7463780045509338,False,0.0,0.0,0.0,0.70499187707901,48,0,0.0,0.0,-0.0,420480,-0.0,0.0,-0.7534237504005432,0.0,0.0,0.0,0.0,78,2.9887783913686183,1.0,0.19230427600156802,0.0,0.0,0.0,-0.7534292340278625,CityLearnV3MADRLRewardFunction,maac_unified_comparable_v4,E1,-0.0,1907,14.136634167861116,1.0,0.1662090352917599,0.0,10
5,0.0,0.0,0.0,0.0,Building_11,10,MAAC,0.7463780045509338,False,0.0,0.0,0.0,0.70499187707901,48,0,0.0,0.0,-0.0,420480,-0.0,0.0,-0.7793326377868652,0.0,0.0,0.0,0.0,57,3.6649737853363535,1.0,0.37020256876814783,0.0,0.0,0.0,-0.7534292340278625,CityLearnV3MADRLRewardFunction,maac_unified_comparable_v4,E1,-0.0,1907,14.136634167861116,1.0,0.1662090352917599,0.0,10
5,0.0,0.0,0.0,0.0,Building_12,11,MAAC,0.7463780045509338,False,0.0,0.0,0.0,0.70499187707901,48,0,0.0,0.0,-0.0,420480,-0.0,0.0,-0.7750225067138672,0.0,0.0,0.0,0.0,57,3.895918195304221,1.0,0.40909492077403947,0.0,0.0,0.0,-0.7534292340278625,CityLearnV3MADRLRewardFunction,maac_unified_comparable_v4,E1,-0.0,1907,14.136634167861116,1.0,0.1662090352917599,0.0,10
13,0.0,0.0,0.0,0.0,Building_13,12,MAAC,0.7463780045509338,False,0.0,0.0,0.0,0.70499187707901,48,0,0.0,0.0,-0.0,420480,-0.0,0.0,-0.6934778690338135,0.0,0.0,0.0,0.0,113,3.0267588350849386,1.0,0.13367558011900535,0.0,0.0,0.0,-0.7534292340278625,CityLearnV3MADRLRewardFunction,maac_unified_comparable_v4,E1,-0.0,1907,14.136634167861116,1.0,0.1662090352917599,0.0,10
6,0.0,0.0,0.0,0.0,Building_14,13,MAAC,0.7463780045509338,False,0.0,0.0,0.0,0.70499187707901,48,0,0.0,0.0,-0.0,420480,-0.0,0.0,-0.6590732932090759,0.0,0.0,0.0,0.0,64,4.06315017960398,1.0,0.39032375111128204,0.0,0.0,0.0,-0.7534292340278625,CityLearnV3MADRLRewardFunction,maac_unified_comparable_v4,E1,-0.0,1907,14.136634167861116,1.0,0.1662090352917599,0.0,10
10,1.0,0.0,-0.1,-1.0,Building_15,14,MAAC,0.7463780045509338,False,0.0,0.0,0.0,0.70499187707901,48,0,0.0,0.0,-0.0,420480,-0.0,0.0,-0.7469795346260071,0.0,0.0,0.0,0.0,92,3.007322165200052,1.0,0.162774337273415,0.0,0.0,0.0,-0.7534292340278625,CityLearnV3MADRLRewardFunction,maac_unified_comparable_v4,E1,-0.0,1907,14.136634167861116,1.0,0.1662090352917599,0.0,10
13,1.0,1.0,0.07692307692307693,0.0,Building_16,15,MAAC,0.7463780045509338,False,0.0,0.0,0.0,0.70499187707901,48,0,0.0,0.0,-0.0,420480,-0.0,0.0,-0.7752694487571716,0.0,0.0,0.0,0.0,113,2.9788903513132707,1.0,0.13212884298270255,0.0,0.0,0.0,-0.7534292340278625,CityLearnV3MADRLRewardFunction,maac_unified_comparable_v4,E1,-0.0,1907,14.136634167861116,1.0,0.1662090352917599,0.0,10
13,0.0,0.0,0.0,0.0,Building_17,16,MAAC,0.7463780045509338,False,0.0,0.0,0.0,0.70499187707901,48,0,0.0,0.0,-0.0,420480,-0.0,0.0,-0.7758676409721375,0.0,0.0,0.0,0.0,113,3.036540683589593,1.0,0.13574549573910447,0.0,0.0,0.0,-0.7534292340278625,CityLearnV3MADRLRewardFunction,maac_unified_comparable_v4,E1,-0.0,1907,14.136634167861116,1.0,0.1662090352917599,0.0,10
6,0.0,0.0,0.0,0.0,Building_1,0,MAAC,0.7900000214576721,True,0.0,0.0,0.0,0.32958081364631653,48,8749,0.0,0.0,-0.0,429229,0.0,391.586669921875,-0.8045759201049805,179.1614532470703,309.3534851074219,391.586669921875,391.586669921875,64,3.2872681114362154,1.0,0.2187377088703215,0.0,0.0,0.0,-0.7593317031860352,CityLearnV3MADRLRewardFunction,maac_unified_comparable_v4,E1,-0.0,1907,14.16837680481281,1.0,0.13256171282417936,0.0,8759
8,1.0,1.0,0.125,0.0,Building_2,1,MAAC,0.7900000214576721,True,0.0,0.0,0.0,0.32958081364631653,48,8749,0.0,0.0,-0.0,429229,0.0,0.1848604530096054,-0.6995905041694641,0.08457864075899124,0.14603976905345917,0.1848604530096054,0.1848604530096054,78,3.4413588855428765,1.0,0.1885304962977385,0.0,0.0,0.0,-0.7593317031860352,CityLearnV3MADRLRewardFunction,maac_unified_comparable_v4,E1,-0.0,1907,14.16837680481281,1.0,0.13256171282417936,0.0,8759
10,0.0,0.0,0.0,0.0,Building_3,2,MAAC,0.7900000214576721,True,0.0,0.0,0.0,0.32958081364631653,48,8749,0.0,0.0,-0.0,429229,0.0,39.0087890625,-0.7901898622512817,17.847572326660156,30.816944122314453,39.0087890625,39.0087890625,92,3.3035968898996004,1.0,0.1535754446750102,0.0,0.0,0.0,-0.7593317031860352,CityLearnV3MADRLRewardFunction,maac_unified_comparable_v4,E1,-0.0,1907,14.16837680481281,1.0,0.13256171282417936,0.0,8759
8,0.0,0.0,0.0,0.0,Building_4,3,MAAC,0.7900000214576721,True,0.0,0.0,0.0,0.32958081364631653,48,8749,0.0,0.0,-0.0,429229,0.0,36.67196273803711,-0.7923060655593872,16.778411865234375,28.97085189819336,36.67196273803711,36.67196273803711,78,3.402646974405413,1.0,0.18643452036075103,0.0,0.0,0.0,-0.7593317031860352,CityLearnV3MADRLRewardFunction,maac_unified_comparable_v4,E1,-0.0,1907,14.16837680481281,1.0,0.13256171282417936,0.0,8759
5,0.0,0.0,0.0,0.0,Building_5,4,MAAC,0.7900000214576721,True,0.0,0.0,0.0,0.32958081364631653,48,8749,0.0,0.0,-0.0,429229,0.0,54.225337982177734,-0.8355456590652466,24.809553146362305,42.838016510009766,54.225337982177734,54.225337982177734,57,3.5832140331926117,1.0,0.2941031531806578,0.0,0.0,0.0,-0.7593317031860352,CityLearnV3MADRLRewardFunction,maac_unified_comparable_v4,E1,-0.0,1907,14.16837680481281,1.0,0.13256171282417936,0.0,8759
34,0.0,0.0,0.0,0.0,Building_6,5,MAAC,0.7900000214576721,True,0.0,0.0,0.0,0.32958081364631653,48,8749,0.0,0.0,-0.0,429229,0.0,348.8946838378906,-0.8097209930419922,159.62872314453125,275.6268005371094,348.8946838378906,348.8946838378906,260,3.354093561218862,1.0,0.05525430062642464,0.0,0.0,0.0,-0.7593317031860352,CityLearnV3MADRLRewardFunction,maac_unified_comparable_v4,E1,-0.0,1907,14.16837680481281,1.0,0.13256171282417936,0.0,8759
44,1.0,1.0,0.022727272727272728,0.0,Building_7,6,MAAC,0.7900000214576721,True,0.0,0.0,0.0,0.32958081364631653,48,8749,0.0,0.0,-0.0,429229,0.0,2.9800853729248047,-0.7120765447616577,1.3634693622589111,2.3542675971984863,2.9800853729248047,2.9800853729248047,330,3.475338699658807,1.0,0.045143831837357894,0.0,0.0,0.0,-0.7593317031860352,CityLearnV3MADRLRewardFunction,maac_unified_comparable_v4,E1,-0.0,1907,14.16837680481281,1.0,0.13256171282417936,0.0,8759
19,0.0,0.0,0.0,0.0,Building_8,7,MAAC,0.7900000214576721,True,0.0,0.0,0.0,0.32958081364631653,48,8749,0.0,0.0,-0.0,429229,0.0,6.19936990737915,-0.7247148752212524,2.836378812789917,4.897502422332764,6.19936990737915,6.19936990737915,155,3.3897392208810078,1.0,0.09389579767181028,0.0,0.0,0.0,-0.7593317031860352,CityLearnV3MADRLRewardFunction,maac_unified_comparable_v4,E1,-0.0,1907,14.16837680481281,1.0,0.13256171282417936,0.0,8759
12,0.0,0.0,0.0,0.0,Building_9,8,MAAC,0.7900000214576721,True,0.0,0.0,0.0,0.32958081364631653,48,8749,0.0,0.0,-0.0,429229,0.0,2.1350696086883545,-0.6909887194633484,0.9768518805503845,1.6867049932479858,2.1350696086883545,2.1350696086883545,106,3.707180838004767,1.0,0.16077229240030613,0.0,0.0,0.0,-0.7593317031860352,CityLearnV3MADRLRewardFunction,maac_unified_comparable_v4,E1,-0.0,1907,14.16837680481281,1.0,0.13256171282417936,0.0,8759
8,0.0,0.0,0.0,0.0,Building_10,9,MAAC,0.7900000214576721,True,0.0,0.0,0.0,0.32958081364631653,48,8749,0.0,0.0,-0.0,429229,0.0,16.451881408691406,-0.7613053321838379,7.52717924118042,12.996986389160156,16.451881408691406,16.451881408691406,78,3.44694647483095,1.0,0.189776784238907,0.0,0.0,0.0,-0.7593317031860352,CityLearnV3MADRLRewardFunction,maac_unified_comparable_v4,E1,-0.0,1907,14.16837680481281,1.0,0.13256171282417936,0.0,8759
5,0.0,0.0,0.0,0.0,Building_11,10,MAAC,0.7900000214576721,True,0.0,0.0,0.0,0.32958081364631653,48,8749,0.0,0.0,-0.0,429229,0.0,66.45198059082031,-0.798097550868988,30.40357208251953,52.497066497802734,66.45198059082031,66.45198059082031,57,3.3779981702017525,1.0,0.25311285780187237,0.0,0.0,0.0,-0.7593317031860352,CityLearnV3MADRLRewardFunction,maac_unified_comparable_v4,E1,-0.0,1907,14.16837680481281,1.0,0.13256171282417936,0.0,8759
5,0.0,0.0,0.0,0.0,Building_12,11,MAAC,0.7900000214576721,True,0.0,0.0,0.0,0.32958081364631653,48,8749,0.0,0.0,-0.0,429229,0.0,155.388671875,-0.8089245557785034,71.0945053100586,122.7570571899414,155.388671875,155.388671875,57,3.4346538767406316,1.0,0.26068221189473806,0.0,0.0,0.0,-0.7593317031860352,CityLearnV3MADRLRewardFunction,maac_unified_comparable_v4,E1,-0.0,1907,14.16837680481281,1.0,0.13256171282417936,0.0,8759
13,0.0,0.0,0.0,0.0,Building_13,12,MAAC,0.7900000214576721,True,0.0,0.0,0.0,0.32958081364631653,48,8749,0.0,0.0,-0.0,429229,0.0,0.1047736182808876,-0.6992436051368713,0.04793675243854523,0.08277115970849991,0.1047736182808876,0.1047736182808876,113,3.4970710619817766,1.0,0.1321257553269378,0.0,0.0,0.0,-0.7593317031860352,CityLearnV3MADRLRewardFunction,maac_unified_comparable_v4,E1,-0.0,1907,14.16837680481281,1.0,0.13256171282417936,0.0,8759
6,0.0,0.0,0.0,0.0,Building_14,13,MAAC,0.7900000214576721,True,0.0,0.0,0.0,0.32958081364631653,48,8749,0.0,0.0,-0.0,429229,0.0,1.3521205186843872,-0.7048604488372803,0.6186316013336182,1.068175196647644,1.3521205186843872,1.3521205186843872,64,3.4933270330467296,1.0,0.23311110027134418,0.0,0.0,0.0,-0.7593317031860352,CityLearnV3MADRLRewardFunction,maac_unified_comparable_v4,E1,-0.0,1907,14.16837680481281,1.0,0.13256171282417936,0.0,8759
10,1.0,1.0,0.1,0.0,Building_15,14,MAAC,0.7900000214576721,True,0.0,0.0,0.0,0.32958081364631653,48,8749,0.0,0.0,-0.0,429229,0.0,15.147623062133789,-0.7548235058784485,6.930445671081543,11.966622352600098,15.147623062133789,15.147623062133789,92,3.3997562260022773,1.0,0.15896888563166495,0.0,0.0,0.0,-0.7593317031860352,CityLearnV3MADRLRewardFunction,maac_unified_comparable_v4,E1,-0.0,1907,14.16837680481281,1.0,0.13256171282417936,0.0,8759
13,0.0,0.0,0.0,0.0,Building_16,15,MAAC,0.7900000214576721,True,0.0,0.0,0.0,0.32958081364631653,48,8749,0.0,0.0,-0.0,429229,0.0,11.957420349121094,-0.7454249858856201,5.470841884613037,9.446362495422363,11.957420349121094,11.957420349121094,113,3.3228556845101744,1.0,0.12386529806968385,0.0,0.0,0.0,-0.7593317031860352,CityLearnV3MADRLRewardFunction,maac_unified_comparable_v4,E1,-0.0,1907,14.16837680481281,1.0,0.13256171282417936,0.0,8759
13,0.0,0.0,0.0,0.0,Building_17,16,MAAC,0.7900000214576721,True,0.0,0.0,0.0,0.32958081364631653,48,8749,0.0,0.0,-0.0,429229,0.0,23.087642669677734,-0.7762497067451477,10.56321907043457,18.239238739013672,23.087642669677734,23.087642669677734,113,3.4755548637010367,1.0,0.13483576700750705,0.0,0.0,0.0,-0.7593317031860352,CityLearnV3MADRLRewardFunction,maac_unified_comparable_v4,E1,-0.0,1907,14.16837680481281,1.0,0.13256171282417936,0.0,8759
6,0.0,0.0,0.0,0.0,Building_1,0,MAAC,0.7080339789390564,False,0.0,0.0,0.0,0.6272557377815247,49,0,0.0,0.0,-0.0,429240,-0.0,0.0,-0.8706932663917542,0.0,0.0,0.0,0.0,64,3.1367492886984185,0.9330127239227295,0.2452474609017372,0.0,-0.0,84.35050670967101,-0.8457818627357483,CityLearnV3MADRLRewardFunction,maac_unified_comparable_v4,E1,-84.35050670967101,1907,14.482967599767875,1.0,0.16760032431808056,0.0,11
8,0.0,0.0,0.0,0.0,Building_2,1,MAAC,0.7080339789390564,False,0.0,0.0,0.0,0.6272557377815247,49,0,0.0,0.0,-0.0,429240,-0.0,0.0,-0.7997516989707947,0.0,0.0,0.0,0.0,78,3.0085068855848918,0.9695616960525513,0.18480965963158852,0.0,-0.0,48.339140625,-0.8457818627357483,CityLearnV3MADRLRewardFunction,maac_unified_comparable_v4,E1,-48.339140625,1907,14.482967599767875,1.0,0.16760032431808056,0.0,11
10,0.0,0.0,0.0,0.0,Building_3,2,MAAC,0.7080339789390564,False,0.0,0.0,0.0,0.6272557377815247,49,0,0.0,0.0,-0.0,429240,-0.0,0.0,-0.9276435375213623,0.0,0.0,0.0,0.0,92,4.171483716436024,1.0,0.2755054015585262,0.0,-0.0,32.50221773262024,-0.8457818627357483,CityLearnV3MADRLRewardFunction,maac_unified_comparable_v4,E1,-32.50221773262024,1907,14.482967599767875,1.0,0.16760032431808056,0.0,11
8,1.0,1.0,0.125,0.0,Building_4,3,MAAC,0.7080339789390564,False,0.0,0.0,0.0,0.6272557377815247,49,0,0.0,0.0,-0.0,429240,-0.0,0.0,-0.8674605488777161,0.0,0.0,0.0,0.0,78,3.8375551183532317,1.0,0.283807771686369,0.0,-0.0,14.66307163925171,-0.8457818627357483,CityLearnV3MADRLRewardFunction,maac_unified_comparable_v4,E1,-14.66307163925171,1907,14.482967599767875,1.0,0.16760032431808056,0.0,11
5,0.0,0.0,0.0,0.0,Building_5,4,MAAC,0.7080339789390564,False,0.0,0.0,0.0,0.6272557377815247,49,0,0.0,0.0,-0.0,429240,-0.0,0.0,-0.8575639128684998,0.0,0.0,0.0,0.0,57,3.357681502086409,1.0,0.30665524527757315,0.0,-0.0,4.613323602485657,-0.8457818627357483,CityLearnV3MADRLRewardFunction,maac_unified_comparable_v4,E1,-4.613323602485657,1907,14.482967599767875,1.0,0.16760032431808056,0.0,11
34,1.0,1.0,0.029411764705882353,0.0,Building_6,5,MAAC,0.7080339789390564,False,0.0,0.0,0.0,0.6272557377815247,49,0,0.0,0.0,-0.0,429240,-0.0,0.0,-0.8224661946296692,0.0,0.0,0.0,0.0,260,5.40193675380454,1.0,0.15595039535457125,0.0,-0.0,128.44831029052733,-0.8457818627357483,CityLearnV3MADRLRewardFunction,maac_unified_comparable_v4,E1,-128.44831029052733,1907,14.482967599767875,1.0,0.16760032431808056,0.0,11
44,1.0,1.0,0.022727272727272728,0.0,Building_7,6,MAAC,0.7080339789390564,False,0.0,0.0,0.0,0.6272557377815247,49,0,0.0,0.0,-0.0,429240,-0.0,0.0,-0.8372853398323059,0.0,0.0,0.0,0.0,330,3.0141602258908713,0.9330127239227295,0.04376558531357935,0.0,-0.0,43.44595394039154,-0.8457818627357483,CityLearnV3MADRLRewardFunction,maac_unified_comparable_v4,E1,-43.44595394039154,1907,14.482967599767875,1.0,0.16760032431808056,0.0,11
19,0.0,0.0,0.0,0.0,Building_8,7,MAAC,0.7080339789390564,False,0.0,0.0,0.0,0.6272557377815247,49,0,0.0,0.0,-0.0,429240,-0.0,0.0,-0.833662748336792,0.0,0.0,0.0,0.0,155,3.029296895067365,0.9521550536155701,0.09361967164422236,0.0,-0.0,130.93505906333922,-0.8457818627357483,CityLearnV3MADRLRewardFunction,maac_unified_comparable_v4,E1,-130.93505906333922,1907,14.482967599767875,1.0,0.16760032431808056,0.0,11
12,0.0,0.0,0.0,0.0,Building_9,8,MAAC,0.7080339789390564,False,0.0,0.0,0.0,0.6272557377815247,49,0,0.0,0.0,-0.0,429240,-0.0,0.0,-0.7829138040542603,0.0,0.0,0.0,0.0,106,3.183226661324848,0.9784790277481079,0.1485778692020279,0.0,-0.0,23.13917668571472,-0.8457818627357483,CityLearnV3MADRLRewardFunction,maac_unified_comparable_v4,E1,-23.13917668571472,1907,14.482967599767875,1.0,0.16760032431808056,0.0,11
8,0.0,0.0,0.0,0.0,Building_10,9,MAAC,0.7080339789390564,False,0.0,0.0,0.0,0.6272557377815247,49,0,0.0,0.0,-0.0,429240,-0.0,0.0,-0.8695914149284363,0.0,0.0,0.0,0.0,78,3.008795671543965,0.9330127239227295,0.18821307742753282,0.0,-0.0,86.31360283069611,-0.8457818627357483,CityLearnV3MADRLRewardFunction,maac_unified_comparable_v4,E1,-86.31360283069611,1907,14.482967599767875,1.0,0.16760032431808056,0.0,11
5,0.0,0.0,0.0,0.0,Building_11,10,MAAC,0.7080339789390564,False,0.0,0.0,0.0,0.6272557377815247,49,0,0.0,0.0,-0.0,429240,-0.0,0.0,-0.8507913947105408,0.0,0.0,0.0,0.0,57,3.6956303648403175,1.0,0.3614012777086413,0.0,-0.0,248.94499459075928,-0.8457818627357483,CityLearnV3MADRLRewardFunction,maac_unified_comparable_v4,E1,-248.94499459075928,1907,14.482967599767875,1.0,0.16760032431808056,0.0,11
5,0.0,0.0,0.0,0.0,Building_12,11,MAAC,0.7080339789390564,False,0.0,0.0,0.0,0.6272557377815247,49,0,0.0,0.0,-0.0,429240,-0.0,0.0,-0.8482078909873962,0.0,0.0,0.0,0.0,57,3.9561791111839844,1.0,0.4077803279158839,0.0,-0.0,112.35388085365295,-0.8457818627357483,CityLearnV3MADRLRewardFunction,maac_unified_comparable_v4,E1,-112.35388085365295,1907,14.482967599767875,1.0,0.16760032431808056,0.0,11
13,0.0,0.0,0.0,0.0,Building_13,12,MAAC,0.7080339789390564,False,0.0,0.0,0.0,0.6272557377815247,49,0,0.0,0.0,-0.0,429240,-0.0,0.0,-0.8104342222213745,0.0,0.0,0.0,0.0,113,3.0223432561346186,0.9330127239227295,0.12806587859131066,0.0,-0.0,14.889497901916503,-0.8457818627357483,CityLearnV3MADRLRewardFunction,maac_unified_comparable_v4,E1,-14.889497901916503,1907,14.482967599767875,1.0,0.16760032431808056,0.0,11
6,0.0,0.0,0.0,0.0,Building_14,13,MAAC,0.7080339789390564,False,0.0,0.0,0.0,0.6272557377815247,49,0,0.0,0.0,-0.0,429240,-0.0,0.0,-0.8521283864974976,0.0,0.0,0.0,0.0,64,3.789799322894242,1.0,0.33776388978003524,0.0,-0.0,109.34438346672057,-0.8457818627357483,CityLearnV3MADRLRewardFunction,maac_unified_comparable_v4,E1,-109.34438346672057,1907,14.482967599767875,1.0,0.16760032431808056,0.0,11
10,0.0,0.0,0.0,0.0,Building_15,14,MAAC,0.7080339789390564,False,0.0,0.0,0.0,0.6272557377815247,49,0,0.0,0.0,-0.0,429240,-0.0,0.0,-0.8401331305503845,0.0,0.0,0.0,0.0,92,3.039647852600348,0.9605821371078491,0.15979206290743922,0.0,-0.0,57.13341715240479,-0.8457818627357483,CityLearnV3MADRLRewardFunction,maac_unified_comparable_v4,E1,-57.13341715240479,1907,14.482967599767875,1.0,0.16760032431808056,0.0,11
13,0.0,0.0,0.0,0.0,Building_16,15,MAAC,0.7080339789390564,False,0.0,0.0,0.0,0.6272557377815247,49,0,0.0,0.0,-0.0,429240,-0.0,0.0,-0.8556592464447021,0.0,0.0,0.0,0.0,113,2.9777567968865557,0.9330127239227295,0.12573770099047538,0.0,-0.0,59.749703645324715,-0.8457818627357483,CityLearnV3MADRLRewardFunction,maac_unified_comparable_v4,E1,-59.749703645324715,1907,14.482967599767875,1.0,0.16760032431808056,0.0,11
13,1.0,1.0,0.07692307692307693,0.0,Building_17,16,MAAC,0.7080339789390564,False,0.0,0.0,0.0,0.6272557377815247,49,0,0.0,0.0,-0.0,429240,-0.0,0.0,-0.8519050478935242,0.0,0.0,0.0,0.0,113,3.1500373213989197,0.9330127239227295,0.13954328706042957,0.0,-0.0,9.348458114433289,-0.8457818627357483,CityLearnV3MADRLRewardFunction,maac_unified_comparable_v4,E1,-9.348458114433289,1907,14.482967599767875,1.0,0.16760032431808056,0.0,11
6,0.0,0.0,0.0,0.0,Building_1,0,MAAC,0.7900000214576721,True,0.0,0.0,0.0,0.28695225715637207,49,8748,0.0,0.0,-0.0,437988,0.0,433.45458984375,-0.8339030146598816,172.66647338867188,342.42913818359375,433.45458984375,433.45458984375,64,3.17843636839526,1.0,0.20820422016549855,0.0,0.0,0.0,-0.7994440793991089,CityLearnV3MADRLRewardFunction,maac_unified_comparable_v4,E1,-0.0,1907,13.739536258577186,1.0,0.12610638221920192,0.0,8759
8,0.0,0.0,0.0,0.0,Building_2,1,MAAC,0.7900000214576721,True,0.0,0.0,0.0,0.28695225715637207,49,8748,0.0,0.0,-0.0,437988,0.0,15.16435432434082,-0.7826434373855591,6.040714740753174,11.979840278625488,15.16435432434082,15.16435432434082,78,3.299514144994483,1.0,0.17809959491476035,0.0,0.0,0.0,-0.7994440793991089,CityLearnV3MADRLRewardFunction,maac_unified_comparable_v4,E1,-0.0,1907,13.739536258577186,1.0,0.12610638221920192,0.0,8759
10,0.0,0.0,0.0,0.0,Building_3,2,MAAC,0.7900000214576721,True,0.0,0.0,0.0,0.28695225715637207,49,8748,0.0,0.0,-0.0,437988,0.0,94.53981018066406,-0.8220386505126953,37.65989685058594,74.68645477294922,94.53981018066406,94.53981018066406,92,3.195920885640346,1.0,0.14368496114469093,0.0,0.0,0.0,-0.7994440793991089,CityLearnV3MADRLRewardFunction,maac_unified_comparable_v4,E1,-0.0,1907,13.739536258577186,1.0,0.12610638221920192,0.0,8759
8,0.0,0.0,0.0,0.0,Building_4,3,MAAC,0.7900000214576721,True,0.0,0.0,0.0,0.28695225715637207,49,8748,0.0,0.0,-0.0,437988,0.0,31.04317283630371,-0.8154266476631165,12.366035461425781,24.524106979370117,31.04317283630371,31.04317283630371,78,3.3302535049627604,1.0,0.17902115780191544,0.0,0.0,0.0,-0.7994440793991089,CityLearnV3MADRLRewardFunction,maac_unified_comparable_v4,E1,-0.0,1907,13.739536258577186,1.0,0.12610638221920192,0.0,8759
5,0.0,0.0,0.0,0.0,Building_5,4,MAAC,0.7900000214576721,True,0.0,0.0,0.0,0.28695225715637207,49,8748,0.0,0.0,-0.0,437988,0.0,38.538970947265625,-0.8556821346282959,15.351984024047852,30.44578742980957,38.538970947265625,38.538970947265625,57,3.516506438307981,1.0,0.2847655965832242,0.0,0.0,0.0,-0.7994440793991089,CityLearnV3MADRLRewardFunction,maac_unified_comparable_v4,E1,-0.0,1907,13.739536258577186,1.0,0.12610638221920192,0.0,8759
34,0.0,0.0,0.0,0.0,Building_6,5,MAAC,0.7900000214576721,True,0.0,0.0,0.0,0.28695225715637207,49,8748,0.0,0.0,-0.0,437988,0.0,362.8901062011719,-0.8323439359664917,144.55712890625,286.6831970214844,362.8901062011719,362.8901062011719,260,3.1757326124995453,1.0,0.05049145511136605,0.0,0.0,0.0,-0.7994440793991089,CityLearnV3MADRLRewardFunction,maac_unified_comparable_v4,E1,-0.0,1907,13.739536258577186,1.0,0.12610638221920192,0.0,8759
44,0.0,0.0,0.0,0.0,Building_7,6,MAAC,0.7900000214576721,True,0.0,0.0,0.0,0.28695225715637207,49,8748,0.0,0.0,-0.0,437988,0.0,12.664111137390137,-0.7778375744819641,5.044743537902832,10.004648208618164,12.664111137390137,12.664111137390137,330,3.3825820316383246,1.0,0.04334950049718221,0.0,0.0,0.0,-0.7994440793991089,CityLearnV3MADRLRewardFunction,maac_unified_comparable_v4,E1,-0.0,1907,13.739536258577186,1.0,0.12610638221920192,0.0,8759
19,1.0,1.0,0.05263157894736842,0.0,Building_8,7,MAAC,0.7900000214576721,True,0.0,0.0,0.0,0.28695225715637207,49,8748,0.0,0.0,-0.0,437988,0.0,12.065996170043945,-0.7741984128952026,4.806484699249268,9.532136917114258,12.065996170043945,12.065996170043945,155,3.335597718589773,1.0,0.09186448450050046,0.0,0.0,0.0,-0.7994440793991089,CityLearnV3MADRLRewardFunction,maac_unified_comparable_v4,E1,-0.0,1907,13.739536258577186,1.0,0.12610638221920192,0.0,8759
12,0.0,0.0,0.0,0.0,Building_9,8,MAAC,0.7900000214576721,True,0.0,0.0,0.0,0.28695225715637207,49,8748,0.0,0.0,-0.0,437988,0.0,2.290161371231079,-0.7198242545127869,0.9122849106788635,1.8092275857925415,2.290161371231079,2.290161371231079,106,3.5987903678501048,1.0,0.15376677174332007,0.0,0.0,0.0,-0.7994440793991089,CityLearnV3MADRLRewardFunction,maac_unified_comparable_v4,E1,-0.0,1907,13.739536258577186,1.0,0.12610638221920192,0.0,8759
8,1.0,1.0,0.125,0.0,Building_10,9,MAAC,0.7900000214576721,True,0.0,0.0,0.0,0.28695225715637207,49,8748,0.0,0.0,-0.0,437988,0.0,51.649574279785156,-0.827663004398346,20.574588775634766,40.803165435791016,51.649574279785156,51.649574279785156,78,3.3815033386388307,1.0,0.18369918746443895,0.0,0.0,0.0,-0.7994440793991089,CityLearnV3MADRLRewardFunction,maac_unified_comparable_v4,E1,-0.0,1907,13.739536258577186,1.0,0.12610638221920192,0.0,8759
5,0.0,0.0,0.0,0.0,Building_11,10,MAAC,0.7900000214576721,True,0.0,0.0,0.0,0.28695225715637207,49,8748,0.0,0.0,-0.0,437988,0.0,71.54803466796875,-0.8206756114959717,28.501131057739258,56.52294921875,71.54803466796875,71.54803466796875,57,3.2440832583141903,1.0,0.2358612041070796,0.0,0.0,0.0,-0.7994440793991089,CityLearnV3MADRLRewardFunction,maac_unified_comparable_v4,E1,-0.0,1907,13.739536258577186,1.0,0.12610638221920192,0.0,8759
5,0.0,0.0,0.0,0.0,Building_12,11,MAAC,0.7900000214576721,True,0.0,0.0,0.0,0.28695225715637207,49,8748,0.0,0.0,-0.0,437988,0.0,215.11593627929688,-0.8379236459732056,85.69135284423828,169.94158935546875,215.11593627929688,215.11593627929688,57,3.339160010047195,1.0,0.24988346233179695,0.0,0.0,0.0,-0.7994440793991089,CityLearnV3MADRLRewardFunction,maac_unified_comparable_v4,E1,-0.0,1907,13.739536258577186,1.0,0.12610638221920192,0.0,8759
13,0.0,0.0,0.0,0.0,Building_13,12,MAAC,0.7900000214576721,True,0.0,0.0,0.0,0.28695225715637207,49,8748,0.0,0.0,-0.0,437988,0.0,2.033022403717041,-0.7362034320831299,0.8098536729812622,1.6060876846313477,2.033022403717041,2.033022403717041,113,3.4038073707200014,1.0,0.1262332559027503,0.0,0.0,0.0,-0.7994440793991089,CityLearnV3MADRLRewardFunction,maac_unified_comparable_v4,E1,-0.0,1907,13.739536258577186,1.0,0.12610638221920192,0.0,8759
6,0.0,0.0,0.0,0.0,Building_14,13,MAAC,0.7900000214576721,True,0.0,0.0,0.0,0.28695225715637207,49,8748,0.0,0.0,-0.0,437988,0.0,2.6149511337280273,-0.7386851906776428,1.041664719581604,2.0658113956451416,2.6149511337280273,2.6149511337280273,64,3.3508990937310625,1.0,0.2195593271171674,0.0,0.0,0.0,-0.7994440793991089,CityLearnV3MADRLRewardFunction,maac_unified_comparable_v4,E1,-0.0,1907,13.739536258577186,1.0,0.12610638221920192,0.0,8759
10,0.0,0.0,0.0,0.0,Building_15,14,MAAC,0.7900000214576721,True,0.0,0.0,0.0,0.28695225715637207,49,8748,0.0,0.0,-0.0,437988,0.0,19.521480560302734,-0.7938084006309509,7.776374340057373,15.42197036743164,19.521480560302734,19.521480560302734,92,3.340077310923435,1.0,0.1548744698419519,0.0,0.0,0.0,-0.7994440793991089,CityLearnV3MADRLRewardFunction,maac_unified_comparable_v4,E1,-0.0,1907,13.739536258577186,1.0,0.12610638221920192,0.0,8759
13,0.0,0.0,0.0,0.0,Building_16,15,MAAC,0.7900000214576721,True,0.0,0.0,0.0,0.28695225715637207,49,8748,0.0,0.0,-0.0,437988,0.0,54.89390563964844,-0.8189647793769836,21.866966247558594,43.366188049316406,54.89390563964844,54.89390563964844,113,3.2143965770130665,1.0,0.11779230569316222,0.0,0.0,0.0,-0.7994440793991089,CityLearnV3MADRLRewardFunction,maac_unified_comparable_v4,E1,-0.0,1907,13.739536258577186,1.0,0.12610638221920192,0.0,8759
13,0.0,0.0,0.0,0.0,Building_17,16,MAAC,0.7900000214576721,True,0.0,0.0,0.0,0.28695225715637207,49,8748,0.0,0.0,-0.0,437988,0.0,22.46647071838379,-0.8027264475822449,8.949509620666504,17.748512268066406,22.46647071838379,22.46647071838379,113,3.331534810910744,1.0,0.12381611533660804,0.0,0.0,0.0,-0.7994440793991089,CityLearnV3MADRLRewardFunction,maac_unified_comparable_v4,E1,-0.0,1907,13.739536258577186,1.0,0.12610638221920192,0.0,8759
